instance id,request id,model,input,output,arrival,end_time,latency,queuing_delay,TTFT,TPOT,ITL
0,0,meta-llama/Llama-3.1-8B-mini4L,2048,4,0,48300216,48300216,1,11564213,12245334,"[11580226, 12555980, 12599797]"
0,1,meta-llama/Llama-3.1-8B-mini4L,2048,4,0,73539184,73539184,23144439,35700419,12612921,"[12599797, 12599045, 12639923]"
0,2,meta-llama/Llama-3.1-8B-mini4L,2048,4,0,86178055,86178055,35700419,48300216,12625946,"[12599045, 12639923, 12638871]"
0,3,meta-llama/Llama-3.1-8B-mini4L,2048,4,0,98815870,98815870,48300216,60899261,12638869,"[12639923, 12638871, 12637815]"
0,4,meta-llama/Llama-3.1-8B-mini4L,2048,4,0,111452629,111452629,60899261,73539184,12637815,"[12638871, 12637815, 12636759]"
0,5,meta-llama/Llama-3.1-8B-mini4L,2048,4,0,124088332,124088332,73539184,86178055,12636759,"[12637815, 12636759, 12635703]"
0,6,meta-llama/Llama-3.1-8B-mini4L,2048,4,0,136722975,136722975,86178055,98815870,12635701,"[12636759, 12635703, 12634643]"
0,7,meta-llama/Llama-3.1-8B-mini4L,2048,4,0,149356558,149356558,98815870,111452629,12634643,"[12635703, 12634643, 12633583]"
0,8,meta-llama/Llama-3.1-8B-mini4L,2048,4,0,161989077,161989077,111452629,124088332,12633581,"[12634643, 12633583, 12632519]"
0,9,meta-llama/Llama-3.1-8B-mini4L,2048,4,0,174620532,174620532,124088332,136722975,12632519,"[12633583, 12632519, 12631455]"
0,10,meta-llama/Llama-3.1-8B-mini4L,2048,4,0,187250923,187250923,136722975,149356558,12631455,"[12632519, 12631455, 12630391]"
0,11,meta-llama/Llama-3.1-8B-mini4L,2048,4,0,199880246,199880246,149356558,161989077,12630389,"[12631455, 12630391, 12629323]"
0,12,meta-llama/Llama-3.1-8B-mini4L,2048,4,0,212508497,212508497,161989077,174620532,12629321,"[12630391, 12629323, 12628251]"
0,13,meta-llama/Llama-3.1-8B-mini4L,2048,4,0,225135680,225135680,174620532,187250923,12628252,"[12629323, 12628251, 12627183]"
0,14,meta-llama/Llama-3.1-8B-mini4L,2048,4,0,237761791,237761791,187250923,199880246,12627181,"[12628251, 12627183, 12626111]"
0,15,meta-llama/Llama-3.1-8B-mini4L,2048,4,0,250386826,250386826,199880246,212508497,12626109,"[12627183, 12626111, 12625035]"
0,16,meta-llama/Llama-3.1-8B-mini4L,2048,4,0,263010789,263010789,212508497,225135680,12625036,"[12626111, 12625035, 12623963]"
0,17,meta-llama/Llama-3.1-8B-mini4L,2048,4,0,275633672,275633672,225135680,237761791,12623960,"[12625035, 12623963, 12622883]"
0,18,meta-llama/Llama-3.1-8B-mini4L,2048,4,0,288255479,288255479,237761791,250386826,12622884,"[12623963, 12622883, 12621807]"
0,19,meta-llama/Llama-3.1-8B-mini4L,2048,4,0,300876206,300876206,250386826,263010789,12621805,"[12622883, 12621807, 12620727]"
0,20,meta-llama/Llama-3.1-8B-mini4L,2048,4,0,313495849,313495849,263010789,275633672,12620725,"[12621807, 12620727, 12619643]"
0,21,meta-llama/Llama-3.1-8B-mini4L,2048,4,0,326114408,326114408,275633672,288255479,12619643,"[12620727, 12619643, 12618559]"
0,22,meta-llama/Llama-3.1-8B-mini4L,2048,4,0,338731883,338731883,288255479,300876206,12618559,"[12619643, 12618559, 12617475]"
0,23,meta-llama/Llama-3.1-8B-mini4L,2048,4,0,351348270,351348270,300876206,313495849,12617473,"[12618559, 12617475, 12616387]"
0,24,meta-llama/Llama-3.1-8B-mini4L,2048,4,0,363963569,363963569,313495849,326114408,12616387,"[12617475, 12616387, 12615299]"
0,25,meta-llama/Llama-3.1-8B-mini4L,2048,4,0,376577780,376577780,326114408,338731883,12615299,"[12616387, 12615299, 12614211]"
0,26,meta-llama/Llama-3.1-8B-mini4L,2048,4,0,389190899,389190899,338731883,351348270,12614209,"[12615299, 12614211, 12613119]"
0,27,meta-llama/Llama-3.1-8B-mini4L,2048,4,0,401802922,401802922,351348270,363963569,12613117,"[12614211, 12613119, 12612023]"
0,28,meta-llama/Llama-3.1-8B-mini4L,2048,4,0,414413853,414413853,363963569,376577780,12612024,"[12613119, 12612023, 12610931]"
0,29,meta-llama/Llama-3.1-8B-mini4L,2048,4,0,427023684,427023684,376577780,389190899,12610928,"[12612023, 12610931, 12609831]"
0,30,meta-llama/Llama-3.1-8B-mini4L,2048,4,0,439632419,439632419,389190899,401802922,12609832,"[12610931, 12609831, 12608735]"
0,31,meta-llama/Llama-3.1-8B-mini4L,2048,4,0,452240054,452240054,401802922,414413853,12608733,"[12609831, 12608735, 12607635]"
0,32,meta-llama/Llama-3.1-8B-mini4L,2048,4,0,464846585,464846585,414413853,427023684,12607633,"[12608735, 12607635, 12606531]"
0,33,meta-llama/Llama-3.1-8B-mini4L,2048,4,0,477452012,477452012,427023684,439632419,12606531,"[12607635, 12606531, 12605427]"
0,34,meta-llama/Llama-3.1-8B-mini4L,2048,4,0,490056335,490056335,439632419,452240054,12605427,"[12606531, 12605427, 12604323]"
0,35,meta-llama/Llama-3.1-8B-mini4L,2048,4,0,502659550,502659550,452240054,464846585,12604321,"[12605427, 12604323, 12603215]"
0,36,meta-llama/Llama-3.1-8B-mini4L,2048,4,0,515261657,515261657,464846585,477452012,12603215,"[12604323, 12603215, 12602107]"
0,37,meta-llama/Llama-3.1-8B-mini4L,2048,4,0,527862656,527862656,477452012,490056335,12602107,"[12603215, 12602107, 12600999]"
0,38,meta-llama/Llama-3.1-8B-mini4L,2048,4,0,540462543,540462543,490056335,502659550,12600997,"[12602107, 12600999, 12599887]"
0,39,meta-llama/Llama-3.1-8B-mini4L,2048,4,0,553061314,553061314,502659550,515261657,12599885,"[12600999, 12599887, 12598771]"
0,40,meta-llama/Llama-3.1-8B-mini4L,2048,4,0,565658969,565658969,515261657,527862656,12598771,"[12599887, 12598771, 12597655]"
0,41,meta-llama/Llama-3.1-8B-mini4L,2048,4,0,578255508,578255508,527862656,540462543,12597655,"[12598771, 12597655, 12596539]"
0,42,meta-llama/Llama-3.1-8B-mini4L,2048,4,0,590850927,590850927,540462543,553061314,12596537,"[12597655, 12596539, 12595419]"
0,43,meta-llama/Llama-3.1-8B-mini4L,2048,4,0,603445226,603445226,553061314,565658969,12595419,"[12596539, 12595419, 12594299]"
0,44,meta-llama/Llama-3.1-8B-mini4L,2048,4,0,616038401,616038401,565658969,578255508,12594297,"[12595419, 12594299, 12593175]"
0,45,meta-llama/Llama-3.1-8B-mini4L,2048,4,0,628630452,628630452,578255508,590850927,12593175,"[12594299, 12593175, 12592051]"
0,46,meta-llama/Llama-3.1-8B-mini4L,2048,4,0,641221379,641221379,590850927,603445226,12592051,"[12593175, 12592051, 12590927]"
0,47,meta-llama/Llama-3.1-8B-mini4L,2048,4,0,653811178,653811178,603445226,616038401,12590925,"[12592051, 12590927, 12589799]"
0,48,meta-llama/Llama-3.1-8B-mini4L,2048,4,0,666399845,666399845,616038401,628630452,12589797,"[12590927, 12589799, 12588667]"
0,49,meta-llama/Llama-3.1-8B-mini4L,2048,4,0,678987384,678987384,628630452,641221379,12588668,"[12589799, 12588667, 12587539]"
0,50,meta-llama/Llama-3.1-8B-mini4L,2048,4,0,691573787,691573787,641221379,653811178,12587536,"[12588667, 12587539, 12586403]"
0,51,meta-llama/Llama-3.1-8B-mini4L,2048,4,0,704159058,704159058,653811178,666399845,12586404,"[12587539, 12586403, 12585271]"
0,52,meta-llama/Llama-3.1-8B-mini4L,2048,4,0,716743189,716743189,666399845,678987384,12585268,"[12586403, 12585271, 12584131]"
0,53,meta-llama/Llama-3.1-8B-mini4L,2048,4,0,729326184,729326184,678987384,691573787,12584132,"[12585271, 12584131, 12582995]"
0,54,meta-llama/Llama-3.1-8B-mini4L,2048,4,0,741908039,741908039,691573787,704159058,12582993,"[12584131, 12582995, 12581855]"
0,55,meta-llama/Llama-3.1-8B-mini4L,2048,4,0,754488750,754488750,704159058,716743189,12581853,"[12582995, 12581855, 12580711]"
0,56,meta-llama/Llama-3.1-8B-mini4L,2048,4,0,767068317,767068317,716743189,729326184,12580711,"[12581855, 12580711, 12579567]"
0,57,meta-llama/Llama-3.1-8B-mini4L,2048,4,0,779646740,779646740,729326184,741908039,12579567,"[12580711, 12579567, 12578423]"
0,58,meta-llama/Llama-3.1-8B-mini4L,2048,4,0,792224015,792224015,741908039,754488750,12578421,"[12579567, 12578423, 12577275]"
0,59,meta-llama/Llama-3.1-8B-mini4L,2048,4,0,804800138,804800138,754488750,767068317,12577273,"[12578423, 12577275, 12576123]"
0,60,meta-llama/Llama-3.1-8B-mini4L,2048,4,0,817375109,817375109,767068317,779646740,12576123,"[12577275, 12576123, 12574971]"
0,61,meta-llama/Llama-3.1-8B-mini4L,2048,4,0,829948928,829948928,779646740,792224015,12574971,"[12576123, 12574971, 12573819]"
0,62,meta-llama/Llama-3.1-8B-mini4L,2048,4,0,842521591,842521591,792224015,804800138,12573817,"[12574971, 12573819, 12572663]"
0,63,meta-llama/Llama-3.1-8B-mini4L,2048,4,0,855093098,855093098,804800138,817375109,12572663,"[12573819, 12572663, 12571507]"
0,64,meta-llama/Llama-3.1-8B-mini4L,2048,4,0,867663445,867663445,817375109,829948928,12571505,"[12572663, 12571507, 12570347]"
0,65,meta-llama/Llama-3.1-8B-mini4L,2048,4,0,880232632,880232632,829948928,842521591,12570347,"[12571507, 12570347, 12569187]"
0,66,meta-llama/Llama-3.1-8B-mini4L,2048,4,0,892800655,892800655,842521591,855093098,12569185,"[12570347, 12569187, 12568023]"
0,67,meta-llama/Llama-3.1-8B-mini4L,2048,4,0,905367514,905367514,855093098,867663445,12568023,"[12569187, 12568023, 12566859]"
0,68,meta-llama/Llama-3.1-8B-mini4L,2048,4,0,917933209,917933209,867663445,880232632,12566859,"[12568023, 12566859, 12565695]"
0,69,meta-llama/Llama-3.1-8B-mini4L,2048,4,0,930497736,930497736,880232632,892800655,12565693,"[12566859, 12565695, 12564527]"
0,70,meta-llama/Llama-3.1-8B-mini4L,2048,4,0,943061091,943061091,892800655,905367514,12564525,"[12565695, 12564527, 12563355]"
0,71,meta-llama/Llama-3.1-8B-mini4L,2048,4,0,955623274,955623274,905367514,917933209,12563355,"[12564527, 12563355, 12562183]"
0,72,meta-llama/Llama-3.1-8B-mini4L,2048,4,0,968184285,968184285,917933209,930497736,12562183,"[12563355, 12562183, 12561011]"
0,73,meta-llama/Llama-3.1-8B-mini4L,2048,4,0,980744120,980744120,930497736,943061091,12561009,"[12562183, 12561011, 12559835]"
0,74,meta-llama/Llama-3.1-8B-mini4L,2048,4,0,993302775,993302775,943061091,955623274,12559833,"[12561011, 12559835, 12558655]"
0,75,meta-llama/Llama-3.1-8B-mini4L,2048,4,0,1005860250,1005860250,955623274,968184285,12558655,"[12559835, 12558655, 12557475]"
0,76,meta-llama/Llama-3.1-8B-mini4L,2048,4,0,1018416545,1018416545,968184285,980744120,12557475,"[12558655, 12557475, 12556295]"
0,77,meta-llama/Llama-3.1-8B-mini4L,2048,4,0,1030971656,1030971656,980744120,993302775,12556293,"[12557475, 12556295, 12555111]"
0,78,meta-llama/Llama-3.1-8B-mini4L,2048,4,0,1043525579,1043525579,993302775,1005860250,12555109,"[12556295, 12555111, 12553923]"
0,79,meta-llama/Llama-3.1-8B-mini4L,2048,4,0,1056078314,1056078314,1005860250,1018416545,12553923,"[12555111, 12553923, 12552735]"
0,80,meta-llama/Llama-3.1-8B-mini4L,2048,4,0,1068629861,1068629861,1018416545,1030971656,12552735,"[12553923, 12552735, 12551547]"
0,81,meta-llama/Llama-3.1-8B-mini4L,2048,4,0,1081180216,1081180216,1030971656,1043525579,12551545,"[12552735, 12551547, 12550355]"
0,82,meta-llama/Llama-3.1-8B-mini4L,2048,4,0,1093729379,1093729379,1043525579,1056078314,12550355,"[12551547, 12550355, 12549163]"
0,83,meta-llama/Llama-3.1-8B-mini4L,2048,4,0,1106277346,1106277346,1056078314,1068629861,12549161,"[12550355, 12549163, 12547967]"
0,84,meta-llama/Llama-3.1-8B-mini4L,2048,4,0,1118824113,1118824113,1068629861,1081180216,12547965,"[12549163, 12547967, 12546767]"
0,85,meta-llama/Llama-3.1-8B-mini4L,2048,4,0,1131369684,1131369684,1081180216,1093729379,12546768,"[12547967, 12546767, 12545571]"
0,86,meta-llama/Llama-3.1-8B-mini4L,2048,4,0,1143914051,1143914051,1093729379,1106277346,12545568,"[12546767, 12545571, 12544367]"
0,87,meta-llama/Llama-3.1-8B-mini4L,2048,4,0,1156457214,1156457214,1106277346,1118824113,12544367,"[12545571, 12544367, 12543163]"
0,88,meta-llama/Llama-3.1-8B-mini4L,2048,4,0,1168999173,1168999173,1118824113,1131369684,12543163,"[12544367, 12543163, 12541959]"
0,89,meta-llama/Llama-3.1-8B-mini4L,2048,4,0,1181539924,1181539924,1131369684,1143914051,12541957,"[12543163, 12541959, 12540751]"
0,90,meta-llama/Llama-3.1-8B-mini4L,2048,4,0,1194079463,1194079463,1143914051,1156457214,12540749,"[12541959, 12540751, 12539539]"
0,91,meta-llama/Llama-3.1-8B-mini4L,2048,4,0,1206617790,1206617790,1156457214,1168999173,12539539,"[12540751, 12539539, 12538327]"
0,92,meta-llama/Llama-3.1-8B-mini4L,2048,4,0,1219154905,1219154905,1168999173,1181539924,12538327,"[12539539, 12538327, 12537115]"
0,93,meta-llama/Llama-3.1-8B-mini4L,2048,4,0,1231690804,1231690804,1181539924,1194079463,12537113,"[12538327, 12537115, 12535899]"
0,94,meta-llama/Llama-3.1-8B-mini4L,2048,4,0,1244225487,1244225487,1194079463,1206617790,12535899,"[12537115, 12535899, 12534683]"
0,95,meta-llama/Llama-3.1-8B-mini4L,2048,4,0,1256758950,1256758950,1206617790,1219154905,12534681,"[12535899, 12534683, 12533463]"
0,96,meta-llama/Llama-3.1-8B-mini4L,2048,4,0,1269291189,1269291189,1219154905,1231690804,12533461,"[12534683, 12533463, 12532239]"
0,97,meta-llama/Llama-3.1-8B-mini4L,2048,4,0,1281822204,1281822204,1231690804,1244225487,12532239,"[12533463, 12532239, 12531015]"
0,98,meta-llama/Llama-3.1-8B-mini4L,2048,4,0,1294351991,1294351991,1244225487,1256758950,12531013,"[12532239, 12531015, 12529787]"
0,99,meta-llama/Llama-3.1-8B-mini4L,2048,4,0,1306880550,1306880550,1256758950,1269291189,12529787,"[12531015, 12529787, 12528559]"
0,100,meta-llama/Llama-3.1-8B-mini4L,2048,4,0,1319407881,1319407881,1269291189,1281822204,12528559,"[12529787, 12528559, 12527331]"
0,101,meta-llama/Llama-3.1-8B-mini4L,2048,4,0,1331933980,1331933980,1281822204,1294351991,12527329,"[12528559, 12527331, 12526099]"
0,102,meta-llama/Llama-3.1-8B-mini4L,2048,4,0,1344458843,1344458843,1294351991,1306880550,12526097,"[12527331, 12526099, 12524863]"
0,103,meta-llama/Llama-3.1-8B-mini4L,2048,4,0,1356982470,1356982470,1306880550,1319407881,12524863,"[12526099, 12524863, 12523627]"
0,104,meta-llama/Llama-3.1-8B-mini4L,2048,4,0,1369504857,1369504857,1319407881,1331933980,12523625,"[12524863, 12523627, 12522387]"
0,105,meta-llama/Llama-3.1-8B-mini4L,2048,4,0,1382026004,1382026004,1331933980,1344458843,12522387,"[12523627, 12522387, 12521147]"
0,106,meta-llama/Llama-3.1-8B-mini4L,2048,4,0,1394545907,1394545907,1344458843,1356982470,12521145,"[12522387, 12521147, 12519903]"
0,107,meta-llama/Llama-3.1-8B-mini4L,2048,4,0,1407064566,1407064566,1356982470,1369504857,12519903,"[12521147, 12519903, 12518659]"
0,108,meta-llama/Llama-3.1-8B-mini4L,2048,4,0,1419581981,1419581981,1369504857,1382026004,12518659,"[12519903, 12518659, 12517415]"
0,109,meta-llama/Llama-3.1-8B-mini4L,2048,4,0,1432098148,1432098148,1382026004,1394545907,12517413,"[12518659, 12517415, 12516167]"
0,110,meta-llama/Llama-3.1-8B-mini4L,2048,4,0,1444613063,1444613063,1394545907,1407064566,12516165,"[12517415, 12516167, 12514915]"
0,111,meta-llama/Llama-3.1-8B-mini4L,2048,4,0,1457126726,1457126726,1407064566,1419581981,12514915,"[12516167, 12514915, 12513663]"
0,112,meta-llama/Llama-3.1-8B-mini4L,2048,4,0,1469639133,1469639133,1419581981,1432098148,12513661,"[12514915, 12513663, 12512407]"
0,113,meta-llama/Llama-3.1-8B-mini4L,2048,4,0,1482150284,1482150284,1432098148,1444613063,12512407,"[12513663, 12512407, 12511151]"
0,114,meta-llama/Llama-3.1-8B-mini4L,2048,4,0,1494660175,1494660175,1444613063,1457126726,12511149,"[12512407, 12511151, 12509891]"
0,115,meta-llama/Llama-3.1-8B-mini4L,2048,4,0,1507168806,1507168806,1457126726,1469639133,12509891,"[12511151, 12509891, 12508631]"
0,116,meta-llama/Llama-3.1-8B-mini4L,2048,4,0,1519676173,1519676173,1469639133,1482150284,12508629,"[12509891, 12508631, 12507367]"
0,117,meta-llama/Llama-3.1-8B-mini4L,2048,4,0,1532182276,1532182276,1482150284,1494660175,12507367,"[12508631, 12507367, 12506103]"
0,118,meta-llama/Llama-3.1-8B-mini4L,2048,4,0,1544687111,1544687111,1494660175,1507168806,12506101,"[12507367, 12506103, 12504835]"
0,119,meta-llama/Llama-3.1-8B-mini4L,2048,4,0,1557190674,1557190674,1507168806,1519676173,12504833,"[12506103, 12504835, 12503563]"
0,120,meta-llama/Llama-3.1-8B-mini4L,2048,4,0,1569692965,1569692965,1519676173,1532182276,12503563,"[12504835, 12503563, 12502291]"
0,121,meta-llama/Llama-3.1-8B-mini4L,2048,4,0,1582193980,1582193980,1532182276,1544687111,12502289,"[12503563, 12502291, 12501015]"
0,122,meta-llama/Llama-3.1-8B-mini4L,2048,4,0,1594693719,1594693719,1544687111,1557190674,12501015,"[12502291, 12501015, 12499739]"
0,123,meta-llama/Llama-3.1-8B-mini4L,2048,4,0,1607192178,1607192178,1557190674,1569692965,12499737,"[12501015, 12499739, 12498459]"
0,124,meta-llama/Llama-3.1-8B-mini4L,2048,4,0,1619689357,1619689357,1569692965,1582193980,12498459,"[12499739, 12498459, 12497179]"
0,125,meta-llama/Llama-3.1-8B-mini4L,2048,4,0,1632185252,1632185252,1582193980,1594693719,12497177,"[12498459, 12497179, 12495895]"
0,126,meta-llama/Llama-3.1-8B-mini4L,2048,4,0,1644679863,1644679863,1594693719,1607192178,12495895,"[12497179, 12495895, 12494611]"
0,127,meta-llama/Llama-3.1-8B-mini4L,2048,4,0,1657173182,1657173182,1607192178,1619689357,12494608,"[12495895, 12494611, 12493319]"
0,128,meta-llama/Llama-3.1-8B-mini4L,2048,4,0,1669665213,1669665213,1619689357,1632185252,12493320,"[12494611, 12493319, 12492031]"
0,129,meta-llama/Llama-3.1-8B-mini4L,2048,4,0,1682155948,1682155948,1632185252,1644679863,12492028,"[12493319, 12492031, 12490735]"
0,130,meta-llama/Llama-3.1-8B-mini4L,2048,4,0,1694645391,1694645391,1644679863,1657173182,12490736,"[12492031, 12490735, 12489443]"
0,131,meta-llama/Llama-3.1-8B-mini4L,2048,4,0,1707133534,1707133534,1657173182,1669665213,12489440,"[12490735, 12489443, 12488143]"
0,132,meta-llama/Llama-3.1-8B-mini4L,2048,4,0,1719620377,1719620377,1669665213,1682155948,12488143,"[12489443, 12488143, 12486843]"
0,133,meta-llama/Llama-3.1-8B-mini4L,2048,4,0,1732105916,1732105916,1682155948,1694645391,12486841,"[12488143, 12486843, 12485539]"
0,134,meta-llama/Llama-3.1-8B-mini4L,2048,4,0,1744590151,1744590151,1694645391,1707133534,12485539,"[12486843, 12485539, 12484235]"
0,135,meta-llama/Llama-3.1-8B-mini4L,2048,4,0,1757073078,1757073078,1707133534,1719620377,12484233,"[12485539, 12484235, 12482927]"
0,136,meta-llama/Llama-3.1-8B-mini4L,2048,4,0,1769554697,1769554697,1719620377,1732105916,12482927,"[12484235, 12482927, 12481619]"
0,137,meta-llama/Llama-3.1-8B-mini4L,2048,4,0,1782049353,1782049353,1732105916,1744590151,12486400,"[12482927, 12481619, 12494656]"
0,138,meta-llama/Llama-3.1-8B-mini4L,2048,4,0,1794542693,1794542693,1744590151,1757073078,12489871,"[12481619, 12494656, 12493340]"
0,139,meta-llama/Llama-3.1-8B-mini4L,2048,4,0,1807034717,1807034717,1757073078,1769554697,12493340,"[12494656, 12493340, 12492024]"
0,140,meta-llama/Llama-3.1-8B-mini4L,2048,4,0,1819525421,1819525421,1769554697,1782049353,12492022,"[12493340, 12492024, 12490704]"
0,141,meta-llama/Llama-3.1-8B-mini4L,2048,4,0,1832014805,1832014805,1782049353,1794542693,12490704,"[12492024, 12490704, 12489384]"
0,142,meta-llama/Llama-3.1-8B-mini4L,2048,4,0,1844502603,1844502603,1794542693,1807034717,12489295,"[12490704, 12489384, 12487798]"
0,143,meta-llama/Llama-3.1-8B-mini4L,2048,4,0,1856989335,1856989335,1807034717,1819525421,12487971,"[12489384, 12487798, 12486732]"
0,144,meta-llama/Llama-3.1-8B-mini4L,2048,4,0,1869474477,1869474477,1819525421,1832014805,12486557,"[12487798, 12486732, 12485142]"
0,145,meta-llama/Llama-3.1-8B-mini4L,2048,4,0,1881958287,1881958287,1832014805,1844502603,12485228,"[12486732, 12485142, 12483810]"
0,146,meta-llama/Llama-3.1-8B-mini4L,2048,4,0,1894440761,1894440761,1844502603,1856989335,12483808,"[12485142, 12483810, 12482474]"
0,147,meta-llama/Llama-3.1-8B-mini4L,2048,4,0,1906921899,1906921899,1856989335,1869474477,12482474,"[12483810, 12482474, 12481138]"
0,148,meta-llama/Llama-3.1-8B-mini4L,2048,4,0,1919401435,1919401435,1869474477,1881958287,12481049,"[12482474, 12481138, 12479536]"
0,149,meta-llama/Llama-3.1-8B-mini4L,2048,4,0,1931879631,1931879631,1881958287,1894440761,12479623,"[12481138, 12479536, 12478196]"
0,150,meta-llama/Llama-3.1-8B-mini4L,2048,4,0,1944356483,1944356483,1894440761,1906921899,12478194,"[12479536, 12478196, 12476852]"
0,151,meta-llama/Llama-3.1-8B-mini4L,2048,4,0,1956831987,1956831987,1906921899,1919401435,12476850,"[12478196, 12476852, 12475504]"
0,152,meta-llama/Llama-3.1-8B-mini4L,2048,4,0,1969306143,1969306143,1919401435,1931879631,12475504,"[12476852, 12475504, 12474156]"
0,153,meta-llama/Llama-3.1-8B-mini4L,2048,4,0,1981778685,1981778685,1931879631,1944356483,12474067,"[12475504, 12474156, 12472542]"
0,154,meta-llama/Llama-3.1-8B-mini4L,2048,4,0,1994249875,1994249875,1944356483,1956831987,12472629,"[12474156, 12472542, 12471190]"
0,155,meta-llama/Llama-3.1-8B-mini4L,2048,4,0,2006719705,2006719705,1956831987,1969306143,12471187,"[12472542, 12471190, 12469830]"
0,156,meta-llama/Llama-3.1-8B-mini4L,2048,4,0,2019188175,2019188175,1969306143,1981778685,12469830,"[12471190, 12469830, 12468470]"
0,157,meta-llama/Llama-3.1-8B-mini4L,2048,4,0,2031655285,2031655285,1981778685,1994249875,12468470,"[12469830, 12468470, 12467110]"
0,158,meta-llama/Llama-3.1-8B-mini4L,2048,4,0,2044120768,2044120768,1994249875,2006719705,12467021,"[12468470, 12467110, 12465483]"
0,159,meta-llama/Llama-3.1-8B-mini4L,2048,4,0,2056585146,2056585146,2006719705,2019188175,12465657,"[12467110, 12465483, 12464378]"
0,160,meta-llama/Llama-3.1-8B-mini4L,2048,4,0,2069047889,2069047889,2019188175,2031655285,12464201,"[12465483, 12464378, 12462743]"
0,161,meta-llama/Llama-3.1-8B-mini4L,2048,4,0,2081509260,2081509260,2031655285,2044120768,12462830,"[12464378, 12462743, 12461371]"
0,162,meta-llama/Llama-3.1-8B-mini4L,2048,4,0,2093969259,2093969259,2044120768,2056585146,12461371,"[12462743, 12461371, 12459999]"
0,163,meta-llama/Llama-3.1-8B-mini4L,2048,4,0,2106427878,2106427878,2056585146,2069047889,12459996,"[12461371, 12459999, 12458619]"
0,164,meta-llama/Llama-3.1-8B-mini4L,2048,4,0,2118884855,2118884855,2069047889,2081509260,12458531,"[12459999, 12458619, 12456977]"
0,165,meta-llama/Llama-3.1-8B-mini4L,2048,4,0,2131340448,2131340448,2081509260,2093969259,12457063,"[12458619, 12456977, 12455593]"
0,166,meta-llama/Llama-3.1-8B-mini4L,2048,4,0,2143794657,2143794657,2093969259,2106427878,12455593,"[12456977, 12455593, 12454209]"
0,167,meta-llama/Llama-3.1-8B-mini4L,2048,4,0,2156247478,2156247478,2106427878,2118884855,12454207,"[12455593, 12454209, 12452821]"
0,168,meta-llama/Llama-3.1-8B-mini4L,2048,4,0,2168698907,2168698907,2118884855,2131340448,12452819,"[12454209, 12452821, 12451429]"
0,169,meta-llama/Llama-3.1-8B-mini4L,2048,4,0,2181148678,2181148678,2131340448,2143794657,12451340,"[12452821, 12451429, 12449771]"
0,170,meta-llama/Llama-3.1-8B-mini4L,2048,4,0,2193597053,2193597053,2143794657,2156247478,12449858,"[12451429, 12449771, 12448375]"
0,171,meta-llama/Llama-3.1-8B-mini4L,2048,4,0,2206044028,2206044028,2156247478,2168698907,12448373,"[12449771, 12448375, 12446975]"
0,172,meta-llama/Llama-3.1-8B-mini4L,2048,4,0,2218489603,2218489603,2168698907,2181148678,12446975,"[12448375, 12446975, 12445575]"
0,173,meta-llama/Llama-3.1-8B-mini4L,2048,4,0,2230933774,2230933774,2181148678,2193597053,12445573,"[12446975, 12445575, 12444171]"
0,174,meta-llama/Llama-3.1-8B-mini4L,2048,4,0,2243376275,2243376275,2193597053,2206044028,12444082,"[12445575, 12444171, 12442501]"
0,175,meta-llama/Llama-3.1-8B-mini4L,2048,4,0,2255817626,2255817626,2206044028,2218489603,12442674,"[12444171, 12442501, 12441351]"
0,176,meta-llama/Llama-3.1-8B-mini4L,2048,4,0,2268257303,2268257303,2218489603,2230933774,12441176,"[12442501, 12441351, 12439677]"
0,177,meta-llama/Llama-3.1-8B-mini4L,2048,4,0,2280695564,2280695564,2230933774,2243376275,12439763,"[12441351, 12439677, 12438261]"
0,178,meta-llama/Llama-3.1-8B-mini4L,2048,4,0,2293132405,2293132405,2243376275,2255817626,12438259,"[12439677, 12438261, 12436841]"
0,179,meta-llama/Llama-3.1-8B-mini4L,2048,4,0,2305567826,2305567826,2255817626,2268257303,12436841,"[12438261, 12436841, 12435421]"
0,180,meta-llama/Llama-3.1-8B-mini4L,2048,4,0,2318001561,2318001561,2268257303,2280695564,12435332,"[12436841, 12435421, 12433735]"
0,181,meta-llama/Llama-3.1-8B-mini4L,2048,4,0,2330433868,2330433868,2280695564,2293132405,12433821,"[12435421, 12433735, 12432307]"
0,182,meta-llama/Llama-3.1-8B-mini4L,2048,4,0,2342864743,2342864743,2293132405,2305567826,12432305,"[12433735, 12432307, 12430875]"
0,183,meta-llama/Llama-3.1-8B-mini4L,2048,4,0,2355294186,2355294186,2305567826,2318001561,12430875,"[12432307, 12430875, 12429443]"
0,184,meta-llama/Llama-3.1-8B-mini4L,2048,4,0,2367722193,2367722193,2318001561,2330433868,12429441,"[12430875, 12429443, 12428007]"
0,185,meta-llama/Llama-3.1-8B-mini4L,2048,4,0,2380148498,2380148498,2330433868,2342864743,12427918,"[12429443, 12428007, 12426305]"
0,186,meta-llama/Llama-3.1-8B-mini4L,2048,4,0,2392573363,2392573363,2342864743,2355294186,12426392,"[12428007, 12426305, 12424865]"
0,187,meta-llama/Llama-3.1-8B-mini4L,2048,4,0,2404996784,2404996784,2355294186,2367722193,12424863,"[12426305, 12424865, 12423421]"
0,188,meta-llama/Llama-3.1-8B-mini4L,2048,4,0,2417418757,2417418757,2367722193,2380148498,12423419,"[12424865, 12423421, 12421973]"
0,189,meta-llama/Llama-3.1-8B-mini4L,2048,4,0,2429839278,2429839278,2380148498,2392573363,12421971,"[12423421, 12421973, 12420521]"
0,190,meta-llama/Llama-3.1-8B-mini4L,2048,4,0,2442258085,2442258085,2392573363,2404996784,12420433,"[12421973, 12420521, 12418807]"
0,191,meta-llama/Llama-3.1-8B-mini4L,2048,4,0,2454675698,2454675698,2404996784,2417418757,12418980,"[12420521, 12418807, 12417613]"
0,192,meta-llama/Llama-3.1-8B-mini4L,2048,4,0,2467091589,2467091589,2417418757,2429839278,12417437,"[12418807, 12417613, 12415891]"
0,193,meta-llama/Llama-3.1-8B-mini4L,2048,4,0,2479506016,2479506016,2429839278,2442258085,12415977,"[12417613, 12415891, 12414427]"
0,194,meta-llama/Llama-3.1-8B-mini4L,2048,4,0,2491918979,2491918979,2442258085,2454675698,12414427,"[12415891, 12414427, 12412963]"
0,195,meta-llama/Llama-3.1-8B-mini4L,2048,4,0,2504330474,2504330474,2454675698,2467091589,12412961,"[12414427, 12412963, 12411495]"
0,196,meta-llama/Llama-3.1-8B-mini4L,2048,4,0,2516740234,2516740234,2467091589,2479506016,12411406,"[12412963, 12411495, 12409760]"
0,197,meta-llama/Llama-3.1-8B-mini4L,2048,4,0,2529148522,2529148522,2479506016,2491918979,12409847,"[12411495, 12409760, 12408288]"
0,198,meta-llama/Llama-3.1-8B-mini4L,2048,4,0,2541555330,2541555330,2491918979,2504330474,12408285,"[12409760, 12408288, 12406808]"
0,199,meta-llama/Llama-3.1-8B-mini4L,2048,4,0,2553960658,2553960658,2504330474,2516740234,12406808,"[12408288, 12406808, 12405328]"
0,200,meta-llama/Llama-3.1-8B-mini4L,2048,4,0,2566364502,2566364502,2516740234,2529148522,12405326,"[12406808, 12405328, 12403844]"
0,201,meta-llama/Llama-3.1-8B-mini4L,2048,4,0,2578766600,2578766600,2529148522,2541555330,12403756,"[12405328, 12403844, 12402098]"
0,202,meta-llama/Llama-3.1-8B-mini4L,2048,4,0,2591167206,2591167206,2541555330,2553960658,12402182,"[12403844, 12402098, 12400606]"
0,203,meta-llama/Llama-3.1-8B-mini4L,2048,4,0,2603566320,2603566320,2553960658,2566364502,12400606,"[12402098, 12400606, 12399114]"
0,204,meta-llama/Llama-3.1-8B-mini4L,2048,4,0,2615963938,2615963938,2566364502,2578766600,12399112,"[12400606, 12399114, 12397618]"
0,205,meta-llama/Llama-3.1-8B-mini4L,2048,4,0,2628360056,2628360056,2578766600,2591167206,12397616,"[12399114, 12397618, 12396118]"
0,206,meta-llama/Llama-3.1-8B-mini4L,2048,4,0,2640754412,2640754412,2591167206,2603566320,12396030,"[12397618, 12396118, 12394356]"
0,207,meta-llama/Llama-3.1-8B-mini4L,2048,4,0,2653147522,2653147522,2603566320,2615963938,12394528,"[12396118, 12394356, 12393110]"
0,208,meta-llama/Llama-3.1-8B-mini4L,2048,4,0,2665538862,2665538862,2615963938,2628360056,12392935,"[12394356, 12393110, 12391340]"
0,209,meta-llama/Llama-3.1-8B-mini4L,2048,4,0,2677928690,2677928690,2628360056,2640754412,12391426,"[12393110, 12391340, 12389828]"
0,210,meta-llama/Llama-3.1-8B-mini4L,2048,4,0,2690317006,2690317006,2640754412,2653147522,12389828,"[12391340, 12389828, 12388316]"
0,211,meta-llama/Llama-3.1-8B-mini4L,2048,4,0,2702703802,2702703802,2653147522,2665538862,12388313,"[12389828, 12388316, 12386796]"
0,212,meta-llama/Llama-3.1-8B-mini4L,2048,4,0,2715088816,2715088816,2665538862,2677928690,12386708,"[12388316, 12386796, 12385014]"
0,213,meta-llama/Llama-3.1-8B-mini4L,2048,4,0,2727472306,2727472306,2677928690,2690317006,12385100,"[12386796, 12385014, 12383490]"
0,214,meta-llama/Llama-3.1-8B-mini4L,2048,4,0,2739854268,2739854268,2690317006,2702703802,12383488,"[12385014, 12383490, 12381962]"
0,215,meta-llama/Llama-3.1-8B-mini4L,2048,4,0,2752234698,2752234698,2702703802,2715088816,12381960,"[12383490, 12381962, 12380430]"
0,216,meta-llama/Llama-3.1-8B-mini4L,2048,4,0,2764613592,2764613592,2715088816,2727472306,12380428,"[12381962, 12380430, 12378894]"
0,217,meta-llama/Llama-3.1-8B-mini4L,2048,4,0,2776990688,2776990688,2727472306,2739854268,12378806,"[12380430, 12378894, 12377096]"
0,218,meta-llama/Llama-3.1-8B-mini4L,2048,4,0,2789366240,2789366240,2739854268,2752234698,12377180,"[12378894, 12377096, 12375552]"
0,219,meta-llama/Llama-3.1-8B-mini4L,2048,4,0,2801740248,2801740248,2752234698,2764613592,12375552,"[12377096, 12375552, 12374008]"
0,220,meta-llama/Llama-3.1-8B-mini4L,2048,4,0,2814112708,2814112708,2764613592,2776990688,12374006,"[12375552, 12374008, 12372460]"
0,221,meta-llama/Llama-3.1-8B-mini4L,2048,4,0,2826483620,2826483620,2776990688,2789366240,12372460,"[12374008, 12372460, 12370912]"
0,222,meta-llama/Llama-3.1-8B-mini4L,2048,4,0,2838852714,2838852714,2789366240,2801740248,12370822,"[12372460, 12370912, 12369094]"
0,223,meta-llama/Llama-3.1-8B-mini4L,2048,4,0,2851220514,2851220514,2801740248,2814112708,12369268,"[12370912, 12369094, 12367800]"
0,224,meta-llama/Llama-3.1-8B-mini4L,2048,4,0,2863586488,2863586488,2814112708,2826483620,12367622,"[12369094, 12367800, 12365974]"
0,225,meta-llama/Llama-3.1-8B-mini4L,2048,4,0,2875950898,2875950898,2826483620,2838852714,12366061,"[12367800, 12365974, 12364410]"
0,226,meta-llama/Llama-3.1-8B-mini4L,2048,4,0,2888313740,2888313740,2838852714,2851220514,12364408,"[12365974, 12364410, 12362842]"
0,227,meta-llama/Llama-3.1-8B-mini4L,2048,4,0,2900675010,2900675010,2851220514,2863586488,12362840,"[12364410, 12362842, 12361270]"
0,228,meta-llama/Llama-3.1-8B-mini4L,2048,4,0,2913034446,2913034446,2863586488,2875950898,12361182,"[12362842, 12361270, 12359436]"
0,229,meta-llama/Llama-3.1-8B-mini4L,2048,4,0,2925392302,2925392302,2875950898,2888313740,12359520,"[12361270, 12359436, 12357856]"
0,230,meta-llama/Llama-3.1-8B-mini4L,2048,4,0,2937748578,2937748578,2888313740,2900675010,12357856,"[12359436, 12357856, 12356276]"
0,231,meta-llama/Llama-3.1-8B-mini4L,2048,4,0,2950103266,2950103266,2900675010,2913034446,12356273,"[12357856, 12356276, 12354688]"
0,232,meta-llama/Llama-3.1-8B-mini4L,2048,4,0,2962456366,2962456366,2913034446,2925392302,12354688,"[12356276, 12354688, 12353100]"
0,233,meta-llama/Llama-3.1-8B-mini4L,2048,4,0,2974807611,2974807611,2925392302,2937748578,12353011,"[12354688, 12353100, 12351245]"
0,234,meta-llama/Llama-3.1-8B-mini4L,2048,4,0,2987157260,2987157260,2937748578,2950103266,12351331,"[12353100, 12351245, 12349649]"
0,235,meta-llama/Llama-3.1-8B-mini4L,2048,4,0,2999505309,2999505309,2950103266,2962456366,12349647,"[12351245, 12349649, 12348049]"
0,236,meta-llama/Llama-3.1-8B-mini4L,2048,4,0,3011851754,3011851754,2962456366,2974807611,12348047,"[12349649, 12348049, 12346445]"
0,237,meta-llama/Llama-3.1-8B-mini4L,2048,4,0,3024196595,3024196595,2974807611,2987157260,12346445,"[12348049, 12346445, 12344841]"
0,238,meta-llama/Llama-3.1-8B-mini4L,2048,4,0,3036539562,3036539562,2987157260,2999505309,12344751,"[12346445, 12344841, 12342967]"
0,239,meta-llama/Llama-3.1-8B-mini4L,2048,4,0,3048881179,3048881179,2999505309,3011851754,12343141,"[12344841, 12342967, 12341617]"
0,240,meta-llama/Llama-3.1-8B-mini4L,2048,4,0,3061220914,3061220914,3011851754,3024196595,12341439,"[12342967, 12341617, 12339735]"
0,241,meta-llama/Llama-3.1-8B-mini4L,2048,4,0,3073559029,3073559029,3024196595,3036539562,12339822,"[12341617, 12339735, 12338115]"
0,242,meta-llama/Llama-3.1-8B-mini4L,2048,4,0,3085895520,3085895520,3036539562,3048881179,12338113,"[12339735, 12338115, 12336491]"
0,243,meta-llama/Llama-3.1-8B-mini4L,2048,4,0,3098230383,3098230383,3048881179,3061220914,12336489,"[12338115, 12336491, 12334863]"
0,244,meta-llama/Llama-3.1-8B-mini4L,2048,4,0,3110563352,3110563352,3061220914,3073559029,12334774,"[12336491, 12334863, 12332969]"
0,245,meta-llama/Llama-3.1-8B-mini4L,2048,4,0,3122894681,3122894681,3073559029,3085895520,12333053,"[12334863, 12332969, 12331329]"
0,246,meta-llama/Llama-3.1-8B-mini4L,2048,4,0,3135224374,3135224374,3085895520,3098230383,12331330,"[12332969, 12331329, 12329693]"
0,247,meta-llama/Llama-3.1-8B-mini4L,2048,4,0,3147552423,3147552423,3098230383,3110563352,12329690,"[12331329, 12329693, 12328049]"
0,248,meta-llama/Llama-3.1-8B-mini4L,2048,4,0,3159878824,3159878824,3110563352,3122894681,12328047,"[12329693, 12328049, 12326401]"
0,249,meta-llama/Llama-3.1-8B-mini4L,2048,4,0,3172203311,3172203311,3122894681,3135224374,12326312,"[12328049, 12326401, 12324487]"
0,250,meta-llama/Llama-3.1-8B-mini4L,2048,4,0,3184526142,3184526142,3135224374,3147552423,12324573,"[12326401, 12324487, 12322831]"
0,251,meta-llama/Llama-3.1-8B-mini4L,2048,4,0,3196847313,3196847313,3147552423,3159878824,12322829,"[12324487, 12322831, 12321171]"
0,252,meta-llama/Llama-3.1-8B-mini4L,2048,4,0,3209166824,3209166824,3159878824,3172203311,12321171,"[12322831, 12321171, 12319511]"
0,253,meta-llama/Llama-3.1-8B-mini4L,2048,4,0,3221484667,3221484667,3172203311,3184526142,12319508,"[12321171, 12319511, 12317843]"
0,254,meta-llama/Llama-3.1-8B-mini4L,2048,4,0,3233800576,3233800576,3184526142,3196847313,12317754,"[12319511, 12317843, 12315909]"
0,255,meta-llama/Llama-3.1-8B-mini4L,2048,4,0,3246115075,3246115075,3196847313,3209166824,12316083,"[12317843, 12315909, 12314499]"
0,256,meta-llama/Llama-3.1-8B-mini4L,2048,4,0,3258427632,3258427632,3209166824,3221484667,12314321,"[12315909, 12314499, 12312557]"
0,257,meta-llama/Llama-3.1-8B-mini4L,2048,4,0,3270738505,3270738505,3221484667,3233800576,12312643,"[12314499, 12312557, 12310873]"
0,258,meta-llama/Llama-3.1-8B-mini4L,2048,4,0,3283047694,3283047694,3233800576,3246115075,12310873,"[12312557, 12310873, 12309189]"
0,259,meta-llama/Llama-3.1-8B-mini4L,2048,4,0,3295355191,3295355191,3246115075,3258427632,12309186,"[12310873, 12309189, 12307497]"
0,260,meta-llama/Llama-3.1-8B-mini4L,2048,4,0,3307660734,3307660734,3258427632,3270738505,12307409,"[12309189, 12307497, 12305543]"
0,261,meta-llama/Llama-3.1-8B-mini4L,2048,4,0,3319964577,3319964577,3270738505,3283047694,12305627,"[12307497, 12305543, 12303843]"
0,262,meta-llama/Llama-3.1-8B-mini4L,2048,4,0,3332266716,3332266716,3283047694,3295355191,12303841,"[12305543, 12303843, 12302139]"
0,263,meta-llama/Llama-3.1-8B-mini4L,2048,4,0,3344567151,3344567151,3295355191,3307660734,12302139,"[12303843, 12302139, 12300435]"
0,264,meta-llama/Llama-3.1-8B-mini4L,2048,4,0,3356865874,3356865874,3307660734,3319964577,12300432,"[12302139, 12300435, 12298723]"
0,265,meta-llama/Llama-3.1-8B-mini4L,2048,4,0,3369162623,3369162623,3319964577,3332266716,12298635,"[12300435, 12298723, 12296749]"
0,266,meta-llama/Llama-3.1-8B-mini4L,2048,4,0,3381457652,3381457652,3332266716,3344567151,12296833,"[12298723, 12296749, 12295029]"
0,267,meta-llama/Llama-3.1-8B-mini4L,2048,4,0,3393750957,3393750957,3344567151,3356865874,12295027,"[12296749, 12295029, 12293305]"
0,268,meta-llama/Llama-3.1-8B-mini4L,2048,4,0,3406042534,3406042534,3356865874,3369162623,12293303,"[12295029, 12293305, 12291577]"
0,269,meta-llama/Llama-3.1-8B-mini4L,2048,4,0,3418332383,3418332383,3369162623,3381457652,12291577,"[12293305, 12291577, 12289849]"
0,270,meta-llama/Llama-3.1-8B-mini4L,2048,4,0,3430620233,3430620233,3381457652,3393750957,12289758,"[12291577, 12289849, 12287850]"
0,271,meta-llama/Llama-3.1-8B-mini4L,2048,4,0,3442906606,3442906606,3393750957,3406042534,12288024,"[12289849, 12287850, 12286373]"
0,272,meta-llama/Llama-3.1-8B-mini4L,2048,4,0,3455190972,3455190972,3406042534,3418332383,12286196,"[12287850, 12286373, 12284366]"
0,273,meta-llama/Llama-3.1-8B-mini4L,2048,4,0,3467473590,3467473590,3418332383,3430620233,12284452,"[12286373, 12284366, 12282618]"
0,274,meta-llama/Llama-3.1-8B-mini4L,2048,4,0,3479754456,3479754456,3430620233,3442906606,12282616,"[12284366, 12282618, 12280866]"
0,275,meta-llama/Llama-3.1-8B-mini4L,2048,4,0,3492033562,3492033562,3442906606,3455190972,12280863,"[12282618, 12280866, 12279106]"
0,276,meta-llama/Llama-3.1-8B-mini4L,2048,4,0,3504310646,3504310646,3455190972,3467473590,12279018,"[12280866, 12279106, 12277084]"
0,277,meta-llama/Llama-3.1-8B-mini4L,2048,4,0,3516585966,3516585966,3467473590,3479754456,12277170,"[12279106, 12277084, 12275320]"
0,278,meta-llama/Llama-3.1-8B-mini4L,2048,4,0,3528859514,3528859514,3479754456,3492033562,12275317,"[12277084, 12275320, 12273548]"
0,279,meta-llama/Llama-3.1-8B-mini4L,2048,4,0,3541131290,3541131290,3492033562,3504310646,12273548,"[12275320, 12273548, 12271776]"
0,280,meta-llama/Llama-3.1-8B-mini4L,2048,4,0,3553401286,3553401286,3504310646,3516585966,12271773,"[12273548, 12271776, 12269996]"
0,281,meta-llama/Llama-3.1-8B-mini4L,2048,4,0,3565669236,3565669236,3516585966,3528859514,12269907,"[12271776, 12269996, 12267950]"
0,282,meta-llama/Llama-3.1-8B-mini4L,2048,4,0,3577935398,3577935398,3528859514,3541131290,12268036,"[12269996, 12267950, 12266162]"
0,283,meta-llama/Llama-3.1-8B-mini4L,2048,4,0,3590199768,3590199768,3541131290,3553401286,12266160,"[12267950, 12266162, 12264370]"
0,284,meta-llama/Llama-3.1-8B-mini4L,2048,4,0,3602462342,3602462342,3553401286,3565669236,12264368,"[12266162, 12264370, 12262574]"
0,285,meta-llama/Llama-3.1-8B-mini4L,2048,4,0,3614749331,3614749331,3565669236,3577935398,12271311,"[12264370, 12262574, 12286989]"
0,286,meta-llama/Llama-3.1-8B-mini4L,2048,4,0,3627034253,3627034253,3577935398,3590199768,12278161,"[12262574, 12286989, 12284922]"
0,287,meta-llama/Llama-3.1-8B-mini4L,2048,4,0,3639317626,3639317626,3590199768,3602462342,12285094,"[12286989, 12284922, 12283373]"
0,288,meta-llama/Llama-3.1-8B-mini4L,2048,4,0,3651598920,3651598920,3602462342,3614749331,12283196,"[12284922, 12283373, 12281294]"
0,289,meta-llama/Llama-3.1-8B-mini4L,2048,4,0,3663878398,3663878398,3614749331,3627034253,12281381,"[12283373, 12281294, 12279478]"
0,290,meta-llama/Llama-3.1-8B-mini4L,2048,4,0,3676155790,3676155790,3627034253,3639317626,12279388,"[12281294, 12279478, 12277392]"
0,291,meta-llama/Llama-3.1-8B-mini4L,2048,4,0,3688431350,3688431350,3639317626,3651598920,12277476,"[12279478, 12277392, 12275560]"
0,292,meta-llama/Llama-3.1-8B-mini4L,2048,4,0,3700704816,3700704816,3651598920,3663878398,12275472,"[12277392, 12275560, 12273466]"
0,293,meta-llama/Llama-3.1-8B-mini4L,2048,4,0,3712976446,3712976446,3663878398,3676155790,12273552,"[12275560, 12273466, 12271630]"
0,294,meta-llama/Llama-3.1-8B-mini4L,2048,4,0,3725246232,3725246232,3676155790,3688431350,12271627,"[12273466, 12271630, 12269786]"
0,295,meta-llama/Llama-3.1-8B-mini4L,2048,4,0,3737513908,3737513908,3688431350,3700704816,12269697,"[12271630, 12269786, 12267676]"
0,296,meta-llama/Llama-3.1-8B-mini4L,2048,4,0,3749779732,3749779732,3700704816,3712976446,12267762,"[12269786, 12267676, 12265824]"
0,297,meta-llama/Llama-3.1-8B-mini4L,2048,4,0,3762043438,3762043438,3712976446,3725246232,12265735,"[12267676, 12265824, 12263706]"
0,298,meta-llama/Llama-3.1-8B-mini4L,2048,4,0,3774305280,3774305280,3725246232,3737513908,12263790,"[12265824, 12263706, 12261842]"
0,299,meta-llama/Llama-3.1-8B-mini4L,2048,4,0,3786565258,3786565258,3737513908,3749779732,12261842,"[12263706, 12261842, 12259978]"
0,300,meta-llama/Llama-3.1-8B-mini4L,2048,4,0,3798823364,3798823364,3749779732,3762043438,12259975,"[12261842, 12259978, 12258106]"
0,301,meta-llama/Llama-3.1-8B-mini4L,2048,4,0,3811079336,3811079336,3762043438,3774305280,12258018,"[12259978, 12258106, 12255972]"
0,302,meta-llama/Llama-3.1-8B-mini4L,2048,4,0,3823333166,3823333166,3774305280,3786565258,12255969,"[12258106, 12255972, 12253830]"
0,303,meta-llama/Llama-3.1-8B-mini4L,2048,4,0,3835585374,3835585374,3786565258,3798823364,12254003,"[12255972, 12253830, 12252208]"
0,304,meta-llama/Llama-3.1-8B-mini4L,2048,4,0,3847835428,3847835428,3798823364,3811079336,12252030,"[12253830, 12252208, 12250054]"
0,305,meta-llama/Llama-3.1-8B-mini4L,2048,4,0,3860083586,3860083586,3811079336,3823333166,12250140,"[12252208, 12250054, 12248158]"
0,306,meta-llama/Llama-3.1-8B-mini4L,2048,4,0,3872329581,3872329581,3823333166,3835585374,12248069,"[12250054, 12248158, 12245995]"
0,307,meta-llama/Llama-3.1-8B-mini4L,2048,4,0,3884573672,3884573672,3835585374,3847835428,12246081,"[12248158, 12245995, 12244091]"
0,308,meta-llama/Llama-3.1-8B-mini4L,2048,4,0,3896815593,3896815593,3847835428,3860083586,12244002,"[12245995, 12244091, 12241921]"
0,309,meta-llama/Llama-3.1-8B-mini4L,2048,4,0,3909055598,3909055598,3860083586,3872329581,12242005,"[12244091, 12241921, 12240005]"
0,310,meta-llama/Llama-3.1-8B-mini4L,2048,4,0,3921293683,3921293683,3872329581,3884573672,12240003,"[12241921, 12240005, 12238085]"
0,311,meta-llama/Llama-3.1-8B-mini4L,2048,4,0,3933529578,3933529578,3884573672,3896815593,12237995,"[12240005, 12238085, 12235895]"
0,312,meta-llama/Llama-3.1-8B-mini4L,2048,4,0,3945763545,3945763545,3896815593,3909055598,12235982,"[12238085, 12235895, 12233967]"
0,313,meta-llama/Llama-3.1-8B-mini4L,2048,4,0,3957995314,3957995314,3909055598,3921293683,12233877,"[12235895, 12233967, 12231769]"
0,314,meta-llama/Llama-3.1-8B-mini4L,2048,4,0,3970225143,3970225143,3921293683,3933529578,12231855,"[12233967, 12231769, 12229829]"
0,315,meta-llama/Llama-3.1-8B-mini4L,2048,4,0,3982453024,3982453024,3933529578,3945763545,12229826,"[12231769, 12229829, 12227881]"
0,316,meta-llama/Llama-3.1-8B-mini4L,2048,4,0,3994678953,3994678953,3945763545,3957995314,12227879,"[12229829, 12227881, 12225929]"
0,317,meta-llama/Llama-3.1-8B-mini4L,2048,4,0,4006902664,4006902664,3957995314,3970225143,12225840,"[12227881, 12225929, 12223711]"
0,318,meta-llama/Llama-3.1-8B-mini4L,2048,4,0,4019124149,4019124149,3970225143,3982453024,12223708,"[12225929, 12223711, 12221485]"
0,319,meta-llama/Llama-3.1-8B-mini4L,2048,4,0,4031343928,4031343928,3982453024,3994678953,12221658,"[12223711, 12221485, 12219779]"
0,320,meta-llama/Llama-3.1-8B-mini4L,2048,4,0,4043561473,4043561473,3994678953,4006902664,12219603,"[12221485, 12219779, 12217545]"
0,321,meta-llama/Llama-3.1-8B-mini4L,2048,4,0,4055777038,4055777038,4006902664,4019124149,12217629,"[12219779, 12217545, 12215565]"
0,322,meta-llama/Llama-3.1-8B-mini4L,2048,4,0,4067990357,4067990357,4019124149,4031343928,12215476,"[12217545, 12215565, 12213319]"
0,323,meta-llama/Llama-3.1-8B-mini4L,2048,4,0,4080201688,4080201688,4031343928,4043561473,12213405,"[12215565, 12213319, 12211331]"
0,324,meta-llama/Llama-3.1-8B-mini4L,2048,4,0,4092410760,4092410760,4043561473,4055777038,12211240,"[12213319, 12211331, 12209072]"
0,325,meta-llama/Llama-3.1-8B-mini4L,2048,4,0,4104617832,4104617832,4055777038,4067990357,12209158,"[12211331, 12209072, 12207072]"
0,326,meta-llama/Llama-3.1-8B-mini4L,2048,4,0,4116822896,4116822896,4067990357,4080201688,12207069,"[12209072, 12207072, 12205064]"
0,327,meta-llama/Llama-3.1-8B-mini4L,2048,4,0,4129025686,4129025686,4080201688,4092410760,12204975,"[12207072, 12205064, 12202790]"
0,328,meta-llama/Llama-3.1-8B-mini4L,2048,4,0,4141226456,4141226456,4092410760,4104617832,12202874,"[12205064, 12202790, 12200770]"
0,329,meta-llama/Llama-3.1-8B-mini4L,2048,4,0,4153424944,4153424944,4104617832,4116822896,12200682,"[12202790, 12200770, 12198488]"
0,330,meta-llama/Llama-3.1-8B-mini4L,2048,4,0,4165621400,4165621400,4116822896,4129025686,12198571,"[12200770, 12198488, 12196456]"
0,331,meta-llama/Llama-3.1-8B-mini4L,2048,4,0,4177815820,4177815820,4129025686,4141226456,12196454,"[12198488, 12196456, 12194420]"
0,332,meta-llama/Llama-3.1-8B-mini4L,2048,4,0,4190008200,4190008200,4141226456,4153424944,12194418,"[12196456, 12194420, 12192380]"
0,333,meta-llama/Llama-3.1-8B-mini4L,2048,4,0,4202198270,4202198270,4153424944,4165621400,12192290,"[12194420, 12192380, 12190070]"
0,334,meta-llama/Llama-3.1-8B-mini4L,2048,4,0,4214386026,4214386026,4165621400,4177815820,12190068,"[12192380, 12190070, 12187756]"
0,335,meta-llama/Llama-3.1-8B-mini4L,2048,4,0,4226571988,4226571988,4177815820,4190008200,12187929,"[12190070, 12187756, 12185962]"
0,336,meta-llama/Llama-3.1-8B-mini4L,2048,4,0,4238755624,4238755624,4190008200,4202198270,12185784,"[12187756, 12185962, 12183636]"
0,337,meta-llama/Llama-3.1-8B-mini4L,2048,4,0,4250937188,4250937188,4202198270,4214386026,12183720,"[12185962, 12183636, 12181564]"
0,338,meta-llama/Llama-3.1-8B-mini4L,2048,4,0,4263116414,4263116414,4214386026,4226571988,12181475,"[12183636, 12181564, 12179226]"
0,339,meta-llama/Llama-3.1-8B-mini4L,2048,4,0,4275293556,4275293556,4226571988,4238755624,12179310,"[12181564, 12179226, 12177142]"
0,340,meta-llama/Llama-3.1-8B-mini4L,2048,4,0,4287468347,4287468347,4238755624,4250937188,12177053,"[12179226, 12177142, 12174791]"
0,341,meta-llama/Llama-3.1-8B-mini4L,2048,4,0,4299641750,4299641750,4250937188,4263116414,12175112,"[12177142, 12174791, 12173403]"
0,342,meta-llama/Llama-3.1-8B-mini4L,2048,4,0,4311814113,4311814113,4263116414,4275293556,12173519,"[12174791, 12173403, 12172363]"
0,343,meta-llama/Llama-3.1-8B-mini4L,2048,4,0,4323985174,4323985174,4275293556,4287468347,12172275,"[12173403, 12172363, 12171061]"
0,344,meta-llama/Llama-3.1-8B-mini4L,2048,4,0,4336155191,4336155191,4287468347,4299641750,12171147,"[12172363, 12171061, 12170017]"
0,345,meta-llama/Llama-3.1-8B-mini4L,2048,4,0,4348323898,4348323898,4299641750,4311814113,12169928,"[12171061, 12170017, 12168707]"
0,346,meta-llama/Llama-3.1-8B-mini4L,2048,4,0,4360491553,4360491553,4311814113,4323985174,12168793,"[12170017, 12168707, 12167655]"
0,347,meta-llama/Llama-3.1-8B-mini4L,2048,4,0,4372658152,4372658152,4323985174,4336155191,12167653,"[12168707, 12167655, 12166599]"
0,348,meta-llama/Llama-3.1-8B-mini4L,2048,4,0,4384823695,4384823695,4336155191,4348323898,12166599,"[12167655, 12166599, 12165543]"
0,349,meta-llama/Llama-3.1-8B-mini4L,2048,4,0,4396987916,4396987916,4348323898,4360491553,12165454,"[12166599, 12165543, 12164221]"
0,350,meta-llama/Llama-3.1-8B-mini4L,2048,4,0,4409150811,4409150811,4360491553,4372658152,12164219,"[12165543, 12164221, 12162895]"
0,351,meta-llama/Llama-3.1-8B-mini4L,2048,4,0,4421312900,4421312900,4372658152,4384823695,12163068,"[12164221, 12162895, 12162089]"
0,352,meta-llama/Llama-3.1-8B-mini4L,2048,4,0,4433473655,4433473655,4384823695,4396987916,12161913,"[12162895, 12162089, 12160755]"
0,353,meta-llama/Llama-3.1-8B-mini4L,2048,4,0,4445633338,4445633338,4396987916,4409150811,12160842,"[12162089, 12160755, 12159683]"
0,354,meta-llama/Llama-3.1-8B-mini4L,2048,4,0,4457791683,4457791683,4409150811,4421312900,12159594,"[12160755, 12159683, 12158345]"
0,355,meta-llama/Llama-3.1-8B-mini4L,2048,4,0,4469948948,4469948948,4421312900,4433473655,12158431,"[12159683, 12158345, 12157265]"
0,356,meta-llama/Llama-3.1-8B-mini4L,2048,4,0,4482104867,4482104867,4433473655,4445633338,12157176,"[12158345, 12157265, 12155919]"
0,357,meta-llama/Llama-3.1-8B-mini4L,2048,4,0,4494259698,4494259698,4445633338,4457791683,12156005,"[12157265, 12155919, 12154831]"
0,358,meta-llama/Llama-3.1-8B-mini4L,2048,4,0,4506413441,4506413441,4457791683,4469948948,12154831,"[12155919, 12154831, 12153743]"
0,359,meta-llama/Llama-3.1-8B-mini4L,2048,4,0,4518565829,4518565829,4469948948,4482104867,12153654,"[12154831, 12153743, 12152388]"
0,360,meta-llama/Llama-3.1-8B-mini4L,2048,4,0,4530717117,4530717117,4482104867,4494259698,12152473,"[12153743, 12152388, 12151288]"
0,361,meta-llama/Llama-3.1-8B-mini4L,2048,4,0,4542867043,4542867043,4494259698,4506413441,12151200,"[12152388, 12151288, 12149926]"
0,362,meta-llama/Llama-3.1-8B-mini4L,2048,4,0,4555015865,4555015865,4506413441,4518565829,12150012,"[12151288, 12149926, 12148822]"
0,363,meta-llama/Llama-3.1-8B-mini4L,2048,4,0,4567163583,4567163583,4518565829,4530717117,12148822,"[12149926, 12148822, 12147718]"
0,364,meta-llama/Llama-3.1-8B-mini4L,2048,4,0,4579310189,4579310189,4530717117,4542867043,12147715,"[12148822, 12147718, 12146606]"
0,365,meta-llama/Llama-3.1-8B-mini4L,2048,4,0,4591455417,4591455417,4542867043,4555015865,12146517,"[12147718, 12146606, 12145228]"
0,366,meta-llama/Llama-3.1-8B-mini4L,2048,4,0,4603599267,4603599267,4555015865,4567163583,12145228,"[12146606, 12145228, 12143850]"
0,367,meta-llama/Llama-3.1-8B-mini4L,2048,4,0,4615742259,4615742259,4567163583,4579310189,12144023,"[12145228, 12143850, 12142992]"
0,368,meta-llama/Llama-3.1-8B-mini4L,2048,4,0,4627883865,4627883865,4579310189,4591455417,12142816,"[12143850, 12142992, 12141606]"
0,369,meta-llama/Llama-3.1-8B-mini4L,2048,4,0,4640024339,4640024339,4591455417,4603599267,12141690,"[12142992, 12141606, 12140474]"
0,370,meta-llama/Llama-3.1-8B-mini4L,2048,4,0,4652163419,4652163419,4603599267,4615742259,12140386,"[12141606, 12140474, 12139080]"
0,371,meta-llama/Llama-3.1-8B-mini4L,2048,4,0,4664301367,4664301367,4615742259,4627883865,12139167,"[12140474, 12139080, 12137948]"
0,372,meta-llama/Llama-3.1-8B-mini4L,2048,4,0,4676437913,4676437913,4627883865,4640024339,12137858,"[12139080, 12137948, 12136546]"
0,373,meta-llama/Llama-3.1-8B-mini4L,2048,4,0,4688573315,4688573315,4640024339,4652163419,12136632,"[12137948, 12136546, 12135402]"
0,374,meta-llama/Llama-3.1-8B-mini4L,2048,4,0,4700707569,4700707569,4652163419,4664301367,12135400,"[12136546, 12135402, 12134254]"
0,375,meta-llama/Llama-3.1-8B-mini4L,2048,4,0,4712840413,4712840413,4664301367,4676437913,12134166,"[12135402, 12134254, 12132844]"
0,376,meta-llama/Llama-3.1-8B-mini4L,2048,4,0,4724972101,4724972101,4676437913,4688573315,12132928,"[12134254, 12132844, 12131688]"
0,377,meta-llama/Llama-3.1-8B-mini4L,2048,4,0,4737102370,4737102370,4688573315,4700707569,12131600,"[12132844, 12131688, 12130269]"
0,378,meta-llama/Llama-3.1-8B-mini4L,2048,4,0,4749231475,4749231475,4700707569,4712840413,12130354,"[12131688, 12130269, 12129105]"
0,379,meta-llama/Llama-3.1-8B-mini4L,2048,4,0,4761359416,4761359416,4712840413,4724972101,12129105,"[12130269, 12129105, 12127941]"
0,380,meta-llama/Llama-3.1-8B-mini4L,2048,4,0,4773486189,4773486189,4724972101,4737102370,12127939,"[12129105, 12127941, 12126773]"
0,381,meta-llama/Llama-3.1-8B-mini4L,2048,4,0,4785611524,4785611524,4737102370,4749231475,12126683,"[12127941, 12126773, 12125335]"
0,382,meta-llama/Llama-3.1-8B-mini4L,2048,4,0,4797735421,4797735421,4749231475,4761359416,12125335,"[12126773, 12125335, 12123897]"
0,383,meta-llama/Llama-3.1-8B-mini4L,2048,4,0,4809858400,4809858400,4761359416,4773486189,12124070,"[12125335, 12123897, 12122979]"
0,384,meta-llama/Llama-3.1-8B-mini4L,2048,4,0,4821979929,4821979929,4773486189,4785611524,12122801,"[12123897, 12122979, 12121529]"
0,385,meta-llama/Llama-3.1-8B-mini4L,2048,4,0,4834100270,4834100270,4785611524,4797735421,12121616,"[12122979, 12121529, 12120341]"
0,386,meta-llama/Llama-3.1-8B-mini4L,2048,4,0,4846219157,4846219157,4797735421,4809858400,12120252,"[12121529, 12120341, 12118887]"
0,387,meta-llama/Llama-3.1-8B-mini4L,2048,4,0,4858336848,4858336848,4809858400,4821979929,12118973,"[12120341, 12118887, 12117691]"
0,388,meta-llama/Llama-3.1-8B-mini4L,2048,4,0,4870453073,4870453073,4821979929,4834100270,12117601,"[12118887, 12117691, 12116225]"
0,389,meta-llama/Llama-3.1-8B-mini4L,2048,4,0,4882568094,4882568094,4834100270,4846219157,12116312,"[12117691, 12116225, 12115021]"
0,390,meta-llama/Llama-3.1-8B-mini4L,2048,4,0,4894681907,4894681907,4846219157,4858336848,12115019,"[12116225, 12115021, 12113813]"
0,391,meta-llama/Llama-3.1-8B-mini4L,2048,4,0,4906794242,4906794242,4858336848,4870453073,12113723,"[12115021, 12113813, 12112335]"
0,392,meta-llama/Llama-3.1-8B-mini4L,2048,4,0,4918905361,4918905361,4870453073,4882568094,12112422,"[12113813, 12112335, 12111119]"
0,393,meta-llama/Llama-3.1-8B-mini4L,2048,4,0,4931014994,4931014994,4882568094,4894681907,12111029,"[12112335, 12111119, 12109633]"
0,394,meta-llama/Llama-3.1-8B-mini4L,2048,4,0,4943123403,4943123403,4894681907,4906794242,12109720,"[12111119, 12109633, 12108409]"
0,395,meta-llama/Llama-3.1-8B-mini4L,2048,4,0,4955230580,4955230580,4906794242,4918905361,12108406,"[12109633, 12108409, 12107177]"
0,396,meta-llama/Llama-3.1-8B-mini4L,2048,4,0,5009215372,5009215372,4918905361,4931014994,26066792,"[12108409, 12107177, 53984792]"
0,397,meta-llama/Llama-3.1-8B-mini4L,2048,4,0,5023999291,5023999291,4931014994,4943123403,26958629,"[12107177, 53984792, 14783919]"
0,398,meta-llama/Llama-3.1-8B-mini4L,2048,4,0,5038783362,5038783362,4943123403,4955230580,27850927,"[53984792, 14783919, 14784071]"
0,399,meta-llama/Llama-3.1-8B-mini4L,2048,4,0,5053567729,5053567729,4955230580,5009215372,14784119,"[14783919, 14784071, 14784367]"
0,400,meta-llama/Llama-3.1-8B-mini4L,2056,4,3000000000,5053567729,2053567729,1955230580,2009215372,14784119,"[14783919, 14784071, 14784367]"
0,401,meta-llama/Llama-3.1-8B-mini4L,2056,4,3000000000,5053567729,2053567729,1955230580,2009215372,14784119,"[14783919, 14784071, 14784367]"
0,402,meta-llama/Llama-3.1-8B-mini4L,2056,4,3000000000,5053567729,2053567729,1955230580,2009215372,14784119,"[14783919, 14784071, 14784367]"
0,403,meta-llama/Llama-3.1-8B-mini4L,2056,4,3000000000,5053567729,2053567729,1955230580,2009215372,14784119,"[14783919, 14784071, 14784367]"
0,404,meta-llama/Llama-3.1-8B-mini4L,2056,4,3000000000,5111036485,2111036485,2009215372,2023999291,29012398,"[14784071, 14784367, 57468756]"
0,405,meta-llama/Llama-3.1-8B-mini4L,2056,4,3000000000,5125820852,2125820852,2023999291,2038783362,29012496,"[14784367, 57468756, 14784367]"
0,406,meta-llama/Llama-3.1-8B-mini4L,2056,4,3000000000,5140605359,2140605359,2038783362,2053567729,29012543,"[57468756, 14784367, 14784507]"
0,407,meta-llama/Llama-3.1-8B-mini4L,2056,4,3000000000,5155389866,2155389866,2053567729,2111036485,14784460,"[14784367, 14784507, 14784507]"
0,408,meta-llama/Llama-3.1-8B-mini4L,2056,4,3000000000,5155389866,2155389866,2053567729,2111036485,14784460,"[14784367, 14784507, 14784507]"
0,409,meta-llama/Llama-3.1-8B-mini4L,2056,4,3000000000,5155389866,2155389866,2053567729,2111036485,14784460,"[14784367, 14784507, 14784507]"
0,410,meta-llama/Llama-3.1-8B-mini4L,2056,4,3000000000,5155389866,2155389866,2053567729,2111036485,14784460,"[14784367, 14784507, 14784507]"
0,411,meta-llama/Llama-3.1-8B-mini4L,2056,4,3000000000,5155389866,2155389866,2053567729,2111036485,14784460,"[14784367, 14784507, 14784507]"
0,412,meta-llama/Llama-3.1-8B-mini4L,2056,4,3000000000,5212858622,2212858622,2111036485,2125820852,29012590,"[14784507, 14784507, 57468756]"
0,413,meta-llama/Llama-3.1-8B-mini4L,2056,4,3000000000,5227642989,2227642989,2125820852,2140605359,29012543,"[14784507, 57468756, 14784367]"
0,414,meta-llama/Llama-3.1-8B-mini4L,2056,4,3000000000,5242427496,2242427496,2140605359,2155389866,29012543,"[57468756, 14784367, 14784507]"
0,415,meta-llama/Llama-3.1-8B-mini4L,2056,4,3000000000,5257212003,2257212003,2155389866,2212858622,14784460,"[14784367, 14784507, 14784507]"
0,416,meta-llama/Llama-3.1-8B-mini4L,2056,4,3000000000,5257212003,2257212003,2155389866,2212858622,14784460,"[14784367, 14784507, 14784507]"
0,417,meta-llama/Llama-3.1-8B-mini4L,2056,4,3000000000,5257212003,2257212003,2155389866,2212858622,14784460,"[14784367, 14784507, 14784507]"
0,418,meta-llama/Llama-3.1-8B-mini4L,2056,4,3000000000,5257212003,2257212003,2155389866,2212858622,14784460,"[14784367, 14784507, 14784507]"
0,419,meta-llama/Llama-3.1-8B-mini4L,2056,4,3000000000,5257212003,2257212003,2155389866,2212858622,14784460,"[14784367, 14784507, 14784507]"
0,420,meta-llama/Llama-3.1-8B-mini4L,2056,4,3000000000,5314680759,2314680759,2212858622,2227642989,29012590,"[14784507, 14784507, 57468756]"
0,421,meta-llama/Llama-3.1-8B-mini4L,2056,4,3000000000,5329465126,2329465126,2227642989,2242427496,29012543,"[14784507, 57468756, 14784367]"
0,422,meta-llama/Llama-3.1-8B-mini4L,2056,4,3000000000,5344249633,2344249633,2242427496,2257212003,29012543,"[57468756, 14784367, 14784507]"
0,423,meta-llama/Llama-3.1-8B-mini4L,2056,4,3000000000,5359034140,2359034140,2257212003,2314680759,14784460,"[14784367, 14784507, 14784507]"
0,424,meta-llama/Llama-3.1-8B-mini4L,2056,4,3000000000,5359034140,2359034140,2257212003,2314680759,14784460,"[14784367, 14784507, 14784507]"
0,425,meta-llama/Llama-3.1-8B-mini4L,2056,4,3000000000,5359034140,2359034140,2257212003,2314680759,14784460,"[14784367, 14784507, 14784507]"
0,426,meta-llama/Llama-3.1-8B-mini4L,2056,4,3000000000,5359034140,2359034140,2257212003,2314680759,14784460,"[14784367, 14784507, 14784507]"
0,427,meta-llama/Llama-3.1-8B-mini4L,2056,4,3000000000,5359034140,2359034140,2257212003,2314680759,14784460,"[14784367, 14784507, 14784507]"
0,428,meta-llama/Llama-3.1-8B-mini4L,2056,4,3000000000,5416502896,2416502896,2314680759,2329465126,29012590,"[14784507, 14784507, 57468756]"
0,429,meta-llama/Llama-3.1-8B-mini4L,2056,4,3000000000,5431287263,2431287263,2329465126,2344249633,29012543,"[14784507, 57468756, 14784367]"
0,430,meta-llama/Llama-3.1-8B-mini4L,2056,4,3000000000,5446071770,2446071770,2344249633,2359034140,29012543,"[57468756, 14784367, 14784507]"
0,431,meta-llama/Llama-3.1-8B-mini4L,2056,4,3000000000,5460856277,2460856277,2359034140,2416502896,14784460,"[14784367, 14784507, 14784507]"
0,432,meta-llama/Llama-3.1-8B-mini4L,2056,4,3000000000,5460856277,2460856277,2359034140,2416502896,14784460,"[14784367, 14784507, 14784507]"
0,433,meta-llama/Llama-3.1-8B-mini4L,2056,4,3000000000,5460856277,2460856277,2359034140,2416502896,14784460,"[14784367, 14784507, 14784507]"
0,434,meta-llama/Llama-3.1-8B-mini4L,2056,4,3000000000,5460856277,2460856277,2359034140,2416502896,14784460,"[14784367, 14784507, 14784507]"
0,435,meta-llama/Llama-3.1-8B-mini4L,2056,4,3000000000,5460856277,2460856277,2359034140,2416502896,14784460,"[14784367, 14784507, 14784507]"
0,436,meta-llama/Llama-3.1-8B-mini4L,2056,4,3000000000,5518325033,2518325033,2416502896,2431287263,29012590,"[14784507, 14784507, 57468756]"
0,437,meta-llama/Llama-3.1-8B-mini4L,2056,4,3000000000,5533109400,2533109400,2431287263,2446071770,29012543,"[14784507, 57468756, 14784367]"
0,438,meta-llama/Llama-3.1-8B-mini4L,2056,4,3000000000,5547893907,2547893907,2446071770,2460856277,29012543,"[57468756, 14784367, 14784507]"
0,439,meta-llama/Llama-3.1-8B-mini4L,2056,4,3000000000,5562678414,2562678414,2460856277,2518325033,14784460,"[14784367, 14784507, 14784507]"
0,440,meta-llama/Llama-3.1-8B-mini4L,2056,4,3000000000,5562678414,2562678414,2460856277,2518325033,14784460,"[14784367, 14784507, 14784507]"
0,441,meta-llama/Llama-3.1-8B-mini4L,2056,4,3000000000,5562678414,2562678414,2460856277,2518325033,14784460,"[14784367, 14784507, 14784507]"
0,442,meta-llama/Llama-3.1-8B-mini4L,2056,4,3000000000,5562678414,2562678414,2460856277,2518325033,14784460,"[14784367, 14784507, 14784507]"
0,443,meta-llama/Llama-3.1-8B-mini4L,2056,4,3000000000,5562678414,2562678414,2460856277,2518325033,14784460,"[14784367, 14784507, 14784507]"
0,444,meta-llama/Llama-3.1-8B-mini4L,2056,4,3000000000,5620147170,2620147170,2518325033,2533109400,29012590,"[14784507, 14784507, 57468756]"
0,445,meta-llama/Llama-3.1-8B-mini4L,2056,4,3000000000,5634931537,2634931537,2533109400,2547893907,29012543,"[14784507, 57468756, 14784367]"
0,446,meta-llama/Llama-3.1-8B-mini4L,2056,4,3000000000,5649716044,2649716044,2547893907,2562678414,29012543,"[57468756, 14784367, 14784507]"
0,447,meta-llama/Llama-3.1-8B-mini4L,2056,4,3000000000,5664500551,2664500551,2562678414,2620147170,14784460,"[14784367, 14784507, 14784507]"
0,448,meta-llama/Llama-3.1-8B-mini4L,2056,4,3000000000,5664500551,2664500551,2562678414,2620147170,14784460,"[14784367, 14784507, 14784507]"
0,449,meta-llama/Llama-3.1-8B-mini4L,2056,4,3000000000,5664500551,2664500551,2562678414,2620147170,14784460,"[14784367, 14784507, 14784507]"
0,450,meta-llama/Llama-3.1-8B-mini4L,2056,4,3000000000,5664500551,2664500551,2562678414,2620147170,14784460,"[14784367, 14784507, 14784507]"
0,451,meta-llama/Llama-3.1-8B-mini4L,2056,4,3000000000,5664500551,2664500551,2562678414,2620147170,14784460,"[14784367, 14784507, 14784507]"
0,452,meta-llama/Llama-3.1-8B-mini4L,2056,4,3000000000,5721969307,2721969307,2620147170,2634931537,29012590,"[14784507, 14784507, 57468756]"
0,453,meta-llama/Llama-3.1-8B-mini4L,2056,4,3000000000,5736753674,2736753674,2634931537,2649716044,29012543,"[14784507, 57468756, 14784367]"
0,454,meta-llama/Llama-3.1-8B-mini4L,2056,4,3000000000,5751538181,2751538181,2649716044,2664500551,29012543,"[57468756, 14784367, 14784507]"
0,455,meta-llama/Llama-3.1-8B-mini4L,2056,4,3000000000,5766322688,2766322688,2664500551,2721969307,14784460,"[14784367, 14784507, 14784507]"
0,456,meta-llama/Llama-3.1-8B-mini4L,2056,4,3000000000,5766322688,2766322688,2664500551,2721969307,14784460,"[14784367, 14784507, 14784507]"
0,457,meta-llama/Llama-3.1-8B-mini4L,2056,4,3000000000,5766322688,2766322688,2664500551,2721969307,14784460,"[14784367, 14784507, 14784507]"
0,458,meta-llama/Llama-3.1-8B-mini4L,2056,4,3000000000,5766322688,2766322688,2664500551,2721969307,14784460,"[14784367, 14784507, 14784507]"
0,459,meta-llama/Llama-3.1-8B-mini4L,2056,4,3000000000,5766322688,2766322688,2664500551,2721969307,14784460,"[14784367, 14784507, 14784507]"
0,460,meta-llama/Llama-3.1-8B-mini4L,2056,4,3000000000,5823791444,2823791444,2721969307,2736753674,29012590,"[14784507, 14784507, 57468756]"
0,461,meta-llama/Llama-3.1-8B-mini4L,2056,4,3000000000,5838575811,2838575811,2736753674,2751538181,29012543,"[14784507, 57468756, 14784367]"
0,462,meta-llama/Llama-3.1-8B-mini4L,2056,4,3000000000,5853360318,2853360318,2751538181,2766322688,29012543,"[57468756, 14784367, 14784507]"
0,463,meta-llama/Llama-3.1-8B-mini4L,2056,4,3000000000,5868144825,2868144825,2766322688,2823791444,14784460,"[14784367, 14784507, 14784507]"
0,464,meta-llama/Llama-3.1-8B-mini4L,2056,4,3000000000,5868144825,2868144825,2766322688,2823791444,14784460,"[14784367, 14784507, 14784507]"
0,465,meta-llama/Llama-3.1-8B-mini4L,2056,4,3000000000,5868144825,2868144825,2766322688,2823791444,14784460,"[14784367, 14784507, 14784507]"
0,466,meta-llama/Llama-3.1-8B-mini4L,2056,4,3000000000,5868144825,2868144825,2766322688,2823791444,14784460,"[14784367, 14784507, 14784507]"
0,467,meta-llama/Llama-3.1-8B-mini4L,2056,4,3000000000,5868144825,2868144825,2766322688,2823791444,14784460,"[14784367, 14784507, 14784507]"
0,468,meta-llama/Llama-3.1-8B-mini4L,2056,4,3000000000,5925613581,2925613581,2823791444,2838575811,29012590,"[14784507, 14784507, 57468756]"
0,469,meta-llama/Llama-3.1-8B-mini4L,2056,4,3000000000,5940397948,2940397948,2838575811,2853360318,29012543,"[14784507, 57468756, 14784367]"
0,470,meta-llama/Llama-3.1-8B-mini4L,2056,4,3000000000,5955182455,2955182455,2853360318,2868144825,29012543,"[57468756, 14784367, 14784507]"
0,471,meta-llama/Llama-3.1-8B-mini4L,2056,4,3000000000,5969966962,2969966962,2868144825,2925613581,14784460,"[14784367, 14784507, 14784507]"
0,472,meta-llama/Llama-3.1-8B-mini4L,2056,4,3000000000,5969966962,2969966962,2868144825,2925613581,14784460,"[14784367, 14784507, 14784507]"
0,473,meta-llama/Llama-3.1-8B-mini4L,2056,4,3000000000,5969966962,2969966962,2868144825,2925613581,14784460,"[14784367, 14784507, 14784507]"
0,474,meta-llama/Llama-3.1-8B-mini4L,2056,4,3000000000,5969966962,2969966962,2868144825,2925613581,14784460,"[14784367, 14784507, 14784507]"
0,475,meta-llama/Llama-3.1-8B-mini4L,2056,4,3000000000,5969966962,2969966962,2868144825,2925613581,14784460,"[14784367, 14784507, 14784507]"
0,476,meta-llama/Llama-3.1-8B-mini4L,2056,4,3000000000,6027435718,3027435718,2925613581,2940397948,29012590,"[14784507, 14784507, 57468756]"
0,477,meta-llama/Llama-3.1-8B-mini4L,2056,4,3000000000,6042220085,3042220085,2940397948,2955182455,29012543,"[14784507, 57468756, 14784367]"
0,478,meta-llama/Llama-3.1-8B-mini4L,2056,4,3000000000,6057004592,3057004592,2955182455,2969966962,29012543,"[57468756, 14784367, 14784507]"
0,479,meta-llama/Llama-3.1-8B-mini4L,2056,4,3000000000,6071789099,3071789099,2969966962,3027435718,14784460,"[14784367, 14784507, 14784507]"
0,480,meta-llama/Llama-3.1-8B-mini4L,2056,4,3000000000,6071789099,3071789099,2969966962,3027435718,14784460,"[14784367, 14784507, 14784507]"
0,481,meta-llama/Llama-3.1-8B-mini4L,2056,4,3000000000,6071789099,3071789099,2969966962,3027435718,14784460,"[14784367, 14784507, 14784507]"
0,482,meta-llama/Llama-3.1-8B-mini4L,2056,4,3000000000,6071789099,3071789099,2969966962,3027435718,14784460,"[14784367, 14784507, 14784507]"
0,483,meta-llama/Llama-3.1-8B-mini4L,2056,4,3000000000,6071789099,3071789099,2969966962,3027435718,14784460,"[14784367, 14784507, 14784507]"
0,484,meta-llama/Llama-3.1-8B-mini4L,2056,4,3000000000,6129257855,3129257855,3027435718,3042220085,29012590,"[14784507, 14784507, 57468756]"
0,485,meta-llama/Llama-3.1-8B-mini4L,2056,4,3000000000,6144042222,3144042222,3042220085,3057004592,29012543,"[14784507, 57468756, 14784367]"
0,486,meta-llama/Llama-3.1-8B-mini4L,2056,4,3000000000,6158826729,3158826729,3057004592,3071789099,29012543,"[57468756, 14784367, 14784507]"
0,487,meta-llama/Llama-3.1-8B-mini4L,2056,4,3000000000,6173611236,3173611236,3071789099,3129257855,14784460,"[14784367, 14784507, 14784507]"
0,488,meta-llama/Llama-3.1-8B-mini4L,2056,4,3000000000,6173611236,3173611236,3071789099,3129257855,14784460,"[14784367, 14784507, 14784507]"
0,489,meta-llama/Llama-3.1-8B-mini4L,2056,4,3000000000,6173611236,3173611236,3071789099,3129257855,14784460,"[14784367, 14784507, 14784507]"
0,490,meta-llama/Llama-3.1-8B-mini4L,2056,4,3000000000,6173611236,3173611236,3071789099,3129257855,14784460,"[14784367, 14784507, 14784507]"
0,491,meta-llama/Llama-3.1-8B-mini4L,2056,4,3000000000,6173611236,3173611236,3071789099,3129257855,14784460,"[14784367, 14784507, 14784507]"
0,492,meta-llama/Llama-3.1-8B-mini4L,2056,4,3000000000,6231079992,3231079992,3129257855,3144042222,29012590,"[14784507, 14784507, 57468756]"
0,493,meta-llama/Llama-3.1-8B-mini4L,2056,4,3000000000,6245864359,3245864359,3144042222,3158826729,29012543,"[14784507, 57468756, 14784367]"
0,494,meta-llama/Llama-3.1-8B-mini4L,2056,4,3000000000,6260648866,3260648866,3158826729,3173611236,29012543,"[57468756, 14784367, 14784507]"
0,495,meta-llama/Llama-3.1-8B-mini4L,2056,4,3000000000,6275433373,3275433373,3173611236,3231079992,14784460,"[14784367, 14784507, 14784507]"
0,496,meta-llama/Llama-3.1-8B-mini4L,2056,4,3000000000,6275433373,3275433373,3173611236,3231079992,14784460,"[14784367, 14784507, 14784507]"
0,497,meta-llama/Llama-3.1-8B-mini4L,2056,4,3000000000,6275433373,3275433373,3173611236,3231079992,14784460,"[14784367, 14784507, 14784507]"
0,498,meta-llama/Llama-3.1-8B-mini4L,2056,4,3000000000,6275433373,3275433373,3173611236,3231079992,14784460,"[14784367, 14784507, 14784507]"
0,499,meta-llama/Llama-3.1-8B-mini4L,2056,4,3000000000,6275433373,3275433373,3173611236,3231079992,14784460,"[14784367, 14784507, 14784507]"
0,500,meta-llama/Llama-3.1-8B-mini4L,2056,4,3000000000,6332902129,3332902129,3231079992,3245864359,29012590,"[14784507, 14784507, 57468756]"
0,501,meta-llama/Llama-3.1-8B-mini4L,2056,4,3000000000,6347686496,3347686496,3245864359,3260648866,29012543,"[14784507, 57468756, 14784367]"
0,502,meta-llama/Llama-3.1-8B-mini4L,2056,4,3000000000,6362471003,3362471003,3260648866,3275433373,29012543,"[57468756, 14784367, 14784507]"
0,503,meta-llama/Llama-3.1-8B-mini4L,2056,4,3000000000,6377255510,3377255510,3275433373,3332902129,14784460,"[14784367, 14784507, 14784507]"
0,504,meta-llama/Llama-3.1-8B-mini4L,2056,4,3000000000,6377255510,3377255510,3275433373,3332902129,14784460,"[14784367, 14784507, 14784507]"
0,505,meta-llama/Llama-3.1-8B-mini4L,2056,4,3000000000,6377255510,3377255510,3275433373,3332902129,14784460,"[14784367, 14784507, 14784507]"
0,506,meta-llama/Llama-3.1-8B-mini4L,2056,4,3000000000,6377255510,3377255510,3275433373,3332902129,14784460,"[14784367, 14784507, 14784507]"
0,507,meta-llama/Llama-3.1-8B-mini4L,2056,4,3000000000,6377255510,3377255510,3275433373,3332902129,14784460,"[14784367, 14784507, 14784507]"
0,508,meta-llama/Llama-3.1-8B-mini4L,2056,4,3000000000,6434724266,3434724266,3332902129,3347686496,29012590,"[14784507, 14784507, 57468756]"
0,509,meta-llama/Llama-3.1-8B-mini4L,2056,4,3000000000,6449508633,3449508633,3347686496,3362471003,29012543,"[14784507, 57468756, 14784367]"
0,510,meta-llama/Llama-3.1-8B-mini4L,2056,4,3000000000,6464293140,3464293140,3362471003,3377255510,29012543,"[57468756, 14784367, 14784507]"
0,511,meta-llama/Llama-3.1-8B-mini4L,2056,4,3000000000,6479077647,3479077647,3377255510,3434724266,14784460,"[14784367, 14784507, 14784507]"
0,512,meta-llama/Llama-3.1-8B-mini4L,2056,4,3000000000,6479077647,3479077647,3377255510,3434724266,14784460,"[14784367, 14784507, 14784507]"
0,513,meta-llama/Llama-3.1-8B-mini4L,2056,4,3000000000,6479077647,3479077647,3377255510,3434724266,14784460,"[14784367, 14784507, 14784507]"
0,514,meta-llama/Llama-3.1-8B-mini4L,2056,4,3000000000,6479077647,3479077647,3377255510,3434724266,14784460,"[14784367, 14784507, 14784507]"
0,515,meta-llama/Llama-3.1-8B-mini4L,2056,4,3000000000,6479077647,3479077647,3377255510,3434724266,14784460,"[14784367, 14784507, 14784507]"
0,516,meta-llama/Llama-3.1-8B-mini4L,2056,4,3000000000,6536546403,3536546403,3434724266,3449508633,29012590,"[14784507, 14784507, 57468756]"
0,517,meta-llama/Llama-3.1-8B-mini4L,2056,4,3000000000,6551330770,3551330770,3449508633,3464293140,29012543,"[14784507, 57468756, 14784367]"
0,518,meta-llama/Llama-3.1-8B-mini4L,2056,4,3000000000,6566115277,3566115277,3464293140,3479077647,29012543,"[57468756, 14784367, 14784507]"
0,519,meta-llama/Llama-3.1-8B-mini4L,2056,4,3000000000,6580899784,3580899784,3479077647,3536546403,14784460,"[14784367, 14784507, 14784507]"
0,520,meta-llama/Llama-3.1-8B-mini4L,2056,4,3000000000,6580899784,3580899784,3479077647,3536546403,14784460,"[14784367, 14784507, 14784507]"
0,521,meta-llama/Llama-3.1-8B-mini4L,2056,4,3000000000,6580899784,3580899784,3479077647,3536546403,14784460,"[14784367, 14784507, 14784507]"
0,522,meta-llama/Llama-3.1-8B-mini4L,2056,4,3000000000,6580899784,3580899784,3479077647,3536546403,14784460,"[14784367, 14784507, 14784507]"
0,523,meta-llama/Llama-3.1-8B-mini4L,2056,4,3000000000,6580899784,3580899784,3479077647,3536546403,14784460,"[14784367, 14784507, 14784507]"
0,524,meta-llama/Llama-3.1-8B-mini4L,2056,4,3000000000,6638368540,3638368540,3536546403,3551330770,29012590,"[14784507, 14784507, 57468756]"
0,525,meta-llama/Llama-3.1-8B-mini4L,2056,4,3000000000,6653152907,3653152907,3551330770,3566115277,29012543,"[14784507, 57468756, 14784367]"
0,526,meta-llama/Llama-3.1-8B-mini4L,2056,4,3000000000,6667937414,3667937414,3566115277,3580899784,29012543,"[57468756, 14784367, 14784507]"
0,527,meta-llama/Llama-3.1-8B-mini4L,2056,4,3000000000,6682721921,3682721921,3580899784,3638368540,14784460,"[14784367, 14784507, 14784507]"
0,528,meta-llama/Llama-3.1-8B-mini4L,2056,4,3000000000,6682721921,3682721921,3580899784,3638368540,14784460,"[14784367, 14784507, 14784507]"
0,529,meta-llama/Llama-3.1-8B-mini4L,2056,4,3000000000,6682721921,3682721921,3580899784,3638368540,14784460,"[14784367, 14784507, 14784507]"
0,530,meta-llama/Llama-3.1-8B-mini4L,2056,4,3000000000,6682721921,3682721921,3580899784,3638368540,14784460,"[14784367, 14784507, 14784507]"
0,531,meta-llama/Llama-3.1-8B-mini4L,2056,4,3000000000,6682721921,3682721921,3580899784,3638368540,14784460,"[14784367, 14784507, 14784507]"
0,532,meta-llama/Llama-3.1-8B-mini4L,2056,4,3000000000,6740190677,3740190677,3638368540,3653152907,29012590,"[14784507, 14784507, 57468756]"
0,533,meta-llama/Llama-3.1-8B-mini4L,2056,4,3000000000,6754975044,3754975044,3653152907,3667937414,29012543,"[14784507, 57468756, 14784367]"
0,534,meta-llama/Llama-3.1-8B-mini4L,2056,4,3000000000,6769759551,3769759551,3667937414,3682721921,29012543,"[57468756, 14784367, 14784507]"
0,535,meta-llama/Llama-3.1-8B-mini4L,2056,4,3000000000,6784544058,3784544058,3682721921,3740190677,14784460,"[14784367, 14784507, 14784507]"
0,536,meta-llama/Llama-3.1-8B-mini4L,2056,4,3000000000,6784544058,3784544058,3682721921,3740190677,14784460,"[14784367, 14784507, 14784507]"
0,537,meta-llama/Llama-3.1-8B-mini4L,2056,4,3000000000,6784544058,3784544058,3682721921,3740190677,14784460,"[14784367, 14784507, 14784507]"
0,538,meta-llama/Llama-3.1-8B-mini4L,2056,4,3000000000,6784544058,3784544058,3682721921,3740190677,14784460,"[14784367, 14784507, 14784507]"
0,539,meta-llama/Llama-3.1-8B-mini4L,2056,4,3000000000,6784544058,3784544058,3682721921,3740190677,14784460,"[14784367, 14784507, 14784507]"
0,540,meta-llama/Llama-3.1-8B-mini4L,2056,4,3000000000,6842012814,3842012814,3740190677,3754975044,29012590,"[14784507, 14784507, 57468756]"
0,541,meta-llama/Llama-3.1-8B-mini4L,2056,4,3000000000,6856797181,3856797181,3754975044,3769759551,29012543,"[14784507, 57468756, 14784367]"
0,542,meta-llama/Llama-3.1-8B-mini4L,2056,4,3000000000,6871581688,3871581688,3769759551,3784544058,29012543,"[57468756, 14784367, 14784507]"
0,543,meta-llama/Llama-3.1-8B-mini4L,2056,4,3000000000,6886366195,3886366195,3784544058,3842012814,14784460,"[14784367, 14784507, 14784507]"
0,544,meta-llama/Llama-3.1-8B-mini4L,2056,4,3000000000,6886366195,3886366195,3784544058,3842012814,14784460,"[14784367, 14784507, 14784507]"
0,545,meta-llama/Llama-3.1-8B-mini4L,2056,4,3000000000,6886366195,3886366195,3784544058,3842012814,14784460,"[14784367, 14784507, 14784507]"
0,546,meta-llama/Llama-3.1-8B-mini4L,2056,4,3000000000,6886366195,3886366195,3784544058,3842012814,14784460,"[14784367, 14784507, 14784507]"
0,547,meta-llama/Llama-3.1-8B-mini4L,2056,4,3000000000,6886366195,3886366195,3784544058,3842012814,14784460,"[14784367, 14784507, 14784507]"
0,548,meta-llama/Llama-3.1-8B-mini4L,2056,4,3000000000,6943834951,3943834951,3842012814,3856797181,29012590,"[14784507, 14784507, 57468756]"
0,549,meta-llama/Llama-3.1-8B-mini4L,2056,4,3000000000,6958619318,3958619318,3856797181,3871581688,29012543,"[14784507, 57468756, 14784367]"
0,550,meta-llama/Llama-3.1-8B-mini4L,2056,4,3000000000,6973403825,3973403825,3871581688,3886366195,29012543,"[57468756, 14784367, 14784507]"
0,551,meta-llama/Llama-3.1-8B-mini4L,2056,4,3000000000,6988188332,3988188332,3886366195,3943834951,14784460,"[14784367, 14784507, 14784507]"
0,552,meta-llama/Llama-3.1-8B-mini4L,2056,4,3000000000,6988188332,3988188332,3886366195,3943834951,14784460,"[14784367, 14784507, 14784507]"
0,553,meta-llama/Llama-3.1-8B-mini4L,2056,4,3000000000,6988188332,3988188332,3886366195,3943834951,14784460,"[14784367, 14784507, 14784507]"
0,554,meta-llama/Llama-3.1-8B-mini4L,2056,4,3000000000,6988188332,3988188332,3886366195,3943834951,14784460,"[14784367, 14784507, 14784507]"
0,555,meta-llama/Llama-3.1-8B-mini4L,2056,4,3000000000,6988188332,3988188332,3886366195,3943834951,14784460,"[14784367, 14784507, 14784507]"
0,556,meta-llama/Llama-3.1-8B-mini4L,2056,4,3000000000,7045657088,4045657088,3943834951,3958619318,29012590,"[14784507, 14784507, 57468756]"
0,557,meta-llama/Llama-3.1-8B-mini4L,2056,4,3000000000,7060441455,4060441455,3958619318,3973403825,29012543,"[14784507, 57468756, 14784367]"
0,558,meta-llama/Llama-3.1-8B-mini4L,2056,4,3000000000,7075225962,4075225962,3973403825,3988188332,29012543,"[57468756, 14784367, 14784507]"
0,559,meta-llama/Llama-3.1-8B-mini4L,2056,4,3000000000,7090010469,4090010469,3988188332,4045657088,14784460,"[14784367, 14784507, 14784507]"
0,560,meta-llama/Llama-3.1-8B-mini4L,2056,4,3000000000,7090010469,4090010469,3988188332,4045657088,14784460,"[14784367, 14784507, 14784507]"
0,561,meta-llama/Llama-3.1-8B-mini4L,2056,4,3000000000,7090010469,4090010469,3988188332,4045657088,14784460,"[14784367, 14784507, 14784507]"
0,562,meta-llama/Llama-3.1-8B-mini4L,2056,4,3000000000,7090010469,4090010469,3988188332,4045657088,14784460,"[14784367, 14784507, 14784507]"
0,563,meta-llama/Llama-3.1-8B-mini4L,2056,4,3000000000,7090010469,4090010469,3988188332,4045657088,14784460,"[14784367, 14784507, 14784507]"
0,564,meta-llama/Llama-3.1-8B-mini4L,2056,4,3000000000,7147479225,4147479225,4045657088,4060441455,29012590,"[14784507, 14784507, 57468756]"
0,565,meta-llama/Llama-3.1-8B-mini4L,2056,4,3000000000,7162263592,4162263592,4060441455,4075225962,29012543,"[14784507, 57468756, 14784367]"
0,566,meta-llama/Llama-3.1-8B-mini4L,2056,4,3000000000,7177048099,4177048099,4075225962,4090010469,29012543,"[57468756, 14784367, 14784507]"
0,567,meta-llama/Llama-3.1-8B-mini4L,2056,4,3000000000,7191832606,4191832606,4090010469,4147479225,14784460,"[14784367, 14784507, 14784507]"
0,568,meta-llama/Llama-3.1-8B-mini4L,2056,4,3000000000,7191832606,4191832606,4090010469,4147479225,14784460,"[14784367, 14784507, 14784507]"
0,569,meta-llama/Llama-3.1-8B-mini4L,2056,4,3000000000,7191832606,4191832606,4090010469,4147479225,14784460,"[14784367, 14784507, 14784507]"
0,570,meta-llama/Llama-3.1-8B-mini4L,2056,4,3000000000,7191832606,4191832606,4090010469,4147479225,14784460,"[14784367, 14784507, 14784507]"
0,571,meta-llama/Llama-3.1-8B-mini4L,2056,4,3000000000,7191832606,4191832606,4090010469,4147479225,14784460,"[14784367, 14784507, 14784507]"
0,572,meta-llama/Llama-3.1-8B-mini4L,2056,4,3000000000,7249301362,4249301362,4147479225,4162263592,29012590,"[14784507, 14784507, 57468756]"
0,573,meta-llama/Llama-3.1-8B-mini4L,2056,4,3000000000,7264085729,4264085729,4162263592,4177048099,29012543,"[14784507, 57468756, 14784367]"
0,574,meta-llama/Llama-3.1-8B-mini4L,2056,4,3000000000,7278870236,4278870236,4177048099,4191832606,29012543,"[57468756, 14784367, 14784507]"
0,575,meta-llama/Llama-3.1-8B-mini4L,2056,4,3000000000,7293654743,4293654743,4191832606,4249301362,14784460,"[14784367, 14784507, 14784507]"
0,576,meta-llama/Llama-3.1-8B-mini4L,2056,4,3000000000,7293654743,4293654743,4191832606,4249301362,14784460,"[14784367, 14784507, 14784507]"
0,577,meta-llama/Llama-3.1-8B-mini4L,2056,4,3000000000,7293654743,4293654743,4191832606,4249301362,14784460,"[14784367, 14784507, 14784507]"
0,578,meta-llama/Llama-3.1-8B-mini4L,2056,4,3000000000,7293654743,4293654743,4191832606,4249301362,14784460,"[14784367, 14784507, 14784507]"
0,579,meta-llama/Llama-3.1-8B-mini4L,2056,4,3000000000,7293654743,4293654743,4191832606,4249301362,14784460,"[14784367, 14784507, 14784507]"
0,580,meta-llama/Llama-3.1-8B-mini4L,2056,4,3000000000,7351123499,4351123499,4249301362,4264085729,29012590,"[14784507, 14784507, 57468756]"
0,581,meta-llama/Llama-3.1-8B-mini4L,2056,4,3000000000,7365907866,4365907866,4264085729,4278870236,29012543,"[14784507, 57468756, 14784367]"
0,582,meta-llama/Llama-3.1-8B-mini4L,2056,4,3000000000,7380692373,4380692373,4278870236,4293654743,29012543,"[57468756, 14784367, 14784507]"
0,583,meta-llama/Llama-3.1-8B-mini4L,2056,4,3000000000,7395476880,4395476880,4293654743,4351123499,14784460,"[14784367, 14784507, 14784507]"
0,584,meta-llama/Llama-3.1-8B-mini4L,2056,4,3000000000,7395476880,4395476880,4293654743,4351123499,14784460,"[14784367, 14784507, 14784507]"
0,585,meta-llama/Llama-3.1-8B-mini4L,2056,4,3000000000,7395476880,4395476880,4293654743,4351123499,14784460,"[14784367, 14784507, 14784507]"
0,586,meta-llama/Llama-3.1-8B-mini4L,2056,4,3000000000,7395476880,4395476880,4293654743,4351123499,14784460,"[14784367, 14784507, 14784507]"
0,587,meta-llama/Llama-3.1-8B-mini4L,2056,4,3000000000,7395476880,4395476880,4293654743,4351123499,14784460,"[14784367, 14784507, 14784507]"
0,588,meta-llama/Llama-3.1-8B-mini4L,2056,4,3000000000,7452945636,4452945636,4351123499,4365907866,29012590,"[14784507, 14784507, 57468756]"
0,589,meta-llama/Llama-3.1-8B-mini4L,2056,4,3000000000,7467730003,4467730003,4365907866,4380692373,29012543,"[14784507, 57468756, 14784367]"
0,590,meta-llama/Llama-3.1-8B-mini4L,2056,4,3000000000,7482514510,4482514510,4380692373,4395476880,29012543,"[57468756, 14784367, 14784507]"
0,591,meta-llama/Llama-3.1-8B-mini4L,2056,4,3000000000,7497299017,4497299017,4395476880,4452945636,14784460,"[14784367, 14784507, 14784507]"
0,592,meta-llama/Llama-3.1-8B-mini4L,2056,4,3000000000,7497299017,4497299017,4395476880,4452945636,14784460,"[14784367, 14784507, 14784507]"
0,593,meta-llama/Llama-3.1-8B-mini4L,2056,4,3000000000,7497299017,4497299017,4395476880,4452945636,14784460,"[14784367, 14784507, 14784507]"
0,594,meta-llama/Llama-3.1-8B-mini4L,2056,4,3000000000,7497299017,4497299017,4395476880,4452945636,14784460,"[14784367, 14784507, 14784507]"
0,595,meta-llama/Llama-3.1-8B-mini4L,2056,4,3000000000,7497299017,4497299017,4395476880,4452945636,14784460,"[14784367, 14784507, 14784507]"
0,596,meta-llama/Llama-3.1-8B-mini4L,2056,4,3000000000,7554767773,4554767773,4452945636,4467730003,29012590,"[14784507, 14784507, 57468756]"
0,597,meta-llama/Llama-3.1-8B-mini4L,2056,4,3000000000,7569552140,4569552140,4467730003,4482514510,29012543,"[14784507, 57468756, 14784367]"
0,598,meta-llama/Llama-3.1-8B-mini4L,2056,4,3000000000,7584336647,4584336647,4482514510,4497299017,29012543,"[57468756, 14784367, 14784507]"
0,599,meta-llama/Llama-3.1-8B-mini4L,2056,4,3000000000,7599121154,4599121154,4497299017,4554767773,14784460,"[14784367, 14784507, 14784507]"
0,600,meta-llama/Llama-3.1-8B-mini4L,2056,4,3000000000,7599121154,4599121154,4497299017,4554767773,14784460,"[14784367, 14784507, 14784507]"
0,601,meta-llama/Llama-3.1-8B-mini4L,2056,4,3000000000,7599121154,4599121154,4497299017,4554767773,14784460,"[14784367, 14784507, 14784507]"
0,602,meta-llama/Llama-3.1-8B-mini4L,2056,4,3000000000,7599121154,4599121154,4497299017,4554767773,14784460,"[14784367, 14784507, 14784507]"
0,603,meta-llama/Llama-3.1-8B-mini4L,2056,4,3000000000,7599121154,4599121154,4497299017,4554767773,14784460,"[14784367, 14784507, 14784507]"
0,604,meta-llama/Llama-3.1-8B-mini4L,2056,4,3000000000,7656589910,4656589910,4554767773,4569552140,29012590,"[14784507, 14784507, 57468756]"
0,605,meta-llama/Llama-3.1-8B-mini4L,2056,4,3000000000,7671374277,4671374277,4569552140,4584336647,29012543,"[14784507, 57468756, 14784367]"
0,606,meta-llama/Llama-3.1-8B-mini4L,2056,4,3000000000,7686158784,4686158784,4584336647,4599121154,29012543,"[57468756, 14784367, 14784507]"
0,607,meta-llama/Llama-3.1-8B-mini4L,2056,4,3000000000,7700943291,4700943291,4599121154,4656589910,14784460,"[14784367, 14784507, 14784507]"
0,608,meta-llama/Llama-3.1-8B-mini4L,2056,4,3000000000,7700943291,4700943291,4599121154,4656589910,14784460,"[14784367, 14784507, 14784507]"
0,609,meta-llama/Llama-3.1-8B-mini4L,2056,4,3000000000,7700943291,4700943291,4599121154,4656589910,14784460,"[14784367, 14784507, 14784507]"
0,610,meta-llama/Llama-3.1-8B-mini4L,2056,4,3000000000,7700943291,4700943291,4599121154,4656589910,14784460,"[14784367, 14784507, 14784507]"
0,611,meta-llama/Llama-3.1-8B-mini4L,2056,4,3000000000,7700943291,4700943291,4599121154,4656589910,14784460,"[14784367, 14784507, 14784507]"
0,612,meta-llama/Llama-3.1-8B-mini4L,2056,4,3000000000,7758412047,4758412047,4656589910,4671374277,29012590,"[14784507, 14784507, 57468756]"
0,613,meta-llama/Llama-3.1-8B-mini4L,2056,4,3000000000,7773196414,4773196414,4671374277,4686158784,29012543,"[14784507, 57468756, 14784367]"
0,614,meta-llama/Llama-3.1-8B-mini4L,2056,4,3000000000,7787980921,4787980921,4686158784,4700943291,29012543,"[57468756, 14784367, 14784507]"
0,615,meta-llama/Llama-3.1-8B-mini4L,2056,4,3000000000,7802765428,4802765428,4700943291,4758412047,14784460,"[14784367, 14784507, 14784507]"
0,616,meta-llama/Llama-3.1-8B-mini4L,2056,4,3000000000,7802765428,4802765428,4700943291,4758412047,14784460,"[14784367, 14784507, 14784507]"
0,617,meta-llama/Llama-3.1-8B-mini4L,2056,4,3000000000,7802765428,4802765428,4700943291,4758412047,14784460,"[14784367, 14784507, 14784507]"
0,618,meta-llama/Llama-3.1-8B-mini4L,2056,4,3000000000,7802765428,4802765428,4700943291,4758412047,14784460,"[14784367, 14784507, 14784507]"
0,619,meta-llama/Llama-3.1-8B-mini4L,2056,4,3000000000,7802765428,4802765428,4700943291,4758412047,14784460,"[14784367, 14784507, 14784507]"
0,620,meta-llama/Llama-3.1-8B-mini4L,2056,4,3000000000,7860234184,4860234184,4758412047,4773196414,29012590,"[14784507, 14784507, 57468756]"
0,621,meta-llama/Llama-3.1-8B-mini4L,2056,4,3000000000,7875018551,4875018551,4773196414,4787980921,29012543,"[14784507, 57468756, 14784367]"
0,622,meta-llama/Llama-3.1-8B-mini4L,2056,4,3000000000,7889803058,4889803058,4787980921,4802765428,29012543,"[57468756, 14784367, 14784507]"
0,623,meta-llama/Llama-3.1-8B-mini4L,2056,4,3000000000,7904587565,4904587565,4802765428,4860234184,14784460,"[14784367, 14784507, 14784507]"
0,624,meta-llama/Llama-3.1-8B-mini4L,2056,4,3000000000,7904587565,4904587565,4802765428,4860234184,14784460,"[14784367, 14784507, 14784507]"
0,625,meta-llama/Llama-3.1-8B-mini4L,2056,4,3000000000,7904587565,4904587565,4802765428,4860234184,14784460,"[14784367, 14784507, 14784507]"
0,626,meta-llama/Llama-3.1-8B-mini4L,2056,4,3000000000,7904587565,4904587565,4802765428,4860234184,14784460,"[14784367, 14784507, 14784507]"
0,627,meta-llama/Llama-3.1-8B-mini4L,2056,4,3000000000,7904587565,4904587565,4802765428,4860234184,14784460,"[14784367, 14784507, 14784507]"
0,628,meta-llama/Llama-3.1-8B-mini4L,2056,4,3000000000,7962056321,4962056321,4860234184,4875018551,29012590,"[14784507, 14784507, 57468756]"
0,629,meta-llama/Llama-3.1-8B-mini4L,2056,4,3000000000,7976840688,4976840688,4875018551,4889803058,29012543,"[14784507, 57468756, 14784367]"
0,630,meta-llama/Llama-3.1-8B-mini4L,2056,4,3000000000,7991625195,4991625195,4889803058,4904587565,29012543,"[57468756, 14784367, 14784507]"
0,631,meta-llama/Llama-3.1-8B-mini4L,2056,4,3000000000,8006409702,5006409702,4904587565,4962056321,14784460,"[14784367, 14784507, 14784507]"
0,632,meta-llama/Llama-3.1-8B-mini4L,2056,4,3000000000,8006409702,5006409702,4904587565,4962056321,14784460,"[14784367, 14784507, 14784507]"
0,633,meta-llama/Llama-3.1-8B-mini4L,2056,4,3000000000,8006409702,5006409702,4904587565,4962056321,14784460,"[14784367, 14784507, 14784507]"
0,634,meta-llama/Llama-3.1-8B-mini4L,2056,4,3000000000,8006409702,5006409702,4904587565,4962056321,14784460,"[14784367, 14784507, 14784507]"
0,635,meta-llama/Llama-3.1-8B-mini4L,2056,4,3000000000,8006409702,5006409702,4904587565,4962056321,14784460,"[14784367, 14784507, 14784507]"
0,636,meta-llama/Llama-3.1-8B-mini4L,2056,4,3000000000,8063878458,5063878458,4962056321,4976840688,29012590,"[14784507, 14784507, 57468756]"
0,637,meta-llama/Llama-3.1-8B-mini4L,2056,4,3000000000,8078662825,5078662825,4976840688,4991625195,29012543,"[14784507, 57468756, 14784367]"
0,638,meta-llama/Llama-3.1-8B-mini4L,2056,4,3000000000,8093447332,5093447332,4991625195,5006409702,29012543,"[57468756, 14784367, 14784507]"
0,639,meta-llama/Llama-3.1-8B-mini4L,2056,4,3000000000,8108231839,5108231839,5006409702,5063878458,14784460,"[14784367, 14784507, 14784507]"
0,640,meta-llama/Llama-3.1-8B-mini4L,2056,4,3000000000,8108231839,5108231839,5006409702,5063878458,14784460,"[14784367, 14784507, 14784507]"
0,641,meta-llama/Llama-3.1-8B-mini4L,2056,4,3000000000,8108231839,5108231839,5006409702,5063878458,14784460,"[14784367, 14784507, 14784507]"
0,642,meta-llama/Llama-3.1-8B-mini4L,2056,4,3000000000,8108231839,5108231839,5006409702,5063878458,14784460,"[14784367, 14784507, 14784507]"
0,643,meta-llama/Llama-3.1-8B-mini4L,2056,4,3000000000,8108231839,5108231839,5006409702,5063878458,14784460,"[14784367, 14784507, 14784507]"
0,644,meta-llama/Llama-3.1-8B-mini4L,2056,4,3000000000,8165700595,5165700595,5063878458,5078662825,29012590,"[14784507, 14784507, 57468756]"
0,645,meta-llama/Llama-3.1-8B-mini4L,2056,4,3000000000,8180484962,5180484962,5078662825,5093447332,29012543,"[14784507, 57468756, 14784367]"
0,646,meta-llama/Llama-3.1-8B-mini4L,2056,4,3000000000,8195269469,5195269469,5093447332,5108231839,29012543,"[57468756, 14784367, 14784507]"
0,647,meta-llama/Llama-3.1-8B-mini4L,2056,4,3000000000,8210053976,5210053976,5108231839,5165700595,14784460,"[14784367, 14784507, 14784507]"
0,648,meta-llama/Llama-3.1-8B-mini4L,2056,4,3000000000,8210053976,5210053976,5108231839,5165700595,14784460,"[14784367, 14784507, 14784507]"
0,649,meta-llama/Llama-3.1-8B-mini4L,2056,4,3000000000,8210053976,5210053976,5108231839,5165700595,14784460,"[14784367, 14784507, 14784507]"
0,650,meta-llama/Llama-3.1-8B-mini4L,2056,4,3000000000,8210053976,5210053976,5108231839,5165700595,14784460,"[14784367, 14784507, 14784507]"
0,651,meta-llama/Llama-3.1-8B-mini4L,2056,4,3000000000,8210053976,5210053976,5108231839,5165700595,14784460,"[14784367, 14784507, 14784507]"
0,652,meta-llama/Llama-3.1-8B-mini4L,2056,4,3000000000,8267522732,5267522732,5165700595,5180484962,29012590,"[14784507, 14784507, 57468756]"
0,653,meta-llama/Llama-3.1-8B-mini4L,2056,4,3000000000,8282307099,5282307099,5180484962,5195269469,29012543,"[14784507, 57468756, 14784367]"
0,654,meta-llama/Llama-3.1-8B-mini4L,2056,4,3000000000,8297091606,5297091606,5195269469,5210053976,29012543,"[57468756, 14784367, 14784507]"
0,655,meta-llama/Llama-3.1-8B-mini4L,2056,4,3000000000,8311876113,5311876113,5210053976,5267522732,14784460,"[14784367, 14784507, 14784507]"
0,656,meta-llama/Llama-3.1-8B-mini4L,2056,4,3000000000,8311876113,5311876113,5210053976,5267522732,14784460,"[14784367, 14784507, 14784507]"
0,657,meta-llama/Llama-3.1-8B-mini4L,2056,4,3000000000,8311876113,5311876113,5210053976,5267522732,14784460,"[14784367, 14784507, 14784507]"
0,658,meta-llama/Llama-3.1-8B-mini4L,2056,4,3000000000,8311876113,5311876113,5210053976,5267522732,14784460,"[14784367, 14784507, 14784507]"
0,659,meta-llama/Llama-3.1-8B-mini4L,2056,4,3000000000,8311876113,5311876113,5210053976,5267522732,14784460,"[14784367, 14784507, 14784507]"
0,660,meta-llama/Llama-3.1-8B-mini4L,2056,4,3000000000,8369344869,5369344869,5267522732,5282307099,29012590,"[14784507, 14784507, 57468756]"
0,661,meta-llama/Llama-3.1-8B-mini4L,2056,4,3000000000,8384129236,5384129236,5282307099,5297091606,29012543,"[14784507, 57468756, 14784367]"
0,662,meta-llama/Llama-3.1-8B-mini4L,2056,4,3000000000,8398913743,5398913743,5297091606,5311876113,29012543,"[57468756, 14784367, 14784507]"
0,663,meta-llama/Llama-3.1-8B-mini4L,2056,4,3000000000,8413698250,5413698250,5311876113,5369344869,14784460,"[14784367, 14784507, 14784507]"
0,664,meta-llama/Llama-3.1-8B-mini4L,2056,4,3000000000,8413698250,5413698250,5311876113,5369344869,14784460,"[14784367, 14784507, 14784507]"
0,665,meta-llama/Llama-3.1-8B-mini4L,2056,4,3000000000,8413698250,5413698250,5311876113,5369344869,14784460,"[14784367, 14784507, 14784507]"
0,666,meta-llama/Llama-3.1-8B-mini4L,2056,4,3000000000,8413698250,5413698250,5311876113,5369344869,14784460,"[14784367, 14784507, 14784507]"
0,667,meta-llama/Llama-3.1-8B-mini4L,2056,4,3000000000,8413698250,5413698250,5311876113,5369344869,14784460,"[14784367, 14784507, 14784507]"
0,668,meta-llama/Llama-3.1-8B-mini4L,2056,4,3000000000,8471167006,5471167006,5369344869,5384129236,29012590,"[14784507, 14784507, 57468756]"
0,669,meta-llama/Llama-3.1-8B-mini4L,2056,4,3000000000,8485951373,5485951373,5384129236,5398913743,29012543,"[14784507, 57468756, 14784367]"
0,670,meta-llama/Llama-3.1-8B-mini4L,2056,4,3000000000,8500735880,5500735880,5398913743,5413698250,29012543,"[57468756, 14784367, 14784507]"
0,671,meta-llama/Llama-3.1-8B-mini4L,2056,4,3000000000,8515520387,5515520387,5413698250,5471167006,14784460,"[14784367, 14784507, 14784507]"
0,672,meta-llama/Llama-3.1-8B-mini4L,2056,4,3000000000,8515520387,5515520387,5413698250,5471167006,14784460,"[14784367, 14784507, 14784507]"
0,673,meta-llama/Llama-3.1-8B-mini4L,2056,4,3000000000,8515520387,5515520387,5413698250,5471167006,14784460,"[14784367, 14784507, 14784507]"
0,674,meta-llama/Llama-3.1-8B-mini4L,2056,4,3000000000,8515520387,5515520387,5413698250,5471167006,14784460,"[14784367, 14784507, 14784507]"
0,675,meta-llama/Llama-3.1-8B-mini4L,2056,4,3000000000,8515520387,5515520387,5413698250,5471167006,14784460,"[14784367, 14784507, 14784507]"
0,676,meta-llama/Llama-3.1-8B-mini4L,2056,4,3000000000,8572989143,5572989143,5471167006,5485951373,29012590,"[14784507, 14784507, 57468756]"
0,677,meta-llama/Llama-3.1-8B-mini4L,2056,4,3000000000,8587773510,5587773510,5485951373,5500735880,29012543,"[14784507, 57468756, 14784367]"
0,678,meta-llama/Llama-3.1-8B-mini4L,2056,4,3000000000,8602558017,5602558017,5500735880,5515520387,29012543,"[57468756, 14784367, 14784507]"
0,679,meta-llama/Llama-3.1-8B-mini4L,2056,4,3000000000,8617342524,5617342524,5515520387,5572989143,14784460,"[14784367, 14784507, 14784507]"
0,680,meta-llama/Llama-3.1-8B-mini4L,2056,4,3000000000,8617342524,5617342524,5515520387,5572989143,14784460,"[14784367, 14784507, 14784507]"
0,681,meta-llama/Llama-3.1-8B-mini4L,2056,4,3000000000,8617342524,5617342524,5515520387,5572989143,14784460,"[14784367, 14784507, 14784507]"
0,682,meta-llama/Llama-3.1-8B-mini4L,2056,4,3000000000,8617342524,5617342524,5515520387,5572989143,14784460,"[14784367, 14784507, 14784507]"
0,683,meta-llama/Llama-3.1-8B-mini4L,2056,4,3000000000,8617342524,5617342524,5515520387,5572989143,14784460,"[14784367, 14784507, 14784507]"
0,684,meta-llama/Llama-3.1-8B-mini4L,2056,4,3000000000,8674811280,5674811280,5572989143,5587773510,29012590,"[14784507, 14784507, 57468756]"
0,685,meta-llama/Llama-3.1-8B-mini4L,2056,4,3000000000,8689595647,5689595647,5587773510,5602558017,29012543,"[14784507, 57468756, 14784367]"
0,686,meta-llama/Llama-3.1-8B-mini4L,2056,4,3000000000,8704380154,5704380154,5602558017,5617342524,29012543,"[57468756, 14784367, 14784507]"
0,687,meta-llama/Llama-3.1-8B-mini4L,2056,4,3000000000,8719164661,5719164661,5617342524,5674811280,14784460,"[14784367, 14784507, 14784507]"
0,688,meta-llama/Llama-3.1-8B-mini4L,2056,4,3000000000,8719164661,5719164661,5617342524,5674811280,14784460,"[14784367, 14784507, 14784507]"
0,689,meta-llama/Llama-3.1-8B-mini4L,2056,4,3000000000,8719164661,5719164661,5617342524,5674811280,14784460,"[14784367, 14784507, 14784507]"
0,690,meta-llama/Llama-3.1-8B-mini4L,2056,4,3000000000,8719164661,5719164661,5617342524,5674811280,14784460,"[14784367, 14784507, 14784507]"
0,691,meta-llama/Llama-3.1-8B-mini4L,2056,4,3000000000,8719164661,5719164661,5617342524,5674811280,14784460,"[14784367, 14784507, 14784507]"
0,692,meta-llama/Llama-3.1-8B-mini4L,2056,4,3000000000,8776633417,5776633417,5674811280,5689595647,29012590,"[14784507, 14784507, 57468756]"
0,693,meta-llama/Llama-3.1-8B-mini4L,2056,4,3000000000,8791417784,5791417784,5689595647,5704380154,29012543,"[14784507, 57468756, 14784367]"
0,694,meta-llama/Llama-3.1-8B-mini4L,2056,4,3000000000,8806202291,5806202291,5704380154,5719164661,29012543,"[57468756, 14784367, 14784507]"
0,695,meta-llama/Llama-3.1-8B-mini4L,2056,4,3000000000,8820986798,5820986798,5719164661,5776633417,14784460,"[14784367, 14784507, 14784507]"
0,696,meta-llama/Llama-3.1-8B-mini4L,2056,4,3000000000,8820986798,5820986798,5719164661,5776633417,14784460,"[14784367, 14784507, 14784507]"
0,697,meta-llama/Llama-3.1-8B-mini4L,2056,4,3000000000,8820986798,5820986798,5719164661,5776633417,14784460,"[14784367, 14784507, 14784507]"
0,698,meta-llama/Llama-3.1-8B-mini4L,2056,4,3000000000,8820986798,5820986798,5719164661,5776633417,14784460,"[14784367, 14784507, 14784507]"
0,699,meta-llama/Llama-3.1-8B-mini4L,2056,4,3000000000,8820986798,5820986798,5719164661,5776633417,14784460,"[14784367, 14784507, 14784507]"
0,700,meta-llama/Llama-3.1-8B-mini4L,2056,4,3000000000,8878455554,5878455554,5776633417,5791417784,29012590,"[14784507, 14784507, 57468756]"
0,701,meta-llama/Llama-3.1-8B-mini4L,2056,4,3000000000,8893239921,5893239921,5791417784,5806202291,29012543,"[14784507, 57468756, 14784367]"
0,702,meta-llama/Llama-3.1-8B-mini4L,2056,4,3000000000,8908024428,5908024428,5806202291,5820986798,29012543,"[57468756, 14784367, 14784507]"
0,703,meta-llama/Llama-3.1-8B-mini4L,2056,4,3000000000,8922808935,5922808935,5820986798,5878455554,14784460,"[14784367, 14784507, 14784507]"
0,704,meta-llama/Llama-3.1-8B-mini4L,2056,4,3000000000,8922808935,5922808935,5820986798,5878455554,14784460,"[14784367, 14784507, 14784507]"
0,705,meta-llama/Llama-3.1-8B-mini4L,2056,4,3000000000,8922808935,5922808935,5820986798,5878455554,14784460,"[14784367, 14784507, 14784507]"
0,706,meta-llama/Llama-3.1-8B-mini4L,2056,4,3000000000,8922808935,5922808935,5820986798,5878455554,14784460,"[14784367, 14784507, 14784507]"
0,707,meta-llama/Llama-3.1-8B-mini4L,2056,4,3000000000,8922808935,5922808935,5820986798,5878455554,14784460,"[14784367, 14784507, 14784507]"
0,708,meta-llama/Llama-3.1-8B-mini4L,2056,4,3000000000,8980277691,5980277691,5878455554,5893239921,29012590,"[14784507, 14784507, 57468756]"
0,709,meta-llama/Llama-3.1-8B-mini4L,2056,4,3000000000,8995062058,5995062058,5893239921,5908024428,29012543,"[14784507, 57468756, 14784367]"
0,710,meta-llama/Llama-3.1-8B-mini4L,2056,4,3000000000,9009846565,6009846565,5908024428,5922808935,29012543,"[57468756, 14784367, 14784507]"
0,711,meta-llama/Llama-3.1-8B-mini4L,2056,4,3000000000,9024631072,6024631072,5922808935,5980277691,14784460,"[14784367, 14784507, 14784507]"
0,712,meta-llama/Llama-3.1-8B-mini4L,2056,4,3000000000,9024631072,6024631072,5922808935,5980277691,14784460,"[14784367, 14784507, 14784507]"
0,713,meta-llama/Llama-3.1-8B-mini4L,2056,4,3000000000,9024631072,6024631072,5922808935,5980277691,14784460,"[14784367, 14784507, 14784507]"
0,714,meta-llama/Llama-3.1-8B-mini4L,2056,4,3000000000,9024631072,6024631072,5922808935,5980277691,14784460,"[14784367, 14784507, 14784507]"
0,715,meta-llama/Llama-3.1-8B-mini4L,2056,4,3000000000,9024631072,6024631072,5922808935,5980277691,14784460,"[14784367, 14784507, 14784507]"
0,716,meta-llama/Llama-3.1-8B-mini4L,2056,4,3000000000,9082099828,6082099828,5980277691,5995062058,29012590,"[14784507, 14784507, 57468756]"
0,717,meta-llama/Llama-3.1-8B-mini4L,2056,4,3000000000,9096884195,6096884195,5995062058,6009846565,29012543,"[14784507, 57468756, 14784367]"
0,718,meta-llama/Llama-3.1-8B-mini4L,2056,4,3000000000,9111668702,6111668702,6009846565,6024631072,29012543,"[57468756, 14784367, 14784507]"
0,719,meta-llama/Llama-3.1-8B-mini4L,2056,4,3000000000,9126453209,6126453209,6024631072,6082099828,14784460,"[14784367, 14784507, 14784507]"
0,720,meta-llama/Llama-3.1-8B-mini4L,2056,4,3000000000,9126453209,6126453209,6024631072,6082099828,14784460,"[14784367, 14784507, 14784507]"
0,721,meta-llama/Llama-3.1-8B-mini4L,2056,4,3000000000,9126453209,6126453209,6024631072,6082099828,14784460,"[14784367, 14784507, 14784507]"
0,722,meta-llama/Llama-3.1-8B-mini4L,2056,4,3000000000,9126453209,6126453209,6024631072,6082099828,14784460,"[14784367, 14784507, 14784507]"
0,723,meta-llama/Llama-3.1-8B-mini4L,2056,4,3000000000,9126453209,6126453209,6024631072,6082099828,14784460,"[14784367, 14784507, 14784507]"
0,724,meta-llama/Llama-3.1-8B-mini4L,2056,4,3000000000,9183921965,6183921965,6082099828,6096884195,29012590,"[14784507, 14784507, 57468756]"
0,725,meta-llama/Llama-3.1-8B-mini4L,2056,4,3000000000,9198706332,6198706332,6096884195,6111668702,29012543,"[14784507, 57468756, 14784367]"
0,726,meta-llama/Llama-3.1-8B-mini4L,2056,4,3000000000,9213490839,6213490839,6111668702,6126453209,29012543,"[57468756, 14784367, 14784507]"
0,727,meta-llama/Llama-3.1-8B-mini4L,2056,4,3000000000,9228275346,6228275346,6126453209,6183921965,14784460,"[14784367, 14784507, 14784507]"
0,728,meta-llama/Llama-3.1-8B-mini4L,2056,4,3000000000,9228275346,6228275346,6126453209,6183921965,14784460,"[14784367, 14784507, 14784507]"
0,729,meta-llama/Llama-3.1-8B-mini4L,2056,4,3000000000,9228275346,6228275346,6126453209,6183921965,14784460,"[14784367, 14784507, 14784507]"
0,730,meta-llama/Llama-3.1-8B-mini4L,2056,4,3000000000,9228275346,6228275346,6126453209,6183921965,14784460,"[14784367, 14784507, 14784507]"
0,731,meta-llama/Llama-3.1-8B-mini4L,2056,4,3000000000,9228275346,6228275346,6126453209,6183921965,14784460,"[14784367, 14784507, 14784507]"
0,732,meta-llama/Llama-3.1-8B-mini4L,2056,4,3000000000,9285744102,6285744102,6183921965,6198706332,29012590,"[14784507, 14784507, 57468756]"
0,733,meta-llama/Llama-3.1-8B-mini4L,2056,4,3000000000,9300528469,6300528469,6198706332,6213490839,29012543,"[14784507, 57468756, 14784367]"
0,734,meta-llama/Llama-3.1-8B-mini4L,2056,4,3000000000,9315312976,6315312976,6213490839,6228275346,29012543,"[57468756, 14784367, 14784507]"
0,735,meta-llama/Llama-3.1-8B-mini4L,2056,4,3000000000,9330097483,6330097483,6228275346,6285744102,14784460,"[14784367, 14784507, 14784507]"
0,736,meta-llama/Llama-3.1-8B-mini4L,2056,4,3000000000,9330097483,6330097483,6228275346,6285744102,14784460,"[14784367, 14784507, 14784507]"
0,737,meta-llama/Llama-3.1-8B-mini4L,2056,4,3000000000,9330097483,6330097483,6228275346,6285744102,14784460,"[14784367, 14784507, 14784507]"
0,738,meta-llama/Llama-3.1-8B-mini4L,2056,4,3000000000,9330097483,6330097483,6228275346,6285744102,14784460,"[14784367, 14784507, 14784507]"
0,739,meta-llama/Llama-3.1-8B-mini4L,2056,4,3000000000,9330097483,6330097483,6228275346,6285744102,14784460,"[14784367, 14784507, 14784507]"
0,740,meta-llama/Llama-3.1-8B-mini4L,2056,4,3000000000,9387566239,6387566239,6285744102,6300528469,29012590,"[14784507, 14784507, 57468756]"
0,741,meta-llama/Llama-3.1-8B-mini4L,2056,4,3000000000,9402350606,6402350606,6300528469,6315312976,29012543,"[14784507, 57468756, 14784367]"
0,742,meta-llama/Llama-3.1-8B-mini4L,2056,4,3000000000,9417135113,6417135113,6315312976,6330097483,29012543,"[57468756, 14784367, 14784507]"
0,743,meta-llama/Llama-3.1-8B-mini4L,2056,4,3000000000,9431919620,6431919620,6330097483,6387566239,14784460,"[14784367, 14784507, 14784507]"
0,744,meta-llama/Llama-3.1-8B-mini4L,2056,4,3000000000,9431919620,6431919620,6330097483,6387566239,14784460,"[14784367, 14784507, 14784507]"
0,745,meta-llama/Llama-3.1-8B-mini4L,2056,4,3000000000,9431919620,6431919620,6330097483,6387566239,14784460,"[14784367, 14784507, 14784507]"
0,746,meta-llama/Llama-3.1-8B-mini4L,2056,4,3000000000,9431919620,6431919620,6330097483,6387566239,14784460,"[14784367, 14784507, 14784507]"
0,747,meta-llama/Llama-3.1-8B-mini4L,2056,4,3000000000,9431919620,6431919620,6330097483,6387566239,14784460,"[14784367, 14784507, 14784507]"
0,748,meta-llama/Llama-3.1-8B-mini4L,2056,4,3000000000,9489388376,6489388376,6387566239,6402350606,29012590,"[14784507, 14784507, 57468756]"
0,749,meta-llama/Llama-3.1-8B-mini4L,2056,4,3000000000,9504172743,6504172743,6402350606,6417135113,29012543,"[14784507, 57468756, 14784367]"
0,750,meta-llama/Llama-3.1-8B-mini4L,2056,4,3000000000,9518957250,6518957250,6417135113,6431919620,29012543,"[57468756, 14784367, 14784507]"
0,751,meta-llama/Llama-3.1-8B-mini4L,2056,4,3000000000,9533741757,6533741757,6431919620,6489388376,14784460,"[14784367, 14784507, 14784507]"
0,752,meta-llama/Llama-3.1-8B-mini4L,2056,4,3000000000,9533741757,6533741757,6431919620,6489388376,14784460,"[14784367, 14784507, 14784507]"
0,753,meta-llama/Llama-3.1-8B-mini4L,2056,4,3000000000,9533741757,6533741757,6431919620,6489388376,14784460,"[14784367, 14784507, 14784507]"
0,754,meta-llama/Llama-3.1-8B-mini4L,2056,4,3000000000,9533741757,6533741757,6431919620,6489388376,14784460,"[14784367, 14784507, 14784507]"
0,755,meta-llama/Llama-3.1-8B-mini4L,2056,4,3000000000,9533741757,6533741757,6431919620,6489388376,14784460,"[14784367, 14784507, 14784507]"
0,756,meta-llama/Llama-3.1-8B-mini4L,2056,4,3000000000,9591210513,6591210513,6489388376,6504172743,29012590,"[14784507, 14784507, 57468756]"
0,757,meta-llama/Llama-3.1-8B-mini4L,2056,4,3000000000,9605994880,6605994880,6504172743,6518957250,29012543,"[14784507, 57468756, 14784367]"
0,758,meta-llama/Llama-3.1-8B-mini4L,2056,4,3000000000,9620779387,6620779387,6518957250,6533741757,29012543,"[57468756, 14784367, 14784507]"
0,759,meta-llama/Llama-3.1-8B-mini4L,2056,4,3000000000,9635563894,6635563894,6533741757,6591210513,14784460,"[14784367, 14784507, 14784507]"
0,760,meta-llama/Llama-3.1-8B-mini4L,2056,4,3000000000,9635563894,6635563894,6533741757,6591210513,14784460,"[14784367, 14784507, 14784507]"
0,761,meta-llama/Llama-3.1-8B-mini4L,2056,4,3000000000,9635563894,6635563894,6533741757,6591210513,14784460,"[14784367, 14784507, 14784507]"
0,762,meta-llama/Llama-3.1-8B-mini4L,2056,4,3000000000,9635563894,6635563894,6533741757,6591210513,14784460,"[14784367, 14784507, 14784507]"
0,763,meta-llama/Llama-3.1-8B-mini4L,2056,4,3000000000,9635563894,6635563894,6533741757,6591210513,14784460,"[14784367, 14784507, 14784507]"
0,764,meta-llama/Llama-3.1-8B-mini4L,2056,4,3000000000,9693032650,6693032650,6591210513,6605994880,29012590,"[14784507, 14784507, 57468756]"
0,765,meta-llama/Llama-3.1-8B-mini4L,2056,4,3000000000,9707817017,6707817017,6605994880,6620779387,29012543,"[14784507, 57468756, 14784367]"
0,766,meta-llama/Llama-3.1-8B-mini4L,2056,4,3000000000,9722601524,6722601524,6620779387,6635563894,29012543,"[57468756, 14784367, 14784507]"
0,767,meta-llama/Llama-3.1-8B-mini4L,2056,4,3000000000,9737386031,6737386031,6635563894,6693032650,14784460,"[14784367, 14784507, 14784507]"
0,768,meta-llama/Llama-3.1-8B-mini4L,2056,4,3000000000,9737386031,6737386031,6635563894,6693032650,14784460,"[14784367, 14784507, 14784507]"
0,769,meta-llama/Llama-3.1-8B-mini4L,2056,4,3000000000,9737386031,6737386031,6635563894,6693032650,14784460,"[14784367, 14784507, 14784507]"
0,770,meta-llama/Llama-3.1-8B-mini4L,2056,4,3000000000,9737386031,6737386031,6635563894,6693032650,14784460,"[14784367, 14784507, 14784507]"
0,771,meta-llama/Llama-3.1-8B-mini4L,2056,4,3000000000,9737386031,6737386031,6635563894,6693032650,14784460,"[14784367, 14784507, 14784507]"
0,772,meta-llama/Llama-3.1-8B-mini4L,2056,4,3000000000,9794854787,6794854787,6693032650,6707817017,29012590,"[14784507, 14784507, 57468756]"
0,773,meta-llama/Llama-3.1-8B-mini4L,2056,4,3000000000,9809639154,6809639154,6707817017,6722601524,29012543,"[14784507, 57468756, 14784367]"
0,774,meta-llama/Llama-3.1-8B-mini4L,2056,4,3000000000,9824423661,6824423661,6722601524,6737386031,29012543,"[57468756, 14784367, 14784507]"
0,775,meta-llama/Llama-3.1-8B-mini4L,2056,4,3000000000,9839208168,6839208168,6737386031,6794854787,14784460,"[14784367, 14784507, 14784507]"
0,776,meta-llama/Llama-3.1-8B-mini4L,2056,4,3000000000,9839208168,6839208168,6737386031,6794854787,14784460,"[14784367, 14784507, 14784507]"
0,777,meta-llama/Llama-3.1-8B-mini4L,2056,4,3000000000,9839208168,6839208168,6737386031,6794854787,14784460,"[14784367, 14784507, 14784507]"
0,778,meta-llama/Llama-3.1-8B-mini4L,2056,4,3000000000,9839208168,6839208168,6737386031,6794854787,14784460,"[14784367, 14784507, 14784507]"
0,779,meta-llama/Llama-3.1-8B-mini4L,2056,4,3000000000,9839208168,6839208168,6737386031,6794854787,14784460,"[14784367, 14784507, 14784507]"
0,780,meta-llama/Llama-3.1-8B-mini4L,2056,4,3000000000,9896676924,6896676924,6794854787,6809639154,29012590,"[14784507, 14784507, 57468756]"
0,781,meta-llama/Llama-3.1-8B-mini4L,2056,4,3000000000,9911461291,6911461291,6809639154,6824423661,29012543,"[14784507, 57468756, 14784367]"
0,782,meta-llama/Llama-3.1-8B-mini4L,2056,4,3000000000,9926245798,6926245798,6824423661,6839208168,29012543,"[57468756, 14784367, 14784507]"
0,783,meta-llama/Llama-3.1-8B-mini4L,2056,4,3000000000,9941030305,6941030305,6839208168,6896676924,14784460,"[14784367, 14784507, 14784507]"
0,784,meta-llama/Llama-3.1-8B-mini4L,2056,4,3000000000,9941030305,6941030305,6839208168,6896676924,14784460,"[14784367, 14784507, 14784507]"
0,785,meta-llama/Llama-3.1-8B-mini4L,2056,4,3000000000,9941030305,6941030305,6839208168,6896676924,14784460,"[14784367, 14784507, 14784507]"
0,786,meta-llama/Llama-3.1-8B-mini4L,2056,4,3000000000,9941030305,6941030305,6839208168,6896676924,14784460,"[14784367, 14784507, 14784507]"
0,787,meta-llama/Llama-3.1-8B-mini4L,2056,4,3000000000,9941030305,6941030305,6839208168,6896676924,14784460,"[14784367, 14784507, 14784507]"
0,788,meta-llama/Llama-3.1-8B-mini4L,2056,4,3000000000,9998499061,6998499061,6896676924,6911461291,29012590,"[14784507, 14784507, 57468756]"
0,789,meta-llama/Llama-3.1-8B-mini4L,2056,4,3000000000,10013283428,7013283428,6911461291,6926245798,29012543,"[14784507, 57468756, 14784367]"
0,790,meta-llama/Llama-3.1-8B-mini4L,2056,4,3000000000,10028067935,7028067935,6926245798,6941030305,29012543,"[57468756, 14784367, 14784507]"
0,791,meta-llama/Llama-3.1-8B-mini4L,2056,4,3000000000,10042852442,7042852442,6941030305,6998499061,14784460,"[14784367, 14784507, 14784507]"
0,792,meta-llama/Llama-3.1-8B-mini4L,2056,4,3000000000,10042852442,7042852442,6941030305,6998499061,14784460,"[14784367, 14784507, 14784507]"
0,793,meta-llama/Llama-3.1-8B-mini4L,2056,4,3000000000,10042852442,7042852442,6941030305,6998499061,14784460,"[14784367, 14784507, 14784507]"
0,794,meta-llama/Llama-3.1-8B-mini4L,2056,4,3000000000,10042852442,7042852442,6941030305,6998499061,14784460,"[14784367, 14784507, 14784507]"
0,795,meta-llama/Llama-3.1-8B-mini4L,2056,4,3000000000,10042852442,7042852442,6941030305,6998499061,14784460,"[14784367, 14784507, 14784507]"
0,796,meta-llama/Llama-3.1-8B-mini4L,2056,4,3000000000,10057502110,7057502110,6998499061,7013283428,14739560,"[14784507, 14784507, 14649668]"
0,797,meta-llama/Llama-3.1-8B-mini4L,2056,4,3000000000,10059620751,7059620751,7013283428,7028067935,10517605,"[14784507, 14649668, 2118641]"
0,798,meta-llama/Llama-3.1-8B-mini4L,2056,4,3000000000,10061710072,7061710072,7028067935,7042852442,6285876,"[14649668, 2118641, 2089321]"
0,799,meta-llama/Llama-3.1-8B-mini4L,2056,4,3000000000,10063797085,7063797085,7042852442,7057502110,2098325,"[2118641, 2089321, 2087013]"
