instance id,request id,model,input,output,arrival,end_time,latency,queuing_delay,TTFT,TPOT,ITL
0,0,meta-llama/Llama-3.1-8B-mini4L,2048,4,0,48300216,48300216,1,11564213,12245334,"[11580226, 12555980, 12599797]"
0,1,meta-llama/Llama-3.1-8B-mini4L,2048,4,0,73539184,73539184,23144439,35700419,12612921,"[12599797, 12599045, 12639923]"
0,2,meta-llama/Llama-3.1-8B-mini4L,2048,4,0,86178055,86178055,35700419,48300216,12625946,"[12599045, 12639923, 12638871]"
0,3,meta-llama/Llama-3.1-8B-mini4L,2048,4,0,98815870,98815870,48300216,60899261,12638869,"[12639923, 12638871, 12637815]"
0,4,meta-llama/Llama-3.1-8B-mini4L,2048,4,0,111452629,111452629,60899261,73539184,12637815,"[12638871, 12637815, 12636759]"
0,5,meta-llama/Llama-3.1-8B-mini4L,2048,4,0,124088332,124088332,73539184,86178055,12636759,"[12637815, 12636759, 12635703]"
0,6,meta-llama/Llama-3.1-8B-mini4L,2048,4,0,136722975,136722975,86178055,98815870,12635701,"[12636759, 12635703, 12634643]"
0,7,meta-llama/Llama-3.1-8B-mini4L,2048,4,0,149356558,149356558,98815870,111452629,12634643,"[12635703, 12634643, 12633583]"
0,8,meta-llama/Llama-3.1-8B-mini4L,2048,4,0,161989077,161989077,111452629,124088332,12633581,"[12634643, 12633583, 12632519]"
0,9,meta-llama/Llama-3.1-8B-mini4L,2048,4,0,174620532,174620532,124088332,136722975,12632519,"[12633583, 12632519, 12631455]"
0,10,meta-llama/Llama-3.1-8B-mini4L,2048,4,0,187250923,187250923,136722975,149356558,12631455,"[12632519, 12631455, 12630391]"
0,11,meta-llama/Llama-3.1-8B-mini4L,2048,4,0,199880246,199880246,149356558,161989077,12630389,"[12631455, 12630391, 12629323]"
0,12,meta-llama/Llama-3.1-8B-mini4L,2048,4,0,212508497,212508497,161989077,174620532,12629321,"[12630391, 12629323, 12628251]"
0,13,meta-llama/Llama-3.1-8B-mini4L,2048,4,0,225135680,225135680,174620532,187250923,12628252,"[12629323, 12628251, 12627183]"
0,14,meta-llama/Llama-3.1-8B-mini4L,2048,4,0,237761791,237761791,187250923,199880246,12627181,"[12628251, 12627183, 12626111]"
0,15,meta-llama/Llama-3.1-8B-mini4L,2048,4,0,250386826,250386826,199880246,212508497,12626109,"[12627183, 12626111, 12625035]"
0,16,meta-llama/Llama-3.1-8B-mini4L,2048,4,0,263010789,263010789,212508497,225135680,12625036,"[12626111, 12625035, 12623963]"
0,17,meta-llama/Llama-3.1-8B-mini4L,2048,4,0,275633672,275633672,225135680,237761791,12623960,"[12625035, 12623963, 12622883]"
0,18,meta-llama/Llama-3.1-8B-mini4L,2048,4,0,288255479,288255479,237761791,250386826,12622884,"[12623963, 12622883, 12621807]"
0,19,meta-llama/Llama-3.1-8B-mini4L,2048,4,0,300876206,300876206,250386826,263010789,12621805,"[12622883, 12621807, 12620727]"
0,20,meta-llama/Llama-3.1-8B-mini4L,2048,4,0,313495849,313495849,263010789,275633672,12620725,"[12621807, 12620727, 12619643]"
0,21,meta-llama/Llama-3.1-8B-mini4L,2048,4,0,326114408,326114408,275633672,288255479,12619643,"[12620727, 12619643, 12618559]"
0,22,meta-llama/Llama-3.1-8B-mini4L,2048,4,0,338731883,338731883,288255479,300876206,12618559,"[12619643, 12618559, 12617475]"
0,23,meta-llama/Llama-3.1-8B-mini4L,2048,4,0,351348270,351348270,300876206,313495849,12617473,"[12618559, 12617475, 12616387]"
0,24,meta-llama/Llama-3.1-8B-mini4L,2048,4,0,363963569,363963569,313495849,326114408,12616387,"[12617475, 12616387, 12615299]"
0,25,meta-llama/Llama-3.1-8B-mini4L,2048,4,0,376577780,376577780,326114408,338731883,12615299,"[12616387, 12615299, 12614211]"
0,26,meta-llama/Llama-3.1-8B-mini4L,2048,4,0,389190899,389190899,338731883,351348270,12614209,"[12615299, 12614211, 12613119]"
0,27,meta-llama/Llama-3.1-8B-mini4L,2048,4,0,401802922,401802922,351348270,363963569,12613117,"[12614211, 12613119, 12612023]"
0,28,meta-llama/Llama-3.1-8B-mini4L,2048,4,0,414413853,414413853,363963569,376577780,12612024,"[12613119, 12612023, 12610931]"
0,29,meta-llama/Llama-3.1-8B-mini4L,2048,4,0,427023684,427023684,376577780,389190899,12610928,"[12612023, 12610931, 12609831]"
0,30,meta-llama/Llama-3.1-8B-mini4L,2048,4,0,439632419,439632419,389190899,401802922,12609832,"[12610931, 12609831, 12608735]"
0,31,meta-llama/Llama-3.1-8B-mini4L,2048,4,0,452240054,452240054,401802922,414413853,12608733,"[12609831, 12608735, 12607635]"
0,32,meta-llama/Llama-3.1-8B-mini4L,2048,4,0,464846585,464846585,414413853,427023684,12607633,"[12608735, 12607635, 12606531]"
0,33,meta-llama/Llama-3.1-8B-mini4L,2048,4,0,477452012,477452012,427023684,439632419,12606531,"[12607635, 12606531, 12605427]"
0,34,meta-llama/Llama-3.1-8B-mini4L,2048,4,0,490056335,490056335,439632419,452240054,12605427,"[12606531, 12605427, 12604323]"
0,35,meta-llama/Llama-3.1-8B-mini4L,2048,4,0,502659550,502659550,452240054,464846585,12604321,"[12605427, 12604323, 12603215]"
0,36,meta-llama/Llama-3.1-8B-mini4L,2048,4,0,515261657,515261657,464846585,477452012,12603215,"[12604323, 12603215, 12602107]"
0,37,meta-llama/Llama-3.1-8B-mini4L,2048,4,0,527862656,527862656,477452012,490056335,12602107,"[12603215, 12602107, 12600999]"
0,38,meta-llama/Llama-3.1-8B-mini4L,2048,4,0,540462543,540462543,490056335,502659550,12600997,"[12602107, 12600999, 12599887]"
0,39,meta-llama/Llama-3.1-8B-mini4L,2048,4,0,553061314,553061314,502659550,515261657,12599885,"[12600999, 12599887, 12598771]"
0,40,meta-llama/Llama-3.1-8B-mini4L,2048,4,0,565658969,565658969,515261657,527862656,12598771,"[12599887, 12598771, 12597655]"
0,41,meta-llama/Llama-3.1-8B-mini4L,2048,4,0,578255508,578255508,527862656,540462543,12597655,"[12598771, 12597655, 12596539]"
0,42,meta-llama/Llama-3.1-8B-mini4L,2048,4,0,590850927,590850927,540462543,553061314,12596537,"[12597655, 12596539, 12595419]"
0,43,meta-llama/Llama-3.1-8B-mini4L,2048,4,0,603445226,603445226,553061314,565658969,12595419,"[12596539, 12595419, 12594299]"
0,44,meta-llama/Llama-3.1-8B-mini4L,2048,4,0,616038401,616038401,565658969,578255508,12594297,"[12595419, 12594299, 12593175]"
0,45,meta-llama/Llama-3.1-8B-mini4L,2048,4,0,628630452,628630452,578255508,590850927,12593175,"[12594299, 12593175, 12592051]"
0,46,meta-llama/Llama-3.1-8B-mini4L,2048,4,0,641221379,641221379,590850927,603445226,12592051,"[12593175, 12592051, 12590927]"
0,47,meta-llama/Llama-3.1-8B-mini4L,2048,4,0,653811178,653811178,603445226,616038401,12590925,"[12592051, 12590927, 12589799]"
0,48,meta-llama/Llama-3.1-8B-mini4L,2048,4,0,666399845,666399845,616038401,628630452,12589797,"[12590927, 12589799, 12588667]"
0,49,meta-llama/Llama-3.1-8B-mini4L,2048,4,0,678987384,678987384,628630452,641221379,12588668,"[12589799, 12588667, 12587539]"
0,50,meta-llama/Llama-3.1-8B-mini4L,2048,4,0,691573787,691573787,641221379,653811178,12587536,"[12588667, 12587539, 12586403]"
0,51,meta-llama/Llama-3.1-8B-mini4L,2048,4,0,704159058,704159058,653811178,666399845,12586404,"[12587539, 12586403, 12585271]"
0,52,meta-llama/Llama-3.1-8B-mini4L,2048,4,0,716743189,716743189,666399845,678987384,12585268,"[12586403, 12585271, 12584131]"
0,53,meta-llama/Llama-3.1-8B-mini4L,2048,4,0,729326184,729326184,678987384,691573787,12584132,"[12585271, 12584131, 12582995]"
0,54,meta-llama/Llama-3.1-8B-mini4L,2048,4,0,741908039,741908039,691573787,704159058,12582993,"[12584131, 12582995, 12581855]"
0,55,meta-llama/Llama-3.1-8B-mini4L,2048,4,0,754488750,754488750,704159058,716743189,12581853,"[12582995, 12581855, 12580711]"
0,56,meta-llama/Llama-3.1-8B-mini4L,2048,4,0,767068317,767068317,716743189,729326184,12580711,"[12581855, 12580711, 12579567]"
0,57,meta-llama/Llama-3.1-8B-mini4L,2048,4,0,779646740,779646740,729326184,741908039,12579567,"[12580711, 12579567, 12578423]"
0,58,meta-llama/Llama-3.1-8B-mini4L,2048,4,0,792224015,792224015,741908039,754488750,12578421,"[12579567, 12578423, 12577275]"
0,59,meta-llama/Llama-3.1-8B-mini4L,2048,4,0,804800138,804800138,754488750,767068317,12577273,"[12578423, 12577275, 12576123]"
0,60,meta-llama/Llama-3.1-8B-mini4L,2048,4,0,817375109,817375109,767068317,779646740,12576123,"[12577275, 12576123, 12574971]"
0,61,meta-llama/Llama-3.1-8B-mini4L,2048,4,0,829948928,829948928,779646740,792224015,12574971,"[12576123, 12574971, 12573819]"
0,62,meta-llama/Llama-3.1-8B-mini4L,2048,4,0,842521591,842521591,792224015,804800138,12573817,"[12574971, 12573819, 12572663]"
0,63,meta-llama/Llama-3.1-8B-mini4L,2048,4,0,855093098,855093098,804800138,817375109,12572663,"[12573819, 12572663, 12571507]"
0,64,meta-llama/Llama-3.1-8B-mini4L,2048,4,0,867663445,867663445,817375109,829948928,12571505,"[12572663, 12571507, 12570347]"
0,65,meta-llama/Llama-3.1-8B-mini4L,2048,4,0,880232632,880232632,829948928,842521591,12570347,"[12571507, 12570347, 12569187]"
0,66,meta-llama/Llama-3.1-8B-mini4L,2048,4,0,892800655,892800655,842521591,855093098,12569185,"[12570347, 12569187, 12568023]"
0,67,meta-llama/Llama-3.1-8B-mini4L,2048,4,0,905367514,905367514,855093098,867663445,12568023,"[12569187, 12568023, 12566859]"
0,68,meta-llama/Llama-3.1-8B-mini4L,2048,4,0,917933209,917933209,867663445,880232632,12566859,"[12568023, 12566859, 12565695]"
0,69,meta-llama/Llama-3.1-8B-mini4L,2048,4,0,930497736,930497736,880232632,892800655,12565693,"[12566859, 12565695, 12564527]"
0,70,meta-llama/Llama-3.1-8B-mini4L,2048,4,0,943061091,943061091,892800655,905367514,12564525,"[12565695, 12564527, 12563355]"
0,71,meta-llama/Llama-3.1-8B-mini4L,2048,4,0,955623274,955623274,905367514,917933209,12563355,"[12564527, 12563355, 12562183]"
0,72,meta-llama/Llama-3.1-8B-mini4L,2048,4,0,968184285,968184285,917933209,930497736,12562183,"[12563355, 12562183, 12561011]"
0,73,meta-llama/Llama-3.1-8B-mini4L,2048,4,0,980744120,980744120,930497736,943061091,12561009,"[12562183, 12561011, 12559835]"
0,74,meta-llama/Llama-3.1-8B-mini4L,2048,4,0,993302775,993302775,943061091,955623274,12559833,"[12561011, 12559835, 12558655]"
0,75,meta-llama/Llama-3.1-8B-mini4L,2048,4,0,1005860250,1005860250,955623274,968184285,12558655,"[12559835, 12558655, 12557475]"
0,76,meta-llama/Llama-3.1-8B-mini4L,2048,4,0,1018416545,1018416545,968184285,980744120,12557475,"[12558655, 12557475, 12556295]"
0,77,meta-llama/Llama-3.1-8B-mini4L,2048,4,0,1030971656,1030971656,980744120,993302775,12556293,"[12557475, 12556295, 12555111]"
0,78,meta-llama/Llama-3.1-8B-mini4L,2048,4,0,1043525579,1043525579,993302775,1005860250,12555109,"[12556295, 12555111, 12553923]"
0,79,meta-llama/Llama-3.1-8B-mini4L,2048,4,0,1056078314,1056078314,1005860250,1018416545,12553923,"[12555111, 12553923, 12552735]"
0,80,meta-llama/Llama-3.1-8B-mini4L,2048,4,0,1068629861,1068629861,1018416545,1030971656,12552735,"[12553923, 12552735, 12551547]"
0,81,meta-llama/Llama-3.1-8B-mini4L,2048,4,0,1081180216,1081180216,1030971656,1043525579,12551545,"[12552735, 12551547, 12550355]"
0,82,meta-llama/Llama-3.1-8B-mini4L,2048,4,0,1093729379,1093729379,1043525579,1056078314,12550355,"[12551547, 12550355, 12549163]"
0,83,meta-llama/Llama-3.1-8B-mini4L,2048,4,0,1106277346,1106277346,1056078314,1068629861,12549161,"[12550355, 12549163, 12547967]"
0,84,meta-llama/Llama-3.1-8B-mini4L,2048,4,0,1118824113,1118824113,1068629861,1081180216,12547965,"[12549163, 12547967, 12546767]"
0,85,meta-llama/Llama-3.1-8B-mini4L,2048,4,0,1131369684,1131369684,1081180216,1093729379,12546768,"[12547967, 12546767, 12545571]"
0,86,meta-llama/Llama-3.1-8B-mini4L,2048,4,0,1143914051,1143914051,1093729379,1106277346,12545568,"[12546767, 12545571, 12544367]"
0,87,meta-llama/Llama-3.1-8B-mini4L,2048,4,0,1156457214,1156457214,1106277346,1118824113,12544367,"[12545571, 12544367, 12543163]"
0,88,meta-llama/Llama-3.1-8B-mini4L,2048,4,0,1168999173,1168999173,1118824113,1131369684,12543163,"[12544367, 12543163, 12541959]"
0,89,meta-llama/Llama-3.1-8B-mini4L,2048,4,0,1181539924,1181539924,1131369684,1143914051,12541957,"[12543163, 12541959, 12540751]"
0,90,meta-llama/Llama-3.1-8B-mini4L,2048,4,0,1194079463,1194079463,1143914051,1156457214,12540749,"[12541959, 12540751, 12539539]"
0,91,meta-llama/Llama-3.1-8B-mini4L,2048,4,0,1206617790,1206617790,1156457214,1168999173,12539539,"[12540751, 12539539, 12538327]"
0,92,meta-llama/Llama-3.1-8B-mini4L,2048,4,0,1219154905,1219154905,1168999173,1181539924,12538327,"[12539539, 12538327, 12537115]"
0,93,meta-llama/Llama-3.1-8B-mini4L,2048,4,0,1231690804,1231690804,1181539924,1194079463,12537113,"[12538327, 12537115, 12535899]"
0,94,meta-llama/Llama-3.1-8B-mini4L,2048,4,0,1244225487,1244225487,1194079463,1206617790,12535899,"[12537115, 12535899, 12534683]"
0,95,meta-llama/Llama-3.1-8B-mini4L,2048,4,0,1256758950,1256758950,1206617790,1219154905,12534681,"[12535899, 12534683, 12533463]"
0,96,meta-llama/Llama-3.1-8B-mini4L,2048,4,0,1269291189,1269291189,1219154905,1231690804,12533461,"[12534683, 12533463, 12532239]"
0,97,meta-llama/Llama-3.1-8B-mini4L,2048,4,0,1281822204,1281822204,1231690804,1244225487,12532239,"[12533463, 12532239, 12531015]"
0,98,meta-llama/Llama-3.1-8B-mini4L,2048,4,0,1294351991,1294351991,1244225487,1256758950,12531013,"[12532239, 12531015, 12529787]"
0,99,meta-llama/Llama-3.1-8B-mini4L,2048,4,0,1306880550,1306880550,1256758950,1269291189,12529787,"[12531015, 12529787, 12528559]"
0,100,meta-llama/Llama-3.1-8B-mini4L,2048,4,0,1319407881,1319407881,1269291189,1281822204,12528559,"[12529787, 12528559, 12527331]"
0,101,meta-llama/Llama-3.1-8B-mini4L,2048,4,0,1331933980,1331933980,1281822204,1294351991,12527329,"[12528559, 12527331, 12526099]"
0,102,meta-llama/Llama-3.1-8B-mini4L,2048,4,0,1344458843,1344458843,1294351991,1306880550,12526097,"[12527331, 12526099, 12524863]"
0,103,meta-llama/Llama-3.1-8B-mini4L,2048,4,0,1356982470,1356982470,1306880550,1319407881,12524863,"[12526099, 12524863, 12523627]"
0,104,meta-llama/Llama-3.1-8B-mini4L,2048,4,0,1369504857,1369504857,1319407881,1331933980,12523625,"[12524863, 12523627, 12522387]"
0,105,meta-llama/Llama-3.1-8B-mini4L,2048,4,0,1382026004,1382026004,1331933980,1344458843,12522387,"[12523627, 12522387, 12521147]"
0,106,meta-llama/Llama-3.1-8B-mini4L,2048,4,0,1394545907,1394545907,1344458843,1356982470,12521145,"[12522387, 12521147, 12519903]"
0,107,meta-llama/Llama-3.1-8B-mini4L,2048,4,0,1407064566,1407064566,1356982470,1369504857,12519903,"[12521147, 12519903, 12518659]"
0,108,meta-llama/Llama-3.1-8B-mini4L,2048,4,0,1419581981,1419581981,1369504857,1382026004,12518659,"[12519903, 12518659, 12517415]"
0,109,meta-llama/Llama-3.1-8B-mini4L,2048,4,0,1432098148,1432098148,1382026004,1394545907,12517413,"[12518659, 12517415, 12516167]"
0,110,meta-llama/Llama-3.1-8B-mini4L,2048,4,0,1444613063,1444613063,1394545907,1407064566,12516165,"[12517415, 12516167, 12514915]"
0,111,meta-llama/Llama-3.1-8B-mini4L,2048,4,0,1457126726,1457126726,1407064566,1419581981,12514915,"[12516167, 12514915, 12513663]"
0,112,meta-llama/Llama-3.1-8B-mini4L,2048,4,0,1469639133,1469639133,1419581981,1432098148,12513661,"[12514915, 12513663, 12512407]"
0,113,meta-llama/Llama-3.1-8B-mini4L,2048,4,0,1482150284,1482150284,1432098148,1444613063,12512407,"[12513663, 12512407, 12511151]"
0,114,meta-llama/Llama-3.1-8B-mini4L,2048,4,0,1494660175,1494660175,1444613063,1457126726,12511149,"[12512407, 12511151, 12509891]"
0,115,meta-llama/Llama-3.1-8B-mini4L,2048,4,0,1507168806,1507168806,1457126726,1469639133,12509891,"[12511151, 12509891, 12508631]"
0,116,meta-llama/Llama-3.1-8B-mini4L,2048,4,0,1519676173,1519676173,1469639133,1482150284,12508629,"[12509891, 12508631, 12507367]"
0,117,meta-llama/Llama-3.1-8B-mini4L,2048,4,0,1532182276,1532182276,1482150284,1494660175,12507367,"[12508631, 12507367, 12506103]"
0,118,meta-llama/Llama-3.1-8B-mini4L,2048,4,0,1544687111,1544687111,1494660175,1507168806,12506101,"[12507367, 12506103, 12504835]"
0,119,meta-llama/Llama-3.1-8B-mini4L,2048,4,0,1557190674,1557190674,1507168806,1519676173,12504833,"[12506103, 12504835, 12503563]"
0,120,meta-llama/Llama-3.1-8B-mini4L,2048,4,0,1569692965,1569692965,1519676173,1532182276,12503563,"[12504835, 12503563, 12502291]"
0,121,meta-llama/Llama-3.1-8B-mini4L,2048,4,0,1582193980,1582193980,1532182276,1544687111,12502289,"[12503563, 12502291, 12501015]"
0,122,meta-llama/Llama-3.1-8B-mini4L,2048,4,0,1594693719,1594693719,1544687111,1557190674,12501015,"[12502291, 12501015, 12499739]"
0,123,meta-llama/Llama-3.1-8B-mini4L,2048,4,0,1607192178,1607192178,1557190674,1569692965,12499737,"[12501015, 12499739, 12498459]"
0,124,meta-llama/Llama-3.1-8B-mini4L,2048,4,0,1619689357,1619689357,1569692965,1582193980,12498459,"[12499739, 12498459, 12497179]"
0,125,meta-llama/Llama-3.1-8B-mini4L,2048,4,0,1632185252,1632185252,1582193980,1594693719,12497177,"[12498459, 12497179, 12495895]"
0,126,meta-llama/Llama-3.1-8B-mini4L,2048,4,0,1644679863,1644679863,1594693719,1607192178,12495895,"[12497179, 12495895, 12494611]"
0,127,meta-llama/Llama-3.1-8B-mini4L,2048,4,0,1657173182,1657173182,1607192178,1619689357,12494608,"[12495895, 12494611, 12493319]"
0,128,meta-llama/Llama-3.1-8B-mini4L,2048,4,0,1669665213,1669665213,1619689357,1632185252,12493320,"[12494611, 12493319, 12492031]"
0,129,meta-llama/Llama-3.1-8B-mini4L,2048,4,0,1682155948,1682155948,1632185252,1644679863,12492028,"[12493319, 12492031, 12490735]"
0,130,meta-llama/Llama-3.1-8B-mini4L,2048,4,0,1694645391,1694645391,1644679863,1657173182,12490736,"[12492031, 12490735, 12489443]"
0,131,meta-llama/Llama-3.1-8B-mini4L,2048,4,0,1707133534,1707133534,1657173182,1669665213,12489440,"[12490735, 12489443, 12488143]"
0,132,meta-llama/Llama-3.1-8B-mini4L,2048,4,0,1719620377,1719620377,1669665213,1682155948,12488143,"[12489443, 12488143, 12486843]"
0,133,meta-llama/Llama-3.1-8B-mini4L,2048,4,0,1732105916,1732105916,1682155948,1694645391,12486841,"[12488143, 12486843, 12485539]"
0,134,meta-llama/Llama-3.1-8B-mini4L,2048,4,0,1744590151,1744590151,1694645391,1707133534,12485539,"[12486843, 12485539, 12484235]"
0,135,meta-llama/Llama-3.1-8B-mini4L,2048,4,0,1757073078,1757073078,1707133534,1719620377,12484233,"[12485539, 12484235, 12482927]"
0,136,meta-llama/Llama-3.1-8B-mini4L,2048,4,0,1769554697,1769554697,1719620377,1732105916,12482927,"[12484235, 12482927, 12481619]"
0,137,meta-llama/Llama-3.1-8B-mini4L,2048,4,0,1782049353,1782049353,1732105916,1744590151,12486400,"[12482927, 12481619, 12494656]"
0,138,meta-llama/Llama-3.1-8B-mini4L,2048,4,0,1794542693,1794542693,1744590151,1757073078,12489871,"[12481619, 12494656, 12493340]"
0,139,meta-llama/Llama-3.1-8B-mini4L,2048,4,0,1807034717,1807034717,1757073078,1769554697,12493340,"[12494656, 12493340, 12492024]"
0,140,meta-llama/Llama-3.1-8B-mini4L,2048,4,0,1819525421,1819525421,1769554697,1782049353,12492022,"[12493340, 12492024, 12490704]"
0,141,meta-llama/Llama-3.1-8B-mini4L,2048,4,0,1832014805,1832014805,1782049353,1794542693,12490704,"[12492024, 12490704, 12489384]"
0,142,meta-llama/Llama-3.1-8B-mini4L,2048,4,0,1844502603,1844502603,1794542693,1807034717,12489295,"[12490704, 12489384, 12487798]"
0,143,meta-llama/Llama-3.1-8B-mini4L,2048,4,0,1856989335,1856989335,1807034717,1819525421,12487971,"[12489384, 12487798, 12486732]"
0,144,meta-llama/Llama-3.1-8B-mini4L,2048,4,0,1869474477,1869474477,1819525421,1832014805,12486557,"[12487798, 12486732, 12485142]"
0,145,meta-llama/Llama-3.1-8B-mini4L,2048,4,0,1881958287,1881958287,1832014805,1844502603,12485228,"[12486732, 12485142, 12483810]"
0,146,meta-llama/Llama-3.1-8B-mini4L,2048,4,0,1894440761,1894440761,1844502603,1856989335,12483808,"[12485142, 12483810, 12482474]"
0,147,meta-llama/Llama-3.1-8B-mini4L,2048,4,0,1906921899,1906921899,1856989335,1869474477,12482474,"[12483810, 12482474, 12481138]"
0,148,meta-llama/Llama-3.1-8B-mini4L,2048,4,0,1919401435,1919401435,1869474477,1881958287,12481049,"[12482474, 12481138, 12479536]"
0,149,meta-llama/Llama-3.1-8B-mini4L,2048,4,0,1931879631,1931879631,1881958287,1894440761,12479623,"[12481138, 12479536, 12478196]"
0,150,meta-llama/Llama-3.1-8B-mini4L,2048,4,0,1944356483,1944356483,1894440761,1906921899,12478194,"[12479536, 12478196, 12476852]"
0,151,meta-llama/Llama-3.1-8B-mini4L,2048,4,0,1956831987,1956831987,1906921899,1919401435,12476850,"[12478196, 12476852, 12475504]"
0,152,meta-llama/Llama-3.1-8B-mini4L,2048,4,0,1969306143,1969306143,1919401435,1931879631,12475504,"[12476852, 12475504, 12474156]"
0,153,meta-llama/Llama-3.1-8B-mini4L,2048,4,0,1981778685,1981778685,1931879631,1944356483,12474067,"[12475504, 12474156, 12472542]"
0,154,meta-llama/Llama-3.1-8B-mini4L,2048,4,0,1994249875,1994249875,1944356483,1956831987,12472629,"[12474156, 12472542, 12471190]"
0,155,meta-llama/Llama-3.1-8B-mini4L,2048,4,0,2006719705,2006719705,1956831987,1969306143,12471187,"[12472542, 12471190, 12469830]"
0,156,meta-llama/Llama-3.1-8B-mini4L,2048,4,0,2019188175,2019188175,1969306143,1981778685,12469830,"[12471190, 12469830, 12468470]"
0,157,meta-llama/Llama-3.1-8B-mini4L,2048,4,0,2031655285,2031655285,1981778685,1994249875,12468470,"[12469830, 12468470, 12467110]"
0,158,meta-llama/Llama-3.1-8B-mini4L,2048,4,0,2044120768,2044120768,1994249875,2006719705,12467021,"[12468470, 12467110, 12465483]"
0,159,meta-llama/Llama-3.1-8B-mini4L,2048,4,0,2056585146,2056585146,2006719705,2019188175,12465657,"[12467110, 12465483, 12464378]"
0,160,meta-llama/Llama-3.1-8B-mini4L,2048,4,0,2069047889,2069047889,2019188175,2031655285,12464201,"[12465483, 12464378, 12462743]"
0,161,meta-llama/Llama-3.1-8B-mini4L,2048,4,0,2081509260,2081509260,2031655285,2044120768,12462830,"[12464378, 12462743, 12461371]"
0,162,meta-llama/Llama-3.1-8B-mini4L,2048,4,0,2093969259,2093969259,2044120768,2056585146,12461371,"[12462743, 12461371, 12459999]"
0,163,meta-llama/Llama-3.1-8B-mini4L,2048,4,0,2106427878,2106427878,2056585146,2069047889,12459996,"[12461371, 12459999, 12458619]"
0,164,meta-llama/Llama-3.1-8B-mini4L,2048,4,0,2118884855,2118884855,2069047889,2081509260,12458531,"[12459999, 12458619, 12456977]"
0,165,meta-llama/Llama-3.1-8B-mini4L,2048,4,0,2131340448,2131340448,2081509260,2093969259,12457063,"[12458619, 12456977, 12455593]"
0,166,meta-llama/Llama-3.1-8B-mini4L,2048,4,0,2143794657,2143794657,2093969259,2106427878,12455593,"[12456977, 12455593, 12454209]"
0,167,meta-llama/Llama-3.1-8B-mini4L,2048,4,0,2156247478,2156247478,2106427878,2118884855,12454207,"[12455593, 12454209, 12452821]"
0,168,meta-llama/Llama-3.1-8B-mini4L,2048,4,0,2168698907,2168698907,2118884855,2131340448,12452819,"[12454209, 12452821, 12451429]"
0,169,meta-llama/Llama-3.1-8B-mini4L,2048,4,0,2181148678,2181148678,2131340448,2143794657,12451340,"[12452821, 12451429, 12449771]"
0,170,meta-llama/Llama-3.1-8B-mini4L,2048,4,0,2193597053,2193597053,2143794657,2156247478,12449858,"[12451429, 12449771, 12448375]"
0,171,meta-llama/Llama-3.1-8B-mini4L,2048,4,0,2206044028,2206044028,2156247478,2168698907,12448373,"[12449771, 12448375, 12446975]"
0,172,meta-llama/Llama-3.1-8B-mini4L,2048,4,0,2218489603,2218489603,2168698907,2181148678,12446975,"[12448375, 12446975, 12445575]"
0,173,meta-llama/Llama-3.1-8B-mini4L,2048,4,0,2230933774,2230933774,2181148678,2193597053,12445573,"[12446975, 12445575, 12444171]"
0,174,meta-llama/Llama-3.1-8B-mini4L,2048,4,0,2243376275,2243376275,2193597053,2206044028,12444082,"[12445575, 12444171, 12442501]"
0,175,meta-llama/Llama-3.1-8B-mini4L,2048,4,0,2255817626,2255817626,2206044028,2218489603,12442674,"[12444171, 12442501, 12441351]"
0,176,meta-llama/Llama-3.1-8B-mini4L,2048,4,0,2268257303,2268257303,2218489603,2230933774,12441176,"[12442501, 12441351, 12439677]"
0,177,meta-llama/Llama-3.1-8B-mini4L,2048,4,0,2280695564,2280695564,2230933774,2243376275,12439763,"[12441351, 12439677, 12438261]"
0,178,meta-llama/Llama-3.1-8B-mini4L,2048,4,0,2293132405,2293132405,2243376275,2255817626,12438259,"[12439677, 12438261, 12436841]"
0,179,meta-llama/Llama-3.1-8B-mini4L,2048,4,0,2305567826,2305567826,2255817626,2268257303,12436841,"[12438261, 12436841, 12435421]"
0,180,meta-llama/Llama-3.1-8B-mini4L,2048,4,0,2318001561,2318001561,2268257303,2280695564,12435332,"[12436841, 12435421, 12433735]"
0,181,meta-llama/Llama-3.1-8B-mini4L,2048,4,0,2330433868,2330433868,2280695564,2293132405,12433821,"[12435421, 12433735, 12432307]"
0,182,meta-llama/Llama-3.1-8B-mini4L,2048,4,0,2342864743,2342864743,2293132405,2305567826,12432305,"[12433735, 12432307, 12430875]"
0,183,meta-llama/Llama-3.1-8B-mini4L,2048,4,0,2355294186,2355294186,2305567826,2318001561,12430875,"[12432307, 12430875, 12429443]"
0,184,meta-llama/Llama-3.1-8B-mini4L,2048,4,0,2367722193,2367722193,2318001561,2330433868,12429441,"[12430875, 12429443, 12428007]"
0,185,meta-llama/Llama-3.1-8B-mini4L,2048,4,0,2380148498,2380148498,2330433868,2342864743,12427918,"[12429443, 12428007, 12426305]"
0,186,meta-llama/Llama-3.1-8B-mini4L,2048,4,0,2392573363,2392573363,2342864743,2355294186,12426392,"[12428007, 12426305, 12424865]"
0,187,meta-llama/Llama-3.1-8B-mini4L,2048,4,0,2404996784,2404996784,2355294186,2367722193,12424863,"[12426305, 12424865, 12423421]"
0,188,meta-llama/Llama-3.1-8B-mini4L,2048,4,0,2417418757,2417418757,2367722193,2380148498,12423419,"[12424865, 12423421, 12421973]"
0,189,meta-llama/Llama-3.1-8B-mini4L,2048,4,0,2429839278,2429839278,2380148498,2392573363,12421971,"[12423421, 12421973, 12420521]"
0,190,meta-llama/Llama-3.1-8B-mini4L,2048,4,0,2442258085,2442258085,2392573363,2404996784,12420433,"[12421973, 12420521, 12418807]"
0,191,meta-llama/Llama-3.1-8B-mini4L,2048,4,0,2454675698,2454675698,2404996784,2417418757,12418980,"[12420521, 12418807, 12417613]"
0,192,meta-llama/Llama-3.1-8B-mini4L,2048,4,0,2467091589,2467091589,2417418757,2429839278,12417437,"[12418807, 12417613, 12415891]"
0,193,meta-llama/Llama-3.1-8B-mini4L,2048,4,0,2479506016,2479506016,2429839278,2442258085,12415977,"[12417613, 12415891, 12414427]"
0,194,meta-llama/Llama-3.1-8B-mini4L,2048,4,0,2491918979,2491918979,2442258085,2454675698,12414427,"[12415891, 12414427, 12412963]"
0,195,meta-llama/Llama-3.1-8B-mini4L,2048,4,0,2504330474,2504330474,2454675698,2467091589,12412961,"[12414427, 12412963, 12411495]"
0,196,meta-llama/Llama-3.1-8B-mini4L,2048,4,0,2516740234,2516740234,2467091589,2479506016,12411406,"[12412963, 12411495, 12409760]"
0,197,meta-llama/Llama-3.1-8B-mini4L,2048,4,0,2529148522,2529148522,2479506016,2491918979,12409847,"[12411495, 12409760, 12408288]"
0,198,meta-llama/Llama-3.1-8B-mini4L,2048,4,0,2541555330,2541555330,2491918979,2504330474,12408285,"[12409760, 12408288, 12406808]"
0,199,meta-llama/Llama-3.1-8B-mini4L,2048,4,0,2553960658,2553960658,2504330474,2516740234,12406808,"[12408288, 12406808, 12405328]"
0,200,meta-llama/Llama-3.1-8B-mini4L,2048,4,0,2566364502,2566364502,2516740234,2529148522,12405326,"[12406808, 12405328, 12403844]"
0,201,meta-llama/Llama-3.1-8B-mini4L,2048,4,0,2578766600,2578766600,2529148522,2541555330,12403756,"[12405328, 12403844, 12402098]"
0,202,meta-llama/Llama-3.1-8B-mini4L,2048,4,0,2591167206,2591167206,2541555330,2553960658,12402182,"[12403844, 12402098, 12400606]"
0,203,meta-llama/Llama-3.1-8B-mini4L,2048,4,0,2603566320,2603566320,2553960658,2566364502,12400606,"[12402098, 12400606, 12399114]"
0,204,meta-llama/Llama-3.1-8B-mini4L,2048,4,0,2615963938,2615963938,2566364502,2578766600,12399112,"[12400606, 12399114, 12397618]"
0,205,meta-llama/Llama-3.1-8B-mini4L,2048,4,0,2628360056,2628360056,2578766600,2591167206,12397616,"[12399114, 12397618, 12396118]"
0,206,meta-llama/Llama-3.1-8B-mini4L,2048,4,0,2640754412,2640754412,2591167206,2603566320,12396030,"[12397618, 12396118, 12394356]"
0,207,meta-llama/Llama-3.1-8B-mini4L,2048,4,0,2653147522,2653147522,2603566320,2615963938,12394528,"[12396118, 12394356, 12393110]"
0,208,meta-llama/Llama-3.1-8B-mini4L,2048,4,0,2665538862,2665538862,2615963938,2628360056,12392935,"[12394356, 12393110, 12391340]"
0,209,meta-llama/Llama-3.1-8B-mini4L,2048,4,0,2677928690,2677928690,2628360056,2640754412,12391426,"[12393110, 12391340, 12389828]"
0,210,meta-llama/Llama-3.1-8B-mini4L,2048,4,0,2690317006,2690317006,2640754412,2653147522,12389828,"[12391340, 12389828, 12388316]"
0,211,meta-llama/Llama-3.1-8B-mini4L,2048,4,0,2702703802,2702703802,2653147522,2665538862,12388313,"[12389828, 12388316, 12386796]"
0,212,meta-llama/Llama-3.1-8B-mini4L,2048,4,0,2715088816,2715088816,2665538862,2677928690,12386708,"[12388316, 12386796, 12385014]"
0,213,meta-llama/Llama-3.1-8B-mini4L,2048,4,0,2727472306,2727472306,2677928690,2690317006,12385100,"[12386796, 12385014, 12383490]"
0,214,meta-llama/Llama-3.1-8B-mini4L,2048,4,0,2739854268,2739854268,2690317006,2702703802,12383488,"[12385014, 12383490, 12381962]"
0,215,meta-llama/Llama-3.1-8B-mini4L,2048,4,0,2752234698,2752234698,2702703802,2715088816,12381960,"[12383490, 12381962, 12380430]"
0,216,meta-llama/Llama-3.1-8B-mini4L,2048,4,0,2764613592,2764613592,2715088816,2727472306,12380428,"[12381962, 12380430, 12378894]"
0,217,meta-llama/Llama-3.1-8B-mini4L,2048,4,0,2776990688,2776990688,2727472306,2739854268,12378806,"[12380430, 12378894, 12377096]"
0,218,meta-llama/Llama-3.1-8B-mini4L,2048,4,0,2789366240,2789366240,2739854268,2752234698,12377180,"[12378894, 12377096, 12375552]"
0,219,meta-llama/Llama-3.1-8B-mini4L,2048,4,0,2801740248,2801740248,2752234698,2764613592,12375552,"[12377096, 12375552, 12374008]"
0,220,meta-llama/Llama-3.1-8B-mini4L,2048,4,0,2814112708,2814112708,2764613592,2776990688,12374006,"[12375552, 12374008, 12372460]"
0,221,meta-llama/Llama-3.1-8B-mini4L,2048,4,0,2826483620,2826483620,2776990688,2789366240,12372460,"[12374008, 12372460, 12370912]"
0,222,meta-llama/Llama-3.1-8B-mini4L,2048,4,0,2838852714,2838852714,2789366240,2801740248,12370822,"[12372460, 12370912, 12369094]"
0,223,meta-llama/Llama-3.1-8B-mini4L,2048,4,0,2851220514,2851220514,2801740248,2814112708,12369268,"[12370912, 12369094, 12367800]"
0,224,meta-llama/Llama-3.1-8B-mini4L,2048,4,0,2863586488,2863586488,2814112708,2826483620,12367622,"[12369094, 12367800, 12365974]"
0,225,meta-llama/Llama-3.1-8B-mini4L,2048,4,0,2875950898,2875950898,2826483620,2838852714,12366061,"[12367800, 12365974, 12364410]"
0,226,meta-llama/Llama-3.1-8B-mini4L,2048,4,0,2888313740,2888313740,2838852714,2851220514,12364408,"[12365974, 12364410, 12362842]"
0,227,meta-llama/Llama-3.1-8B-mini4L,2048,4,0,2900675010,2900675010,2851220514,2863586488,12362840,"[12364410, 12362842, 12361270]"
0,228,meta-llama/Llama-3.1-8B-mini4L,2048,4,0,2913034446,2913034446,2863586488,2875950898,12361182,"[12362842, 12361270, 12359436]"
0,229,meta-llama/Llama-3.1-8B-mini4L,2048,4,0,2925392302,2925392302,2875950898,2888313740,12359520,"[12361270, 12359436, 12357856]"
0,230,meta-llama/Llama-3.1-8B-mini4L,2048,4,0,2937748578,2937748578,2888313740,2900675010,12357856,"[12359436, 12357856, 12356276]"
0,231,meta-llama/Llama-3.1-8B-mini4L,2048,4,0,2950103266,2950103266,2900675010,2913034446,12356273,"[12357856, 12356276, 12354688]"
0,232,meta-llama/Llama-3.1-8B-mini4L,2048,4,0,2962456366,2962456366,2913034446,2925392302,12354688,"[12356276, 12354688, 12353100]"
0,233,meta-llama/Llama-3.1-8B-mini4L,2048,4,0,2974807611,2974807611,2925392302,2937748578,12353011,"[12354688, 12353100, 12351245]"
0,234,meta-llama/Llama-3.1-8B-mini4L,2048,4,0,2987157260,2987157260,2937748578,2950103266,12351331,"[12353100, 12351245, 12349649]"
0,235,meta-llama/Llama-3.1-8B-mini4L,2048,4,0,2999505309,2999505309,2950103266,2962456366,12349647,"[12351245, 12349649, 12348049]"
0,236,meta-llama/Llama-3.1-8B-mini4L,2048,4,0,3011851754,3011851754,2962456366,2974807611,12348047,"[12349649, 12348049, 12346445]"
0,237,meta-llama/Llama-3.1-8B-mini4L,2048,4,0,3024196595,3024196595,2974807611,2987157260,12346445,"[12348049, 12346445, 12344841]"
0,238,meta-llama/Llama-3.1-8B-mini4L,2048,4,0,3036539562,3036539562,2987157260,2999505309,12344751,"[12346445, 12344841, 12342967]"
0,239,meta-llama/Llama-3.1-8B-mini4L,2048,4,0,3048881179,3048881179,2999505309,3011851754,12343141,"[12344841, 12342967, 12341617]"
0,240,meta-llama/Llama-3.1-8B-mini4L,2048,4,0,3061220914,3061220914,3011851754,3024196595,12341439,"[12342967, 12341617, 12339735]"
0,241,meta-llama/Llama-3.1-8B-mini4L,2048,4,0,3073559029,3073559029,3024196595,3036539562,12339822,"[12341617, 12339735, 12338115]"
0,242,meta-llama/Llama-3.1-8B-mini4L,2048,4,0,3085895520,3085895520,3036539562,3048881179,12338113,"[12339735, 12338115, 12336491]"
0,243,meta-llama/Llama-3.1-8B-mini4L,2048,4,0,3098230383,3098230383,3048881179,3061220914,12336489,"[12338115, 12336491, 12334863]"
0,244,meta-llama/Llama-3.1-8B-mini4L,2048,4,0,3110563352,3110563352,3061220914,3073559029,12334774,"[12336491, 12334863, 12332969]"
0,245,meta-llama/Llama-3.1-8B-mini4L,2048,4,0,3122894681,3122894681,3073559029,3085895520,12333053,"[12334863, 12332969, 12331329]"
0,246,meta-llama/Llama-3.1-8B-mini4L,2048,4,0,3135224374,3135224374,3085895520,3098230383,12331330,"[12332969, 12331329, 12329693]"
0,247,meta-llama/Llama-3.1-8B-mini4L,2048,4,0,3147552423,3147552423,3098230383,3110563352,12329690,"[12331329, 12329693, 12328049]"
0,248,meta-llama/Llama-3.1-8B-mini4L,2048,4,0,3159878824,3159878824,3110563352,3122894681,12328047,"[12329693, 12328049, 12326401]"
0,249,meta-llama/Llama-3.1-8B-mini4L,2048,4,0,3172203311,3172203311,3122894681,3135224374,12326312,"[12328049, 12326401, 12324487]"
0,250,meta-llama/Llama-3.1-8B-mini4L,2048,4,0,3184526142,3184526142,3135224374,3147552423,12324573,"[12326401, 12324487, 12322831]"
0,251,meta-llama/Llama-3.1-8B-mini4L,2048,4,0,3196847313,3196847313,3147552423,3159878824,12322829,"[12324487, 12322831, 12321171]"
0,252,meta-llama/Llama-3.1-8B-mini4L,2048,4,0,3209166824,3209166824,3159878824,3172203311,12321171,"[12322831, 12321171, 12319511]"
0,253,meta-llama/Llama-3.1-8B-mini4L,2048,4,0,3221484667,3221484667,3172203311,3184526142,12319508,"[12321171, 12319511, 12317843]"
0,254,meta-llama/Llama-3.1-8B-mini4L,2048,4,0,3233800576,3233800576,3184526142,3196847313,12317754,"[12319511, 12317843, 12315909]"
0,255,meta-llama/Llama-3.1-8B-mini4L,2048,4,0,3246115075,3246115075,3196847313,3209166824,12316083,"[12317843, 12315909, 12314499]"
0,256,meta-llama/Llama-3.1-8B-mini4L,2048,4,0,3258427632,3258427632,3209166824,3221484667,12314321,"[12315909, 12314499, 12312557]"
0,257,meta-llama/Llama-3.1-8B-mini4L,2048,4,0,3270738505,3270738505,3221484667,3233800576,12312643,"[12314499, 12312557, 12310873]"
0,258,meta-llama/Llama-3.1-8B-mini4L,2048,4,0,3283047694,3283047694,3233800576,3246115075,12310873,"[12312557, 12310873, 12309189]"
0,259,meta-llama/Llama-3.1-8B-mini4L,2048,4,0,3295355191,3295355191,3246115075,3258427632,12309186,"[12310873, 12309189, 12307497]"
0,260,meta-llama/Llama-3.1-8B-mini4L,2048,4,0,3307660734,3307660734,3258427632,3270738505,12307409,"[12309189, 12307497, 12305543]"
0,261,meta-llama/Llama-3.1-8B-mini4L,2048,4,0,3319964577,3319964577,3270738505,3283047694,12305627,"[12307497, 12305543, 12303843]"
0,262,meta-llama/Llama-3.1-8B-mini4L,2048,4,0,3332266716,3332266716,3283047694,3295355191,12303841,"[12305543, 12303843, 12302139]"
0,263,meta-llama/Llama-3.1-8B-mini4L,2048,4,0,3344567151,3344567151,3295355191,3307660734,12302139,"[12303843, 12302139, 12300435]"
0,264,meta-llama/Llama-3.1-8B-mini4L,2048,4,0,3356865874,3356865874,3307660734,3319964577,12300432,"[12302139, 12300435, 12298723]"
0,265,meta-llama/Llama-3.1-8B-mini4L,2048,4,0,3369162623,3369162623,3319964577,3332266716,12298635,"[12300435, 12298723, 12296749]"
0,266,meta-llama/Llama-3.1-8B-mini4L,2048,4,0,3381457652,3381457652,3332266716,3344567151,12296833,"[12298723, 12296749, 12295029]"
0,267,meta-llama/Llama-3.1-8B-mini4L,2048,4,0,3393750957,3393750957,3344567151,3356865874,12295027,"[12296749, 12295029, 12293305]"
0,268,meta-llama/Llama-3.1-8B-mini4L,2048,4,0,3406042534,3406042534,3356865874,3369162623,12293303,"[12295029, 12293305, 12291577]"
0,269,meta-llama/Llama-3.1-8B-mini4L,2048,4,0,3418332383,3418332383,3369162623,3381457652,12291577,"[12293305, 12291577, 12289849]"
0,270,meta-llama/Llama-3.1-8B-mini4L,2048,4,0,3430620233,3430620233,3381457652,3393750957,12289758,"[12291577, 12289849, 12287850]"
0,271,meta-llama/Llama-3.1-8B-mini4L,2048,4,0,3442906606,3442906606,3393750957,3406042534,12288024,"[12289849, 12287850, 12286373]"
0,272,meta-llama/Llama-3.1-8B-mini4L,2048,4,0,3455190972,3455190972,3406042534,3418332383,12286196,"[12287850, 12286373, 12284366]"
0,273,meta-llama/Llama-3.1-8B-mini4L,2048,4,0,3467473590,3467473590,3418332383,3430620233,12284452,"[12286373, 12284366, 12282618]"
0,274,meta-llama/Llama-3.1-8B-mini4L,2048,4,0,3479754456,3479754456,3430620233,3442906606,12282616,"[12284366, 12282618, 12280866]"
0,275,meta-llama/Llama-3.1-8B-mini4L,2048,4,0,3492033562,3492033562,3442906606,3455190972,12280863,"[12282618, 12280866, 12279106]"
0,276,meta-llama/Llama-3.1-8B-mini4L,2048,4,0,3504310646,3504310646,3455190972,3467473590,12279018,"[12280866, 12279106, 12277084]"
0,277,meta-llama/Llama-3.1-8B-mini4L,2048,4,0,3516585966,3516585966,3467473590,3479754456,12277170,"[12279106, 12277084, 12275320]"
0,278,meta-llama/Llama-3.1-8B-mini4L,2048,4,0,3528859514,3528859514,3479754456,3492033562,12275317,"[12277084, 12275320, 12273548]"
0,279,meta-llama/Llama-3.1-8B-mini4L,2048,4,0,3541131290,3541131290,3492033562,3504310646,12273548,"[12275320, 12273548, 12271776]"
0,280,meta-llama/Llama-3.1-8B-mini4L,2048,4,0,3553401286,3553401286,3504310646,3516585966,12271773,"[12273548, 12271776, 12269996]"
0,281,meta-llama/Llama-3.1-8B-mini4L,2048,4,0,3565669236,3565669236,3516585966,3528859514,12269907,"[12271776, 12269996, 12267950]"
0,282,meta-llama/Llama-3.1-8B-mini4L,2048,4,0,3577935398,3577935398,3528859514,3541131290,12268036,"[12269996, 12267950, 12266162]"
0,283,meta-llama/Llama-3.1-8B-mini4L,2048,4,0,3590199768,3590199768,3541131290,3553401286,12266160,"[12267950, 12266162, 12264370]"
0,284,meta-llama/Llama-3.1-8B-mini4L,2048,4,0,3602462342,3602462342,3553401286,3565669236,12264368,"[12266162, 12264370, 12262574]"
0,285,meta-llama/Llama-3.1-8B-mini4L,2048,4,0,3614749331,3614749331,3565669236,3577935398,12271311,"[12264370, 12262574, 12286989]"
0,286,meta-llama/Llama-3.1-8B-mini4L,2048,4,0,3627034253,3627034253,3577935398,3590199768,12278161,"[12262574, 12286989, 12284922]"
0,287,meta-llama/Llama-3.1-8B-mini4L,2048,4,0,3639317626,3639317626,3590199768,3602462342,12285094,"[12286989, 12284922, 12283373]"
0,288,meta-llama/Llama-3.1-8B-mini4L,2048,4,0,3651598920,3651598920,3602462342,3614749331,12283196,"[12284922, 12283373, 12281294]"
0,289,meta-llama/Llama-3.1-8B-mini4L,2048,4,0,3663878398,3663878398,3614749331,3627034253,12281381,"[12283373, 12281294, 12279478]"
0,290,meta-llama/Llama-3.1-8B-mini4L,2048,4,0,3676155790,3676155790,3627034253,3639317626,12279388,"[12281294, 12279478, 12277392]"
0,291,meta-llama/Llama-3.1-8B-mini4L,2048,4,0,3688431350,3688431350,3639317626,3651598920,12277476,"[12279478, 12277392, 12275560]"
0,292,meta-llama/Llama-3.1-8B-mini4L,2048,4,0,3700704816,3700704816,3651598920,3663878398,12275472,"[12277392, 12275560, 12273466]"
0,293,meta-llama/Llama-3.1-8B-mini4L,2048,4,0,3712976446,3712976446,3663878398,3676155790,12273552,"[12275560, 12273466, 12271630]"
0,294,meta-llama/Llama-3.1-8B-mini4L,2048,4,0,3725246232,3725246232,3676155790,3688431350,12271627,"[12273466, 12271630, 12269786]"
0,295,meta-llama/Llama-3.1-8B-mini4L,2048,4,0,3737513908,3737513908,3688431350,3700704816,12269697,"[12271630, 12269786, 12267676]"
0,296,meta-llama/Llama-3.1-8B-mini4L,2048,4,0,3749779732,3749779732,3700704816,3712976446,12267762,"[12269786, 12267676, 12265824]"
0,297,meta-llama/Llama-3.1-8B-mini4L,2048,4,0,3762043438,3762043438,3712976446,3725246232,12265735,"[12267676, 12265824, 12263706]"
0,298,meta-llama/Llama-3.1-8B-mini4L,2048,4,0,3774305280,3774305280,3725246232,3737513908,12263790,"[12265824, 12263706, 12261842]"
0,299,meta-llama/Llama-3.1-8B-mini4L,2048,4,0,3786565258,3786565258,3737513908,3749779732,12261842,"[12263706, 12261842, 12259978]"
0,300,meta-llama/Llama-3.1-8B-mini4L,2048,4,0,3798823364,3798823364,3749779732,3762043438,12259975,"[12261842, 12259978, 12258106]"
0,301,meta-llama/Llama-3.1-8B-mini4L,2048,4,0,3811079336,3811079336,3762043438,3774305280,12258018,"[12259978, 12258106, 12255972]"
0,302,meta-llama/Llama-3.1-8B-mini4L,2048,4,0,3823333166,3823333166,3774305280,3786565258,12255969,"[12258106, 12255972, 12253830]"
0,303,meta-llama/Llama-3.1-8B-mini4L,2048,4,0,3835585374,3835585374,3786565258,3798823364,12254003,"[12255972, 12253830, 12252208]"
0,304,meta-llama/Llama-3.1-8B-mini4L,2048,4,0,3847835428,3847835428,3798823364,3811079336,12252030,"[12253830, 12252208, 12250054]"
0,305,meta-llama/Llama-3.1-8B-mini4L,2048,4,0,3860083586,3860083586,3811079336,3823333166,12250140,"[12252208, 12250054, 12248158]"
0,306,meta-llama/Llama-3.1-8B-mini4L,2048,4,0,3872329581,3872329581,3823333166,3835585374,12248069,"[12250054, 12248158, 12245995]"
0,307,meta-llama/Llama-3.1-8B-mini4L,2048,4,0,3884573672,3884573672,3835585374,3847835428,12246081,"[12248158, 12245995, 12244091]"
0,308,meta-llama/Llama-3.1-8B-mini4L,2048,4,0,3896815593,3896815593,3847835428,3860083586,12244002,"[12245995, 12244091, 12241921]"
0,309,meta-llama/Llama-3.1-8B-mini4L,2048,4,0,3909055598,3909055598,3860083586,3872329581,12242005,"[12244091, 12241921, 12240005]"
0,310,meta-llama/Llama-3.1-8B-mini4L,2048,4,0,3921293683,3921293683,3872329581,3884573672,12240003,"[12241921, 12240005, 12238085]"
0,311,meta-llama/Llama-3.1-8B-mini4L,2048,4,0,3933529578,3933529578,3884573672,3896815593,12237995,"[12240005, 12238085, 12235895]"
0,312,meta-llama/Llama-3.1-8B-mini4L,2048,4,0,3945763545,3945763545,3896815593,3909055598,12235982,"[12238085, 12235895, 12233967]"
0,313,meta-llama/Llama-3.1-8B-mini4L,2048,4,0,3957995314,3957995314,3909055598,3921293683,12233877,"[12235895, 12233967, 12231769]"
0,314,meta-llama/Llama-3.1-8B-mini4L,2048,4,0,3970225143,3970225143,3921293683,3933529578,12231855,"[12233967, 12231769, 12229829]"
0,315,meta-llama/Llama-3.1-8B-mini4L,2048,4,0,3982453024,3982453024,3933529578,3945763545,12229826,"[12231769, 12229829, 12227881]"
0,316,meta-llama/Llama-3.1-8B-mini4L,2048,4,0,3994678953,3994678953,3945763545,3957995314,12227879,"[12229829, 12227881, 12225929]"
0,317,meta-llama/Llama-3.1-8B-mini4L,2048,4,0,4006902664,4006902664,3957995314,3970225143,12225840,"[12227881, 12225929, 12223711]"
0,318,meta-llama/Llama-3.1-8B-mini4L,2048,4,0,4019124149,4019124149,3970225143,3982453024,12223708,"[12225929, 12223711, 12221485]"
0,319,meta-llama/Llama-3.1-8B-mini4L,2048,4,0,4031343928,4031343928,3982453024,3994678953,12221658,"[12223711, 12221485, 12219779]"
0,320,meta-llama/Llama-3.1-8B-mini4L,2048,4,0,4043561473,4043561473,3994678953,4006902664,12219603,"[12221485, 12219779, 12217545]"
0,321,meta-llama/Llama-3.1-8B-mini4L,2048,4,0,4055777038,4055777038,4006902664,4019124149,12217629,"[12219779, 12217545, 12215565]"
0,322,meta-llama/Llama-3.1-8B-mini4L,2048,4,0,4067990357,4067990357,4019124149,4031343928,12215476,"[12217545, 12215565, 12213319]"
0,323,meta-llama/Llama-3.1-8B-mini4L,2048,4,0,4080201688,4080201688,4031343928,4043561473,12213405,"[12215565, 12213319, 12211331]"
0,324,meta-llama/Llama-3.1-8B-mini4L,2048,4,0,4092410760,4092410760,4043561473,4055777038,12211240,"[12213319, 12211331, 12209072]"
0,325,meta-llama/Llama-3.1-8B-mini4L,2048,4,0,4104617832,4104617832,4055777038,4067990357,12209158,"[12211331, 12209072, 12207072]"
0,326,meta-llama/Llama-3.1-8B-mini4L,2048,4,0,4116822896,4116822896,4067990357,4080201688,12207069,"[12209072, 12207072, 12205064]"
0,327,meta-llama/Llama-3.1-8B-mini4L,2048,4,0,4129025686,4129025686,4080201688,4092410760,12204975,"[12207072, 12205064, 12202790]"
0,328,meta-llama/Llama-3.1-8B-mini4L,2048,4,0,4141226456,4141226456,4092410760,4104617832,12202874,"[12205064, 12202790, 12200770]"
0,329,meta-llama/Llama-3.1-8B-mini4L,2048,4,0,4153424944,4153424944,4104617832,4116822896,12200682,"[12202790, 12200770, 12198488]"
0,330,meta-llama/Llama-3.1-8B-mini4L,2048,4,0,4165621400,4165621400,4116822896,4129025686,12198571,"[12200770, 12198488, 12196456]"
0,331,meta-llama/Llama-3.1-8B-mini4L,2048,4,0,4177815820,4177815820,4129025686,4141226456,12196454,"[12198488, 12196456, 12194420]"
0,332,meta-llama/Llama-3.1-8B-mini4L,2048,4,0,4190008200,4190008200,4141226456,4153424944,12194418,"[12196456, 12194420, 12192380]"
0,333,meta-llama/Llama-3.1-8B-mini4L,2048,4,0,4202198270,4202198270,4153424944,4165621400,12192290,"[12194420, 12192380, 12190070]"
0,334,meta-llama/Llama-3.1-8B-mini4L,2048,4,0,4214386026,4214386026,4165621400,4177815820,12190068,"[12192380, 12190070, 12187756]"
0,335,meta-llama/Llama-3.1-8B-mini4L,2048,4,0,4226571988,4226571988,4177815820,4190008200,12187929,"[12190070, 12187756, 12185962]"
0,336,meta-llama/Llama-3.1-8B-mini4L,2048,4,0,4238755624,4238755624,4190008200,4202198270,12185784,"[12187756, 12185962, 12183636]"
0,337,meta-llama/Llama-3.1-8B-mini4L,2048,4,0,4250937188,4250937188,4202198270,4214386026,12183720,"[12185962, 12183636, 12181564]"
0,338,meta-llama/Llama-3.1-8B-mini4L,2048,4,0,4263116414,4263116414,4214386026,4226571988,12181475,"[12183636, 12181564, 12179226]"
0,339,meta-llama/Llama-3.1-8B-mini4L,2048,4,0,4275293556,4275293556,4226571988,4238755624,12179310,"[12181564, 12179226, 12177142]"
0,340,meta-llama/Llama-3.1-8B-mini4L,2048,4,0,4287468347,4287468347,4238755624,4250937188,12177053,"[12179226, 12177142, 12174791]"
0,341,meta-llama/Llama-3.1-8B-mini4L,2048,4,0,4299641750,4299641750,4250937188,4263116414,12175112,"[12177142, 12174791, 12173403]"
0,342,meta-llama/Llama-3.1-8B-mini4L,2048,4,0,4311814113,4311814113,4263116414,4275293556,12173519,"[12174791, 12173403, 12172363]"
0,343,meta-llama/Llama-3.1-8B-mini4L,2048,4,0,4323985174,4323985174,4275293556,4287468347,12172275,"[12173403, 12172363, 12171061]"
0,344,meta-llama/Llama-3.1-8B-mini4L,2048,4,0,4336155191,4336155191,4287468347,4299641750,12171147,"[12172363, 12171061, 12170017]"
0,345,meta-llama/Llama-3.1-8B-mini4L,2048,4,0,4348323898,4348323898,4299641750,4311814113,12169928,"[12171061, 12170017, 12168707]"
0,346,meta-llama/Llama-3.1-8B-mini4L,2048,4,0,4360491553,4360491553,4311814113,4323985174,12168793,"[12170017, 12168707, 12167655]"
0,347,meta-llama/Llama-3.1-8B-mini4L,2048,4,0,4372658152,4372658152,4323985174,4336155191,12167653,"[12168707, 12167655, 12166599]"
0,348,meta-llama/Llama-3.1-8B-mini4L,2048,4,0,4384823695,4384823695,4336155191,4348323898,12166599,"[12167655, 12166599, 12165543]"
0,349,meta-llama/Llama-3.1-8B-mini4L,2048,4,0,4396987916,4396987916,4348323898,4360491553,12165454,"[12166599, 12165543, 12164221]"
0,350,meta-llama/Llama-3.1-8B-mini4L,2048,4,0,4409150811,4409150811,4360491553,4372658152,12164219,"[12165543, 12164221, 12162895]"
0,351,meta-llama/Llama-3.1-8B-mini4L,2048,4,0,4421312900,4421312900,4372658152,4384823695,12163068,"[12164221, 12162895, 12162089]"
0,352,meta-llama/Llama-3.1-8B-mini4L,2048,4,0,4433473655,4433473655,4384823695,4396987916,12161913,"[12162895, 12162089, 12160755]"
0,353,meta-llama/Llama-3.1-8B-mini4L,2048,4,0,4445633338,4445633338,4396987916,4409150811,12160842,"[12162089, 12160755, 12159683]"
0,354,meta-llama/Llama-3.1-8B-mini4L,2048,4,0,4457791683,4457791683,4409150811,4421312900,12159594,"[12160755, 12159683, 12158345]"
0,355,meta-llama/Llama-3.1-8B-mini4L,2048,4,0,4469948948,4469948948,4421312900,4433473655,12158431,"[12159683, 12158345, 12157265]"
0,356,meta-llama/Llama-3.1-8B-mini4L,2048,4,0,4482104867,4482104867,4433473655,4445633338,12157176,"[12158345, 12157265, 12155919]"
0,357,meta-llama/Llama-3.1-8B-mini4L,2048,4,0,4494259698,4494259698,4445633338,4457791683,12156005,"[12157265, 12155919, 12154831]"
0,358,meta-llama/Llama-3.1-8B-mini4L,2048,4,0,4506413441,4506413441,4457791683,4469948948,12154831,"[12155919, 12154831, 12153743]"
0,359,meta-llama/Llama-3.1-8B-mini4L,2048,4,0,4518565829,4518565829,4469948948,4482104867,12153654,"[12154831, 12153743, 12152388]"
0,360,meta-llama/Llama-3.1-8B-mini4L,2048,4,0,4530717117,4530717117,4482104867,4494259698,12152473,"[12153743, 12152388, 12151288]"
0,361,meta-llama/Llama-3.1-8B-mini4L,2048,4,0,4542867043,4542867043,4494259698,4506413441,12151200,"[12152388, 12151288, 12149926]"
0,362,meta-llama/Llama-3.1-8B-mini4L,2048,4,0,4555015865,4555015865,4506413441,4518565829,12150012,"[12151288, 12149926, 12148822]"
0,363,meta-llama/Llama-3.1-8B-mini4L,2048,4,0,4567163583,4567163583,4518565829,4530717117,12148822,"[12149926, 12148822, 12147718]"
0,364,meta-llama/Llama-3.1-8B-mini4L,2048,4,0,4579310189,4579310189,4530717117,4542867043,12147715,"[12148822, 12147718, 12146606]"
0,365,meta-llama/Llama-3.1-8B-mini4L,2048,4,0,4591455417,4591455417,4542867043,4555015865,12146517,"[12147718, 12146606, 12145228]"
0,366,meta-llama/Llama-3.1-8B-mini4L,2048,4,0,4603599267,4603599267,4555015865,4567163583,12145228,"[12146606, 12145228, 12143850]"
0,367,meta-llama/Llama-3.1-8B-mini4L,2048,4,0,4615742259,4615742259,4567163583,4579310189,12144023,"[12145228, 12143850, 12142992]"
0,368,meta-llama/Llama-3.1-8B-mini4L,2048,4,0,4627883865,4627883865,4579310189,4591455417,12142816,"[12143850, 12142992, 12141606]"
0,369,meta-llama/Llama-3.1-8B-mini4L,2048,4,0,4640024339,4640024339,4591455417,4603599267,12141690,"[12142992, 12141606, 12140474]"
0,370,meta-llama/Llama-3.1-8B-mini4L,2048,4,0,4652163419,4652163419,4603599267,4615742259,12140386,"[12141606, 12140474, 12139080]"
0,371,meta-llama/Llama-3.1-8B-mini4L,2048,4,0,4664301367,4664301367,4615742259,4627883865,12139167,"[12140474, 12139080, 12137948]"
0,372,meta-llama/Llama-3.1-8B-mini4L,2048,4,0,4676437913,4676437913,4627883865,4640024339,12137858,"[12139080, 12137948, 12136546]"
0,373,meta-llama/Llama-3.1-8B-mini4L,2048,4,0,4688573315,4688573315,4640024339,4652163419,12136632,"[12137948, 12136546, 12135402]"
0,374,meta-llama/Llama-3.1-8B-mini4L,2048,4,0,4700707569,4700707569,4652163419,4664301367,12135400,"[12136546, 12135402, 12134254]"
0,375,meta-llama/Llama-3.1-8B-mini4L,2048,4,0,4712840413,4712840413,4664301367,4676437913,12134166,"[12135402, 12134254, 12132844]"
0,376,meta-llama/Llama-3.1-8B-mini4L,2048,4,0,4724972101,4724972101,4676437913,4688573315,12132928,"[12134254, 12132844, 12131688]"
0,377,meta-llama/Llama-3.1-8B-mini4L,2048,4,0,4737102370,4737102370,4688573315,4700707569,12131600,"[12132844, 12131688, 12130269]"
0,378,meta-llama/Llama-3.1-8B-mini4L,2048,4,0,4749231475,4749231475,4700707569,4712840413,12130354,"[12131688, 12130269, 12129105]"
0,379,meta-llama/Llama-3.1-8B-mini4L,2048,4,0,4761359416,4761359416,4712840413,4724972101,12129105,"[12130269, 12129105, 12127941]"
0,380,meta-llama/Llama-3.1-8B-mini4L,2048,4,0,4773486189,4773486189,4724972101,4737102370,12127939,"[12129105, 12127941, 12126773]"
0,381,meta-llama/Llama-3.1-8B-mini4L,2048,4,0,4785611524,4785611524,4737102370,4749231475,12126683,"[12127941, 12126773, 12125335]"
0,382,meta-llama/Llama-3.1-8B-mini4L,2048,4,0,4797735421,4797735421,4749231475,4761359416,12125335,"[12126773, 12125335, 12123897]"
0,383,meta-llama/Llama-3.1-8B-mini4L,2048,4,0,4809858400,4809858400,4761359416,4773486189,12124070,"[12125335, 12123897, 12122979]"
0,384,meta-llama/Llama-3.1-8B-mini4L,2048,4,0,4821979929,4821979929,4773486189,4785611524,12122801,"[12123897, 12122979, 12121529]"
0,385,meta-llama/Llama-3.1-8B-mini4L,2048,4,0,4834100270,4834100270,4785611524,4797735421,12121616,"[12122979, 12121529, 12120341]"
0,386,meta-llama/Llama-3.1-8B-mini4L,2048,4,0,4846219157,4846219157,4797735421,4809858400,12120252,"[12121529, 12120341, 12118887]"
0,387,meta-llama/Llama-3.1-8B-mini4L,2048,4,0,4858336848,4858336848,4809858400,4821979929,12118973,"[12120341, 12118887, 12117691]"
0,388,meta-llama/Llama-3.1-8B-mini4L,2048,4,0,4870453073,4870453073,4821979929,4834100270,12117601,"[12118887, 12117691, 12116225]"
0,389,meta-llama/Llama-3.1-8B-mini4L,2048,4,0,4882568094,4882568094,4834100270,4846219157,12116312,"[12117691, 12116225, 12115021]"
0,390,meta-llama/Llama-3.1-8B-mini4L,2048,4,0,4894681907,4894681907,4846219157,4858336848,12115019,"[12116225, 12115021, 12113813]"
0,391,meta-llama/Llama-3.1-8B-mini4L,2048,4,0,4906794242,4906794242,4858336848,4870453073,12113723,"[12115021, 12113813, 12112335]"
0,392,meta-llama/Llama-3.1-8B-mini4L,2048,4,0,4918905361,4918905361,4870453073,4882568094,12112422,"[12113813, 12112335, 12111119]"
0,393,meta-llama/Llama-3.1-8B-mini4L,2048,4,0,4931014994,4931014994,4882568094,4894681907,12111029,"[12112335, 12111119, 12109633]"
0,394,meta-llama/Llama-3.1-8B-mini4L,2048,4,0,4943123403,4943123403,4894681907,4906794242,12109720,"[12111119, 12109633, 12108409]"
0,395,meta-llama/Llama-3.1-8B-mini4L,2048,4,0,4955230580,4955230580,4906794242,4918905361,12108406,"[12109633, 12108409, 12107177]"
0,396,meta-llama/Llama-3.1-8B-mini4L,2048,4,0,4967336521,4967336521,4918905361,4931014994,12107175,"[12108409, 12107177, 12105941]"
0,397,meta-llama/Llama-3.1-8B-mini4L,2048,4,0,4979440963,4979440963,4931014994,4943123403,12105853,"[12107177, 12105941, 12104442]"
0,398,meta-llama/Llama-3.1-8B-mini4L,2048,4,0,4991543899,4991543899,4943123403,4955230580,12104439,"[12105941, 12104442, 12102936]"
0,399,meta-llama/Llama-3.1-8B-mini4L,2048,4,0,5003645849,5003645849,4955230580,4967336521,12103109,"[12104442, 12102936, 12101950]"
0,400,meta-llama/Llama-3.1-8B-mini4L,2048,4,0,5015746285,5015746285,4967336521,4979440963,12101774,"[12102936, 12101950, 12100436]"
0,401,meta-llama/Llama-3.1-8B-mini4L,2048,4,0,5027845465,5027845465,4979440963,4991543899,12100522,"[12101950, 12100436, 12099180]"
0,402,meta-llama/Llama-3.1-8B-mini4L,2048,4,0,5039943119,5039943119,4991543899,5003645849,12099090,"[12100436, 12099180, 12097654]"
0,403,meta-llama/Llama-3.1-8B-mini4L,2048,4,0,5052039509,5052039509,5003645849,5015746285,12097741,"[12099180, 12097654, 12096390]"
0,404,meta-llama/Llama-3.1-8B-mini4L,2048,4,0,5064134365,5064134365,5015746285,5027845465,12096300,"[12097654, 12096390, 12094856]"
0,405,meta-llama/Llama-3.1-8B-mini4L,2048,4,0,5076227949,5076227949,5027845465,5039943119,12094943,"[12096390, 12094856, 12093584]"
0,406,meta-llama/Llama-3.1-8B-mini4L,2048,4,0,5088320253,5088320253,5039943119,5052039509,12093581,"[12094856, 12093584, 12092304]"
0,407,meta-llama/Llama-3.1-8B-mini4L,2048,4,0,5100411011,5100411011,5052039509,5064134365,12092215,"[12093584, 12092304, 12090758]"
0,408,meta-llama/Llama-3.1-8B-mini4L,2048,4,0,5112500477,5112500477,5064134365,5076227949,12090842,"[12092304, 12090758, 12089466]"
0,409,meta-llama/Llama-3.1-8B-mini4L,2048,4,0,5124588389,5124588389,5076227949,5088320253,12089378,"[12090758, 12089466, 12087912]"
0,410,meta-llama/Llama-3.1-8B-mini4L,2048,4,0,5136675005,5136675005,5088320253,5100411011,12087998,"[12089466, 12087912, 12086616]"
0,411,meta-llama/Llama-3.1-8B-mini4L,2048,4,0,5148760317,5148760317,5100411011,5112500477,12086613,"[12087912, 12086616, 12085312]"
0,412,meta-llama/Llama-3.1-8B-mini4L,2048,4,0,5160844321,5160844321,5112500477,5124588389,12085310,"[12086616, 12085312, 12084004]"
0,413,meta-llama/Llama-3.1-8B-mini4L,2048,4,0,5172926751,5172926751,5124588389,5136675005,12083915,"[12085312, 12084004, 12082430]"
0,414,meta-llama/Llama-3.1-8B-mini4L,2048,4,0,5185007598,5185007598,5136675005,5148760317,12082427,"[12084004, 12082430, 12080847]"
0,415,meta-llama/Llama-3.1-8B-mini4L,2048,4,0,5197087388,5197087388,5148760317,5160844321,12081022,"[12082430, 12080847, 12079790]"
0,416,meta-llama/Llama-3.1-8B-mini4L,2048,4,0,5209165587,5209165587,5160844321,5172926751,12079612,"[12080847, 12079790, 12078199]"
0,417,meta-llama/Llama-3.1-8B-mini4L,2048,4,0,5221242454,5221242454,5172926751,5185007598,12078285,"[12079790, 12078199, 12076867]"
0,418,meta-llama/Llama-3.1-8B-mini4L,2048,4,0,5233317719,5233317719,5185007598,5197087388,12076777,"[12078199, 12076867, 12075265]"
0,419,meta-llama/Llama-3.1-8B-mini4L,2048,4,0,5245391640,5245391640,5197087388,5209165587,12075351,"[12076867, 12075265, 12073921]"
0,420,meta-llama/Llama-3.1-8B-mini4L,2048,4,0,5257463951,5257463951,5209165587,5221242454,12073832,"[12075265, 12073921, 12072311]"
0,421,meta-llama/Llama-3.1-8B-mini4L,2048,4,0,5269534910,5269534910,5221242454,5233317719,12072397,"[12073921, 12072311, 12070959]"
0,422,meta-llama/Llama-3.1-8B-mini4L,2048,4,0,5281604513,5281604513,5233317719,5245391640,12070957,"[12072311, 12070959, 12069603]"
0,423,meta-llama/Llama-3.1-8B-mini4L,2048,4,0,5293672490,5293672490,5245391640,5257463951,12069513,"[12070959, 12069603, 12067977]"
0,424,meta-llama/Llama-3.1-8B-mini4L,2048,4,0,5305739099,5305739099,5257463951,5269534910,12068063,"[12069603, 12067977, 12066609]"
0,425,meta-llama/Llama-3.1-8B-mini4L,2048,4,0,5317804070,5317804070,5269534910,5281604513,12066519,"[12067977, 12066609, 12064971]"
0,426,meta-llama/Llama-3.1-8B-mini4L,2048,4,0,5329867661,5329867661,5281604513,5293672490,12065057,"[12066609, 12064971, 12063591]"
0,427,meta-llama/Llama-3.1-8B-mini4L,2048,4,0,5341929872,5341929872,5293672490,5305739099,12063591,"[12064971, 12063591, 12062211]"
0,428,meta-llama/Llama-3.1-8B-mini4L,2048,4,0,5353990691,5353990691,5305739099,5317804070,12062207,"[12063591, 12062211, 12060819]"
0,429,meta-llama/Llama-3.1-8B-mini4L,2048,4,0,5366049856,5366049856,5317804070,5329867661,12060731,"[12062211, 12060819, 12059165]"
0,430,meta-llama/Llama-3.1-8B-mini4L,2048,4,0,5378107359,5378107359,5329867661,5341929872,12059162,"[12060819, 12059165, 12057503]"
0,431,meta-llama/Llama-3.1-8B-mini4L,2048,4,0,5390178138,5390178138,5341929872,5353990691,12062482,"[12059165, 12057503, 12070779]"
0,432,meta-llama/Llama-3.1-8B-mini4L,2048,4,0,5402232825,5402232825,5353990691,5366049856,12060989,"[12057503, 12070779, 12054687]"
0,433,meta-llama/Llama-3.1-8B-mini4L,2048,4,0,5414300514,5414300514,5366049856,5378107359,12064385,"[12070779, 12054687, 12067689]"
0,434,meta-llama/Llama-3.1-8B-mini4L,2048,4,0,5426366779,5426366779,5378107359,5390178138,12062880,"[12054687, 12067689, 12066265]"
0,435,meta-llama/Llama-3.1-8B-mini4L,2048,4,0,5438431616,5438431616,5390178138,5402232825,12066263,"[12067689, 12066265, 12064837]"
0,436,meta-llama/Llama-3.1-8B-mini4L,2048,4,0,5450494758,5450494758,5402232825,5414300514,12064748,"[12066265, 12064837, 12063142]"
0,437,meta-llama/Llama-3.1-8B-mini4L,2048,4,0,5462556460,5462556460,5414300514,5426366779,12063227,"[12064837, 12063142, 12061702]"
0,438,meta-llama/Llama-3.1-8B-mini4L,2048,4,0,5474616714,5474616714,5426366779,5438431616,12061699,"[12063142, 12061702, 12060254]"
0,439,meta-llama/Llama-3.1-8B-mini4L,2048,4,0,5486675520,5486675520,5438431616,5450494758,12060254,"[12061702, 12060254, 12058806]"
0,440,meta-llama/Llama-3.1-8B-mini4L,2048,4,0,5498732866,5498732866,5450494758,5462556460,12058802,"[12060254, 12058806, 12057346]"
0,441,meta-llama/Llama-3.1-8B-mini4L,2048,4,0,5510788486,5510788486,5462556460,5474616714,12057257,"[12058806, 12057346, 12055620]"
0,442,meta-llama/Llama-3.1-8B-mini4L,2048,4,0,5522842638,5522842638,5474616714,5486675520,12055706,"[12057346, 12055620, 12054152]"
0,443,meta-llama/Llama-3.1-8B-mini4L,2048,4,0,5534895314,5534895314,5486675520,5498732866,12054149,"[12055620, 12054152, 12052676]"
0,444,meta-llama/Llama-3.1-8B-mini4L,2048,4,0,5546946506,5546946506,5498732866,5510788486,12052673,"[12054152, 12052676, 12051192]"
0,445,meta-llama/Llama-3.1-8B-mini4L,2048,4,0,5558996210,5558996210,5510788486,5522842638,12051190,"[12052676, 12051192, 12049704]"
0,446,meta-llama/Llama-3.1-8B-mini4L,2048,4,0,5571044160,5571044160,5522842638,5534895314,12049615,"[12051192, 12049704, 12047950]"
0,447,meta-llama/Llama-3.1-8B-mini4L,2048,4,0,5583090868,5583090868,5534895314,5546946506,12048120,"[12049704, 12047950, 12046708]"
0,448,meta-llama/Llama-3.1-8B-mini4L,2048,4,0,5595135810,5595135810,5546946506,5558996210,12046533,"[12047950, 12046708, 12044942]"
0,449,meta-llama/Llama-3.1-8B-mini4L,2048,4,0,5607179236,5607179236,5558996210,5571044160,12045025,"[12046708, 12044942, 12043426]"
0,450,meta-llama/Llama-3.1-8B-mini4L,2048,4,0,5619221142,5619221142,5571044160,5583090868,12043424,"[12044942, 12043426, 12041906]"
0,451,meta-llama/Llama-3.1-8B-mini4L,2048,4,0,5631261520,5631261520,5583090868,5595135810,12041903,"[12043426, 12041906, 12040378]"
0,452,meta-llama/Llama-3.1-8B-mini4L,2048,4,0,5643300104,5643300104,5595135810,5607179236,12040289,"[12041906, 12040378, 12038584]"
0,453,meta-llama/Llama-3.1-8B-mini4L,2048,4,0,5655337148,5655337148,5607179236,5619221142,12038668,"[12040378, 12038584, 12037044]"
0,454,meta-llama/Llama-3.1-8B-mini4L,2048,4,0,5667372644,5667372644,5619221142,5631261520,12037041,"[12038584, 12037044, 12035496]"
0,455,meta-llama/Llama-3.1-8B-mini4L,2048,4,0,5679406588,5679406588,5631261520,5643300104,12035494,"[12037044, 12035496, 12033944]"
0,456,meta-llama/Llama-3.1-8B-mini4L,2048,4,0,5691438972,5691438972,5643300104,5655337148,12033941,"[12035496, 12033944, 12032384]"
0,457,meta-llama/Llama-3.1-8B-mini4L,2048,4,0,5703469526,5703469526,5655337148,5667372644,12032294,"[12033944, 12032384, 12030554]"
0,458,meta-llama/Llama-3.1-8B-mini4L,2048,4,0,5715498504,5715498504,5667372644,5679406588,12030638,"[12032384, 12030554, 12028978]"
0,459,meta-llama/Llama-3.1-8B-mini4L,2048,4,0,5727525902,5727525902,5679406588,5691438972,12028976,"[12030554, 12028978, 12027398]"
0,460,meta-llama/Llama-3.1-8B-mini4L,2048,4,0,5739551712,5739551712,5691438972,5703469526,12027395,"[12028978, 12027398, 12025810]"
0,461,meta-llama/Llama-3.1-8B-mini4L,2048,4,0,5751575926,5751575926,5703469526,5715498504,12025807,"[12027398, 12025810, 12024214]"
0,462,meta-llama/Llama-3.1-8B-mini4L,2048,4,0,5763598274,5763598274,5715498504,5727525902,12024124,"[12025810, 12024214, 12022348]"
0,463,meta-llama/Llama-3.1-8B-mini4L,2048,4,0,5775619272,5775619272,5727525902,5739551712,12022520,"[12024214, 12022348, 12020998]"
0,464,meta-llama/Llama-3.1-8B-mini4L,2048,4,0,5787638392,5787638392,5739551712,5751575926,12020822,"[12022348, 12020998, 12019120]"
0,465,meta-llama/Llama-3.1-8B-mini4L,2048,4,0,5799655884,5799655884,5751575926,5763598274,12019203,"[12020998, 12019120, 12017492]"
0,466,meta-llama/Llama-3.1-8B-mini4L,2048,4,0,5811671744,5811671744,5763598274,5775619272,12017490,"[12019120, 12017492, 12015860]"
0,467,meta-llama/Llama-3.1-8B-mini4L,2048,4,0,5823685964,5823685964,5775619272,5787638392,12015857,"[12017492, 12015860, 12014220]"
0,468,meta-llama/Llama-3.1-8B-mini4L,2048,4,0,5835698274,5835698274,5787638392,5799655884,12014130,"[12015860, 12014220, 12012310]"
0,469,meta-llama/Llama-3.1-8B-mini4L,2048,4,0,5847708928,5847708928,5799655884,5811671744,12012394,"[12014220, 12012310, 12010654]"
0,470,meta-llama/Llama-3.1-8B-mini4L,2048,4,0,5859717918,5859717918,5811671744,5823685964,12010651,"[12012310, 12010654, 12008990]"
0,471,meta-llama/Llama-3.1-8B-mini4L,2048,4,0,5871725236,5871725236,5823685964,5835698274,12008987,"[12010654, 12008990, 12007318]"
0,472,meta-llama/Llama-3.1-8B-mini4L,2048,4,0,5883730874,5883730874,5835698274,5847708928,12007315,"[12008990, 12007318, 12005638]"
0,473,meta-llama/Llama-3.1-8B-mini4L,2048,4,0,5895734565,5895734565,5847708928,5859717918,12005549,"[12007318, 12005638, 12003691]"
0,474,meta-llama/Llama-3.1-8B-mini4L,2048,4,0,5907736560,5907736560,5859717918,5871725236,12003774,"[12005638, 12003691, 12001995]"
0,475,meta-llama/Llama-3.1-8B-mini4L,2048,4,0,5919736851,5919736851,5871725236,5883730874,12001992,"[12003691, 12001995, 12000291]"
0,476,meta-llama/Llama-3.1-8B-mini4L,2048,4,0,5931735430,5931735430,5883730874,5895734565,12000288,"[12001995, 12000291, 11998579]"
0,477,meta-llama/Llama-3.1-8B-mini4L,2048,4,0,5943732289,5943732289,5895734565,5907736560,11998576,"[12000291, 11998579, 11996859]"
0,478,meta-llama/Llama-3.1-8B-mini4L,2048,4,0,5955727154,5955727154,5907736560,5919736851,11996767,"[11998579, 11996859, 11994865]"
0,479,meta-llama/Llama-3.1-8B-mini4L,2048,4,0,5967720545,5967720545,5919736851,5931735430,11995038,"[11996859, 11994865, 11993391]"
0,480,meta-llama/Llama-3.1-8B-mini4L,2048,4,0,5979711930,5979711930,5931735430,5943732289,11993213,"[11994865, 11993391, 11991385]"
0,481,meta-llama/Llama-3.1-8B-mini4L,2048,4,0,5991701559,5991701559,5943732289,5955727154,11991468,"[11993391, 11991385, 11989629]"
0,482,meta-llama/Llama-3.1-8B-mini4L,2048,4,0,6003689424,6003689424,5955727154,5967720545,11989626,"[11991385, 11989629, 11987865]"
0,483,meta-llama/Llama-3.1-8B-mini4L,2048,4,0,6015675517,6015675517,5967720545,5979711930,11987862,"[11989629, 11987865, 11986093]"
0,484,meta-llama/Llama-3.1-8B-mini4L,2048,4,0,6027659568,6027659568,5979711930,5991701559,11986003,"[11987865, 11986093, 11984051]"
0,485,meta-llama/Llama-3.1-8B-mini4L,2048,4,0,6039641827,6039641827,5991701559,6003689424,11984134,"[11986093, 11984051, 11982259]"
0,486,meta-llama/Llama-3.1-8B-mini4L,2048,4,0,6051622286,6051622286,6003689424,6015675517,11982256,"[11984051, 11982259, 11980459]"
0,487,meta-llama/Llama-3.1-8B-mini4L,2048,4,0,6063600937,6063600937,6015675517,6027659568,11980456,"[11982259, 11980459, 11978651]"
0,488,meta-llama/Llama-3.1-8B-mini4L,2048,4,0,6075577772,6075577772,6027659568,6039641827,11978648,"[11980459, 11978651, 11976835]"
0,489,meta-llama/Llama-3.1-8B-mini4L,2048,4,0,6087552517,6087552517,6039641827,6051622286,11976743,"[11978651, 11976835, 11974745]"
0,490,meta-llama/Llama-3.1-8B-mini4L,2048,4,0,6099525426,6099525426,6051622286,6063600937,11974829,"[11976835, 11974745, 11972909]"
0,491,meta-llama/Llama-3.1-8B-mini4L,2048,4,0,6111496487,6111496487,6063600937,6075577772,11972905,"[11974745, 11972909, 11971061]"
0,492,meta-llama/Llama-3.1-8B-mini4L,2048,4,0,6123465692,6123465692,6075577772,6087552517,11971058,"[11972909, 11971061, 11969205]"
0,493,meta-llama/Llama-3.1-8B-mini4L,2048,4,0,6135433033,6135433033,6087552517,6099525426,11969202,"[11971061, 11969205, 11967341]"
0,494,meta-llama/Llama-3.1-8B-mini4L,2048,4,0,6147398236,6147398236,6099525426,6111496487,11967249,"[11969205, 11967341, 11965203]"
0,495,meta-llama/Llama-3.1-8B-mini4L,2048,4,0,6159361813,6159361813,6111496487,6123465692,11965373,"[11967341, 11965203, 11963577]"
0,496,meta-llama/Llama-3.1-8B-mini4L,2048,4,0,6171323232,6171323232,6123465692,6135433033,11963399,"[11965203, 11963577, 11961419]"
0,497,meta-llama/Llama-3.1-8B-mini4L,2048,4,0,6183282747,6183282747,6135433033,6147398236,11961503,"[11963577, 11961419, 11959515]"
0,498,meta-llama/Llama-3.1-8B-mini4L,2048,4,0,6195240346,6195240346,6147398236,6159361813,11959511,"[11961419, 11959515, 11957599]"
0,499,meta-llama/Llama-3.1-8B-mini4L,2048,4,0,6207196017,6207196017,6159361813,6171323232,11957595,"[11959515, 11957599, 11955671]"
0,500,meta-llama/Llama-3.1-8B-mini4L,2048,4,0,6219149490,6219149490,6171323232,6183282747,11955581,"[11957599, 11955671, 11953473]"
0,501,meta-llama/Llama-3.1-8B-mini4L,2048,4,0,6231101011,6231101011,6183282747,6195240346,11953555,"[11955671, 11953473, 11951521]"
0,502,meta-llama/Llama-3.1-8B-mini4L,2048,4,0,6243050576,6243050576,6195240346,6207196017,11951519,"[11953473, 11951521, 11949565]"
0,503,meta-llama/Llama-3.1-8B-mini4L,2048,4,0,6254998169,6254998169,6207196017,6219149490,11949559,"[11951521, 11949565, 11947593]"
0,504,meta-llama/Llama-3.1-8B-mini4L,2048,4,0,6266943782,6266943782,6219149490,6231101011,11947590,"[11949565, 11947593, 11945613]"
0,505,meta-llama/Llama-3.1-8B-mini4L,2048,4,0,6278887141,6278887141,6231101011,6243050576,11945521,"[11947593, 11945613, 11943359]"
0,506,meta-llama/Llama-3.1-8B-mini4L,2048,4,0,6290828496,6290828496,6243050576,6254998169,11943442,"[11945613, 11943359, 11941355]"
0,507,meta-llama/Llama-3.1-8B-mini4L,2048,4,0,6302767835,6302767835,6254998169,6266943782,11941351,"[11943359, 11941355, 11939339]"
0,508,meta-llama/Llama-3.1-8B-mini4L,2048,4,0,6314705150,6314705150,6266943782,6278887141,11939336,"[11941355, 11939339, 11937315]"
0,509,meta-llama/Llama-3.1-8B-mini4L,2048,4,0,6326640425,6326640425,6278887141,6290828496,11937309,"[11939339, 11937315, 11935275]"
0,510,meta-llama/Llama-3.1-8B-mini4L,2048,4,0,6338573385,6338573385,6290828496,6302767835,11935183,"[11937315, 11935275, 11932960]"
0,511,meta-llama/Llama-3.1-8B-mini4L,2048,4,0,6350504548,6350504548,6302767835,6314705150,11933132,"[11935275, 11932960, 11931163]"
0,512,meta-llama/Llama-3.1-8B-mini4L,2048,4,0,6362434420,6362434420,6314705150,6326640425,11931331,"[11932960, 11931163, 11929872]"
0,513,meta-llama/Llama-3.1-8B-mini4L,2048,4,0,6374363256,6374363256,6326640425,6338573385,11929957,"[11931163, 11929872, 11928836]"
0,514,meta-llama/Llama-3.1-8B-mini4L,2048,4,0,6386291052,6386291052,6338573385,6350504548,11928834,"[11929872, 11928836, 11927796]"
0,515,meta-llama/Llama-3.1-8B-mini4L,2048,4,0,6398217800,6398217800,6350504548,6362434420,11927793,"[11928836, 11927796, 11926748]"
0,516,meta-llama/Llama-3.1-8B-mini4L,2048,4,0,6410143230,6410143230,6362434420,6374363256,11926658,"[11927796, 11926748, 11925430]"
0,517,meta-llama/Llama-3.1-8B-mini4L,2048,4,0,6422067600,6422067600,6374363256,6386291052,11925516,"[11926748, 11925430, 11924370]"
0,518,meta-llama/Llama-3.1-8B-mini4L,2048,4,0,6433990906,6433990906,6386291052,6398217800,11924368,"[11925430, 11924370, 11923306]"
0,519,meta-llama/Llama-3.1-8B-mini4L,2048,4,0,6445913140,6445913140,6398217800,6410143230,11923303,"[11924370, 11923306, 11922234]"
0,520,meta-llama/Llama-3.1-8B-mini4L,2048,4,0,6457834294,6457834294,6410143230,6422067600,11922231,"[11923306, 11922234, 11921154]"
0,521,meta-llama/Llama-3.1-8B-mini4L,2048,4,0,6469754098,6469754098,6422067600,6433990906,11921064,"[11922234, 11921154, 11919804]"
0,522,meta-llama/Llama-3.1-8B-mini4L,2048,4,0,6481672810,6481672810,6433990906,6445913140,11919890,"[11921154, 11919804, 11918712]"
0,523,meta-llama/Llama-3.1-8B-mini4L,2048,4,0,6493590422,6493590422,6445913140,6457834294,11918709,"[11919804, 11918712, 11917612]"
0,524,meta-llama/Llama-3.1-8B-mini4L,2048,4,0,6505506926,6505506926,6457834294,6469754098,11917609,"[11918712, 11917612, 11916504]"
0,525,meta-llama/Llama-3.1-8B-mini4L,2048,4,0,6517422318,6517422318,6469754098,6481672810,11916502,"[11917612, 11916504, 11915392]"
0,526,meta-llama/Llama-3.1-8B-mini4L,2048,4,0,6529336328,6529336328,6481672810,6493590422,11915302,"[11916504, 11915392, 11914010]"
0,527,meta-llama/Llama-3.1-8B-mini4L,2048,4,0,6541249472,6541249472,6493590422,6505506926,11914182,"[11915392, 11914010, 11913144]"
0,528,meta-llama/Llama-3.1-8B-mini4L,2048,4,0,6553161218,6553161218,6505506926,6517422318,11912966,"[11914010, 11913144, 11911746]"
0,529,meta-llama/Llama-3.1-8B-mini4L,2048,4,0,6565071820,6565071820,6517422318,6529336328,11911830,"[11913144, 11911746, 11910602]"
0,530,meta-llama/Llama-3.1-8B-mini4L,2048,4,0,6576981274,6576981274,6529336328,6541249472,11910600,"[11911746, 11910602, 11909454]"
0,531,meta-llama/Llama-3.1-8B-mini4L,2048,4,0,6588889568,6588889568,6541249472,6553161218,11909450,"[11910602, 11909454, 11908294]"
0,532,meta-llama/Llama-3.1-8B-mini4L,2048,4,0,6600796436,6600796436,6553161218,6565071820,11908205,"[11909454, 11908294, 11906868]"
0,533,meta-llama/Llama-3.1-8B-mini4L,2048,4,0,6612702128,6612702128,6565071820,6576981274,11906951,"[11908294, 11906868, 11905692]"
0,534,meta-llama/Llama-3.1-8B-mini4L,2048,4,0,6624606640,6624606640,6576981274,6588889568,11905690,"[11906868, 11905692, 11904512]"
0,535,meta-llama/Llama-3.1-8B-mini4L,2048,4,0,6636509964,6636509964,6588889568,6600796436,11904509,"[11905692, 11904512, 11903324]"
0,536,meta-llama/Llama-3.1-8B-mini4L,2048,4,0,6648412092,6648412092,6600796436,6612702128,11903321,"[11904512, 11903324, 11902128]"
0,537,meta-llama/Llama-3.1-8B-mini4L,2048,4,0,6660312750,6660312750,6612702128,6624606640,11902036,"[11903324, 11902128, 11900658]"
0,538,meta-llama/Llama-3.1-8B-mini4L,2048,4,0,6672212196,6672212196,6624606640,6636509964,11900744,"[11902128, 11900658, 11899446]"
0,539,meta-llama/Llama-3.1-8B-mini4L,2048,4,0,6684110418,6684110418,6636509964,6648412092,11899442,"[11900658, 11899446, 11898222]"
0,540,meta-llama/Llama-3.1-8B-mini4L,2048,4,0,6696007408,6696007408,6648412092,6660312750,11898219,"[11899446, 11898222, 11896990]"
0,541,meta-llama/Llama-3.1-8B-mini4L,2048,4,0,6707903158,6707903158,6660312750,6672212196,11896987,"[11898222, 11896990, 11895750]"
0,542,meta-llama/Llama-3.1-8B-mini4L,2048,4,0,6719797397,6719797397,6672212196,6684110418,11895659,"[11896990, 11895750, 11894239]"
0,543,meta-llama/Llama-3.1-8B-mini4L,2048,4,0,6731690643,6731690643,6684110418,6696007408,11894411,"[11895750, 11894239, 11893246]"
0,544,meta-llama/Llama-3.1-8B-mini4L,2048,4,0,6743582358,6743582358,6696007408,6707903158,11893066,"[11894239, 11893246, 11891715]"
0,545,meta-llama/Llama-3.1-8B-mini4L,2048,4,0,6755472797,6755472797,6707903158,6719797397,11891800,"[11893246, 11891715, 11890439]"
0,546,meta-llama/Llama-3.1-8B-mini4L,2048,4,0,6767361952,6767361952,6719797397,6731690643,11890436,"[11891715, 11890439, 11889155]"
0,547,meta-llama/Llama-3.1-8B-mini4L,2048,4,0,6779249815,6779249815,6731690643,6743582358,11889152,"[11890439, 11889155, 11887863]"
0,548,meta-llama/Llama-3.1-8B-mini4L,2048,4,0,6791136112,6791136112,6743582358,6755472797,11887771,"[11889155, 11887863, 11886297]"
0,549,meta-llama/Llama-3.1-8B-mini4L,2048,4,0,6803021093,6803021093,6755472797,6767361952,11886380,"[11887863, 11886297, 11884981]"
0,550,meta-llama/Llama-3.1-8B-mini4L,2048,4,0,6814904750,6814904750,6767361952,6779249815,11884978,"[11886297, 11884981, 11883657]"
0,551,meta-llama/Llama-3.1-8B-mini4L,2048,4,0,6826787075,6826787075,6779249815,6791136112,11883654,"[11884981, 11883657, 11882325]"
0,552,meta-llama/Llama-3.1-8B-mini4L,2048,4,0,6838668056,6838668056,6791136112,6803021093,11882321,"[11883657, 11882325, 11880981]"
0,553,meta-llama/Llama-3.1-8B-mini4L,2048,4,0,6850547419,6850547419,6803021093,6814904750,11880889,"[11882325, 11880981, 11879363]"
0,554,meta-llama/Llama-3.1-8B-mini4L,2048,4,0,6862425418,6862425418,6814904750,6826787075,11879447,"[11880981, 11879363, 11877999]"
0,555,meta-llama/Llama-3.1-8B-mini4L,2048,4,0,6874302041,6874302041,6826787075,6838668056,11877995,"[11879363, 11877999, 11876623]"
0,556,meta-llama/Llama-3.1-8B-mini4L,2048,4,0,6886177276,6886177276,6838668056,6850547419,11876619,"[11877999, 11876623, 11875235]"
0,557,meta-llama/Llama-3.1-8B-mini4L,2048,4,0,6898051115,6898051115,6850547419,6862425418,11875232,"[11876623, 11875235, 11873839]"
0,558,meta-llama/Llama-3.1-8B-mini4L,2048,4,0,6909923284,6909923284,6862425418,6874302041,11873747,"[11875235, 11873839, 11872169]"
0,559,meta-llama/Llama-3.1-8B-mini4L,2048,4,0,6921794295,6921794295,6874302041,6886177276,11872339,"[11873839, 11872169, 11871011]"
0,560,meta-llama/Llama-3.1-8B-mini4L,2048,4,0,6933663612,6933663612,6886177276,6898051115,11870832,"[11872169, 11871011, 11869317]"
0,561,meta-llama/Llama-3.1-8B-mini4L,2048,4,0,6945531485,6945531485,6898051115,6909923284,11869400,"[11871011, 11869317, 11867873]"
0,562,meta-llama/Llama-3.1-8B-mini4L,2048,4,0,6957397902,6957397902,6909923284,6921794295,11867869,"[11869317, 11867873, 11866417]"
0,563,meta-llama/Llama-3.1-8B-mini4L,2048,4,0,6969262851,6969262851,6921794295,6933663612,11866413,"[11867873, 11866417, 11864949]"
0,564,meta-llama/Llama-3.1-8B-mini4L,2048,4,0,6981126058,6981126058,6933663612,6945531485,11864857,"[11866417, 11864949, 11863207]"
0,565,meta-llama/Llama-3.1-8B-mini4L,2048,4,0,6992987769,6992987769,6945531485,6957397902,11863289,"[11864949, 11863207, 11861711]"
0,566,meta-llama/Llama-3.1-8B-mini4L,2048,4,0,7004847976,7004847976,6957397902,6969262851,11861708,"[11863207, 11861711, 11860207]"
0,567,meta-llama/Llama-3.1-8B-mini4L,2048,4,0,7016706663,7016706663,6969262851,6981126058,11860201,"[11861711, 11860207, 11858687]"
0,568,meta-llama/Llama-3.1-8B-mini4L,2048,4,0,7028563818,7028563818,6981126058,6992987769,11858683,"[11860207, 11858687, 11857155]"
0,569,meta-llama/Llama-3.1-8B-mini4L,2048,4,0,7040419167,7040419167,6992987769,7004847976,11857063,"[11858687, 11857155, 11855349]"
0,570,meta-llama/Llama-3.1-8B-mini4L,2048,4,0,7052272956,7052272956,7004847976,7016706663,11855431,"[11857155, 11855349, 11853789]"
0,571,meta-llama/Llama-3.1-8B-mini4L,2048,4,0,7064125173,7064125173,7016706663,7028563818,11853785,"[11855349, 11853789, 11852217]"
0,572,meta-llama/Llama-3.1-8B-mini4L,2048,4,0,7075975802,7075975802,7028563818,7040419167,11852211,"[11853789, 11852217, 11850629]"
0,573,meta-llama/Llama-3.1-8B-mini4L,2048,4,0,7087824827,7087824827,7040419167,7052272956,11850623,"[11852217, 11850629, 11849025]"
0,574,meta-llama/Llama-3.1-8B-mini4L,2048,4,0,7099671974,7099671974,7052272956,7064125173,11848933,"[11850629, 11849025, 11847147]"
0,575,meta-llama/Llama-3.1-8B-mini4L,2048,4,0,7111517751,7111517751,7064125173,7075975802,11847316,"[11849025, 11847147, 11845777]"
0,576,meta-llama/Llama-3.1-8B-mini4L,2048,4,0,7123361622,7123361622,7075975802,7087824827,11845598,"[11847147, 11845777, 11843871]"
0,577,meta-llama/Llama-3.1-8B-mini4L,2048,4,0,7135203829,7135203829,7087824827,7099671974,11843951,"[11845777, 11843871, 11842207]"
0,578,meta-llama/Llama-3.1-8B-mini4L,2048,4,0,7147044356,7147044356,7099671974,7111517751,11842201,"[11843871, 11842207, 11840527]"
0,579,meta-llama/Llama-3.1-8B-mini4L,2048,4,0,7158883187,7158883187,7111517751,7123361622,11840521,"[11842207, 11840527, 11838831]"
0,580,meta-llama/Llama-3.1-8B-mini4L,2048,4,0,7170720043,7170720043,7123361622,7135203829,11838738,"[11840527, 11838831, 11836856]"
0,581,meta-llama/Llama-3.1-8B-mini4L,2048,4,0,7182555171,7182555171,7135203829,7147044356,11836938,"[11838831, 11836856, 11835128]"
0,582,meta-llama/Llama-3.1-8B-mini4L,2048,4,0,7194388555,7194388555,7147044356,7158883187,11835122,"[11836856, 11835128, 11833384]"
0,583,meta-llama/Llama-3.1-8B-mini4L,2048,4,0,7206220175,7206220175,7158883187,7170720043,11833377,"[11835128, 11833384, 11831620]"
0,584,meta-llama/Llama-3.1-8B-mini4L,2048,4,0,7218050015,7218050015,7170720043,7182555171,11831614,"[11833384, 11831620, 11829840]"
0,585,meta-llama/Llama-3.1-8B-mini4L,2048,4,0,7229877793,7229877793,7182555171,7194388555,11829746,"[11831620, 11829840, 11827778]"
0,586,meta-llama/Llama-3.1-8B-mini4L,2048,4,0,7241703751,7241703751,7194388555,7206220175,11827858,"[11829840, 11827778, 11825958]"
0,587,meta-llama/Llama-3.1-8B-mini4L,2048,4,0,7253527873,7253527873,7206220175,7218050015,11825952,"[11827778, 11825958, 11824122]"
0,588,meta-llama/Llama-3.1-8B-mini4L,2048,4,0,7265350139,7265350139,7218050015,7229877793,11824115,"[11825958, 11824122, 11822266]"
0,589,meta-llama/Llama-3.1-8B-mini4L,2048,4,0,7277170529,7277170529,7229877793,7241703751,11822259,"[11824122, 11822266, 11820390]"
0,590,meta-llama/Llama-3.1-8B-mini4L,2048,4,0,7288988761,7288988761,7241703751,7253527873,11820296,"[11822266, 11820390, 11818232]"
0,591,meta-llama/Llama-3.1-8B-mini4L,2048,4,0,7300805335,7300805335,7253527873,7265350139,11818398,"[11820390, 11818232, 11816574]"
0,592,meta-llama/Llama-3.1-8B-mini4L,2048,4,0,7312619707,7312619707,7265350139,7277170529,11816392,"[11818232, 11816574, 11814372]"
0,593,meta-llama/Llama-3.1-8B-mini4L,2048,4,0,7324432119,7324432119,7277170529,7288988761,11814452,"[11816574, 11814372, 11812412]"
0,594,meta-llama/Llama-3.1-8B-mini4L,2048,4,0,7336242551,7336242551,7288988761,7300805335,11812405,"[11814372, 11812412, 11810432]"
0,595,meta-llama/Llama-3.1-8B-mini4L,2048,4,0,7348050975,7348050975,7300805335,7312619707,11810422,"[11812412, 11810432, 11808424]"
0,596,meta-llama/Llama-3.1-8B-mini4L,2048,4,0,7359857109,7359857109,7312619707,7324432119,11808330,"[11810432, 11808424, 11806134]"
0,597,meta-llama/Llama-3.1-8B-mini4L,2048,4,0,7371661911,7371661911,7324432119,7336242551,11806453,"[11808424, 11806134, 11804802]"
0,598,meta-llama/Llama-3.1-8B-mini4L,2048,4,0,7383465729,7383465729,7336242551,7348050975,11804918,"[11806134, 11804802, 11803818]"
0,599,meta-llama/Llama-3.1-8B-mini4L,2048,4,0,7395268547,7395268547,7348050975,7359857109,11803812,"[11804802, 11803818, 11802818]"
0,600,meta-llama/Llama-3.1-8B-mini4L,2048,4,0,7407070357,7407070357,7359857109,7371661911,11802815,"[11803818, 11802818, 11801810]"
0,601,meta-llama/Llama-3.1-8B-mini4L,2048,4,0,7418870885,7418870885,7371661911,7383465729,11801718,"[11802818, 11801810, 11800528]"
0,602,meta-llama/Llama-3.1-8B-mini4L,2048,4,0,7430670377,7430670377,7383465729,7395268547,11800610,"[11801810, 11800528, 11799492]"
0,603,meta-llama/Llama-3.1-8B-mini4L,2048,4,0,7442468825,7442468825,7395268547,7407070357,11799489,"[11800528, 11799492, 11798448]"
0,604,meta-llama/Llama-3.1-8B-mini4L,2048,4,0,7454266209,7454266209,7407070357,7418870885,11798441,"[11799492, 11798448, 11797384]"
0,605,meta-llama/Llama-3.1-8B-mini4L,2048,4,0,7466062521,7466062521,7418870885,7430670377,11797381,"[11798448, 11797384, 11796312]"
0,606,meta-llama/Llama-3.1-8B-mini4L,2048,4,0,7477857483,7477857483,7430670377,7442468825,11796219,"[11797384, 11796312, 11794962]"
0,607,meta-llama/Llama-3.1-8B-mini4L,2048,4,0,7489651603,7489651603,7442468825,7454266209,11795131,"[11796312, 11794962, 11794120]"
0,608,meta-llama/Llama-3.1-8B-mini4L,2048,4,0,7501444345,7501444345,7454266209,7466062521,11793941,"[11794962, 11794120, 11792742]"
0,609,meta-llama/Llama-3.1-8B-mini4L,2048,4,0,7513235955,7513235955,7466062521,7477857483,11792824,"[11794120, 11792742, 11791610]"
0,610,meta-llama/Llama-3.1-8B-mini4L,2048,4,0,7525026413,7525026413,7477857483,7489651603,11791603,"[11792742, 11791610, 11790458]"
0,611,meta-llama/Llama-3.1-8B-mini4L,2048,4,0,7536815707,7536815707,7489651603,7501444345,11790454,"[11791610, 11790458, 11789294]"
0,612,meta-llama/Llama-3.1-8B-mini4L,2048,4,0,7548603559,7548603559,7501444345,7513235955,11789201,"[11790458, 11789294, 11787852]"
0,613,meta-llama/Llama-3.1-8B-mini4L,2048,4,0,7560390215,7560390215,7513235955,7525026413,11787934,"[11789294, 11787852, 11786656]"
0,614,meta-llama/Llama-3.1-8B-mini4L,2048,4,0,7572175655,7572175655,7525026413,7536815707,11786649,"[11787852, 11786656, 11785440]"
0,615,meta-llama/Llama-3.1-8B-mini4L,2048,4,0,7583959859,7583959859,7536815707,7548603559,11785433,"[11786656, 11785440, 11784204]"
0,616,meta-llama/Llama-3.1-8B-mini4L,2048,4,0,7595742811,7595742811,7548603559,7560390215,11784198,"[11785440, 11784204, 11782952]"
0,617,meta-llama/Llama-3.1-8B-mini4L,2048,4,0,7607524228,7607524228,7560390215,7572175655,11782857,"[11784204, 11782952, 11781417]"
0,618,meta-llama/Llama-3.1-8B-mini4L,2048,4,0,7619304353,7619304353,7572175655,7583959859,11781498,"[11782952, 11781417, 11780125]"
0,619,meta-llama/Llama-3.1-8B-mini4L,2048,4,0,7631083170,7631083170,7583959859,7595742811,11780119,"[11781417, 11780125, 11778817]"
0,620,meta-llama/Llama-3.1-8B-mini4L,2048,4,0,7642860651,7642860651,7595742811,7607524228,11778807,"[11780125, 11778817, 11777481]"
0,621,meta-llama/Llama-3.1-8B-mini4L,2048,4,0,7654636780,7654636780,7607524228,7619304353,11777475,"[11778817, 11777481, 11776129]"
0,622,meta-llama/Llama-3.1-8B-mini4L,2048,4,0,7666411271,7666411271,7619304353,7631083170,11776033,"[11777481, 11776129, 11774491]"
0,623,meta-llama/Llama-3.1-8B-mini4L,2048,4,0,7678184624,7678184624,7631083170,7642860651,11774657,"[11776129, 11774491, 11773353]"
0,624,meta-llama/Llama-3.1-8B-mini4L,2048,4,0,7689956291,7689956291,7642860651,7654636780,11773170,"[11774491, 11773353, 11771667]"
0,625,meta-llama/Llama-3.1-8B-mini4L,2048,4,0,7701726506,7701726506,7654636780,7666411271,11771745,"[11773353, 11771667, 11770215]"
0,626,meta-llama/Llama-3.1-8B-mini4L,2048,4,0,7713495249,7713495249,7666411271,7678184624,11770208,"[11771667, 11770215, 11768743]"
0,627,meta-llama/Llama-3.1-8B-mini4L,2048,4,0,7725271926,7725271926,7678184624,7689956291,11771878,"[11770215, 11768743, 11776677]"
0,628,meta-llama/Llama-3.1-8B-mini4L,2048,4,0,7737046812,7737046812,7689956291,7701726506,11773435,"[11768743, 11776677, 11774886]"
0,629,meta-llama/Llama-3.1-8B-mini4L,2048,4,0,7748820142,7748820142,7701726506,7713495249,11774964,"[11776677, 11774886, 11773330]"
0,630,meta-llama/Llama-3.1-8B-mini4L,2048,4,0,7760591884,7760591884,7713495249,7725271926,11773319,"[11774886, 11773330, 11771742]"
0,631,meta-llama/Llama-3.1-8B-mini4L,2048,4,0,7772362006,7772362006,7725271926,7737046812,11771731,"[11773330, 11771742, 11770122]"
0,632,meta-llama/Llama-3.1-8B-mini4L,2048,4,0,7784130218,7784130218,7737046812,7748820142,11770025,"[11771742, 11770122, 11768212]"
0,633,meta-llama/Llama-3.1-8B-mini4L,2048,4,0,7795896484,7795896484,7748820142,7760591884,11768200,"[11770122, 11768212, 11766266]"
0,634,meta-llama/Llama-3.1-8B-mini4L,2048,4,0,7807661030,7807661030,7760591884,7772362006,11766341,"[11768212, 11766266, 11764546]"
0,635,meta-llama/Llama-3.1-8B-mini4L,2048,4,0,7819423820,7819423820,7772362006,7784130218,11764534,"[11766266, 11764546, 11762790]"
0,636,meta-llama/Llama-3.1-8B-mini4L,2048,4,0,7831184818,7831184818,7784130218,7795896484,11762778,"[11764546, 11762790, 11760998]"
0,637,meta-llama/Llama-3.1-8B-mini4L,2048,4,0,7842943980,7842943980,7795896484,7807661030,11760983,"[11762790, 11760998, 11759162]"
0,638,meta-llama/Llama-3.1-8B-mini4L,2048,4,0,7854700746,7854700746,7807661030,7819423820,11758975,"[11760998, 11759162, 11756766]"
0,639,meta-llama/Llama-3.1-8B-mini4L,2048,4,0,7866455854,7866455854,7819423820,7831184818,11757012,"[11759162, 11756766, 11755108]"
0,640,meta-llama/Llama-3.1-8B-mini4L,2048,4,0,7878209740,7878209740,7831184818,7842943980,11755253,"[11756766, 11755108, 11753886]"
0,641,meta-llama/Llama-3.1-8B-mini4L,2048,4,0,7889962642,7889962642,7842943980,7854700746,11753965,"[11755108, 11753886, 11752902]"
0,642,meta-llama/Llama-3.1-8B-mini4L,2048,4,0,7901714536,7901714536,7854700746,7866455854,11752894,"[11753886, 11752902, 11751894]"
0,643,meta-llama/Llama-3.1-8B-mini4L,2048,4,0,7913465132,7913465132,7866455854,7878209740,11751797,"[11752902, 11751894, 11750596]"
0,644,meta-llama/Llama-3.1-8B-mini4L,2048,4,0,7925214406,7925214406,7878209740,7889962642,11750588,"[11751894, 11750596, 11749274]"
0,645,meta-llama/Llama-3.1-8B-mini4L,2048,4,0,7936962588,7936962588,7889962642,7901714536,11749350,"[11750596, 11749274, 11748182]"
0,646,meta-llama/Llama-3.1-8B-mini4L,2048,4,0,7948709650,7948709650,7901714536,7913465132,11748172,"[11749274, 11748182, 11747062]"
0,647,meta-llama/Llama-3.1-8B-mini4L,2048,4,0,7960455560,7960455560,7913465132,7925214406,11747051,"[11748182, 11747062, 11745910]"
0,648,meta-llama/Llama-3.1-8B-mini4L,2048,4,0,7972200023,7972200023,7925214406,7936962588,11745811,"[11747062, 11745910, 11744463]"
0,649,meta-llama/Llama-3.1-8B-mini4L,2048,4,0,7983943004,7983943004,7936962588,7948709650,11744451,"[11745910, 11744463, 11742981]"
0,650,meta-llama/Llama-3.1-8B-mini4L,2048,4,0,7995684725,7995684725,7948709650,7960455560,11743055,"[11744463, 11742981, 11741721]"
0,651,meta-llama/Llama-3.1-8B-mini4L,2048,4,0,8007425146,8007425146,7960455560,7972200023,11741707,"[11742981, 11741721, 11740421]"
0,652,meta-llama/Llama-3.1-8B-mini4L,2048,4,0,8019164227,8019164227,7972200023,7983943004,11740407,"[11741721, 11740421, 11739081]"
0,653,meta-llama/Llama-3.1-8B-mini4L,2048,4,0,8030901920,8030901920,7983943004,7995684725,11739065,"[11740421, 11739081, 11737693]"
0,654,meta-llama/Llama-3.1-8B-mini4L,2048,4,0,8042637649,8042637649,7995684725,8007425146,11737501,"[11739081, 11737693, 11735729]"
0,655,meta-llama/Llama-3.1-8B-mini4L,2048,4,0,8054372152,8054372152,8007425146,8019164227,11735975,"[11737693, 11735729, 11734503]"
0,656,meta-llama/Llama-3.1-8B-mini4L,2048,4,0,8066104845,8066104845,8019164227,8030901920,11734308,"[11735729, 11734503, 11732693]"
0,657,meta-llama/Llama-3.1-8B-mini4L,2048,4,0,8077835930,8077835930,8030901920,8042637649,11732760,"[11734503, 11732693, 11731085]"
0,658,meta-llama/Llama-3.1-8B-mini4L,2048,4,0,8089565339,8089565339,8042637649,8054372152,11731062,"[11732693, 11731085, 11729409]"
0,659,meta-llama/Llama-3.1-8B-mini4L,2048,4,0,8101292742,8101292742,8054372152,8066104845,11729299,"[11731085, 11729409, 11727403]"
0,660,meta-llama/Llama-3.1-8B-mini4L,2048,4,0,8113018055,8113018055,8066104845,8077835930,11727375,"[11729409, 11727403, 11725313]"
0,661,meta-llama/Llama-3.1-8B-mini4L,2048,4,0,8124742932,8124742932,8077835930,8089565339,11725864,"[11727403, 11725313, 11724877]"
0,662,meta-llama/Llama-3.1-8B-mini4L,2048,4,0,8136468101,8136468101,8089565339,8101292742,11725119,"[11725313, 11724877, 11725169]"
0,663,meta-llama/Llama-3.1-8B-mini4L,2048,4,0,8148193582,8148193582,8101292742,8113018055,11725175,"[11724877, 11725169, 11725481]"
0,664,meta-llama/Llama-3.1-8B-mini4L,2048,4,0,8159919125,8159919125,8113018055,8124742932,11725397,"[11725169, 11725481, 11725543]"
0,665,meta-llama/Llama-3.1-8B-mini4L,2048,4,0,8171644753,8171644753,8124742932,8136468101,11725550,"[11725481, 11725543, 11725628]"
0,666,meta-llama/Llama-3.1-8B-mini4L,2048,4,0,8183370749,8183370749,8136468101,8148193582,11725722,"[11725543, 11725628, 11725996]"
0,667,meta-llama/Llama-3.1-8B-mini4L,2048,4,0,8195097137,8195097137,8148193582,8159919125,11726004,"[11725628, 11725996, 11726388]"
0,668,meta-llama/Llama-3.1-8B-mini4L,2048,4,0,8206823945,8206823945,8159919125,8171644753,11726397,"[11725996, 11726388, 11726808]"
0,669,meta-llama/Llama-3.1-8B-mini4L,2048,4,0,8218551205,8218551205,8171644753,8183370749,11726818,"[11726388, 11726808, 11727260]"
0,670,meta-llama/Llama-3.1-8B-mini4L,2048,4,0,8230278429,8230278429,8183370749,8195097137,11727097,"[11726808, 11727260, 11727224]"
0,671,meta-llama/Llama-3.1-8B-mini4L,2048,4,0,8242006451,8242006451,8195097137,8206823945,11727502,"[11727260, 11727224, 11728022]"
0,672,meta-llama/Llama-3.1-8B-mini4L,2048,4,0,8253733983,8253733983,8206823945,8218551205,11727592,"[11727224, 11728022, 11727532]"
0,673,meta-llama/Llama-3.1-8B-mini4L,2048,4,0,8265461259,8265461259,8218551205,8230278429,11727610,"[11728022, 11727532, 11727276]"
0,674,meta-llama/Llama-3.1-8B-mini4L,2048,4,0,8277188251,8277188251,8230278429,8242006451,11727266,"[11727532, 11727276, 11726992]"
0,675,meta-llama/Llama-3.1-8B-mini4L,2048,4,0,8288914657,8288914657,8242006451,8253733983,11726891,"[11727276, 11726992, 11726406]"
0,676,meta-llama/Llama-3.1-8B-mini4L,2048,4,0,8300640429,8300640429,8253733983,8265461259,11726390,"[11726992, 11726406, 11725772]"
0,677,meta-llama/Llama-3.1-8B-mini4L,2048,4,0,8312362501,8312362501,8265461259,8277188251,11724750,"[11726406, 11725772, 11722072]"
0,678,meta-llama/Llama-3.1-8B-mini4L,2048,4,0,8324079241,8324079241,8277188251,8288914657,11721528,"[11725772, 11722072, 11716740]"
0,679,meta-llama/Llama-3.1-8B-mini4L,2048,4,0,8335790645,8335790645,8288914657,8300640429,11716738,"[11722072, 11716740, 11711404]"
0,680,meta-llama/Llama-3.1-8B-mini4L,2048,4,0,8347496451,8347496451,8300640429,8312362501,11711316,"[11716740, 11711404, 11705806]"
0,681,meta-llama/Llama-3.1-8B-mini4L,2048,4,0,8359196092,8359196092,8312362501,8324079241,11705617,"[11711404, 11705806, 11699641]"
0,682,meta-llama/Llama-3.1-8B-mini4L,2048,4,0,8371823955,8371823955,8324079241,8335790645,12011103,"[11705806, 11699641, 12627863]"
0,683,meta-llama/Llama-3.1-8B-mini4L,2048,4,0,8384451380,8384451380,8335790645,8347496451,12318309,"[11699641, 12627863, 12627425]"
0,684,meta-llama/Llama-3.1-8B-mini4L,2048,4,0,8409745612,8409745612,8359196092,8371823955,12640552,"[12627425, 12626677, 12667555]"
0,685,meta-llama/Llama-3.1-8B-mini4L,2048,4,0,8422411849,8422411849,8371823955,8384451380,12653489,"[12626677, 12667555, 12666237]"
0,686,meta-llama/Llama-3.1-8B-mini4L,2048,4,0,8435076768,8435076768,8384451380,8397078057,12666237,"[12667555, 12666237, 12664919]"
0,687,meta-llama/Llama-3.1-8B-mini4L,2048,4,0,8447740893,8447740893,8397078057,8409745612,12665093,"[12666237, 12664919, 12664125]"
0,688,meta-llama/Llama-3.1-8B-mini4L,2048,4,0,8460403700,8460403700,8409745612,8422411849,12663950,"[12664919, 12664125, 12662807]"
0,689,meta-llama/Llama-3.1-8B-mini4L,2048,4,0,8473065447,8473065447,8422411849,8435076768,12662893,"[12664125, 12662807, 12661747]"
0,690,meta-llama/Llama-3.1-8B-mini4L,2048,4,0,8485725868,8485725868,8435076768,8447740893,12661658,"[12662807, 12661747, 12660421]"
0,691,meta-llama/Llama-3.1-8B-mini4L,2048,4,0,8498385225,8498385225,8447740893,8460403700,12660508,"[12661747, 12660421, 12659357]"
0,692,meta-llama/Llama-3.1-8B-mini4L,2048,4,0,8511043256,8511043256,8460403700,8473065447,12659269,"[12660421, 12659357, 12658031]"
0,693,meta-llama/Llama-3.1-8B-mini4L,2048,4,0,8523700223,8523700223,8473065447,8485725868,12658118,"[12659357, 12658031, 12656967]"
0,694,meta-llama/Llama-3.1-8B-mini4L,2048,4,0,8536356122,8536356122,8485725868,8498385225,12656965,"[12658031, 12656967, 12655899]"
0,695,meta-llama/Llama-3.1-8B-mini4L,2048,4,0,8549010687,8549010687,8498385225,8511043256,12655810,"[12656967, 12655899, 12654565]"
0,696,meta-llama/Llama-3.1-8B-mini4L,2048,4,0,8555628750,8555628750,8511043256,8523700223,10642842,"[12655899, 12654565, 6618063]"
0,697,meta-llama/Llama-3.1-8B-mini4L,2048,4,0,8558848741,8558848741,8523700223,8536356122,7497539,"[12654565, 6618063, 3219991]"
0,698,meta-llama/Llama-3.1-8B-mini4L,2048,4,0,8562068884,8562068884,8536356122,8549010687,4352732,"[6618063, 3219991, 3220143]"
0,699,meta-llama/Llama-3.1-8B-mini4L,2048,4,0,8565289323,8565289323,8549010687,8555628750,3220191,"[3219991, 3220143, 3220439]"
0,700,meta-llama/Llama-3.1-8B-mini4L,2056,4,3000000000,8565289323,5565289323,5549010687,5555628750,3220191,"[3219991, 3220143, 3220439]"
0,701,meta-llama/Llama-3.1-8B-mini4L,2056,4,3000000000,8565289323,5565289323,5549010687,5555628750,3220191,"[3219991, 3220143, 3220439]"
0,702,meta-llama/Llama-3.1-8B-mini4L,2056,4,3000000000,8565289323,5565289323,5549010687,5555628750,3220191,"[3219991, 3220143, 3220439]"
0,703,meta-llama/Llama-3.1-8B-mini4L,2056,4,3000000000,8565289323,5565289323,5549010687,5555628750,3220191,"[3219991, 3220143, 3220439]"
0,704,meta-llama/Llama-3.1-8B-mini4L,2056,4,3000000000,8572690440,5572690440,5555628750,5558848741,4613899,"[3220143, 3220439, 7401117]"
0,705,meta-llama/Llama-3.1-8B-mini4L,2056,4,3000000000,8575910879,5575910879,5558848741,5562068884,4613998,"[3220439, 7401117, 3220439]"
0,706,meta-llama/Llama-3.1-8B-mini4L,2056,4,3000000000,8579131458,5579131458,5562068884,5565289323,4614045,"[7401117, 3220439, 3220579]"
0,707,meta-llama/Llama-3.1-8B-mini4L,2056,4,3000000000,8582352037,5582352037,5565289323,5572690440,3220532,"[3220439, 3220579, 3220579]"
0,708,meta-llama/Llama-3.1-8B-mini4L,2056,4,3000000000,8582352037,5582352037,5565289323,5572690440,3220532,"[3220439, 3220579, 3220579]"
0,709,meta-llama/Llama-3.1-8B-mini4L,2056,4,3000000000,8582352037,5582352037,5565289323,5572690440,3220532,"[3220439, 3220579, 3220579]"
0,710,meta-llama/Llama-3.1-8B-mini4L,2056,4,3000000000,8582352037,5582352037,5565289323,5572690440,3220532,"[3220439, 3220579, 3220579]"
0,711,meta-llama/Llama-3.1-8B-mini4L,2056,4,3000000000,8582352037,5582352037,5565289323,5572690440,3220532,"[3220439, 3220579, 3220579]"
0,712,meta-llama/Llama-3.1-8B-mini4L,2056,4,3000000000,8589753154,5589753154,5572690440,5575910879,4614091,"[3220579, 3220579, 7401117]"
0,713,meta-llama/Llama-3.1-8B-mini4L,2056,4,3000000000,8592973593,5592973593,5575910879,5579131458,4614045,"[3220579, 7401117, 3220439]"
0,714,meta-llama/Llama-3.1-8B-mini4L,2056,4,3000000000,8596194172,5596194172,5579131458,5582352037,4614045,"[7401117, 3220439, 3220579]"
0,715,meta-llama/Llama-3.1-8B-mini4L,2056,4,3000000000,8599414751,5599414751,5582352037,5589753154,3220532,"[3220439, 3220579, 3220579]"
0,716,meta-llama/Llama-3.1-8B-mini4L,2056,4,3000000000,8599414751,5599414751,5582352037,5589753154,3220532,"[3220439, 3220579, 3220579]"
0,717,meta-llama/Llama-3.1-8B-mini4L,2056,4,3000000000,8599414751,5599414751,5582352037,5589753154,3220532,"[3220439, 3220579, 3220579]"
0,718,meta-llama/Llama-3.1-8B-mini4L,2056,4,3000000000,8599414751,5599414751,5582352037,5589753154,3220532,"[3220439, 3220579, 3220579]"
0,719,meta-llama/Llama-3.1-8B-mini4L,2056,4,3000000000,8599414751,5599414751,5582352037,5589753154,3220532,"[3220439, 3220579, 3220579]"
0,720,meta-llama/Llama-3.1-8B-mini4L,2056,4,3000000000,8606815868,5606815868,5589753154,5592973593,4614091,"[3220579, 3220579, 7401117]"
0,721,meta-llama/Llama-3.1-8B-mini4L,2056,4,3000000000,8610036307,5610036307,5592973593,5596194172,4614045,"[3220579, 7401117, 3220439]"
0,722,meta-llama/Llama-3.1-8B-mini4L,2056,4,3000000000,8613256886,5613256886,5596194172,5599414751,4614045,"[7401117, 3220439, 3220579]"
0,723,meta-llama/Llama-3.1-8B-mini4L,2056,4,3000000000,8616477465,5616477465,5599414751,5606815868,3220532,"[3220439, 3220579, 3220579]"
0,724,meta-llama/Llama-3.1-8B-mini4L,2056,4,3000000000,8616477465,5616477465,5599414751,5606815868,3220532,"[3220439, 3220579, 3220579]"
0,725,meta-llama/Llama-3.1-8B-mini4L,2056,4,3000000000,8616477465,5616477465,5599414751,5606815868,3220532,"[3220439, 3220579, 3220579]"
0,726,meta-llama/Llama-3.1-8B-mini4L,2056,4,3000000000,8616477465,5616477465,5599414751,5606815868,3220532,"[3220439, 3220579, 3220579]"
0,727,meta-llama/Llama-3.1-8B-mini4L,2056,4,3000000000,8616477465,5616477465,5599414751,5606815868,3220532,"[3220439, 3220579, 3220579]"
0,728,meta-llama/Llama-3.1-8B-mini4L,2056,4,3000000000,8623878582,5623878582,5606815868,5610036307,4614091,"[3220579, 3220579, 7401117]"
0,729,meta-llama/Llama-3.1-8B-mini4L,2056,4,3000000000,8627099021,5627099021,5610036307,5613256886,4614045,"[3220579, 7401117, 3220439]"
0,730,meta-llama/Llama-3.1-8B-mini4L,2056,4,3000000000,8630319600,5630319600,5613256886,5616477465,4614045,"[7401117, 3220439, 3220579]"
0,731,meta-llama/Llama-3.1-8B-mini4L,2056,4,3000000000,8633540179,5633540179,5616477465,5623878582,3220532,"[3220439, 3220579, 3220579]"
0,732,meta-llama/Llama-3.1-8B-mini4L,2056,4,3000000000,8633540179,5633540179,5616477465,5623878582,3220532,"[3220439, 3220579, 3220579]"
0,733,meta-llama/Llama-3.1-8B-mini4L,2056,4,3000000000,8633540179,5633540179,5616477465,5623878582,3220532,"[3220439, 3220579, 3220579]"
0,734,meta-llama/Llama-3.1-8B-mini4L,2056,4,3000000000,8633540179,5633540179,5616477465,5623878582,3220532,"[3220439, 3220579, 3220579]"
0,735,meta-llama/Llama-3.1-8B-mini4L,2056,4,3000000000,8633540179,5633540179,5616477465,5623878582,3220532,"[3220439, 3220579, 3220579]"
0,736,meta-llama/Llama-3.1-8B-mini4L,2056,4,3000000000,8640941296,5640941296,5623878582,5627099021,4614091,"[3220579, 3220579, 7401117]"
0,737,meta-llama/Llama-3.1-8B-mini4L,2056,4,3000000000,8644161735,5644161735,5627099021,5630319600,4614045,"[3220579, 7401117, 3220439]"
0,738,meta-llama/Llama-3.1-8B-mini4L,2056,4,3000000000,8647382314,5647382314,5630319600,5633540179,4614045,"[7401117, 3220439, 3220579]"
0,739,meta-llama/Llama-3.1-8B-mini4L,2056,4,3000000000,8650602893,5650602893,5633540179,5640941296,3220532,"[3220439, 3220579, 3220579]"
0,740,meta-llama/Llama-3.1-8B-mini4L,2056,4,3000000000,8650602893,5650602893,5633540179,5640941296,3220532,"[3220439, 3220579, 3220579]"
0,741,meta-llama/Llama-3.1-8B-mini4L,2056,4,3000000000,8650602893,5650602893,5633540179,5640941296,3220532,"[3220439, 3220579, 3220579]"
0,742,meta-llama/Llama-3.1-8B-mini4L,2056,4,3000000000,8650602893,5650602893,5633540179,5640941296,3220532,"[3220439, 3220579, 3220579]"
0,743,meta-llama/Llama-3.1-8B-mini4L,2056,4,3000000000,8650602893,5650602893,5633540179,5640941296,3220532,"[3220439, 3220579, 3220579]"
0,744,meta-llama/Llama-3.1-8B-mini4L,2056,4,3000000000,8658004010,5658004010,5640941296,5644161735,4614091,"[3220579, 3220579, 7401117]"
0,745,meta-llama/Llama-3.1-8B-mini4L,2056,4,3000000000,8661224449,5661224449,5644161735,5647382314,4614045,"[3220579, 7401117, 3220439]"
0,746,meta-llama/Llama-3.1-8B-mini4L,2056,4,3000000000,8664445028,5664445028,5647382314,5650602893,4614045,"[7401117, 3220439, 3220579]"
0,747,meta-llama/Llama-3.1-8B-mini4L,2056,4,3000000000,8667665607,5667665607,5650602893,5658004010,3220532,"[3220439, 3220579, 3220579]"
0,748,meta-llama/Llama-3.1-8B-mini4L,2056,4,3000000000,8667665607,5667665607,5650602893,5658004010,3220532,"[3220439, 3220579, 3220579]"
0,749,meta-llama/Llama-3.1-8B-mini4L,2056,4,3000000000,8667665607,5667665607,5650602893,5658004010,3220532,"[3220439, 3220579, 3220579]"
0,750,meta-llama/Llama-3.1-8B-mini4L,2056,4,3000000000,8667665607,5667665607,5650602893,5658004010,3220532,"[3220439, 3220579, 3220579]"
0,751,meta-llama/Llama-3.1-8B-mini4L,2056,4,3000000000,8667665607,5667665607,5650602893,5658004010,3220532,"[3220439, 3220579, 3220579]"
0,752,meta-llama/Llama-3.1-8B-mini4L,2056,4,3000000000,8675066724,5675066724,5658004010,5661224449,4614091,"[3220579, 3220579, 7401117]"
0,753,meta-llama/Llama-3.1-8B-mini4L,2056,4,3000000000,8678287163,5678287163,5661224449,5664445028,4614045,"[3220579, 7401117, 3220439]"
0,754,meta-llama/Llama-3.1-8B-mini4L,2056,4,3000000000,8681507742,5681507742,5664445028,5667665607,4614045,"[7401117, 3220439, 3220579]"
0,755,meta-llama/Llama-3.1-8B-mini4L,2056,4,3000000000,8684728321,5684728321,5667665607,5675066724,3220532,"[3220439, 3220579, 3220579]"
0,756,meta-llama/Llama-3.1-8B-mini4L,2056,4,3000000000,8684728321,5684728321,5667665607,5675066724,3220532,"[3220439, 3220579, 3220579]"
0,757,meta-llama/Llama-3.1-8B-mini4L,2056,4,3000000000,8684728321,5684728321,5667665607,5675066724,3220532,"[3220439, 3220579, 3220579]"
0,758,meta-llama/Llama-3.1-8B-mini4L,2056,4,3000000000,8684728321,5684728321,5667665607,5675066724,3220532,"[3220439, 3220579, 3220579]"
0,759,meta-llama/Llama-3.1-8B-mini4L,2056,4,3000000000,8684728321,5684728321,5667665607,5675066724,3220532,"[3220439, 3220579, 3220579]"
0,760,meta-llama/Llama-3.1-8B-mini4L,2056,4,3000000000,8692129438,5692129438,5675066724,5678287163,4614091,"[3220579, 3220579, 7401117]"
0,761,meta-llama/Llama-3.1-8B-mini4L,2056,4,3000000000,8695349877,5695349877,5678287163,5681507742,4614045,"[3220579, 7401117, 3220439]"
0,762,meta-llama/Llama-3.1-8B-mini4L,2056,4,3000000000,8698570456,5698570456,5681507742,5684728321,4614045,"[7401117, 3220439, 3220579]"
0,763,meta-llama/Llama-3.1-8B-mini4L,2056,4,3000000000,8701791035,5701791035,5684728321,5692129438,3220532,"[3220439, 3220579, 3220579]"
0,764,meta-llama/Llama-3.1-8B-mini4L,2056,4,3000000000,8701791035,5701791035,5684728321,5692129438,3220532,"[3220439, 3220579, 3220579]"
0,765,meta-llama/Llama-3.1-8B-mini4L,2056,4,3000000000,8701791035,5701791035,5684728321,5692129438,3220532,"[3220439, 3220579, 3220579]"
0,766,meta-llama/Llama-3.1-8B-mini4L,2056,4,3000000000,8701791035,5701791035,5684728321,5692129438,3220532,"[3220439, 3220579, 3220579]"
0,767,meta-llama/Llama-3.1-8B-mini4L,2056,4,3000000000,8701791035,5701791035,5684728321,5692129438,3220532,"[3220439, 3220579, 3220579]"
0,768,meta-llama/Llama-3.1-8B-mini4L,2056,4,3000000000,8709192152,5709192152,5692129438,5695349877,4614091,"[3220579, 3220579, 7401117]"
0,769,meta-llama/Llama-3.1-8B-mini4L,2056,4,3000000000,8712412591,5712412591,5695349877,5698570456,4614045,"[3220579, 7401117, 3220439]"
0,770,meta-llama/Llama-3.1-8B-mini4L,2056,4,3000000000,8715633170,5715633170,5698570456,5701791035,4614045,"[7401117, 3220439, 3220579]"
0,771,meta-llama/Llama-3.1-8B-mini4L,2056,4,3000000000,8718853749,5718853749,5701791035,5709192152,3220532,"[3220439, 3220579, 3220579]"
0,772,meta-llama/Llama-3.1-8B-mini4L,2056,4,3000000000,8718853749,5718853749,5701791035,5709192152,3220532,"[3220439, 3220579, 3220579]"
0,773,meta-llama/Llama-3.1-8B-mini4L,2056,4,3000000000,8718853749,5718853749,5701791035,5709192152,3220532,"[3220439, 3220579, 3220579]"
0,774,meta-llama/Llama-3.1-8B-mini4L,2056,4,3000000000,8718853749,5718853749,5701791035,5709192152,3220532,"[3220439, 3220579, 3220579]"
0,775,meta-llama/Llama-3.1-8B-mini4L,2056,4,3000000000,8718853749,5718853749,5701791035,5709192152,3220532,"[3220439, 3220579, 3220579]"
0,776,meta-llama/Llama-3.1-8B-mini4L,2056,4,3000000000,8726254866,5726254866,5709192152,5712412591,4614091,"[3220579, 3220579, 7401117]"
0,777,meta-llama/Llama-3.1-8B-mini4L,2056,4,3000000000,8729475305,5729475305,5712412591,5715633170,4614045,"[3220579, 7401117, 3220439]"
0,778,meta-llama/Llama-3.1-8B-mini4L,2056,4,3000000000,8732695884,5732695884,5715633170,5718853749,4614045,"[7401117, 3220439, 3220579]"
0,779,meta-llama/Llama-3.1-8B-mini4L,2056,4,3000000000,8735916463,5735916463,5718853749,5726254866,3220532,"[3220439, 3220579, 3220579]"
0,780,meta-llama/Llama-3.1-8B-mini4L,2056,4,3000000000,8735916463,5735916463,5718853749,5726254866,3220532,"[3220439, 3220579, 3220579]"
0,781,meta-llama/Llama-3.1-8B-mini4L,2056,4,3000000000,8735916463,5735916463,5718853749,5726254866,3220532,"[3220439, 3220579, 3220579]"
0,782,meta-llama/Llama-3.1-8B-mini4L,2056,4,3000000000,8735916463,5735916463,5718853749,5726254866,3220532,"[3220439, 3220579, 3220579]"
0,783,meta-llama/Llama-3.1-8B-mini4L,2056,4,3000000000,8735916463,5735916463,5718853749,5726254866,3220532,"[3220439, 3220579, 3220579]"
0,784,meta-llama/Llama-3.1-8B-mini4L,2056,4,3000000000,8743317580,5743317580,5726254866,5729475305,4614091,"[3220579, 3220579, 7401117]"
0,785,meta-llama/Llama-3.1-8B-mini4L,2056,4,3000000000,8746538019,5746538019,5729475305,5732695884,4614045,"[3220579, 7401117, 3220439]"
0,786,meta-llama/Llama-3.1-8B-mini4L,2056,4,3000000000,8749758598,5749758598,5732695884,5735916463,4614045,"[7401117, 3220439, 3220579]"
0,787,meta-llama/Llama-3.1-8B-mini4L,2056,4,3000000000,8752979177,5752979177,5735916463,5743317580,3220532,"[3220439, 3220579, 3220579]"
0,788,meta-llama/Llama-3.1-8B-mini4L,2056,4,3000000000,8752979177,5752979177,5735916463,5743317580,3220532,"[3220439, 3220579, 3220579]"
0,789,meta-llama/Llama-3.1-8B-mini4L,2056,4,3000000000,8752979177,5752979177,5735916463,5743317580,3220532,"[3220439, 3220579, 3220579]"
0,790,meta-llama/Llama-3.1-8B-mini4L,2056,4,3000000000,8752979177,5752979177,5735916463,5743317580,3220532,"[3220439, 3220579, 3220579]"
0,791,meta-llama/Llama-3.1-8B-mini4L,2056,4,3000000000,8752979177,5752979177,5735916463,5743317580,3220532,"[3220439, 3220579, 3220579]"
0,792,meta-llama/Llama-3.1-8B-mini4L,2056,4,3000000000,8760380294,5760380294,5743317580,5746538019,4614091,"[3220579, 3220579, 7401117]"
0,793,meta-llama/Llama-3.1-8B-mini4L,2056,4,3000000000,8763600733,5763600733,5746538019,5749758598,4614045,"[3220579, 7401117, 3220439]"
0,794,meta-llama/Llama-3.1-8B-mini4L,2056,4,3000000000,8766821312,5766821312,5749758598,5752979177,4614045,"[7401117, 3220439, 3220579]"
0,795,meta-llama/Llama-3.1-8B-mini4L,2056,4,3000000000,8770041891,5770041891,5752979177,5760380294,3220532,"[3220439, 3220579, 3220579]"
0,796,meta-llama/Llama-3.1-8B-mini4L,2056,4,3000000000,8770041891,5770041891,5752979177,5760380294,3220532,"[3220439, 3220579, 3220579]"
0,797,meta-llama/Llama-3.1-8B-mini4L,2056,4,3000000000,8770041891,5770041891,5752979177,5760380294,3220532,"[3220439, 3220579, 3220579]"
0,798,meta-llama/Llama-3.1-8B-mini4L,2056,4,3000000000,8770041891,5770041891,5752979177,5760380294,3220532,"[3220439, 3220579, 3220579]"
0,799,meta-llama/Llama-3.1-8B-mini4L,2056,4,3000000000,8770041891,5770041891,5752979177,5760380294,3220532,"[3220439, 3220579, 3220579]"
0,800,meta-llama/Llama-3.1-8B-mini4L,2056,4,3000000000,8777443008,5777443008,5760380294,5763600733,4614091,"[3220579, 3220579, 7401117]"
0,801,meta-llama/Llama-3.1-8B-mini4L,2056,4,3000000000,8780663447,5780663447,5763600733,5766821312,4614045,"[3220579, 7401117, 3220439]"
0,802,meta-llama/Llama-3.1-8B-mini4L,2056,4,3000000000,8783884026,5783884026,5766821312,5770041891,4614045,"[7401117, 3220439, 3220579]"
0,803,meta-llama/Llama-3.1-8B-mini4L,2056,4,3000000000,8787104605,5787104605,5770041891,5777443008,3220532,"[3220439, 3220579, 3220579]"
0,804,meta-llama/Llama-3.1-8B-mini4L,2056,4,3000000000,8787104605,5787104605,5770041891,5777443008,3220532,"[3220439, 3220579, 3220579]"
0,805,meta-llama/Llama-3.1-8B-mini4L,2056,4,3000000000,8787104605,5787104605,5770041891,5777443008,3220532,"[3220439, 3220579, 3220579]"
0,806,meta-llama/Llama-3.1-8B-mini4L,2056,4,3000000000,8787104605,5787104605,5770041891,5777443008,3220532,"[3220439, 3220579, 3220579]"
0,807,meta-llama/Llama-3.1-8B-mini4L,2056,4,3000000000,8787104605,5787104605,5770041891,5777443008,3220532,"[3220439, 3220579, 3220579]"
0,808,meta-llama/Llama-3.1-8B-mini4L,2056,4,3000000000,8794505722,5794505722,5777443008,5780663447,4614091,"[3220579, 3220579, 7401117]"
0,809,meta-llama/Llama-3.1-8B-mini4L,2056,4,3000000000,8797726161,5797726161,5780663447,5783884026,4614045,"[3220579, 7401117, 3220439]"
0,810,meta-llama/Llama-3.1-8B-mini4L,2056,4,3000000000,8800946740,5800946740,5783884026,5787104605,4614045,"[7401117, 3220439, 3220579]"
0,811,meta-llama/Llama-3.1-8B-mini4L,2056,4,3000000000,8804167319,5804167319,5787104605,5794505722,3220532,"[3220439, 3220579, 3220579]"
0,812,meta-llama/Llama-3.1-8B-mini4L,2056,4,3000000000,8804167319,5804167319,5787104605,5794505722,3220532,"[3220439, 3220579, 3220579]"
0,813,meta-llama/Llama-3.1-8B-mini4L,2056,4,3000000000,8804167319,5804167319,5787104605,5794505722,3220532,"[3220439, 3220579, 3220579]"
0,814,meta-llama/Llama-3.1-8B-mini4L,2056,4,3000000000,8804167319,5804167319,5787104605,5794505722,3220532,"[3220439, 3220579, 3220579]"
0,815,meta-llama/Llama-3.1-8B-mini4L,2056,4,3000000000,8804167319,5804167319,5787104605,5794505722,3220532,"[3220439, 3220579, 3220579]"
0,816,meta-llama/Llama-3.1-8B-mini4L,2056,4,3000000000,8811568436,5811568436,5794505722,5797726161,4614091,"[3220579, 3220579, 7401117]"
0,817,meta-llama/Llama-3.1-8B-mini4L,2056,4,3000000000,8814788875,5814788875,5797726161,5800946740,4614045,"[3220579, 7401117, 3220439]"
0,818,meta-llama/Llama-3.1-8B-mini4L,2056,4,3000000000,8818009454,5818009454,5800946740,5804167319,4614045,"[7401117, 3220439, 3220579]"
0,819,meta-llama/Llama-3.1-8B-mini4L,2056,4,3000000000,8821230033,5821230033,5804167319,5811568436,3220532,"[3220439, 3220579, 3220579]"
0,820,meta-llama/Llama-3.1-8B-mini4L,2056,4,3000000000,8821230033,5821230033,5804167319,5811568436,3220532,"[3220439, 3220579, 3220579]"
0,821,meta-llama/Llama-3.1-8B-mini4L,2056,4,3000000000,8821230033,5821230033,5804167319,5811568436,3220532,"[3220439, 3220579, 3220579]"
0,822,meta-llama/Llama-3.1-8B-mini4L,2056,4,3000000000,8821230033,5821230033,5804167319,5811568436,3220532,"[3220439, 3220579, 3220579]"
0,823,meta-llama/Llama-3.1-8B-mini4L,2056,4,3000000000,8821230033,5821230033,5804167319,5811568436,3220532,"[3220439, 3220579, 3220579]"
0,824,meta-llama/Llama-3.1-8B-mini4L,2056,4,3000000000,8828631150,5828631150,5811568436,5814788875,4614091,"[3220579, 3220579, 7401117]"
0,825,meta-llama/Llama-3.1-8B-mini4L,2056,4,3000000000,8831851589,5831851589,5814788875,5818009454,4614045,"[3220579, 7401117, 3220439]"
0,826,meta-llama/Llama-3.1-8B-mini4L,2056,4,3000000000,8835072168,5835072168,5818009454,5821230033,4614045,"[7401117, 3220439, 3220579]"
0,827,meta-llama/Llama-3.1-8B-mini4L,2056,4,3000000000,8838292747,5838292747,5821230033,5828631150,3220532,"[3220439, 3220579, 3220579]"
0,828,meta-llama/Llama-3.1-8B-mini4L,2056,4,3000000000,8838292747,5838292747,5821230033,5828631150,3220532,"[3220439, 3220579, 3220579]"
0,829,meta-llama/Llama-3.1-8B-mini4L,2056,4,3000000000,8838292747,5838292747,5821230033,5828631150,3220532,"[3220439, 3220579, 3220579]"
0,830,meta-llama/Llama-3.1-8B-mini4L,2056,4,3000000000,8838292747,5838292747,5821230033,5828631150,3220532,"[3220439, 3220579, 3220579]"
0,831,meta-llama/Llama-3.1-8B-mini4L,2056,4,3000000000,8838292747,5838292747,5821230033,5828631150,3220532,"[3220439, 3220579, 3220579]"
0,832,meta-llama/Llama-3.1-8B-mini4L,2056,4,3000000000,8845693864,5845693864,5828631150,5831851589,4614091,"[3220579, 3220579, 7401117]"
0,833,meta-llama/Llama-3.1-8B-mini4L,2056,4,3000000000,8848914303,5848914303,5831851589,5835072168,4614045,"[3220579, 7401117, 3220439]"
0,834,meta-llama/Llama-3.1-8B-mini4L,2056,4,3000000000,8852134882,5852134882,5835072168,5838292747,4614045,"[7401117, 3220439, 3220579]"
0,835,meta-llama/Llama-3.1-8B-mini4L,2056,4,3000000000,8855355461,5855355461,5838292747,5845693864,3220532,"[3220439, 3220579, 3220579]"
0,836,meta-llama/Llama-3.1-8B-mini4L,2056,4,3000000000,8855355461,5855355461,5838292747,5845693864,3220532,"[3220439, 3220579, 3220579]"
0,837,meta-llama/Llama-3.1-8B-mini4L,2056,4,3000000000,8855355461,5855355461,5838292747,5845693864,3220532,"[3220439, 3220579, 3220579]"
0,838,meta-llama/Llama-3.1-8B-mini4L,2056,4,3000000000,8855355461,5855355461,5838292747,5845693864,3220532,"[3220439, 3220579, 3220579]"
0,839,meta-llama/Llama-3.1-8B-mini4L,2056,4,3000000000,8855355461,5855355461,5838292747,5845693864,3220532,"[3220439, 3220579, 3220579]"
0,840,meta-llama/Llama-3.1-8B-mini4L,2056,4,3000000000,8862756578,5862756578,5845693864,5848914303,4614091,"[3220579, 3220579, 7401117]"
0,841,meta-llama/Llama-3.1-8B-mini4L,2056,4,3000000000,8865977017,5865977017,5848914303,5852134882,4614045,"[3220579, 7401117, 3220439]"
0,842,meta-llama/Llama-3.1-8B-mini4L,2056,4,3000000000,8869197596,5869197596,5852134882,5855355461,4614045,"[7401117, 3220439, 3220579]"
0,843,meta-llama/Llama-3.1-8B-mini4L,2056,4,3000000000,8872418175,5872418175,5855355461,5862756578,3220532,"[3220439, 3220579, 3220579]"
0,844,meta-llama/Llama-3.1-8B-mini4L,2056,4,3000000000,8872418175,5872418175,5855355461,5862756578,3220532,"[3220439, 3220579, 3220579]"
0,845,meta-llama/Llama-3.1-8B-mini4L,2056,4,3000000000,8872418175,5872418175,5855355461,5862756578,3220532,"[3220439, 3220579, 3220579]"
0,846,meta-llama/Llama-3.1-8B-mini4L,2056,4,3000000000,8872418175,5872418175,5855355461,5862756578,3220532,"[3220439, 3220579, 3220579]"
0,847,meta-llama/Llama-3.1-8B-mini4L,2056,4,3000000000,8872418175,5872418175,5855355461,5862756578,3220532,"[3220439, 3220579, 3220579]"
0,848,meta-llama/Llama-3.1-8B-mini4L,2056,4,3000000000,8879819292,5879819292,5862756578,5865977017,4614091,"[3220579, 3220579, 7401117]"
0,849,meta-llama/Llama-3.1-8B-mini4L,2056,4,3000000000,8883039731,5883039731,5865977017,5869197596,4614045,"[3220579, 7401117, 3220439]"
0,850,meta-llama/Llama-3.1-8B-mini4L,2056,4,3000000000,8886260310,5886260310,5869197596,5872418175,4614045,"[7401117, 3220439, 3220579]"
0,851,meta-llama/Llama-3.1-8B-mini4L,2056,4,3000000000,8889480889,5889480889,5872418175,5879819292,3220532,"[3220439, 3220579, 3220579]"
0,852,meta-llama/Llama-3.1-8B-mini4L,2056,4,3000000000,8889480889,5889480889,5872418175,5879819292,3220532,"[3220439, 3220579, 3220579]"
0,853,meta-llama/Llama-3.1-8B-mini4L,2056,4,3000000000,8889480889,5889480889,5872418175,5879819292,3220532,"[3220439, 3220579, 3220579]"
0,854,meta-llama/Llama-3.1-8B-mini4L,2056,4,3000000000,8889480889,5889480889,5872418175,5879819292,3220532,"[3220439, 3220579, 3220579]"
0,855,meta-llama/Llama-3.1-8B-mini4L,2056,4,3000000000,8889480889,5889480889,5872418175,5879819292,3220532,"[3220439, 3220579, 3220579]"
0,856,meta-llama/Llama-3.1-8B-mini4L,2056,4,3000000000,8896882006,5896882006,5879819292,5883039731,4614091,"[3220579, 3220579, 7401117]"
0,857,meta-llama/Llama-3.1-8B-mini4L,2056,4,3000000000,8900102445,5900102445,5883039731,5886260310,4614045,"[3220579, 7401117, 3220439]"
0,858,meta-llama/Llama-3.1-8B-mini4L,2056,4,3000000000,8903323024,5903323024,5886260310,5889480889,4614045,"[7401117, 3220439, 3220579]"
0,859,meta-llama/Llama-3.1-8B-mini4L,2056,4,3000000000,8906543603,5906543603,5889480889,5896882006,3220532,"[3220439, 3220579, 3220579]"
0,860,meta-llama/Llama-3.1-8B-mini4L,2056,4,3000000000,8906543603,5906543603,5889480889,5896882006,3220532,"[3220439, 3220579, 3220579]"
0,861,meta-llama/Llama-3.1-8B-mini4L,2056,4,3000000000,8906543603,5906543603,5889480889,5896882006,3220532,"[3220439, 3220579, 3220579]"
0,862,meta-llama/Llama-3.1-8B-mini4L,2056,4,3000000000,8906543603,5906543603,5889480889,5896882006,3220532,"[3220439, 3220579, 3220579]"
0,863,meta-llama/Llama-3.1-8B-mini4L,2056,4,3000000000,8906543603,5906543603,5889480889,5896882006,3220532,"[3220439, 3220579, 3220579]"
0,864,meta-llama/Llama-3.1-8B-mini4L,2056,4,3000000000,8913944720,5913944720,5896882006,5900102445,4614091,"[3220579, 3220579, 7401117]"
0,865,meta-llama/Llama-3.1-8B-mini4L,2056,4,3000000000,8917165159,5917165159,5900102445,5903323024,4614045,"[3220579, 7401117, 3220439]"
0,866,meta-llama/Llama-3.1-8B-mini4L,2056,4,3000000000,8920385738,5920385738,5903323024,5906543603,4614045,"[7401117, 3220439, 3220579]"
0,867,meta-llama/Llama-3.1-8B-mini4L,2056,4,3000000000,8923606317,5923606317,5906543603,5913944720,3220532,"[3220439, 3220579, 3220579]"
0,868,meta-llama/Llama-3.1-8B-mini4L,2056,4,3000000000,8923606317,5923606317,5906543603,5913944720,3220532,"[3220439, 3220579, 3220579]"
0,869,meta-llama/Llama-3.1-8B-mini4L,2056,4,3000000000,8923606317,5923606317,5906543603,5913944720,3220532,"[3220439, 3220579, 3220579]"
0,870,meta-llama/Llama-3.1-8B-mini4L,2056,4,3000000000,8923606317,5923606317,5906543603,5913944720,3220532,"[3220439, 3220579, 3220579]"
0,871,meta-llama/Llama-3.1-8B-mini4L,2056,4,3000000000,8923606317,5923606317,5906543603,5913944720,3220532,"[3220439, 3220579, 3220579]"
0,872,meta-llama/Llama-3.1-8B-mini4L,2056,4,3000000000,8931007434,5931007434,5913944720,5917165159,4614091,"[3220579, 3220579, 7401117]"
0,873,meta-llama/Llama-3.1-8B-mini4L,2056,4,3000000000,8934227873,5934227873,5917165159,5920385738,4614045,"[3220579, 7401117, 3220439]"
0,874,meta-llama/Llama-3.1-8B-mini4L,2056,4,3000000000,8937448452,5937448452,5920385738,5923606317,4614045,"[7401117, 3220439, 3220579]"
0,875,meta-llama/Llama-3.1-8B-mini4L,2056,4,3000000000,8940669031,5940669031,5923606317,5931007434,3220532,"[3220439, 3220579, 3220579]"
0,876,meta-llama/Llama-3.1-8B-mini4L,2056,4,3000000000,8940669031,5940669031,5923606317,5931007434,3220532,"[3220439, 3220579, 3220579]"
0,877,meta-llama/Llama-3.1-8B-mini4L,2056,4,3000000000,8940669031,5940669031,5923606317,5931007434,3220532,"[3220439, 3220579, 3220579]"
0,878,meta-llama/Llama-3.1-8B-mini4L,2056,4,3000000000,8940669031,5940669031,5923606317,5931007434,3220532,"[3220439, 3220579, 3220579]"
0,879,meta-llama/Llama-3.1-8B-mini4L,2056,4,3000000000,8940669031,5940669031,5923606317,5931007434,3220532,"[3220439, 3220579, 3220579]"
0,880,meta-llama/Llama-3.1-8B-mini4L,2056,4,3000000000,8948070148,5948070148,5931007434,5934227873,4614091,"[3220579, 3220579, 7401117]"
0,881,meta-llama/Llama-3.1-8B-mini4L,2056,4,3000000000,8951290587,5951290587,5934227873,5937448452,4614045,"[3220579, 7401117, 3220439]"
0,882,meta-llama/Llama-3.1-8B-mini4L,2056,4,3000000000,8954511166,5954511166,5937448452,5940669031,4614045,"[7401117, 3220439, 3220579]"
0,883,meta-llama/Llama-3.1-8B-mini4L,2056,4,3000000000,8957731745,5957731745,5940669031,5948070148,3220532,"[3220439, 3220579, 3220579]"
0,884,meta-llama/Llama-3.1-8B-mini4L,2056,4,3000000000,8957731745,5957731745,5940669031,5948070148,3220532,"[3220439, 3220579, 3220579]"
0,885,meta-llama/Llama-3.1-8B-mini4L,2056,4,3000000000,8957731745,5957731745,5940669031,5948070148,3220532,"[3220439, 3220579, 3220579]"
0,886,meta-llama/Llama-3.1-8B-mini4L,2056,4,3000000000,8957731745,5957731745,5940669031,5948070148,3220532,"[3220439, 3220579, 3220579]"
0,887,meta-llama/Llama-3.1-8B-mini4L,2056,4,3000000000,8957731745,5957731745,5940669031,5948070148,3220532,"[3220439, 3220579, 3220579]"
0,888,meta-llama/Llama-3.1-8B-mini4L,2056,4,3000000000,8965132862,5965132862,5948070148,5951290587,4614091,"[3220579, 3220579, 7401117]"
0,889,meta-llama/Llama-3.1-8B-mini4L,2056,4,3000000000,8968353301,5968353301,5951290587,5954511166,4614045,"[3220579, 7401117, 3220439]"
0,890,meta-llama/Llama-3.1-8B-mini4L,2056,4,3000000000,8971573880,5971573880,5954511166,5957731745,4614045,"[7401117, 3220439, 3220579]"
0,891,meta-llama/Llama-3.1-8B-mini4L,2056,4,3000000000,8974794459,5974794459,5957731745,5965132862,3220532,"[3220439, 3220579, 3220579]"
0,892,meta-llama/Llama-3.1-8B-mini4L,2056,4,3000000000,8974794459,5974794459,5957731745,5965132862,3220532,"[3220439, 3220579, 3220579]"
0,893,meta-llama/Llama-3.1-8B-mini4L,2056,4,3000000000,8974794459,5974794459,5957731745,5965132862,3220532,"[3220439, 3220579, 3220579]"
0,894,meta-llama/Llama-3.1-8B-mini4L,2056,4,3000000000,8974794459,5974794459,5957731745,5965132862,3220532,"[3220439, 3220579, 3220579]"
0,895,meta-llama/Llama-3.1-8B-mini4L,2056,4,3000000000,8974794459,5974794459,5957731745,5965132862,3220532,"[3220439, 3220579, 3220579]"
0,896,meta-llama/Llama-3.1-8B-mini4L,2056,4,3000000000,8982195576,5982195576,5965132862,5968353301,4614091,"[3220579, 3220579, 7401117]"
0,897,meta-llama/Llama-3.1-8B-mini4L,2056,4,3000000000,8985416015,5985416015,5968353301,5971573880,4614045,"[3220579, 7401117, 3220439]"
0,898,meta-llama/Llama-3.1-8B-mini4L,2056,4,3000000000,8988636594,5988636594,5971573880,5974794459,4614045,"[7401117, 3220439, 3220579]"
0,899,meta-llama/Llama-3.1-8B-mini4L,2056,4,3000000000,8991857173,5991857173,5974794459,5982195576,3220532,"[3220439, 3220579, 3220579]"
0,900,meta-llama/Llama-3.1-8B-mini4L,2056,4,3000000000,8991857173,5991857173,5974794459,5982195576,3220532,"[3220439, 3220579, 3220579]"
0,901,meta-llama/Llama-3.1-8B-mini4L,2056,4,3000000000,8991857173,5991857173,5974794459,5982195576,3220532,"[3220439, 3220579, 3220579]"
0,902,meta-llama/Llama-3.1-8B-mini4L,2056,4,3000000000,8991857173,5991857173,5974794459,5982195576,3220532,"[3220439, 3220579, 3220579]"
0,903,meta-llama/Llama-3.1-8B-mini4L,2056,4,3000000000,8991857173,5991857173,5974794459,5982195576,3220532,"[3220439, 3220579, 3220579]"
0,904,meta-llama/Llama-3.1-8B-mini4L,2056,4,3000000000,8999258290,5999258290,5982195576,5985416015,4614091,"[3220579, 3220579, 7401117]"
0,905,meta-llama/Llama-3.1-8B-mini4L,2056,4,3000000000,9002478729,6002478729,5985416015,5988636594,4614045,"[3220579, 7401117, 3220439]"
0,906,meta-llama/Llama-3.1-8B-mini4L,2056,4,3000000000,9005699308,6005699308,5988636594,5991857173,4614045,"[7401117, 3220439, 3220579]"
0,907,meta-llama/Llama-3.1-8B-mini4L,2056,4,3000000000,9008919887,6008919887,5991857173,5999258290,3220532,"[3220439, 3220579, 3220579]"
0,908,meta-llama/Llama-3.1-8B-mini4L,2056,4,3000000000,9008919887,6008919887,5991857173,5999258290,3220532,"[3220439, 3220579, 3220579]"
0,909,meta-llama/Llama-3.1-8B-mini4L,2056,4,3000000000,9008919887,6008919887,5991857173,5999258290,3220532,"[3220439, 3220579, 3220579]"
0,910,meta-llama/Llama-3.1-8B-mini4L,2056,4,3000000000,9008919887,6008919887,5991857173,5999258290,3220532,"[3220439, 3220579, 3220579]"
0,911,meta-llama/Llama-3.1-8B-mini4L,2056,4,3000000000,9008919887,6008919887,5991857173,5999258290,3220532,"[3220439, 3220579, 3220579]"
0,912,meta-llama/Llama-3.1-8B-mini4L,2056,4,3000000000,9016321004,6016321004,5999258290,6002478729,4614091,"[3220579, 3220579, 7401117]"
0,913,meta-llama/Llama-3.1-8B-mini4L,2056,4,3000000000,9019541443,6019541443,6002478729,6005699308,4614045,"[3220579, 7401117, 3220439]"
0,914,meta-llama/Llama-3.1-8B-mini4L,2056,4,3000000000,9022762022,6022762022,6005699308,6008919887,4614045,"[7401117, 3220439, 3220579]"
0,915,meta-llama/Llama-3.1-8B-mini4L,2056,4,3000000000,9025982601,6025982601,6008919887,6016321004,3220532,"[3220439, 3220579, 3220579]"
0,916,meta-llama/Llama-3.1-8B-mini4L,2056,4,3000000000,9025982601,6025982601,6008919887,6016321004,3220532,"[3220439, 3220579, 3220579]"
0,917,meta-llama/Llama-3.1-8B-mini4L,2056,4,3000000000,9025982601,6025982601,6008919887,6016321004,3220532,"[3220439, 3220579, 3220579]"
0,918,meta-llama/Llama-3.1-8B-mini4L,2056,4,3000000000,9025982601,6025982601,6008919887,6016321004,3220532,"[3220439, 3220579, 3220579]"
0,919,meta-llama/Llama-3.1-8B-mini4L,2056,4,3000000000,9025982601,6025982601,6008919887,6016321004,3220532,"[3220439, 3220579, 3220579]"
0,920,meta-llama/Llama-3.1-8B-mini4L,2056,4,3000000000,9033383718,6033383718,6016321004,6019541443,4614091,"[3220579, 3220579, 7401117]"
0,921,meta-llama/Llama-3.1-8B-mini4L,2056,4,3000000000,9036604157,6036604157,6019541443,6022762022,4614045,"[3220579, 7401117, 3220439]"
0,922,meta-llama/Llama-3.1-8B-mini4L,2056,4,3000000000,9039824736,6039824736,6022762022,6025982601,4614045,"[7401117, 3220439, 3220579]"
0,923,meta-llama/Llama-3.1-8B-mini4L,2056,4,3000000000,9043045315,6043045315,6025982601,6033383718,3220532,"[3220439, 3220579, 3220579]"
0,924,meta-llama/Llama-3.1-8B-mini4L,2056,4,3000000000,9043045315,6043045315,6025982601,6033383718,3220532,"[3220439, 3220579, 3220579]"
0,925,meta-llama/Llama-3.1-8B-mini4L,2056,4,3000000000,9043045315,6043045315,6025982601,6033383718,3220532,"[3220439, 3220579, 3220579]"
0,926,meta-llama/Llama-3.1-8B-mini4L,2056,4,3000000000,9043045315,6043045315,6025982601,6033383718,3220532,"[3220439, 3220579, 3220579]"
0,927,meta-llama/Llama-3.1-8B-mini4L,2056,4,3000000000,9043045315,6043045315,6025982601,6033383718,3220532,"[3220439, 3220579, 3220579]"
0,928,meta-llama/Llama-3.1-8B-mini4L,2056,4,3000000000,9050446432,6050446432,6033383718,6036604157,4614091,"[3220579, 3220579, 7401117]"
0,929,meta-llama/Llama-3.1-8B-mini4L,2056,4,3000000000,9053666871,6053666871,6036604157,6039824736,4614045,"[3220579, 7401117, 3220439]"
0,930,meta-llama/Llama-3.1-8B-mini4L,2056,4,3000000000,9056887450,6056887450,6039824736,6043045315,4614045,"[7401117, 3220439, 3220579]"
0,931,meta-llama/Llama-3.1-8B-mini4L,2056,4,3000000000,9060108029,6060108029,6043045315,6050446432,3220532,"[3220439, 3220579, 3220579]"
0,932,meta-llama/Llama-3.1-8B-mini4L,2056,4,3000000000,9060108029,6060108029,6043045315,6050446432,3220532,"[3220439, 3220579, 3220579]"
0,933,meta-llama/Llama-3.1-8B-mini4L,2056,4,3000000000,9060108029,6060108029,6043045315,6050446432,3220532,"[3220439, 3220579, 3220579]"
0,934,meta-llama/Llama-3.1-8B-mini4L,2056,4,3000000000,9060108029,6060108029,6043045315,6050446432,3220532,"[3220439, 3220579, 3220579]"
0,935,meta-llama/Llama-3.1-8B-mini4L,2056,4,3000000000,9060108029,6060108029,6043045315,6050446432,3220532,"[3220439, 3220579, 3220579]"
0,936,meta-llama/Llama-3.1-8B-mini4L,2056,4,3000000000,9067509146,6067509146,6050446432,6053666871,4614091,"[3220579, 3220579, 7401117]"
0,937,meta-llama/Llama-3.1-8B-mini4L,2056,4,3000000000,9070729585,6070729585,6053666871,6056887450,4614045,"[3220579, 7401117, 3220439]"
0,938,meta-llama/Llama-3.1-8B-mini4L,2056,4,3000000000,9073950164,6073950164,6056887450,6060108029,4614045,"[7401117, 3220439, 3220579]"
0,939,meta-llama/Llama-3.1-8B-mini4L,2056,4,3000000000,9077170743,6077170743,6060108029,6067509146,3220532,"[3220439, 3220579, 3220579]"
0,940,meta-llama/Llama-3.1-8B-mini4L,2056,4,3000000000,9077170743,6077170743,6060108029,6067509146,3220532,"[3220439, 3220579, 3220579]"
0,941,meta-llama/Llama-3.1-8B-mini4L,2056,4,3000000000,9077170743,6077170743,6060108029,6067509146,3220532,"[3220439, 3220579, 3220579]"
0,942,meta-llama/Llama-3.1-8B-mini4L,2056,4,3000000000,9077170743,6077170743,6060108029,6067509146,3220532,"[3220439, 3220579, 3220579]"
0,943,meta-llama/Llama-3.1-8B-mini4L,2056,4,3000000000,9077170743,6077170743,6060108029,6067509146,3220532,"[3220439, 3220579, 3220579]"
0,944,meta-llama/Llama-3.1-8B-mini4L,2056,4,3000000000,9084571860,6084571860,6067509146,6070729585,4614091,"[3220579, 3220579, 7401117]"
0,945,meta-llama/Llama-3.1-8B-mini4L,2056,4,3000000000,9087792299,6087792299,6070729585,6073950164,4614045,"[3220579, 7401117, 3220439]"
0,946,meta-llama/Llama-3.1-8B-mini4L,2056,4,3000000000,9091012878,6091012878,6073950164,6077170743,4614045,"[7401117, 3220439, 3220579]"
0,947,meta-llama/Llama-3.1-8B-mini4L,2056,4,3000000000,9094233457,6094233457,6077170743,6084571860,3220532,"[3220439, 3220579, 3220579]"
0,948,meta-llama/Llama-3.1-8B-mini4L,2056,4,3000000000,9094233457,6094233457,6077170743,6084571860,3220532,"[3220439, 3220579, 3220579]"
0,949,meta-llama/Llama-3.1-8B-mini4L,2056,4,3000000000,9094233457,6094233457,6077170743,6084571860,3220532,"[3220439, 3220579, 3220579]"
0,950,meta-llama/Llama-3.1-8B-mini4L,2056,4,3000000000,9094233457,6094233457,6077170743,6084571860,3220532,"[3220439, 3220579, 3220579]"
0,951,meta-llama/Llama-3.1-8B-mini4L,2056,4,3000000000,9094233457,6094233457,6077170743,6084571860,3220532,"[3220439, 3220579, 3220579]"
0,952,meta-llama/Llama-3.1-8B-mini4L,2056,4,3000000000,9101634574,6101634574,6084571860,6087792299,4614091,"[3220579, 3220579, 7401117]"
0,953,meta-llama/Llama-3.1-8B-mini4L,2056,4,3000000000,9104855013,6104855013,6087792299,6091012878,4614045,"[3220579, 7401117, 3220439]"
0,954,meta-llama/Llama-3.1-8B-mini4L,2056,4,3000000000,9108075592,6108075592,6091012878,6094233457,4614045,"[7401117, 3220439, 3220579]"
0,955,meta-llama/Llama-3.1-8B-mini4L,2056,4,3000000000,9111296171,6111296171,6094233457,6101634574,3220532,"[3220439, 3220579, 3220579]"
0,956,meta-llama/Llama-3.1-8B-mini4L,2056,4,3000000000,9111296171,6111296171,6094233457,6101634574,3220532,"[3220439, 3220579, 3220579]"
0,957,meta-llama/Llama-3.1-8B-mini4L,2056,4,3000000000,9111296171,6111296171,6094233457,6101634574,3220532,"[3220439, 3220579, 3220579]"
0,958,meta-llama/Llama-3.1-8B-mini4L,2056,4,3000000000,9111296171,6111296171,6094233457,6101634574,3220532,"[3220439, 3220579, 3220579]"
0,959,meta-llama/Llama-3.1-8B-mini4L,2056,4,3000000000,9111296171,6111296171,6094233457,6101634574,3220532,"[3220439, 3220579, 3220579]"
0,960,meta-llama/Llama-3.1-8B-mini4L,2056,4,3000000000,9118697288,6118697288,6101634574,6104855013,4614091,"[3220579, 3220579, 7401117]"
0,961,meta-llama/Llama-3.1-8B-mini4L,2056,4,3000000000,9121917727,6121917727,6104855013,6108075592,4614045,"[3220579, 7401117, 3220439]"
0,962,meta-llama/Llama-3.1-8B-mini4L,2056,4,3000000000,9125138306,6125138306,6108075592,6111296171,4614045,"[7401117, 3220439, 3220579]"
0,963,meta-llama/Llama-3.1-8B-mini4L,2056,4,3000000000,9128358885,6128358885,6111296171,6118697288,3220532,"[3220439, 3220579, 3220579]"
0,964,meta-llama/Llama-3.1-8B-mini4L,2056,4,3000000000,9128358885,6128358885,6111296171,6118697288,3220532,"[3220439, 3220579, 3220579]"
0,965,meta-llama/Llama-3.1-8B-mini4L,2056,4,3000000000,9128358885,6128358885,6111296171,6118697288,3220532,"[3220439, 3220579, 3220579]"
0,966,meta-llama/Llama-3.1-8B-mini4L,2056,4,3000000000,9128358885,6128358885,6111296171,6118697288,3220532,"[3220439, 3220579, 3220579]"
0,967,meta-llama/Llama-3.1-8B-mini4L,2056,4,3000000000,9128358885,6128358885,6111296171,6118697288,3220532,"[3220439, 3220579, 3220579]"
0,968,meta-llama/Llama-3.1-8B-mini4L,2056,4,3000000000,9135760002,6135760002,6118697288,6121917727,4614091,"[3220579, 3220579, 7401117]"
0,969,meta-llama/Llama-3.1-8B-mini4L,2056,4,3000000000,9138980441,6138980441,6121917727,6125138306,4614045,"[3220579, 7401117, 3220439]"
0,970,meta-llama/Llama-3.1-8B-mini4L,2056,4,3000000000,9142201020,6142201020,6125138306,6128358885,4614045,"[7401117, 3220439, 3220579]"
0,971,meta-llama/Llama-3.1-8B-mini4L,2056,4,3000000000,9145421599,6145421599,6128358885,6135760002,3220532,"[3220439, 3220579, 3220579]"
0,972,meta-llama/Llama-3.1-8B-mini4L,2056,4,3000000000,9145421599,6145421599,6128358885,6135760002,3220532,"[3220439, 3220579, 3220579]"
0,973,meta-llama/Llama-3.1-8B-mini4L,2056,4,3000000000,9145421599,6145421599,6128358885,6135760002,3220532,"[3220439, 3220579, 3220579]"
0,974,meta-llama/Llama-3.1-8B-mini4L,2056,4,3000000000,9145421599,6145421599,6128358885,6135760002,3220532,"[3220439, 3220579, 3220579]"
0,975,meta-llama/Llama-3.1-8B-mini4L,2056,4,3000000000,9145421599,6145421599,6128358885,6135760002,3220532,"[3220439, 3220579, 3220579]"
0,976,meta-llama/Llama-3.1-8B-mini4L,2056,4,3000000000,9152822716,6152822716,6135760002,6138980441,4614091,"[3220579, 3220579, 7401117]"
0,977,meta-llama/Llama-3.1-8B-mini4L,2056,4,3000000000,9156043155,6156043155,6138980441,6142201020,4614045,"[3220579, 7401117, 3220439]"
0,978,meta-llama/Llama-3.1-8B-mini4L,2056,4,3000000000,9159263734,6159263734,6142201020,6145421599,4614045,"[7401117, 3220439, 3220579]"
0,979,meta-llama/Llama-3.1-8B-mini4L,2056,4,3000000000,9162484313,6162484313,6145421599,6152822716,3220532,"[3220439, 3220579, 3220579]"
0,980,meta-llama/Llama-3.1-8B-mini4L,2056,4,3000000000,9162484313,6162484313,6145421599,6152822716,3220532,"[3220439, 3220579, 3220579]"
0,981,meta-llama/Llama-3.1-8B-mini4L,2056,4,3000000000,9162484313,6162484313,6145421599,6152822716,3220532,"[3220439, 3220579, 3220579]"
0,982,meta-llama/Llama-3.1-8B-mini4L,2056,4,3000000000,9162484313,6162484313,6145421599,6152822716,3220532,"[3220439, 3220579, 3220579]"
0,983,meta-llama/Llama-3.1-8B-mini4L,2056,4,3000000000,9162484313,6162484313,6145421599,6152822716,3220532,"[3220439, 3220579, 3220579]"
0,984,meta-llama/Llama-3.1-8B-mini4L,2056,4,3000000000,9169885430,6169885430,6152822716,6156043155,4614091,"[3220579, 3220579, 7401117]"
0,985,meta-llama/Llama-3.1-8B-mini4L,2056,4,3000000000,9173105869,6173105869,6156043155,6159263734,4614045,"[3220579, 7401117, 3220439]"
0,986,meta-llama/Llama-3.1-8B-mini4L,2056,4,3000000000,9176326448,6176326448,6159263734,6162484313,4614045,"[7401117, 3220439, 3220579]"
0,987,meta-llama/Llama-3.1-8B-mini4L,2056,4,3000000000,9179547027,6179547027,6162484313,6169885430,3220532,"[3220439, 3220579, 3220579]"
0,988,meta-llama/Llama-3.1-8B-mini4L,2056,4,3000000000,9179547027,6179547027,6162484313,6169885430,3220532,"[3220439, 3220579, 3220579]"
0,989,meta-llama/Llama-3.1-8B-mini4L,2056,4,3000000000,9179547027,6179547027,6162484313,6169885430,3220532,"[3220439, 3220579, 3220579]"
0,990,meta-llama/Llama-3.1-8B-mini4L,2056,4,3000000000,9179547027,6179547027,6162484313,6169885430,3220532,"[3220439, 3220579, 3220579]"
0,991,meta-llama/Llama-3.1-8B-mini4L,2056,4,3000000000,9179547027,6179547027,6162484313,6169885430,3220532,"[3220439, 3220579, 3220579]"
0,992,meta-llama/Llama-3.1-8B-mini4L,2056,4,3000000000,9186948144,6186948144,6169885430,6173105869,4614091,"[3220579, 3220579, 7401117]"
0,993,meta-llama/Llama-3.1-8B-mini4L,2056,4,3000000000,9190168583,6190168583,6173105869,6176326448,4614045,"[3220579, 7401117, 3220439]"
0,994,meta-llama/Llama-3.1-8B-mini4L,2056,4,3000000000,9193389162,6193389162,6176326448,6179547027,4614045,"[7401117, 3220439, 3220579]"
0,995,meta-llama/Llama-3.1-8B-mini4L,2056,4,3000000000,9196609741,6196609741,6179547027,6186948144,3220532,"[3220439, 3220579, 3220579]"
0,996,meta-llama/Llama-3.1-8B-mini4L,2056,4,3000000000,9196609741,6196609741,6179547027,6186948144,3220532,"[3220439, 3220579, 3220579]"
0,997,meta-llama/Llama-3.1-8B-mini4L,2056,4,3000000000,9196609741,6196609741,6179547027,6186948144,3220532,"[3220439, 3220579, 3220579]"
0,998,meta-llama/Llama-3.1-8B-mini4L,2056,4,3000000000,9196609741,6196609741,6179547027,6186948144,3220532,"[3220439, 3220579, 3220579]"
0,999,meta-llama/Llama-3.1-8B-mini4L,2056,4,3000000000,9196609741,6196609741,6179547027,6186948144,3220532,"[3220439, 3220579, 3220579]"
0,1000,meta-llama/Llama-3.1-8B-mini4L,2056,4,3000000000,9204010858,6204010858,6186948144,6190168583,4614091,"[3220579, 3220579, 7401117]"
0,1001,meta-llama/Llama-3.1-8B-mini4L,2056,4,3000000000,9207231297,6207231297,6190168583,6193389162,4614045,"[3220579, 7401117, 3220439]"
0,1002,meta-llama/Llama-3.1-8B-mini4L,2056,4,3000000000,9210451876,6210451876,6193389162,6196609741,4614045,"[7401117, 3220439, 3220579]"
0,1003,meta-llama/Llama-3.1-8B-mini4L,2056,4,3000000000,9213672455,6213672455,6196609741,6204010858,3220532,"[3220439, 3220579, 3220579]"
0,1004,meta-llama/Llama-3.1-8B-mini4L,2056,4,3000000000,9213672455,6213672455,6196609741,6204010858,3220532,"[3220439, 3220579, 3220579]"
0,1005,meta-llama/Llama-3.1-8B-mini4L,2056,4,3000000000,9213672455,6213672455,6196609741,6204010858,3220532,"[3220439, 3220579, 3220579]"
0,1006,meta-llama/Llama-3.1-8B-mini4L,2056,4,3000000000,9213672455,6213672455,6196609741,6204010858,3220532,"[3220439, 3220579, 3220579]"
0,1007,meta-llama/Llama-3.1-8B-mini4L,2056,4,3000000000,9213672455,6213672455,6196609741,6204010858,3220532,"[3220439, 3220579, 3220579]"
0,1008,meta-llama/Llama-3.1-8B-mini4L,2056,4,3000000000,9221073572,6221073572,6204010858,6207231297,4614091,"[3220579, 3220579, 7401117]"
0,1009,meta-llama/Llama-3.1-8B-mini4L,2056,4,3000000000,9224294011,6224294011,6207231297,6210451876,4614045,"[3220579, 7401117, 3220439]"
0,1010,meta-llama/Llama-3.1-8B-mini4L,2056,4,3000000000,9227514590,6227514590,6210451876,6213672455,4614045,"[7401117, 3220439, 3220579]"
0,1011,meta-llama/Llama-3.1-8B-mini4L,2056,4,3000000000,9230735169,6230735169,6213672455,6221073572,3220532,"[3220439, 3220579, 3220579]"
0,1012,meta-llama/Llama-3.1-8B-mini4L,2056,4,3000000000,9230735169,6230735169,6213672455,6221073572,3220532,"[3220439, 3220579, 3220579]"
0,1013,meta-llama/Llama-3.1-8B-mini4L,2056,4,3000000000,9230735169,6230735169,6213672455,6221073572,3220532,"[3220439, 3220579, 3220579]"
0,1014,meta-llama/Llama-3.1-8B-mini4L,2056,4,3000000000,9230735169,6230735169,6213672455,6221073572,3220532,"[3220439, 3220579, 3220579]"
0,1015,meta-llama/Llama-3.1-8B-mini4L,2056,4,3000000000,9230735169,6230735169,6213672455,6221073572,3220532,"[3220439, 3220579, 3220579]"
0,1016,meta-llama/Llama-3.1-8B-mini4L,2056,4,3000000000,9238136286,6238136286,6221073572,6224294011,4614091,"[3220579, 3220579, 7401117]"
0,1017,meta-llama/Llama-3.1-8B-mini4L,2056,4,3000000000,9241356725,6241356725,6224294011,6227514590,4614045,"[3220579, 7401117, 3220439]"
0,1018,meta-llama/Llama-3.1-8B-mini4L,2056,4,3000000000,9244577304,6244577304,6227514590,6230735169,4614045,"[7401117, 3220439, 3220579]"
0,1019,meta-llama/Llama-3.1-8B-mini4L,2056,4,3000000000,9247797883,6247797883,6230735169,6238136286,3220532,"[3220439, 3220579, 3220579]"
0,1020,meta-llama/Llama-3.1-8B-mini4L,2056,4,3000000000,9247797883,6247797883,6230735169,6238136286,3220532,"[3220439, 3220579, 3220579]"
0,1021,meta-llama/Llama-3.1-8B-mini4L,2056,4,3000000000,9247797883,6247797883,6230735169,6238136286,3220532,"[3220439, 3220579, 3220579]"
0,1022,meta-llama/Llama-3.1-8B-mini4L,2056,4,3000000000,9247797883,6247797883,6230735169,6238136286,3220532,"[3220439, 3220579, 3220579]"
0,1023,meta-llama/Llama-3.1-8B-mini4L,2056,4,3000000000,9247797883,6247797883,6230735169,6238136286,3220532,"[3220439, 3220579, 3220579]"
0,1024,meta-llama/Llama-3.1-8B-mini4L,2056,4,3000000000,9255199000,6255199000,6238136286,6241356725,4614091,"[3220579, 3220579, 7401117]"
0,1025,meta-llama/Llama-3.1-8B-mini4L,2056,4,3000000000,9258419439,6258419439,6241356725,6244577304,4614045,"[3220579, 7401117, 3220439]"
0,1026,meta-llama/Llama-3.1-8B-mini4L,2056,4,3000000000,9261640018,6261640018,6244577304,6247797883,4614045,"[7401117, 3220439, 3220579]"
0,1027,meta-llama/Llama-3.1-8B-mini4L,2056,4,3000000000,9264860597,6264860597,6247797883,6255199000,3220532,"[3220439, 3220579, 3220579]"
0,1028,meta-llama/Llama-3.1-8B-mini4L,2056,4,3000000000,9264860597,6264860597,6247797883,6255199000,3220532,"[3220439, 3220579, 3220579]"
0,1029,meta-llama/Llama-3.1-8B-mini4L,2056,4,3000000000,9264860597,6264860597,6247797883,6255199000,3220532,"[3220439, 3220579, 3220579]"
0,1030,meta-llama/Llama-3.1-8B-mini4L,2056,4,3000000000,9264860597,6264860597,6247797883,6255199000,3220532,"[3220439, 3220579, 3220579]"
0,1031,meta-llama/Llama-3.1-8B-mini4L,2056,4,3000000000,9264860597,6264860597,6247797883,6255199000,3220532,"[3220439, 3220579, 3220579]"
0,1032,meta-llama/Llama-3.1-8B-mini4L,2056,4,3000000000,9272261714,6272261714,6255199000,6258419439,4614091,"[3220579, 3220579, 7401117]"
0,1033,meta-llama/Llama-3.1-8B-mini4L,2056,4,3000000000,9275482153,6275482153,6258419439,6261640018,4614045,"[3220579, 7401117, 3220439]"
0,1034,meta-llama/Llama-3.1-8B-mini4L,2056,4,3000000000,9278702732,6278702732,6261640018,6264860597,4614045,"[7401117, 3220439, 3220579]"
0,1035,meta-llama/Llama-3.1-8B-mini4L,2056,4,3000000000,9281923311,6281923311,6264860597,6272261714,3220532,"[3220439, 3220579, 3220579]"
0,1036,meta-llama/Llama-3.1-8B-mini4L,2056,4,3000000000,9281923311,6281923311,6264860597,6272261714,3220532,"[3220439, 3220579, 3220579]"
0,1037,meta-llama/Llama-3.1-8B-mini4L,2056,4,3000000000,9281923311,6281923311,6264860597,6272261714,3220532,"[3220439, 3220579, 3220579]"
0,1038,meta-llama/Llama-3.1-8B-mini4L,2056,4,3000000000,9281923311,6281923311,6264860597,6272261714,3220532,"[3220439, 3220579, 3220579]"
0,1039,meta-llama/Llama-3.1-8B-mini4L,2056,4,3000000000,9281923311,6281923311,6264860597,6272261714,3220532,"[3220439, 3220579, 3220579]"
0,1040,meta-llama/Llama-3.1-8B-mini4L,2056,4,3000000000,9289324428,6289324428,6272261714,6275482153,4614091,"[3220579, 3220579, 7401117]"
0,1041,meta-llama/Llama-3.1-8B-mini4L,2056,4,3000000000,9292544867,6292544867,6275482153,6278702732,4614045,"[3220579, 7401117, 3220439]"
0,1042,meta-llama/Llama-3.1-8B-mini4L,2056,4,3000000000,9295765446,6295765446,6278702732,6281923311,4614045,"[7401117, 3220439, 3220579]"
0,1043,meta-llama/Llama-3.1-8B-mini4L,2056,4,3000000000,9298986025,6298986025,6281923311,6289324428,3220532,"[3220439, 3220579, 3220579]"
0,1044,meta-llama/Llama-3.1-8B-mini4L,2056,4,3000000000,9298986025,6298986025,6281923311,6289324428,3220532,"[3220439, 3220579, 3220579]"
0,1045,meta-llama/Llama-3.1-8B-mini4L,2056,4,3000000000,9298986025,6298986025,6281923311,6289324428,3220532,"[3220439, 3220579, 3220579]"
0,1046,meta-llama/Llama-3.1-8B-mini4L,2056,4,3000000000,9298986025,6298986025,6281923311,6289324428,3220532,"[3220439, 3220579, 3220579]"
0,1047,meta-llama/Llama-3.1-8B-mini4L,2056,4,3000000000,9298986025,6298986025,6281923311,6289324428,3220532,"[3220439, 3220579, 3220579]"
0,1048,meta-llama/Llama-3.1-8B-mini4L,2056,4,3000000000,9306387142,6306387142,6289324428,6292544867,4614091,"[3220579, 3220579, 7401117]"
0,1049,meta-llama/Llama-3.1-8B-mini4L,2056,4,3000000000,9309607581,6309607581,6292544867,6295765446,4614045,"[3220579, 7401117, 3220439]"
0,1050,meta-llama/Llama-3.1-8B-mini4L,2056,4,3000000000,9312828160,6312828160,6295765446,6298986025,4614045,"[7401117, 3220439, 3220579]"
0,1051,meta-llama/Llama-3.1-8B-mini4L,2056,4,3000000000,9316048739,6316048739,6298986025,6306387142,3220532,"[3220439, 3220579, 3220579]"
0,1052,meta-llama/Llama-3.1-8B-mini4L,2056,4,3000000000,9316048739,6316048739,6298986025,6306387142,3220532,"[3220439, 3220579, 3220579]"
0,1053,meta-llama/Llama-3.1-8B-mini4L,2056,4,3000000000,9316048739,6316048739,6298986025,6306387142,3220532,"[3220439, 3220579, 3220579]"
0,1054,meta-llama/Llama-3.1-8B-mini4L,2056,4,3000000000,9316048739,6316048739,6298986025,6306387142,3220532,"[3220439, 3220579, 3220579]"
0,1055,meta-llama/Llama-3.1-8B-mini4L,2056,4,3000000000,9316048739,6316048739,6298986025,6306387142,3220532,"[3220439, 3220579, 3220579]"
0,1056,meta-llama/Llama-3.1-8B-mini4L,2056,4,3000000000,9323449856,6323449856,6306387142,6309607581,4614091,"[3220579, 3220579, 7401117]"
0,1057,meta-llama/Llama-3.1-8B-mini4L,2056,4,3000000000,9326670295,6326670295,6309607581,6312828160,4614045,"[3220579, 7401117, 3220439]"
0,1058,meta-llama/Llama-3.1-8B-mini4L,2056,4,3000000000,9329890874,6329890874,6312828160,6316048739,4614045,"[7401117, 3220439, 3220579]"
0,1059,meta-llama/Llama-3.1-8B-mini4L,2056,4,3000000000,9333111453,6333111453,6316048739,6323449856,3220532,"[3220439, 3220579, 3220579]"
0,1060,meta-llama/Llama-3.1-8B-mini4L,2056,4,3000000000,9333111453,6333111453,6316048739,6323449856,3220532,"[3220439, 3220579, 3220579]"
0,1061,meta-llama/Llama-3.1-8B-mini4L,2056,4,3000000000,9333111453,6333111453,6316048739,6323449856,3220532,"[3220439, 3220579, 3220579]"
0,1062,meta-llama/Llama-3.1-8B-mini4L,2056,4,3000000000,9333111453,6333111453,6316048739,6323449856,3220532,"[3220439, 3220579, 3220579]"
0,1063,meta-llama/Llama-3.1-8B-mini4L,2056,4,3000000000,9333111453,6333111453,6316048739,6323449856,3220532,"[3220439, 3220579, 3220579]"
0,1064,meta-llama/Llama-3.1-8B-mini4L,2056,4,3000000000,9340512570,6340512570,6323449856,6326670295,4614091,"[3220579, 3220579, 7401117]"
0,1065,meta-llama/Llama-3.1-8B-mini4L,2056,4,3000000000,9343733009,6343733009,6326670295,6329890874,4614045,"[3220579, 7401117, 3220439]"
0,1066,meta-llama/Llama-3.1-8B-mini4L,2056,4,3000000000,9346953588,6346953588,6329890874,6333111453,4614045,"[7401117, 3220439, 3220579]"
0,1067,meta-llama/Llama-3.1-8B-mini4L,2056,4,3000000000,9350174167,6350174167,6333111453,6340512570,3220532,"[3220439, 3220579, 3220579]"
0,1068,meta-llama/Llama-3.1-8B-mini4L,2056,4,3000000000,9350174167,6350174167,6333111453,6340512570,3220532,"[3220439, 3220579, 3220579]"
0,1069,meta-llama/Llama-3.1-8B-mini4L,2056,4,3000000000,9350174167,6350174167,6333111453,6340512570,3220532,"[3220439, 3220579, 3220579]"
0,1070,meta-llama/Llama-3.1-8B-mini4L,2056,4,3000000000,9350174167,6350174167,6333111453,6340512570,3220532,"[3220439, 3220579, 3220579]"
0,1071,meta-llama/Llama-3.1-8B-mini4L,2056,4,3000000000,9350174167,6350174167,6333111453,6340512570,3220532,"[3220439, 3220579, 3220579]"
0,1072,meta-llama/Llama-3.1-8B-mini4L,2056,4,3000000000,9357575284,6357575284,6340512570,6343733009,4614091,"[3220579, 3220579, 7401117]"
0,1073,meta-llama/Llama-3.1-8B-mini4L,2056,4,3000000000,9360795723,6360795723,6343733009,6346953588,4614045,"[3220579, 7401117, 3220439]"
0,1074,meta-llama/Llama-3.1-8B-mini4L,2056,4,3000000000,9364016302,6364016302,6346953588,6350174167,4614045,"[7401117, 3220439, 3220579]"
0,1075,meta-llama/Llama-3.1-8B-mini4L,2056,4,3000000000,9367236881,6367236881,6350174167,6357575284,3220532,"[3220439, 3220579, 3220579]"
0,1076,meta-llama/Llama-3.1-8B-mini4L,2056,4,3000000000,9367236881,6367236881,6350174167,6357575284,3220532,"[3220439, 3220579, 3220579]"
0,1077,meta-llama/Llama-3.1-8B-mini4L,2056,4,3000000000,9367236881,6367236881,6350174167,6357575284,3220532,"[3220439, 3220579, 3220579]"
0,1078,meta-llama/Llama-3.1-8B-mini4L,2056,4,3000000000,9367236881,6367236881,6350174167,6357575284,3220532,"[3220439, 3220579, 3220579]"
0,1079,meta-llama/Llama-3.1-8B-mini4L,2056,4,3000000000,9367236881,6367236881,6350174167,6357575284,3220532,"[3220439, 3220579, 3220579]"
0,1080,meta-llama/Llama-3.1-8B-mini4L,2056,4,3000000000,9374637998,6374637998,6357575284,6360795723,4614091,"[3220579, 3220579, 7401117]"
0,1081,meta-llama/Llama-3.1-8B-mini4L,2056,4,3000000000,9377858437,6377858437,6360795723,6364016302,4614045,"[3220579, 7401117, 3220439]"
0,1082,meta-llama/Llama-3.1-8B-mini4L,2056,4,3000000000,9381079016,6381079016,6364016302,6367236881,4614045,"[7401117, 3220439, 3220579]"
0,1083,meta-llama/Llama-3.1-8B-mini4L,2056,4,3000000000,9384299595,6384299595,6367236881,6374637998,3220532,"[3220439, 3220579, 3220579]"
0,1084,meta-llama/Llama-3.1-8B-mini4L,2056,4,3000000000,9384299595,6384299595,6367236881,6374637998,3220532,"[3220439, 3220579, 3220579]"
0,1085,meta-llama/Llama-3.1-8B-mini4L,2056,4,3000000000,9384299595,6384299595,6367236881,6374637998,3220532,"[3220439, 3220579, 3220579]"
0,1086,meta-llama/Llama-3.1-8B-mini4L,2056,4,3000000000,9384299595,6384299595,6367236881,6374637998,3220532,"[3220439, 3220579, 3220579]"
0,1087,meta-llama/Llama-3.1-8B-mini4L,2056,4,3000000000,9384299595,6384299595,6367236881,6374637998,3220532,"[3220439, 3220579, 3220579]"
0,1088,meta-llama/Llama-3.1-8B-mini4L,2056,4,3000000000,9391700712,6391700712,6374637998,6377858437,4614091,"[3220579, 3220579, 7401117]"
0,1089,meta-llama/Llama-3.1-8B-mini4L,2056,4,3000000000,9394921151,6394921151,6377858437,6381079016,4614045,"[3220579, 7401117, 3220439]"
0,1090,meta-llama/Llama-3.1-8B-mini4L,2056,4,3000000000,9398141730,6398141730,6381079016,6384299595,4614045,"[7401117, 3220439, 3220579]"
0,1091,meta-llama/Llama-3.1-8B-mini4L,2056,4,3000000000,9401362309,6401362309,6384299595,6391700712,3220532,"[3220439, 3220579, 3220579]"
0,1092,meta-llama/Llama-3.1-8B-mini4L,2056,4,3000000000,9401362309,6401362309,6384299595,6391700712,3220532,"[3220439, 3220579, 3220579]"
0,1093,meta-llama/Llama-3.1-8B-mini4L,2056,4,3000000000,9401362309,6401362309,6384299595,6391700712,3220532,"[3220439, 3220579, 3220579]"
0,1094,meta-llama/Llama-3.1-8B-mini4L,2056,4,3000000000,9401362309,6401362309,6384299595,6391700712,3220532,"[3220439, 3220579, 3220579]"
0,1095,meta-llama/Llama-3.1-8B-mini4L,2056,4,3000000000,9401362309,6401362309,6384299595,6391700712,3220532,"[3220439, 3220579, 3220579]"
0,1096,meta-llama/Llama-3.1-8B-mini4L,2056,4,3000000000,9408763426,6408763426,6391700712,6394921151,4614091,"[3220579, 3220579, 7401117]"
0,1097,meta-llama/Llama-3.1-8B-mini4L,2056,4,3000000000,9411983865,6411983865,6394921151,6398141730,4614045,"[3220579, 7401117, 3220439]"
0,1098,meta-llama/Llama-3.1-8B-mini4L,2056,4,3000000000,9415204444,6415204444,6398141730,6401362309,4614045,"[7401117, 3220439, 3220579]"
0,1099,meta-llama/Llama-3.1-8B-mini4L,2056,4,3000000000,9418425023,6418425023,6401362309,6408763426,3220532,"[3220439, 3220579, 3220579]"
0,1100,meta-llama/Llama-3.1-8B-mini4L,2056,4,3000000000,9418425023,6418425023,6401362309,6408763426,3220532,"[3220439, 3220579, 3220579]"
0,1101,meta-llama/Llama-3.1-8B-mini4L,2056,4,3000000000,9418425023,6418425023,6401362309,6408763426,3220532,"[3220439, 3220579, 3220579]"
0,1102,meta-llama/Llama-3.1-8B-mini4L,2056,4,3000000000,9418425023,6418425023,6401362309,6408763426,3220532,"[3220439, 3220579, 3220579]"
0,1103,meta-llama/Llama-3.1-8B-mini4L,2056,4,3000000000,9418425023,6418425023,6401362309,6408763426,3220532,"[3220439, 3220579, 3220579]"
0,1104,meta-llama/Llama-3.1-8B-mini4L,2056,4,3000000000,9425826140,6425826140,6408763426,6411983865,4614091,"[3220579, 3220579, 7401117]"
0,1105,meta-llama/Llama-3.1-8B-mini4L,2056,4,3000000000,9429046579,6429046579,6411983865,6415204444,4614045,"[3220579, 7401117, 3220439]"
0,1106,meta-llama/Llama-3.1-8B-mini4L,2056,4,3000000000,9432267158,6432267158,6415204444,6418425023,4614045,"[7401117, 3220439, 3220579]"
0,1107,meta-llama/Llama-3.1-8B-mini4L,2056,4,3000000000,9435487737,6435487737,6418425023,6425826140,3220532,"[3220439, 3220579, 3220579]"
0,1108,meta-llama/Llama-3.1-8B-mini4L,2056,4,3000000000,9435487737,6435487737,6418425023,6425826140,3220532,"[3220439, 3220579, 3220579]"
0,1109,meta-llama/Llama-3.1-8B-mini4L,2056,4,3000000000,9435487737,6435487737,6418425023,6425826140,3220532,"[3220439, 3220579, 3220579]"
0,1110,meta-llama/Llama-3.1-8B-mini4L,2056,4,3000000000,9435487737,6435487737,6418425023,6425826140,3220532,"[3220439, 3220579, 3220579]"
0,1111,meta-llama/Llama-3.1-8B-mini4L,2056,4,3000000000,9435487737,6435487737,6418425023,6425826140,3220532,"[3220439, 3220579, 3220579]"
0,1112,meta-llama/Llama-3.1-8B-mini4L,2056,4,3000000000,9442888854,6442888854,6425826140,6429046579,4614091,"[3220579, 3220579, 7401117]"
0,1113,meta-llama/Llama-3.1-8B-mini4L,2056,4,3000000000,9446109293,6446109293,6429046579,6432267158,4614045,"[3220579, 7401117, 3220439]"
0,1114,meta-llama/Llama-3.1-8B-mini4L,2056,4,3000000000,9449329872,6449329872,6432267158,6435487737,4614045,"[7401117, 3220439, 3220579]"
0,1115,meta-llama/Llama-3.1-8B-mini4L,2056,4,3000000000,9452550451,6452550451,6435487737,6442888854,3220532,"[3220439, 3220579, 3220579]"
0,1116,meta-llama/Llama-3.1-8B-mini4L,2056,4,3000000000,9452550451,6452550451,6435487737,6442888854,3220532,"[3220439, 3220579, 3220579]"
0,1117,meta-llama/Llama-3.1-8B-mini4L,2056,4,3000000000,9452550451,6452550451,6435487737,6442888854,3220532,"[3220439, 3220579, 3220579]"
0,1118,meta-llama/Llama-3.1-8B-mini4L,2056,4,3000000000,9452550451,6452550451,6435487737,6442888854,3220532,"[3220439, 3220579, 3220579]"
0,1119,meta-llama/Llama-3.1-8B-mini4L,2056,4,3000000000,9452550451,6452550451,6435487737,6442888854,3220532,"[3220439, 3220579, 3220579]"
0,1120,meta-llama/Llama-3.1-8B-mini4L,2056,4,3000000000,9459951568,6459951568,6442888854,6446109293,4614091,"[3220579, 3220579, 7401117]"
0,1121,meta-llama/Llama-3.1-8B-mini4L,2056,4,3000000000,9463172007,6463172007,6446109293,6449329872,4614045,"[3220579, 7401117, 3220439]"
0,1122,meta-llama/Llama-3.1-8B-mini4L,2056,4,3000000000,9466392586,6466392586,6449329872,6452550451,4614045,"[7401117, 3220439, 3220579]"
0,1123,meta-llama/Llama-3.1-8B-mini4L,2056,4,3000000000,9469613165,6469613165,6452550451,6459951568,3220532,"[3220439, 3220579, 3220579]"
0,1124,meta-llama/Llama-3.1-8B-mini4L,2056,4,3000000000,9469613165,6469613165,6452550451,6459951568,3220532,"[3220439, 3220579, 3220579]"
0,1125,meta-llama/Llama-3.1-8B-mini4L,2056,4,3000000000,9469613165,6469613165,6452550451,6459951568,3220532,"[3220439, 3220579, 3220579]"
0,1126,meta-llama/Llama-3.1-8B-mini4L,2056,4,3000000000,9469613165,6469613165,6452550451,6459951568,3220532,"[3220439, 3220579, 3220579]"
0,1127,meta-llama/Llama-3.1-8B-mini4L,2056,4,3000000000,9469613165,6469613165,6452550451,6459951568,3220532,"[3220439, 3220579, 3220579]"
0,1128,meta-llama/Llama-3.1-8B-mini4L,2056,4,3000000000,9477014282,6477014282,6459951568,6463172007,4614091,"[3220579, 3220579, 7401117]"
0,1129,meta-llama/Llama-3.1-8B-mini4L,2056,4,3000000000,9480234721,6480234721,6463172007,6466392586,4614045,"[3220579, 7401117, 3220439]"
0,1130,meta-llama/Llama-3.1-8B-mini4L,2056,4,3000000000,9483455300,6483455300,6466392586,6469613165,4614045,"[7401117, 3220439, 3220579]"
0,1131,meta-llama/Llama-3.1-8B-mini4L,2056,4,3000000000,9486675879,6486675879,6469613165,6477014282,3220532,"[3220439, 3220579, 3220579]"
0,1132,meta-llama/Llama-3.1-8B-mini4L,2056,4,3000000000,9486675879,6486675879,6469613165,6477014282,3220532,"[3220439, 3220579, 3220579]"
0,1133,meta-llama/Llama-3.1-8B-mini4L,2056,4,3000000000,9486675879,6486675879,6469613165,6477014282,3220532,"[3220439, 3220579, 3220579]"
0,1134,meta-llama/Llama-3.1-8B-mini4L,2056,4,3000000000,9486675879,6486675879,6469613165,6477014282,3220532,"[3220439, 3220579, 3220579]"
0,1135,meta-llama/Llama-3.1-8B-mini4L,2056,4,3000000000,9486675879,6486675879,6469613165,6477014282,3220532,"[3220439, 3220579, 3220579]"
0,1136,meta-llama/Llama-3.1-8B-mini4L,2056,4,3000000000,9494076996,6494076996,6477014282,6480234721,4614091,"[3220579, 3220579, 7401117]"
0,1137,meta-llama/Llama-3.1-8B-mini4L,2056,4,3000000000,9497297435,6497297435,6480234721,6483455300,4614045,"[3220579, 7401117, 3220439]"
0,1138,meta-llama/Llama-3.1-8B-mini4L,2056,4,3000000000,9500518014,6500518014,6483455300,6486675879,4614045,"[7401117, 3220439, 3220579]"
0,1139,meta-llama/Llama-3.1-8B-mini4L,2056,4,3000000000,9503738593,6503738593,6486675879,6494076996,3220532,"[3220439, 3220579, 3220579]"
0,1140,meta-llama/Llama-3.1-8B-mini4L,2056,4,3000000000,9503738593,6503738593,6486675879,6494076996,3220532,"[3220439, 3220579, 3220579]"
0,1141,meta-llama/Llama-3.1-8B-mini4L,2056,4,3000000000,9503738593,6503738593,6486675879,6494076996,3220532,"[3220439, 3220579, 3220579]"
0,1142,meta-llama/Llama-3.1-8B-mini4L,2056,4,3000000000,9503738593,6503738593,6486675879,6494076996,3220532,"[3220439, 3220579, 3220579]"
0,1143,meta-llama/Llama-3.1-8B-mini4L,2056,4,3000000000,9503738593,6503738593,6486675879,6494076996,3220532,"[3220439, 3220579, 3220579]"
0,1144,meta-llama/Llama-3.1-8B-mini4L,2056,4,3000000000,9511139710,6511139710,6494076996,6497297435,4614091,"[3220579, 3220579, 7401117]"
0,1145,meta-llama/Llama-3.1-8B-mini4L,2056,4,3000000000,9514360149,6514360149,6497297435,6500518014,4614045,"[3220579, 7401117, 3220439]"
0,1146,meta-llama/Llama-3.1-8B-mini4L,2056,4,3000000000,9517580728,6517580728,6500518014,6503738593,4614045,"[7401117, 3220439, 3220579]"
0,1147,meta-llama/Llama-3.1-8B-mini4L,2056,4,3000000000,9520801307,6520801307,6503738593,6511139710,3220532,"[3220439, 3220579, 3220579]"
0,1148,meta-llama/Llama-3.1-8B-mini4L,2056,4,3000000000,9520801307,6520801307,6503738593,6511139710,3220532,"[3220439, 3220579, 3220579]"
0,1149,meta-llama/Llama-3.1-8B-mini4L,2056,4,3000000000,9520801307,6520801307,6503738593,6511139710,3220532,"[3220439, 3220579, 3220579]"
0,1150,meta-llama/Llama-3.1-8B-mini4L,2056,4,3000000000,9520801307,6520801307,6503738593,6511139710,3220532,"[3220439, 3220579, 3220579]"
0,1151,meta-llama/Llama-3.1-8B-mini4L,2056,4,3000000000,9520801307,6520801307,6503738593,6511139710,3220532,"[3220439, 3220579, 3220579]"
0,1152,meta-llama/Llama-3.1-8B-mini4L,2056,4,3000000000,9528202424,6528202424,6511139710,6514360149,4614091,"[3220579, 3220579, 7401117]"
0,1153,meta-llama/Llama-3.1-8B-mini4L,2056,4,3000000000,9531422863,6531422863,6514360149,6517580728,4614045,"[3220579, 7401117, 3220439]"
0,1154,meta-llama/Llama-3.1-8B-mini4L,2056,4,3000000000,9534643442,6534643442,6517580728,6520801307,4614045,"[7401117, 3220439, 3220579]"
0,1155,meta-llama/Llama-3.1-8B-mini4L,2056,4,3000000000,9537864021,6537864021,6520801307,6528202424,3220532,"[3220439, 3220579, 3220579]"
0,1156,meta-llama/Llama-3.1-8B-mini4L,2056,4,3000000000,9537864021,6537864021,6520801307,6528202424,3220532,"[3220439, 3220579, 3220579]"
0,1157,meta-llama/Llama-3.1-8B-mini4L,2056,4,3000000000,9537864021,6537864021,6520801307,6528202424,3220532,"[3220439, 3220579, 3220579]"
0,1158,meta-llama/Llama-3.1-8B-mini4L,2056,4,3000000000,9537864021,6537864021,6520801307,6528202424,3220532,"[3220439, 3220579, 3220579]"
0,1159,meta-llama/Llama-3.1-8B-mini4L,2056,4,3000000000,9537864021,6537864021,6520801307,6528202424,3220532,"[3220439, 3220579, 3220579]"
0,1160,meta-llama/Llama-3.1-8B-mini4L,2056,4,3000000000,9545265138,6545265138,6528202424,6531422863,4614091,"[3220579, 3220579, 7401117]"
0,1161,meta-llama/Llama-3.1-8B-mini4L,2056,4,3000000000,9548485577,6548485577,6531422863,6534643442,4614045,"[3220579, 7401117, 3220439]"
0,1162,meta-llama/Llama-3.1-8B-mini4L,2056,4,3000000000,9551706156,6551706156,6534643442,6537864021,4614045,"[7401117, 3220439, 3220579]"
0,1163,meta-llama/Llama-3.1-8B-mini4L,2056,4,3000000000,9554926735,6554926735,6537864021,6545265138,3220532,"[3220439, 3220579, 3220579]"
0,1164,meta-llama/Llama-3.1-8B-mini4L,2056,4,3000000000,9554926735,6554926735,6537864021,6545265138,3220532,"[3220439, 3220579, 3220579]"
0,1165,meta-llama/Llama-3.1-8B-mini4L,2056,4,3000000000,9554926735,6554926735,6537864021,6545265138,3220532,"[3220439, 3220579, 3220579]"
0,1166,meta-llama/Llama-3.1-8B-mini4L,2056,4,3000000000,9554926735,6554926735,6537864021,6545265138,3220532,"[3220439, 3220579, 3220579]"
0,1167,meta-llama/Llama-3.1-8B-mini4L,2056,4,3000000000,9554926735,6554926735,6537864021,6545265138,3220532,"[3220439, 3220579, 3220579]"
0,1168,meta-llama/Llama-3.1-8B-mini4L,2056,4,3000000000,9562327852,6562327852,6545265138,6548485577,4614091,"[3220579, 3220579, 7401117]"
0,1169,meta-llama/Llama-3.1-8B-mini4L,2056,4,3000000000,9565548291,6565548291,6548485577,6551706156,4614045,"[3220579, 7401117, 3220439]"
0,1170,meta-llama/Llama-3.1-8B-mini4L,2056,4,3000000000,9568768870,6568768870,6551706156,6554926735,4614045,"[7401117, 3220439, 3220579]"
0,1171,meta-llama/Llama-3.1-8B-mini4L,2056,4,3000000000,9571989449,6571989449,6554926735,6562327852,3220532,"[3220439, 3220579, 3220579]"
0,1172,meta-llama/Llama-3.1-8B-mini4L,2056,4,3000000000,9571989449,6571989449,6554926735,6562327852,3220532,"[3220439, 3220579, 3220579]"
0,1173,meta-llama/Llama-3.1-8B-mini4L,2056,4,3000000000,9571989449,6571989449,6554926735,6562327852,3220532,"[3220439, 3220579, 3220579]"
0,1174,meta-llama/Llama-3.1-8B-mini4L,2056,4,3000000000,9571989449,6571989449,6554926735,6562327852,3220532,"[3220439, 3220579, 3220579]"
0,1175,meta-llama/Llama-3.1-8B-mini4L,2056,4,3000000000,9571989449,6571989449,6554926735,6562327852,3220532,"[3220439, 3220579, 3220579]"
0,1176,meta-llama/Llama-3.1-8B-mini4L,2056,4,3000000000,9579390566,6579390566,6562327852,6565548291,4614091,"[3220579, 3220579, 7401117]"
0,1177,meta-llama/Llama-3.1-8B-mini4L,2056,4,3000000000,9582611005,6582611005,6565548291,6568768870,4614045,"[3220579, 7401117, 3220439]"
0,1178,meta-llama/Llama-3.1-8B-mini4L,2056,4,3000000000,9585831584,6585831584,6568768870,6571989449,4614045,"[7401117, 3220439, 3220579]"
0,1179,meta-llama/Llama-3.1-8B-mini4L,2056,4,3000000000,9589052163,6589052163,6571989449,6579390566,3220532,"[3220439, 3220579, 3220579]"
0,1180,meta-llama/Llama-3.1-8B-mini4L,2056,4,3000000000,9589052163,6589052163,6571989449,6579390566,3220532,"[3220439, 3220579, 3220579]"
0,1181,meta-llama/Llama-3.1-8B-mini4L,2056,4,3000000000,9589052163,6589052163,6571989449,6579390566,3220532,"[3220439, 3220579, 3220579]"
0,1182,meta-llama/Llama-3.1-8B-mini4L,2056,4,3000000000,9589052163,6589052163,6571989449,6579390566,3220532,"[3220439, 3220579, 3220579]"
0,1183,meta-llama/Llama-3.1-8B-mini4L,2056,4,3000000000,9589052163,6589052163,6571989449,6579390566,3220532,"[3220439, 3220579, 3220579]"
0,1184,meta-llama/Llama-3.1-8B-mini4L,2056,4,3000000000,9596453280,6596453280,6579390566,6582611005,4614091,"[3220579, 3220579, 7401117]"
0,1185,meta-llama/Llama-3.1-8B-mini4L,2056,4,3000000000,9599673719,6599673719,6582611005,6585831584,4614045,"[3220579, 7401117, 3220439]"
0,1186,meta-llama/Llama-3.1-8B-mini4L,2056,4,3000000000,9602894298,6602894298,6585831584,6589052163,4614045,"[7401117, 3220439, 3220579]"
0,1187,meta-llama/Llama-3.1-8B-mini4L,2056,4,3000000000,9606114877,6606114877,6589052163,6596453280,3220532,"[3220439, 3220579, 3220579]"
0,1188,meta-llama/Llama-3.1-8B-mini4L,2056,4,3000000000,9606114877,6606114877,6589052163,6596453280,3220532,"[3220439, 3220579, 3220579]"
0,1189,meta-llama/Llama-3.1-8B-mini4L,2056,4,3000000000,9606114877,6606114877,6589052163,6596453280,3220532,"[3220439, 3220579, 3220579]"
0,1190,meta-llama/Llama-3.1-8B-mini4L,2056,4,3000000000,9606114877,6606114877,6589052163,6596453280,3220532,"[3220439, 3220579, 3220579]"
0,1191,meta-llama/Llama-3.1-8B-mini4L,2056,4,3000000000,9606114877,6606114877,6589052163,6596453280,3220532,"[3220439, 3220579, 3220579]"
0,1192,meta-llama/Llama-3.1-8B-mini4L,2056,4,3000000000,9613515994,6613515994,6596453280,6599673719,4614091,"[3220579, 3220579, 7401117]"
0,1193,meta-llama/Llama-3.1-8B-mini4L,2056,4,3000000000,9616736433,6616736433,6599673719,6602894298,4614045,"[3220579, 7401117, 3220439]"
0,1194,meta-llama/Llama-3.1-8B-mini4L,2056,4,3000000000,9619957012,6619957012,6602894298,6606114877,4614045,"[7401117, 3220439, 3220579]"
0,1195,meta-llama/Llama-3.1-8B-mini4L,2056,4,3000000000,9623177591,6623177591,6606114877,6613515994,3220532,"[3220439, 3220579, 3220579]"
0,1196,meta-llama/Llama-3.1-8B-mini4L,2056,4,3000000000,9623177591,6623177591,6606114877,6613515994,3220532,"[3220439, 3220579, 3220579]"
0,1197,meta-llama/Llama-3.1-8B-mini4L,2056,4,3000000000,9623177591,6623177591,6606114877,6613515994,3220532,"[3220439, 3220579, 3220579]"
0,1198,meta-llama/Llama-3.1-8B-mini4L,2056,4,3000000000,9623177591,6623177591,6606114877,6613515994,3220532,"[3220439, 3220579, 3220579]"
0,1199,meta-llama/Llama-3.1-8B-mini4L,2056,4,3000000000,9623177591,6623177591,6606114877,6613515994,3220532,"[3220439, 3220579, 3220579]"
0,1200,meta-llama/Llama-3.1-8B-mini4L,2056,4,3000000000,9630578708,6630578708,6613515994,6616736433,4614091,"[3220579, 3220579, 7401117]"
0,1201,meta-llama/Llama-3.1-8B-mini4L,2056,4,3000000000,9633799147,6633799147,6616736433,6619957012,4614045,"[3220579, 7401117, 3220439]"
0,1202,meta-llama/Llama-3.1-8B-mini4L,2056,4,3000000000,9637019726,6637019726,6619957012,6623177591,4614045,"[7401117, 3220439, 3220579]"
0,1203,meta-llama/Llama-3.1-8B-mini4L,2056,4,3000000000,9640240305,6640240305,6623177591,6630578708,3220532,"[3220439, 3220579, 3220579]"
0,1204,meta-llama/Llama-3.1-8B-mini4L,2056,4,3000000000,9640240305,6640240305,6623177591,6630578708,3220532,"[3220439, 3220579, 3220579]"
0,1205,meta-llama/Llama-3.1-8B-mini4L,2056,4,3000000000,9640240305,6640240305,6623177591,6630578708,3220532,"[3220439, 3220579, 3220579]"
0,1206,meta-llama/Llama-3.1-8B-mini4L,2056,4,3000000000,9640240305,6640240305,6623177591,6630578708,3220532,"[3220439, 3220579, 3220579]"
0,1207,meta-llama/Llama-3.1-8B-mini4L,2056,4,3000000000,9640240305,6640240305,6623177591,6630578708,3220532,"[3220439, 3220579, 3220579]"
0,1208,meta-llama/Llama-3.1-8B-mini4L,2056,4,3000000000,9647641422,6647641422,6630578708,6633799147,4614091,"[3220579, 3220579, 7401117]"
0,1209,meta-llama/Llama-3.1-8B-mini4L,2056,4,3000000000,9650861861,6650861861,6633799147,6637019726,4614045,"[3220579, 7401117, 3220439]"
0,1210,meta-llama/Llama-3.1-8B-mini4L,2056,4,3000000000,9654082440,6654082440,6637019726,6640240305,4614045,"[7401117, 3220439, 3220579]"
0,1211,meta-llama/Llama-3.1-8B-mini4L,2056,4,3000000000,9657303019,6657303019,6640240305,6647641422,3220532,"[3220439, 3220579, 3220579]"
0,1212,meta-llama/Llama-3.1-8B-mini4L,2056,4,3000000000,9657303019,6657303019,6640240305,6647641422,3220532,"[3220439, 3220579, 3220579]"
0,1213,meta-llama/Llama-3.1-8B-mini4L,2056,4,3000000000,9657303019,6657303019,6640240305,6647641422,3220532,"[3220439, 3220579, 3220579]"
0,1214,meta-llama/Llama-3.1-8B-mini4L,2056,4,3000000000,9657303019,6657303019,6640240305,6647641422,3220532,"[3220439, 3220579, 3220579]"
0,1215,meta-llama/Llama-3.1-8B-mini4L,2056,4,3000000000,9657303019,6657303019,6640240305,6647641422,3220532,"[3220439, 3220579, 3220579]"
0,1216,meta-llama/Llama-3.1-8B-mini4L,2056,4,3000000000,9664704136,6664704136,6647641422,6650861861,4614091,"[3220579, 3220579, 7401117]"
0,1217,meta-llama/Llama-3.1-8B-mini4L,2056,4,3000000000,9667924575,6667924575,6650861861,6654082440,4614045,"[3220579, 7401117, 3220439]"
0,1218,meta-llama/Llama-3.1-8B-mini4L,2056,4,3000000000,9671145154,6671145154,6654082440,6657303019,4614045,"[7401117, 3220439, 3220579]"
0,1219,meta-llama/Llama-3.1-8B-mini4L,2056,4,3000000000,9674365733,6674365733,6657303019,6664704136,3220532,"[3220439, 3220579, 3220579]"
0,1220,meta-llama/Llama-3.1-8B-mini4L,2056,4,3000000000,9674365733,6674365733,6657303019,6664704136,3220532,"[3220439, 3220579, 3220579]"
0,1221,meta-llama/Llama-3.1-8B-mini4L,2056,4,3000000000,9674365733,6674365733,6657303019,6664704136,3220532,"[3220439, 3220579, 3220579]"
0,1222,meta-llama/Llama-3.1-8B-mini4L,2056,4,3000000000,9674365733,6674365733,6657303019,6664704136,3220532,"[3220439, 3220579, 3220579]"
0,1223,meta-llama/Llama-3.1-8B-mini4L,2056,4,3000000000,9674365733,6674365733,6657303019,6664704136,3220532,"[3220439, 3220579, 3220579]"
0,1224,meta-llama/Llama-3.1-8B-mini4L,2056,4,3000000000,9681766850,6681766850,6664704136,6667924575,4614091,"[3220579, 3220579, 7401117]"
0,1225,meta-llama/Llama-3.1-8B-mini4L,2056,4,3000000000,9684987289,6684987289,6667924575,6671145154,4614045,"[3220579, 7401117, 3220439]"
0,1226,meta-llama/Llama-3.1-8B-mini4L,2056,4,3000000000,9688207868,6688207868,6671145154,6674365733,4614045,"[7401117, 3220439, 3220579]"
0,1227,meta-llama/Llama-3.1-8B-mini4L,2056,4,3000000000,9691428447,6691428447,6674365733,6681766850,3220532,"[3220439, 3220579, 3220579]"
0,1228,meta-llama/Llama-3.1-8B-mini4L,2056,4,3000000000,9691428447,6691428447,6674365733,6681766850,3220532,"[3220439, 3220579, 3220579]"
0,1229,meta-llama/Llama-3.1-8B-mini4L,2056,4,3000000000,9691428447,6691428447,6674365733,6681766850,3220532,"[3220439, 3220579, 3220579]"
0,1230,meta-llama/Llama-3.1-8B-mini4L,2056,4,3000000000,9691428447,6691428447,6674365733,6681766850,3220532,"[3220439, 3220579, 3220579]"
0,1231,meta-llama/Llama-3.1-8B-mini4L,2056,4,3000000000,9691428447,6691428447,6674365733,6681766850,3220532,"[3220439, 3220579, 3220579]"
0,1232,meta-llama/Llama-3.1-8B-mini4L,2056,4,3000000000,9698829564,6698829564,6681766850,6684987289,4614091,"[3220579, 3220579, 7401117]"
0,1233,meta-llama/Llama-3.1-8B-mini4L,2056,4,3000000000,9702050003,6702050003,6684987289,6688207868,4614045,"[3220579, 7401117, 3220439]"
0,1234,meta-llama/Llama-3.1-8B-mini4L,2056,4,3000000000,9705270582,6705270582,6688207868,6691428447,4614045,"[7401117, 3220439, 3220579]"
0,1235,meta-llama/Llama-3.1-8B-mini4L,2056,4,3000000000,9708491161,6708491161,6691428447,6698829564,3220532,"[3220439, 3220579, 3220579]"
0,1236,meta-llama/Llama-3.1-8B-mini4L,2056,4,3000000000,9708491161,6708491161,6691428447,6698829564,3220532,"[3220439, 3220579, 3220579]"
0,1237,meta-llama/Llama-3.1-8B-mini4L,2056,4,3000000000,9708491161,6708491161,6691428447,6698829564,3220532,"[3220439, 3220579, 3220579]"
0,1238,meta-llama/Llama-3.1-8B-mini4L,2056,4,3000000000,9708491161,6708491161,6691428447,6698829564,3220532,"[3220439, 3220579, 3220579]"
0,1239,meta-llama/Llama-3.1-8B-mini4L,2056,4,3000000000,9708491161,6708491161,6691428447,6698829564,3220532,"[3220439, 3220579, 3220579]"
0,1240,meta-llama/Llama-3.1-8B-mini4L,2056,4,3000000000,9715892278,6715892278,6698829564,6702050003,4614091,"[3220579, 3220579, 7401117]"
0,1241,meta-llama/Llama-3.1-8B-mini4L,2056,4,3000000000,9719112717,6719112717,6702050003,6705270582,4614045,"[3220579, 7401117, 3220439]"
0,1242,meta-llama/Llama-3.1-8B-mini4L,2056,4,3000000000,9722333296,6722333296,6705270582,6708491161,4614045,"[7401117, 3220439, 3220579]"
0,1243,meta-llama/Llama-3.1-8B-mini4L,2056,4,3000000000,9725553875,6725553875,6708491161,6715892278,3220532,"[3220439, 3220579, 3220579]"
0,1244,meta-llama/Llama-3.1-8B-mini4L,2056,4,3000000000,9725553875,6725553875,6708491161,6715892278,3220532,"[3220439, 3220579, 3220579]"
0,1245,meta-llama/Llama-3.1-8B-mini4L,2056,4,3000000000,9725553875,6725553875,6708491161,6715892278,3220532,"[3220439, 3220579, 3220579]"
0,1246,meta-llama/Llama-3.1-8B-mini4L,2056,4,3000000000,9725553875,6725553875,6708491161,6715892278,3220532,"[3220439, 3220579, 3220579]"
0,1247,meta-llama/Llama-3.1-8B-mini4L,2056,4,3000000000,9725553875,6725553875,6708491161,6715892278,3220532,"[3220439, 3220579, 3220579]"
0,1248,meta-llama/Llama-3.1-8B-mini4L,2056,4,3000000000,9732954992,6732954992,6715892278,6719112717,4614091,"[3220579, 3220579, 7401117]"
0,1249,meta-llama/Llama-3.1-8B-mini4L,2056,4,3000000000,9736175431,6736175431,6719112717,6722333296,4614045,"[3220579, 7401117, 3220439]"
0,1250,meta-llama/Llama-3.1-8B-mini4L,2056,4,3000000000,9739396010,6739396010,6722333296,6725553875,4614045,"[7401117, 3220439, 3220579]"
0,1251,meta-llama/Llama-3.1-8B-mini4L,2056,4,3000000000,9742616589,6742616589,6725553875,6732954992,3220532,"[3220439, 3220579, 3220579]"
0,1252,meta-llama/Llama-3.1-8B-mini4L,2056,4,3000000000,9742616589,6742616589,6725553875,6732954992,3220532,"[3220439, 3220579, 3220579]"
0,1253,meta-llama/Llama-3.1-8B-mini4L,2056,4,3000000000,9742616589,6742616589,6725553875,6732954992,3220532,"[3220439, 3220579, 3220579]"
0,1254,meta-llama/Llama-3.1-8B-mini4L,2056,4,3000000000,9742616589,6742616589,6725553875,6732954992,3220532,"[3220439, 3220579, 3220579]"
0,1255,meta-llama/Llama-3.1-8B-mini4L,2056,4,3000000000,9742616589,6742616589,6725553875,6732954992,3220532,"[3220439, 3220579, 3220579]"
0,1256,meta-llama/Llama-3.1-8B-mini4L,2056,4,3000000000,9750017706,6750017706,6732954992,6736175431,4614091,"[3220579, 3220579, 7401117]"
0,1257,meta-llama/Llama-3.1-8B-mini4L,2056,4,3000000000,9753238145,6753238145,6736175431,6739396010,4614045,"[3220579, 7401117, 3220439]"
0,1258,meta-llama/Llama-3.1-8B-mini4L,2056,4,3000000000,9756458724,6756458724,6739396010,6742616589,4614045,"[7401117, 3220439, 3220579]"
0,1259,meta-llama/Llama-3.1-8B-mini4L,2056,4,3000000000,9759679303,6759679303,6742616589,6750017706,3220532,"[3220439, 3220579, 3220579]"
0,1260,meta-llama/Llama-3.1-8B-mini4L,2056,4,3000000000,9759679303,6759679303,6742616589,6750017706,3220532,"[3220439, 3220579, 3220579]"
0,1261,meta-llama/Llama-3.1-8B-mini4L,2056,4,3000000000,9759679303,6759679303,6742616589,6750017706,3220532,"[3220439, 3220579, 3220579]"
0,1262,meta-llama/Llama-3.1-8B-mini4L,2056,4,3000000000,9759679303,6759679303,6742616589,6750017706,3220532,"[3220439, 3220579, 3220579]"
0,1263,meta-llama/Llama-3.1-8B-mini4L,2056,4,3000000000,9759679303,6759679303,6742616589,6750017706,3220532,"[3220439, 3220579, 3220579]"
0,1264,meta-llama/Llama-3.1-8B-mini4L,2056,4,3000000000,9767080420,6767080420,6750017706,6753238145,4614091,"[3220579, 3220579, 7401117]"
0,1265,meta-llama/Llama-3.1-8B-mini4L,2056,4,3000000000,9770300859,6770300859,6753238145,6756458724,4614045,"[3220579, 7401117, 3220439]"
0,1266,meta-llama/Llama-3.1-8B-mini4L,2056,4,3000000000,9773521438,6773521438,6756458724,6759679303,4614045,"[7401117, 3220439, 3220579]"
0,1267,meta-llama/Llama-3.1-8B-mini4L,2056,4,3000000000,9776742017,6776742017,6759679303,6767080420,3220532,"[3220439, 3220579, 3220579]"
0,1268,meta-llama/Llama-3.1-8B-mini4L,2056,4,3000000000,9776742017,6776742017,6759679303,6767080420,3220532,"[3220439, 3220579, 3220579]"
0,1269,meta-llama/Llama-3.1-8B-mini4L,2056,4,3000000000,9776742017,6776742017,6759679303,6767080420,3220532,"[3220439, 3220579, 3220579]"
0,1270,meta-llama/Llama-3.1-8B-mini4L,2056,4,3000000000,9776742017,6776742017,6759679303,6767080420,3220532,"[3220439, 3220579, 3220579]"
0,1271,meta-llama/Llama-3.1-8B-mini4L,2056,4,3000000000,9776742017,6776742017,6759679303,6767080420,3220532,"[3220439, 3220579, 3220579]"
0,1272,meta-llama/Llama-3.1-8B-mini4L,2056,4,3000000000,9784143134,6784143134,6767080420,6770300859,4614091,"[3220579, 3220579, 7401117]"
0,1273,meta-llama/Llama-3.1-8B-mini4L,2056,4,3000000000,9787363573,6787363573,6770300859,6773521438,4614045,"[3220579, 7401117, 3220439]"
0,1274,meta-llama/Llama-3.1-8B-mini4L,2056,4,3000000000,9790584152,6790584152,6773521438,6776742017,4614045,"[7401117, 3220439, 3220579]"
0,1275,meta-llama/Llama-3.1-8B-mini4L,2056,4,3000000000,9793804731,6793804731,6776742017,6784143134,3220532,"[3220439, 3220579, 3220579]"
0,1276,meta-llama/Llama-3.1-8B-mini4L,2056,4,3000000000,9793804731,6793804731,6776742017,6784143134,3220532,"[3220439, 3220579, 3220579]"
0,1277,meta-llama/Llama-3.1-8B-mini4L,2056,4,3000000000,9793804731,6793804731,6776742017,6784143134,3220532,"[3220439, 3220579, 3220579]"
0,1278,meta-llama/Llama-3.1-8B-mini4L,2056,4,3000000000,9793804731,6793804731,6776742017,6784143134,3220532,"[3220439, 3220579, 3220579]"
0,1279,meta-llama/Llama-3.1-8B-mini4L,2056,4,3000000000,9793804731,6793804731,6776742017,6784143134,3220532,"[3220439, 3220579, 3220579]"
0,1280,meta-llama/Llama-3.1-8B-mini4L,2056,4,3000000000,9801205848,6801205848,6784143134,6787363573,4614091,"[3220579, 3220579, 7401117]"
0,1281,meta-llama/Llama-3.1-8B-mini4L,2056,4,3000000000,9804426287,6804426287,6787363573,6790584152,4614045,"[3220579, 7401117, 3220439]"
0,1282,meta-llama/Llama-3.1-8B-mini4L,2056,4,3000000000,9807646866,6807646866,6790584152,6793804731,4614045,"[7401117, 3220439, 3220579]"
0,1283,meta-llama/Llama-3.1-8B-mini4L,2056,4,3000000000,9810867445,6810867445,6793804731,6801205848,3220532,"[3220439, 3220579, 3220579]"
0,1284,meta-llama/Llama-3.1-8B-mini4L,2056,4,3000000000,9810867445,6810867445,6793804731,6801205848,3220532,"[3220439, 3220579, 3220579]"
0,1285,meta-llama/Llama-3.1-8B-mini4L,2056,4,3000000000,9810867445,6810867445,6793804731,6801205848,3220532,"[3220439, 3220579, 3220579]"
0,1286,meta-llama/Llama-3.1-8B-mini4L,2056,4,3000000000,9810867445,6810867445,6793804731,6801205848,3220532,"[3220439, 3220579, 3220579]"
0,1287,meta-llama/Llama-3.1-8B-mini4L,2056,4,3000000000,9810867445,6810867445,6793804731,6801205848,3220532,"[3220439, 3220579, 3220579]"
0,1288,meta-llama/Llama-3.1-8B-mini4L,2056,4,3000000000,9818268562,6818268562,6801205848,6804426287,4614091,"[3220579, 3220579, 7401117]"
0,1289,meta-llama/Llama-3.1-8B-mini4L,2056,4,3000000000,9821489001,6821489001,6804426287,6807646866,4614045,"[3220579, 7401117, 3220439]"
0,1290,meta-llama/Llama-3.1-8B-mini4L,2056,4,3000000000,9824709580,6824709580,6807646866,6810867445,4614045,"[7401117, 3220439, 3220579]"
0,1291,meta-llama/Llama-3.1-8B-mini4L,2056,4,3000000000,9827930159,6827930159,6810867445,6818268562,3220532,"[3220439, 3220579, 3220579]"
0,1292,meta-llama/Llama-3.1-8B-mini4L,2056,4,3000000000,9827930159,6827930159,6810867445,6818268562,3220532,"[3220439, 3220579, 3220579]"
0,1293,meta-llama/Llama-3.1-8B-mini4L,2056,4,3000000000,9827930159,6827930159,6810867445,6818268562,3220532,"[3220439, 3220579, 3220579]"
0,1294,meta-llama/Llama-3.1-8B-mini4L,2056,4,3000000000,9827930159,6827930159,6810867445,6818268562,3220532,"[3220439, 3220579, 3220579]"
0,1295,meta-llama/Llama-3.1-8B-mini4L,2056,4,3000000000,9827930159,6827930159,6810867445,6818268562,3220532,"[3220439, 3220579, 3220579]"
0,1296,meta-llama/Llama-3.1-8B-mini4L,2056,4,3000000000,9835331276,6835331276,6818268562,6821489001,4614091,"[3220579, 3220579, 7401117]"
0,1297,meta-llama/Llama-3.1-8B-mini4L,2056,4,3000000000,9838551715,6838551715,6821489001,6824709580,4614045,"[3220579, 7401117, 3220439]"
0,1298,meta-llama/Llama-3.1-8B-mini4L,2056,4,3000000000,9841772294,6841772294,6824709580,6827930159,4614045,"[7401117, 3220439, 3220579]"
0,1299,meta-llama/Llama-3.1-8B-mini4L,2056,4,3000000000,9844992873,6844992873,6827930159,6835331276,3220532,"[3220439, 3220579, 3220579]"
0,1300,meta-llama/Llama-3.1-8B-mini4L,2056,4,3000000000,9844992873,6844992873,6827930159,6835331276,3220532,"[3220439, 3220579, 3220579]"
0,1301,meta-llama/Llama-3.1-8B-mini4L,2056,4,3000000000,9844992873,6844992873,6827930159,6835331276,3220532,"[3220439, 3220579, 3220579]"
0,1302,meta-llama/Llama-3.1-8B-mini4L,2056,4,3000000000,9844992873,6844992873,6827930159,6835331276,3220532,"[3220439, 3220579, 3220579]"
0,1303,meta-llama/Llama-3.1-8B-mini4L,2056,4,3000000000,9844992873,6844992873,6827930159,6835331276,3220532,"[3220439, 3220579, 3220579]"
0,1304,meta-llama/Llama-3.1-8B-mini4L,2056,4,3000000000,9852393990,6852393990,6835331276,6838551715,4614091,"[3220579, 3220579, 7401117]"
0,1305,meta-llama/Llama-3.1-8B-mini4L,2056,4,3000000000,9855614429,6855614429,6838551715,6841772294,4614045,"[3220579, 7401117, 3220439]"
0,1306,meta-llama/Llama-3.1-8B-mini4L,2056,4,3000000000,9858835008,6858835008,6841772294,6844992873,4614045,"[7401117, 3220439, 3220579]"
0,1307,meta-llama/Llama-3.1-8B-mini4L,2056,4,3000000000,9862055587,6862055587,6844992873,6852393990,3220532,"[3220439, 3220579, 3220579]"
0,1308,meta-llama/Llama-3.1-8B-mini4L,2056,4,3000000000,9862055587,6862055587,6844992873,6852393990,3220532,"[3220439, 3220579, 3220579]"
0,1309,meta-llama/Llama-3.1-8B-mini4L,2056,4,3000000000,9862055587,6862055587,6844992873,6852393990,3220532,"[3220439, 3220579, 3220579]"
0,1310,meta-llama/Llama-3.1-8B-mini4L,2056,4,3000000000,9862055587,6862055587,6844992873,6852393990,3220532,"[3220439, 3220579, 3220579]"
0,1311,meta-llama/Llama-3.1-8B-mini4L,2056,4,3000000000,9862055587,6862055587,6844992873,6852393990,3220532,"[3220439, 3220579, 3220579]"
0,1312,meta-llama/Llama-3.1-8B-mini4L,2056,4,3000000000,9869456704,6869456704,6852393990,6855614429,4614091,"[3220579, 3220579, 7401117]"
0,1313,meta-llama/Llama-3.1-8B-mini4L,2056,4,3000000000,9872677143,6872677143,6855614429,6858835008,4614045,"[3220579, 7401117, 3220439]"
0,1314,meta-llama/Llama-3.1-8B-mini4L,2056,4,3000000000,9875897722,6875897722,6858835008,6862055587,4614045,"[7401117, 3220439, 3220579]"
0,1315,meta-llama/Llama-3.1-8B-mini4L,2056,4,3000000000,9879118301,6879118301,6862055587,6869456704,3220532,"[3220439, 3220579, 3220579]"
0,1316,meta-llama/Llama-3.1-8B-mini4L,2056,4,3000000000,9879118301,6879118301,6862055587,6869456704,3220532,"[3220439, 3220579, 3220579]"
0,1317,meta-llama/Llama-3.1-8B-mini4L,2056,4,3000000000,9879118301,6879118301,6862055587,6869456704,3220532,"[3220439, 3220579, 3220579]"
0,1318,meta-llama/Llama-3.1-8B-mini4L,2056,4,3000000000,9879118301,6879118301,6862055587,6869456704,3220532,"[3220439, 3220579, 3220579]"
0,1319,meta-llama/Llama-3.1-8B-mini4L,2056,4,3000000000,9879118301,6879118301,6862055587,6869456704,3220532,"[3220439, 3220579, 3220579]"
0,1320,meta-llama/Llama-3.1-8B-mini4L,2056,4,3000000000,9886519418,6886519418,6869456704,6872677143,4614091,"[3220579, 3220579, 7401117]"
0,1321,meta-llama/Llama-3.1-8B-mini4L,2056,4,3000000000,9889739857,6889739857,6872677143,6875897722,4614045,"[3220579, 7401117, 3220439]"
0,1322,meta-llama/Llama-3.1-8B-mini4L,2056,4,3000000000,9892960436,6892960436,6875897722,6879118301,4614045,"[7401117, 3220439, 3220579]"
0,1323,meta-llama/Llama-3.1-8B-mini4L,2056,4,3000000000,9896181015,6896181015,6879118301,6886519418,3220532,"[3220439, 3220579, 3220579]"
0,1324,meta-llama/Llama-3.1-8B-mini4L,2056,4,3000000000,9896181015,6896181015,6879118301,6886519418,3220532,"[3220439, 3220579, 3220579]"
0,1325,meta-llama/Llama-3.1-8B-mini4L,2056,4,3000000000,9896181015,6896181015,6879118301,6886519418,3220532,"[3220439, 3220579, 3220579]"
0,1326,meta-llama/Llama-3.1-8B-mini4L,2056,4,3000000000,9896181015,6896181015,6879118301,6886519418,3220532,"[3220439, 3220579, 3220579]"
0,1327,meta-llama/Llama-3.1-8B-mini4L,2056,4,3000000000,9896181015,6896181015,6879118301,6886519418,3220532,"[3220439, 3220579, 3220579]"
0,1328,meta-llama/Llama-3.1-8B-mini4L,2056,4,3000000000,9903582132,6903582132,6886519418,6889739857,4614091,"[3220579, 3220579, 7401117]"
0,1329,meta-llama/Llama-3.1-8B-mini4L,2056,4,3000000000,9906802571,6906802571,6889739857,6892960436,4614045,"[3220579, 7401117, 3220439]"
0,1330,meta-llama/Llama-3.1-8B-mini4L,2056,4,3000000000,9910023150,6910023150,6892960436,6896181015,4614045,"[7401117, 3220439, 3220579]"
0,1331,meta-llama/Llama-3.1-8B-mini4L,2056,4,3000000000,9913243729,6913243729,6896181015,6903582132,3220532,"[3220439, 3220579, 3220579]"
0,1332,meta-llama/Llama-3.1-8B-mini4L,2056,4,3000000000,9913243729,6913243729,6896181015,6903582132,3220532,"[3220439, 3220579, 3220579]"
0,1333,meta-llama/Llama-3.1-8B-mini4L,2056,4,3000000000,9913243729,6913243729,6896181015,6903582132,3220532,"[3220439, 3220579, 3220579]"
0,1334,meta-llama/Llama-3.1-8B-mini4L,2056,4,3000000000,9913243729,6913243729,6896181015,6903582132,3220532,"[3220439, 3220579, 3220579]"
0,1335,meta-llama/Llama-3.1-8B-mini4L,2056,4,3000000000,9913243729,6913243729,6896181015,6903582132,3220532,"[3220439, 3220579, 3220579]"
0,1336,meta-llama/Llama-3.1-8B-mini4L,2056,4,3000000000,9920644846,6920644846,6903582132,6906802571,4614091,"[3220579, 3220579, 7401117]"
0,1337,meta-llama/Llama-3.1-8B-mini4L,2056,4,3000000000,9923865285,6923865285,6906802571,6910023150,4614045,"[3220579, 7401117, 3220439]"
0,1338,meta-llama/Llama-3.1-8B-mini4L,2056,4,3000000000,9927085864,6927085864,6910023150,6913243729,4614045,"[7401117, 3220439, 3220579]"
0,1339,meta-llama/Llama-3.1-8B-mini4L,2056,4,3000000000,9930306443,6930306443,6913243729,6920644846,3220532,"[3220439, 3220579, 3220579]"
0,1340,meta-llama/Llama-3.1-8B-mini4L,2056,4,3000000000,9930306443,6930306443,6913243729,6920644846,3220532,"[3220439, 3220579, 3220579]"
0,1341,meta-llama/Llama-3.1-8B-mini4L,2056,4,3000000000,9930306443,6930306443,6913243729,6920644846,3220532,"[3220439, 3220579, 3220579]"
0,1342,meta-llama/Llama-3.1-8B-mini4L,2056,4,3000000000,9930306443,6930306443,6913243729,6920644846,3220532,"[3220439, 3220579, 3220579]"
0,1343,meta-llama/Llama-3.1-8B-mini4L,2056,4,3000000000,9930306443,6930306443,6913243729,6920644846,3220532,"[3220439, 3220579, 3220579]"
0,1344,meta-llama/Llama-3.1-8B-mini4L,2056,4,3000000000,9937707560,6937707560,6920644846,6923865285,4614091,"[3220579, 3220579, 7401117]"
0,1345,meta-llama/Llama-3.1-8B-mini4L,2056,4,3000000000,9940927999,6940927999,6923865285,6927085864,4614045,"[3220579, 7401117, 3220439]"
0,1346,meta-llama/Llama-3.1-8B-mini4L,2056,4,3000000000,9944148578,6944148578,6927085864,6930306443,4614045,"[7401117, 3220439, 3220579]"
0,1347,meta-llama/Llama-3.1-8B-mini4L,2056,4,3000000000,9947369157,6947369157,6930306443,6937707560,3220532,"[3220439, 3220579, 3220579]"
0,1348,meta-llama/Llama-3.1-8B-mini4L,2056,4,3000000000,9947369157,6947369157,6930306443,6937707560,3220532,"[3220439, 3220579, 3220579]"
0,1349,meta-llama/Llama-3.1-8B-mini4L,2056,4,3000000000,9947369157,6947369157,6930306443,6937707560,3220532,"[3220439, 3220579, 3220579]"
0,1350,meta-llama/Llama-3.1-8B-mini4L,2056,4,3000000000,9947369157,6947369157,6930306443,6937707560,3220532,"[3220439, 3220579, 3220579]"
0,1351,meta-llama/Llama-3.1-8B-mini4L,2056,4,3000000000,9947369157,6947369157,6930306443,6937707560,3220532,"[3220439, 3220579, 3220579]"
0,1352,meta-llama/Llama-3.1-8B-mini4L,2056,4,3000000000,9954770274,6954770274,6937707560,6940927999,4614091,"[3220579, 3220579, 7401117]"
0,1353,meta-llama/Llama-3.1-8B-mini4L,2056,4,3000000000,9957990713,6957990713,6940927999,6944148578,4614045,"[3220579, 7401117, 3220439]"
0,1354,meta-llama/Llama-3.1-8B-mini4L,2056,4,3000000000,9961211292,6961211292,6944148578,6947369157,4614045,"[7401117, 3220439, 3220579]"
0,1355,meta-llama/Llama-3.1-8B-mini4L,2056,4,3000000000,9964431871,6964431871,6947369157,6954770274,3220532,"[3220439, 3220579, 3220579]"
0,1356,meta-llama/Llama-3.1-8B-mini4L,2056,4,3000000000,9964431871,6964431871,6947369157,6954770274,3220532,"[3220439, 3220579, 3220579]"
0,1357,meta-llama/Llama-3.1-8B-mini4L,2056,4,3000000000,9964431871,6964431871,6947369157,6954770274,3220532,"[3220439, 3220579, 3220579]"
0,1358,meta-llama/Llama-3.1-8B-mini4L,2056,4,3000000000,9964431871,6964431871,6947369157,6954770274,3220532,"[3220439, 3220579, 3220579]"
0,1359,meta-llama/Llama-3.1-8B-mini4L,2056,4,3000000000,9964431871,6964431871,6947369157,6954770274,3220532,"[3220439, 3220579, 3220579]"
0,1360,meta-llama/Llama-3.1-8B-mini4L,2056,4,3000000000,9971832988,6971832988,6954770274,6957990713,4614091,"[3220579, 3220579, 7401117]"
0,1361,meta-llama/Llama-3.1-8B-mini4L,2056,4,3000000000,9975053427,6975053427,6957990713,6961211292,4614045,"[3220579, 7401117, 3220439]"
0,1362,meta-llama/Llama-3.1-8B-mini4L,2056,4,3000000000,9978274006,6978274006,6961211292,6964431871,4614045,"[7401117, 3220439, 3220579]"
0,1363,meta-llama/Llama-3.1-8B-mini4L,2056,4,3000000000,9981494585,6981494585,6964431871,6971832988,3220532,"[3220439, 3220579, 3220579]"
0,1364,meta-llama/Llama-3.1-8B-mini4L,2056,4,3000000000,9981494585,6981494585,6964431871,6971832988,3220532,"[3220439, 3220579, 3220579]"
0,1365,meta-llama/Llama-3.1-8B-mini4L,2056,4,3000000000,9981494585,6981494585,6964431871,6971832988,3220532,"[3220439, 3220579, 3220579]"
0,1366,meta-llama/Llama-3.1-8B-mini4L,2056,4,3000000000,9981494585,6981494585,6964431871,6971832988,3220532,"[3220439, 3220579, 3220579]"
0,1367,meta-llama/Llama-3.1-8B-mini4L,2056,4,3000000000,9981494585,6981494585,6964431871,6971832988,3220532,"[3220439, 3220579, 3220579]"
0,1368,meta-llama/Llama-3.1-8B-mini4L,2056,4,3000000000,9988895702,6988895702,6971832988,6975053427,4614091,"[3220579, 3220579, 7401117]"
0,1369,meta-llama/Llama-3.1-8B-mini4L,2056,4,3000000000,9992116141,6992116141,6975053427,6978274006,4614045,"[3220579, 7401117, 3220439]"
0,1370,meta-llama/Llama-3.1-8B-mini4L,2056,4,3000000000,9995336720,6995336720,6978274006,6981494585,4614045,"[7401117, 3220439, 3220579]"
0,1371,meta-llama/Llama-3.1-8B-mini4L,2056,4,3000000000,9998557299,6998557299,6981494585,6988895702,3220532,"[3220439, 3220579, 3220579]"
0,1372,meta-llama/Llama-3.1-8B-mini4L,2056,4,3000000000,9998557299,6998557299,6981494585,6988895702,3220532,"[3220439, 3220579, 3220579]"
0,1373,meta-llama/Llama-3.1-8B-mini4L,2056,4,3000000000,9998557299,6998557299,6981494585,6988895702,3220532,"[3220439, 3220579, 3220579]"
0,1374,meta-llama/Llama-3.1-8B-mini4L,2056,4,3000000000,9998557299,6998557299,6981494585,6988895702,3220532,"[3220439, 3220579, 3220579]"
0,1375,meta-llama/Llama-3.1-8B-mini4L,2056,4,3000000000,9998557299,6998557299,6981494585,6988895702,3220532,"[3220439, 3220579, 3220579]"
0,1376,meta-llama/Llama-3.1-8B-mini4L,2056,4,3000000000,10005958416,7005958416,6988895702,6992116141,4614091,"[3220579, 3220579, 7401117]"
0,1377,meta-llama/Llama-3.1-8B-mini4L,2056,4,3000000000,10009178855,7009178855,6992116141,6995336720,4614045,"[3220579, 7401117, 3220439]"
0,1378,meta-llama/Llama-3.1-8B-mini4L,2056,4,3000000000,10012399434,7012399434,6995336720,6998557299,4614045,"[7401117, 3220439, 3220579]"
0,1379,meta-llama/Llama-3.1-8B-mini4L,2056,4,3000000000,10015620013,7015620013,6998557299,7005958416,3220532,"[3220439, 3220579, 3220579]"
0,1380,meta-llama/Llama-3.1-8B-mini4L,2056,4,3000000000,10015620013,7015620013,6998557299,7005958416,3220532,"[3220439, 3220579, 3220579]"
0,1381,meta-llama/Llama-3.1-8B-mini4L,2056,4,3000000000,10015620013,7015620013,6998557299,7005958416,3220532,"[3220439, 3220579, 3220579]"
0,1382,meta-llama/Llama-3.1-8B-mini4L,2056,4,3000000000,10015620013,7015620013,6998557299,7005958416,3220532,"[3220439, 3220579, 3220579]"
0,1383,meta-llama/Llama-3.1-8B-mini4L,2056,4,3000000000,10015620013,7015620013,6998557299,7005958416,3220532,"[3220439, 3220579, 3220579]"
0,1384,meta-llama/Llama-3.1-8B-mini4L,2056,4,3000000000,10023021130,7023021130,7005958416,7009178855,4614091,"[3220579, 3220579, 7401117]"
0,1385,meta-llama/Llama-3.1-8B-mini4L,2056,4,3000000000,10026241569,7026241569,7009178855,7012399434,4614045,"[3220579, 7401117, 3220439]"
0,1386,meta-llama/Llama-3.1-8B-mini4L,2056,4,3000000000,10029462148,7029462148,7012399434,7015620013,4614045,"[7401117, 3220439, 3220579]"
0,1387,meta-llama/Llama-3.1-8B-mini4L,2056,4,3000000000,10032682727,7032682727,7015620013,7023021130,3220532,"[3220439, 3220579, 3220579]"
0,1388,meta-llama/Llama-3.1-8B-mini4L,2056,4,3000000000,10032682727,7032682727,7015620013,7023021130,3220532,"[3220439, 3220579, 3220579]"
0,1389,meta-llama/Llama-3.1-8B-mini4L,2056,4,3000000000,10032682727,7032682727,7015620013,7023021130,3220532,"[3220439, 3220579, 3220579]"
0,1390,meta-llama/Llama-3.1-8B-mini4L,2056,4,3000000000,10032682727,7032682727,7015620013,7023021130,3220532,"[3220439, 3220579, 3220579]"
0,1391,meta-llama/Llama-3.1-8B-mini4L,2056,4,3000000000,10032682727,7032682727,7015620013,7023021130,3220532,"[3220439, 3220579, 3220579]"
0,1392,meta-llama/Llama-3.1-8B-mini4L,2056,4,3000000000,10040083844,7040083844,7023021130,7026241569,4614091,"[3220579, 3220579, 7401117]"
0,1393,meta-llama/Llama-3.1-8B-mini4L,2056,4,3000000000,10042281082,7042281082,7026241569,7029462148,4272978,"[3220579, 7401117, 2197238]"
0,1394,meta-llama/Llama-3.1-8B-mini4L,2056,4,3000000000,10044455216,7044455216,7029462148,7032682727,3924163,"[7401117, 2197238, 2174134]"
0,1395,meta-llama/Llama-3.1-8B-mini4L,2056,4,3000000000,10046601266,7046601266,7032682727,7040083844,2172474,"[2197238, 2174134, 2146050]"
0,1396,meta-llama/Llama-3.1-8B-mini4L,2056,4,3000000000,10046601266,7046601266,7032682727,7040083844,2172474,"[2197238, 2174134, 2146050]"
0,1397,meta-llama/Llama-3.1-8B-mini4L,2056,4,3000000000,10046601266,7046601266,7032682727,7040083844,2172474,"[2197238, 2174134, 2146050]"
0,1398,meta-llama/Llama-3.1-8B-mini4L,2056,4,3000000000,10046601266,7046601266,7032682727,7040083844,2172474,"[2197238, 2174134, 2146050]"
0,1399,meta-llama/Llama-3.1-8B-mini4L,2056,4,3000000000,10046601266,7046601266,7032682727,7040083844,2172474,"[2197238, 2174134, 2146050]"
