instance id,request id,model,input,output,arrival,end_time,latency,queuing_delay,TTFT,TPOT,ITL
0,0,meta-llama/Llama-3.1-8B,512,4,0,265125899,265125899,1,83446470,60559809,"[121233056, 48869519, 11576854]"
0,144,meta-llama/Llama-3.1-8B,512,4,0,265125899,265125899,1,83446470,60559809,"[121233056, 48869519, 11576854]"
0,288,meta-llama/Llama-3.1-8B,512,4,0,265125899,265125899,1,83446470,60559809,"[121233056, 48869519, 11576854]"
0,432,meta-llama/Llama-3.1-8B,512,4,0,265125899,265125899,1,83446470,60559809,"[121233056, 48869519, 11576854]"
0,576,meta-llama/Llama-3.1-8B,512,4,0,349052347,349052347,83446470,204679526,48124273,"[48869519, 11576854, 83926448]"
0,720,meta-llama/Llama-3.1-8B,512,4,0,349052347,349052347,83446470,204679526,48124273,"[48869519, 11576854, 83926448]"
0,864,meta-llama/Llama-3.1-8B,512,4,0,349052347,349052347,83446470,204679526,48124273,"[48869519, 11576854, 83926448]"
0,1008,meta-llama/Llama-3.1-8B,512,4,0,454858177,454858177,204679526,253549045,67103044,"[11576854, 83926448, 105805830]"
0,1152,meta-llama/Llama-3.1-8B,512,4,0,529408938,529408938,265125899,349052347,60118863,"[105805830, 53583812, 20966949]"
0,1296,meta-llama/Llama-3.1-8B,512,4,0,529408938,529408938,265125899,349052347,60118863,"[105805830, 53583812, 20966949]"
0,1440,meta-llama/Llama-3.1-8B,512,4,0,529408938,529408938,265125899,349052347,60118863,"[105805830, 53583812, 20966949]"
0,1584,meta-llama/Llama-3.1-8B,512,4,0,596703119,596703119,349052347,454858177,47281647,"[53583812, 20966949, 67294181]"
0,1728,meta-llama/Llama-3.1-8B,512,4,0,596703119,596703119,349052347,454858177,47281647,"[53583812, 20966949, 67294181]"
0,1872,meta-llama/Llama-3.1-8B,512,4,0,596703119,596703119,349052347,454858177,47281647,"[53583812, 20966949, 67294181]"
0,2016,meta-llama/Llama-3.1-8B,512,4,0,596703119,596703119,349052347,454858177,47281647,"[53583812, 20966949, 67294181]"
0,2160,meta-llama/Llama-3.1-8B,512,4,0,626675614,626675614,454858177,508441989,39411208,"[20966949, 67294181, 29972495]"
0,2304,meta-llama/Llama-3.1-8B,512,4,0,650012135,650012135,529408938,596703119,17769672,"[29972495, 12058558, 11277963]"
0,2448,meta-llama/Llama-3.1-8B,512,4,0,650012135,650012135,529408938,596703119,17769672,"[29972495, 12058558, 11277963]"
0,2592,meta-llama/Llama-3.1-8B,512,4,0,650012135,650012135,529408938,596703119,17769672,"[29972495, 12058558, 11277963]"
0,2736,meta-llama/Llama-3.1-8B,512,4,0,661298354,661298354,596703119,626675614,11540913,"[12058558, 11277963, 11286219]"
0,2880,meta-llama/Llama-3.1-8B,520,4,3000000000,3056365408,56365408,37406,21820486,11514974,"[11513918, 11514974, 11516030]"
0,3024,meta-llama/Llama-3.1-8B,520,4,3000000000,3056365408,56365408,37406,21820486,11514974,"[11513918, 11514974, 11516030]"
0,3168,meta-llama/Llama-3.1-8B,520,4,3000000000,3056365408,56365408,37406,21820486,11514974,"[11513918, 11514974, 11516030]"
0,3312,meta-llama/Llama-3.1-8B,520,4,3000000000,3056365408,56365408,37406,21820486,11514974,"[11513918, 11514974, 11516030]"
0,3456,meta-llama/Llama-3.1-8B,520,4,3000000000,3056365408,56365408,37406,21820486,11514974,"[11513918, 11514974, 11516030]"
0,3600,meta-llama/Llama-3.1-8B,520,4,3000000000,3056365408,56365408,37406,21820486,11514974,"[11513918, 11514974, 11516030]"
0,3744,meta-llama/Llama-3.1-8B,520,4,3000000000,3056365408,56365408,37406,21820486,11514974,"[11513918, 11514974, 11516030]"
0,3888,meta-llama/Llama-3.1-8B,520,4,3000000000,3056365408,56365408,37406,21820486,11514974,"[11513918, 11514974, 11516030]"
0,4032,meta-llama/Llama-3.1-8B,520,4,3000000000,3557604784,557604784,56365408,523059862,11514974,"[11513918, 11514974, 11516030]"
0,4176,meta-llama/Llama-3.1-8B,520,4,3000000000,3557604784,557604784,56365408,523059862,11514974,"[11513918, 11514974, 11516030]"
0,4320,meta-llama/Llama-3.1-8B,520,4,3000000000,3557604784,557604784,56365408,523059862,11514974,"[11513918, 11514974, 11516030]"
0,4464,meta-llama/Llama-3.1-8B,520,4,3000000000,3557604784,557604784,56365408,523059862,11514974,"[11513918, 11514974, 11516030]"
0,4608,meta-llama/Llama-3.1-8B,520,4,3000000000,3557604784,557604784,56365408,523059862,11514974,"[11513918, 11514974, 11516030]"
0,4752,meta-llama/Llama-3.1-8B,520,4,3000000000,3557604784,557604784,56365408,523059862,11514974,"[11513918, 11514974, 11516030]"
0,4896,meta-llama/Llama-3.1-8B,520,4,3000000000,3557604784,557604784,56365408,523059862,11514974,"[11513918, 11514974, 11516030]"
0,5040,meta-llama/Llama-3.1-8B,520,4,3000000000,3557604784,557604784,56365408,523059862,11514974,"[11513918, 11514974, 11516030]"
0,5184,meta-llama/Llama-3.1-8B,520,4,3000000000,4056255412,1056255412,557604784,1022412673,11280913,"[11280401, 11280913, 11281425]"
0,5328,meta-llama/Llama-3.1-8B,520,4,3000000000,4056255412,1056255412,557604784,1022412673,11280913,"[11280401, 11280913, 11281425]"
0,5472,meta-llama/Llama-3.1-8B,520,4,3000000000,4056255412,1056255412,557604784,1022412673,11280913,"[11280401, 11280913, 11281425]"
0,5616,meta-llama/Llama-3.1-8B,520,4,3000000000,4056255412,1056255412,557604784,1022412673,11280913,"[11280401, 11280913, 11281425]"
1,1,meta-llama/Llama-3.1-8B,512,4,0,265199544,265199544,1,83971926,60409206,"[121233056, 48347004, 11647558]"
1,145,meta-llama/Llama-3.1-8B,512,4,0,265199544,265199544,1,83971926,60409206,"[121233056, 48347004, 11647558]"
1,289,meta-llama/Llama-3.1-8B,512,4,0,265199544,265199544,1,83971926,60409206,"[121233056, 48347004, 11647558]"
1,433,meta-llama/Llama-3.1-8B,512,4,0,265199544,265199544,1,83971926,60409206,"[121233056, 48347004, 11647558]"
1,577,meta-llama/Llama-3.1-8B,512,4,0,349577803,349577803,83971926,205204982,48124273,"[48347004, 11647558, 84378259]"
1,721,meta-llama/Llama-3.1-8B,512,4,0,349577803,349577803,83971926,205204982,48124273,"[48347004, 11647558, 84378259]"
1,865,meta-llama/Llama-3.1-8B,512,4,0,349577803,349577803,83971926,205204982,48124273,"[48347004, 11647558, 84378259]"
1,1009,meta-llama/Llama-3.1-8B,512,4,0,455254351,455254351,205204982,253551986,67234121,"[11647558, 84378259, 105676548]"
1,1153,meta-llama/Llama-3.1-8B,512,4,0,529411110,529411110,265199544,349577803,59944435,"[105676548, 53320887, 20835872]"
1,1297,meta-llama/Llama-3.1-8B,512,4,0,529411110,529411110,265199544,349577803,59944435,"[105676548, 53320887, 20835872]"
1,1441,meta-llama/Llama-3.1-8B,512,4,0,529411110,529411110,265199544,349577803,59944435,"[105676548, 53320887, 20835872]"
1,1585,meta-llama/Llama-3.1-8B,512,4,0,597098523,597098523,349577803,455254351,47281390,"[53320887, 20835872, 67687413]"
1,1729,meta-llama/Llama-3.1-8B,512,4,0,597098523,597098523,349577803,455254351,47281390,"[53320887, 20835872, 67687413]"
1,1873,meta-llama/Llama-3.1-8B,512,4,0,597098523,597098523,349577803,455254351,47281390,"[53320887, 20835872, 67687413]"
1,2017,meta-llama/Llama-3.1-8B,512,4,0,597098523,597098523,349577803,455254351,47281390,"[53320887, 20835872, 67687413]"
1,2161,meta-llama/Llama-3.1-8B,512,4,0,626864168,626864168,455254351,508575238,39429643,"[20835872, 67687413, 29765645]"
1,2305,meta-llama/Llama-3.1-8B,512,4,0,650013281,650013281,529411110,597098523,17638252,"[29765645, 11871150, 11277963]"
1,2449,meta-llama/Llama-3.1-8B,512,4,0,650013281,650013281,529411110,597098523,17638252,"[29765645, 11871150, 11277963]"
1,2593,meta-llama/Llama-3.1-8B,512,4,0,650013281,650013281,529411110,597098523,17638252,"[29765645, 11871150, 11277963]"
1,2737,meta-llama/Llama-3.1-8B,512,4,0,661298730,661298730,597098523,626864168,11478187,"[11871150, 11277963, 11285449]"
1,2881,meta-llama/Llama-3.1-8B,520,4,3000000000,3063327066,63327066,37406,28782144,11514974,"[11513918, 11514974, 11516030]"
1,3025,meta-llama/Llama-3.1-8B,520,4,3000000000,3063327066,63327066,37406,28782144,11514974,"[11513918, 11514974, 11516030]"
1,3169,meta-llama/Llama-3.1-8B,520,4,3000000000,3063327066,63327066,37406,28782144,11514974,"[11513918, 11514974, 11516030]"
1,3313,meta-llama/Llama-3.1-8B,520,4,3000000000,3063327066,63327066,37406,28782144,11514974,"[11513918, 11514974, 11516030]"
1,3457,meta-llama/Llama-3.1-8B,520,4,3000000000,3063327066,63327066,37406,28782144,11514974,"[11513918, 11514974, 11516030]"
1,3601,meta-llama/Llama-3.1-8B,520,4,3000000000,3063327066,63327066,37406,28782144,11514974,"[11513918, 11514974, 11516030]"
1,3745,meta-llama/Llama-3.1-8B,520,4,3000000000,3063327066,63327066,37406,28782144,11514974,"[11513918, 11514974, 11516030]"
1,3889,meta-llama/Llama-3.1-8B,520,4,3000000000,3063327066,63327066,37406,28782144,11514974,"[11513918, 11514974, 11516030]"
1,4033,meta-llama/Llama-3.1-8B,520,4,3000000000,3564566442,564566442,63327066,530021520,11514974,"[11513918, 11514974, 11516030]"
1,4177,meta-llama/Llama-3.1-8B,520,4,3000000000,3564566442,564566442,63327066,530021520,11514974,"[11513918, 11514974, 11516030]"
1,4321,meta-llama/Llama-3.1-8B,520,4,3000000000,3564566442,564566442,63327066,530021520,11514974,"[11513918, 11514974, 11516030]"
1,4465,meta-llama/Llama-3.1-8B,520,4,3000000000,3564566442,564566442,63327066,530021520,11514974,"[11513918, 11514974, 11516030]"
1,4609,meta-llama/Llama-3.1-8B,520,4,3000000000,3564566442,564566442,63327066,530021520,11514974,"[11513918, 11514974, 11516030]"
1,4753,meta-llama/Llama-3.1-8B,520,4,3000000000,3564566442,564566442,63327066,530021520,11514974,"[11513918, 11514974, 11516030]"
1,4897,meta-llama/Llama-3.1-8B,520,4,3000000000,3564566442,564566442,63327066,530021520,11514974,"[11513918, 11514974, 11516030]"
1,5041,meta-llama/Llama-3.1-8B,520,4,3000000000,3564566442,564566442,63327066,530021520,11514974,"[11513918, 11514974, 11516030]"
1,5185,meta-llama/Llama-3.1-8B,520,4,3000000000,4063217070,1063217070,564566442,1029374331,11280913,"[11280401, 11280913, 11281425]"
1,5329,meta-llama/Llama-3.1-8B,520,4,3000000000,4063217070,1063217070,564566442,1029374331,11280913,"[11280401, 11280913, 11281425]"
1,5473,meta-llama/Llama-3.1-8B,520,4,3000000000,4063217070,1063217070,564566442,1029374331,11280913,"[11280401, 11280913, 11281425]"
1,5617,meta-llama/Llama-3.1-8B,520,4,3000000000,4063217070,1063217070,564566442,1029374331,11280913,"[11280401, 11280913, 11281425]"
2,2,meta-llama/Llama-3.1-8B,512,4,0,265264366,265264366,1,84497382,60255661,"[121233056, 47824489, 11709439]"
2,146,meta-llama/Llama-3.1-8B,512,4,0,265264366,265264366,1,84497382,60255661,"[121233056, 47824489, 11709439]"
2,290,meta-llama/Llama-3.1-8B,512,4,0,265264366,265264366,1,84497382,60255661,"[121233056, 47824489, 11709439]"
2,434,meta-llama/Llama-3.1-8B,512,4,0,265264366,265264366,1,84497382,60255661,"[121233056, 47824489, 11709439]"
2,578,meta-llama/Llama-3.1-8B,512,4,0,350103259,350103259,84497382,205730438,48124273,"[47824489, 11709439, 84838893]"
2,722,meta-llama/Llama-3.1-8B,512,4,0,350103259,350103259,84497382,205730438,48124273,"[47824489, 11709439, 84838893]"
2,866,meta-llama/Llama-3.1-8B,512,4,0,350103259,350103259,84497382,205730438,48124273,"[47824489, 11709439, 84838893]"
2,1010,meta-llama/Llama-3.1-8B,512,4,0,455650525,455650525,205730438,253554927,67365199,"[11709439, 84838893, 105547266]"
2,1154,meta-llama/Llama-3.1-8B,512,4,0,529413282,529413282,265264366,350103259,59770007,"[105547266, 53057962, 20704795]"
2,1298,meta-llama/Llama-3.1-8B,512,4,0,529413282,529413282,265264366,350103259,59770007,"[105547266, 53057962, 20704795]"
2,1442,meta-llama/Llama-3.1-8B,512,4,0,529413282,529413282,265264366,350103259,59770007,"[105547266, 53057962, 20704795]"
2,1586,meta-llama/Llama-3.1-8B,512,4,0,597493927,597493927,350103259,455650525,47281134,"[53057962, 20704795, 68080645]"
2,1730,meta-llama/Llama-3.1-8B,512,4,0,597493927,597493927,350103259,455650525,47281134,"[53057962, 20704795, 68080645]"
2,1874,meta-llama/Llama-3.1-8B,512,4,0,597493927,597493927,350103259,455650525,47281134,"[53057962, 20704795, 68080645]"
2,2018,meta-llama/Llama-3.1-8B,512,4,0,597493927,597493927,350103259,455650525,47281134,"[53057962, 20704795, 68080645]"
2,2162,meta-llama/Llama-3.1-8B,512,4,0,627052722,627052722,455650525,508708487,39448078,"[20704795, 68080645, 29558795]"
2,2306,meta-llama/Llama-3.1-8B,512,4,0,650423835,650423835,529413282,597493927,17643302,"[29558795, 11857768, 11513345]"
2,2450,meta-llama/Llama-3.1-8B,512,4,0,650423835,650423835,529413282,597493927,17643302,"[29558795, 11857768, 11513345]"
2,2594,meta-llama/Llama-3.1-8B,512,4,0,650423835,650423835,529413282,597493927,17643302,"[29558795, 11857768, 11513345]"
2,2738,meta-llama/Llama-3.1-8B,512,4,0,662772546,662772546,597493927,627052722,11906608,"[11857768, 11513345, 12348711]"
2,2882,meta-llama/Llama-3.1-8B,520,4,3000000000,3070288724,70288724,37406,35743802,11514974,"[11513918, 11514974, 11516030]"
2,3026,meta-llama/Llama-3.1-8B,520,4,3000000000,3070288724,70288724,37406,35743802,11514974,"[11513918, 11514974, 11516030]"
2,3170,meta-llama/Llama-3.1-8B,520,4,3000000000,3070288724,70288724,37406,35743802,11514974,"[11513918, 11514974, 11516030]"
2,3314,meta-llama/Llama-3.1-8B,520,4,3000000000,3070288724,70288724,37406,35743802,11514974,"[11513918, 11514974, 11516030]"
2,3458,meta-llama/Llama-3.1-8B,520,4,3000000000,3070288724,70288724,37406,35743802,11514974,"[11513918, 11514974, 11516030]"
2,3602,meta-llama/Llama-3.1-8B,520,4,3000000000,3070288724,70288724,37406,35743802,11514974,"[11513918, 11514974, 11516030]"
2,3746,meta-llama/Llama-3.1-8B,520,4,3000000000,3070288724,70288724,37406,35743802,11514974,"[11513918, 11514974, 11516030]"
2,3890,meta-llama/Llama-3.1-8B,520,4,3000000000,3070288724,70288724,37406,35743802,11514974,"[11513918, 11514974, 11516030]"
2,4034,meta-llama/Llama-3.1-8B,520,4,3000000000,3571528100,571528100,70288724,536983178,11514974,"[11513918, 11514974, 11516030]"
2,4178,meta-llama/Llama-3.1-8B,520,4,3000000000,3571528100,571528100,70288724,536983178,11514974,"[11513918, 11514974, 11516030]"
2,4322,meta-llama/Llama-3.1-8B,520,4,3000000000,3571528100,571528100,70288724,536983178,11514974,"[11513918, 11514974, 11516030]"
2,4466,meta-llama/Llama-3.1-8B,520,4,3000000000,3571528100,571528100,70288724,536983178,11514974,"[11513918, 11514974, 11516030]"
2,4610,meta-llama/Llama-3.1-8B,520,4,3000000000,3571528100,571528100,70288724,536983178,11514974,"[11513918, 11514974, 11516030]"
2,4754,meta-llama/Llama-3.1-8B,520,4,3000000000,3571528100,571528100,70288724,536983178,11514974,"[11513918, 11514974, 11516030]"
2,4898,meta-llama/Llama-3.1-8B,520,4,3000000000,3571528100,571528100,70288724,536983178,11514974,"[11513918, 11514974, 11516030]"
2,5042,meta-llama/Llama-3.1-8B,520,4,3000000000,3571528100,571528100,70288724,536983178,11514974,"[11513918, 11514974, 11516030]"
2,5186,meta-llama/Llama-3.1-8B,520,4,3000000000,4070178728,1070178728,571528100,1036335989,11280913,"[11280401, 11280913, 11281425]"
2,5330,meta-llama/Llama-3.1-8B,520,4,3000000000,4070178728,1070178728,571528100,1036335989,11280913,"[11280401, 11280913, 11281425]"
2,5474,meta-llama/Llama-3.1-8B,520,4,3000000000,4070178728,1070178728,571528100,1036335989,11280913,"[11280401, 11280913, 11281425]"
2,5618,meta-llama/Llama-3.1-8B,520,4,3000000000,4070178728,1070178728,571528100,1036335989,11280913,"[11280401, 11280913, 11281425]"
3,3,meta-llama/Llama-3.1-8B,512,4,0,265266538,265266538,1,85022838,60081233,"[121233056, 47301974, 11708670]"
3,147,meta-llama/Llama-3.1-8B,512,4,0,265266538,265266538,1,85022838,60081233,"[121233056, 47301974, 11708670]"
3,291,meta-llama/Llama-3.1-8B,512,4,0,265266538,265266538,1,85022838,60081233,"[121233056, 47301974, 11708670]"
3,435,meta-llama/Llama-3.1-8B,512,4,0,265266538,265266538,1,85022838,60081233,"[121233056, 47301974, 11708670]"
3,579,meta-llama/Llama-3.1-8B,512,4,0,350628715,350628715,85022838,206255894,48124273,"[47301974, 11708670, 85362177]"
3,723,meta-llama/Llama-3.1-8B,512,4,0,350628715,350628715,85022838,206255894,48124273,"[47301974, 11708670, 85362177]"
3,867,meta-llama/Llama-3.1-8B,512,4,0,350628715,350628715,85022838,206255894,48124273,"[47301974, 11708670, 85362177]"
3,1011,meta-llama/Llama-3.1-8B,512,4,0,456046699,456046699,206255894,253557868,67496277,"[11708670, 85362177, 105417984]"
3,1155,meta-llama/Llama-3.1-8B,512,4,0,529415454,529415454,265266538,350628715,59595579,"[105417984, 52795037, 20573718]"
3,1299,meta-llama/Llama-3.1-8B,512,4,0,529415454,529415454,265266538,350628715,59595579,"[105417984, 52795037, 20573718]"
3,1443,meta-llama/Llama-3.1-8B,512,4,0,529415454,529415454,265266538,350628715,59595579,"[105417984, 52795037, 20573718]"
3,1587,meta-llama/Llama-3.1-8B,512,4,0,597917368,597917368,350628715,456046699,47290223,"[52795037, 20573718, 68501914]"
3,1731,meta-llama/Llama-3.1-8B,512,4,0,597917368,597917368,350628715,456046699,47290223,"[52795037, 20573718, 68501914]"
3,1875,meta-llama/Llama-3.1-8B,512,4,0,597917368,597917368,350628715,456046699,47290223,"[52795037, 20573718, 68501914]"
3,2019,meta-llama/Llama-3.1-8B,512,4,0,597917368,597917368,350628715,456046699,47290223,"[52795037, 20573718, 68501914]"
3,2163,meta-llama/Llama-3.1-8B,512,4,0,627269313,627269313,456046699,508841736,39475859,"[20573718, 68501914, 29351945]"
3,2307,meta-llama/Llama-3.1-8B,512,4,0,650424981,650424981,529415454,597917368,17502537,"[29351945, 11642323, 11513345]"
3,2451,meta-llama/Llama-3.1-8B,512,4,0,650424981,650424981,529415454,597917368,17502537,"[29351945, 11642323, 11513345]"
3,2595,meta-llama/Llama-3.1-8B,512,4,0,650424981,650424981,529415454,597917368,17502537,"[29351945, 11642323, 11513345]"
3,2739,meta-llama/Llama-3.1-8B,512,4,0,662772922,662772922,597917368,627269313,11834536,"[11642323, 11513345, 12347941]"
3,2883,meta-llama/Llama-3.1-8B,520,4,3000000000,3077250382,77250382,37406,42705460,11514974,"[11513918, 11514974, 11516030]"
3,3027,meta-llama/Llama-3.1-8B,520,4,3000000000,3077250382,77250382,37406,42705460,11514974,"[11513918, 11514974, 11516030]"
3,3171,meta-llama/Llama-3.1-8B,520,4,3000000000,3077250382,77250382,37406,42705460,11514974,"[11513918, 11514974, 11516030]"
3,3315,meta-llama/Llama-3.1-8B,520,4,3000000000,3077250382,77250382,37406,42705460,11514974,"[11513918, 11514974, 11516030]"
3,3459,meta-llama/Llama-3.1-8B,520,4,3000000000,3077250382,77250382,37406,42705460,11514974,"[11513918, 11514974, 11516030]"
3,3603,meta-llama/Llama-3.1-8B,520,4,3000000000,3077250382,77250382,37406,42705460,11514974,"[11513918, 11514974, 11516030]"
3,3747,meta-llama/Llama-3.1-8B,520,4,3000000000,3077250382,77250382,37406,42705460,11514974,"[11513918, 11514974, 11516030]"
3,3891,meta-llama/Llama-3.1-8B,520,4,3000000000,3077250382,77250382,37406,42705460,11514974,"[11513918, 11514974, 11516030]"
3,4035,meta-llama/Llama-3.1-8B,520,4,3000000000,3578489758,578489758,77250382,543944836,11514974,"[11513918, 11514974, 11516030]"
3,4179,meta-llama/Llama-3.1-8B,520,4,3000000000,3578489758,578489758,77250382,543944836,11514974,"[11513918, 11514974, 11516030]"
3,4323,meta-llama/Llama-3.1-8B,520,4,3000000000,3578489758,578489758,77250382,543944836,11514974,"[11513918, 11514974, 11516030]"
3,4467,meta-llama/Llama-3.1-8B,520,4,3000000000,3578489758,578489758,77250382,543944836,11514974,"[11513918, 11514974, 11516030]"
3,4611,meta-llama/Llama-3.1-8B,520,4,3000000000,3578489758,578489758,77250382,543944836,11514974,"[11513918, 11514974, 11516030]"
3,4755,meta-llama/Llama-3.1-8B,520,4,3000000000,3578489758,578489758,77250382,543944836,11514974,"[11513918, 11514974, 11516030]"
3,4899,meta-llama/Llama-3.1-8B,520,4,3000000000,3578489758,578489758,77250382,543944836,11514974,"[11513918, 11514974, 11516030]"
3,5043,meta-llama/Llama-3.1-8B,520,4,3000000000,3578489758,578489758,77250382,543944836,11514974,"[11513918, 11514974, 11516030]"
3,5187,meta-llama/Llama-3.1-8B,520,4,3000000000,4077140386,1077140386,578489758,1043297647,11280913,"[11280401, 11280913, 11281425]"
3,5331,meta-llama/Llama-3.1-8B,520,4,3000000000,4077140386,1077140386,578489758,1043297647,11280913,"[11280401, 11280913, 11281425]"
3,5475,meta-llama/Llama-3.1-8B,520,4,3000000000,4077140386,1077140386,578489758,1043297647,11280913,"[11280401, 11280913, 11281425]"
3,5619,meta-llama/Llama-3.1-8B,520,4,3000000000,4077140386,1077140386,578489758,1043297647,11280913,"[11280401, 11280913, 11281425]"
4,4,meta-llama/Llama-3.1-8B,512,4,0,265268710,265268710,1,85548294,59906805,"[121233056, 46779459, 11707901]"
4,148,meta-llama/Llama-3.1-8B,512,4,0,265268710,265268710,1,85548294,59906805,"[121233056, 46779459, 11707901]"
4,292,meta-llama/Llama-3.1-8B,512,4,0,265268710,265268710,1,85548294,59906805,"[121233056, 46779459, 11707901]"
4,436,meta-llama/Llama-3.1-8B,512,4,0,265268710,265268710,1,85548294,59906805,"[121233056, 46779459, 11707901]"
4,580,meta-llama/Llama-3.1-8B,512,4,0,351154171,351154171,85548294,206781350,48124273,"[46779459, 11707901, 85885461]"
4,724,meta-llama/Llama-3.1-8B,512,4,0,351154171,351154171,85548294,206781350,48124273,"[46779459, 11707901, 85885461]"
4,868,meta-llama/Llama-3.1-8B,512,4,0,351154171,351154171,85548294,206781350,48124273,"[46779459, 11707901, 85885461]"
4,1012,meta-llama/Llama-3.1-8B,512,4,0,456442873,456442873,206781350,253560809,67627354,"[11707901, 85885461, 105288702]"
4,1156,meta-llama/Llama-3.1-8B,512,4,0,529417626,529417626,265268710,351154171,59421151,"[105288702, 52532112, 20442641]"
4,1300,meta-llama/Llama-3.1-8B,512,4,0,529417626,529417626,265268710,351154171,59421151,"[105288702, 52532112, 20442641]"
4,1444,meta-llama/Llama-3.1-8B,512,4,0,529417626,529417626,265268710,351154171,59421151,"[105288702, 52532112, 20442641]"
4,1588,meta-llama/Llama-3.1-8B,512,4,0,598312772,598312772,351154171,456442873,47289966,"[52532112, 20442641, 68895146]"
4,1732,meta-llama/Llama-3.1-8B,512,4,0,598312772,598312772,351154171,456442873,47289966,"[52532112, 20442641, 68895146]"
4,1876,meta-llama/Llama-3.1-8B,512,4,0,598312772,598312772,351154171,456442873,47289966,"[52532112, 20442641, 68895146]"
4,2020,meta-llama/Llama-3.1-8B,512,4,0,598312772,598312772,351154171,456442873,47289966,"[52532112, 20442641, 68895146]"
4,2164,meta-llama/Llama-3.1-8B,512,4,0,627457867,627457867,456442873,508974985,39494294,"[20442641, 68895146, 29145095]"
4,2308,meta-llama/Llama-3.1-8B,512,4,0,650426127,650426127,529417626,598312772,17371118,"[29145095, 11454915, 11513345]"
4,2452,meta-llama/Llama-3.1-8B,512,4,0,650426127,650426127,529417626,598312772,17371118,"[29145095, 11454915, 11513345]"
4,2596,meta-llama/Llama-3.1-8B,512,4,0,650426127,650426127,529417626,598312772,17371118,"[29145095, 11454915, 11513345]"
4,2740,meta-llama/Llama-3.1-8B,512,4,0,662773298,662773298,598312772,627457867,11771810,"[11454915, 11513345, 12347171]"
4,2884,meta-llama/Llama-3.1-8B,520,4,3000000000,3084212040,84212040,37406,49667118,11514974,"[11513918, 11514974, 11516030]"
4,3028,meta-llama/Llama-3.1-8B,520,4,3000000000,3084212040,84212040,37406,49667118,11514974,"[11513918, 11514974, 11516030]"
4,3172,meta-llama/Llama-3.1-8B,520,4,3000000000,3084212040,84212040,37406,49667118,11514974,"[11513918, 11514974, 11516030]"
4,3316,meta-llama/Llama-3.1-8B,520,4,3000000000,3084212040,84212040,37406,49667118,11514974,"[11513918, 11514974, 11516030]"
4,3460,meta-llama/Llama-3.1-8B,520,4,3000000000,3084212040,84212040,37406,49667118,11514974,"[11513918, 11514974, 11516030]"
4,3604,meta-llama/Llama-3.1-8B,520,4,3000000000,3084212040,84212040,37406,49667118,11514974,"[11513918, 11514974, 11516030]"
4,3748,meta-llama/Llama-3.1-8B,520,4,3000000000,3084212040,84212040,37406,49667118,11514974,"[11513918, 11514974, 11516030]"
4,3892,meta-llama/Llama-3.1-8B,520,4,3000000000,3084212040,84212040,37406,49667118,11514974,"[11513918, 11514974, 11516030]"
4,4036,meta-llama/Llama-3.1-8B,520,4,3000000000,3585451416,585451416,84212040,550906494,11514974,"[11513918, 11514974, 11516030]"
4,4180,meta-llama/Llama-3.1-8B,520,4,3000000000,3585451416,585451416,84212040,550906494,11514974,"[11513918, 11514974, 11516030]"
4,4324,meta-llama/Llama-3.1-8B,520,4,3000000000,3585451416,585451416,84212040,550906494,11514974,"[11513918, 11514974, 11516030]"
4,4468,meta-llama/Llama-3.1-8B,520,4,3000000000,3585451416,585451416,84212040,550906494,11514974,"[11513918, 11514974, 11516030]"
4,4612,meta-llama/Llama-3.1-8B,520,4,3000000000,3585451416,585451416,84212040,550906494,11514974,"[11513918, 11514974, 11516030]"
4,4756,meta-llama/Llama-3.1-8B,520,4,3000000000,3585451416,585451416,84212040,550906494,11514974,"[11513918, 11514974, 11516030]"
4,4900,meta-llama/Llama-3.1-8B,520,4,3000000000,3585451416,585451416,84212040,550906494,11514974,"[11513918, 11514974, 11516030]"
4,5044,meta-llama/Llama-3.1-8B,520,4,3000000000,3585451416,585451416,84212040,550906494,11514974,"[11513918, 11514974, 11516030]"
4,5188,meta-llama/Llama-3.1-8B,520,4,3000000000,4084102044,1084102044,585451416,1050259305,11280913,"[11280401, 11280913, 11281425]"
4,5332,meta-llama/Llama-3.1-8B,520,4,3000000000,4084102044,1084102044,585451416,1050259305,11280913,"[11280401, 11280913, 11281425]"
4,5476,meta-llama/Llama-3.1-8B,520,4,3000000000,4084102044,1084102044,585451416,1050259305,11280913,"[11280401, 11280913, 11281425]"
4,5620,meta-llama/Llama-3.1-8B,520,4,3000000000,4084102044,1084102044,585451416,1050259305,11280913,"[11280401, 11280913, 11281425]"
5,5,meta-llama/Llama-3.1-8B,512,4,0,265270882,265270882,1,86073750,59732377,"[121233056, 46256944, 11707132]"
5,149,meta-llama/Llama-3.1-8B,512,4,0,265270882,265270882,1,86073750,59732377,"[121233056, 46256944, 11707132]"
5,293,meta-llama/Llama-3.1-8B,512,4,0,265270882,265270882,1,86073750,59732377,"[121233056, 46256944, 11707132]"
5,437,meta-llama/Llama-3.1-8B,512,4,0,265270882,265270882,1,86073750,59732377,"[121233056, 46256944, 11707132]"
5,581,meta-llama/Llama-3.1-8B,512,4,0,351679627,351679627,86073750,207306806,48124273,"[46256944, 11707132, 86408745]"
5,725,meta-llama/Llama-3.1-8B,512,4,0,351679627,351679627,86073750,207306806,48124273,"[46256944, 11707132, 86408745]"
5,869,meta-llama/Llama-3.1-8B,512,4,0,351679627,351679627,86073750,207306806,48124273,"[46256944, 11707132, 86408745]"
5,1013,meta-llama/Llama-3.1-8B,512,4,0,456839047,456839047,207306806,253563750,67758432,"[11707132, 86408745, 105159420]"
5,1157,meta-llama/Llama-3.1-8B,512,4,0,529419798,529419798,265270882,351679627,59246723,"[105159420, 52269187, 20311564]"
5,1301,meta-llama/Llama-3.1-8B,512,4,0,529419798,529419798,265270882,351679627,59246723,"[105159420, 52269187, 20311564]"
5,1445,meta-llama/Llama-3.1-8B,512,4,0,529419798,529419798,265270882,351679627,59246723,"[105159420, 52269187, 20311564]"
5,1589,meta-llama/Llama-3.1-8B,512,4,0,598736213,598736213,351679627,456839047,47299055,"[52269187, 20311564, 69316415]"
5,1733,meta-llama/Llama-3.1-8B,512,4,0,598736213,598736213,351679627,456839047,47299055,"[52269187, 20311564, 69316415]"
5,1877,meta-llama/Llama-3.1-8B,512,4,0,598736213,598736213,351679627,456839047,47299055,"[52269187, 20311564, 69316415]"
5,2021,meta-llama/Llama-3.1-8B,512,4,0,598736213,598736213,351679627,456839047,47299055,"[52269187, 20311564, 69316415]"
5,2165,meta-llama/Llama-3.1-8B,512,4,0,627590587,627590587,456839047,509108234,39494117,"[20311564, 69316415, 28854374]"
5,2309,meta-llama/Llama-3.1-8B,512,4,0,650427273,650427273,529419798,598736213,17230353,"[28854374, 11323341, 11513345]"
5,2453,meta-llama/Llama-3.1-8B,512,4,0,650427273,650427273,529419798,598736213,17230353,"[28854374, 11323341, 11513345]"
5,2597,meta-llama/Llama-3.1-8B,512,4,0,650427273,650427273,529419798,598736213,17230353,"[28854374, 11323341, 11513345]"
5,2741,meta-llama/Llama-3.1-8B,512,4,0,662773674,662773674,598736213,627590587,11727695,"[11323341, 11513345, 12346401]"
5,2885,meta-llama/Llama-3.1-8B,520,4,3000000000,3091173698,91173698,37406,56628776,11514974,"[11513918, 11514974, 11516030]"
5,3029,meta-llama/Llama-3.1-8B,520,4,3000000000,3091173698,91173698,37406,56628776,11514974,"[11513918, 11514974, 11516030]"
5,3173,meta-llama/Llama-3.1-8B,520,4,3000000000,3091173698,91173698,37406,56628776,11514974,"[11513918, 11514974, 11516030]"
5,3317,meta-llama/Llama-3.1-8B,520,4,3000000000,3091173698,91173698,37406,56628776,11514974,"[11513918, 11514974, 11516030]"
5,3461,meta-llama/Llama-3.1-8B,520,4,3000000000,3091173698,91173698,37406,56628776,11514974,"[11513918, 11514974, 11516030]"
5,3605,meta-llama/Llama-3.1-8B,520,4,3000000000,3091173698,91173698,37406,56628776,11514974,"[11513918, 11514974, 11516030]"
5,3749,meta-llama/Llama-3.1-8B,520,4,3000000000,3091173698,91173698,37406,56628776,11514974,"[11513918, 11514974, 11516030]"
5,3893,meta-llama/Llama-3.1-8B,520,4,3000000000,3091173698,91173698,37406,56628776,11514974,"[11513918, 11514974, 11516030]"
5,4037,meta-llama/Llama-3.1-8B,520,4,3000000000,3592413074,592413074,91173698,557868152,11514974,"[11513918, 11514974, 11516030]"
5,4181,meta-llama/Llama-3.1-8B,520,4,3000000000,3592413074,592413074,91173698,557868152,11514974,"[11513918, 11514974, 11516030]"
5,4325,meta-llama/Llama-3.1-8B,520,4,3000000000,3592413074,592413074,91173698,557868152,11514974,"[11513918, 11514974, 11516030]"
5,4469,meta-llama/Llama-3.1-8B,520,4,3000000000,3592413074,592413074,91173698,557868152,11514974,"[11513918, 11514974, 11516030]"
5,4613,meta-llama/Llama-3.1-8B,520,4,3000000000,3592413074,592413074,91173698,557868152,11514974,"[11513918, 11514974, 11516030]"
5,4757,meta-llama/Llama-3.1-8B,520,4,3000000000,3592413074,592413074,91173698,557868152,11514974,"[11513918, 11514974, 11516030]"
5,4901,meta-llama/Llama-3.1-8B,520,4,3000000000,3592413074,592413074,91173698,557868152,11514974,"[11513918, 11514974, 11516030]"
5,5045,meta-llama/Llama-3.1-8B,520,4,3000000000,3592413074,592413074,91173698,557868152,11514974,"[11513918, 11514974, 11516030]"
5,5189,meta-llama/Llama-3.1-8B,520,4,3000000000,4091063702,1091063702,592413074,1057220963,11280913,"[11280401, 11280913, 11281425]"
5,5333,meta-llama/Llama-3.1-8B,520,4,3000000000,4091063702,1091063702,592413074,1057220963,11280913,"[11280401, 11280913, 11281425]"
5,5477,meta-llama/Llama-3.1-8B,520,4,3000000000,4091063702,1091063702,592413074,1057220963,11280913,"[11280401, 11280913, 11281425]"
5,5621,meta-llama/Llama-3.1-8B,520,4,3000000000,4091063702,1091063702,592413074,1057220963,11280913,"[11280401, 11280913, 11281425]"
6,6,meta-llama/Llama-3.1-8B,512,4,0,265273054,265273054,1,86599206,59557949,"[121233056, 45734429, 11706363]"
6,150,meta-llama/Llama-3.1-8B,512,4,0,265273054,265273054,1,86599206,59557949,"[121233056, 45734429, 11706363]"
6,294,meta-llama/Llama-3.1-8B,512,4,0,265273054,265273054,1,86599206,59557949,"[121233056, 45734429, 11706363]"
6,438,meta-llama/Llama-3.1-8B,512,4,0,265273054,265273054,1,86599206,59557949,"[121233056, 45734429, 11706363]"
6,582,meta-llama/Llama-3.1-8B,512,4,0,352205083,352205083,86599206,207832262,48124273,"[45734429, 11706363, 86932029]"
6,726,meta-llama/Llama-3.1-8B,512,4,0,352205083,352205083,86599206,207832262,48124273,"[45734429, 11706363, 86932029]"
6,870,meta-llama/Llama-3.1-8B,512,4,0,352205083,352205083,86599206,207832262,48124273,"[45734429, 11706363, 86932029]"
6,1014,meta-llama/Llama-3.1-8B,512,4,0,457235221,457235221,207832262,253566691,67889510,"[11706363, 86932029, 105030138]"
6,1158,meta-llama/Llama-3.1-8B,512,4,0,529421970,529421970,265273054,352205083,59072295,"[105030138, 52006262, 20180487]"
6,1302,meta-llama/Llama-3.1-8B,512,4,0,529421970,529421970,265273054,352205083,59072295,"[105030138, 52006262, 20180487]"
6,1446,meta-llama/Llama-3.1-8B,512,4,0,529421970,529421970,265273054,352205083,59072295,"[105030138, 52006262, 20180487]"
6,1590,meta-llama/Llama-3.1-8B,512,4,0,599131617,599131617,352205083,457235221,47298798,"[52006262, 20180487, 69709647]"
6,1734,meta-llama/Llama-3.1-8B,512,4,0,599131617,599131617,352205083,457235221,47298798,"[52006262, 20180487, 69709647]"
6,1878,meta-llama/Llama-3.1-8B,512,4,0,599131617,599131617,352205083,457235221,47298798,"[52006262, 20180487, 69709647]"
6,2022,meta-llama/Llama-3.1-8B,512,4,0,599131617,599131617,352205083,457235221,47298798,"[52006262, 20180487, 69709647]"
6,2166,meta-llama/Llama-3.1-8B,512,4,0,628348470,628348470,457235221,509241483,39702329,"[20180487, 69709647, 29216853]"
6,2310,meta-llama/Llama-3.1-8B,512,4,0,654272805,654272805,529421970,599131617,18380396,"[29216853, 11380865, 14543470]"
6,2454,meta-llama/Llama-3.1-8B,512,4,0,654272805,654272805,529421970,599131617,18380396,"[29216853, 11380865, 14543470]"
6,2598,meta-llama/Llama-3.1-8B,512,4,0,654272805,654272805,529421970,599131617,18380396,"[29216853, 11380865, 14543470]"
6,2742,meta-llama/Llama-3.1-8B,512,4,0,667448102,667448102,599131617,628348470,13033210,"[11380865, 14543470, 13175297]"
6,2886,meta-llama/Llama-3.1-8B,520,4,3000000000,3098135356,98135356,37406,63590434,11514974,"[11513918, 11514974, 11516030]"
6,3030,meta-llama/Llama-3.1-8B,520,4,3000000000,3098135356,98135356,37406,63590434,11514974,"[11513918, 11514974, 11516030]"
6,3174,meta-llama/Llama-3.1-8B,520,4,3000000000,3098135356,98135356,37406,63590434,11514974,"[11513918, 11514974, 11516030]"
6,3318,meta-llama/Llama-3.1-8B,520,4,3000000000,3098135356,98135356,37406,63590434,11514974,"[11513918, 11514974, 11516030]"
6,3462,meta-llama/Llama-3.1-8B,520,4,3000000000,3098135356,98135356,37406,63590434,11514974,"[11513918, 11514974, 11516030]"
6,3606,meta-llama/Llama-3.1-8B,520,4,3000000000,3098135356,98135356,37406,63590434,11514974,"[11513918, 11514974, 11516030]"
6,3750,meta-llama/Llama-3.1-8B,520,4,3000000000,3098135356,98135356,37406,63590434,11514974,"[11513918, 11514974, 11516030]"
6,3894,meta-llama/Llama-3.1-8B,520,4,3000000000,3098135356,98135356,37406,63590434,11514974,"[11513918, 11514974, 11516030]"
6,4038,meta-llama/Llama-3.1-8B,520,4,3000000000,3599374732,599374732,98135356,564829810,11514974,"[11513918, 11514974, 11516030]"
6,4182,meta-llama/Llama-3.1-8B,520,4,3000000000,3599374732,599374732,98135356,564829810,11514974,"[11513918, 11514974, 11516030]"
6,4326,meta-llama/Llama-3.1-8B,520,4,3000000000,3599374732,599374732,98135356,564829810,11514974,"[11513918, 11514974, 11516030]"
6,4470,meta-llama/Llama-3.1-8B,520,4,3000000000,3599374732,599374732,98135356,564829810,11514974,"[11513918, 11514974, 11516030]"
6,4614,meta-llama/Llama-3.1-8B,520,4,3000000000,3599374732,599374732,98135356,564829810,11514974,"[11513918, 11514974, 11516030]"
6,4758,meta-llama/Llama-3.1-8B,520,4,3000000000,3599374732,599374732,98135356,564829810,11514974,"[11513918, 11514974, 11516030]"
6,4902,meta-llama/Llama-3.1-8B,520,4,3000000000,3599374732,599374732,98135356,564829810,11514974,"[11513918, 11514974, 11516030]"
6,5046,meta-llama/Llama-3.1-8B,520,4,3000000000,3599374732,599374732,98135356,564829810,11514974,"[11513918, 11514974, 11516030]"
6,5190,meta-llama/Llama-3.1-8B,520,4,3000000000,4098025360,1098025360,599374732,1064182621,11280913,"[11280401, 11280913, 11281425]"
6,5334,meta-llama/Llama-3.1-8B,520,4,3000000000,4098025360,1098025360,599374732,1064182621,11280913,"[11280401, 11280913, 11281425]"
6,5478,meta-llama/Llama-3.1-8B,520,4,3000000000,4098025360,1098025360,599374732,1064182621,11280913,"[11280401, 11280913, 11281425]"
6,5622,meta-llama/Llama-3.1-8B,520,4,3000000000,4098025360,1098025360,599374732,1064182621,11280913,"[11280401, 11280913, 11281425]"
7,7,meta-llama/Llama-3.1-8B,512,4,0,265275226,265275226,1,87124662,59383521,"[121233056, 45211914, 11705594]"
7,151,meta-llama/Llama-3.1-8B,512,4,0,265275226,265275226,1,87124662,59383521,"[121233056, 45211914, 11705594]"
7,295,meta-llama/Llama-3.1-8B,512,4,0,265275226,265275226,1,87124662,59383521,"[121233056, 45211914, 11705594]"
7,439,meta-llama/Llama-3.1-8B,512,4,0,265275226,265275226,1,87124662,59383521,"[121233056, 45211914, 11705594]"
7,583,meta-llama/Llama-3.1-8B,512,4,0,352730539,352730539,87124662,208357718,48124273,"[45211914, 11705594, 87455313]"
7,727,meta-llama/Llama-3.1-8B,512,4,0,352730539,352730539,87124662,208357718,48124273,"[45211914, 11705594, 87455313]"
7,871,meta-llama/Llama-3.1-8B,512,4,0,352730539,352730539,87124662,208357718,48124273,"[45211914, 11705594, 87455313]"
7,1015,meta-llama/Llama-3.1-8B,512,4,0,457631395,457631395,208357718,253569632,68020587,"[11705594, 87455313, 104900856]"
7,1159,meta-llama/Llama-3.1-8B,512,4,0,529424142,529424142,265275226,352730539,58897867,"[104900856, 51743337, 20049410]"
7,1303,meta-llama/Llama-3.1-8B,512,4,0,529424142,529424142,265275226,352730539,58897867,"[104900856, 51743337, 20049410]"
7,1447,meta-llama/Llama-3.1-8B,512,4,0,529424142,529424142,265275226,352730539,58897867,"[104900856, 51743337, 20049410]"
7,1591,meta-llama/Llama-3.1-8B,512,4,0,599555058,599555058,352730539,457631395,47307887,"[51743337, 20049410, 70130916]"
7,1735,meta-llama/Llama-3.1-8B,512,4,0,599555058,599555058,352730539,457631395,47307887,"[51743337, 20049410, 70130916]"
7,1879,meta-llama/Llama-3.1-8B,512,4,0,599555058,599555058,352730539,457631395,47307887,"[51743337, 20049410, 70130916]"
7,2023,meta-llama/Llama-3.1-8B,512,4,0,599555058,599555058,352730539,457631395,47307887,"[51743337, 20049410, 70130916]"
7,2167,meta-llama/Llama-3.1-8B,512,4,0,629562719,629562719,457631395,509374732,40062662,"[20049410, 70130916, 30007661]"
7,2311,meta-llama/Llama-3.1-8B,512,4,0,656130897,656130897,529424142,599555058,18858613,"[30007661, 11380865, 15187313]"
7,2455,meta-llama/Llama-3.1-8B,512,4,0,656130897,656130897,529424142,599555058,18858613,"[30007661, 11380865, 15187313]"
7,2599,meta-llama/Llama-3.1-8B,512,4,0,656130897,656130897,529424142,599555058,18858613,"[30007661, 11380865, 15187313]"
7,2743,meta-llama/Llama-3.1-8B,512,4,0,667448958,667448958,599555058,629562719,12628746,"[11380865, 15187313, 11318061]"
7,2887,meta-llama/Llama-3.1-8B,520,4,3000000000,3105097014,105097014,37406,70552092,11514974,"[11513918, 11514974, 11516030]"
7,3031,meta-llama/Llama-3.1-8B,520,4,3000000000,3105097014,105097014,37406,70552092,11514974,"[11513918, 11514974, 11516030]"
7,3175,meta-llama/Llama-3.1-8B,520,4,3000000000,3105097014,105097014,37406,70552092,11514974,"[11513918, 11514974, 11516030]"
7,3319,meta-llama/Llama-3.1-8B,520,4,3000000000,3105097014,105097014,37406,70552092,11514974,"[11513918, 11514974, 11516030]"
7,3463,meta-llama/Llama-3.1-8B,520,4,3000000000,3105097014,105097014,37406,70552092,11514974,"[11513918, 11514974, 11516030]"
7,3607,meta-llama/Llama-3.1-8B,520,4,3000000000,3105097014,105097014,37406,70552092,11514974,"[11513918, 11514974, 11516030]"
7,3751,meta-llama/Llama-3.1-8B,520,4,3000000000,3105097014,105097014,37406,70552092,11514974,"[11513918, 11514974, 11516030]"
7,3895,meta-llama/Llama-3.1-8B,520,4,3000000000,3105097014,105097014,37406,70552092,11514974,"[11513918, 11514974, 11516030]"
7,4039,meta-llama/Llama-3.1-8B,520,4,3000000000,3606336390,606336390,105097014,571791468,11514974,"[11513918, 11514974, 11516030]"
7,4183,meta-llama/Llama-3.1-8B,520,4,3000000000,3606336390,606336390,105097014,571791468,11514974,"[11513918, 11514974, 11516030]"
7,4327,meta-llama/Llama-3.1-8B,520,4,3000000000,3606336390,606336390,105097014,571791468,11514974,"[11513918, 11514974, 11516030]"
7,4471,meta-llama/Llama-3.1-8B,520,4,3000000000,3606336390,606336390,105097014,571791468,11514974,"[11513918, 11514974, 11516030]"
7,4615,meta-llama/Llama-3.1-8B,520,4,3000000000,3606336390,606336390,105097014,571791468,11514974,"[11513918, 11514974, 11516030]"
7,4759,meta-llama/Llama-3.1-8B,520,4,3000000000,3606336390,606336390,105097014,571791468,11514974,"[11513918, 11514974, 11516030]"
7,4903,meta-llama/Llama-3.1-8B,520,4,3000000000,3606336390,606336390,105097014,571791468,11514974,"[11513918, 11514974, 11516030]"
7,5047,meta-llama/Llama-3.1-8B,520,4,3000000000,3606336390,606336390,105097014,571791468,11514974,"[11513918, 11514974, 11516030]"
7,5191,meta-llama/Llama-3.1-8B,520,4,3000000000,4104987018,1104987018,606336390,1071144279,11280913,"[11280401, 11280913, 11281425]"
7,5335,meta-llama/Llama-3.1-8B,520,4,3000000000,4104987018,1104987018,606336390,1071144279,11280913,"[11280401, 11280913, 11281425]"
7,5479,meta-llama/Llama-3.1-8B,520,4,3000000000,4104987018,1104987018,606336390,1071144279,11280913,"[11280401, 11280913, 11281425]"
7,5623,meta-llama/Llama-3.1-8B,520,4,3000000000,4104987018,1104987018,606336390,1071144279,11280913,"[11280401, 11280913, 11281425]"
8,8,meta-llama/Llama-3.1-8B,512,4,0,265277398,265277398,1,87650118,59209093,"[121233056, 44689399, 11704825]"
8,152,meta-llama/Llama-3.1-8B,512,4,0,265277398,265277398,1,87650118,59209093,"[121233056, 44689399, 11704825]"
8,296,meta-llama/Llama-3.1-8B,512,4,0,265277398,265277398,1,87650118,59209093,"[121233056, 44689399, 11704825]"
8,440,meta-llama/Llama-3.1-8B,512,4,0,265277398,265277398,1,87650118,59209093,"[121233056, 44689399, 11704825]"
8,584,meta-llama/Llama-3.1-8B,512,4,0,353255995,353255995,87650118,208883174,48124273,"[44689399, 11704825, 87978597]"
8,728,meta-llama/Llama-3.1-8B,512,4,0,353255995,353255995,87650118,208883174,48124273,"[44689399, 11704825, 87978597]"
8,872,meta-llama/Llama-3.1-8B,512,4,0,353255995,353255995,87650118,208883174,48124273,"[44689399, 11704825, 87978597]"
8,1016,meta-llama/Llama-3.1-8B,512,4,0,458027569,458027569,208883174,253572573,68151665,"[11704825, 87978597, 104771574]"
8,1160,meta-llama/Llama-3.1-8B,512,4,0,529426314,529426314,265277398,353255995,58723439,"[104771574, 51480412, 19918333]"
8,1304,meta-llama/Llama-3.1-8B,512,4,0,529426314,529426314,265277398,353255995,58723439,"[104771574, 51480412, 19918333]"
8,1448,meta-llama/Llama-3.1-8B,512,4,0,529426314,529426314,265277398,353255995,58723439,"[104771574, 51480412, 19918333]"
8,1592,meta-llama/Llama-3.1-8B,512,4,0,599950462,599950462,353255995,458027569,47307631,"[51480412, 19918333, 70524148]"
8,1736,meta-llama/Llama-3.1-8B,512,4,0,599950462,599950462,353255995,458027569,47307631,"[51480412, 19918333, 70524148]"
8,1880,meta-llama/Llama-3.1-8B,512,4,0,599950462,599950462,353255995,458027569,47307631,"[51480412, 19918333, 70524148]"
8,2024,meta-llama/Llama-3.1-8B,512,4,0,599950462,599950462,353255995,458027569,47307631,"[51480412, 19918333, 70524148]"
8,2168,meta-llama/Llama-3.1-8B,512,4,0,630381564,630381564,458027569,509507981,40291194,"[19918333, 70524148, 30431102]"
8,2312,meta-llama/Llama-3.1-8B,512,4,0,656132643,656132643,529426314,599950462,18727393,"[30431102, 11276305, 14474774]"
8,2456,meta-llama/Llama-3.1-8B,512,4,0,656132643,656132643,529426314,599950462,18727393,"[30431102, 11276305, 14474774]"
8,2600,meta-llama/Llama-3.1-8B,512,4,0,656132643,656132643,529426314,599950462,18727393,"[30431102, 11276305, 14474774]"
8,2744,meta-llama/Llama-3.1-8B,512,4,0,667449334,667449334,599950462,630381564,12355923,"[11276305, 14474774, 11316691]"
8,2888,meta-llama/Llama-3.1-8B,520,4,3000000000,3112058672,112058672,37406,77513750,11514974,"[11513918, 11514974, 11516030]"
8,3032,meta-llama/Llama-3.1-8B,520,4,3000000000,3112058672,112058672,37406,77513750,11514974,"[11513918, 11514974, 11516030]"
8,3176,meta-llama/Llama-3.1-8B,520,4,3000000000,3112058672,112058672,37406,77513750,11514974,"[11513918, 11514974, 11516030]"
8,3320,meta-llama/Llama-3.1-8B,520,4,3000000000,3112058672,112058672,37406,77513750,11514974,"[11513918, 11514974, 11516030]"
8,3464,meta-llama/Llama-3.1-8B,520,4,3000000000,3112058672,112058672,37406,77513750,11514974,"[11513918, 11514974, 11516030]"
8,3608,meta-llama/Llama-3.1-8B,520,4,3000000000,3112058672,112058672,37406,77513750,11514974,"[11513918, 11514974, 11516030]"
8,3752,meta-llama/Llama-3.1-8B,520,4,3000000000,3112058672,112058672,37406,77513750,11514974,"[11513918, 11514974, 11516030]"
8,3896,meta-llama/Llama-3.1-8B,520,4,3000000000,3112058672,112058672,37406,77513750,11514974,"[11513918, 11514974, 11516030]"
8,4040,meta-llama/Llama-3.1-8B,520,4,3000000000,3613298048,613298048,112058672,578753126,11514974,"[11513918, 11514974, 11516030]"
8,4184,meta-llama/Llama-3.1-8B,520,4,3000000000,3613298048,613298048,112058672,578753126,11514974,"[11513918, 11514974, 11516030]"
8,4328,meta-llama/Llama-3.1-8B,520,4,3000000000,3613298048,613298048,112058672,578753126,11514974,"[11513918, 11514974, 11516030]"
8,4472,meta-llama/Llama-3.1-8B,520,4,3000000000,3613298048,613298048,112058672,578753126,11514974,"[11513918, 11514974, 11516030]"
8,4616,meta-llama/Llama-3.1-8B,520,4,3000000000,3613298048,613298048,112058672,578753126,11514974,"[11513918, 11514974, 11516030]"
8,4760,meta-llama/Llama-3.1-8B,520,4,3000000000,3613298048,613298048,112058672,578753126,11514974,"[11513918, 11514974, 11516030]"
8,4904,meta-llama/Llama-3.1-8B,520,4,3000000000,3613298048,613298048,112058672,578753126,11514974,"[11513918, 11514974, 11516030]"
8,5048,meta-llama/Llama-3.1-8B,520,4,3000000000,3613298048,613298048,112058672,578753126,11514974,"[11513918, 11514974, 11516030]"
8,5192,meta-llama/Llama-3.1-8B,520,4,3000000000,4111948676,1111948676,613298048,1078105937,11280913,"[11280401, 11280913, 11281425]"
8,5336,meta-llama/Llama-3.1-8B,520,4,3000000000,4111948676,1111948676,613298048,1078105937,11280913,"[11280401, 11280913, 11281425]"
8,5480,meta-llama/Llama-3.1-8B,520,4,3000000000,4111948676,1111948676,613298048,1078105937,11280913,"[11280401, 11280913, 11281425]"
8,5624,meta-llama/Llama-3.1-8B,520,4,3000000000,4111948676,1111948676,613298048,1078105937,11280913,"[11280401, 11280913, 11281425]"
9,9,meta-llama/Llama-3.1-8B,512,4,0,265279570,265279570,1,88175574,59034665,"[121233056, 44166884, 11704056]"
9,153,meta-llama/Llama-3.1-8B,512,4,0,265279570,265279570,1,88175574,59034665,"[121233056, 44166884, 11704056]"
9,297,meta-llama/Llama-3.1-8B,512,4,0,265279570,265279570,1,88175574,59034665,"[121233056, 44166884, 11704056]"
9,441,meta-llama/Llama-3.1-8B,512,4,0,265279570,265279570,1,88175574,59034665,"[121233056, 44166884, 11704056]"
9,585,meta-llama/Llama-3.1-8B,512,4,0,353781451,353781451,88175574,209408630,48124273,"[44166884, 11704056, 88501881]"
9,729,meta-llama/Llama-3.1-8B,512,4,0,353781451,353781451,88175574,209408630,48124273,"[44166884, 11704056, 88501881]"
9,873,meta-llama/Llama-3.1-8B,512,4,0,353781451,353781451,88175574,209408630,48124273,"[44166884, 11704056, 88501881]"
9,1017,meta-llama/Llama-3.1-8B,512,4,0,458423743,458423743,209408630,253575514,68282743,"[11704056, 88501881, 104642292]"
9,1161,meta-llama/Llama-3.1-8B,512,4,0,529428486,529428486,265279570,353781451,58549011,"[104642292, 51217487, 19787256]"
9,1305,meta-llama/Llama-3.1-8B,512,4,0,529428486,529428486,265279570,353781451,58549011,"[104642292, 51217487, 19787256]"
9,1449,meta-llama/Llama-3.1-8B,512,4,0,529428486,529428486,265279570,353781451,58549011,"[104642292, 51217487, 19787256]"
9,1593,meta-llama/Llama-3.1-8B,512,4,0,600345866,600345866,353781451,458423743,47307374,"[51217487, 19787256, 70917380]"
9,1737,meta-llama/Llama-3.1-8B,512,4,0,600345866,600345866,353781451,458423743,47307374,"[51217487, 19787256, 70917380]"
9,1881,meta-llama/Llama-3.1-8B,512,4,0,600345866,600345866,353781451,458423743,47307374,"[51217487, 19787256, 70917380]"
9,2025,meta-llama/Llama-3.1-8B,512,4,0,600345866,600345866,353781451,458423743,47307374,"[51217487, 19787256, 70917380]"
9,2169,meta-llama/Llama-3.1-8B,512,4,0,631595813,631595813,458423743,509641230,40651527,"[19787256, 70917380, 31249947]"
9,2313,meta-llama/Llama-3.1-8B,512,4,0,656137281,656137281,529428486,600345866,18597138,"[31249947, 11380865, 13160603]"
9,2457,meta-llama/Llama-3.1-8B,512,4,0,656137281,656137281,529428486,600345866,18597138,"[31249947, 11380865, 13160603]"
9,2601,meta-llama/Llama-3.1-8B,512,4,0,656137281,656137281,529428486,600345866,18597138,"[31249947, 11380865, 13160603]"
9,2745,meta-llama/Llama-3.1-8B,512,4,0,667449710,667449710,600345866,631595813,11951299,"[11380865, 13160603, 11312429]"
9,2889,meta-llama/Llama-3.1-8B,520,4,3000000000,3119020330,119020330,37406,84475408,11514974,"[11513918, 11514974, 11516030]"
9,3033,meta-llama/Llama-3.1-8B,520,4,3000000000,3119020330,119020330,37406,84475408,11514974,"[11513918, 11514974, 11516030]"
9,3177,meta-llama/Llama-3.1-8B,520,4,3000000000,3119020330,119020330,37406,84475408,11514974,"[11513918, 11514974, 11516030]"
9,3321,meta-llama/Llama-3.1-8B,520,4,3000000000,3119020330,119020330,37406,84475408,11514974,"[11513918, 11514974, 11516030]"
9,3465,meta-llama/Llama-3.1-8B,520,4,3000000000,3119020330,119020330,37406,84475408,11514974,"[11513918, 11514974, 11516030]"
9,3609,meta-llama/Llama-3.1-8B,520,4,3000000000,3119020330,119020330,37406,84475408,11514974,"[11513918, 11514974, 11516030]"
9,3753,meta-llama/Llama-3.1-8B,520,4,3000000000,3119020330,119020330,37406,84475408,11514974,"[11513918, 11514974, 11516030]"
9,3897,meta-llama/Llama-3.1-8B,520,4,3000000000,3119020330,119020330,37406,84475408,11514974,"[11513918, 11514974, 11516030]"
9,4041,meta-llama/Llama-3.1-8B,520,4,3000000000,3620259706,620259706,119020330,585714784,11514974,"[11513918, 11514974, 11516030]"
9,4185,meta-llama/Llama-3.1-8B,520,4,3000000000,3620259706,620259706,119020330,585714784,11514974,"[11513918, 11514974, 11516030]"
9,4329,meta-llama/Llama-3.1-8B,520,4,3000000000,3620259706,620259706,119020330,585714784,11514974,"[11513918, 11514974, 11516030]"
9,4473,meta-llama/Llama-3.1-8B,520,4,3000000000,3620259706,620259706,119020330,585714784,11514974,"[11513918, 11514974, 11516030]"
9,4617,meta-llama/Llama-3.1-8B,520,4,3000000000,3620259706,620259706,119020330,585714784,11514974,"[11513918, 11514974, 11516030]"
9,4761,meta-llama/Llama-3.1-8B,520,4,3000000000,3620259706,620259706,119020330,585714784,11514974,"[11513918, 11514974, 11516030]"
9,4905,meta-llama/Llama-3.1-8B,520,4,3000000000,3620259706,620259706,119020330,585714784,11514974,"[11513918, 11514974, 11516030]"
9,5049,meta-llama/Llama-3.1-8B,520,4,3000000000,3620259706,620259706,119020330,585714784,11514974,"[11513918, 11514974, 11516030]"
9,5193,meta-llama/Llama-3.1-8B,520,4,3000000000,4118910334,1118910334,620259706,1085067595,11280913,"[11280401, 11280913, 11281425]"
9,5337,meta-llama/Llama-3.1-8B,520,4,3000000000,4118910334,1118910334,620259706,1085067595,11280913,"[11280401, 11280913, 11281425]"
9,5481,meta-llama/Llama-3.1-8B,520,4,3000000000,4118910334,1118910334,620259706,1085067595,11280913,"[11280401, 11280913, 11281425]"
9,5625,meta-llama/Llama-3.1-8B,520,4,3000000000,4118910334,1118910334,620259706,1085067595,11280913,"[11280401, 11280913, 11281425]"
10,10,meta-llama/Llama-3.1-8B,512,4,0,265281742,265281742,1,88701030,58860237,"[121233056, 43644369, 11703287]"
10,154,meta-llama/Llama-3.1-8B,512,4,0,265281742,265281742,1,88701030,58860237,"[121233056, 43644369, 11703287]"
10,298,meta-llama/Llama-3.1-8B,512,4,0,265281742,265281742,1,88701030,58860237,"[121233056, 43644369, 11703287]"
10,442,meta-llama/Llama-3.1-8B,512,4,0,265281742,265281742,1,88701030,58860237,"[121233056, 43644369, 11703287]"
10,586,meta-llama/Llama-3.1-8B,512,4,0,354306907,354306907,88701030,209934086,48124273,"[43644369, 11703287, 89025165]"
10,730,meta-llama/Llama-3.1-8B,512,4,0,354306907,354306907,88701030,209934086,48124273,"[43644369, 11703287, 89025165]"
10,874,meta-llama/Llama-3.1-8B,512,4,0,354306907,354306907,88701030,209934086,48124273,"[43644369, 11703287, 89025165]"
10,1018,meta-llama/Llama-3.1-8B,512,4,0,458819917,458819917,209934086,253578455,68413820,"[11703287, 89025165, 104513010]"
10,1162,meta-llama/Llama-3.1-8B,512,4,0,529430658,529430658,265281742,354306907,58374583,"[104513010, 50954562, 19656179]"
10,1306,meta-llama/Llama-3.1-8B,512,4,0,529430658,529430658,265281742,354306907,58374583,"[104513010, 50954562, 19656179]"
10,1450,meta-llama/Llama-3.1-8B,512,4,0,529430658,529430658,265281742,354306907,58374583,"[104513010, 50954562, 19656179]"
10,1594,meta-llama/Llama-3.1-8B,512,4,0,600769307,600769307,354306907,458819917,47316463,"[50954562, 19656179, 71338649]"
10,1738,meta-llama/Llama-3.1-8B,512,4,0,600769307,600769307,354306907,458819917,47316463,"[50954562, 19656179, 71338649]"
10,1882,meta-llama/Llama-3.1-8B,512,4,0,600769307,600769307,354306907,458819917,47316463,"[50954562, 19656179, 71338649]"
10,2026,meta-llama/Llama-3.1-8B,512,4,0,600769307,600769307,354306907,458819917,47316463,"[50954562, 19656179, 71338649]"
10,2170,meta-llama/Llama-3.1-8B,512,4,0,632414658,632414658,458819917,509774479,40880059,"[19656179, 71338649, 31645351]"
10,2314,meta-llama/Llama-3.1-8B,512,4,0,656139387,656139387,529430658,600769307,18456693,"[31645351, 11276305, 12448424]"
10,2458,meta-llama/Llama-3.1-8B,512,4,0,656139387,656139387,529430658,600769307,18456693,"[31645351, 11276305, 12448424]"
10,2602,meta-llama/Llama-3.1-8B,512,4,0,656139387,656139387,529430658,600769307,18456693,"[31645351, 11276305, 12448424]"
10,2746,meta-llama/Llama-3.1-8B,512,4,0,667450086,667450086,600769307,632414658,11678476,"[11276305, 12448424, 11310699]"
10,2890,meta-llama/Llama-3.1-8B,520,4,3000000000,3125981988,125981988,37406,91437066,11514974,"[11513918, 11514974, 11516030]"
10,3034,meta-llama/Llama-3.1-8B,520,4,3000000000,3125981988,125981988,37406,91437066,11514974,"[11513918, 11514974, 11516030]"
10,3178,meta-llama/Llama-3.1-8B,520,4,3000000000,3125981988,125981988,37406,91437066,11514974,"[11513918, 11514974, 11516030]"
10,3322,meta-llama/Llama-3.1-8B,520,4,3000000000,3125981988,125981988,37406,91437066,11514974,"[11513918, 11514974, 11516030]"
10,3466,meta-llama/Llama-3.1-8B,520,4,3000000000,3125981988,125981988,37406,91437066,11514974,"[11513918, 11514974, 11516030]"
10,3610,meta-llama/Llama-3.1-8B,520,4,3000000000,3125981988,125981988,37406,91437066,11514974,"[11513918, 11514974, 11516030]"
10,3754,meta-llama/Llama-3.1-8B,520,4,3000000000,3125981988,125981988,37406,91437066,11514974,"[11513918, 11514974, 11516030]"
10,3898,meta-llama/Llama-3.1-8B,520,4,3000000000,3125981988,125981988,37406,91437066,11514974,"[11513918, 11514974, 11516030]"
10,4042,meta-llama/Llama-3.1-8B,520,4,3000000000,3627221364,627221364,125981988,592676442,11514974,"[11513918, 11514974, 11516030]"
10,4186,meta-llama/Llama-3.1-8B,520,4,3000000000,3627221364,627221364,125981988,592676442,11514974,"[11513918, 11514974, 11516030]"
10,4330,meta-llama/Llama-3.1-8B,520,4,3000000000,3627221364,627221364,125981988,592676442,11514974,"[11513918, 11514974, 11516030]"
10,4474,meta-llama/Llama-3.1-8B,520,4,3000000000,3627221364,627221364,125981988,592676442,11514974,"[11513918, 11514974, 11516030]"
10,4618,meta-llama/Llama-3.1-8B,520,4,3000000000,3627221364,627221364,125981988,592676442,11514974,"[11513918, 11514974, 11516030]"
10,4762,meta-llama/Llama-3.1-8B,520,4,3000000000,3627221364,627221364,125981988,592676442,11514974,"[11513918, 11514974, 11516030]"
10,4906,meta-llama/Llama-3.1-8B,520,4,3000000000,3627221364,627221364,125981988,592676442,11514974,"[11513918, 11514974, 11516030]"
10,5050,meta-llama/Llama-3.1-8B,520,4,3000000000,3627221364,627221364,125981988,592676442,11514974,"[11513918, 11514974, 11516030]"
10,5194,meta-llama/Llama-3.1-8B,520,4,3000000000,4125871992,1125871992,627221364,1092029253,11280913,"[11280401, 11280913, 11281425]"
10,5338,meta-llama/Llama-3.1-8B,520,4,3000000000,4125871992,1125871992,627221364,1092029253,11280913,"[11280401, 11280913, 11281425]"
10,5482,meta-llama/Llama-3.1-8B,520,4,3000000000,4125871992,1125871992,627221364,1092029253,11280913,"[11280401, 11280913, 11281425]"
10,5626,meta-llama/Llama-3.1-8B,520,4,3000000000,4125871992,1125871992,627221364,1092029253,11280913,"[11280401, 11280913, 11281425]"
11,11,meta-llama/Llama-3.1-8B,512,4,0,265283914,265283914,1,89226486,58685809,"[121233056, 43121854, 11702518]"
11,155,meta-llama/Llama-3.1-8B,512,4,0,265283914,265283914,1,89226486,58685809,"[121233056, 43121854, 11702518]"
11,299,meta-llama/Llama-3.1-8B,512,4,0,265283914,265283914,1,89226486,58685809,"[121233056, 43121854, 11702518]"
11,443,meta-llama/Llama-3.1-8B,512,4,0,265283914,265283914,1,89226486,58685809,"[121233056, 43121854, 11702518]"
11,587,meta-llama/Llama-3.1-8B,512,4,0,354832363,354832363,89226486,210459542,48124273,"[43121854, 11702518, 89548449]"
11,731,meta-llama/Llama-3.1-8B,512,4,0,354832363,354832363,89226486,210459542,48124273,"[43121854, 11702518, 89548449]"
11,875,meta-llama/Llama-3.1-8B,512,4,0,354832363,354832363,89226486,210459542,48124273,"[43121854, 11702518, 89548449]"
11,1019,meta-llama/Llama-3.1-8B,512,4,0,459216091,459216091,210459542,253581396,68544898,"[11702518, 89548449, 104383728]"
11,1163,meta-llama/Llama-3.1-8B,512,4,0,529432830,529432830,265283914,354832363,58200155,"[104383728, 50691637, 19525102]"
11,1307,meta-llama/Llama-3.1-8B,512,4,0,529432830,529432830,265283914,354832363,58200155,"[104383728, 50691637, 19525102]"
11,1451,meta-llama/Llama-3.1-8B,512,4,0,529432830,529432830,265283914,354832363,58200155,"[104383728, 50691637, 19525102]"
11,1595,meta-llama/Llama-3.1-8B,512,4,0,601164711,601164711,354832363,459216091,47316206,"[50691637, 19525102, 71731881]"
11,1739,meta-llama/Llama-3.1-8B,512,4,0,601164711,601164711,354832363,459216091,47316206,"[50691637, 19525102, 71731881]"
11,1883,meta-llama/Llama-3.1-8B,512,4,0,601164711,601164711,354832363,459216091,47316206,"[50691637, 19525102, 71731881]"
11,2027,meta-llama/Llama-3.1-8B,512,4,0,601164711,601164711,354832363,459216091,47316206,"[50691637, 19525102, 71731881]"
11,2171,meta-llama/Llama-3.1-8B,512,4,0,633628907,633628907,459216091,509907728,41240393,"[19525102, 71731881, 32464196]"
11,2315,meta-llama/Llama-3.1-8B,512,4,0,656182029,656182029,529432830,601164711,18339106,"[32464196, 11276305, 11276817]"
11,2459,meta-llama/Llama-3.1-8B,512,4,0,656182029,656182029,529432830,601164711,18339106,"[32464196, 11276305, 11276817]"
11,2603,meta-llama/Llama-3.1-8B,512,4,0,656182029,656182029,529432830,601164711,18339106,"[32464196, 11276305, 11276817]"
11,2747,meta-llama/Llama-3.1-8B,512,4,0,667467102,667467102,601164711,633628907,11279398,"[11276305, 11276817, 11285073]"
11,2891,meta-llama/Llama-3.1-8B,520,4,3000000000,3132943646,132943646,37406,98398724,11514974,"[11513918, 11514974, 11516030]"
11,3035,meta-llama/Llama-3.1-8B,520,4,3000000000,3132943646,132943646,37406,98398724,11514974,"[11513918, 11514974, 11516030]"
11,3179,meta-llama/Llama-3.1-8B,520,4,3000000000,3132943646,132943646,37406,98398724,11514974,"[11513918, 11514974, 11516030]"
11,3323,meta-llama/Llama-3.1-8B,520,4,3000000000,3132943646,132943646,37406,98398724,11514974,"[11513918, 11514974, 11516030]"
11,3467,meta-llama/Llama-3.1-8B,520,4,3000000000,3132943646,132943646,37406,98398724,11514974,"[11513918, 11514974, 11516030]"
11,3611,meta-llama/Llama-3.1-8B,520,4,3000000000,3132943646,132943646,37406,98398724,11514974,"[11513918, 11514974, 11516030]"
11,3755,meta-llama/Llama-3.1-8B,520,4,3000000000,3132943646,132943646,37406,98398724,11514974,"[11513918, 11514974, 11516030]"
11,3899,meta-llama/Llama-3.1-8B,520,4,3000000000,3132943646,132943646,37406,98398724,11514974,"[11513918, 11514974, 11516030]"
11,4043,meta-llama/Llama-3.1-8B,520,4,3000000000,3634183022,634183022,132943646,599638100,11514974,"[11513918, 11514974, 11516030]"
11,4187,meta-llama/Llama-3.1-8B,520,4,3000000000,3634183022,634183022,132943646,599638100,11514974,"[11513918, 11514974, 11516030]"
11,4331,meta-llama/Llama-3.1-8B,520,4,3000000000,3634183022,634183022,132943646,599638100,11514974,"[11513918, 11514974, 11516030]"
11,4475,meta-llama/Llama-3.1-8B,520,4,3000000000,3634183022,634183022,132943646,599638100,11514974,"[11513918, 11514974, 11516030]"
11,4619,meta-llama/Llama-3.1-8B,520,4,3000000000,3634183022,634183022,132943646,599638100,11514974,"[11513918, 11514974, 11516030]"
11,4763,meta-llama/Llama-3.1-8B,520,4,3000000000,3634183022,634183022,132943646,599638100,11514974,"[11513918, 11514974, 11516030]"
11,4907,meta-llama/Llama-3.1-8B,520,4,3000000000,3634183022,634183022,132943646,599638100,11514974,"[11513918, 11514974, 11516030]"
11,5051,meta-llama/Llama-3.1-8B,520,4,3000000000,3634183022,634183022,132943646,599638100,11514974,"[11513918, 11514974, 11516030]"
11,5195,meta-llama/Llama-3.1-8B,520,4,3000000000,4132833650,1132833650,634183022,1098990911,11280913,"[11280401, 11280913, 11281425]"
11,5339,meta-llama/Llama-3.1-8B,520,4,3000000000,4132833650,1132833650,634183022,1098990911,11280913,"[11280401, 11280913, 11281425]"
11,5483,meta-llama/Llama-3.1-8B,520,4,3000000000,4132833650,1132833650,634183022,1098990911,11280913,"[11280401, 11280913, 11281425]"
11,5627,meta-llama/Llama-3.1-8B,520,4,3000000000,4132833650,1132833650,634183022,1098990911,11280913,"[11280401, 11280913, 11281425]"
12,12,meta-llama/Llama-3.1-8B,512,4,0,265286086,265286086,1,89751942,58511381,"[121233056, 42599339, 11701749]"
12,156,meta-llama/Llama-3.1-8B,512,4,0,265286086,265286086,1,89751942,58511381,"[121233056, 42599339, 11701749]"
12,300,meta-llama/Llama-3.1-8B,512,4,0,265286086,265286086,1,89751942,58511381,"[121233056, 42599339, 11701749]"
12,444,meta-llama/Llama-3.1-8B,512,4,0,265286086,265286086,1,89751942,58511381,"[121233056, 42599339, 11701749]"
12,588,meta-llama/Llama-3.1-8B,512,4,0,355357819,355357819,89751942,210984998,48124273,"[42599339, 11701749, 90071733]"
12,732,meta-llama/Llama-3.1-8B,512,4,0,355357819,355357819,89751942,210984998,48124273,"[42599339, 11701749, 90071733]"
12,876,meta-llama/Llama-3.1-8B,512,4,0,355357819,355357819,89751942,210984998,48124273,"[42599339, 11701749, 90071733]"
12,1020,meta-llama/Llama-3.1-8B,512,4,0,459612265,459612265,210984998,253584337,68675976,"[11701749, 90071733, 104254446]"
12,1164,meta-llama/Llama-3.1-8B,512,4,0,529435002,529435002,265286086,355357819,58025727,"[104254446, 50428712, 19394025]"
12,1308,meta-llama/Llama-3.1-8B,512,4,0,529435002,529435002,265286086,355357819,58025727,"[104254446, 50428712, 19394025]"
12,1452,meta-llama/Llama-3.1-8B,512,4,0,529435002,529435002,265286086,355357819,58025727,"[104254446, 50428712, 19394025]"
12,1596,meta-llama/Llama-3.1-8B,512,4,0,601560115,601560115,355357819,459612265,47315950,"[50428712, 19394025, 72125113]"
12,1740,meta-llama/Llama-3.1-8B,512,4,0,601560115,601560115,355357819,459612265,47315950,"[50428712, 19394025, 72125113]"
12,1884,meta-llama/Llama-3.1-8B,512,4,0,601560115,601560115,355357819,459612265,47315950,"[50428712, 19394025, 72125113]"
12,2028,meta-llama/Llama-3.1-8B,512,4,0,601560115,601560115,355357819,459612265,47315950,"[50428712, 19394025, 72125113]"
12,2172,meta-llama/Llama-3.1-8B,512,4,0,634447752,634447752,459612265,510040977,41468925,"[19394025, 72125113, 32887637]"
12,2316,meta-llama/Llama-3.1-8B,512,4,0,657000874,657000874,529435002,601560115,18480253,"[32887637, 11276305, 11276817]"
12,2460,meta-llama/Llama-3.1-8B,512,4,0,657000874,657000874,529435002,601560115,18480253,"[32887637, 11276305, 11276817]"
12,2604,meta-llama/Llama-3.1-8B,512,4,0,657000874,657000874,529435002,601560115,18480253,"[32887637, 11276305, 11276817]"
12,2748,meta-llama/Llama-3.1-8B,512,4,0,668285947,668285947,601560115,634447752,11279398,"[11276305, 11276817, 11285073]"
12,2892,meta-llama/Llama-3.1-8B,520,4,3000000000,3139905304,139905304,37406,105360382,11514974,"[11513918, 11514974, 11516030]"
12,3036,meta-llama/Llama-3.1-8B,520,4,3000000000,3139905304,139905304,37406,105360382,11514974,"[11513918, 11514974, 11516030]"
12,3180,meta-llama/Llama-3.1-8B,520,4,3000000000,3139905304,139905304,37406,105360382,11514974,"[11513918, 11514974, 11516030]"
12,3324,meta-llama/Llama-3.1-8B,520,4,3000000000,3139905304,139905304,37406,105360382,11514974,"[11513918, 11514974, 11516030]"
12,3468,meta-llama/Llama-3.1-8B,520,4,3000000000,3139905304,139905304,37406,105360382,11514974,"[11513918, 11514974, 11516030]"
12,3612,meta-llama/Llama-3.1-8B,520,4,3000000000,3139905304,139905304,37406,105360382,11514974,"[11513918, 11514974, 11516030]"
12,3756,meta-llama/Llama-3.1-8B,520,4,3000000000,3139905304,139905304,37406,105360382,11514974,"[11513918, 11514974, 11516030]"
12,3900,meta-llama/Llama-3.1-8B,520,4,3000000000,3139905304,139905304,37406,105360382,11514974,"[11513918, 11514974, 11516030]"
12,4044,meta-llama/Llama-3.1-8B,520,4,3000000000,3641144680,641144680,139905304,606599758,11514974,"[11513918, 11514974, 11516030]"
12,4188,meta-llama/Llama-3.1-8B,520,4,3000000000,3641144680,641144680,139905304,606599758,11514974,"[11513918, 11514974, 11516030]"
12,4332,meta-llama/Llama-3.1-8B,520,4,3000000000,3641144680,641144680,139905304,606599758,11514974,"[11513918, 11514974, 11516030]"
12,4476,meta-llama/Llama-3.1-8B,520,4,3000000000,3641144680,641144680,139905304,606599758,11514974,"[11513918, 11514974, 11516030]"
12,4620,meta-llama/Llama-3.1-8B,520,4,3000000000,3641144680,641144680,139905304,606599758,11514974,"[11513918, 11514974, 11516030]"
12,4764,meta-llama/Llama-3.1-8B,520,4,3000000000,3641144680,641144680,139905304,606599758,11514974,"[11513918, 11514974, 11516030]"
12,4908,meta-llama/Llama-3.1-8B,520,4,3000000000,3641144680,641144680,139905304,606599758,11514974,"[11513918, 11514974, 11516030]"
12,5052,meta-llama/Llama-3.1-8B,520,4,3000000000,3641144680,641144680,139905304,606599758,11514974,"[11513918, 11514974, 11516030]"
12,5196,meta-llama/Llama-3.1-8B,520,4,3000000000,4139795308,1139795308,641144680,1105952569,11280913,"[11280401, 11280913, 11281425]"
12,5340,meta-llama/Llama-3.1-8B,520,4,3000000000,4139795308,1139795308,641144680,1105952569,11280913,"[11280401, 11280913, 11281425]"
12,5484,meta-llama/Llama-3.1-8B,520,4,3000000000,4139795308,1139795308,641144680,1105952569,11280913,"[11280401, 11280913, 11281425]"
12,5628,meta-llama/Llama-3.1-8B,520,4,3000000000,4139795308,1139795308,641144680,1105952569,11280913,"[11280401, 11280913, 11281425]"
13,13,meta-llama/Llama-3.1-8B,512,4,0,265288258,265288258,1,90277398,58336953,"[121233056, 42076824, 11700980]"
13,157,meta-llama/Llama-3.1-8B,512,4,0,265288258,265288258,1,90277398,58336953,"[121233056, 42076824, 11700980]"
13,301,meta-llama/Llama-3.1-8B,512,4,0,265288258,265288258,1,90277398,58336953,"[121233056, 42076824, 11700980]"
13,445,meta-llama/Llama-3.1-8B,512,4,0,265288258,265288258,1,90277398,58336953,"[121233056, 42076824, 11700980]"
13,589,meta-llama/Llama-3.1-8B,512,4,0,355883275,355883275,90277398,211510454,48124273,"[42076824, 11700980, 90595017]"
13,733,meta-llama/Llama-3.1-8B,512,4,0,355883275,355883275,90277398,211510454,48124273,"[42076824, 11700980, 90595017]"
13,877,meta-llama/Llama-3.1-8B,512,4,0,355883275,355883275,90277398,211510454,48124273,"[42076824, 11700980, 90595017]"
13,1021,meta-llama/Llama-3.1-8B,512,4,0,460008439,460008439,211510454,253587278,68807053,"[11700980, 90595017, 104125164]"
13,1165,meta-llama/Llama-3.1-8B,512,4,0,529437174,529437174,265288258,355883275,57851299,"[104125164, 50165787, 19262948]"
13,1309,meta-llama/Llama-3.1-8B,512,4,0,529437174,529437174,265288258,355883275,57851299,"[104125164, 50165787, 19262948]"
13,1453,meta-llama/Llama-3.1-8B,512,4,0,529437174,529437174,265288258,355883275,57851299,"[104125164, 50165787, 19262948]"
13,1597,meta-llama/Llama-3.1-8B,512,4,0,601983556,601983556,355883275,460008439,47325039,"[50165787, 19262948, 72546382]"
13,1741,meta-llama/Llama-3.1-8B,512,4,0,601983556,601983556,355883275,460008439,47325039,"[50165787, 19262948, 72546382]"
13,1885,meta-llama/Llama-3.1-8B,512,4,0,601983556,601983556,355883275,460008439,47325039,"[50165787, 19262948, 72546382]"
13,2029,meta-llama/Llama-3.1-8B,512,4,0,601983556,601983556,355883275,460008439,47325039,"[50165787, 19262948, 72546382]"
13,2173,meta-llama/Llama-3.1-8B,512,4,0,635662001,635662001,460008439,510174226,41829258,"[19262948, 72546382, 33678445]"
13,2317,meta-llama/Llama-3.1-8B,512,4,0,658215123,658215123,529437174,601983556,18743855,"[33678445, 11276305, 11276817]"
13,2461,meta-llama/Llama-3.1-8B,512,4,0,658215123,658215123,529437174,601983556,18743855,"[33678445, 11276305, 11276817]"
13,2605,meta-llama/Llama-3.1-8B,512,4,0,658215123,658215123,529437174,601983556,18743855,"[33678445, 11276305, 11276817]"
13,2749,meta-llama/Llama-3.1-8B,512,4,0,669500196,669500196,601983556,635662001,11279398,"[11276305, 11276817, 11285073]"
13,2893,meta-llama/Llama-3.1-8B,520,4,3000000000,3146866962,146866962,37406,112322040,11514974,"[11513918, 11514974, 11516030]"
13,3037,meta-llama/Llama-3.1-8B,520,4,3000000000,3146866962,146866962,37406,112322040,11514974,"[11513918, 11514974, 11516030]"
13,3181,meta-llama/Llama-3.1-8B,520,4,3000000000,3146866962,146866962,37406,112322040,11514974,"[11513918, 11514974, 11516030]"
13,3325,meta-llama/Llama-3.1-8B,520,4,3000000000,3146866962,146866962,37406,112322040,11514974,"[11513918, 11514974, 11516030]"
13,3469,meta-llama/Llama-3.1-8B,520,4,3000000000,3146866962,146866962,37406,112322040,11514974,"[11513918, 11514974, 11516030]"
13,3613,meta-llama/Llama-3.1-8B,520,4,3000000000,3146866962,146866962,37406,112322040,11514974,"[11513918, 11514974, 11516030]"
13,3757,meta-llama/Llama-3.1-8B,520,4,3000000000,3146866962,146866962,37406,112322040,11514974,"[11513918, 11514974, 11516030]"
13,3901,meta-llama/Llama-3.1-8B,520,4,3000000000,3146866962,146866962,37406,112322040,11514974,"[11513918, 11514974, 11516030]"
13,4045,meta-llama/Llama-3.1-8B,520,4,3000000000,3648106338,648106338,146866962,613561416,11514974,"[11513918, 11514974, 11516030]"
13,4189,meta-llama/Llama-3.1-8B,520,4,3000000000,3648106338,648106338,146866962,613561416,11514974,"[11513918, 11514974, 11516030]"
13,4333,meta-llama/Llama-3.1-8B,520,4,3000000000,3648106338,648106338,146866962,613561416,11514974,"[11513918, 11514974, 11516030]"
13,4477,meta-llama/Llama-3.1-8B,520,4,3000000000,3648106338,648106338,146866962,613561416,11514974,"[11513918, 11514974, 11516030]"
13,4621,meta-llama/Llama-3.1-8B,520,4,3000000000,3648106338,648106338,146866962,613561416,11514974,"[11513918, 11514974, 11516030]"
13,4765,meta-llama/Llama-3.1-8B,520,4,3000000000,3648106338,648106338,146866962,613561416,11514974,"[11513918, 11514974, 11516030]"
13,4909,meta-llama/Llama-3.1-8B,520,4,3000000000,3648106338,648106338,146866962,613561416,11514974,"[11513918, 11514974, 11516030]"
13,5053,meta-llama/Llama-3.1-8B,520,4,3000000000,3648106338,648106338,146866962,613561416,11514974,"[11513918, 11514974, 11516030]"
13,5197,meta-llama/Llama-3.1-8B,520,4,3000000000,4146756966,1146756966,648106338,1112914227,11280913,"[11280401, 11280913, 11281425]"
13,5341,meta-llama/Llama-3.1-8B,520,4,3000000000,4146756966,1146756966,648106338,1112914227,11280913,"[11280401, 11280913, 11281425]"
13,5485,meta-llama/Llama-3.1-8B,520,4,3000000000,4146756966,1146756966,648106338,1112914227,11280913,"[11280401, 11280913, 11281425]"
13,5629,meta-llama/Llama-3.1-8B,520,4,3000000000,4146756966,1146756966,648106338,1112914227,11280913,"[11280401, 11280913, 11281425]"
14,14,meta-llama/Llama-3.1-8B,512,4,0,265290430,265290430,1,90802854,58162525,"[121233056, 41554309, 11700211]"
14,158,meta-llama/Llama-3.1-8B,512,4,0,265290430,265290430,1,90802854,58162525,"[121233056, 41554309, 11700211]"
14,302,meta-llama/Llama-3.1-8B,512,4,0,265290430,265290430,1,90802854,58162525,"[121233056, 41554309, 11700211]"
14,446,meta-llama/Llama-3.1-8B,512,4,0,265290430,265290430,1,90802854,58162525,"[121233056, 41554309, 11700211]"
14,590,meta-llama/Llama-3.1-8B,512,4,0,356408731,356408731,90802854,212035910,48124273,"[41554309, 11700211, 91118301]"
14,734,meta-llama/Llama-3.1-8B,512,4,0,356408731,356408731,90802854,212035910,48124273,"[41554309, 11700211, 91118301]"
14,878,meta-llama/Llama-3.1-8B,512,4,0,356408731,356408731,90802854,212035910,48124273,"[41554309, 11700211, 91118301]"
14,1022,meta-llama/Llama-3.1-8B,512,4,0,460404613,460404613,212035910,253590219,68938131,"[11700211, 91118301, 103995882]"
14,1166,meta-llama/Llama-3.1-8B,512,4,0,529439346,529439346,265290430,356408731,57676871,"[103995882, 49902862, 19131871]"
14,1310,meta-llama/Llama-3.1-8B,512,4,0,529439346,529439346,265290430,356408731,57676871,"[103995882, 49902862, 19131871]"
14,1454,meta-llama/Llama-3.1-8B,512,4,0,529439346,529439346,265290430,356408731,57676871,"[103995882, 49902862, 19131871]"
14,1598,meta-llama/Llama-3.1-8B,512,4,0,602378960,602378960,356408731,460404613,47324782,"[49902862, 19131871, 72939614]"
14,1742,meta-llama/Llama-3.1-8B,512,4,0,602378960,602378960,356408731,460404613,47324782,"[49902862, 19131871, 72939614]"
14,1886,meta-llama/Llama-3.1-8B,512,4,0,602378960,602378960,356408731,460404613,47324782,"[49902862, 19131871, 72939614]"
14,2030,meta-llama/Llama-3.1-8B,512,4,0,602378960,602378960,356408731,460404613,47324782,"[49902862, 19131871, 72939614]"
14,2174,meta-llama/Llama-3.1-8B,512,4,0,636876250,636876250,460404613,510307475,42189591,"[19131871, 72939614, 34497290]"
14,2318,meta-llama/Llama-3.1-8B,512,4,0,659534566,659534566,529439346,602378960,19051868,"[34497290, 11380865, 11277451]"
14,2462,meta-llama/Llama-3.1-8B,512,4,0,659534566,659534566,529439346,602378960,19051868,"[34497290, 11380865, 11277451]"
14,2606,meta-llama/Llama-3.1-8B,512,4,0,659534566,659534566,529439346,602378960,19051868,"[34497290, 11380865, 11277451]"
14,2750,meta-llama/Llama-3.1-8B,512,4,0,670819759,670819759,602378960,636876250,11314503,"[11380865, 11277451, 11285193]"
14,2894,meta-llama/Llama-3.1-8B,520,4,3000000000,3153828620,153828620,37406,119283698,11514974,"[11513918, 11514974, 11516030]"
14,3038,meta-llama/Llama-3.1-8B,520,4,3000000000,3153828620,153828620,37406,119283698,11514974,"[11513918, 11514974, 11516030]"
14,3182,meta-llama/Llama-3.1-8B,520,4,3000000000,3153828620,153828620,37406,119283698,11514974,"[11513918, 11514974, 11516030]"
14,3326,meta-llama/Llama-3.1-8B,520,4,3000000000,3153828620,153828620,37406,119283698,11514974,"[11513918, 11514974, 11516030]"
14,3470,meta-llama/Llama-3.1-8B,520,4,3000000000,3153828620,153828620,37406,119283698,11514974,"[11513918, 11514974, 11516030]"
14,3614,meta-llama/Llama-3.1-8B,520,4,3000000000,3153828620,153828620,37406,119283698,11514974,"[11513918, 11514974, 11516030]"
14,3758,meta-llama/Llama-3.1-8B,520,4,3000000000,3153828620,153828620,37406,119283698,11514974,"[11513918, 11514974, 11516030]"
14,3902,meta-llama/Llama-3.1-8B,520,4,3000000000,3153828620,153828620,37406,119283698,11514974,"[11513918, 11514974, 11516030]"
14,4046,meta-llama/Llama-3.1-8B,520,4,3000000000,3655067996,655067996,153828620,620523074,11514974,"[11513918, 11514974, 11516030]"
14,4190,meta-llama/Llama-3.1-8B,520,4,3000000000,3655067996,655067996,153828620,620523074,11514974,"[11513918, 11514974, 11516030]"
14,4334,meta-llama/Llama-3.1-8B,520,4,3000000000,3655067996,655067996,153828620,620523074,11514974,"[11513918, 11514974, 11516030]"
14,4478,meta-llama/Llama-3.1-8B,520,4,3000000000,3655067996,655067996,153828620,620523074,11514974,"[11513918, 11514974, 11516030]"
14,4622,meta-llama/Llama-3.1-8B,520,4,3000000000,3655067996,655067996,153828620,620523074,11514974,"[11513918, 11514974, 11516030]"
14,4766,meta-llama/Llama-3.1-8B,520,4,3000000000,3655067996,655067996,153828620,620523074,11514974,"[11513918, 11514974, 11516030]"
14,4910,meta-llama/Llama-3.1-8B,520,4,3000000000,3655067996,655067996,153828620,620523074,11514974,"[11513918, 11514974, 11516030]"
14,5054,meta-llama/Llama-3.1-8B,520,4,3000000000,3655067996,655067996,153828620,620523074,11514974,"[11513918, 11514974, 11516030]"
14,5198,meta-llama/Llama-3.1-8B,520,4,3000000000,4153718624,1153718624,655067996,1119875885,11280913,"[11280401, 11280913, 11281425]"
14,5342,meta-llama/Llama-3.1-8B,520,4,3000000000,4153718624,1153718624,655067996,1119875885,11280913,"[11280401, 11280913, 11281425]"
14,5486,meta-llama/Llama-3.1-8B,520,4,3000000000,4153718624,1153718624,655067996,1119875885,11280913,"[11280401, 11280913, 11281425]"
14,5630,meta-llama/Llama-3.1-8B,520,4,3000000000,4153718624,1153718624,655067996,1119875885,11280913,"[11280401, 11280913, 11281425]"
15,15,meta-llama/Llama-3.1-8B,512,4,0,265292602,265292602,1,91328310,57988097,"[121233056, 41031794, 11699442]"
15,159,meta-llama/Llama-3.1-8B,512,4,0,265292602,265292602,1,91328310,57988097,"[121233056, 41031794, 11699442]"
15,303,meta-llama/Llama-3.1-8B,512,4,0,265292602,265292602,1,91328310,57988097,"[121233056, 41031794, 11699442]"
15,447,meta-llama/Llama-3.1-8B,512,4,0,265292602,265292602,1,91328310,57988097,"[121233056, 41031794, 11699442]"
15,591,meta-llama/Llama-3.1-8B,512,4,0,356934187,356934187,91328310,212561366,48124273,"[41031794, 11699442, 91641585]"
15,735,meta-llama/Llama-3.1-8B,512,4,0,356934187,356934187,91328310,212561366,48124273,"[41031794, 11699442, 91641585]"
15,879,meta-llama/Llama-3.1-8B,512,4,0,356934187,356934187,91328310,212561366,48124273,"[41031794, 11699442, 91641585]"
15,1023,meta-llama/Llama-3.1-8B,512,4,0,460800787,460800787,212561366,253593160,69069209,"[11699442, 91641585, 103866600]"
15,1167,meta-llama/Llama-3.1-8B,512,4,0,529441518,529441518,265292602,356934187,57502443,"[103866600, 49639937, 19000794]"
15,1311,meta-llama/Llama-3.1-8B,512,4,0,529441518,529441518,265292602,356934187,57502443,"[103866600, 49639937, 19000794]"
15,1455,meta-llama/Llama-3.1-8B,512,4,0,529441518,529441518,265292602,356934187,57502443,"[103866600, 49639937, 19000794]"
15,1599,meta-llama/Llama-3.1-8B,512,4,0,602802401,602802401,356934187,460800787,47333871,"[49639937, 19000794, 73360883]"
15,1743,meta-llama/Llama-3.1-8B,512,4,0,602802401,602802401,356934187,460800787,47333871,"[49639937, 19000794, 73360883]"
15,1887,meta-llama/Llama-3.1-8B,512,4,0,602802401,602802401,356934187,460800787,47333871,"[49639937, 19000794, 73360883]"
15,2031,meta-llama/Llama-3.1-8B,512,4,0,602802401,602802401,356934187,460800787,47333871,"[49639937, 19000794, 73360883]"
15,2175,meta-llama/Llama-3.1-8B,512,4,0,637695095,637695095,460800787,510440724,42418123,"[19000794, 73360883, 34892694]"
15,2319,meta-llama/Llama-3.1-8B,512,4,0,660248217,660248217,529441518,602802401,19148605,"[34892694, 11276305, 11276817]"
15,2463,meta-llama/Llama-3.1-8B,512,4,0,660248217,660248217,529441518,602802401,19148605,"[34892694, 11276305, 11276817]"
15,2607,meta-llama/Llama-3.1-8B,512,4,0,660248217,660248217,529441518,602802401,19148605,"[34892694, 11276305, 11276817]"
15,2751,meta-llama/Llama-3.1-8B,512,4,0,671533290,671533290,602802401,637695095,11279398,"[11276305, 11276817, 11285073]"
15,2895,meta-llama/Llama-3.1-8B,520,4,3000000000,3160790278,160790278,37406,126245356,11514974,"[11513918, 11514974, 11516030]"
15,3039,meta-llama/Llama-3.1-8B,520,4,3000000000,3160790278,160790278,37406,126245356,11514974,"[11513918, 11514974, 11516030]"
15,3183,meta-llama/Llama-3.1-8B,520,4,3000000000,3160790278,160790278,37406,126245356,11514974,"[11513918, 11514974, 11516030]"
15,3327,meta-llama/Llama-3.1-8B,520,4,3000000000,3160790278,160790278,37406,126245356,11514974,"[11513918, 11514974, 11516030]"
15,3471,meta-llama/Llama-3.1-8B,520,4,3000000000,3160790278,160790278,37406,126245356,11514974,"[11513918, 11514974, 11516030]"
15,3615,meta-llama/Llama-3.1-8B,520,4,3000000000,3160790278,160790278,37406,126245356,11514974,"[11513918, 11514974, 11516030]"
15,3759,meta-llama/Llama-3.1-8B,520,4,3000000000,3160790278,160790278,37406,126245356,11514974,"[11513918, 11514974, 11516030]"
15,3903,meta-llama/Llama-3.1-8B,520,4,3000000000,3160790278,160790278,37406,126245356,11514974,"[11513918, 11514974, 11516030]"
15,4047,meta-llama/Llama-3.1-8B,520,4,3000000000,3662029654,662029654,160790278,627484732,11514974,"[11513918, 11514974, 11516030]"
15,4191,meta-llama/Llama-3.1-8B,520,4,3000000000,3662029654,662029654,160790278,627484732,11514974,"[11513918, 11514974, 11516030]"
15,4335,meta-llama/Llama-3.1-8B,520,4,3000000000,3662029654,662029654,160790278,627484732,11514974,"[11513918, 11514974, 11516030]"
15,4479,meta-llama/Llama-3.1-8B,520,4,3000000000,3662029654,662029654,160790278,627484732,11514974,"[11513918, 11514974, 11516030]"
15,4623,meta-llama/Llama-3.1-8B,520,4,3000000000,3662029654,662029654,160790278,627484732,11514974,"[11513918, 11514974, 11516030]"
15,4767,meta-llama/Llama-3.1-8B,520,4,3000000000,3662029654,662029654,160790278,627484732,11514974,"[11513918, 11514974, 11516030]"
15,4911,meta-llama/Llama-3.1-8B,520,4,3000000000,3662029654,662029654,160790278,627484732,11514974,"[11513918, 11514974, 11516030]"
15,5055,meta-llama/Llama-3.1-8B,520,4,3000000000,3662029654,662029654,160790278,627484732,11514974,"[11513918, 11514974, 11516030]"
15,5199,meta-llama/Llama-3.1-8B,520,4,3000000000,4160680282,1160680282,662029654,1126837543,11280913,"[11280401, 11280913, 11281425]"
15,5343,meta-llama/Llama-3.1-8B,520,4,3000000000,4160680282,1160680282,662029654,1126837543,11280913,"[11280401, 11280913, 11281425]"
15,5487,meta-llama/Llama-3.1-8B,520,4,3000000000,4160680282,1160680282,662029654,1126837543,11280913,"[11280401, 11280913, 11281425]"
15,5631,meta-llama/Llama-3.1-8B,520,4,3000000000,4160680282,1160680282,662029654,1126837543,11280913,"[11280401, 11280913, 11281425]"
16,16,meta-llama/Llama-3.1-8B,512,4,0,265294774,265294774,1,91853766,57813669,"[121233056, 40509279, 11698673]"
16,160,meta-llama/Llama-3.1-8B,512,4,0,265294774,265294774,1,91853766,57813669,"[121233056, 40509279, 11698673]"
16,304,meta-llama/Llama-3.1-8B,512,4,0,265294774,265294774,1,91853766,57813669,"[121233056, 40509279, 11698673]"
16,448,meta-llama/Llama-3.1-8B,512,4,0,265294774,265294774,1,91853766,57813669,"[121233056, 40509279, 11698673]"
16,592,meta-llama/Llama-3.1-8B,512,4,0,357459643,357459643,91853766,213086822,48124273,"[40509279, 11698673, 92164869]"
16,736,meta-llama/Llama-3.1-8B,512,4,0,357459643,357459643,91853766,213086822,48124273,"[40509279, 11698673, 92164869]"
16,880,meta-llama/Llama-3.1-8B,512,4,0,357459643,357459643,91853766,213086822,48124273,"[40509279, 11698673, 92164869]"
16,1024,meta-llama/Llama-3.1-8B,512,4,0,461196961,461196961,213086822,253596101,69200286,"[11698673, 92164869, 103737318]"
16,1168,meta-llama/Llama-3.1-8B,512,4,0,529443690,529443690,265294774,357459643,57328015,"[103737318, 49377012, 18869717]"
16,1312,meta-llama/Llama-3.1-8B,512,4,0,529443690,529443690,265294774,357459643,57328015,"[103737318, 49377012, 18869717]"
16,1456,meta-llama/Llama-3.1-8B,512,4,0,529443690,529443690,265294774,357459643,57328015,"[103737318, 49377012, 18869717]"
16,1600,meta-llama/Llama-3.1-8B,512,4,0,603197805,603197805,357459643,461196961,47333614,"[49377012, 18869717, 73754115]"
16,1744,meta-llama/Llama-3.1-8B,512,4,0,603197805,603197805,357459643,461196961,47333614,"[49377012, 18869717, 73754115]"
16,1888,meta-llama/Llama-3.1-8B,512,4,0,603197805,603197805,357459643,461196961,47333614,"[49377012, 18869717, 73754115]"
16,2032,meta-llama/Llama-3.1-8B,512,4,0,603197805,603197805,357459643,461196961,47333614,"[49377012, 18869717, 73754115]"
16,2176,meta-llama/Llama-3.1-8B,512,4,0,638909344,638909344,461196961,510573973,42778457,"[18869717, 73754115, 35711539]"
16,2320,meta-llama/Llama-3.1-8B,512,4,0,662764684,662764684,529443690,603197805,19855626,"[35711539, 11513345, 12341995]"
16,2464,meta-llama/Llama-3.1-8B,512,4,0,662764684,662764684,529443690,603197805,19855626,"[35711539, 11513345, 12341995]"
16,2608,meta-llama/Llama-3.1-8B,512,4,0,662764684,662764684,529443690,603197805,19855626,"[35711539, 11513345, 12341995]"
16,2752,meta-llama/Llama-3.1-8B,512,4,0,674049877,674049877,603197805,638909344,11713511,"[11513345, 12341995, 11285193]"
16,2896,meta-llama/Llama-3.1-8B,520,4,3000000000,3167751936,167751936,37406,133207014,11514974,"[11513918, 11514974, 11516030]"
16,3040,meta-llama/Llama-3.1-8B,520,4,3000000000,3167751936,167751936,37406,133207014,11514974,"[11513918, 11514974, 11516030]"
16,3184,meta-llama/Llama-3.1-8B,520,4,3000000000,3167751936,167751936,37406,133207014,11514974,"[11513918, 11514974, 11516030]"
16,3328,meta-llama/Llama-3.1-8B,520,4,3000000000,3167751936,167751936,37406,133207014,11514974,"[11513918, 11514974, 11516030]"
16,3472,meta-llama/Llama-3.1-8B,520,4,3000000000,3167751936,167751936,37406,133207014,11514974,"[11513918, 11514974, 11516030]"
16,3616,meta-llama/Llama-3.1-8B,520,4,3000000000,3167751936,167751936,37406,133207014,11514974,"[11513918, 11514974, 11516030]"
16,3760,meta-llama/Llama-3.1-8B,520,4,3000000000,3167751936,167751936,37406,133207014,11514974,"[11513918, 11514974, 11516030]"
16,3904,meta-llama/Llama-3.1-8B,520,4,3000000000,3167751936,167751936,37406,133207014,11514974,"[11513918, 11514974, 11516030]"
16,4048,meta-llama/Llama-3.1-8B,520,4,3000000000,3668991312,668991312,167751936,634446390,11514974,"[11513918, 11514974, 11516030]"
16,4192,meta-llama/Llama-3.1-8B,520,4,3000000000,3668991312,668991312,167751936,634446390,11514974,"[11513918, 11514974, 11516030]"
16,4336,meta-llama/Llama-3.1-8B,520,4,3000000000,3668991312,668991312,167751936,634446390,11514974,"[11513918, 11514974, 11516030]"
16,4480,meta-llama/Llama-3.1-8B,520,4,3000000000,3668991312,668991312,167751936,634446390,11514974,"[11513918, 11514974, 11516030]"
16,4624,meta-llama/Llama-3.1-8B,520,4,3000000000,3668991312,668991312,167751936,634446390,11514974,"[11513918, 11514974, 11516030]"
16,4768,meta-llama/Llama-3.1-8B,520,4,3000000000,3668991312,668991312,167751936,634446390,11514974,"[11513918, 11514974, 11516030]"
16,4912,meta-llama/Llama-3.1-8B,520,4,3000000000,3668991312,668991312,167751936,634446390,11514974,"[11513918, 11514974, 11516030]"
16,5056,meta-llama/Llama-3.1-8B,520,4,3000000000,3668991312,668991312,167751936,634446390,11514974,"[11513918, 11514974, 11516030]"
16,5200,meta-llama/Llama-3.1-8B,520,4,3000000000,4167641940,1167641940,668991312,1133799201,11280913,"[11280401, 11280913, 11281425]"
16,5344,meta-llama/Llama-3.1-8B,520,4,3000000000,4167641940,1167641940,668991312,1133799201,11280913,"[11280401, 11280913, 11281425]"
16,5488,meta-llama/Llama-3.1-8B,520,4,3000000000,4167641940,1167641940,668991312,1133799201,11280913,"[11280401, 11280913, 11281425]"
16,5632,meta-llama/Llama-3.1-8B,520,4,3000000000,4167641940,1167641940,668991312,1133799201,11280913,"[11280401, 11280913, 11281425]"
17,17,meta-llama/Llama-3.1-8B,512,4,0,265296946,265296946,1,92379222,57639241,"[121233056, 39986764, 11697904]"
17,161,meta-llama/Llama-3.1-8B,512,4,0,265296946,265296946,1,92379222,57639241,"[121233056, 39986764, 11697904]"
17,305,meta-llama/Llama-3.1-8B,512,4,0,265296946,265296946,1,92379222,57639241,"[121233056, 39986764, 11697904]"
17,449,meta-llama/Llama-3.1-8B,512,4,0,265296946,265296946,1,92379222,57639241,"[121233056, 39986764, 11697904]"
17,593,meta-llama/Llama-3.1-8B,512,4,0,357985099,357985099,92379222,213612278,48124273,"[39986764, 11697904, 92688153]"
17,737,meta-llama/Llama-3.1-8B,512,4,0,357985099,357985099,92379222,213612278,48124273,"[39986764, 11697904, 92688153]"
17,881,meta-llama/Llama-3.1-8B,512,4,0,357985099,357985099,92379222,213612278,48124273,"[39986764, 11697904, 92688153]"
17,1025,meta-llama/Llama-3.1-8B,512,4,0,461593135,461593135,213612278,253599042,69331364,"[11697904, 92688153, 103608036]"
17,1169,meta-llama/Llama-3.1-8B,512,4,0,529445862,529445862,265296946,357985099,57153587,"[103608036, 49114087, 18738640]"
17,1313,meta-llama/Llama-3.1-8B,512,4,0,529445862,529445862,265296946,357985099,57153587,"[103608036, 49114087, 18738640]"
17,1457,meta-llama/Llama-3.1-8B,512,4,0,529445862,529445862,265296946,357985099,57153587,"[103608036, 49114087, 18738640]"
17,1601,meta-llama/Llama-3.1-8B,512,4,0,603593209,603593209,357985099,461593135,47333358,"[49114087, 18738640, 74147347]"
17,1745,meta-llama/Llama-3.1-8B,512,4,0,603593209,603593209,357985099,461593135,47333358,"[49114087, 18738640, 74147347]"
17,1889,meta-llama/Llama-3.1-8B,512,4,0,603593209,603593209,357985099,461593135,47333358,"[49114087, 18738640, 74147347]"
17,2033,meta-llama/Llama-3.1-8B,512,4,0,603593209,603593209,357985099,461593135,47333358,"[49114087, 18738640, 74147347]"
17,2177,meta-llama/Llama-3.1-8B,512,4,0,639728189,639728189,461593135,510707222,43006989,"[18738640, 74147347, 36134980]"
17,2321,meta-llama/Llama-3.1-8B,512,4,0,667429696,667429696,529445862,603593209,21278829,"[36134980, 14543470, 13158037]"
17,2465,meta-llama/Llama-3.1-8B,512,4,0,667429696,667429696,529445862,603593209,21278829,"[36134980, 14543470, 13158037]"
17,2609,meta-llama/Llama-3.1-8B,512,4,0,667429696,667429696,529445862,603593209,21278829,"[36134980, 14543470, 13158037]"
17,2753,meta-llama/Llama-3.1-8B,512,4,0,678747533,678747533,603593209,639728189,13006448,"[14543470, 13158037, 11317837]"
17,2897,meta-llama/Llama-3.1-8B,520,4,3000000000,3174713594,174713594,37406,140168672,11514974,"[11513918, 11514974, 11516030]"
17,3041,meta-llama/Llama-3.1-8B,520,4,3000000000,3174713594,174713594,37406,140168672,11514974,"[11513918, 11514974, 11516030]"
17,3185,meta-llama/Llama-3.1-8B,520,4,3000000000,3174713594,174713594,37406,140168672,11514974,"[11513918, 11514974, 11516030]"
17,3329,meta-llama/Llama-3.1-8B,520,4,3000000000,3174713594,174713594,37406,140168672,11514974,"[11513918, 11514974, 11516030]"
17,3473,meta-llama/Llama-3.1-8B,520,4,3000000000,3174713594,174713594,37406,140168672,11514974,"[11513918, 11514974, 11516030]"
17,3617,meta-llama/Llama-3.1-8B,520,4,3000000000,3174713594,174713594,37406,140168672,11514974,"[11513918, 11514974, 11516030]"
17,3761,meta-llama/Llama-3.1-8B,520,4,3000000000,3174713594,174713594,37406,140168672,11514974,"[11513918, 11514974, 11516030]"
17,3905,meta-llama/Llama-3.1-8B,520,4,3000000000,3174713594,174713594,37406,140168672,11514974,"[11513918, 11514974, 11516030]"
17,4049,meta-llama/Llama-3.1-8B,520,4,3000000000,3675952970,675952970,174713594,641408048,11514974,"[11513918, 11514974, 11516030]"
17,4193,meta-llama/Llama-3.1-8B,520,4,3000000000,3675952970,675952970,174713594,641408048,11514974,"[11513918, 11514974, 11516030]"
17,4337,meta-llama/Llama-3.1-8B,520,4,3000000000,3675952970,675952970,174713594,641408048,11514974,"[11513918, 11514974, 11516030]"
17,4481,meta-llama/Llama-3.1-8B,520,4,3000000000,3675952970,675952970,174713594,641408048,11514974,"[11513918, 11514974, 11516030]"
17,4625,meta-llama/Llama-3.1-8B,520,4,3000000000,3675952970,675952970,174713594,641408048,11514974,"[11513918, 11514974, 11516030]"
17,4769,meta-llama/Llama-3.1-8B,520,4,3000000000,3675952970,675952970,174713594,641408048,11514974,"[11513918, 11514974, 11516030]"
17,4913,meta-llama/Llama-3.1-8B,520,4,3000000000,3675952970,675952970,174713594,641408048,11514974,"[11513918, 11514974, 11516030]"
17,5057,meta-llama/Llama-3.1-8B,520,4,3000000000,3675952970,675952970,174713594,641408048,11514974,"[11513918, 11514974, 11516030]"
17,5201,meta-llama/Llama-3.1-8B,520,4,3000000000,4174603598,1174603598,675952970,1140760859,11280913,"[11280401, 11280913, 11281425]"
17,5345,meta-llama/Llama-3.1-8B,520,4,3000000000,4174603598,1174603598,675952970,1140760859,11280913,"[11280401, 11280913, 11281425]"
17,5489,meta-llama/Llama-3.1-8B,520,4,3000000000,4174603598,1174603598,675952970,1140760859,11280913,"[11280401, 11280913, 11281425]"
17,5633,meta-llama/Llama-3.1-8B,520,4,3000000000,4174603598,1174603598,675952970,1140760859,11280913,"[11280401, 11280913, 11281425]"
18,18,meta-llama/Llama-3.1-8B,512,4,0,265299118,265299118,1,92904678,57464813,"[121233056, 39464249, 11697135]"
18,162,meta-llama/Llama-3.1-8B,512,4,0,265299118,265299118,1,92904678,57464813,"[121233056, 39464249, 11697135]"
18,306,meta-llama/Llama-3.1-8B,512,4,0,265299118,265299118,1,92904678,57464813,"[121233056, 39464249, 11697135]"
18,450,meta-llama/Llama-3.1-8B,512,4,0,265299118,265299118,1,92904678,57464813,"[121233056, 39464249, 11697135]"
18,594,meta-llama/Llama-3.1-8B,512,4,0,358510555,358510555,92904678,214137734,48124273,"[39464249, 11697135, 93211437]"
18,738,meta-llama/Llama-3.1-8B,512,4,0,358510555,358510555,92904678,214137734,48124273,"[39464249, 11697135, 93211437]"
18,882,meta-llama/Llama-3.1-8B,512,4,0,358510555,358510555,92904678,214137734,48124273,"[39464249, 11697135, 93211437]"
18,1026,meta-llama/Llama-3.1-8B,512,4,0,461989309,461989309,214137734,253601983,69462442,"[11697135, 93211437, 103478754]"
18,1170,meta-llama/Llama-3.1-8B,512,4,0,529448034,529448034,265299118,358510555,56979159,"[103478754, 48851162, 18607563]"
18,1314,meta-llama/Llama-3.1-8B,512,4,0,529448034,529448034,265299118,358510555,56979159,"[103478754, 48851162, 18607563]"
18,1458,meta-llama/Llama-3.1-8B,512,4,0,529448034,529448034,265299118,358510555,56979159,"[103478754, 48851162, 18607563]"
18,1602,meta-llama/Llama-3.1-8B,512,4,0,604016650,604016650,358510555,461989309,47342447,"[48851162, 18607563, 74568616]"
18,1746,meta-llama/Llama-3.1-8B,512,4,0,604016650,604016650,358510555,461989309,47342447,"[48851162, 18607563, 74568616]"
18,1890,meta-llama/Llama-3.1-8B,512,4,0,604016650,604016650,358510555,461989309,47342447,"[48851162, 18607563, 74568616]"
18,2034,meta-llama/Llama-3.1-8B,512,4,0,604016650,604016650,358510555,461989309,47342447,"[48851162, 18607563, 74568616]"
18,2178,meta-llama/Llama-3.1-8B,512,4,0,640942438,640942438,461989309,510840471,43367322,"[18607563, 74568616, 36925788]"
18,2322,meta-llama/Llama-3.1-8B,512,4,0,667443808,667443808,529448034,604016650,21142386,"[36925788, 15187313, 11314057]"
18,2466,meta-llama/Llama-3.1-8B,512,4,0,667443808,667443808,529448034,604016650,21142386,"[36925788, 15187313, 11314057]"
18,2610,meta-llama/Llama-3.1-8B,512,4,0,667443808,667443808,529448034,604016650,21142386,"[36925788, 15187313, 11314057]"
18,2754,meta-llama/Llama-3.1-8B,512,4,0,678748029,678748029,604016650,640942438,12601863,"[15187313, 11314057, 11304221]"
18,2898,meta-llama/Llama-3.1-8B,520,4,3000000000,3181675252,181675252,37406,147130330,11514974,"[11513918, 11514974, 11516030]"
18,3042,meta-llama/Llama-3.1-8B,520,4,3000000000,3181675252,181675252,37406,147130330,11514974,"[11513918, 11514974, 11516030]"
18,3186,meta-llama/Llama-3.1-8B,520,4,3000000000,3181675252,181675252,37406,147130330,11514974,"[11513918, 11514974, 11516030]"
18,3330,meta-llama/Llama-3.1-8B,520,4,3000000000,3181675252,181675252,37406,147130330,11514974,"[11513918, 11514974, 11516030]"
18,3474,meta-llama/Llama-3.1-8B,520,4,3000000000,3181675252,181675252,37406,147130330,11514974,"[11513918, 11514974, 11516030]"
18,3618,meta-llama/Llama-3.1-8B,520,4,3000000000,3181675252,181675252,37406,147130330,11514974,"[11513918, 11514974, 11516030]"
18,3762,meta-llama/Llama-3.1-8B,520,4,3000000000,3181675252,181675252,37406,147130330,11514974,"[11513918, 11514974, 11516030]"
18,3906,meta-llama/Llama-3.1-8B,520,4,3000000000,3181675252,181675252,37406,147130330,11514974,"[11513918, 11514974, 11516030]"
18,4050,meta-llama/Llama-3.1-8B,520,4,3000000000,3682914628,682914628,181675252,648369706,11514974,"[11513918, 11514974, 11516030]"
18,4194,meta-llama/Llama-3.1-8B,520,4,3000000000,3682914628,682914628,181675252,648369706,11514974,"[11513918, 11514974, 11516030]"
18,4338,meta-llama/Llama-3.1-8B,520,4,3000000000,3682914628,682914628,181675252,648369706,11514974,"[11513918, 11514974, 11516030]"
18,4482,meta-llama/Llama-3.1-8B,520,4,3000000000,3682914628,682914628,181675252,648369706,11514974,"[11513918, 11514974, 11516030]"
18,4626,meta-llama/Llama-3.1-8B,520,4,3000000000,3682914628,682914628,181675252,648369706,11514974,"[11513918, 11514974, 11516030]"
18,4770,meta-llama/Llama-3.1-8B,520,4,3000000000,3682914628,682914628,181675252,648369706,11514974,"[11513918, 11514974, 11516030]"
18,4914,meta-llama/Llama-3.1-8B,520,4,3000000000,3682914628,682914628,181675252,648369706,11514974,"[11513918, 11514974, 11516030]"
18,5058,meta-llama/Llama-3.1-8B,520,4,3000000000,3682914628,682914628,181675252,648369706,11514974,"[11513918, 11514974, 11516030]"
18,5202,meta-llama/Llama-3.1-8B,520,4,3000000000,4181565256,1181565256,682914628,1147722517,11280913,"[11280401, 11280913, 11281425]"
18,5346,meta-llama/Llama-3.1-8B,520,4,3000000000,4181565256,1181565256,682914628,1147722517,11280913,"[11280401, 11280913, 11281425]"
18,5490,meta-llama/Llama-3.1-8B,520,4,3000000000,4181565256,1181565256,682914628,1147722517,11280913,"[11280401, 11280913, 11281425]"
18,5634,meta-llama/Llama-3.1-8B,520,4,3000000000,4181565256,1181565256,682914628,1147722517,11280913,"[11280401, 11280913, 11281425]"
19,19,meta-llama/Llama-3.1-8B,512,4,0,265301290,265301290,1,93430134,57290385,"[121233056, 38941734, 11696366]"
19,163,meta-llama/Llama-3.1-8B,512,4,0,265301290,265301290,1,93430134,57290385,"[121233056, 38941734, 11696366]"
19,307,meta-llama/Llama-3.1-8B,512,4,0,265301290,265301290,1,93430134,57290385,"[121233056, 38941734, 11696366]"
19,451,meta-llama/Llama-3.1-8B,512,4,0,265301290,265301290,1,93430134,57290385,"[121233056, 38941734, 11696366]"
19,595,meta-llama/Llama-3.1-8B,512,4,0,359036011,359036011,93430134,214663190,48124273,"[38941734, 11696366, 93734721]"
19,739,meta-llama/Llama-3.1-8B,512,4,0,359036011,359036011,93430134,214663190,48124273,"[38941734, 11696366, 93734721]"
19,883,meta-llama/Llama-3.1-8B,512,4,0,359036011,359036011,93430134,214663190,48124273,"[38941734, 11696366, 93734721]"
19,1027,meta-llama/Llama-3.1-8B,512,4,0,462385483,462385483,214663190,253604924,69593519,"[11696366, 93734721, 103349472]"
19,1171,meta-llama/Llama-3.1-8B,512,4,0,529606173,529606173,265301290,359036011,56856720,"[103349472, 48588237, 18632453]"
19,1315,meta-llama/Llama-3.1-8B,512,4,0,529606173,529606173,265301290,359036011,56856720,"[103349472, 48588237, 18632453]"
19,1459,meta-llama/Llama-3.1-8B,512,4,0,529606173,529606173,265301290,359036011,56856720,"[103349472, 48588237, 18632453]"
19,1603,meta-llama/Llama-3.1-8B,512,4,0,604412054,604412054,359036011,462385483,47342190,"[48588237, 18632453, 74805881]"
19,1747,meta-llama/Llama-3.1-8B,512,4,0,604412054,604412054,359036011,462385483,47342190,"[48588237, 18632453, 74805881]"
19,1891,meta-llama/Llama-3.1-8B,512,4,0,604412054,604412054,359036011,462385483,47342190,"[48588237, 18632453, 74805881]"
19,2035,meta-llama/Llama-3.1-8B,512,4,0,604412054,604412054,359036011,462385483,47342190,"[48588237, 18632453, 74805881]"
19,2179,meta-llama/Llama-3.1-8B,512,4,0,642156687,642156687,462385483,510973720,43727655,"[18632453, 74805881, 37744633]"
19,2323,meta-llama/Llama-3.1-8B,512,4,0,667444954,667444954,529606173,604412054,21010966,"[37744633, 13977582, 11310685]"
19,2467,meta-llama/Llama-3.1-8B,512,4,0,667444954,667444954,529606173,604412054,21010966,"[37744633, 13977582, 11310685]"
19,2611,meta-llama/Llama-3.1-8B,512,4,0,667444954,667444954,529606173,604412054,21010966,"[37744633, 13977582, 11310685]"
19,2755,meta-llama/Llama-3.1-8B,512,4,0,678748405,678748405,604412054,642156687,12197239,"[13977582, 11310685, 11303451]"
19,2899,meta-llama/Llama-3.1-8B,520,4,3000000000,3188636910,188636910,37406,154091988,11514974,"[11513918, 11514974, 11516030]"
19,3043,meta-llama/Llama-3.1-8B,520,4,3000000000,3188636910,188636910,37406,154091988,11514974,"[11513918, 11514974, 11516030]"
19,3187,meta-llama/Llama-3.1-8B,520,4,3000000000,3188636910,188636910,37406,154091988,11514974,"[11513918, 11514974, 11516030]"
19,3331,meta-llama/Llama-3.1-8B,520,4,3000000000,3188636910,188636910,37406,154091988,11514974,"[11513918, 11514974, 11516030]"
19,3475,meta-llama/Llama-3.1-8B,520,4,3000000000,3188636910,188636910,37406,154091988,11514974,"[11513918, 11514974, 11516030]"
19,3619,meta-llama/Llama-3.1-8B,520,4,3000000000,3188636910,188636910,37406,154091988,11514974,"[11513918, 11514974, 11516030]"
19,3763,meta-llama/Llama-3.1-8B,520,4,3000000000,3188636910,188636910,37406,154091988,11514974,"[11513918, 11514974, 11516030]"
19,3907,meta-llama/Llama-3.1-8B,520,4,3000000000,3188636910,188636910,37406,154091988,11514974,"[11513918, 11514974, 11516030]"
19,4051,meta-llama/Llama-3.1-8B,520,4,3000000000,3689876286,689876286,188636910,655331364,11514974,"[11513918, 11514974, 11516030]"
19,4195,meta-llama/Llama-3.1-8B,520,4,3000000000,3689876286,689876286,188636910,655331364,11514974,"[11513918, 11514974, 11516030]"
19,4339,meta-llama/Llama-3.1-8B,520,4,3000000000,3689876286,689876286,188636910,655331364,11514974,"[11513918, 11514974, 11516030]"
19,4483,meta-llama/Llama-3.1-8B,520,4,3000000000,3689876286,689876286,188636910,655331364,11514974,"[11513918, 11514974, 11516030]"
19,4627,meta-llama/Llama-3.1-8B,520,4,3000000000,3689876286,689876286,188636910,655331364,11514974,"[11513918, 11514974, 11516030]"
19,4771,meta-llama/Llama-3.1-8B,520,4,3000000000,3689876286,689876286,188636910,655331364,11514974,"[11513918, 11514974, 11516030]"
19,4915,meta-llama/Llama-3.1-8B,520,4,3000000000,3689876286,689876286,188636910,655331364,11514974,"[11513918, 11514974, 11516030]"
19,5059,meta-llama/Llama-3.1-8B,520,4,3000000000,3689876286,689876286,188636910,655331364,11514974,"[11513918, 11514974, 11516030]"
19,5203,meta-llama/Llama-3.1-8B,520,4,3000000000,4188526914,1188526914,689876286,1154684175,11280913,"[11280401, 11280913, 11281425]"
19,5347,meta-llama/Llama-3.1-8B,520,4,3000000000,4188526914,1188526914,689876286,1154684175,11280913,"[11280401, 11280913, 11281425]"
19,5491,meta-llama/Llama-3.1-8B,520,4,3000000000,4188526914,1188526914,689876286,1154684175,11280913,"[11280401, 11280913, 11281425]"
19,5635,meta-llama/Llama-3.1-8B,520,4,3000000000,4188526914,1188526914,689876286,1154684175,11280913,"[11280401, 11280913, 11281425]"
20,20,meta-llama/Llama-3.1-8B,512,4,0,265303462,265303462,1,93955590,57115957,"[121233056, 38419219, 11695597]"
20,164,meta-llama/Llama-3.1-8B,512,4,0,265303462,265303462,1,93955590,57115957,"[121233056, 38419219, 11695597]"
20,308,meta-llama/Llama-3.1-8B,512,4,0,265303462,265303462,1,93955590,57115957,"[121233056, 38419219, 11695597]"
20,452,meta-llama/Llama-3.1-8B,512,4,0,265303462,265303462,1,93955590,57115957,"[121233056, 38419219, 11695597]"
20,596,meta-llama/Llama-3.1-8B,512,4,0,359561467,359561467,93955590,215188646,48124273,"[38419219, 11695597, 94258005]"
20,740,meta-llama/Llama-3.1-8B,512,4,0,359561467,359561467,93955590,215188646,48124273,"[38419219, 11695597, 94258005]"
20,884,meta-llama/Llama-3.1-8B,512,4,0,359561467,359561467,93955590,215188646,48124273,"[38419219, 11695597, 94258005]"
20,1028,meta-llama/Llama-3.1-8B,512,4,0,462781657,462781657,215188646,253607865,69724597,"[11695597, 94258005, 103220190]"
20,1172,meta-llama/Llama-3.1-8B,512,4,0,529608345,529608345,265303462,359561467,56682292,"[103220190, 48325312, 18501376]"
20,1316,meta-llama/Llama-3.1-8B,512,4,0,529608345,529608345,265303462,359561467,56682292,"[103220190, 48325312, 18501376]"
20,1460,meta-llama/Llama-3.1-8B,512,4,0,529608345,529608345,265303462,359561467,56682292,"[103220190, 48325312, 18501376]"
20,1604,meta-llama/Llama-3.1-8B,512,4,0,604807458,604807458,359561467,462781657,47341933,"[48325312, 18501376, 75199113]"
20,1748,meta-llama/Llama-3.1-8B,512,4,0,604807458,604807458,359561467,462781657,47341933,"[48325312, 18501376, 75199113]"
20,1892,meta-llama/Llama-3.1-8B,512,4,0,604807458,604807458,359561467,462781657,47341933,"[48325312, 18501376, 75199113]"
20,2036,meta-llama/Llama-3.1-8B,512,4,0,604807458,604807458,359561467,462781657,47341933,"[48325312, 18501376, 75199113]"
20,2180,meta-llama/Llama-3.1-8B,512,4,0,642975532,642975532,462781657,511106969,43956187,"[18501376, 75199113, 38168074]"
20,2324,meta-llama/Llama-3.1-8B,512,4,0,667446220,667446220,529608345,604807458,20879587,"[38168074, 13160603, 11310085]"
20,2468,meta-llama/Llama-3.1-8B,512,4,0,667446220,667446220,529608345,604807458,20879587,"[38168074, 13160603, 11310085]"
20,2612,meta-llama/Llama-3.1-8B,512,4,0,667446220,667446220,529608345,604807458,20879587,"[38168074, 13160603, 11310085]"
20,2756,meta-llama/Llama-3.1-8B,512,4,0,678748781,678748781,604807458,642975532,11924416,"[13160603, 11310085, 11302561]"
20,2900,meta-llama/Llama-3.1-8B,520,4,3000000000,3195598568,195598568,37406,161053646,11514974,"[11513918, 11514974, 11516030]"
20,3044,meta-llama/Llama-3.1-8B,520,4,3000000000,3195598568,195598568,37406,161053646,11514974,"[11513918, 11514974, 11516030]"
20,3188,meta-llama/Llama-3.1-8B,520,4,3000000000,3195598568,195598568,37406,161053646,11514974,"[11513918, 11514974, 11516030]"
20,3332,meta-llama/Llama-3.1-8B,520,4,3000000000,3195598568,195598568,37406,161053646,11514974,"[11513918, 11514974, 11516030]"
20,3476,meta-llama/Llama-3.1-8B,520,4,3000000000,3195598568,195598568,37406,161053646,11514974,"[11513918, 11514974, 11516030]"
20,3620,meta-llama/Llama-3.1-8B,520,4,3000000000,3195598568,195598568,37406,161053646,11514974,"[11513918, 11514974, 11516030]"
20,3764,meta-llama/Llama-3.1-8B,520,4,3000000000,3195598568,195598568,37406,161053646,11514974,"[11513918, 11514974, 11516030]"
20,3908,meta-llama/Llama-3.1-8B,520,4,3000000000,3195598568,195598568,37406,161053646,11514974,"[11513918, 11514974, 11516030]"
20,4052,meta-llama/Llama-3.1-8B,520,4,3000000000,3696837944,696837944,195598568,662293022,11514974,"[11513918, 11514974, 11516030]"
20,4196,meta-llama/Llama-3.1-8B,520,4,3000000000,3696837944,696837944,195598568,662293022,11514974,"[11513918, 11514974, 11516030]"
20,4340,meta-llama/Llama-3.1-8B,520,4,3000000000,3696837944,696837944,195598568,662293022,11514974,"[11513918, 11514974, 11516030]"
20,4484,meta-llama/Llama-3.1-8B,520,4,3000000000,3696837944,696837944,195598568,662293022,11514974,"[11513918, 11514974, 11516030]"
20,4628,meta-llama/Llama-3.1-8B,520,4,3000000000,3696837944,696837944,195598568,662293022,11514974,"[11513918, 11514974, 11516030]"
20,4772,meta-llama/Llama-3.1-8B,520,4,3000000000,3696837944,696837944,195598568,662293022,11514974,"[11513918, 11514974, 11516030]"
20,4916,meta-llama/Llama-3.1-8B,520,4,3000000000,3696837944,696837944,195598568,662293022,11514974,"[11513918, 11514974, 11516030]"
20,5060,meta-llama/Llama-3.1-8B,520,4,3000000000,3696837944,696837944,195598568,662293022,11514974,"[11513918, 11514974, 11516030]"
20,5204,meta-llama/Llama-3.1-8B,520,4,3000000000,4195488572,1195488572,696837944,1161645833,11280913,"[11280401, 11280913, 11281425]"
20,5348,meta-llama/Llama-3.1-8B,520,4,3000000000,4195488572,1195488572,696837944,1161645833,11280913,"[11280401, 11280913, 11281425]"
20,5492,meta-llama/Llama-3.1-8B,520,4,3000000000,4195488572,1195488572,696837944,1161645833,11280913,"[11280401, 11280913, 11281425]"
20,5636,meta-llama/Llama-3.1-8B,520,4,3000000000,4195488572,1195488572,696837944,1161645833,11280913,"[11280401, 11280913, 11281425]"
21,21,meta-llama/Llama-3.1-8B,512,4,0,265305762,265305762,1,94481046,56941572,"[121233056, 37896704, 11694956]"
21,165,meta-llama/Llama-3.1-8B,512,4,0,265305762,265305762,1,94481046,56941572,"[121233056, 37896704, 11694956]"
21,309,meta-llama/Llama-3.1-8B,512,4,0,265305762,265305762,1,94481046,56941572,"[121233056, 37896704, 11694956]"
21,453,meta-llama/Llama-3.1-8B,512,4,0,265305762,265305762,1,94481046,56941572,"[121233056, 37896704, 11694956]"
21,597,meta-llama/Llama-3.1-8B,512,4,0,360086923,360086923,94481046,215714102,48124273,"[37896704, 11694956, 94781161]"
21,741,meta-llama/Llama-3.1-8B,512,4,0,360086923,360086923,94481046,215714102,48124273,"[37896704, 11694956, 94781161]"
21,885,meta-llama/Llama-3.1-8B,512,4,0,360086923,360086923,94481046,215714102,48124273,"[37896704, 11694956, 94781161]"
21,1029,meta-llama/Llama-3.1-8B,512,4,0,463177831,463177831,215714102,253610806,69855675,"[11694956, 94781161, 103090908]"
21,1173,meta-llama/Llama-3.1-8B,512,4,0,529610517,529610517,265305762,360086923,56507864,"[103090908, 48062387, 18370299]"
21,1317,meta-llama/Llama-3.1-8B,512,4,0,529610517,529610517,265305762,360086923,56507864,"[103090908, 48062387, 18370299]"
21,1461,meta-llama/Llama-3.1-8B,512,4,0,529610517,529610517,265305762,360086923,56507864,"[103090908, 48062387, 18370299]"
21,1605,meta-llama/Llama-3.1-8B,512,4,0,605230899,605230899,360086923,463177831,47351022,"[48062387, 18370299, 75620382]"
21,1749,meta-llama/Llama-3.1-8B,512,4,0,605230899,605230899,360086923,463177831,47351022,"[48062387, 18370299, 75620382]"
21,1893,meta-llama/Llama-3.1-8B,512,4,0,605230899,605230899,360086923,463177831,47351022,"[48062387, 18370299, 75620382]"
21,2037,meta-llama/Llama-3.1-8B,512,4,0,605230899,605230899,360086923,463177831,47351022,"[48062387, 18370299, 75620382]"
21,2181,meta-llama/Llama-3.1-8B,512,4,0,644189781,644189781,463177831,511240218,44316521,"[18370299, 75620382, 38958882]"
21,2325,meta-llama/Llama-3.1-8B,512,4,0,667447366,667447366,529610517,605230899,20738822,"[38958882, 11951112, 11306473]"
21,2469,meta-llama/Llama-3.1-8B,512,4,0,667447366,667447366,529610517,605230899,20738822,"[38958882, 11951112, 11306473]"
21,2613,meta-llama/Llama-3.1-8B,512,4,0,667447366,667447366,529610517,605230899,20738822,"[38958882, 11951112, 11306473]"
21,2757,meta-llama/Llama-3.1-8B,512,4,0,678749157,678749157,605230899,644189781,11519792,"[11951112, 11306473, 11301791]"
21,2901,meta-llama/Llama-3.1-8B,520,4,3000000000,3202560226,202560226,37406,168015304,11514974,"[11513918, 11514974, 11516030]"
21,3045,meta-llama/Llama-3.1-8B,520,4,3000000000,3202560226,202560226,37406,168015304,11514974,"[11513918, 11514974, 11516030]"
21,3189,meta-llama/Llama-3.1-8B,520,4,3000000000,3202560226,202560226,37406,168015304,11514974,"[11513918, 11514974, 11516030]"
21,3333,meta-llama/Llama-3.1-8B,520,4,3000000000,3202560226,202560226,37406,168015304,11514974,"[11513918, 11514974, 11516030]"
21,3477,meta-llama/Llama-3.1-8B,520,4,3000000000,3202560226,202560226,37406,168015304,11514974,"[11513918, 11514974, 11516030]"
21,3621,meta-llama/Llama-3.1-8B,520,4,3000000000,3202560226,202560226,37406,168015304,11514974,"[11513918, 11514974, 11516030]"
21,3765,meta-llama/Llama-3.1-8B,520,4,3000000000,3202560226,202560226,37406,168015304,11514974,"[11513918, 11514974, 11516030]"
21,3909,meta-llama/Llama-3.1-8B,520,4,3000000000,3202560226,202560226,37406,168015304,11514974,"[11513918, 11514974, 11516030]"
21,4053,meta-llama/Llama-3.1-8B,520,4,3000000000,3703799602,703799602,202560226,669254680,11514974,"[11513918, 11514974, 11516030]"
21,4197,meta-llama/Llama-3.1-8B,520,4,3000000000,3703799602,703799602,202560226,669254680,11514974,"[11513918, 11514974, 11516030]"
21,4341,meta-llama/Llama-3.1-8B,520,4,3000000000,3703799602,703799602,202560226,669254680,11514974,"[11513918, 11514974, 11516030]"
21,4485,meta-llama/Llama-3.1-8B,520,4,3000000000,3703799602,703799602,202560226,669254680,11514974,"[11513918, 11514974, 11516030]"
21,4629,meta-llama/Llama-3.1-8B,520,4,3000000000,3703799602,703799602,202560226,669254680,11514974,"[11513918, 11514974, 11516030]"
21,4773,meta-llama/Llama-3.1-8B,520,4,3000000000,3703799602,703799602,202560226,669254680,11514974,"[11513918, 11514974, 11516030]"
21,4917,meta-llama/Llama-3.1-8B,520,4,3000000000,3703799602,703799602,202560226,669254680,11514974,"[11513918, 11514974, 11516030]"
21,5061,meta-llama/Llama-3.1-8B,520,4,3000000000,3703799602,703799602,202560226,669254680,11514974,"[11513918, 11514974, 11516030]"
21,5205,meta-llama/Llama-3.1-8B,520,4,3000000000,4202450230,1202450230,703799602,1168607491,11280913,"[11280401, 11280913, 11281425]"
21,5349,meta-llama/Llama-3.1-8B,520,4,3000000000,4202450230,1202450230,703799602,1168607491,11280913,"[11280401, 11280913, 11281425]"
21,5493,meta-llama/Llama-3.1-8B,520,4,3000000000,4202450230,1202450230,703799602,1168607491,11280913,"[11280401, 11280913, 11281425]"
21,5637,meta-llama/Llama-3.1-8B,520,4,3000000000,4202450230,1202450230,703799602,1168607491,11280913,"[11280401, 11280913, 11281425]"
22,22,meta-llama/Llama-3.1-8B,512,4,0,265307934,265307934,1,95006502,56767144,"[121233056, 37374189, 11694187]"
22,166,meta-llama/Llama-3.1-8B,512,4,0,265307934,265307934,1,95006502,56767144,"[121233056, 37374189, 11694187]"
22,310,meta-llama/Llama-3.1-8B,512,4,0,265307934,265307934,1,95006502,56767144,"[121233056, 37374189, 11694187]"
22,454,meta-llama/Llama-3.1-8B,512,4,0,265307934,265307934,1,95006502,56767144,"[121233056, 37374189, 11694187]"
22,598,meta-llama/Llama-3.1-8B,512,4,0,360612379,360612379,95006502,216239558,48124273,"[37374189, 11694187, 95304445]"
22,742,meta-llama/Llama-3.1-8B,512,4,0,360612379,360612379,95006502,216239558,48124273,"[37374189, 11694187, 95304445]"
22,886,meta-llama/Llama-3.1-8B,512,4,0,360612379,360612379,95006502,216239558,48124273,"[37374189, 11694187, 95304445]"
22,1030,meta-llama/Llama-3.1-8B,512,4,0,463574005,463574005,216239558,253613747,69986752,"[11694187, 95304445, 102961626]"
22,1174,meta-llama/Llama-3.1-8B,512,4,0,529612689,529612689,265307934,360612379,56333436,"[102961626, 47799462, 18239222]"
22,1318,meta-llama/Llama-3.1-8B,512,4,0,529612689,529612689,265307934,360612379,56333436,"[102961626, 47799462, 18239222]"
22,1462,meta-llama/Llama-3.1-8B,512,4,0,529612689,529612689,265307934,360612379,56333436,"[102961626, 47799462, 18239222]"
22,1606,meta-llama/Llama-3.1-8B,512,4,0,605626303,605626303,360612379,463574005,47350766,"[47799462, 18239222, 76013614]"
22,1750,meta-llama/Llama-3.1-8B,512,4,0,605626303,605626303,360612379,463574005,47350766,"[47799462, 18239222, 76013614]"
22,1894,meta-llama/Llama-3.1-8B,512,4,0,605626303,605626303,360612379,463574005,47350766,"[47799462, 18239222, 76013614]"
22,2038,meta-llama/Llama-3.1-8B,512,4,0,605626303,605626303,360612379,463574005,47350766,"[47799462, 18239222, 76013614]"
22,2182,meta-llama/Llama-3.1-8B,512,4,0,645404030,645404030,463574005,511373467,44676854,"[18239222, 76013614, 39777727]"
22,2326,meta-llama/Llama-3.1-8B,512,4,0,667957152,667957152,529612689,605626303,20776949,"[39777727, 11276305, 11276817]"
22,2470,meta-llama/Llama-3.1-8B,512,4,0,667957152,667957152,529612689,605626303,20776949,"[39777727, 11276305, 11276817]"
22,2614,meta-llama/Llama-3.1-8B,512,4,0,667957152,667957152,529612689,605626303,20776949,"[39777727, 11276305, 11276817]"
22,2758,meta-llama/Llama-3.1-8B,512,4,0,679242225,679242225,605626303,645404030,11279398,"[11276305, 11276817, 11285073]"
22,2902,meta-llama/Llama-3.1-8B,520,4,3000000000,3209521884,209521884,37406,174976962,11514974,"[11513918, 11514974, 11516030]"
22,3046,meta-llama/Llama-3.1-8B,520,4,3000000000,3209521884,209521884,37406,174976962,11514974,"[11513918, 11514974, 11516030]"
22,3190,meta-llama/Llama-3.1-8B,520,4,3000000000,3209521884,209521884,37406,174976962,11514974,"[11513918, 11514974, 11516030]"
22,3334,meta-llama/Llama-3.1-8B,520,4,3000000000,3209521884,209521884,37406,174976962,11514974,"[11513918, 11514974, 11516030]"
22,3478,meta-llama/Llama-3.1-8B,520,4,3000000000,3209521884,209521884,37406,174976962,11514974,"[11513918, 11514974, 11516030]"
22,3622,meta-llama/Llama-3.1-8B,520,4,3000000000,3209521884,209521884,37406,174976962,11514974,"[11513918, 11514974, 11516030]"
22,3766,meta-llama/Llama-3.1-8B,520,4,3000000000,3209521884,209521884,37406,174976962,11514974,"[11513918, 11514974, 11516030]"
22,3910,meta-llama/Llama-3.1-8B,520,4,3000000000,3209521884,209521884,37406,174976962,11514974,"[11513918, 11514974, 11516030]"
22,4054,meta-llama/Llama-3.1-8B,520,4,3000000000,3710761260,710761260,209521884,676216338,11514974,"[11513918, 11514974, 11516030]"
22,4198,meta-llama/Llama-3.1-8B,520,4,3000000000,3710761260,710761260,209521884,676216338,11514974,"[11513918, 11514974, 11516030]"
22,4342,meta-llama/Llama-3.1-8B,520,4,3000000000,3710761260,710761260,209521884,676216338,11514974,"[11513918, 11514974, 11516030]"
22,4486,meta-llama/Llama-3.1-8B,520,4,3000000000,3710761260,710761260,209521884,676216338,11514974,"[11513918, 11514974, 11516030]"
22,4630,meta-llama/Llama-3.1-8B,520,4,3000000000,3710761260,710761260,209521884,676216338,11514974,"[11513918, 11514974, 11516030]"
22,4774,meta-llama/Llama-3.1-8B,520,4,3000000000,3710761260,710761260,209521884,676216338,11514974,"[11513918, 11514974, 11516030]"
22,4918,meta-llama/Llama-3.1-8B,520,4,3000000000,3710761260,710761260,209521884,676216338,11514974,"[11513918, 11514974, 11516030]"
22,5062,meta-llama/Llama-3.1-8B,520,4,3000000000,3710761260,710761260,209521884,676216338,11514974,"[11513918, 11514974, 11516030]"
22,5206,meta-llama/Llama-3.1-8B,520,4,3000000000,4209411888,1209411888,710761260,1175569149,11280913,"[11280401, 11280913, 11281425]"
22,5350,meta-llama/Llama-3.1-8B,520,4,3000000000,4209411888,1209411888,710761260,1175569149,11280913,"[11280401, 11280913, 11281425]"
22,5494,meta-llama/Llama-3.1-8B,520,4,3000000000,4209411888,1209411888,710761260,1175569149,11280913,"[11280401, 11280913, 11281425]"
22,5638,meta-llama/Llama-3.1-8B,520,4,3000000000,4209411888,1209411888,710761260,1175569149,11280913,"[11280401, 11280913, 11281425]"
23,23,meta-llama/Llama-3.1-8B,512,4,0,265310106,265310106,1,95531958,56592716,"[121233056, 36851674, 11693418]"
23,167,meta-llama/Llama-3.1-8B,512,4,0,265310106,265310106,1,95531958,56592716,"[121233056, 36851674, 11693418]"
23,311,meta-llama/Llama-3.1-8B,512,4,0,265310106,265310106,1,95531958,56592716,"[121233056, 36851674, 11693418]"
23,455,meta-llama/Llama-3.1-8B,512,4,0,265310106,265310106,1,95531958,56592716,"[121233056, 36851674, 11693418]"
23,599,meta-llama/Llama-3.1-8B,512,4,0,361137835,361137835,95531958,216765014,48124273,"[36851674, 11693418, 95827729]"
23,743,meta-llama/Llama-3.1-8B,512,4,0,361137835,361137835,95531958,216765014,48124273,"[36851674, 11693418, 95827729]"
23,887,meta-llama/Llama-3.1-8B,512,4,0,361137835,361137835,95531958,216765014,48124273,"[36851674, 11693418, 95827729]"
23,1031,meta-llama/Llama-3.1-8B,512,4,0,463970179,463970179,216765014,253616688,70117830,"[11693418, 95827729, 102832344]"
23,1175,meta-llama/Llama-3.1-8B,512,4,0,529614861,529614861,265310106,361137835,56159008,"[102832344, 47536537, 18108145]"
23,1319,meta-llama/Llama-3.1-8B,512,4,0,529614861,529614861,265310106,361137835,56159008,"[102832344, 47536537, 18108145]"
23,1463,meta-llama/Llama-3.1-8B,512,4,0,529614861,529614861,265310106,361137835,56159008,"[102832344, 47536537, 18108145]"
23,1607,meta-llama/Llama-3.1-8B,512,4,0,606049744,606049744,361137835,463970179,47359855,"[47536537, 18108145, 76434883]"
23,1751,meta-llama/Llama-3.1-8B,512,4,0,606049744,606049744,361137835,463970179,47359855,"[47536537, 18108145, 76434883]"
23,1895,meta-llama/Llama-3.1-8B,512,4,0,606049744,606049744,361137835,463970179,47359855,"[47536537, 18108145, 76434883]"
23,2039,meta-llama/Llama-3.1-8B,512,4,0,606049744,606049744,361137835,463970179,47359855,"[47536537, 18108145, 76434883]"
23,2183,meta-llama/Llama-3.1-8B,512,4,0,646222875,646222875,463970179,511506716,44905386,"[18108145, 76434883, 40173131]"
23,2327,meta-llama/Llama-3.1-8B,512,4,0,668775997,668775997,529614861,606049744,20908751,"[40173131, 11276305, 11276817]"
23,2471,meta-llama/Llama-3.1-8B,512,4,0,668775997,668775997,529614861,606049744,20908751,"[40173131, 11276305, 11276817]"
23,2615,meta-llama/Llama-3.1-8B,512,4,0,668775997,668775997,529614861,606049744,20908751,"[40173131, 11276305, 11276817]"
23,2759,meta-llama/Llama-3.1-8B,512,4,0,680061070,680061070,606049744,646222875,11279398,"[11276305, 11276817, 11285073]"
23,2903,meta-llama/Llama-3.1-8B,520,4,3000000000,3216483542,216483542,37406,181938620,11514974,"[11513918, 11514974, 11516030]"
23,3047,meta-llama/Llama-3.1-8B,520,4,3000000000,3216483542,216483542,37406,181938620,11514974,"[11513918, 11514974, 11516030]"
23,3191,meta-llama/Llama-3.1-8B,520,4,3000000000,3216483542,216483542,37406,181938620,11514974,"[11513918, 11514974, 11516030]"
23,3335,meta-llama/Llama-3.1-8B,520,4,3000000000,3216483542,216483542,37406,181938620,11514974,"[11513918, 11514974, 11516030]"
23,3479,meta-llama/Llama-3.1-8B,520,4,3000000000,3216483542,216483542,37406,181938620,11514974,"[11513918, 11514974, 11516030]"
23,3623,meta-llama/Llama-3.1-8B,520,4,3000000000,3216483542,216483542,37406,181938620,11514974,"[11513918, 11514974, 11516030]"
23,3767,meta-llama/Llama-3.1-8B,520,4,3000000000,3216483542,216483542,37406,181938620,11514974,"[11513918, 11514974, 11516030]"
23,3911,meta-llama/Llama-3.1-8B,520,4,3000000000,3216483542,216483542,37406,181938620,11514974,"[11513918, 11514974, 11516030]"
23,4055,meta-llama/Llama-3.1-8B,520,4,3000000000,3717722918,717722918,216483542,683177996,11514974,"[11513918, 11514974, 11516030]"
23,4199,meta-llama/Llama-3.1-8B,520,4,3000000000,3717722918,717722918,216483542,683177996,11514974,"[11513918, 11514974, 11516030]"
23,4343,meta-llama/Llama-3.1-8B,520,4,3000000000,3717722918,717722918,216483542,683177996,11514974,"[11513918, 11514974, 11516030]"
23,4487,meta-llama/Llama-3.1-8B,520,4,3000000000,3717722918,717722918,216483542,683177996,11514974,"[11513918, 11514974, 11516030]"
23,4631,meta-llama/Llama-3.1-8B,520,4,3000000000,3717722918,717722918,216483542,683177996,11514974,"[11513918, 11514974, 11516030]"
23,4775,meta-llama/Llama-3.1-8B,520,4,3000000000,3717722918,717722918,216483542,683177996,11514974,"[11513918, 11514974, 11516030]"
23,4919,meta-llama/Llama-3.1-8B,520,4,3000000000,3717722918,717722918,216483542,683177996,11514974,"[11513918, 11514974, 11516030]"
23,5063,meta-llama/Llama-3.1-8B,520,4,3000000000,3717722918,717722918,216483542,683177996,11514974,"[11513918, 11514974, 11516030]"
23,5207,meta-llama/Llama-3.1-8B,520,4,3000000000,4216373546,1216373546,717722918,1182530807,11280913,"[11280401, 11280913, 11281425]"
23,5351,meta-llama/Llama-3.1-8B,520,4,3000000000,4216373546,1216373546,717722918,1182530807,11280913,"[11280401, 11280913, 11281425]"
23,5495,meta-llama/Llama-3.1-8B,520,4,3000000000,4216373546,1216373546,717722918,1182530807,11280913,"[11280401, 11280913, 11281425]"
23,5639,meta-llama/Llama-3.1-8B,520,4,3000000000,4216373546,1216373546,717722918,1182530807,11280913,"[11280401, 11280913, 11281425]"
24,24,meta-llama/Llama-3.1-8B,512,4,0,265312278,265312278,1,96057414,56418288,"[121233056, 36329159, 11692649]"
24,168,meta-llama/Llama-3.1-8B,512,4,0,265312278,265312278,1,96057414,56418288,"[121233056, 36329159, 11692649]"
24,312,meta-llama/Llama-3.1-8B,512,4,0,265312278,265312278,1,96057414,56418288,"[121233056, 36329159, 11692649]"
24,456,meta-llama/Llama-3.1-8B,512,4,0,265312278,265312278,1,96057414,56418288,"[121233056, 36329159, 11692649]"
24,600,meta-llama/Llama-3.1-8B,512,4,0,361663291,361663291,96057414,217290470,48124273,"[36329159, 11692649, 96351013]"
24,744,meta-llama/Llama-3.1-8B,512,4,0,361663291,361663291,96057414,217290470,48124273,"[36329159, 11692649, 96351013]"
24,888,meta-llama/Llama-3.1-8B,512,4,0,361663291,361663291,96057414,217290470,48124273,"[36329159, 11692649, 96351013]"
24,1032,meta-llama/Llama-3.1-8B,512,4,0,464366353,464366353,217290470,253619629,70248908,"[11692649, 96351013, 102703062]"
24,1176,meta-llama/Llama-3.1-8B,512,4,0,529617033,529617033,265312278,361663291,55984580,"[102703062, 47273612, 17977068]"
24,1320,meta-llama/Llama-3.1-8B,512,4,0,529617033,529617033,265312278,361663291,55984580,"[102703062, 47273612, 17977068]"
24,1464,meta-llama/Llama-3.1-8B,512,4,0,529617033,529617033,265312278,361663291,55984580,"[102703062, 47273612, 17977068]"
24,1608,meta-llama/Llama-3.1-8B,512,4,0,606445148,606445148,361663291,464366353,47359598,"[47273612, 17977068, 76828115]"
24,1752,meta-llama/Llama-3.1-8B,512,4,0,606445148,606445148,361663291,464366353,47359598,"[47273612, 17977068, 76828115]"
24,1896,meta-llama/Llama-3.1-8B,512,4,0,606445148,606445148,361663291,464366353,47359598,"[47273612, 17977068, 76828115]"
24,2040,meta-llama/Llama-3.1-8B,512,4,0,606445148,606445148,361663291,464366353,47359598,"[47273612, 17977068, 76828115]"
24,2184,meta-llama/Llama-3.1-8B,512,4,0,647437124,647437124,464366353,511639965,45265719,"[17977068, 76828115, 40991976]"
24,2328,meta-llama/Llama-3.1-8B,512,4,0,669990246,669990246,529617033,606445148,21181699,"[40991976, 11276305, 11276817]"
24,2472,meta-llama/Llama-3.1-8B,512,4,0,669990246,669990246,529617033,606445148,21181699,"[40991976, 11276305, 11276817]"
24,2616,meta-llama/Llama-3.1-8B,512,4,0,669990246,669990246,529617033,606445148,21181699,"[40991976, 11276305, 11276817]"
24,2760,meta-llama/Llama-3.1-8B,512,4,0,681275319,681275319,606445148,647437124,11279398,"[11276305, 11276817, 11285073]"
24,2904,meta-llama/Llama-3.1-8B,520,4,3000000000,3223445200,223445200,37406,188900278,11514974,"[11513918, 11514974, 11516030]"
24,3048,meta-llama/Llama-3.1-8B,520,4,3000000000,3223445200,223445200,37406,188900278,11514974,"[11513918, 11514974, 11516030]"
24,3192,meta-llama/Llama-3.1-8B,520,4,3000000000,3223445200,223445200,37406,188900278,11514974,"[11513918, 11514974, 11516030]"
24,3336,meta-llama/Llama-3.1-8B,520,4,3000000000,3223445200,223445200,37406,188900278,11514974,"[11513918, 11514974, 11516030]"
24,3480,meta-llama/Llama-3.1-8B,520,4,3000000000,3223445200,223445200,37406,188900278,11514974,"[11513918, 11514974, 11516030]"
24,3624,meta-llama/Llama-3.1-8B,520,4,3000000000,3223445200,223445200,37406,188900278,11514974,"[11513918, 11514974, 11516030]"
24,3768,meta-llama/Llama-3.1-8B,520,4,3000000000,3223445200,223445200,37406,188900278,11514974,"[11513918, 11514974, 11516030]"
24,3912,meta-llama/Llama-3.1-8B,520,4,3000000000,3223445200,223445200,37406,188900278,11514974,"[11513918, 11514974, 11516030]"
24,4056,meta-llama/Llama-3.1-8B,520,4,3000000000,3724684576,724684576,223445200,690139654,11514974,"[11513918, 11514974, 11516030]"
24,4200,meta-llama/Llama-3.1-8B,520,4,3000000000,3724684576,724684576,223445200,690139654,11514974,"[11513918, 11514974, 11516030]"
24,4344,meta-llama/Llama-3.1-8B,520,4,3000000000,3724684576,724684576,223445200,690139654,11514974,"[11513918, 11514974, 11516030]"
24,4488,meta-llama/Llama-3.1-8B,520,4,3000000000,3724684576,724684576,223445200,690139654,11514974,"[11513918, 11514974, 11516030]"
24,4632,meta-llama/Llama-3.1-8B,520,4,3000000000,3724684576,724684576,223445200,690139654,11514974,"[11513918, 11514974, 11516030]"
24,4776,meta-llama/Llama-3.1-8B,520,4,3000000000,3724684576,724684576,223445200,690139654,11514974,"[11513918, 11514974, 11516030]"
24,4920,meta-llama/Llama-3.1-8B,520,4,3000000000,3724684576,724684576,223445200,690139654,11514974,"[11513918, 11514974, 11516030]"
24,5064,meta-llama/Llama-3.1-8B,520,4,3000000000,3724684576,724684576,223445200,690139654,11514974,"[11513918, 11514974, 11516030]"
24,5208,meta-llama/Llama-3.1-8B,520,4,3000000000,4223335204,1223335204,724684576,1189492465,11280913,"[11280401, 11280913, 11281425]"
24,5352,meta-llama/Llama-3.1-8B,520,4,3000000000,4223335204,1223335204,724684576,1189492465,11280913,"[11280401, 11280913, 11281425]"
24,5496,meta-llama/Llama-3.1-8B,520,4,3000000000,4223335204,1223335204,724684576,1189492465,11280913,"[11280401, 11280913, 11281425]"
24,5640,meta-llama/Llama-3.1-8B,520,4,3000000000,4223335204,1223335204,724684576,1189492465,11280913,"[11280401, 11280913, 11281425]"
25,25,meta-llama/Llama-3.1-8B,512,4,0,265314450,265314450,1,96582870,56243860,"[121233056, 35806764, 11691760]"
25,169,meta-llama/Llama-3.1-8B,512,4,0,265314450,265314450,1,96582870,56243860,"[121233056, 35806764, 11691760]"
25,313,meta-llama/Llama-3.1-8B,512,4,0,265314450,265314450,1,96582870,56243860,"[121233056, 35806764, 11691760]"
25,457,meta-llama/Llama-3.1-8B,512,4,0,265314450,265314450,1,96582870,56243860,"[121233056, 35806764, 11691760]"
25,601,meta-llama/Llama-3.1-8B,512,4,0,362188747,362188747,96582870,217815926,48124273,"[35806764, 11691760, 96874297]"
25,745,meta-llama/Llama-3.1-8B,512,4,0,362188747,362188747,96582870,217815926,48124273,"[35806764, 11691760, 96874297]"
25,889,meta-llama/Llama-3.1-8B,512,4,0,362188747,362188747,96582870,217815926,48124273,"[35806764, 11691760, 96874297]"
25,1033,meta-llama/Llama-3.1-8B,512,4,0,464762527,464762527,217815926,253622690,70379945,"[11691760, 96874297, 102573780]"
25,1177,meta-llama/Llama-3.1-8B,512,4,0,529619205,529619205,265314450,362188747,55810152,"[102573780, 47010687, 17845991]"
25,1321,meta-llama/Llama-3.1-8B,512,4,0,529619205,529619205,265314450,362188747,55810152,"[102573780, 47010687, 17845991]"
25,1465,meta-llama/Llama-3.1-8B,512,4,0,529619205,529619205,265314450,362188747,55810152,"[102573780, 47010687, 17845991]"
25,1609,meta-llama/Llama-3.1-8B,512,4,0,606840552,606840552,362188747,464762527,47359341,"[47010687, 17845991, 77221347]"
25,1753,meta-llama/Llama-3.1-8B,512,4,0,606840552,606840552,362188747,464762527,47359341,"[47010687, 17845991, 77221347]"
25,1897,meta-llama/Llama-3.1-8B,512,4,0,606840552,606840552,362188747,464762527,47359341,"[47010687, 17845991, 77221347]"
25,2041,meta-llama/Llama-3.1-8B,512,4,0,606840552,606840552,362188747,464762527,47359341,"[47010687, 17845991, 77221347]"
25,2185,meta-llama/Llama-3.1-8B,512,4,0,648255969,648255969,464762527,511773214,45494251,"[17845991, 77221347, 41415417]"
25,2329,meta-llama/Llama-3.1-8B,512,4,0,670811383,670811383,529619205,606840552,21323610,"[41415417, 11277451, 11277963]"
25,2473,meta-llama/Llama-3.1-8B,512,4,0,670811383,670811383,529619205,606840552,21323610,"[41415417, 11277451, 11277963]"
25,2617,meta-llama/Llama-3.1-8B,512,4,0,670811383,670811383,529619205,606840552,21323610,"[41415417, 11277451, 11277963]"
25,2761,meta-llama/Llama-3.1-8B,512,4,0,682096456,682096456,606840552,648255969,11280162,"[11277451, 11277963, 11285073]"
25,2905,meta-llama/Llama-3.1-8B,520,4,3000000000,3230406858,230406858,37406,195861936,11514974,"[11513918, 11514974, 11516030]"
25,3049,meta-llama/Llama-3.1-8B,520,4,3000000000,3230406858,230406858,37406,195861936,11514974,"[11513918, 11514974, 11516030]"
25,3193,meta-llama/Llama-3.1-8B,520,4,3000000000,3230406858,230406858,37406,195861936,11514974,"[11513918, 11514974, 11516030]"
25,3337,meta-llama/Llama-3.1-8B,520,4,3000000000,3230406858,230406858,37406,195861936,11514974,"[11513918, 11514974, 11516030]"
25,3481,meta-llama/Llama-3.1-8B,520,4,3000000000,3230406858,230406858,37406,195861936,11514974,"[11513918, 11514974, 11516030]"
25,3625,meta-llama/Llama-3.1-8B,520,4,3000000000,3230406858,230406858,37406,195861936,11514974,"[11513918, 11514974, 11516030]"
25,3769,meta-llama/Llama-3.1-8B,520,4,3000000000,3230406858,230406858,37406,195861936,11514974,"[11513918, 11514974, 11516030]"
25,3913,meta-llama/Llama-3.1-8B,520,4,3000000000,3230406858,230406858,37406,195861936,11514974,"[11513918, 11514974, 11516030]"
25,4057,meta-llama/Llama-3.1-8B,520,4,3000000000,3731646234,731646234,230406858,697101312,11514974,"[11513918, 11514974, 11516030]"
25,4201,meta-llama/Llama-3.1-8B,520,4,3000000000,3731646234,731646234,230406858,697101312,11514974,"[11513918, 11514974, 11516030]"
25,4345,meta-llama/Llama-3.1-8B,520,4,3000000000,3731646234,731646234,230406858,697101312,11514974,"[11513918, 11514974, 11516030]"
25,4489,meta-llama/Llama-3.1-8B,520,4,3000000000,3731646234,731646234,230406858,697101312,11514974,"[11513918, 11514974, 11516030]"
25,4633,meta-llama/Llama-3.1-8B,520,4,3000000000,3731646234,731646234,230406858,697101312,11514974,"[11513918, 11514974, 11516030]"
25,4777,meta-llama/Llama-3.1-8B,520,4,3000000000,3731646234,731646234,230406858,697101312,11514974,"[11513918, 11514974, 11516030]"
25,4921,meta-llama/Llama-3.1-8B,520,4,3000000000,3731646234,731646234,230406858,697101312,11514974,"[11513918, 11514974, 11516030]"
25,5065,meta-llama/Llama-3.1-8B,520,4,3000000000,3731646234,731646234,230406858,697101312,11514974,"[11513918, 11514974, 11516030]"
25,5209,meta-llama/Llama-3.1-8B,520,4,3000000000,4230296862,1230296862,731646234,1196454123,11280913,"[11280401, 11280913, 11281425]"
25,5353,meta-llama/Llama-3.1-8B,520,4,3000000000,4230296862,1230296862,731646234,1196454123,11280913,"[11280401, 11280913, 11281425]"
25,5497,meta-llama/Llama-3.1-8B,520,4,3000000000,4230296862,1230296862,731646234,1196454123,11280913,"[11280401, 11280913, 11281425]"
25,5641,meta-llama/Llama-3.1-8B,520,4,3000000000,4230296862,1230296862,731646234,1196454123,11280913,"[11280401, 11280913, 11281425]"
26,26,meta-llama/Llama-3.1-8B,512,4,0,265316622,265316622,1,97108326,56069432,"[121233056, 35284249, 11690991]"
26,170,meta-llama/Llama-3.1-8B,512,4,0,265316622,265316622,1,97108326,56069432,"[121233056, 35284249, 11690991]"
26,314,meta-llama/Llama-3.1-8B,512,4,0,265316622,265316622,1,97108326,56069432,"[121233056, 35284249, 11690991]"
26,458,meta-llama/Llama-3.1-8B,512,4,0,265316622,265316622,1,97108326,56069432,"[121233056, 35284249, 11690991]"
26,602,meta-llama/Llama-3.1-8B,512,4,0,362714203,362714203,97108326,218341382,48124273,"[35284249, 11690991, 97397581]"
26,746,meta-llama/Llama-3.1-8B,512,4,0,362714203,362714203,97108326,218341382,48124273,"[35284249, 11690991, 97397581]"
26,890,meta-llama/Llama-3.1-8B,512,4,0,362714203,362714203,97108326,218341382,48124273,"[35284249, 11690991, 97397581]"
26,1034,meta-llama/Llama-3.1-8B,512,4,0,465158701,465158701,218341382,253625631,70511023,"[11690991, 97397581, 102444498]"
26,1178,meta-llama/Llama-3.1-8B,512,4,0,529621377,529621377,265316622,362714203,55635724,"[102444498, 46747762, 17714914]"
26,1322,meta-llama/Llama-3.1-8B,512,4,0,529621377,529621377,265316622,362714203,55635724,"[102444498, 46747762, 17714914]"
26,1466,meta-llama/Llama-3.1-8B,512,4,0,529621377,529621377,265316622,362714203,55635724,"[102444498, 46747762, 17714914]"
26,1610,meta-llama/Llama-3.1-8B,512,4,0,607263993,607263993,362714203,465158701,47368430,"[46747762, 17714914, 77642616]"
26,1754,meta-llama/Llama-3.1-8B,512,4,0,607263993,607263993,362714203,465158701,47368430,"[46747762, 17714914, 77642616]"
26,1898,meta-llama/Llama-3.1-8B,512,4,0,607263993,607263993,362714203,465158701,47368430,"[46747762, 17714914, 77642616]"
26,2042,meta-llama/Llama-3.1-8B,512,4,0,607263993,607263993,362714203,465158701,47368430,"[46747762, 17714914, 77642616]"
26,2186,meta-llama/Llama-3.1-8B,512,4,0,649470218,649470218,465158701,511906463,45854585,"[17714914, 77642616, 42206225]"
26,2330,meta-llama/Llama-3.1-8B,512,4,0,672023340,672023340,529621377,607263993,21586449,"[42206225, 11276305, 11276817]"
26,2474,meta-llama/Llama-3.1-8B,512,4,0,672023340,672023340,529621377,607263993,21586449,"[42206225, 11276305, 11276817]"
26,2618,meta-llama/Llama-3.1-8B,512,4,0,672023340,672023340,529621377,607263993,21586449,"[42206225, 11276305, 11276817]"
26,2762,meta-llama/Llama-3.1-8B,512,4,0,683308413,683308413,607263993,649470218,11279398,"[11276305, 11276817, 11285073]"
26,2906,meta-llama/Llama-3.1-8B,520,4,3000000000,3237368516,237368516,37406,202823594,11514974,"[11513918, 11514974, 11516030]"
26,3050,meta-llama/Llama-3.1-8B,520,4,3000000000,3237368516,237368516,37406,202823594,11514974,"[11513918, 11514974, 11516030]"
26,3194,meta-llama/Llama-3.1-8B,520,4,3000000000,3237368516,237368516,37406,202823594,11514974,"[11513918, 11514974, 11516030]"
26,3338,meta-llama/Llama-3.1-8B,520,4,3000000000,3237368516,237368516,37406,202823594,11514974,"[11513918, 11514974, 11516030]"
26,3482,meta-llama/Llama-3.1-8B,520,4,3000000000,3237368516,237368516,37406,202823594,11514974,"[11513918, 11514974, 11516030]"
26,3626,meta-llama/Llama-3.1-8B,520,4,3000000000,3237368516,237368516,37406,202823594,11514974,"[11513918, 11514974, 11516030]"
26,3770,meta-llama/Llama-3.1-8B,520,4,3000000000,3237368516,237368516,37406,202823594,11514974,"[11513918, 11514974, 11516030]"
26,3914,meta-llama/Llama-3.1-8B,520,4,3000000000,3237368516,237368516,37406,202823594,11514974,"[11513918, 11514974, 11516030]"
26,4058,meta-llama/Llama-3.1-8B,520,4,3000000000,3738607892,738607892,237368516,704062970,11514974,"[11513918, 11514974, 11516030]"
26,4202,meta-llama/Llama-3.1-8B,520,4,3000000000,3738607892,738607892,237368516,704062970,11514974,"[11513918, 11514974, 11516030]"
26,4346,meta-llama/Llama-3.1-8B,520,4,3000000000,3738607892,738607892,237368516,704062970,11514974,"[11513918, 11514974, 11516030]"
26,4490,meta-llama/Llama-3.1-8B,520,4,3000000000,3738607892,738607892,237368516,704062970,11514974,"[11513918, 11514974, 11516030]"
26,4634,meta-llama/Llama-3.1-8B,520,4,3000000000,3738607892,738607892,237368516,704062970,11514974,"[11513918, 11514974, 11516030]"
26,4778,meta-llama/Llama-3.1-8B,520,4,3000000000,3738607892,738607892,237368516,704062970,11514974,"[11513918, 11514974, 11516030]"
26,4922,meta-llama/Llama-3.1-8B,520,4,3000000000,3738607892,738607892,237368516,704062970,11514974,"[11513918, 11514974, 11516030]"
26,5066,meta-llama/Llama-3.1-8B,520,4,3000000000,3738607892,738607892,237368516,704062970,11514974,"[11513918, 11514974, 11516030]"
26,5210,meta-llama/Llama-3.1-8B,520,4,3000000000,4237258520,1237258520,738607892,1203415781,11280913,"[11280401, 11280913, 11281425]"
26,5354,meta-llama/Llama-3.1-8B,520,4,3000000000,4237258520,1237258520,738607892,1203415781,11280913,"[11280401, 11280913, 11281425]"
26,5498,meta-llama/Llama-3.1-8B,520,4,3000000000,4237258520,1237258520,738607892,1203415781,11280913,"[11280401, 11280913, 11281425]"
26,5642,meta-llama/Llama-3.1-8B,520,4,3000000000,4237258520,1237258520,738607892,1203415781,11280913,"[11280401, 11280913, 11281425]"
27,27,meta-llama/Llama-3.1-8B,512,4,0,265318794,265318794,1,97633782,55895004,"[121233056, 34761734, 11690222]"
27,171,meta-llama/Llama-3.1-8B,512,4,0,265318794,265318794,1,97633782,55895004,"[121233056, 34761734, 11690222]"
27,315,meta-llama/Llama-3.1-8B,512,4,0,265318794,265318794,1,97633782,55895004,"[121233056, 34761734, 11690222]"
27,459,meta-llama/Llama-3.1-8B,512,4,0,265318794,265318794,1,97633782,55895004,"[121233056, 34761734, 11690222]"
27,603,meta-llama/Llama-3.1-8B,512,4,0,363239659,363239659,97633782,218866838,48124273,"[34761734, 11690222, 97920865]"
27,747,meta-llama/Llama-3.1-8B,512,4,0,363239659,363239659,97633782,218866838,48124273,"[34761734, 11690222, 97920865]"
27,891,meta-llama/Llama-3.1-8B,512,4,0,363239659,363239659,97633782,218866838,48124273,"[34761734, 11690222, 97920865]"
27,1035,meta-llama/Llama-3.1-8B,512,4,0,465554875,465554875,218866838,253628572,70642101,"[11690222, 97920865, 102315216]"
27,1179,meta-llama/Llama-3.1-8B,512,4,0,529623549,529623549,265318794,363239659,55461296,"[102315216, 46484837, 17583837]"
27,1323,meta-llama/Llama-3.1-8B,512,4,0,529623549,529623549,265318794,363239659,55461296,"[102315216, 46484837, 17583837]"
27,1467,meta-llama/Llama-3.1-8B,512,4,0,529623549,529623549,265318794,363239659,55461296,"[102315216, 46484837, 17583837]"
27,1611,meta-llama/Llama-3.1-8B,512,4,0,607659397,607659397,363239659,465554875,47368174,"[46484837, 17583837, 78035848]"
27,1755,meta-llama/Llama-3.1-8B,512,4,0,607659397,607659397,363239659,465554875,47368174,"[46484837, 17583837, 78035848]"
27,1899,meta-llama/Llama-3.1-8B,512,4,0,607659397,607659397,363239659,465554875,47368174,"[46484837, 17583837, 78035848]"
27,2043,meta-llama/Llama-3.1-8B,512,4,0,607659397,607659397,363239659,465554875,47368174,"[46484837, 17583837, 78035848]"
27,2187,meta-llama/Llama-3.1-8B,512,4,0,650289063,650289063,465554875,512039712,46083117,"[17583837, 78035848, 42629666]"
27,2331,meta-llama/Llama-3.1-8B,512,4,0,673377835,673377835,529623549,607659397,21906146,"[42629666, 11811955, 11276817]"
27,2475,meta-llama/Llama-3.1-8B,512,4,0,673377835,673377835,529623549,607659397,21906146,"[42629666, 11811955, 11276817]"
27,2619,meta-llama/Llama-3.1-8B,512,4,0,673377835,673377835,529623549,607659397,21906146,"[42629666, 11811955, 11276817]"
27,2763,meta-llama/Llama-3.1-8B,512,4,0,684662908,684662908,607659397,650289063,11457948,"[11811955, 11276817, 11285073]"
27,2907,meta-llama/Llama-3.1-8B,520,4,3000000000,3244330174,244330174,37406,209785252,11514974,"[11513918, 11514974, 11516030]"
27,3051,meta-llama/Llama-3.1-8B,520,4,3000000000,3244330174,244330174,37406,209785252,11514974,"[11513918, 11514974, 11516030]"
27,3195,meta-llama/Llama-3.1-8B,520,4,3000000000,3244330174,244330174,37406,209785252,11514974,"[11513918, 11514974, 11516030]"
27,3339,meta-llama/Llama-3.1-8B,520,4,3000000000,3244330174,244330174,37406,209785252,11514974,"[11513918, 11514974, 11516030]"
27,3483,meta-llama/Llama-3.1-8B,520,4,3000000000,3244330174,244330174,37406,209785252,11514974,"[11513918, 11514974, 11516030]"
27,3627,meta-llama/Llama-3.1-8B,520,4,3000000000,3244330174,244330174,37406,209785252,11514974,"[11513918, 11514974, 11516030]"
27,3771,meta-llama/Llama-3.1-8B,520,4,3000000000,3244330174,244330174,37406,209785252,11514974,"[11513918, 11514974, 11516030]"
27,3915,meta-llama/Llama-3.1-8B,520,4,3000000000,3244330174,244330174,37406,209785252,11514974,"[11513918, 11514974, 11516030]"
27,4059,meta-llama/Llama-3.1-8B,520,4,3000000000,3745569550,745569550,244330174,711024628,11514974,"[11513918, 11514974, 11516030]"
27,4203,meta-llama/Llama-3.1-8B,520,4,3000000000,3745569550,745569550,244330174,711024628,11514974,"[11513918, 11514974, 11516030]"
27,4347,meta-llama/Llama-3.1-8B,520,4,3000000000,3745569550,745569550,244330174,711024628,11514974,"[11513918, 11514974, 11516030]"
27,4491,meta-llama/Llama-3.1-8B,520,4,3000000000,3745569550,745569550,244330174,711024628,11514974,"[11513918, 11514974, 11516030]"
27,4635,meta-llama/Llama-3.1-8B,520,4,3000000000,3745569550,745569550,244330174,711024628,11514974,"[11513918, 11514974, 11516030]"
27,4779,meta-llama/Llama-3.1-8B,520,4,3000000000,3745569550,745569550,244330174,711024628,11514974,"[11513918, 11514974, 11516030]"
27,4923,meta-llama/Llama-3.1-8B,520,4,3000000000,3745569550,745569550,244330174,711024628,11514974,"[11513918, 11514974, 11516030]"
27,5067,meta-llama/Llama-3.1-8B,520,4,3000000000,3745569550,745569550,244330174,711024628,11514974,"[11513918, 11514974, 11516030]"
27,5211,meta-llama/Llama-3.1-8B,520,4,3000000000,4244220178,1244220178,745569550,1210377439,11280913,"[11280401, 11280913, 11281425]"
27,5355,meta-llama/Llama-3.1-8B,520,4,3000000000,4244220178,1244220178,745569550,1210377439,11280913,"[11280401, 11280913, 11281425]"
27,5499,meta-llama/Llama-3.1-8B,520,4,3000000000,4244220178,1244220178,745569550,1210377439,11280913,"[11280401, 11280913, 11281425]"
27,5643,meta-llama/Llama-3.1-8B,520,4,3000000000,4244220178,1244220178,745569550,1210377439,11280913,"[11280401, 11280913, 11281425]"
28,28,meta-llama/Llama-3.1-8B,512,4,0,265320966,265320966,1,98159238,55720576,"[121233056, 34239219, 11689453]"
28,172,meta-llama/Llama-3.1-8B,512,4,0,265320966,265320966,1,98159238,55720576,"[121233056, 34239219, 11689453]"
28,316,meta-llama/Llama-3.1-8B,512,4,0,265320966,265320966,1,98159238,55720576,"[121233056, 34239219, 11689453]"
28,460,meta-llama/Llama-3.1-8B,512,4,0,265320966,265320966,1,98159238,55720576,"[121233056, 34239219, 11689453]"
28,604,meta-llama/Llama-3.1-8B,512,4,0,363765115,363765115,98159238,219392294,48124273,"[34239219, 11689453, 98444149]"
28,748,meta-llama/Llama-3.1-8B,512,4,0,363765115,363765115,98159238,219392294,48124273,"[34239219, 11689453, 98444149]"
28,892,meta-llama/Llama-3.1-8B,512,4,0,363765115,363765115,98159238,219392294,48124273,"[34239219, 11689453, 98444149]"
28,1036,meta-llama/Llama-3.1-8B,512,4,0,465951049,465951049,219392294,253631513,70773178,"[11689453, 98444149, 102185934]"
28,1180,meta-llama/Llama-3.1-8B,512,4,0,529625721,529625721,265320966,363765115,55286868,"[102185934, 46221912, 17452760]"
28,1324,meta-llama/Llama-3.1-8B,512,4,0,529625721,529625721,265320966,363765115,55286868,"[102185934, 46221912, 17452760]"
28,1468,meta-llama/Llama-3.1-8B,512,4,0,529625721,529625721,265320966,363765115,55286868,"[102185934, 46221912, 17452760]"
28,1612,meta-llama/Llama-3.1-8B,512,4,0,608082838,608082838,363765115,465951049,47377263,"[46221912, 17452760, 78457117]"
28,1756,meta-llama/Llama-3.1-8B,512,4,0,608082838,608082838,363765115,465951049,47377263,"[46221912, 17452760, 78457117]"
28,1900,meta-llama/Llama-3.1-8B,512,4,0,608082838,608082838,363765115,465951049,47377263,"[46221912, 17452760, 78457117]"
28,2044,meta-llama/Llama-3.1-8B,512,4,0,608082838,608082838,363765115,465951049,47377263,"[46221912, 17452760, 78457117]"
28,2188,meta-llama/Llama-3.1-8B,512,4,0,650421543,650421543,465951049,512172961,46082860,"[17452760, 78457117, 42338705]"
28,2332,meta-llama/Llama-3.1-8B,512,4,0,674041501,674041501,529625721,608082838,21986221,"[42338705, 12341995, 11277963]"
28,2476,meta-llama/Llama-3.1-8B,512,4,0,674041501,674041501,529625721,608082838,21986221,"[42338705, 12341995, 11277963]"
28,2620,meta-llama/Llama-3.1-8B,512,4,0,674041501,674041501,529625721,608082838,21986221,"[42338705, 12341995, 11277963]"
28,2764,meta-llama/Llama-3.1-8B,512,4,0,685326574,685326574,608082838,650421543,11635010,"[12341995, 11277963, 11285073]"
28,2908,meta-llama/Llama-3.1-8B,520,4,3000000000,3251291832,251291832,37406,216746910,11514974,"[11513918, 11514974, 11516030]"
28,3052,meta-llama/Llama-3.1-8B,520,4,3000000000,3251291832,251291832,37406,216746910,11514974,"[11513918, 11514974, 11516030]"
28,3196,meta-llama/Llama-3.1-8B,520,4,3000000000,3251291832,251291832,37406,216746910,11514974,"[11513918, 11514974, 11516030]"
28,3340,meta-llama/Llama-3.1-8B,520,4,3000000000,3251291832,251291832,37406,216746910,11514974,"[11513918, 11514974, 11516030]"
28,3484,meta-llama/Llama-3.1-8B,520,4,3000000000,3251291832,251291832,37406,216746910,11514974,"[11513918, 11514974, 11516030]"
28,3628,meta-llama/Llama-3.1-8B,520,4,3000000000,3251291832,251291832,37406,216746910,11514974,"[11513918, 11514974, 11516030]"
28,3772,meta-llama/Llama-3.1-8B,520,4,3000000000,3251291832,251291832,37406,216746910,11514974,"[11513918, 11514974, 11516030]"
28,3916,meta-llama/Llama-3.1-8B,520,4,3000000000,3251291832,251291832,37406,216746910,11514974,"[11513918, 11514974, 11516030]"
28,4060,meta-llama/Llama-3.1-8B,520,4,3000000000,3752531208,752531208,251291832,717986286,11514974,"[11513918, 11514974, 11516030]"
28,4204,meta-llama/Llama-3.1-8B,520,4,3000000000,3752531208,752531208,251291832,717986286,11514974,"[11513918, 11514974, 11516030]"
28,4348,meta-llama/Llama-3.1-8B,520,4,3000000000,3752531208,752531208,251291832,717986286,11514974,"[11513918, 11514974, 11516030]"
28,4492,meta-llama/Llama-3.1-8B,520,4,3000000000,3752531208,752531208,251291832,717986286,11514974,"[11513918, 11514974, 11516030]"
28,4636,meta-llama/Llama-3.1-8B,520,4,3000000000,3752531208,752531208,251291832,717986286,11514974,"[11513918, 11514974, 11516030]"
28,4780,meta-llama/Llama-3.1-8B,520,4,3000000000,3752531208,752531208,251291832,717986286,11514974,"[11513918, 11514974, 11516030]"
28,4924,meta-llama/Llama-3.1-8B,520,4,3000000000,3752531208,752531208,251291832,717986286,11514974,"[11513918, 11514974, 11516030]"
28,5068,meta-llama/Llama-3.1-8B,520,4,3000000000,3752531208,752531208,251291832,717986286,11514974,"[11513918, 11514974, 11516030]"
28,5212,meta-llama/Llama-3.1-8B,520,4,3000000000,4251181836,1251181836,752531208,1217339097,11280913,"[11280401, 11280913, 11281425]"
28,5356,meta-llama/Llama-3.1-8B,520,4,3000000000,4251181836,1251181836,752531208,1217339097,11280913,"[11280401, 11280913, 11281425]"
28,5500,meta-llama/Llama-3.1-8B,520,4,3000000000,4251181836,1251181836,752531208,1217339097,11280913,"[11280401, 11280913, 11281425]"
28,5644,meta-llama/Llama-3.1-8B,520,4,3000000000,4251181836,1251181836,752531208,1217339097,11280913,"[11280401, 11280913, 11281425]"
29,29,meta-llama/Llama-3.1-8B,512,4,0,265323138,265323138,1,98684694,55546148,"[121233056, 33716704, 11688684]"
29,173,meta-llama/Llama-3.1-8B,512,4,0,265323138,265323138,1,98684694,55546148,"[121233056, 33716704, 11688684]"
29,317,meta-llama/Llama-3.1-8B,512,4,0,265323138,265323138,1,98684694,55546148,"[121233056, 33716704, 11688684]"
29,461,meta-llama/Llama-3.1-8B,512,4,0,265323138,265323138,1,98684694,55546148,"[121233056, 33716704, 11688684]"
29,605,meta-llama/Llama-3.1-8B,512,4,0,364290571,364290571,98684694,219917750,48124273,"[33716704, 11688684, 98967433]"
29,749,meta-llama/Llama-3.1-8B,512,4,0,364290571,364290571,98684694,219917750,48124273,"[33716704, 11688684, 98967433]"
29,893,meta-llama/Llama-3.1-8B,512,4,0,364290571,364290571,98684694,219917750,48124273,"[33716704, 11688684, 98967433]"
29,1037,meta-llama/Llama-3.1-8B,512,4,0,466347223,466347223,219917750,253634454,70904256,"[11688684, 98967433, 102056652]"
29,1181,meta-llama/Llama-3.1-8B,512,4,0,529627893,529627893,265323138,364290571,55112440,"[102056652, 45958987, 17321683]"
29,1325,meta-llama/Llama-3.1-8B,512,4,0,529627893,529627893,265323138,364290571,55112440,"[102056652, 45958987, 17321683]"
29,1469,meta-llama/Llama-3.1-8B,512,4,0,529627893,529627893,265323138,364290571,55112440,"[102056652, 45958987, 17321683]"
29,1613,meta-llama/Llama-3.1-8B,512,4,0,608478242,608478242,364290571,466347223,47377006,"[45958987, 17321683, 78850349]"
29,1757,meta-llama/Llama-3.1-8B,512,4,0,608478242,608478242,364290571,466347223,47377006,"[45958987, 17321683, 78850349]"
29,1901,meta-llama/Llama-3.1-8B,512,4,0,608478242,608478242,364290571,466347223,47377006,"[45958987, 17321683, 78850349]"
29,2045,meta-llama/Llama-3.1-8B,512,4,0,608478242,608478242,364290571,466347223,47377006,"[45958987, 17321683, 78850349]"
29,2189,meta-llama/Llama-3.1-8B,512,4,0,650559753,650559753,466347223,512306210,46084514,"[17321683, 78850349, 42081511]"
29,2333,meta-llama/Llama-3.1-8B,512,4,0,674703475,674703475,529627893,608478242,22075077,"[42081511, 12866905, 11276817]"
29,2477,meta-llama/Llama-3.1-8B,512,4,0,674703475,674703475,529627893,608478242,22075077,"[42081511, 12866905, 11276817]"
29,2621,meta-llama/Llama-3.1-8B,512,4,0,674703475,674703475,529627893,608478242,22075077,"[42081511, 12866905, 11276817]"
29,2765,meta-llama/Llama-3.1-8B,512,4,0,685988548,685988548,608478242,650559753,11809598,"[12866905, 11276817, 11285073]"
29,2909,meta-llama/Llama-3.1-8B,520,4,3000000000,3258253490,258253490,37406,223708568,11514974,"[11513918, 11514974, 11516030]"
29,3053,meta-llama/Llama-3.1-8B,520,4,3000000000,3258253490,258253490,37406,223708568,11514974,"[11513918, 11514974, 11516030]"
29,3197,meta-llama/Llama-3.1-8B,520,4,3000000000,3258253490,258253490,37406,223708568,11514974,"[11513918, 11514974, 11516030]"
29,3341,meta-llama/Llama-3.1-8B,520,4,3000000000,3258253490,258253490,37406,223708568,11514974,"[11513918, 11514974, 11516030]"
29,3485,meta-llama/Llama-3.1-8B,520,4,3000000000,3258253490,258253490,37406,223708568,11514974,"[11513918, 11514974, 11516030]"
29,3629,meta-llama/Llama-3.1-8B,520,4,3000000000,3258253490,258253490,37406,223708568,11514974,"[11513918, 11514974, 11516030]"
29,3773,meta-llama/Llama-3.1-8B,520,4,3000000000,3258253490,258253490,37406,223708568,11514974,"[11513918, 11514974, 11516030]"
29,3917,meta-llama/Llama-3.1-8B,520,4,3000000000,3258253490,258253490,37406,223708568,11514974,"[11513918, 11514974, 11516030]"
29,4061,meta-llama/Llama-3.1-8B,520,4,3000000000,3759492866,759492866,258253490,724947944,11514974,"[11513918, 11514974, 11516030]"
29,4205,meta-llama/Llama-3.1-8B,520,4,3000000000,3759492866,759492866,258253490,724947944,11514974,"[11513918, 11514974, 11516030]"
29,4349,meta-llama/Llama-3.1-8B,520,4,3000000000,3759492866,759492866,258253490,724947944,11514974,"[11513918, 11514974, 11516030]"
29,4493,meta-llama/Llama-3.1-8B,520,4,3000000000,3759492866,759492866,258253490,724947944,11514974,"[11513918, 11514974, 11516030]"
29,4637,meta-llama/Llama-3.1-8B,520,4,3000000000,3759492866,759492866,258253490,724947944,11514974,"[11513918, 11514974, 11516030]"
29,4781,meta-llama/Llama-3.1-8B,520,4,3000000000,3759492866,759492866,258253490,724947944,11514974,"[11513918, 11514974, 11516030]"
29,4925,meta-llama/Llama-3.1-8B,520,4,3000000000,3759492866,759492866,258253490,724947944,11514974,"[11513918, 11514974, 11516030]"
29,5069,meta-llama/Llama-3.1-8B,520,4,3000000000,3759492866,759492866,258253490,724947944,11514974,"[11513918, 11514974, 11516030]"
29,5213,meta-llama/Llama-3.1-8B,520,4,3000000000,4258143494,1258143494,759492866,1224300755,11280913,"[11280401, 11280913, 11281425]"
29,5357,meta-llama/Llama-3.1-8B,520,4,3000000000,4258143494,1258143494,759492866,1224300755,11280913,"[11280401, 11280913, 11281425]"
29,5501,meta-llama/Llama-3.1-8B,520,4,3000000000,4258143494,1258143494,759492866,1224300755,11280913,"[11280401, 11280913, 11281425]"
29,5645,meta-llama/Llama-3.1-8B,520,4,3000000000,4258143494,1258143494,759492866,1224300755,11280913,"[11280401, 11280913, 11281425]"
30,30,meta-llama/Llama-3.1-8B,512,4,0,265325310,265325310,1,99210150,55371720,"[121233056, 33194189, 11687915]"
30,174,meta-llama/Llama-3.1-8B,512,4,0,265325310,265325310,1,99210150,55371720,"[121233056, 33194189, 11687915]"
30,318,meta-llama/Llama-3.1-8B,512,4,0,265325310,265325310,1,99210150,55371720,"[121233056, 33194189, 11687915]"
30,462,meta-llama/Llama-3.1-8B,512,4,0,265325310,265325310,1,99210150,55371720,"[121233056, 33194189, 11687915]"
30,606,meta-llama/Llama-3.1-8B,512,4,0,364816027,364816027,99210150,220443206,48124273,"[33194189, 11687915, 99490717]"
30,750,meta-llama/Llama-3.1-8B,512,4,0,364816027,364816027,99210150,220443206,48124273,"[33194189, 11687915, 99490717]"
30,894,meta-llama/Llama-3.1-8B,512,4,0,364816027,364816027,99210150,220443206,48124273,"[33194189, 11687915, 99490717]"
30,1038,meta-llama/Llama-3.1-8B,512,4,0,466743397,466743397,220443206,253637395,71035334,"[11687915, 99490717, 101927370]"
30,1182,meta-llama/Llama-3.1-8B,512,4,0,529630065,529630065,265325310,364816027,54938012,"[101927370, 45696062, 17190606]"
30,1326,meta-llama/Llama-3.1-8B,512,4,0,529630065,529630065,265325310,364816027,54938012,"[101927370, 45696062, 17190606]"
30,1470,meta-llama/Llama-3.1-8B,512,4,0,529630065,529630065,265325310,364816027,54938012,"[101927370, 45696062, 17190606]"
30,1614,meta-llama/Llama-3.1-8B,512,4,0,608873646,608873646,364816027,466743397,47376749,"[45696062, 17190606, 79243581]"
30,1758,meta-llama/Llama-3.1-8B,512,4,0,608873646,608873646,364816027,466743397,47376749,"[45696062, 17190606, 79243581]"
30,1902,meta-llama/Llama-3.1-8B,512,4,0,608873646,608873646,364816027,466743397,47376749,"[45696062, 17190606, 79243581]"
30,2046,meta-llama/Llama-3.1-8B,512,4,0,608873646,608873646,364816027,466743397,47376749,"[45696062, 17190606, 79243581]"
30,2190,meta-llama/Llama-3.1-8B,512,4,0,650692233,650692233,466743397,512439459,46084258,"[17190606, 79243581, 41818587]"
30,2334,meta-llama/Llama-3.1-8B,512,4,0,675365995,675365995,529630065,608873646,22164116,"[41818587, 13396945, 11276817]"
30,2478,meta-llama/Llama-3.1-8B,512,4,0,675365995,675365995,529630065,608873646,22164116,"[41818587, 13396945, 11276817]"
30,2622,meta-llama/Llama-3.1-8B,512,4,0,675365995,675365995,529630065,608873646,22164116,"[41818587, 13396945, 11276817]"
30,2766,meta-llama/Llama-3.1-8B,512,4,0,686651068,686651068,608873646,650692233,11986278,"[13396945, 11276817, 11285073]"
30,2910,meta-llama/Llama-3.1-8B,520,4,3000000000,3265215148,265215148,37406,230670226,11514974,"[11513918, 11514974, 11516030]"
30,3054,meta-llama/Llama-3.1-8B,520,4,3000000000,3265215148,265215148,37406,230670226,11514974,"[11513918, 11514974, 11516030]"
30,3198,meta-llama/Llama-3.1-8B,520,4,3000000000,3265215148,265215148,37406,230670226,11514974,"[11513918, 11514974, 11516030]"
30,3342,meta-llama/Llama-3.1-8B,520,4,3000000000,3265215148,265215148,37406,230670226,11514974,"[11513918, 11514974, 11516030]"
30,3486,meta-llama/Llama-3.1-8B,520,4,3000000000,3265215148,265215148,37406,230670226,11514974,"[11513918, 11514974, 11516030]"
30,3630,meta-llama/Llama-3.1-8B,520,4,3000000000,3265215148,265215148,37406,230670226,11514974,"[11513918, 11514974, 11516030]"
30,3774,meta-llama/Llama-3.1-8B,520,4,3000000000,3265215148,265215148,37406,230670226,11514974,"[11513918, 11514974, 11516030]"
30,3918,meta-llama/Llama-3.1-8B,520,4,3000000000,3265215148,265215148,37406,230670226,11514974,"[11513918, 11514974, 11516030]"
30,4062,meta-llama/Llama-3.1-8B,520,4,3000000000,3766454524,766454524,265215148,731909602,11514974,"[11513918, 11514974, 11516030]"
30,4206,meta-llama/Llama-3.1-8B,520,4,3000000000,3766454524,766454524,265215148,731909602,11514974,"[11513918, 11514974, 11516030]"
30,4350,meta-llama/Llama-3.1-8B,520,4,3000000000,3766454524,766454524,265215148,731909602,11514974,"[11513918, 11514974, 11516030]"
30,4494,meta-llama/Llama-3.1-8B,520,4,3000000000,3766454524,766454524,265215148,731909602,11514974,"[11513918, 11514974, 11516030]"
30,4638,meta-llama/Llama-3.1-8B,520,4,3000000000,3766454524,766454524,265215148,731909602,11514974,"[11513918, 11514974, 11516030]"
30,4782,meta-llama/Llama-3.1-8B,520,4,3000000000,3766454524,766454524,265215148,731909602,11514974,"[11513918, 11514974, 11516030]"
30,4926,meta-llama/Llama-3.1-8B,520,4,3000000000,3766454524,766454524,265215148,731909602,11514974,"[11513918, 11514974, 11516030]"
30,5070,meta-llama/Llama-3.1-8B,520,4,3000000000,3766454524,766454524,265215148,731909602,11514974,"[11513918, 11514974, 11516030]"
30,5214,meta-llama/Llama-3.1-8B,520,4,3000000000,4265105152,1265105152,766454524,1231262413,11280913,"[11280401, 11280913, 11281425]"
30,5358,meta-llama/Llama-3.1-8B,520,4,3000000000,4265105152,1265105152,766454524,1231262413,11280913,"[11280401, 11280913, 11281425]"
30,5502,meta-llama/Llama-3.1-8B,520,4,3000000000,4265105152,1265105152,766454524,1231262413,11280913,"[11280401, 11280913, 11281425]"
30,5646,meta-llama/Llama-3.1-8B,520,4,3000000000,4265105152,1265105152,766454524,1231262413,11280913,"[11280401, 11280913, 11281425]"
31,31,meta-llama/Llama-3.1-8B,512,4,0,265327482,265327482,1,99735606,55197292,"[121233056, 32671674, 11687146]"
31,175,meta-llama/Llama-3.1-8B,512,4,0,265327482,265327482,1,99735606,55197292,"[121233056, 32671674, 11687146]"
31,319,meta-llama/Llama-3.1-8B,512,4,0,265327482,265327482,1,99735606,55197292,"[121233056, 32671674, 11687146]"
31,463,meta-llama/Llama-3.1-8B,512,4,0,265327482,265327482,1,99735606,55197292,"[121233056, 32671674, 11687146]"
31,607,meta-llama/Llama-3.1-8B,512,4,0,365341483,365341483,99735606,220968662,48124273,"[32671674, 11687146, 100014001]"
31,751,meta-llama/Llama-3.1-8B,512,4,0,365341483,365341483,99735606,220968662,48124273,"[32671674, 11687146, 100014001]"
31,895,meta-llama/Llama-3.1-8B,512,4,0,365341483,365341483,99735606,220968662,48124273,"[32671674, 11687146, 100014001]"
31,1039,meta-llama/Llama-3.1-8B,512,4,0,467139571,467139571,220968662,253640336,71166411,"[11687146, 100014001, 101798088]"
31,1183,meta-llama/Llama-3.1-8B,512,4,0,529632237,529632237,265327482,365341483,54763584,"[101798088, 45433137, 17059529]"
31,1327,meta-llama/Llama-3.1-8B,512,4,0,529632237,529632237,265327482,365341483,54763584,"[101798088, 45433137, 17059529]"
31,1471,meta-llama/Llama-3.1-8B,512,4,0,529632237,529632237,265327482,365341483,54763584,"[101798088, 45433137, 17059529]"
31,1615,meta-llama/Llama-3.1-8B,512,4,0,609297087,609297087,365341483,467139571,47385838,"[45433137, 17059529, 79664850]"
31,1759,meta-llama/Llama-3.1-8B,512,4,0,609297087,609297087,365341483,467139571,47385838,"[45433137, 17059529, 79664850]"
31,1903,meta-llama/Llama-3.1-8B,512,4,0,609297087,609297087,365341483,467139571,47385838,"[45433137, 17059529, 79664850]"
31,2047,meta-llama/Llama-3.1-8B,512,4,0,609297087,609297087,365341483,467139571,47385838,"[45433137, 17059529, 79664850]"
31,2191,meta-llama/Llama-3.1-8B,512,4,0,650824713,650824713,467139571,512572708,46084001,"[17059529, 79664850, 41527626]"
31,2335,meta-llama/Llama-3.1-8B,512,4,0,675896035,675896035,529632237,609297087,22199649,"[41527626, 13794505, 11276817]"
31,2479,meta-llama/Llama-3.1-8B,512,4,0,675896035,675896035,529632237,609297087,22199649,"[41527626, 13794505, 11276817]"
31,2623,meta-llama/Llama-3.1-8B,512,4,0,675896035,675896035,529632237,609297087,22199649,"[41527626, 13794505, 11276817]"
31,2767,meta-llama/Llama-3.1-8B,512,4,0,687181108,687181108,609297087,650824713,12118798,"[13794505, 11276817, 11285073]"
31,2911,meta-llama/Llama-3.1-8B,520,4,3000000000,3272176806,272176806,37406,237631884,11514974,"[11513918, 11514974, 11516030]"
31,3055,meta-llama/Llama-3.1-8B,520,4,3000000000,3272176806,272176806,37406,237631884,11514974,"[11513918, 11514974, 11516030]"
31,3199,meta-llama/Llama-3.1-8B,520,4,3000000000,3272176806,272176806,37406,237631884,11514974,"[11513918, 11514974, 11516030]"
31,3343,meta-llama/Llama-3.1-8B,520,4,3000000000,3272176806,272176806,37406,237631884,11514974,"[11513918, 11514974, 11516030]"
31,3487,meta-llama/Llama-3.1-8B,520,4,3000000000,3272176806,272176806,37406,237631884,11514974,"[11513918, 11514974, 11516030]"
31,3631,meta-llama/Llama-3.1-8B,520,4,3000000000,3272176806,272176806,37406,237631884,11514974,"[11513918, 11514974, 11516030]"
31,3775,meta-llama/Llama-3.1-8B,520,4,3000000000,3272176806,272176806,37406,237631884,11514974,"[11513918, 11514974, 11516030]"
31,3919,meta-llama/Llama-3.1-8B,520,4,3000000000,3272176806,272176806,37406,237631884,11514974,"[11513918, 11514974, 11516030]"
31,4063,meta-llama/Llama-3.1-8B,520,4,3000000000,3773416182,773416182,272176806,738871260,11514974,"[11513918, 11514974, 11516030]"
31,4207,meta-llama/Llama-3.1-8B,520,4,3000000000,3773416182,773416182,272176806,738871260,11514974,"[11513918, 11514974, 11516030]"
31,4351,meta-llama/Llama-3.1-8B,520,4,3000000000,3773416182,773416182,272176806,738871260,11514974,"[11513918, 11514974, 11516030]"
31,4495,meta-llama/Llama-3.1-8B,520,4,3000000000,3773416182,773416182,272176806,738871260,11514974,"[11513918, 11514974, 11516030]"
31,4639,meta-llama/Llama-3.1-8B,520,4,3000000000,3773416182,773416182,272176806,738871260,11514974,"[11513918, 11514974, 11516030]"
31,4783,meta-llama/Llama-3.1-8B,520,4,3000000000,3773416182,773416182,272176806,738871260,11514974,"[11513918, 11514974, 11516030]"
31,4927,meta-llama/Llama-3.1-8B,520,4,3000000000,3773416182,773416182,272176806,738871260,11514974,"[11513918, 11514974, 11516030]"
31,5071,meta-llama/Llama-3.1-8B,520,4,3000000000,3773416182,773416182,272176806,738871260,11514974,"[11513918, 11514974, 11516030]"
31,5215,meta-llama/Llama-3.1-8B,520,4,3000000000,4272066810,1272066810,773416182,1238224071,11280913,"[11280401, 11280913, 11281425]"
31,5359,meta-llama/Llama-3.1-8B,520,4,3000000000,4272066810,1272066810,773416182,1238224071,11280913,"[11280401, 11280913, 11281425]"
31,5503,meta-llama/Llama-3.1-8B,520,4,3000000000,4272066810,1272066810,773416182,1238224071,11280913,"[11280401, 11280913, 11281425]"
31,5647,meta-llama/Llama-3.1-8B,520,4,3000000000,4272066810,1272066810,773416182,1238224071,11280913,"[11280401, 11280913, 11281425]"
32,32,meta-llama/Llama-3.1-8B,512,4,0,265329654,265329654,1,100261062,55022864,"[121233056, 32149159, 11686377]"
32,176,meta-llama/Llama-3.1-8B,512,4,0,265329654,265329654,1,100261062,55022864,"[121233056, 32149159, 11686377]"
32,320,meta-llama/Llama-3.1-8B,512,4,0,265329654,265329654,1,100261062,55022864,"[121233056, 32149159, 11686377]"
32,464,meta-llama/Llama-3.1-8B,512,4,0,265329654,265329654,1,100261062,55022864,"[121233056, 32149159, 11686377]"
32,608,meta-llama/Llama-3.1-8B,512,4,0,365866939,365866939,100261062,221494118,48124273,"[32149159, 11686377, 100537285]"
32,752,meta-llama/Llama-3.1-8B,512,4,0,365866939,365866939,100261062,221494118,48124273,"[32149159, 11686377, 100537285]"
32,896,meta-llama/Llama-3.1-8B,512,4,0,365866939,365866939,100261062,221494118,48124273,"[32149159, 11686377, 100537285]"
32,1040,meta-llama/Llama-3.1-8B,512,4,0,467535745,467535745,221494118,253643277,71297489,"[11686377, 100537285, 101668806]"
32,1184,meta-llama/Llama-3.1-8B,512,4,0,529634409,529634409,265329654,365866939,54589156,"[101668806, 45170212, 16928452]"
32,1328,meta-llama/Llama-3.1-8B,512,4,0,529634409,529634409,265329654,365866939,54589156,"[101668806, 45170212, 16928452]"
32,1472,meta-llama/Llama-3.1-8B,512,4,0,529634409,529634409,265329654,365866939,54589156,"[101668806, 45170212, 16928452]"
32,1616,meta-llama/Llama-3.1-8B,512,4,0,609692491,609692491,365866939,467535745,47385582,"[45170212, 16928452, 80058082]"
32,1760,meta-llama/Llama-3.1-8B,512,4,0,609692491,609692491,365866939,467535745,47385582,"[45170212, 16928452, 80058082]"
32,1904,meta-llama/Llama-3.1-8B,512,4,0,609692491,609692491,365866939,467535745,47385582,"[45170212, 16928452, 80058082]"
32,2048,meta-llama/Llama-3.1-8B,512,4,0,609692491,609692491,365866939,467535745,47385582,"[45170212, 16928452, 80058082]"
32,2192,meta-llama/Llama-3.1-8B,512,4,0,650957313,650957313,467535745,512705957,46083785,"[16928452, 80058082, 41264822]"
32,2336,meta-llama/Llama-3.1-8B,512,4,0,676558555,676558555,529634409,609692491,22288688,"[41264822, 14324425, 11276817]"
32,2480,meta-llama/Llama-3.1-8B,512,4,0,676558555,676558555,529634409,609692491,22288688,"[41264822, 14324425, 11276817]"
32,2624,meta-llama/Llama-3.1-8B,512,4,0,676558555,676558555,529634409,609692491,22288688,"[41264822, 14324425, 11276817]"
32,2768,meta-llama/Llama-3.1-8B,512,4,0,687843628,687843628,609692491,650957313,12295438,"[14324425, 11276817, 11285073]"
32,2912,meta-llama/Llama-3.1-8B,520,4,3000000000,3279138464,279138464,37406,244593542,11514974,"[11513918, 11514974, 11516030]"
32,3056,meta-llama/Llama-3.1-8B,520,4,3000000000,3279138464,279138464,37406,244593542,11514974,"[11513918, 11514974, 11516030]"
32,3200,meta-llama/Llama-3.1-8B,520,4,3000000000,3279138464,279138464,37406,244593542,11514974,"[11513918, 11514974, 11516030]"
32,3344,meta-llama/Llama-3.1-8B,520,4,3000000000,3279138464,279138464,37406,244593542,11514974,"[11513918, 11514974, 11516030]"
32,3488,meta-llama/Llama-3.1-8B,520,4,3000000000,3279138464,279138464,37406,244593542,11514974,"[11513918, 11514974, 11516030]"
32,3632,meta-llama/Llama-3.1-8B,520,4,3000000000,3279138464,279138464,37406,244593542,11514974,"[11513918, 11514974, 11516030]"
32,3776,meta-llama/Llama-3.1-8B,520,4,3000000000,3279138464,279138464,37406,244593542,11514974,"[11513918, 11514974, 11516030]"
32,3920,meta-llama/Llama-3.1-8B,520,4,3000000000,3279138464,279138464,37406,244593542,11514974,"[11513918, 11514974, 11516030]"
32,4064,meta-llama/Llama-3.1-8B,520,4,3000000000,3780377840,780377840,279138464,745832918,11514974,"[11513918, 11514974, 11516030]"
32,4208,meta-llama/Llama-3.1-8B,520,4,3000000000,3780377840,780377840,279138464,745832918,11514974,"[11513918, 11514974, 11516030]"
32,4352,meta-llama/Llama-3.1-8B,520,4,3000000000,3780377840,780377840,279138464,745832918,11514974,"[11513918, 11514974, 11516030]"
32,4496,meta-llama/Llama-3.1-8B,520,4,3000000000,3780377840,780377840,279138464,745832918,11514974,"[11513918, 11514974, 11516030]"
32,4640,meta-llama/Llama-3.1-8B,520,4,3000000000,3780377840,780377840,279138464,745832918,11514974,"[11513918, 11514974, 11516030]"
32,4784,meta-llama/Llama-3.1-8B,520,4,3000000000,3780377840,780377840,279138464,745832918,11514974,"[11513918, 11514974, 11516030]"
32,4928,meta-llama/Llama-3.1-8B,520,4,3000000000,3780377840,780377840,279138464,745832918,11514974,"[11513918, 11514974, 11516030]"
32,5072,meta-llama/Llama-3.1-8B,520,4,3000000000,3780377840,780377840,279138464,745832918,11514974,"[11513918, 11514974, 11516030]"
32,5216,meta-llama/Llama-3.1-8B,520,4,3000000000,4279028468,1279028468,780377840,1245185729,11280913,"[11280401, 11280913, 11281425]"
32,5360,meta-llama/Llama-3.1-8B,520,4,3000000000,4279028468,1279028468,780377840,1245185729,11280913,"[11280401, 11280913, 11281425]"
32,5504,meta-llama/Llama-3.1-8B,520,4,3000000000,4279028468,1279028468,780377840,1245185729,11280913,"[11280401, 11280913, 11281425]"
32,5648,meta-llama/Llama-3.1-8B,520,4,3000000000,4279028468,1279028468,780377840,1245185729,11280913,"[11280401, 11280913, 11281425]"
33,33,meta-llama/Llama-3.1-8B,512,4,0,265331826,265331826,1,100786518,54848436,"[121233056, 31626644, 11685608]"
33,177,meta-llama/Llama-3.1-8B,512,4,0,265331826,265331826,1,100786518,54848436,"[121233056, 31626644, 11685608]"
33,321,meta-llama/Llama-3.1-8B,512,4,0,265331826,265331826,1,100786518,54848436,"[121233056, 31626644, 11685608]"
33,465,meta-llama/Llama-3.1-8B,512,4,0,265331826,265331826,1,100786518,54848436,"[121233056, 31626644, 11685608]"
33,609,meta-llama/Llama-3.1-8B,512,4,0,366392395,366392395,100786518,222019574,48124273,"[31626644, 11685608, 101060569]"
33,753,meta-llama/Llama-3.1-8B,512,4,0,366392395,366392395,100786518,222019574,48124273,"[31626644, 11685608, 101060569]"
33,897,meta-llama/Llama-3.1-8B,512,4,0,366392395,366392395,100786518,222019574,48124273,"[31626644, 11685608, 101060569]"
33,1041,meta-llama/Llama-3.1-8B,512,4,0,467931919,467931919,222019574,253646218,71428567,"[11685608, 101060569, 101539524]"
33,1185,meta-llama/Llama-3.1-8B,512,4,0,529636581,529636581,265331826,366392395,54414728,"[101539524, 44907287, 16797375]"
33,1329,meta-llama/Llama-3.1-8B,512,4,0,529636581,529636581,265331826,366392395,54414728,"[101539524, 44907287, 16797375]"
33,1473,meta-llama/Llama-3.1-8B,512,4,0,529636581,529636581,265331826,366392395,54414728,"[101539524, 44907287, 16797375]"
33,1617,meta-llama/Llama-3.1-8B,512,4,0,610115932,610115932,366392395,467931919,47394671,"[44907287, 16797375, 80479351]"
33,1761,meta-llama/Llama-3.1-8B,512,4,0,610115932,610115932,366392395,467931919,47394671,"[44907287, 16797375, 80479351]"
33,1905,meta-llama/Llama-3.1-8B,512,4,0,610115932,610115932,366392395,467931919,47394671,"[44907287, 16797375, 80479351]"
33,2049,meta-llama/Llama-3.1-8B,512,4,0,610115932,610115932,366392395,467931919,47394671,"[44907287, 16797375, 80479351]"
33,2193,meta-llama/Llama-3.1-8B,512,4,0,651089793,651089793,467931919,512839206,46083529,"[16797375, 80479351, 40973861]"
33,2337,meta-llama/Llama-3.1-8B,512,4,0,677223367,677223367,529636581,610115932,22369145,"[40973861, 14856757, 11276817]"
33,2481,meta-llama/Llama-3.1-8B,512,4,0,677223367,677223367,529636581,610115932,22369145,"[40973861, 14856757, 11276817]"
33,2625,meta-llama/Llama-3.1-8B,512,4,0,677223367,677223367,529636581,610115932,22369145,"[40973861, 14856757, 11276817]"
33,2769,meta-llama/Llama-3.1-8B,512,4,0,688508440,688508440,610115932,651089793,12472882,"[14856757, 11276817, 11285073]"
33,2913,meta-llama/Llama-3.1-8B,520,4,3000000000,3286100122,286100122,37406,251555200,11514974,"[11513918, 11514974, 11516030]"
33,3057,meta-llama/Llama-3.1-8B,520,4,3000000000,3286100122,286100122,37406,251555200,11514974,"[11513918, 11514974, 11516030]"
33,3201,meta-llama/Llama-3.1-8B,520,4,3000000000,3286100122,286100122,37406,251555200,11514974,"[11513918, 11514974, 11516030]"
33,3345,meta-llama/Llama-3.1-8B,520,4,3000000000,3286100122,286100122,37406,251555200,11514974,"[11513918, 11514974, 11516030]"
33,3489,meta-llama/Llama-3.1-8B,520,4,3000000000,3286100122,286100122,37406,251555200,11514974,"[11513918, 11514974, 11516030]"
33,3633,meta-llama/Llama-3.1-8B,520,4,3000000000,3286100122,286100122,37406,251555200,11514974,"[11513918, 11514974, 11516030]"
33,3777,meta-llama/Llama-3.1-8B,520,4,3000000000,3286100122,286100122,37406,251555200,11514974,"[11513918, 11514974, 11516030]"
33,3921,meta-llama/Llama-3.1-8B,520,4,3000000000,3286100122,286100122,37406,251555200,11514974,"[11513918, 11514974, 11516030]"
33,4065,meta-llama/Llama-3.1-8B,520,4,3000000000,3787339498,787339498,286100122,752794576,11514974,"[11513918, 11514974, 11516030]"
33,4209,meta-llama/Llama-3.1-8B,520,4,3000000000,3787339498,787339498,286100122,752794576,11514974,"[11513918, 11514974, 11516030]"
33,4353,meta-llama/Llama-3.1-8B,520,4,3000000000,3787339498,787339498,286100122,752794576,11514974,"[11513918, 11514974, 11516030]"
33,4497,meta-llama/Llama-3.1-8B,520,4,3000000000,3787339498,787339498,286100122,752794576,11514974,"[11513918, 11514974, 11516030]"
33,4641,meta-llama/Llama-3.1-8B,520,4,3000000000,3787339498,787339498,286100122,752794576,11514974,"[11513918, 11514974, 11516030]"
33,4785,meta-llama/Llama-3.1-8B,520,4,3000000000,3787339498,787339498,286100122,752794576,11514974,"[11513918, 11514974, 11516030]"
33,4929,meta-llama/Llama-3.1-8B,520,4,3000000000,3787339498,787339498,286100122,752794576,11514974,"[11513918, 11514974, 11516030]"
33,5073,meta-llama/Llama-3.1-8B,520,4,3000000000,3787339498,787339498,286100122,752794576,11514974,"[11513918, 11514974, 11516030]"
33,5217,meta-llama/Llama-3.1-8B,520,4,3000000000,4285990126,1285990126,787339498,1252147387,11280913,"[11280401, 11280913, 11281425]"
33,5361,meta-llama/Llama-3.1-8B,520,4,3000000000,4285990126,1285990126,787339498,1252147387,11280913,"[11280401, 11280913, 11281425]"
33,5505,meta-llama/Llama-3.1-8B,520,4,3000000000,4285990126,1285990126,787339498,1252147387,11280913,"[11280401, 11280913, 11281425]"
33,5649,meta-llama/Llama-3.1-8B,520,4,3000000000,4285990126,1285990126,787339498,1252147387,11280913,"[11280401, 11280913, 11281425]"
34,34,meta-llama/Llama-3.1-8B,512,4,0,265333998,265333998,1,101311974,54674008,"[121233056, 31104129, 11684839]"
34,178,meta-llama/Llama-3.1-8B,512,4,0,265333998,265333998,1,101311974,54674008,"[121233056, 31104129, 11684839]"
34,322,meta-llama/Llama-3.1-8B,512,4,0,265333998,265333998,1,101311974,54674008,"[121233056, 31104129, 11684839]"
34,466,meta-llama/Llama-3.1-8B,512,4,0,265333998,265333998,1,101311974,54674008,"[121233056, 31104129, 11684839]"
34,610,meta-llama/Llama-3.1-8B,512,4,0,366917851,366917851,101311974,222545030,48124273,"[31104129, 11684839, 101583853]"
34,754,meta-llama/Llama-3.1-8B,512,4,0,366917851,366917851,101311974,222545030,48124273,"[31104129, 11684839, 101583853]"
34,898,meta-llama/Llama-3.1-8B,512,4,0,366917851,366917851,101311974,222545030,48124273,"[31104129, 11684839, 101583853]"
34,1042,meta-llama/Llama-3.1-8B,512,4,0,468328093,468328093,222545030,253649159,71559644,"[11684839, 101583853, 101410242]"
34,1186,meta-llama/Llama-3.1-8B,512,4,0,529638753,529638753,265333998,366917851,54240300,"[101410242, 44644362, 16666298]"
34,1330,meta-llama/Llama-3.1-8B,512,4,0,529638753,529638753,265333998,366917851,54240300,"[101410242, 44644362, 16666298]"
34,1474,meta-llama/Llama-3.1-8B,512,4,0,529638753,529638753,265333998,366917851,54240300,"[101410242, 44644362, 16666298]"
34,1618,meta-llama/Llama-3.1-8B,512,4,0,610511336,610511336,366917851,468328093,47394414,"[44644362, 16666298, 80872583]"
34,1762,meta-llama/Llama-3.1-8B,512,4,0,610511336,610511336,366917851,468328093,47394414,"[44644362, 16666298, 80872583]"
34,1906,meta-llama/Llama-3.1-8B,512,4,0,610511336,610511336,366917851,468328093,47394414,"[44644362, 16666298, 80872583]"
34,2050,meta-llama/Llama-3.1-8B,512,4,0,610511336,610511336,366917851,468328093,47394414,"[44644362, 16666298, 80872583]"
34,2194,meta-llama/Llama-3.1-8B,512,4,0,651222273,651222273,468328093,512972455,46083272,"[16666298, 80872583, 40710937]"
34,2338,meta-llama/Llama-3.1-8B,512,4,0,677488447,677488447,529638753,610511336,22325703,"[40710937, 14989357, 11276817]"
34,2482,meta-llama/Llama-3.1-8B,512,4,0,677488447,677488447,529638753,610511336,22325703,"[40710937, 14989357, 11276817]"
34,2626,meta-llama/Llama-3.1-8B,512,4,0,677488447,677488447,529638753,610511336,22325703,"[40710937, 14989357, 11276817]"
34,2770,meta-llama/Llama-3.1-8B,512,4,0,688773520,688773520,610511336,651222273,12517082,"[14989357, 11276817, 11285073]"
34,2914,meta-llama/Llama-3.1-8B,520,4,3000000000,3293061780,293061780,37406,258516858,11514974,"[11513918, 11514974, 11516030]"
34,3058,meta-llama/Llama-3.1-8B,520,4,3000000000,3293061780,293061780,37406,258516858,11514974,"[11513918, 11514974, 11516030]"
34,3202,meta-llama/Llama-3.1-8B,520,4,3000000000,3293061780,293061780,37406,258516858,11514974,"[11513918, 11514974, 11516030]"
34,3346,meta-llama/Llama-3.1-8B,520,4,3000000000,3293061780,293061780,37406,258516858,11514974,"[11513918, 11514974, 11516030]"
34,3490,meta-llama/Llama-3.1-8B,520,4,3000000000,3293061780,293061780,37406,258516858,11514974,"[11513918, 11514974, 11516030]"
34,3634,meta-llama/Llama-3.1-8B,520,4,3000000000,3293061780,293061780,37406,258516858,11514974,"[11513918, 11514974, 11516030]"
34,3778,meta-llama/Llama-3.1-8B,520,4,3000000000,3293061780,293061780,37406,258516858,11514974,"[11513918, 11514974, 11516030]"
34,3922,meta-llama/Llama-3.1-8B,520,4,3000000000,3293061780,293061780,37406,258516858,11514974,"[11513918, 11514974, 11516030]"
34,4066,meta-llama/Llama-3.1-8B,520,4,3000000000,3794301156,794301156,293061780,759756234,11514974,"[11513918, 11514974, 11516030]"
34,4210,meta-llama/Llama-3.1-8B,520,4,3000000000,3794301156,794301156,293061780,759756234,11514974,"[11513918, 11514974, 11516030]"
34,4354,meta-llama/Llama-3.1-8B,520,4,3000000000,3794301156,794301156,293061780,759756234,11514974,"[11513918, 11514974, 11516030]"
34,4498,meta-llama/Llama-3.1-8B,520,4,3000000000,3794301156,794301156,293061780,759756234,11514974,"[11513918, 11514974, 11516030]"
34,4642,meta-llama/Llama-3.1-8B,520,4,3000000000,3794301156,794301156,293061780,759756234,11514974,"[11513918, 11514974, 11516030]"
34,4786,meta-llama/Llama-3.1-8B,520,4,3000000000,3794301156,794301156,293061780,759756234,11514974,"[11513918, 11514974, 11516030]"
34,4930,meta-llama/Llama-3.1-8B,520,4,3000000000,3794301156,794301156,293061780,759756234,11514974,"[11513918, 11514974, 11516030]"
34,5074,meta-llama/Llama-3.1-8B,520,4,3000000000,3794301156,794301156,293061780,759756234,11514974,"[11513918, 11514974, 11516030]"
34,5218,meta-llama/Llama-3.1-8B,520,4,3000000000,4292951784,1292951784,794301156,1259109045,11280913,"[11280401, 11280913, 11281425]"
34,5362,meta-llama/Llama-3.1-8B,520,4,3000000000,4292951784,1292951784,794301156,1259109045,11280913,"[11280401, 11280913, 11281425]"
34,5506,meta-llama/Llama-3.1-8B,520,4,3000000000,4292951784,1292951784,794301156,1259109045,11280913,"[11280401, 11280913, 11281425]"
34,5650,meta-llama/Llama-3.1-8B,520,4,3000000000,4292951784,1292951784,794301156,1259109045,11280913,"[11280401, 11280913, 11281425]"
35,35,meta-llama/Llama-3.1-8B,512,4,0,265336170,265336170,1,101837430,54499580,"[121233056, 30581614, 11684070]"
35,179,meta-llama/Llama-3.1-8B,512,4,0,265336170,265336170,1,101837430,54499580,"[121233056, 30581614, 11684070]"
35,323,meta-llama/Llama-3.1-8B,512,4,0,265336170,265336170,1,101837430,54499580,"[121233056, 30581614, 11684070]"
35,467,meta-llama/Llama-3.1-8B,512,4,0,265336170,265336170,1,101837430,54499580,"[121233056, 30581614, 11684070]"
35,611,meta-llama/Llama-3.1-8B,512,4,0,367443307,367443307,101837430,223070486,48124273,"[30581614, 11684070, 102107137]"
35,755,meta-llama/Llama-3.1-8B,512,4,0,367443307,367443307,101837430,223070486,48124273,"[30581614, 11684070, 102107137]"
35,899,meta-llama/Llama-3.1-8B,512,4,0,367443307,367443307,101837430,223070486,48124273,"[30581614, 11684070, 102107137]"
35,1043,meta-llama/Llama-3.1-8B,512,4,0,468724267,468724267,223070486,253652100,71690722,"[11684070, 102107137, 101280960]"
35,1187,meta-llama/Llama-3.1-8B,512,4,0,529640925,529640925,265336170,367443307,54065872,"[101280960, 44381437, 16535221]"
35,1331,meta-llama/Llama-3.1-8B,512,4,0,529640925,529640925,265336170,367443307,54065872,"[101280960, 44381437, 16535221]"
35,1475,meta-llama/Llama-3.1-8B,512,4,0,529640925,529640925,265336170,367443307,54065872,"[101280960, 44381437, 16535221]"
35,1619,meta-llama/Llama-3.1-8B,512,4,0,610906740,610906740,367443307,468724267,47394157,"[44381437, 16535221, 81265815]"
35,1763,meta-llama/Llama-3.1-8B,512,4,0,610906740,610906740,367443307,468724267,47394157,"[44381437, 16535221, 81265815]"
35,1907,meta-llama/Llama-3.1-8B,512,4,0,610906740,610906740,367443307,468724267,47394157,"[44381437, 16535221, 81265815]"
35,2051,meta-llama/Llama-3.1-8B,512,4,0,610906740,610906740,367443307,468724267,47394157,"[44381437, 16535221, 81265815]"
35,2195,meta-llama/Llama-3.1-8B,512,4,0,651354753,651354753,468724267,513105704,46083016,"[16535221, 81265815, 40448013]"
35,2339,meta-llama/Llama-3.1-8B,512,4,0,677753527,677753527,529640925,610906740,22282262,"[40448013, 15121957, 11276817]"
35,2483,meta-llama/Llama-3.1-8B,512,4,0,677753527,677753527,529640925,610906740,22282262,"[40448013, 15121957, 11276817]"
35,2627,meta-llama/Llama-3.1-8B,512,4,0,677753527,677753527,529640925,610906740,22282262,"[40448013, 15121957, 11276817]"
35,2771,meta-llama/Llama-3.1-8B,512,4,0,689038600,689038600,610906740,651354753,12561282,"[15121957, 11276817, 11285073]"
35,2915,meta-llama/Llama-3.1-8B,520,4,3000000000,3300023438,300023438,37406,265478516,11514974,"[11513918, 11514974, 11516030]"
35,3059,meta-llama/Llama-3.1-8B,520,4,3000000000,3300023438,300023438,37406,265478516,11514974,"[11513918, 11514974, 11516030]"
35,3203,meta-llama/Llama-3.1-8B,520,4,3000000000,3300023438,300023438,37406,265478516,11514974,"[11513918, 11514974, 11516030]"
35,3347,meta-llama/Llama-3.1-8B,520,4,3000000000,3300023438,300023438,37406,265478516,11514974,"[11513918, 11514974, 11516030]"
35,3491,meta-llama/Llama-3.1-8B,520,4,3000000000,3300023438,300023438,37406,265478516,11514974,"[11513918, 11514974, 11516030]"
35,3635,meta-llama/Llama-3.1-8B,520,4,3000000000,3300023438,300023438,37406,265478516,11514974,"[11513918, 11514974, 11516030]"
35,3779,meta-llama/Llama-3.1-8B,520,4,3000000000,3300023438,300023438,37406,265478516,11514974,"[11513918, 11514974, 11516030]"
35,3923,meta-llama/Llama-3.1-8B,520,4,3000000000,3300023438,300023438,37406,265478516,11514974,"[11513918, 11514974, 11516030]"
35,4067,meta-llama/Llama-3.1-8B,520,4,3000000000,3801262814,801262814,300023438,766717892,11514974,"[11513918, 11514974, 11516030]"
35,4211,meta-llama/Llama-3.1-8B,520,4,3000000000,3801262814,801262814,300023438,766717892,11514974,"[11513918, 11514974, 11516030]"
35,4355,meta-llama/Llama-3.1-8B,520,4,3000000000,3801262814,801262814,300023438,766717892,11514974,"[11513918, 11514974, 11516030]"
35,4499,meta-llama/Llama-3.1-8B,520,4,3000000000,3801262814,801262814,300023438,766717892,11514974,"[11513918, 11514974, 11516030]"
35,4643,meta-llama/Llama-3.1-8B,520,4,3000000000,3801262814,801262814,300023438,766717892,11514974,"[11513918, 11514974, 11516030]"
35,4787,meta-llama/Llama-3.1-8B,520,4,3000000000,3801262814,801262814,300023438,766717892,11514974,"[11513918, 11514974, 11516030]"
35,4931,meta-llama/Llama-3.1-8B,520,4,3000000000,3801262814,801262814,300023438,766717892,11514974,"[11513918, 11514974, 11516030]"
35,5075,meta-llama/Llama-3.1-8B,520,4,3000000000,3801262814,801262814,300023438,766717892,11514974,"[11513918, 11514974, 11516030]"
35,5219,meta-llama/Llama-3.1-8B,520,4,3000000000,4299913442,1299913442,801262814,1266070703,11280913,"[11280401, 11280913, 11281425]"
35,5363,meta-llama/Llama-3.1-8B,520,4,3000000000,4299913442,1299913442,801262814,1266070703,11280913,"[11280401, 11280913, 11281425]"
35,5507,meta-llama/Llama-3.1-8B,520,4,3000000000,4299913442,1299913442,801262814,1266070703,11280913,"[11280401, 11280913, 11281425]"
35,5651,meta-llama/Llama-3.1-8B,520,4,3000000000,4299913442,1299913442,801262814,1266070703,11280913,"[11280401, 11280913, 11281425]"
36,36,meta-llama/Llama-3.1-8B,512,4,0,265338342,265338342,1,102362886,54325152,"[121233056, 30059099, 11683301]"
36,180,meta-llama/Llama-3.1-8B,512,4,0,265338342,265338342,1,102362886,54325152,"[121233056, 30059099, 11683301]"
36,324,meta-llama/Llama-3.1-8B,512,4,0,265338342,265338342,1,102362886,54325152,"[121233056, 30059099, 11683301]"
36,468,meta-llama/Llama-3.1-8B,512,4,0,265338342,265338342,1,102362886,54325152,"[121233056, 30059099, 11683301]"
36,612,meta-llama/Llama-3.1-8B,512,4,0,367968763,367968763,102362886,223595942,48124273,"[30059099, 11683301, 102630421]"
36,756,meta-llama/Llama-3.1-8B,512,4,0,367968763,367968763,102362886,223595942,48124273,"[30059099, 11683301, 102630421]"
36,900,meta-llama/Llama-3.1-8B,512,4,0,367968763,367968763,102362886,223595942,48124273,"[30059099, 11683301, 102630421]"
36,1044,meta-llama/Llama-3.1-8B,512,4,0,469120441,469120441,223595942,253655041,71821800,"[11683301, 102630421, 101151678]"
36,1188,meta-llama/Llama-3.1-8B,512,4,0,529643097,529643097,265338342,367968763,53891444,"[101151678, 44118512, 16404144]"
36,1332,meta-llama/Llama-3.1-8B,512,4,0,529643097,529643097,265338342,367968763,53891444,"[101151678, 44118512, 16404144]"
36,1476,meta-llama/Llama-3.1-8B,512,4,0,529643097,529643097,265338342,367968763,53891444,"[101151678, 44118512, 16404144]"
36,1620,meta-llama/Llama-3.1-8B,512,4,0,611330181,611330181,367968763,469120441,47403246,"[44118512, 16404144, 81687084]"
36,1764,meta-llama/Llama-3.1-8B,512,4,0,611330181,611330181,367968763,469120441,47403246,"[44118512, 16404144, 81687084]"
36,1908,meta-llama/Llama-3.1-8B,512,4,0,611330181,611330181,367968763,469120441,47403246,"[44118512, 16404144, 81687084]"
36,2052,meta-llama/Llama-3.1-8B,512,4,0,611330181,611330181,367968763,469120441,47403246,"[44118512, 16404144, 81687084]"
36,2196,meta-llama/Llama-3.1-8B,512,4,0,651487233,651487233,469120441,513238953,46082760,"[16404144, 81687084, 40157052]"
36,2340,meta-llama/Llama-3.1-8B,512,4,0,677886127,677886127,529643097,611330181,22185315,"[40157052, 15122077, 11276817]"
36,2484,meta-llama/Llama-3.1-8B,512,4,0,677886127,677886127,529643097,611330181,22185315,"[40157052, 15122077, 11276817]"
36,2628,meta-llama/Llama-3.1-8B,512,4,0,677886127,677886127,529643097,611330181,22185315,"[40157052, 15122077, 11276817]"
36,2772,meta-llama/Llama-3.1-8B,512,4,0,689171200,689171200,611330181,651487233,12561322,"[15122077, 11276817, 11285073]"
36,2916,meta-llama/Llama-3.1-8B,520,4,3000000000,3306985096,306985096,37406,272440174,11514974,"[11513918, 11514974, 11516030]"
36,3060,meta-llama/Llama-3.1-8B,520,4,3000000000,3306985096,306985096,37406,272440174,11514974,"[11513918, 11514974, 11516030]"
36,3204,meta-llama/Llama-3.1-8B,520,4,3000000000,3306985096,306985096,37406,272440174,11514974,"[11513918, 11514974, 11516030]"
36,3348,meta-llama/Llama-3.1-8B,520,4,3000000000,3306985096,306985096,37406,272440174,11514974,"[11513918, 11514974, 11516030]"
36,3492,meta-llama/Llama-3.1-8B,520,4,3000000000,3306985096,306985096,37406,272440174,11514974,"[11513918, 11514974, 11516030]"
36,3636,meta-llama/Llama-3.1-8B,520,4,3000000000,3306985096,306985096,37406,272440174,11514974,"[11513918, 11514974, 11516030]"
36,3780,meta-llama/Llama-3.1-8B,520,4,3000000000,3306985096,306985096,37406,272440174,11514974,"[11513918, 11514974, 11516030]"
36,3924,meta-llama/Llama-3.1-8B,520,4,3000000000,3306985096,306985096,37406,272440174,11514974,"[11513918, 11514974, 11516030]"
36,4068,meta-llama/Llama-3.1-8B,520,4,3000000000,3808224472,808224472,306985096,773679550,11514974,"[11513918, 11514974, 11516030]"
36,4212,meta-llama/Llama-3.1-8B,520,4,3000000000,3808224472,808224472,306985096,773679550,11514974,"[11513918, 11514974, 11516030]"
36,4356,meta-llama/Llama-3.1-8B,520,4,3000000000,3808224472,808224472,306985096,773679550,11514974,"[11513918, 11514974, 11516030]"
36,4500,meta-llama/Llama-3.1-8B,520,4,3000000000,3808224472,808224472,306985096,773679550,11514974,"[11513918, 11514974, 11516030]"
36,4644,meta-llama/Llama-3.1-8B,520,4,3000000000,3808224472,808224472,306985096,773679550,11514974,"[11513918, 11514974, 11516030]"
36,4788,meta-llama/Llama-3.1-8B,520,4,3000000000,3808224472,808224472,306985096,773679550,11514974,"[11513918, 11514974, 11516030]"
36,4932,meta-llama/Llama-3.1-8B,520,4,3000000000,3808224472,808224472,306985096,773679550,11514974,"[11513918, 11514974, 11516030]"
36,5076,meta-llama/Llama-3.1-8B,520,4,3000000000,3808224472,808224472,306985096,773679550,11514974,"[11513918, 11514974, 11516030]"
36,5220,meta-llama/Llama-3.1-8B,520,4,3000000000,4306875100,1306875100,808224472,1273032361,11280913,"[11280401, 11280913, 11281425]"
36,5364,meta-llama/Llama-3.1-8B,520,4,3000000000,4306875100,1306875100,808224472,1273032361,11280913,"[11280401, 11280913, 11281425]"
36,5508,meta-llama/Llama-3.1-8B,520,4,3000000000,4306875100,1306875100,808224472,1273032361,11280913,"[11280401, 11280913, 11281425]"
36,5652,meta-llama/Llama-3.1-8B,520,4,3000000000,4306875100,1306875100,808224472,1273032361,11280913,"[11280401, 11280913, 11281425]"
37,37,meta-llama/Llama-3.1-8B,512,4,0,265340514,265340514,1,102888342,54150724,"[121233056, 29536584, 11682532]"
37,181,meta-llama/Llama-3.1-8B,512,4,0,265340514,265340514,1,102888342,54150724,"[121233056, 29536584, 11682532]"
37,325,meta-llama/Llama-3.1-8B,512,4,0,265340514,265340514,1,102888342,54150724,"[121233056, 29536584, 11682532]"
37,469,meta-llama/Llama-3.1-8B,512,4,0,265340514,265340514,1,102888342,54150724,"[121233056, 29536584, 11682532]"
37,613,meta-llama/Llama-3.1-8B,512,4,0,368494219,368494219,102888342,224121398,48124273,"[29536584, 11682532, 103153705]"
37,757,meta-llama/Llama-3.1-8B,512,4,0,368494219,368494219,102888342,224121398,48124273,"[29536584, 11682532, 103153705]"
37,901,meta-llama/Llama-3.1-8B,512,4,0,368494219,368494219,102888342,224121398,48124273,"[29536584, 11682532, 103153705]"
37,1045,meta-llama/Llama-3.1-8B,512,4,0,469516615,469516615,224121398,253657982,71952877,"[11682532, 103153705, 101022396]"
37,1189,meta-llama/Llama-3.1-8B,512,4,0,529801236,529801236,265340514,368494219,53769005,"[101022396, 43855587, 16429034]"
37,1333,meta-llama/Llama-3.1-8B,512,4,0,529801236,529801236,265340514,368494219,53769005,"[101022396, 43855587, 16429034]"
37,1477,meta-llama/Llama-3.1-8B,512,4,0,529801236,529801236,265340514,368494219,53769005,"[101022396, 43855587, 16429034]"
37,1621,meta-llama/Llama-3.1-8B,512,4,0,611725585,611725585,368494219,469516615,47402990,"[43855587, 16429034, 81924349]"
37,1765,meta-llama/Llama-3.1-8B,512,4,0,611725585,611725585,368494219,469516615,47402990,"[43855587, 16429034, 81924349]"
37,1909,meta-llama/Llama-3.1-8B,512,4,0,611725585,611725585,368494219,469516615,47402990,"[43855587, 16429034, 81924349]"
37,2053,meta-llama/Llama-3.1-8B,512,4,0,611725585,611725585,368494219,469516615,47402990,"[43855587, 16429034, 81924349]"
37,2197,meta-llama/Llama-3.1-8B,512,4,0,651620433,651620433,469516615,513372202,46082743,"[16429034, 81924349, 39894848]"
37,2341,meta-llama/Llama-3.1-8B,512,4,0,678018727,678018727,529801236,611725585,22097714,"[39894848, 15121477, 11276817]"
37,2485,meta-llama/Llama-3.1-8B,512,4,0,678018727,678018727,529801236,611725585,22097714,"[39894848, 15121477, 11276817]"
37,2629,meta-llama/Llama-3.1-8B,512,4,0,678018727,678018727,529801236,611725585,22097714,"[39894848, 15121477, 11276817]"
37,2773,meta-llama/Llama-3.1-8B,512,4,0,689303800,689303800,611725585,651620433,12561122,"[15121477, 11276817, 11285073]"
37,2917,meta-llama/Llama-3.1-8B,520,4,3000000000,3313946754,313946754,37406,279401832,11514974,"[11513918, 11514974, 11516030]"
37,3061,meta-llama/Llama-3.1-8B,520,4,3000000000,3313946754,313946754,37406,279401832,11514974,"[11513918, 11514974, 11516030]"
37,3205,meta-llama/Llama-3.1-8B,520,4,3000000000,3313946754,313946754,37406,279401832,11514974,"[11513918, 11514974, 11516030]"
37,3349,meta-llama/Llama-3.1-8B,520,4,3000000000,3313946754,313946754,37406,279401832,11514974,"[11513918, 11514974, 11516030]"
37,3493,meta-llama/Llama-3.1-8B,520,4,3000000000,3313946754,313946754,37406,279401832,11514974,"[11513918, 11514974, 11516030]"
37,3637,meta-llama/Llama-3.1-8B,520,4,3000000000,3313946754,313946754,37406,279401832,11514974,"[11513918, 11514974, 11516030]"
37,3781,meta-llama/Llama-3.1-8B,520,4,3000000000,3313946754,313946754,37406,279401832,11514974,"[11513918, 11514974, 11516030]"
37,3925,meta-llama/Llama-3.1-8B,520,4,3000000000,3313946754,313946754,37406,279401832,11514974,"[11513918, 11514974, 11516030]"
37,4069,meta-llama/Llama-3.1-8B,520,4,3000000000,3815186130,815186130,313946754,780641208,11514974,"[11513918, 11514974, 11516030]"
37,4213,meta-llama/Llama-3.1-8B,520,4,3000000000,3815186130,815186130,313946754,780641208,11514974,"[11513918, 11514974, 11516030]"
37,4357,meta-llama/Llama-3.1-8B,520,4,3000000000,3815186130,815186130,313946754,780641208,11514974,"[11513918, 11514974, 11516030]"
37,4501,meta-llama/Llama-3.1-8B,520,4,3000000000,3815186130,815186130,313946754,780641208,11514974,"[11513918, 11514974, 11516030]"
37,4645,meta-llama/Llama-3.1-8B,520,4,3000000000,3815186130,815186130,313946754,780641208,11514974,"[11513918, 11514974, 11516030]"
37,4789,meta-llama/Llama-3.1-8B,520,4,3000000000,3815186130,815186130,313946754,780641208,11514974,"[11513918, 11514974, 11516030]"
37,4933,meta-llama/Llama-3.1-8B,520,4,3000000000,3815186130,815186130,313946754,780641208,11514974,"[11513918, 11514974, 11516030]"
37,5077,meta-llama/Llama-3.1-8B,520,4,3000000000,3815186130,815186130,313946754,780641208,11514974,"[11513918, 11514974, 11516030]"
37,5221,meta-llama/Llama-3.1-8B,520,4,3000000000,4313836758,1313836758,815186130,1279994019,11280913,"[11280401, 11280913, 11281425]"
37,5365,meta-llama/Llama-3.1-8B,520,4,3000000000,4313836758,1313836758,815186130,1279994019,11280913,"[11280401, 11280913, 11281425]"
37,5509,meta-llama/Llama-3.1-8B,520,4,3000000000,4313836758,1313836758,815186130,1279994019,11280913,"[11280401, 11280913, 11281425]"
37,5653,meta-llama/Llama-3.1-8B,520,4,3000000000,4313836758,1313836758,815186130,1279994019,11280913,"[11280401, 11280913, 11281425]"
38,38,meta-llama/Llama-3.1-8B,512,4,0,265342686,265342686,1,103413798,53976296,"[121233056, 29014069, 11681763]"
38,182,meta-llama/Llama-3.1-8B,512,4,0,265342686,265342686,1,103413798,53976296,"[121233056, 29014069, 11681763]"
38,326,meta-llama/Llama-3.1-8B,512,4,0,265342686,265342686,1,103413798,53976296,"[121233056, 29014069, 11681763]"
38,470,meta-llama/Llama-3.1-8B,512,4,0,265342686,265342686,1,103413798,53976296,"[121233056, 29014069, 11681763]"
38,614,meta-llama/Llama-3.1-8B,512,4,0,369019675,369019675,103413798,224646854,48124273,"[29014069, 11681763, 103676989]"
38,758,meta-llama/Llama-3.1-8B,512,4,0,369019675,369019675,103413798,224646854,48124273,"[29014069, 11681763, 103676989]"
38,902,meta-llama/Llama-3.1-8B,512,4,0,369019675,369019675,103413798,224646854,48124273,"[29014069, 11681763, 103676989]"
38,1046,meta-llama/Llama-3.1-8B,512,4,0,469912789,469912789,224646854,253660923,72083955,"[11681763, 103676989, 100893114]"
38,1190,meta-llama/Llama-3.1-8B,512,4,0,529803408,529803408,265342686,369019675,53594577,"[100893114, 43592662, 16297957]"
38,1334,meta-llama/Llama-3.1-8B,512,4,0,529803408,529803408,265342686,369019675,53594577,"[100893114, 43592662, 16297957]"
38,1478,meta-llama/Llama-3.1-8B,512,4,0,529803408,529803408,265342686,369019675,53594577,"[100893114, 43592662, 16297957]"
38,1622,meta-llama/Llama-3.1-8B,512,4,0,612120989,612120989,369019675,469912789,47402733,"[43592662, 16297957, 82317581]"
38,1766,meta-llama/Llama-3.1-8B,512,4,0,612120989,612120989,369019675,469912789,47402733,"[43592662, 16297957, 82317581]"
38,1910,meta-llama/Llama-3.1-8B,512,4,0,612120989,612120989,369019675,469912789,47402733,"[43592662, 16297957, 82317581]"
38,2054,meta-llama/Llama-3.1-8B,512,4,0,612120989,612120989,369019675,469912789,47402733,"[43592662, 16297957, 82317581]"
38,2198,meta-llama/Llama-3.1-8B,512,4,0,651752913,651752913,469912789,513505451,46082487,"[16297957, 82317581, 39631924]"
38,2342,meta-llama/Llama-3.1-8B,512,4,0,678417433,678417433,529803408,612120989,22098814,"[39631924, 15386557, 11277963]"
38,2486,meta-llama/Llama-3.1-8B,512,4,0,678417433,678417433,529803408,612120989,22098814,"[39631924, 15386557, 11277963]"
38,2630,meta-llama/Llama-3.1-8B,512,4,0,678417433,678417433,529803408,612120989,22098814,"[39631924, 15386557, 11277963]"
38,2774,meta-llama/Llama-3.1-8B,512,4,0,689703652,689703652,612120989,651752913,12650246,"[15386557, 11277963, 11286219]"
38,2918,meta-llama/Llama-3.1-8B,520,4,3000000000,3320908412,320908412,37406,286363490,11514974,"[11513918, 11514974, 11516030]"
38,3062,meta-llama/Llama-3.1-8B,520,4,3000000000,3320908412,320908412,37406,286363490,11514974,"[11513918, 11514974, 11516030]"
38,3206,meta-llama/Llama-3.1-8B,520,4,3000000000,3320908412,320908412,37406,286363490,11514974,"[11513918, 11514974, 11516030]"
38,3350,meta-llama/Llama-3.1-8B,520,4,3000000000,3320908412,320908412,37406,286363490,11514974,"[11513918, 11514974, 11516030]"
38,3494,meta-llama/Llama-3.1-8B,520,4,3000000000,3320908412,320908412,37406,286363490,11514974,"[11513918, 11514974, 11516030]"
38,3638,meta-llama/Llama-3.1-8B,520,4,3000000000,3320908412,320908412,37406,286363490,11514974,"[11513918, 11514974, 11516030]"
38,3782,meta-llama/Llama-3.1-8B,520,4,3000000000,3320908412,320908412,37406,286363490,11514974,"[11513918, 11514974, 11516030]"
38,3926,meta-llama/Llama-3.1-8B,520,4,3000000000,3320908412,320908412,37406,286363490,11514974,"[11513918, 11514974, 11516030]"
38,4070,meta-llama/Llama-3.1-8B,520,4,3000000000,3822147788,822147788,320908412,787602866,11514974,"[11513918, 11514974, 11516030]"
38,4214,meta-llama/Llama-3.1-8B,520,4,3000000000,3822147788,822147788,320908412,787602866,11514974,"[11513918, 11514974, 11516030]"
38,4358,meta-llama/Llama-3.1-8B,520,4,3000000000,3822147788,822147788,320908412,787602866,11514974,"[11513918, 11514974, 11516030]"
38,4502,meta-llama/Llama-3.1-8B,520,4,3000000000,3822147788,822147788,320908412,787602866,11514974,"[11513918, 11514974, 11516030]"
38,4646,meta-llama/Llama-3.1-8B,520,4,3000000000,3822147788,822147788,320908412,787602866,11514974,"[11513918, 11514974, 11516030]"
38,4790,meta-llama/Llama-3.1-8B,520,4,3000000000,3822147788,822147788,320908412,787602866,11514974,"[11513918, 11514974, 11516030]"
38,4934,meta-llama/Llama-3.1-8B,520,4,3000000000,3822147788,822147788,320908412,787602866,11514974,"[11513918, 11514974, 11516030]"
38,5078,meta-llama/Llama-3.1-8B,520,4,3000000000,3822147788,822147788,320908412,787602866,11514974,"[11513918, 11514974, 11516030]"
38,5222,meta-llama/Llama-3.1-8B,520,4,3000000000,4320798416,1320798416,822147788,1286955677,11280913,"[11280401, 11280913, 11281425]"
38,5366,meta-llama/Llama-3.1-8B,520,4,3000000000,4320798416,1320798416,822147788,1286955677,11280913,"[11280401, 11280913, 11281425]"
38,5510,meta-llama/Llama-3.1-8B,520,4,3000000000,4320798416,1320798416,822147788,1286955677,11280913,"[11280401, 11280913, 11281425]"
38,5654,meta-llama/Llama-3.1-8B,520,4,3000000000,4320798416,1320798416,822147788,1286955677,11280913,"[11280401, 11280913, 11281425]"
39,39,meta-llama/Llama-3.1-8B,512,4,0,265344986,265344986,1,103939254,53801910,"[121233056, 28491554, 11681122]"
39,183,meta-llama/Llama-3.1-8B,512,4,0,265344986,265344986,1,103939254,53801910,"[121233056, 28491554, 11681122]"
39,327,meta-llama/Llama-3.1-8B,512,4,0,265344986,265344986,1,103939254,53801910,"[121233056, 28491554, 11681122]"
39,471,meta-llama/Llama-3.1-8B,512,4,0,265344986,265344986,1,103939254,53801910,"[121233056, 28491554, 11681122]"
39,615,meta-llama/Llama-3.1-8B,512,4,0,369545131,369545131,103939254,225172310,48124273,"[28491554, 11681122, 104200145]"
39,759,meta-llama/Llama-3.1-8B,512,4,0,369545131,369545131,103939254,225172310,48124273,"[28491554, 11681122, 104200145]"
39,903,meta-llama/Llama-3.1-8B,512,4,0,369545131,369545131,103939254,225172310,48124273,"[28491554, 11681122, 104200145]"
39,1047,meta-llama/Llama-3.1-8B,512,4,0,470308963,470308963,225172310,253663864,72215033,"[11681122, 104200145, 100763832]"
39,1191,meta-llama/Llama-3.1-8B,512,4,0,529805580,529805580,265344986,369545131,53420149,"[100763832, 43329737, 16166880]"
39,1335,meta-llama/Llama-3.1-8B,512,4,0,529805580,529805580,265344986,369545131,53420149,"[100763832, 43329737, 16166880]"
39,1479,meta-llama/Llama-3.1-8B,512,4,0,529805580,529805580,265344986,369545131,53420149,"[100763832, 43329737, 16166880]"
39,1623,meta-llama/Llama-3.1-8B,512,4,0,612544430,612544430,369545131,470308963,47411822,"[43329737, 16166880, 82738850]"
39,1767,meta-llama/Llama-3.1-8B,512,4,0,612544430,612544430,369545131,470308963,47411822,"[43329737, 16166880, 82738850]"
39,1911,meta-llama/Llama-3.1-8B,512,4,0,612544430,612544430,369545131,470308963,47411822,"[43329737, 16166880, 82738850]"
39,2055,meta-llama/Llama-3.1-8B,512,4,0,612544430,612544430,369545131,470308963,47411822,"[43329737, 16166880, 82738850]"
39,2199,meta-llama/Llama-3.1-8B,512,4,0,651885393,651885393,470308963,513638700,46082231,"[16166880, 82738850, 39340963]"
39,2343,meta-llama/Llama-3.1-8B,512,4,0,678418579,678418579,529805580,612544430,21958049,"[39340963, 15255223, 11277963]"
39,2487,meta-llama/Llama-3.1-8B,512,4,0,678418579,678418579,529805580,612544430,21958049,"[39340963, 15255223, 11277963]"
39,2631,meta-llama/Llama-3.1-8B,512,4,0,678418579,678418579,529805580,612544430,21958049,"[39340963, 15255223, 11277963]"
39,2775,meta-llama/Llama-3.1-8B,512,4,0,689704028,689704028,612544430,651885393,12606211,"[15255223, 11277963, 11285449]"
39,2919,meta-llama/Llama-3.1-8B,520,4,3000000000,3327870070,327870070,37406,293325148,11514974,"[11513918, 11514974, 11516030]"
39,3063,meta-llama/Llama-3.1-8B,520,4,3000000000,3327870070,327870070,37406,293325148,11514974,"[11513918, 11514974, 11516030]"
39,3207,meta-llama/Llama-3.1-8B,520,4,3000000000,3327870070,327870070,37406,293325148,11514974,"[11513918, 11514974, 11516030]"
39,3351,meta-llama/Llama-3.1-8B,520,4,3000000000,3327870070,327870070,37406,293325148,11514974,"[11513918, 11514974, 11516030]"
39,3495,meta-llama/Llama-3.1-8B,520,4,3000000000,3327870070,327870070,37406,293325148,11514974,"[11513918, 11514974, 11516030]"
39,3639,meta-llama/Llama-3.1-8B,520,4,3000000000,3327870070,327870070,37406,293325148,11514974,"[11513918, 11514974, 11516030]"
39,3783,meta-llama/Llama-3.1-8B,520,4,3000000000,3327870070,327870070,37406,293325148,11514974,"[11513918, 11514974, 11516030]"
39,3927,meta-llama/Llama-3.1-8B,520,4,3000000000,3327870070,327870070,37406,293325148,11514974,"[11513918, 11514974, 11516030]"
39,4071,meta-llama/Llama-3.1-8B,520,4,3000000000,3829109446,829109446,327870070,794564524,11514974,"[11513918, 11514974, 11516030]"
39,4215,meta-llama/Llama-3.1-8B,520,4,3000000000,3829109446,829109446,327870070,794564524,11514974,"[11513918, 11514974, 11516030]"
39,4359,meta-llama/Llama-3.1-8B,520,4,3000000000,3829109446,829109446,327870070,794564524,11514974,"[11513918, 11514974, 11516030]"
39,4503,meta-llama/Llama-3.1-8B,520,4,3000000000,3829109446,829109446,327870070,794564524,11514974,"[11513918, 11514974, 11516030]"
39,4647,meta-llama/Llama-3.1-8B,520,4,3000000000,3829109446,829109446,327870070,794564524,11514974,"[11513918, 11514974, 11516030]"
39,4791,meta-llama/Llama-3.1-8B,520,4,3000000000,3829109446,829109446,327870070,794564524,11514974,"[11513918, 11514974, 11516030]"
39,4935,meta-llama/Llama-3.1-8B,520,4,3000000000,3829109446,829109446,327870070,794564524,11514974,"[11513918, 11514974, 11516030]"
39,5079,meta-llama/Llama-3.1-8B,520,4,3000000000,3829109446,829109446,327870070,794564524,11514974,"[11513918, 11514974, 11516030]"
39,5223,meta-llama/Llama-3.1-8B,520,4,3000000000,4327760074,1327760074,829109446,1293917335,11280913,"[11280401, 11280913, 11281425]"
39,5367,meta-llama/Llama-3.1-8B,520,4,3000000000,4327760074,1327760074,829109446,1293917335,11280913,"[11280401, 11280913, 11281425]"
39,5511,meta-llama/Llama-3.1-8B,520,4,3000000000,4327760074,1327760074,829109446,1293917335,11280913,"[11280401, 11280913, 11281425]"
39,5655,meta-llama/Llama-3.1-8B,520,4,3000000000,4327760074,1327760074,829109446,1293917335,11280913,"[11280401, 11280913, 11281425]"
40,40,meta-llama/Llama-3.1-8B,512,4,0,265347158,265347158,1,104464710,53627482,"[121233056, 27969039, 11680353]"
40,184,meta-llama/Llama-3.1-8B,512,4,0,265347158,265347158,1,104464710,53627482,"[121233056, 27969039, 11680353]"
40,328,meta-llama/Llama-3.1-8B,512,4,0,265347158,265347158,1,104464710,53627482,"[121233056, 27969039, 11680353]"
40,472,meta-llama/Llama-3.1-8B,512,4,0,265347158,265347158,1,104464710,53627482,"[121233056, 27969039, 11680353]"
40,616,meta-llama/Llama-3.1-8B,512,4,0,370070587,370070587,104464710,225697766,48124273,"[27969039, 11680353, 104723429]"
40,760,meta-llama/Llama-3.1-8B,512,4,0,370070587,370070587,104464710,225697766,48124273,"[27969039, 11680353, 104723429]"
40,904,meta-llama/Llama-3.1-8B,512,4,0,370070587,370070587,104464710,225697766,48124273,"[27969039, 11680353, 104723429]"
40,1048,meta-llama/Llama-3.1-8B,512,4,0,470705137,470705137,225697766,253666805,72346110,"[11680353, 104723429, 100634550]"
40,1192,meta-llama/Llama-3.1-8B,512,4,0,529807752,529807752,265347158,370070587,53245721,"[100634550, 43066812, 16035803]"
40,1336,meta-llama/Llama-3.1-8B,512,4,0,529807752,529807752,265347158,370070587,53245721,"[100634550, 43066812, 16035803]"
40,1480,meta-llama/Llama-3.1-8B,512,4,0,529807752,529807752,265347158,370070587,53245721,"[100634550, 43066812, 16035803]"
40,1624,meta-llama/Llama-3.1-8B,512,4,0,612939834,612939834,370070587,470705137,47411565,"[43066812, 16035803, 83132082]"
40,1768,meta-llama/Llama-3.1-8B,512,4,0,612939834,612939834,370070587,470705137,47411565,"[43066812, 16035803, 83132082]"
40,1912,meta-llama/Llama-3.1-8B,512,4,0,612939834,612939834,370070587,470705137,47411565,"[43066812, 16035803, 83132082]"
40,2056,meta-llama/Llama-3.1-8B,512,4,0,612939834,612939834,370070587,470705137,47411565,"[43066812, 16035803, 83132082]"
40,2200,meta-llama/Llama-3.1-8B,512,4,0,652017873,652017873,470705137,513771949,46081974,"[16035803, 83132082, 39078039]"
40,2344,meta-llama/Llama-3.1-8B,512,4,0,678682633,678682633,529807752,612939834,21914266,"[39078039, 15386797, 11277963]"
40,2488,meta-llama/Llama-3.1-8B,512,4,0,678682633,678682633,529807752,612939834,21914266,"[39078039, 15386797, 11277963]"
40,2632,meta-llama/Llama-3.1-8B,512,4,0,678682633,678682633,529807752,612939834,21914266,"[39078039, 15386797, 11277963]"
40,2776,meta-llama/Llama-3.1-8B,512,4,0,689968852,689968852,612939834,652017873,12650326,"[15386797, 11277963, 11286219]"
40,2920,meta-llama/Llama-3.1-8B,520,4,3000000000,3334831728,334831728,37406,300286806,11514974,"[11513918, 11514974, 11516030]"
40,3064,meta-llama/Llama-3.1-8B,520,4,3000000000,3334831728,334831728,37406,300286806,11514974,"[11513918, 11514974, 11516030]"
40,3208,meta-llama/Llama-3.1-8B,520,4,3000000000,3334831728,334831728,37406,300286806,11514974,"[11513918, 11514974, 11516030]"
40,3352,meta-llama/Llama-3.1-8B,520,4,3000000000,3334831728,334831728,37406,300286806,11514974,"[11513918, 11514974, 11516030]"
40,3496,meta-llama/Llama-3.1-8B,520,4,3000000000,3334831728,334831728,37406,300286806,11514974,"[11513918, 11514974, 11516030]"
40,3640,meta-llama/Llama-3.1-8B,520,4,3000000000,3334831728,334831728,37406,300286806,11514974,"[11513918, 11514974, 11516030]"
40,3784,meta-llama/Llama-3.1-8B,520,4,3000000000,3334831728,334831728,37406,300286806,11514974,"[11513918, 11514974, 11516030]"
40,3928,meta-llama/Llama-3.1-8B,520,4,3000000000,3334831728,334831728,37406,300286806,11514974,"[11513918, 11514974, 11516030]"
40,4072,meta-llama/Llama-3.1-8B,520,4,3000000000,3836071104,836071104,334831728,801526182,11514974,"[11513918, 11514974, 11516030]"
40,4216,meta-llama/Llama-3.1-8B,520,4,3000000000,3836071104,836071104,334831728,801526182,11514974,"[11513918, 11514974, 11516030]"
40,4360,meta-llama/Llama-3.1-8B,520,4,3000000000,3836071104,836071104,334831728,801526182,11514974,"[11513918, 11514974, 11516030]"
40,4504,meta-llama/Llama-3.1-8B,520,4,3000000000,3836071104,836071104,334831728,801526182,11514974,"[11513918, 11514974, 11516030]"
40,4648,meta-llama/Llama-3.1-8B,520,4,3000000000,3836071104,836071104,334831728,801526182,11514974,"[11513918, 11514974, 11516030]"
40,4792,meta-llama/Llama-3.1-8B,520,4,3000000000,3836071104,836071104,334831728,801526182,11514974,"[11513918, 11514974, 11516030]"
40,4936,meta-llama/Llama-3.1-8B,520,4,3000000000,3836071104,836071104,334831728,801526182,11514974,"[11513918, 11514974, 11516030]"
40,5080,meta-llama/Llama-3.1-8B,520,4,3000000000,3836071104,836071104,334831728,801526182,11514974,"[11513918, 11514974, 11516030]"
40,5224,meta-llama/Llama-3.1-8B,520,4,3000000000,4334721732,1334721732,836071104,1300878993,11280913,"[11280401, 11280913, 11281425]"
40,5368,meta-llama/Llama-3.1-8B,520,4,3000000000,4334721732,1334721732,836071104,1300878993,11280913,"[11280401, 11280913, 11281425]"
40,5512,meta-llama/Llama-3.1-8B,520,4,3000000000,4334721732,1334721732,836071104,1300878993,11280913,"[11280401, 11280913, 11281425]"
40,5656,meta-llama/Llama-3.1-8B,520,4,3000000000,4334721732,1334721732,836071104,1300878993,11280913,"[11280401, 11280913, 11281425]"
41,41,meta-llama/Llama-3.1-8B,512,4,0,265349330,265349330,1,104990166,53453054,"[121233056, 27446524, 11679584]"
41,185,meta-llama/Llama-3.1-8B,512,4,0,265349330,265349330,1,104990166,53453054,"[121233056, 27446524, 11679584]"
41,329,meta-llama/Llama-3.1-8B,512,4,0,265349330,265349330,1,104990166,53453054,"[121233056, 27446524, 11679584]"
41,473,meta-llama/Llama-3.1-8B,512,4,0,265349330,265349330,1,104990166,53453054,"[121233056, 27446524, 11679584]"
41,617,meta-llama/Llama-3.1-8B,512,4,0,370596043,370596043,104990166,226223222,48124273,"[27446524, 11679584, 105246713]"
41,761,meta-llama/Llama-3.1-8B,512,4,0,370596043,370596043,104990166,226223222,48124273,"[27446524, 11679584, 105246713]"
41,905,meta-llama/Llama-3.1-8B,512,4,0,370596043,370596043,104990166,226223222,48124273,"[27446524, 11679584, 105246713]"
41,1049,meta-llama/Llama-3.1-8B,512,4,0,471101311,471101311,226223222,253669746,72477188,"[11679584, 105246713, 100505268]"
41,1193,meta-llama/Llama-3.1-8B,512,4,0,529809924,529809924,265349330,370596043,53071293,"[100505268, 42803887, 15904726]"
41,1337,meta-llama/Llama-3.1-8B,512,4,0,529809924,529809924,265349330,370596043,53071293,"[100505268, 42803887, 15904726]"
41,1481,meta-llama/Llama-3.1-8B,512,4,0,529809924,529809924,265349330,370596043,53071293,"[100505268, 42803887, 15904726]"
41,1625,meta-llama/Llama-3.1-8B,512,4,0,613363275,613363275,370596043,471101311,47420654,"[42803887, 15904726, 83553351]"
41,1769,meta-llama/Llama-3.1-8B,512,4,0,613363275,613363275,370596043,471101311,47420654,"[42803887, 15904726, 83553351]"
41,1913,meta-llama/Llama-3.1-8B,512,4,0,613363275,613363275,370596043,471101311,47420654,"[42803887, 15904726, 83553351]"
41,2057,meta-llama/Llama-3.1-8B,512,4,0,613363275,613363275,370596043,471101311,47420654,"[42803887, 15904726, 83553351]"
41,2201,meta-llama/Llama-3.1-8B,512,4,0,652150353,652150353,471101311,513905198,46081718,"[15904726, 83553351, 38787078]"
41,2345,meta-llama/Llama-3.1-8B,512,4,0,678683779,678683779,529809924,613363275,21773501,"[38787078, 15255463, 11277963]"
41,2489,meta-llama/Llama-3.1-8B,512,4,0,678683779,678683779,529809924,613363275,21773501,"[38787078, 15255463, 11277963]"
41,2633,meta-llama/Llama-3.1-8B,512,4,0,678683779,678683779,529809924,613363275,21773501,"[38787078, 15255463, 11277963]"
41,2777,meta-llama/Llama-3.1-8B,512,4,0,689969228,689969228,613363275,652150353,12606291,"[15255463, 11277963, 11285449]"
41,2921,meta-llama/Llama-3.1-8B,520,4,3000000000,3341793386,341793386,37406,307248464,11514974,"[11513918, 11514974, 11516030]"
41,3065,meta-llama/Llama-3.1-8B,520,4,3000000000,3341793386,341793386,37406,307248464,11514974,"[11513918, 11514974, 11516030]"
41,3209,meta-llama/Llama-3.1-8B,520,4,3000000000,3341793386,341793386,37406,307248464,11514974,"[11513918, 11514974, 11516030]"
41,3353,meta-llama/Llama-3.1-8B,520,4,3000000000,3341793386,341793386,37406,307248464,11514974,"[11513918, 11514974, 11516030]"
41,3497,meta-llama/Llama-3.1-8B,520,4,3000000000,3341793386,341793386,37406,307248464,11514974,"[11513918, 11514974, 11516030]"
41,3641,meta-llama/Llama-3.1-8B,520,4,3000000000,3341793386,341793386,37406,307248464,11514974,"[11513918, 11514974, 11516030]"
41,3785,meta-llama/Llama-3.1-8B,520,4,3000000000,3341793386,341793386,37406,307248464,11514974,"[11513918, 11514974, 11516030]"
41,3929,meta-llama/Llama-3.1-8B,520,4,3000000000,3341793386,341793386,37406,307248464,11514974,"[11513918, 11514974, 11516030]"
41,4073,meta-llama/Llama-3.1-8B,520,4,3000000000,3843032762,843032762,341793386,808487840,11514974,"[11513918, 11514974, 11516030]"
41,4217,meta-llama/Llama-3.1-8B,520,4,3000000000,3843032762,843032762,341793386,808487840,11514974,"[11513918, 11514974, 11516030]"
41,4361,meta-llama/Llama-3.1-8B,520,4,3000000000,3843032762,843032762,341793386,808487840,11514974,"[11513918, 11514974, 11516030]"
41,4505,meta-llama/Llama-3.1-8B,520,4,3000000000,3843032762,843032762,341793386,808487840,11514974,"[11513918, 11514974, 11516030]"
41,4649,meta-llama/Llama-3.1-8B,520,4,3000000000,3843032762,843032762,341793386,808487840,11514974,"[11513918, 11514974, 11516030]"
41,4793,meta-llama/Llama-3.1-8B,520,4,3000000000,3843032762,843032762,341793386,808487840,11514974,"[11513918, 11514974, 11516030]"
41,4937,meta-llama/Llama-3.1-8B,520,4,3000000000,3843032762,843032762,341793386,808487840,11514974,"[11513918, 11514974, 11516030]"
41,5081,meta-llama/Llama-3.1-8B,520,4,3000000000,3843032762,843032762,341793386,808487840,11514974,"[11513918, 11514974, 11516030]"
41,5225,meta-llama/Llama-3.1-8B,520,4,3000000000,4341683390,1341683390,843032762,1307840651,11280913,"[11280401, 11280913, 11281425]"
41,5369,meta-llama/Llama-3.1-8B,520,4,3000000000,4341683390,1341683390,843032762,1307840651,11280913,"[11280401, 11280913, 11281425]"
41,5513,meta-llama/Llama-3.1-8B,520,4,3000000000,4341683390,1341683390,843032762,1307840651,11280913,"[11280401, 11280913, 11281425]"
41,5657,meta-llama/Llama-3.1-8B,520,4,3000000000,4341683390,1341683390,843032762,1307840651,11280913,"[11280401, 11280913, 11281425]"
42,42,meta-llama/Llama-3.1-8B,512,4,0,265351502,265351502,1,105515622,53278626,"[121233056, 26924009, 11678815]"
42,186,meta-llama/Llama-3.1-8B,512,4,0,265351502,265351502,1,105515622,53278626,"[121233056, 26924009, 11678815]"
42,330,meta-llama/Llama-3.1-8B,512,4,0,265351502,265351502,1,105515622,53278626,"[121233056, 26924009, 11678815]"
42,474,meta-llama/Llama-3.1-8B,512,4,0,265351502,265351502,1,105515622,53278626,"[121233056, 26924009, 11678815]"
42,618,meta-llama/Llama-3.1-8B,512,4,0,371121499,371121499,105515622,226748678,48124273,"[26924009, 11678815, 105769997]"
42,762,meta-llama/Llama-3.1-8B,512,4,0,371121499,371121499,105515622,226748678,48124273,"[26924009, 11678815, 105769997]"
42,906,meta-llama/Llama-3.1-8B,512,4,0,371121499,371121499,105515622,226748678,48124273,"[26924009, 11678815, 105769997]"
42,1050,meta-llama/Llama-3.1-8B,512,4,0,471497485,471497485,226748678,253672687,72608266,"[11678815, 105769997, 100375986]"
42,1194,meta-llama/Llama-3.1-8B,512,4,0,529812096,529812096,265351502,371121499,52896865,"[100375986, 42540962, 15773649]"
42,1338,meta-llama/Llama-3.1-8B,512,4,0,529812096,529812096,265351502,371121499,52896865,"[100375986, 42540962, 15773649]"
42,1482,meta-llama/Llama-3.1-8B,512,4,0,529812096,529812096,265351502,371121499,52896865,"[100375986, 42540962, 15773649]"
42,1626,meta-llama/Llama-3.1-8B,512,4,0,613758679,613758679,371121499,471497485,47420398,"[42540962, 15773649, 83946583]"
42,1770,meta-llama/Llama-3.1-8B,512,4,0,613758679,613758679,371121499,471497485,47420398,"[42540962, 15773649, 83946583]"
42,1914,meta-llama/Llama-3.1-8B,512,4,0,613758679,613758679,371121499,471497485,47420398,"[42540962, 15773649, 83946583]"
42,2058,meta-llama/Llama-3.1-8B,512,4,0,613758679,613758679,371121499,471497485,47420398,"[42540962, 15773649, 83946583]"
42,2202,meta-llama/Llama-3.1-8B,512,4,0,652282953,652282953,471497485,514038447,46081502,"[15773649, 83946583, 38524274]"
42,2346,meta-llama/Llama-3.1-8B,512,4,0,678688603,678688603,529812096,613758679,21643308,"[38524274, 15124249, 11281401]"
42,2490,meta-llama/Llama-3.1-8B,512,4,0,678688603,678688603,529812096,613758679,21643308,"[38524274, 15124249, 11281401]"
42,2634,meta-llama/Llama-3.1-8B,512,4,0,678688603,678688603,529812096,613758679,21643308,"[38524274, 15124249, 11281401]"
42,2778,meta-llama/Llama-3.1-8B,512,4,0,689973676,689973676,613758679,652282953,12563574,"[15124249, 11281401, 11285073]"
42,2922,meta-llama/Llama-3.1-8B,520,4,3000000000,3348755044,348755044,37406,314210122,11514974,"[11513918, 11514974, 11516030]"
42,3066,meta-llama/Llama-3.1-8B,520,4,3000000000,3348755044,348755044,37406,314210122,11514974,"[11513918, 11514974, 11516030]"
42,3210,meta-llama/Llama-3.1-8B,520,4,3000000000,3348755044,348755044,37406,314210122,11514974,"[11513918, 11514974, 11516030]"
42,3354,meta-llama/Llama-3.1-8B,520,4,3000000000,3348755044,348755044,37406,314210122,11514974,"[11513918, 11514974, 11516030]"
42,3498,meta-llama/Llama-3.1-8B,520,4,3000000000,3348755044,348755044,37406,314210122,11514974,"[11513918, 11514974, 11516030]"
42,3642,meta-llama/Llama-3.1-8B,520,4,3000000000,3348755044,348755044,37406,314210122,11514974,"[11513918, 11514974, 11516030]"
42,3786,meta-llama/Llama-3.1-8B,520,4,3000000000,3348755044,348755044,37406,314210122,11514974,"[11513918, 11514974, 11516030]"
42,3930,meta-llama/Llama-3.1-8B,520,4,3000000000,3348755044,348755044,37406,314210122,11514974,"[11513918, 11514974, 11516030]"
42,4074,meta-llama/Llama-3.1-8B,520,4,3000000000,3849994420,849994420,348755044,815449498,11514974,"[11513918, 11514974, 11516030]"
42,4218,meta-llama/Llama-3.1-8B,520,4,3000000000,3849994420,849994420,348755044,815449498,11514974,"[11513918, 11514974, 11516030]"
42,4362,meta-llama/Llama-3.1-8B,520,4,3000000000,3849994420,849994420,348755044,815449498,11514974,"[11513918, 11514974, 11516030]"
42,4506,meta-llama/Llama-3.1-8B,520,4,3000000000,3849994420,849994420,348755044,815449498,11514974,"[11513918, 11514974, 11516030]"
42,4650,meta-llama/Llama-3.1-8B,520,4,3000000000,3849994420,849994420,348755044,815449498,11514974,"[11513918, 11514974, 11516030]"
42,4794,meta-llama/Llama-3.1-8B,520,4,3000000000,3849994420,849994420,348755044,815449498,11514974,"[11513918, 11514974, 11516030]"
42,4938,meta-llama/Llama-3.1-8B,520,4,3000000000,3849994420,849994420,348755044,815449498,11514974,"[11513918, 11514974, 11516030]"
42,5082,meta-llama/Llama-3.1-8B,520,4,3000000000,3849994420,849994420,348755044,815449498,11514974,"[11513918, 11514974, 11516030]"
42,5226,meta-llama/Llama-3.1-8B,520,4,3000000000,4348645048,1348645048,849994420,1314802309,11280913,"[11280401, 11280913, 11281425]"
42,5370,meta-llama/Llama-3.1-8B,520,4,3000000000,4348645048,1348645048,849994420,1314802309,11280913,"[11280401, 11280913, 11281425]"
42,5514,meta-llama/Llama-3.1-8B,520,4,3000000000,4348645048,1348645048,849994420,1314802309,11280913,"[11280401, 11280913, 11281425]"
42,5658,meta-llama/Llama-3.1-8B,520,4,3000000000,4348645048,1348645048,849994420,1314802309,11280913,"[11280401, 11280913, 11281425]"
43,43,meta-llama/Llama-3.1-8B,512,4,0,265353674,265353674,1,106041078,53104198,"[121233056, 26401494, 11678046]"
43,187,meta-llama/Llama-3.1-8B,512,4,0,265353674,265353674,1,106041078,53104198,"[121233056, 26401494, 11678046]"
43,331,meta-llama/Llama-3.1-8B,512,4,0,265353674,265353674,1,106041078,53104198,"[121233056, 26401494, 11678046]"
43,475,meta-llama/Llama-3.1-8B,512,4,0,265353674,265353674,1,106041078,53104198,"[121233056, 26401494, 11678046]"
43,619,meta-llama/Llama-3.1-8B,512,4,0,371646955,371646955,106041078,227274134,48124273,"[26401494, 11678046, 106293281]"
43,763,meta-llama/Llama-3.1-8B,512,4,0,371646955,371646955,106041078,227274134,48124273,"[26401494, 11678046, 106293281]"
43,907,meta-llama/Llama-3.1-8B,512,4,0,371646955,371646955,106041078,227274134,48124273,"[26401494, 11678046, 106293281]"
43,1051,meta-llama/Llama-3.1-8B,512,4,0,471893659,471893659,227274134,253675628,72739343,"[11678046, 106293281, 100246704]"
43,1195,meta-llama/Llama-3.1-8B,512,4,0,529814268,529814268,265353674,371646955,52722437,"[100246704, 42278037, 15642572]"
43,1339,meta-llama/Llama-3.1-8B,512,4,0,529814268,529814268,265353674,371646955,52722437,"[100246704, 42278037, 15642572]"
43,1483,meta-llama/Llama-3.1-8B,512,4,0,529814268,529814268,265353674,371646955,52722437,"[100246704, 42278037, 15642572]"
43,1627,meta-llama/Llama-3.1-8B,512,4,0,614154083,614154083,371646955,471893659,47420141,"[42278037, 15642572, 84339815]"
43,1771,meta-llama/Llama-3.1-8B,512,4,0,614154083,614154083,371646955,471893659,47420141,"[42278037, 15642572, 84339815]"
43,1915,meta-llama/Llama-3.1-8B,512,4,0,614154083,614154083,371646955,471893659,47420141,"[42278037, 15642572, 84339815]"
43,2059,meta-llama/Llama-3.1-8B,512,4,0,614154083,614154083,371646955,471893659,47420141,"[42278037, 15642572, 84339815]"
43,2203,meta-llama/Llama-3.1-8B,512,4,0,652415433,652415433,471893659,514171696,46081245,"[15642572, 84339815, 38261350]"
43,2347,meta-llama/Llama-3.1-8B,512,4,0,678693307,678693307,529814268,614154083,21513074,"[38261350, 14992915, 11284959]"
43,2491,meta-llama/Llama-3.1-8B,512,4,0,678693307,678693307,529814268,614154083,21513074,"[38261350, 14992915, 11284959]"
43,2635,meta-llama/Llama-3.1-8B,512,4,0,678693307,678693307,529814268,614154083,21513074,"[38261350, 14992915, 11284959]"
43,2779,meta-llama/Llama-3.1-8B,512,4,0,689978380,689978380,614154083,652415433,12520982,"[14992915, 11284959, 11285073]"
43,2923,meta-llama/Llama-3.1-8B,520,4,3000000000,3355716702,355716702,37406,321171780,11514974,"[11513918, 11514974, 11516030]"
43,3067,meta-llama/Llama-3.1-8B,520,4,3000000000,3355716702,355716702,37406,321171780,11514974,"[11513918, 11514974, 11516030]"
43,3211,meta-llama/Llama-3.1-8B,520,4,3000000000,3355716702,355716702,37406,321171780,11514974,"[11513918, 11514974, 11516030]"
43,3355,meta-llama/Llama-3.1-8B,520,4,3000000000,3355716702,355716702,37406,321171780,11514974,"[11513918, 11514974, 11516030]"
43,3499,meta-llama/Llama-3.1-8B,520,4,3000000000,3355716702,355716702,37406,321171780,11514974,"[11513918, 11514974, 11516030]"
43,3643,meta-llama/Llama-3.1-8B,520,4,3000000000,3355716702,355716702,37406,321171780,11514974,"[11513918, 11514974, 11516030]"
43,3787,meta-llama/Llama-3.1-8B,520,4,3000000000,3355716702,355716702,37406,321171780,11514974,"[11513918, 11514974, 11516030]"
43,3931,meta-llama/Llama-3.1-8B,520,4,3000000000,3355716702,355716702,37406,321171780,11514974,"[11513918, 11514974, 11516030]"
43,4075,meta-llama/Llama-3.1-8B,520,4,3000000000,3856956078,856956078,355716702,822411156,11514974,"[11513918, 11514974, 11516030]"
43,4219,meta-llama/Llama-3.1-8B,520,4,3000000000,3856956078,856956078,355716702,822411156,11514974,"[11513918, 11514974, 11516030]"
43,4363,meta-llama/Llama-3.1-8B,520,4,3000000000,3856956078,856956078,355716702,822411156,11514974,"[11513918, 11514974, 11516030]"
43,4507,meta-llama/Llama-3.1-8B,520,4,3000000000,3856956078,856956078,355716702,822411156,11514974,"[11513918, 11514974, 11516030]"
43,4651,meta-llama/Llama-3.1-8B,520,4,3000000000,3856956078,856956078,355716702,822411156,11514974,"[11513918, 11514974, 11516030]"
43,4795,meta-llama/Llama-3.1-8B,520,4,3000000000,3856956078,856956078,355716702,822411156,11514974,"[11513918, 11514974, 11516030]"
43,4939,meta-llama/Llama-3.1-8B,520,4,3000000000,3856956078,856956078,355716702,822411156,11514974,"[11513918, 11514974, 11516030]"
43,5083,meta-llama/Llama-3.1-8B,520,4,3000000000,3856956078,856956078,355716702,822411156,11514974,"[11513918, 11514974, 11516030]"
43,5227,meta-llama/Llama-3.1-8B,520,4,3000000000,4355606706,1355606706,856956078,1321763967,11280913,"[11280401, 11280913, 11281425]"
43,5371,meta-llama/Llama-3.1-8B,520,4,3000000000,4355606706,1355606706,856956078,1321763967,11280913,"[11280401, 11280913, 11281425]"
43,5515,meta-llama/Llama-3.1-8B,520,4,3000000000,4355606706,1355606706,856956078,1321763967,11280913,"[11280401, 11280913, 11281425]"
43,5659,meta-llama/Llama-3.1-8B,520,4,3000000000,4355606706,1355606706,856956078,1321763967,11280913,"[11280401, 11280913, 11281425]"
44,44,meta-llama/Llama-3.1-8B,512,4,0,265355846,265355846,1,106566534,52929770,"[121233056, 25878979, 11677277]"
44,188,meta-llama/Llama-3.1-8B,512,4,0,265355846,265355846,1,106566534,52929770,"[121233056, 25878979, 11677277]"
44,332,meta-llama/Llama-3.1-8B,512,4,0,265355846,265355846,1,106566534,52929770,"[121233056, 25878979, 11677277]"
44,476,meta-llama/Llama-3.1-8B,512,4,0,265355846,265355846,1,106566534,52929770,"[121233056, 25878979, 11677277]"
44,620,meta-llama/Llama-3.1-8B,512,4,0,372172411,372172411,106566534,227799590,48124273,"[25878979, 11677277, 106816565]"
44,764,meta-llama/Llama-3.1-8B,512,4,0,372172411,372172411,106566534,227799590,48124273,"[25878979, 11677277, 106816565]"
44,908,meta-llama/Llama-3.1-8B,512,4,0,372172411,372172411,106566534,227799590,48124273,"[25878979, 11677277, 106816565]"
44,1052,meta-llama/Llama-3.1-8B,512,4,0,472289833,472289833,227799590,253678569,72870421,"[11677277, 106816565, 100117422]"
44,1196,meta-llama/Llama-3.1-8B,512,4,0,529816440,529816440,265355846,372172411,52548009,"[100117422, 42015112, 15511495]"
44,1340,meta-llama/Llama-3.1-8B,512,4,0,529816440,529816440,265355846,372172411,52548009,"[100117422, 42015112, 15511495]"
44,1484,meta-llama/Llama-3.1-8B,512,4,0,529816440,529816440,265355846,372172411,52548009,"[100117422, 42015112, 15511495]"
44,1628,meta-llama/Llama-3.1-8B,512,4,0,614577524,614577524,372172411,472289833,47429230,"[42015112, 15511495, 84761084]"
44,1772,meta-llama/Llama-3.1-8B,512,4,0,614577524,614577524,372172411,472289833,47429230,"[42015112, 15511495, 84761084]"
44,1916,meta-llama/Llama-3.1-8B,512,4,0,614577524,614577524,372172411,472289833,47429230,"[42015112, 15511495, 84761084]"
44,2060,meta-llama/Llama-3.1-8B,512,4,0,614577524,614577524,372172411,472289833,47429230,"[42015112, 15511495, 84761084]"
44,2204,meta-llama/Llama-3.1-8B,512,4,0,652547913,652547913,472289833,514304945,46080989,"[15511495, 84761084, 37970389]"
44,2348,meta-llama/Llama-3.1-8B,512,4,0,678694573,678694573,529816440,614577524,21372349,"[37970389, 14861581, 11285079]"
44,2492,meta-llama/Llama-3.1-8B,512,4,0,678694573,678694573,529816440,614577524,21372349,"[37970389, 14861581, 11285079]"
44,2636,meta-llama/Llama-3.1-8B,512,4,0,678694573,678694573,529816440,614577524,21372349,"[37970389, 14861581, 11285079]"
44,2780,meta-llama/Llama-3.1-8B,512,4,0,689979646,689979646,614577524,652547913,12477244,"[14861581, 11285079, 11285073]"
44,2924,meta-llama/Llama-3.1-8B,520,4,3000000000,3362678360,362678360,37406,328133438,11514974,"[11513918, 11514974, 11516030]"
44,3068,meta-llama/Llama-3.1-8B,520,4,3000000000,3362678360,362678360,37406,328133438,11514974,"[11513918, 11514974, 11516030]"
44,3212,meta-llama/Llama-3.1-8B,520,4,3000000000,3362678360,362678360,37406,328133438,11514974,"[11513918, 11514974, 11516030]"
44,3356,meta-llama/Llama-3.1-8B,520,4,3000000000,3362678360,362678360,37406,328133438,11514974,"[11513918, 11514974, 11516030]"
44,3500,meta-llama/Llama-3.1-8B,520,4,3000000000,3362678360,362678360,37406,328133438,11514974,"[11513918, 11514974, 11516030]"
44,3644,meta-llama/Llama-3.1-8B,520,4,3000000000,3362678360,362678360,37406,328133438,11514974,"[11513918, 11514974, 11516030]"
44,3788,meta-llama/Llama-3.1-8B,520,4,3000000000,3362678360,362678360,37406,328133438,11514974,"[11513918, 11514974, 11516030]"
44,3932,meta-llama/Llama-3.1-8B,520,4,3000000000,3362678360,362678360,37406,328133438,11514974,"[11513918, 11514974, 11516030]"
44,4076,meta-llama/Llama-3.1-8B,520,4,3000000000,3863917736,863917736,362678360,829372814,11514974,"[11513918, 11514974, 11516030]"
44,4220,meta-llama/Llama-3.1-8B,520,4,3000000000,3863917736,863917736,362678360,829372814,11514974,"[11513918, 11514974, 11516030]"
44,4364,meta-llama/Llama-3.1-8B,520,4,3000000000,3863917736,863917736,362678360,829372814,11514974,"[11513918, 11514974, 11516030]"
44,4508,meta-llama/Llama-3.1-8B,520,4,3000000000,3863917736,863917736,362678360,829372814,11514974,"[11513918, 11514974, 11516030]"
44,4652,meta-llama/Llama-3.1-8B,520,4,3000000000,3863917736,863917736,362678360,829372814,11514974,"[11513918, 11514974, 11516030]"
44,4796,meta-llama/Llama-3.1-8B,520,4,3000000000,3863917736,863917736,362678360,829372814,11514974,"[11513918, 11514974, 11516030]"
44,4940,meta-llama/Llama-3.1-8B,520,4,3000000000,3863917736,863917736,362678360,829372814,11514974,"[11513918, 11514974, 11516030]"
44,5084,meta-llama/Llama-3.1-8B,520,4,3000000000,3863917736,863917736,362678360,829372814,11514974,"[11513918, 11514974, 11516030]"
44,5228,meta-llama/Llama-3.1-8B,520,4,3000000000,4362568364,1362568364,863917736,1328725625,11280913,"[11280401, 11280913, 11281425]"
44,5372,meta-llama/Llama-3.1-8B,520,4,3000000000,4362568364,1362568364,863917736,1328725625,11280913,"[11280401, 11280913, 11281425]"
44,5516,meta-llama/Llama-3.1-8B,520,4,3000000000,4362568364,1362568364,863917736,1328725625,11280913,"[11280401, 11280913, 11281425]"
44,5660,meta-llama/Llama-3.1-8B,520,4,3000000000,4362568364,1362568364,863917736,1328725625,11280913,"[11280401, 11280913, 11281425]"
45,45,meta-llama/Llama-3.1-8B,512,4,0,265358018,265358018,1,107091990,52755342,"[121233056, 25356464, 11676508]"
45,189,meta-llama/Llama-3.1-8B,512,4,0,265358018,265358018,1,107091990,52755342,"[121233056, 25356464, 11676508]"
45,333,meta-llama/Llama-3.1-8B,512,4,0,265358018,265358018,1,107091990,52755342,"[121233056, 25356464, 11676508]"
45,477,meta-llama/Llama-3.1-8B,512,4,0,265358018,265358018,1,107091990,52755342,"[121233056, 25356464, 11676508]"
45,621,meta-llama/Llama-3.1-8B,512,4,0,372697867,372697867,107091990,228325046,48124273,"[25356464, 11676508, 107339849]"
45,765,meta-llama/Llama-3.1-8B,512,4,0,372697867,372697867,107091990,228325046,48124273,"[25356464, 11676508, 107339849]"
45,909,meta-llama/Llama-3.1-8B,512,4,0,372697867,372697867,107091990,228325046,48124273,"[25356464, 11676508, 107339849]"
45,1053,meta-llama/Llama-3.1-8B,512,4,0,472686007,472686007,228325046,253681510,73001499,"[11676508, 107339849, 99988140]"
45,1197,meta-llama/Llama-3.1-8B,512,4,0,529818612,529818612,265358018,372697867,52373581,"[99988140, 41752187, 15380418]"
45,1341,meta-llama/Llama-3.1-8B,512,4,0,529818612,529818612,265358018,372697867,52373581,"[99988140, 41752187, 15380418]"
45,1485,meta-llama/Llama-3.1-8B,512,4,0,529818612,529818612,265358018,372697867,52373581,"[99988140, 41752187, 15380418]"
45,1629,meta-llama/Llama-3.1-8B,512,4,0,614972928,614972928,372697867,472686007,47428973,"[41752187, 15380418, 85154316]"
45,1773,meta-llama/Llama-3.1-8B,512,4,0,614972928,614972928,372697867,472686007,47428973,"[41752187, 15380418, 85154316]"
45,1917,meta-llama/Llama-3.1-8B,512,4,0,614972928,614972928,372697867,472686007,47428973,"[41752187, 15380418, 85154316]"
45,2061,meta-llama/Llama-3.1-8B,512,4,0,614972928,614972928,372697867,472686007,47428973,"[41752187, 15380418, 85154316]"
45,2205,meta-llama/Llama-3.1-8B,512,4,0,652680393,652680393,472686007,514438194,46080733,"[15380418, 85154316, 37707465]"
45,2349,meta-llama/Llama-3.1-8B,512,4,0,678700423,678700423,529818612,614972928,21242498,"[37707465, 14730247, 11289783]"
45,2493,meta-llama/Llama-3.1-8B,512,4,0,678700423,678700423,529818612,614972928,21242498,"[37707465, 14730247, 11289783]"
45,2637,meta-llama/Llama-3.1-8B,512,4,0,678700423,678700423,529818612,614972928,21242498,"[37707465, 14730247, 11289783]"
45,2781,meta-llama/Llama-3.1-8B,512,4,0,689986642,689986642,614972928,652680393,12435416,"[14730247, 11289783, 11286219]"
45,2925,meta-llama/Llama-3.1-8B,520,4,3000000000,3369640018,369640018,37406,335095096,11514974,"[11513918, 11514974, 11516030]"
45,3069,meta-llama/Llama-3.1-8B,520,4,3000000000,3369640018,369640018,37406,335095096,11514974,"[11513918, 11514974, 11516030]"
45,3213,meta-llama/Llama-3.1-8B,520,4,3000000000,3369640018,369640018,37406,335095096,11514974,"[11513918, 11514974, 11516030]"
45,3357,meta-llama/Llama-3.1-8B,520,4,3000000000,3369640018,369640018,37406,335095096,11514974,"[11513918, 11514974, 11516030]"
45,3501,meta-llama/Llama-3.1-8B,520,4,3000000000,3369640018,369640018,37406,335095096,11514974,"[11513918, 11514974, 11516030]"
45,3645,meta-llama/Llama-3.1-8B,520,4,3000000000,3369640018,369640018,37406,335095096,11514974,"[11513918, 11514974, 11516030]"
45,3789,meta-llama/Llama-3.1-8B,520,4,3000000000,3369640018,369640018,37406,335095096,11514974,"[11513918, 11514974, 11516030]"
45,3933,meta-llama/Llama-3.1-8B,520,4,3000000000,3369640018,369640018,37406,335095096,11514974,"[11513918, 11514974, 11516030]"
45,4077,meta-llama/Llama-3.1-8B,520,4,3000000000,3870879394,870879394,369640018,836334472,11514974,"[11513918, 11514974, 11516030]"
45,4221,meta-llama/Llama-3.1-8B,520,4,3000000000,3870879394,870879394,369640018,836334472,11514974,"[11513918, 11514974, 11516030]"
45,4365,meta-llama/Llama-3.1-8B,520,4,3000000000,3870879394,870879394,369640018,836334472,11514974,"[11513918, 11514974, 11516030]"
45,4509,meta-llama/Llama-3.1-8B,520,4,3000000000,3870879394,870879394,369640018,836334472,11514974,"[11513918, 11514974, 11516030]"
45,4653,meta-llama/Llama-3.1-8B,520,4,3000000000,3870879394,870879394,369640018,836334472,11514974,"[11513918, 11514974, 11516030]"
45,4797,meta-llama/Llama-3.1-8B,520,4,3000000000,3870879394,870879394,369640018,836334472,11514974,"[11513918, 11514974, 11516030]"
45,4941,meta-llama/Llama-3.1-8B,520,4,3000000000,3870879394,870879394,369640018,836334472,11514974,"[11513918, 11514974, 11516030]"
45,5085,meta-llama/Llama-3.1-8B,520,4,3000000000,3870879394,870879394,369640018,836334472,11514974,"[11513918, 11514974, 11516030]"
45,5229,meta-llama/Llama-3.1-8B,520,4,3000000000,4369530022,1369530022,870879394,1335687283,11280913,"[11280401, 11280913, 11281425]"
45,5373,meta-llama/Llama-3.1-8B,520,4,3000000000,4369530022,1369530022,870879394,1335687283,11280913,"[11280401, 11280913, 11281425]"
45,5517,meta-llama/Llama-3.1-8B,520,4,3000000000,4369530022,1369530022,870879394,1335687283,11280913,"[11280401, 11280913, 11281425]"
45,5661,meta-llama/Llama-3.1-8B,520,4,3000000000,4369530022,1369530022,870879394,1335687283,11280913,"[11280401, 11280913, 11281425]"
46,46,meta-llama/Llama-3.1-8B,512,4,0,265360190,265360190,1,107617446,52580914,"[121233056, 24833949, 11675739]"
46,190,meta-llama/Llama-3.1-8B,512,4,0,265360190,265360190,1,107617446,52580914,"[121233056, 24833949, 11675739]"
46,334,meta-llama/Llama-3.1-8B,512,4,0,265360190,265360190,1,107617446,52580914,"[121233056, 24833949, 11675739]"
46,478,meta-llama/Llama-3.1-8B,512,4,0,265360190,265360190,1,107617446,52580914,"[121233056, 24833949, 11675739]"
46,622,meta-llama/Llama-3.1-8B,512,4,0,373223323,373223323,107617446,228850502,48124273,"[24833949, 11675739, 107863133]"
46,766,meta-llama/Llama-3.1-8B,512,4,0,373223323,373223323,107617446,228850502,48124273,"[24833949, 11675739, 107863133]"
46,910,meta-llama/Llama-3.1-8B,512,4,0,373223323,373223323,107617446,228850502,48124273,"[24833949, 11675739, 107863133]"
46,1054,meta-llama/Llama-3.1-8B,512,4,0,473082181,473082181,228850502,253684451,73132576,"[11675739, 107863133, 99858858]"
46,1198,meta-llama/Llama-3.1-8B,512,4,0,529820784,529820784,265360190,373223323,52199153,"[99858858, 41489262, 15249341]"
46,1342,meta-llama/Llama-3.1-8B,512,4,0,529820784,529820784,265360190,373223323,52199153,"[99858858, 41489262, 15249341]"
46,1486,meta-llama/Llama-3.1-8B,512,4,0,529820784,529820784,265360190,373223323,52199153,"[99858858, 41489262, 15249341]"
46,1630,meta-llama/Llama-3.1-8B,512,4,0,615396369,615396369,373223323,473082181,47438062,"[41489262, 15249341, 85575585]"
46,1774,meta-llama/Llama-3.1-8B,512,4,0,615396369,615396369,373223323,473082181,47438062,"[41489262, 15249341, 85575585]"
46,1918,meta-llama/Llama-3.1-8B,512,4,0,615396369,615396369,373223323,473082181,47438062,"[41489262, 15249341, 85575585]"
46,2062,meta-llama/Llama-3.1-8B,512,4,0,615396369,615396369,373223323,473082181,47438062,"[41489262, 15249341, 85575585]"
46,2206,meta-llama/Llama-3.1-8B,512,4,0,652812873,652812873,473082181,514571443,46080476,"[15249341, 85575585, 37416504]"
46,2350,meta-llama/Llama-3.1-8B,512,4,0,678701569,678701569,529820784,615396369,21101733,"[37416504, 14598913, 11289783]"
46,2494,meta-llama/Llama-3.1-8B,512,4,0,678701569,678701569,529820784,615396369,21101733,"[37416504, 14598913, 11289783]"
46,2638,meta-llama/Llama-3.1-8B,512,4,0,678701569,678701569,529820784,615396369,21101733,"[37416504, 14598913, 11289783]"
46,2782,meta-llama/Llama-3.1-8B,512,4,0,689987018,689987018,615396369,652812873,12391381,"[14598913, 11289783, 11285449]"
46,2926,meta-llama/Llama-3.1-8B,520,4,3000000000,3376601676,376601676,37406,342056754,11514974,"[11513918, 11514974, 11516030]"
46,3070,meta-llama/Llama-3.1-8B,520,4,3000000000,3376601676,376601676,37406,342056754,11514974,"[11513918, 11514974, 11516030]"
46,3214,meta-llama/Llama-3.1-8B,520,4,3000000000,3376601676,376601676,37406,342056754,11514974,"[11513918, 11514974, 11516030]"
46,3358,meta-llama/Llama-3.1-8B,520,4,3000000000,3376601676,376601676,37406,342056754,11514974,"[11513918, 11514974, 11516030]"
46,3502,meta-llama/Llama-3.1-8B,520,4,3000000000,3376601676,376601676,37406,342056754,11514974,"[11513918, 11514974, 11516030]"
46,3646,meta-llama/Llama-3.1-8B,520,4,3000000000,3376601676,376601676,37406,342056754,11514974,"[11513918, 11514974, 11516030]"
46,3790,meta-llama/Llama-3.1-8B,520,4,3000000000,3376601676,376601676,37406,342056754,11514974,"[11513918, 11514974, 11516030]"
46,3934,meta-llama/Llama-3.1-8B,520,4,3000000000,3376601676,376601676,37406,342056754,11514974,"[11513918, 11514974, 11516030]"
46,4078,meta-llama/Llama-3.1-8B,520,4,3000000000,3877841052,877841052,376601676,843296130,11514974,"[11513918, 11514974, 11516030]"
46,4222,meta-llama/Llama-3.1-8B,520,4,3000000000,3877841052,877841052,376601676,843296130,11514974,"[11513918, 11514974, 11516030]"
46,4366,meta-llama/Llama-3.1-8B,520,4,3000000000,3877841052,877841052,376601676,843296130,11514974,"[11513918, 11514974, 11516030]"
46,4510,meta-llama/Llama-3.1-8B,520,4,3000000000,3877841052,877841052,376601676,843296130,11514974,"[11513918, 11514974, 11516030]"
46,4654,meta-llama/Llama-3.1-8B,520,4,3000000000,3877841052,877841052,376601676,843296130,11514974,"[11513918, 11514974, 11516030]"
46,4798,meta-llama/Llama-3.1-8B,520,4,3000000000,3877841052,877841052,376601676,843296130,11514974,"[11513918, 11514974, 11516030]"
46,4942,meta-llama/Llama-3.1-8B,520,4,3000000000,3877841052,877841052,376601676,843296130,11514974,"[11513918, 11514974, 11516030]"
46,5086,meta-llama/Llama-3.1-8B,520,4,3000000000,3877841052,877841052,376601676,843296130,11514974,"[11513918, 11514974, 11516030]"
46,5230,meta-llama/Llama-3.1-8B,520,4,3000000000,4376491680,1376491680,877841052,1342648941,11280913,"[11280401, 11280913, 11281425]"
46,5374,meta-llama/Llama-3.1-8B,520,4,3000000000,4376491680,1376491680,877841052,1342648941,11280913,"[11280401, 11280913, 11281425]"
46,5518,meta-llama/Llama-3.1-8B,520,4,3000000000,4376491680,1376491680,877841052,1342648941,11280913,"[11280401, 11280913, 11281425]"
46,5662,meta-llama/Llama-3.1-8B,520,4,3000000000,4376491680,1376491680,877841052,1342648941,11280913,"[11280401, 11280913, 11281425]"
47,47,meta-llama/Llama-3.1-8B,512,4,0,265362362,265362362,1,108142902,52406486,"[121233056, 24311434, 11674970]"
47,191,meta-llama/Llama-3.1-8B,512,4,0,265362362,265362362,1,108142902,52406486,"[121233056, 24311434, 11674970]"
47,335,meta-llama/Llama-3.1-8B,512,4,0,265362362,265362362,1,108142902,52406486,"[121233056, 24311434, 11674970]"
47,479,meta-llama/Llama-3.1-8B,512,4,0,265362362,265362362,1,108142902,52406486,"[121233056, 24311434, 11674970]"
47,623,meta-llama/Llama-3.1-8B,512,4,0,373748779,373748779,108142902,229375958,48124273,"[24311434, 11674970, 108386417]"
47,767,meta-llama/Llama-3.1-8B,512,4,0,373748779,373748779,108142902,229375958,48124273,"[24311434, 11674970, 108386417]"
47,911,meta-llama/Llama-3.1-8B,512,4,0,373748779,373748779,108142902,229375958,48124273,"[24311434, 11674970, 108386417]"
47,1055,meta-llama/Llama-3.1-8B,512,4,0,473478355,473478355,229375958,253687392,73263654,"[11674970, 108386417, 99729576]"
47,1199,meta-llama/Llama-3.1-8B,512,4,0,529822956,529822956,265362362,373748779,52024725,"[99729576, 41226337, 15118264]"
47,1343,meta-llama/Llama-3.1-8B,512,4,0,529822956,529822956,265362362,373748779,52024725,"[99729576, 41226337, 15118264]"
47,1487,meta-llama/Llama-3.1-8B,512,4,0,529822956,529822956,265362362,373748779,52024725,"[99729576, 41226337, 15118264]"
47,1631,meta-llama/Llama-3.1-8B,512,4,0,615791773,615791773,373748779,473478355,47437806,"[41226337, 15118264, 85968817]"
47,1775,meta-llama/Llama-3.1-8B,512,4,0,615791773,615791773,373748779,473478355,47437806,"[41226337, 15118264, 85968817]"
47,1919,meta-llama/Llama-3.1-8B,512,4,0,615791773,615791773,373748779,473478355,47437806,"[41226337, 15118264, 85968817]"
47,2063,meta-llama/Llama-3.1-8B,512,4,0,615791773,615791773,373748779,473478355,47437806,"[41226337, 15118264, 85968817]"
47,2207,meta-llama/Llama-3.1-8B,512,4,0,652945473,652945473,473478355,514704692,46080260,"[15118264, 85968817, 37153700]"
47,2351,meta-llama/Llama-3.1-8B,512,4,0,678705247,678705247,529822956,615791773,20971158,"[37153700, 14467579, 11292195]"
47,2495,meta-llama/Llama-3.1-8B,512,4,0,678705247,678705247,529822956,615791773,20971158,"[37153700, 14467579, 11292195]"
47,2639,meta-llama/Llama-3.1-8B,512,4,0,678705247,678705247,529822956,615791773,20971158,"[37153700, 14467579, 11292195]"
47,2783,meta-llama/Llama-3.1-8B,512,4,0,689990320,689990320,615791773,652945473,12348282,"[14467579, 11292195, 11285073]"
47,2927,meta-llama/Llama-3.1-8B,520,4,3000000000,3383563334,383563334,37406,349018412,11514974,"[11513918, 11514974, 11516030]"
47,3071,meta-llama/Llama-3.1-8B,520,4,3000000000,3383563334,383563334,37406,349018412,11514974,"[11513918, 11514974, 11516030]"
47,3215,meta-llama/Llama-3.1-8B,520,4,3000000000,3383563334,383563334,37406,349018412,11514974,"[11513918, 11514974, 11516030]"
47,3359,meta-llama/Llama-3.1-8B,520,4,3000000000,3383563334,383563334,37406,349018412,11514974,"[11513918, 11514974, 11516030]"
47,3503,meta-llama/Llama-3.1-8B,520,4,3000000000,3383563334,383563334,37406,349018412,11514974,"[11513918, 11514974, 11516030]"
47,3647,meta-llama/Llama-3.1-8B,520,4,3000000000,3383563334,383563334,37406,349018412,11514974,"[11513918, 11514974, 11516030]"
47,3791,meta-llama/Llama-3.1-8B,520,4,3000000000,3383563334,383563334,37406,349018412,11514974,"[11513918, 11514974, 11516030]"
47,3935,meta-llama/Llama-3.1-8B,520,4,3000000000,3383563334,383563334,37406,349018412,11514974,"[11513918, 11514974, 11516030]"
47,4079,meta-llama/Llama-3.1-8B,520,4,3000000000,3884802710,884802710,383563334,850257788,11514974,"[11513918, 11514974, 11516030]"
47,4223,meta-llama/Llama-3.1-8B,520,4,3000000000,3884802710,884802710,383563334,850257788,11514974,"[11513918, 11514974, 11516030]"
47,4367,meta-llama/Llama-3.1-8B,520,4,3000000000,3884802710,884802710,383563334,850257788,11514974,"[11513918, 11514974, 11516030]"
47,4511,meta-llama/Llama-3.1-8B,520,4,3000000000,3884802710,884802710,383563334,850257788,11514974,"[11513918, 11514974, 11516030]"
47,4655,meta-llama/Llama-3.1-8B,520,4,3000000000,3884802710,884802710,383563334,850257788,11514974,"[11513918, 11514974, 11516030]"
47,4799,meta-llama/Llama-3.1-8B,520,4,3000000000,3884802710,884802710,383563334,850257788,11514974,"[11513918, 11514974, 11516030]"
47,4943,meta-llama/Llama-3.1-8B,520,4,3000000000,3884802710,884802710,383563334,850257788,11514974,"[11513918, 11514974, 11516030]"
47,5087,meta-llama/Llama-3.1-8B,520,4,3000000000,3884802710,884802710,383563334,850257788,11514974,"[11513918, 11514974, 11516030]"
47,5231,meta-llama/Llama-3.1-8B,520,4,3000000000,4383453338,1383453338,884802710,1349610599,11280913,"[11280401, 11280913, 11281425]"
47,5375,meta-llama/Llama-3.1-8B,520,4,3000000000,4383453338,1383453338,884802710,1349610599,11280913,"[11280401, 11280913, 11281425]"
47,5519,meta-llama/Llama-3.1-8B,520,4,3000000000,4383453338,1383453338,884802710,1349610599,11280913,"[11280401, 11280913, 11281425]"
47,5663,meta-llama/Llama-3.1-8B,520,4,3000000000,4383453338,1383453338,884802710,1349610599,11280913,"[11280401, 11280913, 11281425]"
48,48,meta-llama/Llama-3.1-8B,512,4,0,265364534,265364534,1,108668358,52232058,"[121233056, 23788919, 11674201]"
48,192,meta-llama/Llama-3.1-8B,512,4,0,265364534,265364534,1,108668358,52232058,"[121233056, 23788919, 11674201]"
48,336,meta-llama/Llama-3.1-8B,512,4,0,265364534,265364534,1,108668358,52232058,"[121233056, 23788919, 11674201]"
48,480,meta-llama/Llama-3.1-8B,512,4,0,265364534,265364534,1,108668358,52232058,"[121233056, 23788919, 11674201]"
48,624,meta-llama/Llama-3.1-8B,512,4,0,374274235,374274235,108668358,229901414,48124273,"[23788919, 11674201, 108909701]"
48,768,meta-llama/Llama-3.1-8B,512,4,0,374274235,374274235,108668358,229901414,48124273,"[23788919, 11674201, 108909701]"
48,912,meta-llama/Llama-3.1-8B,512,4,0,374274235,374274235,108668358,229901414,48124273,"[23788919, 11674201, 108909701]"
48,1056,meta-llama/Llama-3.1-8B,512,4,0,473874529,473874529,229901414,253690333,73394732,"[11674201, 108909701, 99600294]"
48,1200,meta-llama/Llama-3.1-8B,512,4,0,529825128,529825128,265364534,374274235,51850297,"[99600294, 40963412, 14987187]"
48,1344,meta-llama/Llama-3.1-8B,512,4,0,529825128,529825128,265364534,374274235,51850297,"[99600294, 40963412, 14987187]"
48,1488,meta-llama/Llama-3.1-8B,512,4,0,529825128,529825128,265364534,374274235,51850297,"[99600294, 40963412, 14987187]"
48,1632,meta-llama/Llama-3.1-8B,512,4,0,616187177,616187177,374274235,473874529,47437549,"[40963412, 14987187, 86362049]"
48,1776,meta-llama/Llama-3.1-8B,512,4,0,616187177,616187177,374274235,473874529,47437549,"[40963412, 14987187, 86362049]"
48,1920,meta-llama/Llama-3.1-8B,512,4,0,616187177,616187177,374274235,473874529,47437549,"[40963412, 14987187, 86362049]"
48,2064,meta-llama/Llama-3.1-8B,512,4,0,616187177,616187177,374274235,473874529,47437549,"[40963412, 14987187, 86362049]"
48,2208,meta-llama/Llama-3.1-8B,512,4,0,653077953,653077953,473874529,514837941,46080004,"[14987187, 86362049, 36890776]"
48,2352,meta-llama/Llama-3.1-8B,512,4,0,678708805,678708805,529825128,616187177,20840542,"[36890776, 14336245, 11294607]"
48,2496,meta-llama/Llama-3.1-8B,512,4,0,678708805,678708805,529825128,616187177,20840542,"[36890776, 14336245, 11294607]"
48,2640,meta-llama/Llama-3.1-8B,512,4,0,678708805,678708805,529825128,616187177,20840542,"[36890776, 14336245, 11294607]"
48,2784,meta-llama/Llama-3.1-8B,512,4,0,689993878,689993878,616187177,653077953,12305308,"[14336245, 11294607, 11285073]"
48,2928,meta-llama/Llama-3.1-8B,520,4,3000000000,3390524992,390524992,37406,355980070,11514974,"[11513918, 11514974, 11516030]"
48,3072,meta-llama/Llama-3.1-8B,520,4,3000000000,3390524992,390524992,37406,355980070,11514974,"[11513918, 11514974, 11516030]"
48,3216,meta-llama/Llama-3.1-8B,520,4,3000000000,3390524992,390524992,37406,355980070,11514974,"[11513918, 11514974, 11516030]"
48,3360,meta-llama/Llama-3.1-8B,520,4,3000000000,3390524992,390524992,37406,355980070,11514974,"[11513918, 11514974, 11516030]"
48,3504,meta-llama/Llama-3.1-8B,520,4,3000000000,3390524992,390524992,37406,355980070,11514974,"[11513918, 11514974, 11516030]"
48,3648,meta-llama/Llama-3.1-8B,520,4,3000000000,3390524992,390524992,37406,355980070,11514974,"[11513918, 11514974, 11516030]"
48,3792,meta-llama/Llama-3.1-8B,520,4,3000000000,3390524992,390524992,37406,355980070,11514974,"[11513918, 11514974, 11516030]"
48,3936,meta-llama/Llama-3.1-8B,520,4,3000000000,3390524992,390524992,37406,355980070,11514974,"[11513918, 11514974, 11516030]"
48,4080,meta-llama/Llama-3.1-8B,520,4,3000000000,3891764368,891764368,390524992,857219446,11514974,"[11513918, 11514974, 11516030]"
48,4224,meta-llama/Llama-3.1-8B,520,4,3000000000,3891764368,891764368,390524992,857219446,11514974,"[11513918, 11514974, 11516030]"
48,4368,meta-llama/Llama-3.1-8B,520,4,3000000000,3891764368,891764368,390524992,857219446,11514974,"[11513918, 11514974, 11516030]"
48,4512,meta-llama/Llama-3.1-8B,520,4,3000000000,3891764368,891764368,390524992,857219446,11514974,"[11513918, 11514974, 11516030]"
48,4656,meta-llama/Llama-3.1-8B,520,4,3000000000,3891764368,891764368,390524992,857219446,11514974,"[11513918, 11514974, 11516030]"
48,4800,meta-llama/Llama-3.1-8B,520,4,3000000000,3891764368,891764368,390524992,857219446,11514974,"[11513918, 11514974, 11516030]"
48,4944,meta-llama/Llama-3.1-8B,520,4,3000000000,3891764368,891764368,390524992,857219446,11514974,"[11513918, 11514974, 11516030]"
48,5088,meta-llama/Llama-3.1-8B,520,4,3000000000,3891764368,891764368,390524992,857219446,11514974,"[11513918, 11514974, 11516030]"
48,5232,meta-llama/Llama-3.1-8B,520,4,3000000000,4390414996,1390414996,891764368,1356572257,11280913,"[11280401, 11280913, 11281425]"
48,5376,meta-llama/Llama-3.1-8B,520,4,3000000000,4390414996,1390414996,891764368,1356572257,11280913,"[11280401, 11280913, 11281425]"
48,5520,meta-llama/Llama-3.1-8B,520,4,3000000000,4390414996,1390414996,891764368,1356572257,11280913,"[11280401, 11280913, 11281425]"
48,5664,meta-llama/Llama-3.1-8B,520,4,3000000000,4390414996,1390414996,891764368,1356572257,11280913,"[11280401, 11280913, 11281425]"
49,49,meta-llama/Llama-3.1-8B,512,4,0,265366706,265366706,1,109193814,52057630,"[121233056, 23266404, 11673432]"
49,193,meta-llama/Llama-3.1-8B,512,4,0,265366706,265366706,1,109193814,52057630,"[121233056, 23266404, 11673432]"
49,337,meta-llama/Llama-3.1-8B,512,4,0,265366706,265366706,1,109193814,52057630,"[121233056, 23266404, 11673432]"
49,481,meta-llama/Llama-3.1-8B,512,4,0,265366706,265366706,1,109193814,52057630,"[121233056, 23266404, 11673432]"
49,625,meta-llama/Llama-3.1-8B,512,4,0,374799691,374799691,109193814,230426870,48124273,"[23266404, 11673432, 109432985]"
49,769,meta-llama/Llama-3.1-8B,512,4,0,374799691,374799691,109193814,230426870,48124273,"[23266404, 11673432, 109432985]"
49,913,meta-llama/Llama-3.1-8B,512,4,0,374799691,374799691,109193814,230426870,48124273,"[23266404, 11673432, 109432985]"
49,1057,meta-llama/Llama-3.1-8B,512,4,0,474270703,474270703,230426870,253693274,73525809,"[11673432, 109432985, 99471012]"
49,1201,meta-llama/Llama-3.1-8B,512,4,0,529827300,529827300,265366706,374799691,51675869,"[99471012, 40700487, 14856110]"
49,1345,meta-llama/Llama-3.1-8B,512,4,0,529827300,529827300,265366706,374799691,51675869,"[99471012, 40700487, 14856110]"
49,1489,meta-llama/Llama-3.1-8B,512,4,0,529827300,529827300,265366706,374799691,51675869,"[99471012, 40700487, 14856110]"
49,1633,meta-llama/Llama-3.1-8B,512,4,0,616610618,616610618,374799691,474270703,47446638,"[40700487, 14856110, 86783318]"
49,1777,meta-llama/Llama-3.1-8B,512,4,0,616610618,616610618,374799691,474270703,47446638,"[40700487, 14856110, 86783318]"
49,1921,meta-llama/Llama-3.1-8B,512,4,0,616610618,616610618,374799691,474270703,47446638,"[40700487, 14856110, 86783318]"
49,2065,meta-llama/Llama-3.1-8B,512,4,0,616610618,616610618,374799691,474270703,47446638,"[40700487, 14856110, 86783318]"
49,2209,meta-llama/Llama-3.1-8B,512,4,0,653210433,653210433,474270703,514971190,46079747,"[14856110, 86783318, 36599815]"
49,2353,meta-llama/Llama-3.1-8B,512,4,0,678712363,678712363,529827300,616610618,20700581,"[36599815, 14204911, 11297019]"
49,2497,meta-llama/Llama-3.1-8B,512,4,0,678712363,678712363,529827300,616610618,20700581,"[36599815, 14204911, 11297019]"
49,2641,meta-llama/Llama-3.1-8B,512,4,0,678712363,678712363,529827300,616610618,20700581,"[36599815, 14204911, 11297019]"
49,2785,meta-llama/Llama-3.1-8B,512,4,0,689997436,689997436,616610618,653210433,12262334,"[14204911, 11297019, 11285073]"
49,2929,meta-llama/Llama-3.1-8B,520,4,3000000000,3397486650,397486650,37406,362941728,11514974,"[11513918, 11514974, 11516030]"
49,3073,meta-llama/Llama-3.1-8B,520,4,3000000000,3397486650,397486650,37406,362941728,11514974,"[11513918, 11514974, 11516030]"
49,3217,meta-llama/Llama-3.1-8B,520,4,3000000000,3397486650,397486650,37406,362941728,11514974,"[11513918, 11514974, 11516030]"
49,3361,meta-llama/Llama-3.1-8B,520,4,3000000000,3397486650,397486650,37406,362941728,11514974,"[11513918, 11514974, 11516030]"
49,3505,meta-llama/Llama-3.1-8B,520,4,3000000000,3397486650,397486650,37406,362941728,11514974,"[11513918, 11514974, 11516030]"
49,3649,meta-llama/Llama-3.1-8B,520,4,3000000000,3397486650,397486650,37406,362941728,11514974,"[11513918, 11514974, 11516030]"
49,3793,meta-llama/Llama-3.1-8B,520,4,3000000000,3397486650,397486650,37406,362941728,11514974,"[11513918, 11514974, 11516030]"
49,3937,meta-llama/Llama-3.1-8B,520,4,3000000000,3397486650,397486650,37406,362941728,11514974,"[11513918, 11514974, 11516030]"
49,4081,meta-llama/Llama-3.1-8B,520,4,3000000000,3898726026,898726026,397486650,864181104,11514974,"[11513918, 11514974, 11516030]"
49,4225,meta-llama/Llama-3.1-8B,520,4,3000000000,3898726026,898726026,397486650,864181104,11514974,"[11513918, 11514974, 11516030]"
49,4369,meta-llama/Llama-3.1-8B,520,4,3000000000,3898726026,898726026,397486650,864181104,11514974,"[11513918, 11514974, 11516030]"
49,4513,meta-llama/Llama-3.1-8B,520,4,3000000000,3898726026,898726026,397486650,864181104,11514974,"[11513918, 11514974, 11516030]"
49,4657,meta-llama/Llama-3.1-8B,520,4,3000000000,3898726026,898726026,397486650,864181104,11514974,"[11513918, 11514974, 11516030]"
49,4801,meta-llama/Llama-3.1-8B,520,4,3000000000,3898726026,898726026,397486650,864181104,11514974,"[11513918, 11514974, 11516030]"
49,4945,meta-llama/Llama-3.1-8B,520,4,3000000000,3898726026,898726026,397486650,864181104,11514974,"[11513918, 11514974, 11516030]"
49,5089,meta-llama/Llama-3.1-8B,520,4,3000000000,3898726026,898726026,397486650,864181104,11514974,"[11513918, 11514974, 11516030]"
49,5233,meta-llama/Llama-3.1-8B,520,4,3000000000,4397376654,1397376654,898726026,1363533915,11280913,"[11280401, 11280913, 11281425]"
49,5377,meta-llama/Llama-3.1-8B,520,4,3000000000,4397376654,1397376654,898726026,1363533915,11280913,"[11280401, 11280913, 11281425]"
49,5521,meta-llama/Llama-3.1-8B,520,4,3000000000,4397376654,1397376654,898726026,1363533915,11280913,"[11280401, 11280913, 11281425]"
49,5665,meta-llama/Llama-3.1-8B,520,4,3000000000,4397376654,1397376654,898726026,1363533915,11280913,"[11280401, 11280913, 11281425]"
50,50,meta-llama/Llama-3.1-8B,512,4,0,265368878,265368878,1,109719270,51883202,"[121233056, 22744009, 11672543]"
50,194,meta-llama/Llama-3.1-8B,512,4,0,265368878,265368878,1,109719270,51883202,"[121233056, 22744009, 11672543]"
50,338,meta-llama/Llama-3.1-8B,512,4,0,265368878,265368878,1,109719270,51883202,"[121233056, 22744009, 11672543]"
50,482,meta-llama/Llama-3.1-8B,512,4,0,265368878,265368878,1,109719270,51883202,"[121233056, 22744009, 11672543]"
50,626,meta-llama/Llama-3.1-8B,512,4,0,375325147,375325147,109719270,230952326,48124273,"[22744009, 11672543, 109956269]"
50,770,meta-llama/Llama-3.1-8B,512,4,0,375325147,375325147,109719270,230952326,48124273,"[22744009, 11672543, 109956269]"
50,914,meta-llama/Llama-3.1-8B,512,4,0,375325147,375325147,109719270,230952326,48124273,"[22744009, 11672543, 109956269]"
50,1058,meta-llama/Llama-3.1-8B,512,4,0,474666877,474666877,230952326,253696335,73656847,"[11672543, 109956269, 99341730]"
50,1202,meta-llama/Llama-3.1-8B,512,4,0,529829472,529829472,265368878,375325147,51501441,"[99341730, 40437562, 14725033]"
50,1346,meta-llama/Llama-3.1-8B,512,4,0,529829472,529829472,265368878,375325147,51501441,"[99341730, 40437562, 14725033]"
50,1490,meta-llama/Llama-3.1-8B,512,4,0,529829472,529829472,265368878,375325147,51501441,"[99341730, 40437562, 14725033]"
50,1634,meta-llama/Llama-3.1-8B,512,4,0,617006022,617006022,375325147,474666877,47446381,"[40437562, 14725033, 87176550]"
50,1778,meta-llama/Llama-3.1-8B,512,4,0,617006022,617006022,375325147,474666877,47446381,"[40437562, 14725033, 87176550]"
50,1922,meta-llama/Llama-3.1-8B,512,4,0,617006022,617006022,375325147,474666877,47446381,"[40437562, 14725033, 87176550]"
50,2066,meta-llama/Llama-3.1-8B,512,4,0,617006022,617006022,375325147,474666877,47446381,"[40437562, 14725033, 87176550]"
50,2210,meta-llama/Llama-3.1-8B,512,4,0,653342913,653342913,474666877,515104439,46079491,"[14725033, 87176550, 36336891]"
50,2354,meta-llama/Llama-3.1-8B,512,4,0,678717067,678717067,529829472,617006022,20570348,"[36336891, 14073577, 11300577]"
50,2498,meta-llama/Llama-3.1-8B,512,4,0,678717067,678717067,529829472,617006022,20570348,"[36336891, 14073577, 11300577]"
50,2642,meta-llama/Llama-3.1-8B,512,4,0,678717067,678717067,529829472,617006022,20570348,"[36336891, 14073577, 11300577]"
50,2786,meta-llama/Llama-3.1-8B,512,4,0,690002140,690002140,617006022,653342913,12219742,"[14073577, 11300577, 11285073]"
50,2930,meta-llama/Llama-3.1-8B,520,4,3000000000,3404448308,404448308,37406,369903386,11514974,"[11513918, 11514974, 11516030]"
50,3074,meta-llama/Llama-3.1-8B,520,4,3000000000,3404448308,404448308,37406,369903386,11514974,"[11513918, 11514974, 11516030]"
50,3218,meta-llama/Llama-3.1-8B,520,4,3000000000,3404448308,404448308,37406,369903386,11514974,"[11513918, 11514974, 11516030]"
50,3362,meta-llama/Llama-3.1-8B,520,4,3000000000,3404448308,404448308,37406,369903386,11514974,"[11513918, 11514974, 11516030]"
50,3506,meta-llama/Llama-3.1-8B,520,4,3000000000,3404448308,404448308,37406,369903386,11514974,"[11513918, 11514974, 11516030]"
50,3650,meta-llama/Llama-3.1-8B,520,4,3000000000,3404448308,404448308,37406,369903386,11514974,"[11513918, 11514974, 11516030]"
50,3794,meta-llama/Llama-3.1-8B,520,4,3000000000,3404448308,404448308,37406,369903386,11514974,"[11513918, 11514974, 11516030]"
50,3938,meta-llama/Llama-3.1-8B,520,4,3000000000,3404448308,404448308,37406,369903386,11514974,"[11513918, 11514974, 11516030]"
50,4082,meta-llama/Llama-3.1-8B,520,4,3000000000,3905687684,905687684,404448308,871142762,11514974,"[11513918, 11514974, 11516030]"
50,4226,meta-llama/Llama-3.1-8B,520,4,3000000000,3905687684,905687684,404448308,871142762,11514974,"[11513918, 11514974, 11516030]"
50,4370,meta-llama/Llama-3.1-8B,520,4,3000000000,3905687684,905687684,404448308,871142762,11514974,"[11513918, 11514974, 11516030]"
50,4514,meta-llama/Llama-3.1-8B,520,4,3000000000,3905687684,905687684,404448308,871142762,11514974,"[11513918, 11514974, 11516030]"
50,4658,meta-llama/Llama-3.1-8B,520,4,3000000000,3905687684,905687684,404448308,871142762,11514974,"[11513918, 11514974, 11516030]"
50,4802,meta-llama/Llama-3.1-8B,520,4,3000000000,3905687684,905687684,404448308,871142762,11514974,"[11513918, 11514974, 11516030]"
50,4946,meta-llama/Llama-3.1-8B,520,4,3000000000,3905687684,905687684,404448308,871142762,11514974,"[11513918, 11514974, 11516030]"
50,5090,meta-llama/Llama-3.1-8B,520,4,3000000000,3905687684,905687684,404448308,871142762,11514974,"[11513918, 11514974, 11516030]"
50,5234,meta-llama/Llama-3.1-8B,520,4,3000000000,4404338312,1404338312,905687684,1370495573,11280913,"[11280401, 11280913, 11281425]"
50,5378,meta-llama/Llama-3.1-8B,520,4,3000000000,4404338312,1404338312,905687684,1370495573,11280913,"[11280401, 11280913, 11281425]"
50,5522,meta-llama/Llama-3.1-8B,520,4,3000000000,4404338312,1404338312,905687684,1370495573,11280913,"[11280401, 11280913, 11281425]"
50,5666,meta-llama/Llama-3.1-8B,520,4,3000000000,4404338312,1404338312,905687684,1370495573,11280913,"[11280401, 11280913, 11281425]"
51,51,meta-llama/Llama-3.1-8B,512,4,0,265371050,265371050,1,110244726,51708774,"[121233056, 22221494, 11671774]"
51,195,meta-llama/Llama-3.1-8B,512,4,0,265371050,265371050,1,110244726,51708774,"[121233056, 22221494, 11671774]"
51,339,meta-llama/Llama-3.1-8B,512,4,0,265371050,265371050,1,110244726,51708774,"[121233056, 22221494, 11671774]"
51,483,meta-llama/Llama-3.1-8B,512,4,0,265371050,265371050,1,110244726,51708774,"[121233056, 22221494, 11671774]"
51,627,meta-llama/Llama-3.1-8B,512,4,0,375850603,375850603,110244726,231477782,48124273,"[22221494, 11671774, 110479553]"
51,771,meta-llama/Llama-3.1-8B,512,4,0,375850603,375850603,110244726,231477782,48124273,"[22221494, 11671774, 110479553]"
51,915,meta-llama/Llama-3.1-8B,512,4,0,375850603,375850603,110244726,231477782,48124273,"[22221494, 11671774, 110479553]"
51,1059,meta-llama/Llama-3.1-8B,512,4,0,475063051,475063051,231477782,253699276,73787925,"[11671774, 110479553, 99212448]"
51,1203,meta-llama/Llama-3.1-8B,512,4,0,529831644,529831644,265371050,375850603,51327013,"[99212448, 40174637, 14593956]"
51,1347,meta-llama/Llama-3.1-8B,512,4,0,529831644,529831644,265371050,375850603,51327013,"[99212448, 40174637, 14593956]"
51,1491,meta-llama/Llama-3.1-8B,512,4,0,529831644,529831644,265371050,375850603,51327013,"[99212448, 40174637, 14593956]"
51,1635,meta-llama/Llama-3.1-8B,512,4,0,617401426,617401426,375850603,475063051,47446125,"[40174637, 14593956, 87569782]"
51,1779,meta-llama/Llama-3.1-8B,512,4,0,617401426,617401426,375850603,475063051,47446125,"[40174637, 14593956, 87569782]"
51,1923,meta-llama/Llama-3.1-8B,512,4,0,617401426,617401426,375850603,475063051,47446125,"[40174637, 14593956, 87569782]"
51,2067,meta-llama/Llama-3.1-8B,512,4,0,617401426,617401426,375850603,475063051,47446125,"[40174637, 14593956, 87569782]"
51,2211,meta-llama/Llama-3.1-8B,512,4,0,653475513,653475513,475063051,515237688,46079275,"[14593956, 87569782, 36074087]"
51,2355,meta-llama/Llama-3.1-8B,512,4,0,678721771,678721771,529831644,617401426,20440115,"[36074087, 13942243, 11304015]"
51,2499,meta-llama/Llama-3.1-8B,512,4,0,678721771,678721771,529831644,617401426,20440115,"[36074087, 13942243, 11304015]"
51,2643,meta-llama/Llama-3.1-8B,512,4,0,678721771,678721771,529831644,617401426,20440115,"[36074087, 13942243, 11304015]"
51,2787,meta-llama/Llama-3.1-8B,512,4,0,690006844,690006844,617401426,653475513,12177110,"[13942243, 11304015, 11285073]"
51,2931,meta-llama/Llama-3.1-8B,520,4,3000000000,3411409966,411409966,37406,376865044,11514974,"[11513918, 11514974, 11516030]"
51,3075,meta-llama/Llama-3.1-8B,520,4,3000000000,3411409966,411409966,37406,376865044,11514974,"[11513918, 11514974, 11516030]"
51,3219,meta-llama/Llama-3.1-8B,520,4,3000000000,3411409966,411409966,37406,376865044,11514974,"[11513918, 11514974, 11516030]"
51,3363,meta-llama/Llama-3.1-8B,520,4,3000000000,3411409966,411409966,37406,376865044,11514974,"[11513918, 11514974, 11516030]"
51,3507,meta-llama/Llama-3.1-8B,520,4,3000000000,3411409966,411409966,37406,376865044,11514974,"[11513918, 11514974, 11516030]"
51,3651,meta-llama/Llama-3.1-8B,520,4,3000000000,3411409966,411409966,37406,376865044,11514974,"[11513918, 11514974, 11516030]"
51,3795,meta-llama/Llama-3.1-8B,520,4,3000000000,3411409966,411409966,37406,376865044,11514974,"[11513918, 11514974, 11516030]"
51,3939,meta-llama/Llama-3.1-8B,520,4,3000000000,3411409966,411409966,37406,376865044,11514974,"[11513918, 11514974, 11516030]"
51,4083,meta-llama/Llama-3.1-8B,520,4,3000000000,3912649342,912649342,411409966,878104420,11514974,"[11513918, 11514974, 11516030]"
51,4227,meta-llama/Llama-3.1-8B,520,4,3000000000,3912649342,912649342,411409966,878104420,11514974,"[11513918, 11514974, 11516030]"
51,4371,meta-llama/Llama-3.1-8B,520,4,3000000000,3912649342,912649342,411409966,878104420,11514974,"[11513918, 11514974, 11516030]"
51,4515,meta-llama/Llama-3.1-8B,520,4,3000000000,3912649342,912649342,411409966,878104420,11514974,"[11513918, 11514974, 11516030]"
51,4659,meta-llama/Llama-3.1-8B,520,4,3000000000,3912649342,912649342,411409966,878104420,11514974,"[11513918, 11514974, 11516030]"
51,4803,meta-llama/Llama-3.1-8B,520,4,3000000000,3912649342,912649342,411409966,878104420,11514974,"[11513918, 11514974, 11516030]"
51,4947,meta-llama/Llama-3.1-8B,520,4,3000000000,3912649342,912649342,411409966,878104420,11514974,"[11513918, 11514974, 11516030]"
51,5091,meta-llama/Llama-3.1-8B,520,4,3000000000,3912649342,912649342,411409966,878104420,11514974,"[11513918, 11514974, 11516030]"
51,5235,meta-llama/Llama-3.1-8B,520,4,3000000000,4411299970,1411299970,912649342,1377457231,11280913,"[11280401, 11280913, 11281425]"
51,5379,meta-llama/Llama-3.1-8B,520,4,3000000000,4411299970,1411299970,912649342,1377457231,11280913,"[11280401, 11280913, 11281425]"
51,5523,meta-llama/Llama-3.1-8B,520,4,3000000000,4411299970,1411299970,912649342,1377457231,11280913,"[11280401, 11280913, 11281425]"
51,5667,meta-llama/Llama-3.1-8B,520,4,3000000000,4411299970,1411299970,912649342,1377457231,11280913,"[11280401, 11280913, 11281425]"
52,52,meta-llama/Llama-3.1-8B,512,4,0,265373222,265373222,1,110770182,51534346,"[121233056, 21698979, 11671005]"
52,196,meta-llama/Llama-3.1-8B,512,4,0,265373222,265373222,1,110770182,51534346,"[121233056, 21698979, 11671005]"
52,340,meta-llama/Llama-3.1-8B,512,4,0,265373222,265373222,1,110770182,51534346,"[121233056, 21698979, 11671005]"
52,484,meta-llama/Llama-3.1-8B,512,4,0,265373222,265373222,1,110770182,51534346,"[121233056, 21698979, 11671005]"
52,628,meta-llama/Llama-3.1-8B,512,4,0,376376059,376376059,110770182,232003238,48124273,"[21698979, 11671005, 111002837]"
52,772,meta-llama/Llama-3.1-8B,512,4,0,376376059,376376059,110770182,232003238,48124273,"[21698979, 11671005, 111002837]"
52,916,meta-llama/Llama-3.1-8B,512,4,0,376376059,376376059,110770182,232003238,48124273,"[21698979, 11671005, 111002837]"
52,1060,meta-llama/Llama-3.1-8B,512,4,0,475459225,475459225,232003238,253702217,73919002,"[11671005, 111002837, 99083166]"
52,1204,meta-llama/Llama-3.1-8B,512,4,0,529833816,529833816,265373222,376376059,51152585,"[99083166, 39911712, 14462879]"
52,1348,meta-llama/Llama-3.1-8B,512,4,0,529833816,529833816,265373222,376376059,51152585,"[99083166, 39911712, 14462879]"
52,1492,meta-llama/Llama-3.1-8B,512,4,0,529833816,529833816,265373222,376376059,51152585,"[99083166, 39911712, 14462879]"
52,1636,meta-llama/Llama-3.1-8B,512,4,0,617824867,617824867,376376059,475459225,47455214,"[39911712, 14462879, 87991051]"
52,1780,meta-llama/Llama-3.1-8B,512,4,0,617824867,617824867,376376059,475459225,47455214,"[39911712, 14462879, 87991051]"
52,1924,meta-llama/Llama-3.1-8B,512,4,0,617824867,617824867,376376059,475459225,47455214,"[39911712, 14462879, 87991051]"
52,2068,meta-llama/Llama-3.1-8B,512,4,0,617824867,617824867,376376059,475459225,47455214,"[39911712, 14462879, 87991051]"
52,2212,meta-llama/Llama-3.1-8B,512,4,0,653607993,653607993,475459225,515370937,46079018,"[14462879, 87991051, 35783126]"
52,2356,meta-llama/Llama-3.1-8B,512,4,0,678724183,678724183,529833816,617824867,20299772,"[35783126, 13811029, 11305161]"
52,2500,meta-llama/Llama-3.1-8B,512,4,0,678724183,678724183,529833816,617824867,20299772,"[35783126, 13811029, 11305161]"
52,2644,meta-llama/Llama-3.1-8B,512,4,0,678724183,678724183,529833816,617824867,20299772,"[35783126, 13811029, 11305161]"
52,2788,meta-llama/Llama-3.1-8B,512,4,0,690016132,690016132,617824867,653607993,12136046,"[13811029, 11305161, 11291949]"
52,2932,meta-llama/Llama-3.1-8B,520,4,3000000000,3418371624,418371624,37406,383826702,11514974,"[11513918, 11514974, 11516030]"
52,3076,meta-llama/Llama-3.1-8B,520,4,3000000000,3418371624,418371624,37406,383826702,11514974,"[11513918, 11514974, 11516030]"
52,3220,meta-llama/Llama-3.1-8B,520,4,3000000000,3418371624,418371624,37406,383826702,11514974,"[11513918, 11514974, 11516030]"
52,3364,meta-llama/Llama-3.1-8B,520,4,3000000000,3418371624,418371624,37406,383826702,11514974,"[11513918, 11514974, 11516030]"
52,3508,meta-llama/Llama-3.1-8B,520,4,3000000000,3418371624,418371624,37406,383826702,11514974,"[11513918, 11514974, 11516030]"
52,3652,meta-llama/Llama-3.1-8B,520,4,3000000000,3418371624,418371624,37406,383826702,11514974,"[11513918, 11514974, 11516030]"
52,3796,meta-llama/Llama-3.1-8B,520,4,3000000000,3418371624,418371624,37406,383826702,11514974,"[11513918, 11514974, 11516030]"
52,3940,meta-llama/Llama-3.1-8B,520,4,3000000000,3418371624,418371624,37406,383826702,11514974,"[11513918, 11514974, 11516030]"
52,4084,meta-llama/Llama-3.1-8B,520,4,3000000000,3919611000,919611000,418371624,885066078,11514974,"[11513918, 11514974, 11516030]"
52,4228,meta-llama/Llama-3.1-8B,520,4,3000000000,3919611000,919611000,418371624,885066078,11514974,"[11513918, 11514974, 11516030]"
52,4372,meta-llama/Llama-3.1-8B,520,4,3000000000,3919611000,919611000,418371624,885066078,11514974,"[11513918, 11514974, 11516030]"
52,4516,meta-llama/Llama-3.1-8B,520,4,3000000000,3919611000,919611000,418371624,885066078,11514974,"[11513918, 11514974, 11516030]"
52,4660,meta-llama/Llama-3.1-8B,520,4,3000000000,3919611000,919611000,418371624,885066078,11514974,"[11513918, 11514974, 11516030]"
52,4804,meta-llama/Llama-3.1-8B,520,4,3000000000,3919611000,919611000,418371624,885066078,11514974,"[11513918, 11514974, 11516030]"
52,4948,meta-llama/Llama-3.1-8B,520,4,3000000000,3919611000,919611000,418371624,885066078,11514974,"[11513918, 11514974, 11516030]"
52,5092,meta-llama/Llama-3.1-8B,520,4,3000000000,3919611000,919611000,418371624,885066078,11514974,"[11513918, 11514974, 11516030]"
52,5236,meta-llama/Llama-3.1-8B,520,4,3000000000,4418261628,1418261628,919611000,1384418889,11280913,"[11280401, 11280913, 11281425]"
52,5380,meta-llama/Llama-3.1-8B,520,4,3000000000,4418261628,1418261628,919611000,1384418889,11280913,"[11280401, 11280913, 11281425]"
52,5524,meta-llama/Llama-3.1-8B,520,4,3000000000,4418261628,1418261628,919611000,1384418889,11280913,"[11280401, 11280913, 11281425]"
52,5668,meta-llama/Llama-3.1-8B,520,4,3000000000,4418261628,1418261628,919611000,1384418889,11280913,"[11280401, 11280913, 11281425]"
53,53,meta-llama/Llama-3.1-8B,512,4,0,265375394,265375394,1,111295638,51359918,"[121233056, 21176464, 11670236]"
53,197,meta-llama/Llama-3.1-8B,512,4,0,265375394,265375394,1,111295638,51359918,"[121233056, 21176464, 11670236]"
53,341,meta-llama/Llama-3.1-8B,512,4,0,265375394,265375394,1,111295638,51359918,"[121233056, 21176464, 11670236]"
53,485,meta-llama/Llama-3.1-8B,512,4,0,265375394,265375394,1,111295638,51359918,"[121233056, 21176464, 11670236]"
53,629,meta-llama/Llama-3.1-8B,512,4,0,376901515,376901515,111295638,232528694,48124273,"[21176464, 11670236, 111526121]"
53,773,meta-llama/Llama-3.1-8B,512,4,0,376901515,376901515,111295638,232528694,48124273,"[21176464, 11670236, 111526121]"
53,917,meta-llama/Llama-3.1-8B,512,4,0,376901515,376901515,111295638,232528694,48124273,"[21176464, 11670236, 111526121]"
53,1061,meta-llama/Llama-3.1-8B,512,4,0,475855399,475855399,232528694,253705158,74050080,"[11670236, 111526121, 98953884]"
53,1205,meta-llama/Llama-3.1-8B,512,4,0,529835988,529835988,265375394,376901515,50978157,"[98953884, 39648787, 14331802]"
53,1349,meta-llama/Llama-3.1-8B,512,4,0,529835988,529835988,265375394,376901515,50978157,"[98953884, 39648787, 14331802]"
53,1493,meta-llama/Llama-3.1-8B,512,4,0,529835988,529835988,265375394,376901515,50978157,"[98953884, 39648787, 14331802]"
53,1637,meta-llama/Llama-3.1-8B,512,4,0,618220271,618220271,376901515,475855399,47454957,"[39648787, 14331802, 88384283]"
53,1781,meta-llama/Llama-3.1-8B,512,4,0,618220271,618220271,376901515,475855399,47454957,"[39648787, 14331802, 88384283]"
53,1925,meta-llama/Llama-3.1-8B,512,4,0,618220271,618220271,376901515,475855399,47454957,"[39648787, 14331802, 88384283]"
53,2069,meta-llama/Llama-3.1-8B,512,4,0,618220271,618220271,376901515,475855399,47454957,"[39648787, 14331802, 88384283]"
53,2213,meta-llama/Llama-3.1-8B,512,4,0,653740473,653740473,475855399,515504186,46078762,"[14331802, 88384283, 35520202]"
53,2357,meta-llama/Llama-3.1-8B,512,4,0,678725329,678725329,529835988,618220271,20168352,"[35520202, 13679695, 11305161]"
53,2501,meta-llama/Llama-3.1-8B,512,4,0,678725329,678725329,529835988,618220271,20168352,"[35520202, 13679695, 11305161]"
53,2645,meta-llama/Llama-3.1-8B,512,4,0,678725329,678725329,529835988,618220271,20168352,"[35520202, 13679695, 11305161]"
53,2789,meta-llama/Llama-3.1-8B,512,4,0,690016508,690016508,618220271,653740473,12092011,"[13679695, 11305161, 11291179]"
53,2933,meta-llama/Llama-3.1-8B,520,4,3000000000,3425333282,425333282,37406,390788360,11514974,"[11513918, 11514974, 11516030]"
53,3077,meta-llama/Llama-3.1-8B,520,4,3000000000,3425333282,425333282,37406,390788360,11514974,"[11513918, 11514974, 11516030]"
53,3221,meta-llama/Llama-3.1-8B,520,4,3000000000,3425333282,425333282,37406,390788360,11514974,"[11513918, 11514974, 11516030]"
53,3365,meta-llama/Llama-3.1-8B,520,4,3000000000,3425333282,425333282,37406,390788360,11514974,"[11513918, 11514974, 11516030]"
53,3509,meta-llama/Llama-3.1-8B,520,4,3000000000,3425333282,425333282,37406,390788360,11514974,"[11513918, 11514974, 11516030]"
53,3653,meta-llama/Llama-3.1-8B,520,4,3000000000,3425333282,425333282,37406,390788360,11514974,"[11513918, 11514974, 11516030]"
53,3797,meta-llama/Llama-3.1-8B,520,4,3000000000,3425333282,425333282,37406,390788360,11514974,"[11513918, 11514974, 11516030]"
53,3941,meta-llama/Llama-3.1-8B,520,4,3000000000,3425333282,425333282,37406,390788360,11514974,"[11513918, 11514974, 11516030]"
53,4085,meta-llama/Llama-3.1-8B,520,4,3000000000,3926572658,926572658,425333282,892027736,11514974,"[11513918, 11514974, 11516030]"
53,4229,meta-llama/Llama-3.1-8B,520,4,3000000000,3926572658,926572658,425333282,892027736,11514974,"[11513918, 11514974, 11516030]"
53,4373,meta-llama/Llama-3.1-8B,520,4,3000000000,3926572658,926572658,425333282,892027736,11514974,"[11513918, 11514974, 11516030]"
53,4517,meta-llama/Llama-3.1-8B,520,4,3000000000,3926572658,926572658,425333282,892027736,11514974,"[11513918, 11514974, 11516030]"
53,4661,meta-llama/Llama-3.1-8B,520,4,3000000000,3926572658,926572658,425333282,892027736,11514974,"[11513918, 11514974, 11516030]"
53,4805,meta-llama/Llama-3.1-8B,520,4,3000000000,3926572658,926572658,425333282,892027736,11514974,"[11513918, 11514974, 11516030]"
53,4949,meta-llama/Llama-3.1-8B,520,4,3000000000,3926572658,926572658,425333282,892027736,11514974,"[11513918, 11514974, 11516030]"
53,5093,meta-llama/Llama-3.1-8B,520,4,3000000000,3926572658,926572658,425333282,892027736,11514974,"[11513918, 11514974, 11516030]"
53,5237,meta-llama/Llama-3.1-8B,520,4,3000000000,4425223286,1425223286,926572658,1391380547,11280913,"[11280401, 11280913, 11281425]"
53,5381,meta-llama/Llama-3.1-8B,520,4,3000000000,4425223286,1425223286,926572658,1391380547,11280913,"[11280401, 11280913, 11281425]"
53,5525,meta-llama/Llama-3.1-8B,520,4,3000000000,4425223286,1425223286,926572658,1391380547,11280913,"[11280401, 11280913, 11281425]"
53,5669,meta-llama/Llama-3.1-8B,520,4,3000000000,4425223286,1425223286,926572658,1391380547,11280913,"[11280401, 11280913, 11281425]"
54,54,meta-llama/Llama-3.1-8B,512,4,0,265377566,265377566,1,111821094,51185490,"[121233056, 20653949, 11669467]"
54,198,meta-llama/Llama-3.1-8B,512,4,0,265377566,265377566,1,111821094,51185490,"[121233056, 20653949, 11669467]"
54,342,meta-llama/Llama-3.1-8B,512,4,0,265377566,265377566,1,111821094,51185490,"[121233056, 20653949, 11669467]"
54,486,meta-llama/Llama-3.1-8B,512,4,0,265377566,265377566,1,111821094,51185490,"[121233056, 20653949, 11669467]"
54,630,meta-llama/Llama-3.1-8B,512,4,0,377426971,377426971,111821094,233054150,48124273,"[20653949, 11669467, 112049405]"
54,774,meta-llama/Llama-3.1-8B,512,4,0,377426971,377426971,111821094,233054150,48124273,"[20653949, 11669467, 112049405]"
54,918,meta-llama/Llama-3.1-8B,512,4,0,377426971,377426971,111821094,233054150,48124273,"[20653949, 11669467, 112049405]"
54,1062,meta-llama/Llama-3.1-8B,512,4,0,476251573,476251573,233054150,253708099,74181158,"[11669467, 112049405, 98824602]"
54,1206,meta-llama/Llama-3.1-8B,512,4,0,529838160,529838160,265377566,377426971,50803729,"[98824602, 39385862, 14200725]"
54,1350,meta-llama/Llama-3.1-8B,512,4,0,529838160,529838160,265377566,377426971,50803729,"[98824602, 39385862, 14200725]"
54,1494,meta-llama/Llama-3.1-8B,512,4,0,529838160,529838160,265377566,377426971,50803729,"[98824602, 39385862, 14200725]"
54,1638,meta-llama/Llama-3.1-8B,512,4,0,618643712,618643712,377426971,476251573,47464046,"[39385862, 14200725, 88805552]"
54,1782,meta-llama/Llama-3.1-8B,512,4,0,618643712,618643712,377426971,476251573,47464046,"[39385862, 14200725, 88805552]"
54,1926,meta-llama/Llama-3.1-8B,512,4,0,618643712,618643712,377426971,476251573,47464046,"[39385862, 14200725, 88805552]"
54,2070,meta-llama/Llama-3.1-8B,512,4,0,618643712,618643712,377426971,476251573,47464046,"[39385862, 14200725, 88805552]"
54,2214,meta-llama/Llama-3.1-8B,512,4,0,653872953,653872953,476251573,515637435,46078506,"[14200725, 88805552, 35229241]"
54,2358,meta-llama/Llama-3.1-8B,512,4,0,678726475,678726475,529838160,618643712,20027587,"[35229241, 13548361, 11305161]"
54,2502,meta-llama/Llama-3.1-8B,512,4,0,678726475,678726475,529838160,618643712,20027587,"[35229241, 13548361, 11305161]"
54,2646,meta-llama/Llama-3.1-8B,512,4,0,678726475,678726475,529838160,618643712,20027587,"[35229241, 13548361, 11305161]"
54,2790,meta-llama/Llama-3.1-8B,512,4,0,690022102,690022102,618643712,653872953,12049716,"[13548361, 11305161, 11295627]"
54,2934,meta-llama/Llama-3.1-8B,520,4,3000000000,3432294940,432294940,37406,397750018,11514974,"[11513918, 11514974, 11516030]"
54,3078,meta-llama/Llama-3.1-8B,520,4,3000000000,3432294940,432294940,37406,397750018,11514974,"[11513918, 11514974, 11516030]"
54,3222,meta-llama/Llama-3.1-8B,520,4,3000000000,3432294940,432294940,37406,397750018,11514974,"[11513918, 11514974, 11516030]"
54,3366,meta-llama/Llama-3.1-8B,520,4,3000000000,3432294940,432294940,37406,397750018,11514974,"[11513918, 11514974, 11516030]"
54,3510,meta-llama/Llama-3.1-8B,520,4,3000000000,3432294940,432294940,37406,397750018,11514974,"[11513918, 11514974, 11516030]"
54,3654,meta-llama/Llama-3.1-8B,520,4,3000000000,3432294940,432294940,37406,397750018,11514974,"[11513918, 11514974, 11516030]"
54,3798,meta-llama/Llama-3.1-8B,520,4,3000000000,3432294940,432294940,37406,397750018,11514974,"[11513918, 11514974, 11516030]"
54,3942,meta-llama/Llama-3.1-8B,520,4,3000000000,3432294940,432294940,37406,397750018,11514974,"[11513918, 11514974, 11516030]"
54,4086,meta-llama/Llama-3.1-8B,520,4,3000000000,3933534316,933534316,432294940,898989394,11514974,"[11513918, 11514974, 11516030]"
54,4230,meta-llama/Llama-3.1-8B,520,4,3000000000,3933534316,933534316,432294940,898989394,11514974,"[11513918, 11514974, 11516030]"
54,4374,meta-llama/Llama-3.1-8B,520,4,3000000000,3933534316,933534316,432294940,898989394,11514974,"[11513918, 11514974, 11516030]"
54,4518,meta-llama/Llama-3.1-8B,520,4,3000000000,3933534316,933534316,432294940,898989394,11514974,"[11513918, 11514974, 11516030]"
54,4662,meta-llama/Llama-3.1-8B,520,4,3000000000,3933534316,933534316,432294940,898989394,11514974,"[11513918, 11514974, 11516030]"
54,4806,meta-llama/Llama-3.1-8B,520,4,3000000000,3933534316,933534316,432294940,898989394,11514974,"[11513918, 11514974, 11516030]"
54,4950,meta-llama/Llama-3.1-8B,520,4,3000000000,3933534316,933534316,432294940,898989394,11514974,"[11513918, 11514974, 11516030]"
54,5094,meta-llama/Llama-3.1-8B,520,4,3000000000,3933534316,933534316,432294940,898989394,11514974,"[11513918, 11514974, 11516030]"
54,5238,meta-llama/Llama-3.1-8B,520,4,3000000000,4432184944,1432184944,933534316,1398342205,11280913,"[11280401, 11280913, 11281425]"
54,5382,meta-llama/Llama-3.1-8B,520,4,3000000000,4432184944,1432184944,933534316,1398342205,11280913,"[11280401, 11280913, 11281425]"
54,5526,meta-llama/Llama-3.1-8B,520,4,3000000000,4432184944,1432184944,933534316,1398342205,11280913,"[11280401, 11280913, 11281425]"
54,5670,meta-llama/Llama-3.1-8B,520,4,3000000000,4432184944,1432184944,933534316,1398342205,11280913,"[11280401, 11280913, 11281425]"
55,55,meta-llama/Llama-3.1-8B,512,4,0,265379738,265379738,1,112346550,51011062,"[121233056, 20131434, 11668698]"
55,199,meta-llama/Llama-3.1-8B,512,4,0,265379738,265379738,1,112346550,51011062,"[121233056, 20131434, 11668698]"
55,343,meta-llama/Llama-3.1-8B,512,4,0,265379738,265379738,1,112346550,51011062,"[121233056, 20131434, 11668698]"
55,487,meta-llama/Llama-3.1-8B,512,4,0,265379738,265379738,1,112346550,51011062,"[121233056, 20131434, 11668698]"
55,631,meta-llama/Llama-3.1-8B,512,4,0,377952427,377952427,112346550,233579606,48124273,"[20131434, 11668698, 112572689]"
55,775,meta-llama/Llama-3.1-8B,512,4,0,377952427,377952427,112346550,233579606,48124273,"[20131434, 11668698, 112572689]"
55,919,meta-llama/Llama-3.1-8B,512,4,0,377952427,377952427,112346550,233579606,48124273,"[20131434, 11668698, 112572689]"
55,1063,meta-llama/Llama-3.1-8B,512,4,0,476647747,476647747,233579606,253711040,74312235,"[11668698, 112572689, 98695320]"
55,1207,meta-llama/Llama-3.1-8B,512,4,0,529996299,529996299,265379738,377952427,50681290,"[98695320, 39122937, 14225615]"
55,1351,meta-llama/Llama-3.1-8B,512,4,0,529996299,529996299,265379738,377952427,50681290,"[98695320, 39122937, 14225615]"
55,1495,meta-llama/Llama-3.1-8B,512,4,0,529996299,529996299,265379738,377952427,50681290,"[98695320, 39122937, 14225615]"
55,1639,meta-llama/Llama-3.1-8B,512,4,0,619039116,619039116,377952427,476647747,47463789,"[39122937, 14225615, 89042817]"
55,1783,meta-llama/Llama-3.1-8B,512,4,0,619039116,619039116,377952427,476647747,47463789,"[39122937, 14225615, 89042817]"
55,1927,meta-llama/Llama-3.1-8B,512,4,0,619039116,619039116,377952427,476647747,47463789,"[39122937, 14225615, 89042817]"
55,2071,meta-llama/Llama-3.1-8B,512,4,0,619039116,619039116,377952427,476647747,47463789,"[39122937, 14225615, 89042817]"
55,2215,meta-llama/Llama-3.1-8B,512,4,0,654005433,654005433,476647747,515770684,46078249,"[14225615, 89042817, 34966317]"
55,2359,meta-llama/Llama-3.1-8B,512,4,0,678727621,678727621,529996299,619039116,19896168,"[34966317, 13417027, 11305161]"
55,2503,meta-llama/Llama-3.1-8B,512,4,0,678727621,678727621,529996299,619039116,19896168,"[34966317, 13417027, 11305161]"
55,2647,meta-llama/Llama-3.1-8B,512,4,0,678727621,678727621,529996299,619039116,19896168,"[34966317, 13417027, 11305161]"
55,2791,meta-llama/Llama-3.1-8B,512,4,0,690031390,690031390,619039116,654005433,12008652,"[13417027, 11305161, 11303769]"
55,2935,meta-llama/Llama-3.1-8B,520,4,3000000000,3439256598,439256598,37406,404711676,11514974,"[11513918, 11514974, 11516030]"
55,3079,meta-llama/Llama-3.1-8B,520,4,3000000000,3439256598,439256598,37406,404711676,11514974,"[11513918, 11514974, 11516030]"
55,3223,meta-llama/Llama-3.1-8B,520,4,3000000000,3439256598,439256598,37406,404711676,11514974,"[11513918, 11514974, 11516030]"
55,3367,meta-llama/Llama-3.1-8B,520,4,3000000000,3439256598,439256598,37406,404711676,11514974,"[11513918, 11514974, 11516030]"
55,3511,meta-llama/Llama-3.1-8B,520,4,3000000000,3439256598,439256598,37406,404711676,11514974,"[11513918, 11514974, 11516030]"
55,3655,meta-llama/Llama-3.1-8B,520,4,3000000000,3439256598,439256598,37406,404711676,11514974,"[11513918, 11514974, 11516030]"
55,3799,meta-llama/Llama-3.1-8B,520,4,3000000000,3439256598,439256598,37406,404711676,11514974,"[11513918, 11514974, 11516030]"
55,3943,meta-llama/Llama-3.1-8B,520,4,3000000000,3439256598,439256598,37406,404711676,11514974,"[11513918, 11514974, 11516030]"
55,4087,meta-llama/Llama-3.1-8B,520,4,3000000000,3940495974,940495974,439256598,905951052,11514974,"[11513918, 11514974, 11516030]"
55,4231,meta-llama/Llama-3.1-8B,520,4,3000000000,3940495974,940495974,439256598,905951052,11514974,"[11513918, 11514974, 11516030]"
55,4375,meta-llama/Llama-3.1-8B,520,4,3000000000,3940495974,940495974,439256598,905951052,11514974,"[11513918, 11514974, 11516030]"
55,4519,meta-llama/Llama-3.1-8B,520,4,3000000000,3940495974,940495974,439256598,905951052,11514974,"[11513918, 11514974, 11516030]"
55,4663,meta-llama/Llama-3.1-8B,520,4,3000000000,3940495974,940495974,439256598,905951052,11514974,"[11513918, 11514974, 11516030]"
55,4807,meta-llama/Llama-3.1-8B,520,4,3000000000,3940495974,940495974,439256598,905951052,11514974,"[11513918, 11514974, 11516030]"
55,4951,meta-llama/Llama-3.1-8B,520,4,3000000000,3940495974,940495974,439256598,905951052,11514974,"[11513918, 11514974, 11516030]"
55,5095,meta-llama/Llama-3.1-8B,520,4,3000000000,3940495974,940495974,439256598,905951052,11514974,"[11513918, 11514974, 11516030]"
55,5239,meta-llama/Llama-3.1-8B,520,4,3000000000,4439146602,1439146602,940495974,1405303863,11280913,"[11280401, 11280913, 11281425]"
55,5383,meta-llama/Llama-3.1-8B,520,4,3000000000,4439146602,1439146602,940495974,1405303863,11280913,"[11280401, 11280913, 11281425]"
55,5527,meta-llama/Llama-3.1-8B,520,4,3000000000,4439146602,1439146602,940495974,1405303863,11280913,"[11280401, 11280913, 11281425]"
55,5671,meta-llama/Llama-3.1-8B,520,4,3000000000,4439146602,1439146602,940495974,1405303863,11280913,"[11280401, 11280913, 11281425]"
56,56,meta-llama/Llama-3.1-8B,512,4,0,265381910,265381910,1,112872006,50836634,"[121233056, 19608919, 11667929]"
56,200,meta-llama/Llama-3.1-8B,512,4,0,265381910,265381910,1,112872006,50836634,"[121233056, 19608919, 11667929]"
56,344,meta-llama/Llama-3.1-8B,512,4,0,265381910,265381910,1,112872006,50836634,"[121233056, 19608919, 11667929]"
56,488,meta-llama/Llama-3.1-8B,512,4,0,265381910,265381910,1,112872006,50836634,"[121233056, 19608919, 11667929]"
56,632,meta-llama/Llama-3.1-8B,512,4,0,378477883,378477883,112872006,234105062,48124273,"[19608919, 11667929, 113095973]"
56,776,meta-llama/Llama-3.1-8B,512,4,0,378477883,378477883,112872006,234105062,48124273,"[19608919, 11667929, 113095973]"
56,920,meta-llama/Llama-3.1-8B,512,4,0,378477883,378477883,112872006,234105062,48124273,"[19608919, 11667929, 113095973]"
56,1064,meta-llama/Llama-3.1-8B,512,4,0,477043921,477043921,234105062,253713981,74443313,"[11667929, 113095973, 98566038]"
56,1208,meta-llama/Llama-3.1-8B,512,4,0,529998471,529998471,265381910,378477883,50506862,"[98566038, 38860012, 14094538]"
56,1352,meta-llama/Llama-3.1-8B,512,4,0,529998471,529998471,265381910,378477883,50506862,"[98566038, 38860012, 14094538]"
56,1496,meta-llama/Llama-3.1-8B,512,4,0,529998471,529998471,265381910,378477883,50506862,"[98566038, 38860012, 14094538]"
56,1640,meta-llama/Llama-3.1-8B,512,4,0,619434520,619434520,378477883,477043921,47463533,"[38860012, 14094538, 89436049]"
56,1784,meta-llama/Llama-3.1-8B,512,4,0,619434520,619434520,378477883,477043921,47463533,"[38860012, 14094538, 89436049]"
56,1928,meta-llama/Llama-3.1-8B,512,4,0,619434520,619434520,378477883,477043921,47463533,"[38860012, 14094538, 89436049]"
56,2072,meta-llama/Llama-3.1-8B,512,4,0,619434520,619434520,378477883,477043921,47463533,"[38860012, 14094538, 89436049]"
56,2216,meta-llama/Llama-3.1-8B,512,4,0,654138033,654138033,477043921,515903933,46078033,"[14094538, 89436049, 34703513]"
56,2360,meta-llama/Llama-3.1-8B,512,4,0,678728767,678728767,529998471,619434520,19764749,"[34703513, 13285573, 11305161]"
56,2504,meta-llama/Llama-3.1-8B,512,4,0,678728767,678728767,529998471,619434520,19764749,"[34703513, 13285573, 11305161]"
56,2648,meta-llama/Llama-3.1-8B,512,4,0,678728767,678728767,529998471,619434520,19764749,"[34703513, 13285573, 11305161]"
56,2792,meta-llama/Llama-3.1-8B,512,4,0,690031766,690031766,619434520,654138033,11964577,"[13285573, 11305161, 11302999]"
56,2936,meta-llama/Llama-3.1-8B,520,4,3000000000,3446218256,446218256,37406,411673334,11514974,"[11513918, 11514974, 11516030]"
56,3080,meta-llama/Llama-3.1-8B,520,4,3000000000,3446218256,446218256,37406,411673334,11514974,"[11513918, 11514974, 11516030]"
56,3224,meta-llama/Llama-3.1-8B,520,4,3000000000,3446218256,446218256,37406,411673334,11514974,"[11513918, 11514974, 11516030]"
56,3368,meta-llama/Llama-3.1-8B,520,4,3000000000,3446218256,446218256,37406,411673334,11514974,"[11513918, 11514974, 11516030]"
56,3512,meta-llama/Llama-3.1-8B,520,4,3000000000,3446218256,446218256,37406,411673334,11514974,"[11513918, 11514974, 11516030]"
56,3656,meta-llama/Llama-3.1-8B,520,4,3000000000,3446218256,446218256,37406,411673334,11514974,"[11513918, 11514974, 11516030]"
56,3800,meta-llama/Llama-3.1-8B,520,4,3000000000,3446218256,446218256,37406,411673334,11514974,"[11513918, 11514974, 11516030]"
56,3944,meta-llama/Llama-3.1-8B,520,4,3000000000,3446218256,446218256,37406,411673334,11514974,"[11513918, 11514974, 11516030]"
56,4088,meta-llama/Llama-3.1-8B,520,4,3000000000,3947457632,947457632,446218256,912912710,11514974,"[11513918, 11514974, 11516030]"
56,4232,meta-llama/Llama-3.1-8B,520,4,3000000000,3947457632,947457632,446218256,912912710,11514974,"[11513918, 11514974, 11516030]"
56,4376,meta-llama/Llama-3.1-8B,520,4,3000000000,3947457632,947457632,446218256,912912710,11514974,"[11513918, 11514974, 11516030]"
56,4520,meta-llama/Llama-3.1-8B,520,4,3000000000,3947457632,947457632,446218256,912912710,11514974,"[11513918, 11514974, 11516030]"
56,4664,meta-llama/Llama-3.1-8B,520,4,3000000000,3947457632,947457632,446218256,912912710,11514974,"[11513918, 11514974, 11516030]"
56,4808,meta-llama/Llama-3.1-8B,520,4,3000000000,3947457632,947457632,446218256,912912710,11514974,"[11513918, 11514974, 11516030]"
56,4952,meta-llama/Llama-3.1-8B,520,4,3000000000,3947457632,947457632,446218256,912912710,11514974,"[11513918, 11514974, 11516030]"
56,5096,meta-llama/Llama-3.1-8B,520,4,3000000000,3947457632,947457632,446218256,912912710,11514974,"[11513918, 11514974, 11516030]"
56,5240,meta-llama/Llama-3.1-8B,520,4,3000000000,4446108260,1446108260,947457632,1412265521,11280913,"[11280401, 11280913, 11281425]"
56,5384,meta-llama/Llama-3.1-8B,520,4,3000000000,4446108260,1446108260,947457632,1412265521,11280913,"[11280401, 11280913, 11281425]"
56,5528,meta-llama/Llama-3.1-8B,520,4,3000000000,4446108260,1446108260,947457632,1412265521,11280913,"[11280401, 11280913, 11281425]"
56,5672,meta-llama/Llama-3.1-8B,520,4,3000000000,4446108260,1446108260,947457632,1412265521,11280913,"[11280401, 11280913, 11281425]"
57,57,meta-llama/Llama-3.1-8B,512,4,0,265384210,265384210,1,113397462,50662249,"[121233056, 19086404, 11667288]"
57,201,meta-llama/Llama-3.1-8B,512,4,0,265384210,265384210,1,113397462,50662249,"[121233056, 19086404, 11667288]"
57,345,meta-llama/Llama-3.1-8B,512,4,0,265384210,265384210,1,113397462,50662249,"[121233056, 19086404, 11667288]"
57,489,meta-llama/Llama-3.1-8B,512,4,0,265384210,265384210,1,113397462,50662249,"[121233056, 19086404, 11667288]"
57,633,meta-llama/Llama-3.1-8B,512,4,0,379003339,379003339,113397462,234630518,48124273,"[19086404, 11667288, 113619129]"
57,777,meta-llama/Llama-3.1-8B,512,4,0,379003339,379003339,113397462,234630518,48124273,"[19086404, 11667288, 113619129]"
57,921,meta-llama/Llama-3.1-8B,512,4,0,379003339,379003339,113397462,234630518,48124273,"[19086404, 11667288, 113619129]"
57,1065,meta-llama/Llama-3.1-8B,512,4,0,477440095,477440095,234630518,253716922,74574391,"[11667288, 113619129, 98436756]"
57,1209,meta-llama/Llama-3.1-8B,512,4,0,530000643,530000643,265384210,379003339,50332434,"[98436756, 38597087, 13963461]"
57,1353,meta-llama/Llama-3.1-8B,512,4,0,530000643,530000643,265384210,379003339,50332434,"[98436756, 38597087, 13963461]"
57,1497,meta-llama/Llama-3.1-8B,512,4,0,530000643,530000643,265384210,379003339,50332434,"[98436756, 38597087, 13963461]"
57,1641,meta-llama/Llama-3.1-8B,512,4,0,619857961,619857961,379003339,477440095,47472622,"[38597087, 13963461, 89857318]"
57,1785,meta-llama/Llama-3.1-8B,512,4,0,619857961,619857961,379003339,477440095,47472622,"[38597087, 13963461, 89857318]"
57,1929,meta-llama/Llama-3.1-8B,512,4,0,619857961,619857961,379003339,477440095,47472622,"[38597087, 13963461, 89857318]"
57,2073,meta-llama/Llama-3.1-8B,512,4,0,619857961,619857961,379003339,477440095,47472622,"[38597087, 13963461, 89857318]"
57,2217,meta-llama/Llama-3.1-8B,512,4,0,654270513,654270513,477440095,516037182,46077777,"[13963461, 89857318, 34412552]"
57,2361,meta-llama/Llama-3.1-8B,512,4,0,678729913,678729913,530000643,619857961,19623984,"[34412552, 13154479, 11304921]"
57,2505,meta-llama/Llama-3.1-8B,512,4,0,678729913,678729913,530000643,619857961,19623984,"[34412552, 13154479, 11304921]"
57,2649,meta-llama/Llama-3.1-8B,512,4,0,678729913,678729913,530000643,619857961,19623984,"[34412552, 13154479, 11304921]"
57,2793,meta-llama/Llama-3.1-8B,512,4,0,690032142,690032142,619857961,654270513,11920543,"[13154479, 11304921, 11302229]"
57,2937,meta-llama/Llama-3.1-8B,520,4,3000000000,3453179914,453179914,37406,418634992,11514974,"[11513918, 11514974, 11516030]"
57,3081,meta-llama/Llama-3.1-8B,520,4,3000000000,3453179914,453179914,37406,418634992,11514974,"[11513918, 11514974, 11516030]"
57,3225,meta-llama/Llama-3.1-8B,520,4,3000000000,3453179914,453179914,37406,418634992,11514974,"[11513918, 11514974, 11516030]"
57,3369,meta-llama/Llama-3.1-8B,520,4,3000000000,3453179914,453179914,37406,418634992,11514974,"[11513918, 11514974, 11516030]"
57,3513,meta-llama/Llama-3.1-8B,520,4,3000000000,3453179914,453179914,37406,418634992,11514974,"[11513918, 11514974, 11516030]"
57,3657,meta-llama/Llama-3.1-8B,520,4,3000000000,3453179914,453179914,37406,418634992,11514974,"[11513918, 11514974, 11516030]"
57,3801,meta-llama/Llama-3.1-8B,520,4,3000000000,3453179914,453179914,37406,418634992,11514974,"[11513918, 11514974, 11516030]"
57,3945,meta-llama/Llama-3.1-8B,520,4,3000000000,3453179914,453179914,37406,418634992,11514974,"[11513918, 11514974, 11516030]"
57,4089,meta-llama/Llama-3.1-8B,520,4,3000000000,3954419290,954419290,453179914,919874368,11514974,"[11513918, 11514974, 11516030]"
57,4233,meta-llama/Llama-3.1-8B,520,4,3000000000,3954419290,954419290,453179914,919874368,11514974,"[11513918, 11514974, 11516030]"
57,4377,meta-llama/Llama-3.1-8B,520,4,3000000000,3954419290,954419290,453179914,919874368,11514974,"[11513918, 11514974, 11516030]"
57,4521,meta-llama/Llama-3.1-8B,520,4,3000000000,3954419290,954419290,453179914,919874368,11514974,"[11513918, 11514974, 11516030]"
57,4665,meta-llama/Llama-3.1-8B,520,4,3000000000,3954419290,954419290,453179914,919874368,11514974,"[11513918, 11514974, 11516030]"
57,4809,meta-llama/Llama-3.1-8B,520,4,3000000000,3954419290,954419290,453179914,919874368,11514974,"[11513918, 11514974, 11516030]"
57,4953,meta-llama/Llama-3.1-8B,520,4,3000000000,3954419290,954419290,453179914,919874368,11514974,"[11513918, 11514974, 11516030]"
57,5097,meta-llama/Llama-3.1-8B,520,4,3000000000,3954419290,954419290,453179914,919874368,11514974,"[11513918, 11514974, 11516030]"
57,5241,meta-llama/Llama-3.1-8B,520,4,3000000000,4453069918,1453069918,954419290,1419227179,11280913,"[11280401, 11280913, 11281425]"
57,5385,meta-llama/Llama-3.1-8B,520,4,3000000000,4453069918,1453069918,954419290,1419227179,11280913,"[11280401, 11280913, 11281425]"
57,5529,meta-llama/Llama-3.1-8B,520,4,3000000000,4453069918,1453069918,954419290,1419227179,11280913,"[11280401, 11280913, 11281425]"
57,5673,meta-llama/Llama-3.1-8B,520,4,3000000000,4453069918,1453069918,954419290,1419227179,11280913,"[11280401, 11280913, 11281425]"
58,58,meta-llama/Llama-3.1-8B,512,4,0,265386382,265386382,1,113922918,50487821,"[121233056, 18563889, 11666519]"
58,202,meta-llama/Llama-3.1-8B,512,4,0,265386382,265386382,1,113922918,50487821,"[121233056, 18563889, 11666519]"
58,346,meta-llama/Llama-3.1-8B,512,4,0,265386382,265386382,1,113922918,50487821,"[121233056, 18563889, 11666519]"
58,490,meta-llama/Llama-3.1-8B,512,4,0,265386382,265386382,1,113922918,50487821,"[121233056, 18563889, 11666519]"
58,634,meta-llama/Llama-3.1-8B,512,4,0,379528795,379528795,113922918,235155974,48124273,"[18563889, 11666519, 114142413]"
58,778,meta-llama/Llama-3.1-8B,512,4,0,379528795,379528795,113922918,235155974,48124273,"[18563889, 11666519, 114142413]"
58,922,meta-llama/Llama-3.1-8B,512,4,0,379528795,379528795,113922918,235155974,48124273,"[18563889, 11666519, 114142413]"
58,1066,meta-llama/Llama-3.1-8B,512,4,0,477836269,477836269,235155974,253719863,74705468,"[11666519, 114142413, 98307474]"
58,1210,meta-llama/Llama-3.1-8B,512,4,0,530002815,530002815,265386382,379528795,50158006,"[98307474, 38334162, 13832384]"
58,1354,meta-llama/Llama-3.1-8B,512,4,0,530002815,530002815,265386382,379528795,50158006,"[98307474, 38334162, 13832384]"
58,1498,meta-llama/Llama-3.1-8B,512,4,0,530002815,530002815,265386382,379528795,50158006,"[98307474, 38334162, 13832384]"
58,1642,meta-llama/Llama-3.1-8B,512,4,0,620253365,620253365,379528795,477836269,47472365,"[38334162, 13832384, 90250550]"
58,1786,meta-llama/Llama-3.1-8B,512,4,0,620253365,620253365,379528795,477836269,47472365,"[38334162, 13832384, 90250550]"
58,1930,meta-llama/Llama-3.1-8B,512,4,0,620253365,620253365,379528795,477836269,47472365,"[38334162, 13832384, 90250550]"
58,2074,meta-llama/Llama-3.1-8B,512,4,0,620253365,620253365,379528795,477836269,47472365,"[38334162, 13832384, 90250550]"
58,2218,meta-llama/Llama-3.1-8B,512,4,0,654405285,654405285,477836269,516170431,46078284,"[13832384, 90250550, 34151920]"
58,2362,meta-llama/Llama-3.1-8B,512,4,0,678731059,678731059,530002815,620253365,19492564,"[34151920, 13020853, 11304921]"
58,2506,meta-llama/Llama-3.1-8B,512,4,0,678731059,678731059,530002815,620253365,19492564,"[34151920, 13020853, 11304921]"
58,2650,meta-llama/Llama-3.1-8B,512,4,0,678731059,678731059,530002815,620253365,19492564,"[34151920, 13020853, 11304921]"
58,2794,meta-llama/Llama-3.1-8B,512,4,0,690032518,690032518,620253365,654405285,11875744,"[13020853, 11304921, 11301459]"
58,2938,meta-llama/Llama-3.1-8B,520,4,3000000000,3460141572,460141572,37406,425596650,11514974,"[11513918, 11514974, 11516030]"
58,3082,meta-llama/Llama-3.1-8B,520,4,3000000000,3460141572,460141572,37406,425596650,11514974,"[11513918, 11514974, 11516030]"
58,3226,meta-llama/Llama-3.1-8B,520,4,3000000000,3460141572,460141572,37406,425596650,11514974,"[11513918, 11514974, 11516030]"
58,3370,meta-llama/Llama-3.1-8B,520,4,3000000000,3460141572,460141572,37406,425596650,11514974,"[11513918, 11514974, 11516030]"
58,3514,meta-llama/Llama-3.1-8B,520,4,3000000000,3460141572,460141572,37406,425596650,11514974,"[11513918, 11514974, 11516030]"
58,3658,meta-llama/Llama-3.1-8B,520,4,3000000000,3460141572,460141572,37406,425596650,11514974,"[11513918, 11514974, 11516030]"
58,3802,meta-llama/Llama-3.1-8B,520,4,3000000000,3460141572,460141572,37406,425596650,11514974,"[11513918, 11514974, 11516030]"
58,3946,meta-llama/Llama-3.1-8B,520,4,3000000000,3460141572,460141572,37406,425596650,11514974,"[11513918, 11514974, 11516030]"
58,4090,meta-llama/Llama-3.1-8B,520,4,3000000000,3961380948,961380948,460141572,926836026,11514974,"[11513918, 11514974, 11516030]"
58,4234,meta-llama/Llama-3.1-8B,520,4,3000000000,3961380948,961380948,460141572,926836026,11514974,"[11513918, 11514974, 11516030]"
58,4378,meta-llama/Llama-3.1-8B,520,4,3000000000,3961380948,961380948,460141572,926836026,11514974,"[11513918, 11514974, 11516030]"
58,4522,meta-llama/Llama-3.1-8B,520,4,3000000000,3961380948,961380948,460141572,926836026,11514974,"[11513918, 11514974, 11516030]"
58,4666,meta-llama/Llama-3.1-8B,520,4,3000000000,3961380948,961380948,460141572,926836026,11514974,"[11513918, 11514974, 11516030]"
58,4810,meta-llama/Llama-3.1-8B,520,4,3000000000,3961380948,961380948,460141572,926836026,11514974,"[11513918, 11514974, 11516030]"
58,4954,meta-llama/Llama-3.1-8B,520,4,3000000000,3961380948,961380948,460141572,926836026,11514974,"[11513918, 11514974, 11516030]"
58,5098,meta-llama/Llama-3.1-8B,520,4,3000000000,3961380948,961380948,460141572,926836026,11514974,"[11513918, 11514974, 11516030]"
58,5242,meta-llama/Llama-3.1-8B,520,4,3000000000,4460031576,1460031576,961380948,1426188837,11280913,"[11280401, 11280913, 11281425]"
58,5386,meta-llama/Llama-3.1-8B,520,4,3000000000,4460031576,1460031576,961380948,1426188837,11280913,"[11280401, 11280913, 11281425]"
58,5530,meta-llama/Llama-3.1-8B,520,4,3000000000,4460031576,1460031576,961380948,1426188837,11280913,"[11280401, 11280913, 11281425]"
58,5674,meta-llama/Llama-3.1-8B,520,4,3000000000,4460031576,1460031576,961380948,1426188837,11280913,"[11280401, 11280913, 11281425]"
59,59,meta-llama/Llama-3.1-8B,512,4,0,265388554,265388554,1,114448374,50313393,"[121233056, 18041374, 11665750]"
59,203,meta-llama/Llama-3.1-8B,512,4,0,265388554,265388554,1,114448374,50313393,"[121233056, 18041374, 11665750]"
59,347,meta-llama/Llama-3.1-8B,512,4,0,265388554,265388554,1,114448374,50313393,"[121233056, 18041374, 11665750]"
59,491,meta-llama/Llama-3.1-8B,512,4,0,265388554,265388554,1,114448374,50313393,"[121233056, 18041374, 11665750]"
59,635,meta-llama/Llama-3.1-8B,512,4,0,380054251,380054251,114448374,235681430,48124273,"[18041374, 11665750, 114665697]"
59,779,meta-llama/Llama-3.1-8B,512,4,0,380054251,380054251,114448374,235681430,48124273,"[18041374, 11665750, 114665697]"
59,923,meta-llama/Llama-3.1-8B,512,4,0,380054251,380054251,114448374,235681430,48124273,"[18041374, 11665750, 114665697]"
59,1067,meta-llama/Llama-3.1-8B,512,4,0,478232443,478232443,235681430,253722804,74836546,"[11665750, 114665697, 98178192]"
59,1211,meta-llama/Llama-3.1-8B,512,4,0,530004987,530004987,265388554,380054251,49983578,"[98178192, 38071237, 13701307]"
59,1355,meta-llama/Llama-3.1-8B,512,4,0,530004987,530004987,265388554,380054251,49983578,"[98178192, 38071237, 13701307]"
59,1499,meta-llama/Llama-3.1-8B,512,4,0,530004987,530004987,265388554,380054251,49983578,"[98178192, 38071237, 13701307]"
59,1643,meta-llama/Llama-3.1-8B,512,4,0,620648769,620648769,380054251,478232443,47472108,"[38071237, 13701307, 90643782]"
59,1787,meta-llama/Llama-3.1-8B,512,4,0,620648769,620648769,380054251,478232443,47472108,"[38071237, 13701307, 90643782]"
59,1931,meta-llama/Llama-3.1-8B,512,4,0,620648769,620648769,380054251,478232443,47472108,"[38071237, 13701307, 90643782]"
59,2075,meta-llama/Llama-3.1-8B,512,4,0,620648769,620648769,380054251,478232443,47472108,"[38071237, 13701307, 90643782]"
59,2219,meta-llama/Llama-3.1-8B,512,4,0,654537765,654537765,478232443,516303680,46078028,"[13701307, 90643782, 33888996]"
59,2363,meta-llama/Llama-3.1-8B,512,4,0,678732445,678732445,530004987,620648769,19361225,"[33888996, 12889519, 11305161]"
59,2507,meta-llama/Llama-3.1-8B,512,4,0,678732445,678732445,530004987,620648769,19361225,"[33888996, 12889519, 11305161]"
59,2651,meta-llama/Llama-3.1-8B,512,4,0,678732445,678732445,530004987,620648769,19361225,"[33888996, 12889519, 11305161]"
59,2795,meta-llama/Llama-3.1-8B,512,4,0,690032894,690032894,620648769,654537765,11831709,"[12889519, 11305161, 11300449]"
59,2939,meta-llama/Llama-3.1-8B,520,4,3000000000,3467103230,467103230,37406,432558308,11514974,"[11513918, 11514974, 11516030]"
59,3083,meta-llama/Llama-3.1-8B,520,4,3000000000,3467103230,467103230,37406,432558308,11514974,"[11513918, 11514974, 11516030]"
59,3227,meta-llama/Llama-3.1-8B,520,4,3000000000,3467103230,467103230,37406,432558308,11514974,"[11513918, 11514974, 11516030]"
59,3371,meta-llama/Llama-3.1-8B,520,4,3000000000,3467103230,467103230,37406,432558308,11514974,"[11513918, 11514974, 11516030]"
59,3515,meta-llama/Llama-3.1-8B,520,4,3000000000,3467103230,467103230,37406,432558308,11514974,"[11513918, 11514974, 11516030]"
59,3659,meta-llama/Llama-3.1-8B,520,4,3000000000,3467103230,467103230,37406,432558308,11514974,"[11513918, 11514974, 11516030]"
59,3803,meta-llama/Llama-3.1-8B,520,4,3000000000,3467103230,467103230,37406,432558308,11514974,"[11513918, 11514974, 11516030]"
59,3947,meta-llama/Llama-3.1-8B,520,4,3000000000,3467103230,467103230,37406,432558308,11514974,"[11513918, 11514974, 11516030]"
59,4091,meta-llama/Llama-3.1-8B,520,4,3000000000,3968342606,968342606,467103230,933797684,11514974,"[11513918, 11514974, 11516030]"
59,4235,meta-llama/Llama-3.1-8B,520,4,3000000000,3968342606,968342606,467103230,933797684,11514974,"[11513918, 11514974, 11516030]"
59,4379,meta-llama/Llama-3.1-8B,520,4,3000000000,3968342606,968342606,467103230,933797684,11514974,"[11513918, 11514974, 11516030]"
59,4523,meta-llama/Llama-3.1-8B,520,4,3000000000,3968342606,968342606,467103230,933797684,11514974,"[11513918, 11514974, 11516030]"
59,4667,meta-llama/Llama-3.1-8B,520,4,3000000000,3968342606,968342606,467103230,933797684,11514974,"[11513918, 11514974, 11516030]"
59,4811,meta-llama/Llama-3.1-8B,520,4,3000000000,3968342606,968342606,467103230,933797684,11514974,"[11513918, 11514974, 11516030]"
59,4955,meta-llama/Llama-3.1-8B,520,4,3000000000,3968342606,968342606,467103230,933797684,11514974,"[11513918, 11514974, 11516030]"
59,5099,meta-llama/Llama-3.1-8B,520,4,3000000000,3968342606,968342606,467103230,933797684,11514974,"[11513918, 11514974, 11516030]"
59,5243,meta-llama/Llama-3.1-8B,520,4,3000000000,4466993234,1466993234,968342606,1433150495,11280913,"[11280401, 11280913, 11281425]"
59,5387,meta-llama/Llama-3.1-8B,520,4,3000000000,4466993234,1466993234,968342606,1433150495,11280913,"[11280401, 11280913, 11281425]"
59,5531,meta-llama/Llama-3.1-8B,520,4,3000000000,4466993234,1466993234,968342606,1433150495,11280913,"[11280401, 11280913, 11281425]"
59,5675,meta-llama/Llama-3.1-8B,520,4,3000000000,4466993234,1466993234,968342606,1433150495,11280913,"[11280401, 11280913, 11281425]"
60,60,meta-llama/Llama-3.1-8B,512,4,0,265390726,265390726,1,114973830,50138965,"[121233056, 17518859, 11664981]"
60,204,meta-llama/Llama-3.1-8B,512,4,0,265390726,265390726,1,114973830,50138965,"[121233056, 17518859, 11664981]"
60,348,meta-llama/Llama-3.1-8B,512,4,0,265390726,265390726,1,114973830,50138965,"[121233056, 17518859, 11664981]"
60,492,meta-llama/Llama-3.1-8B,512,4,0,265390726,265390726,1,114973830,50138965,"[121233056, 17518859, 11664981]"
60,636,meta-llama/Llama-3.1-8B,512,4,0,380579707,380579707,114973830,236206886,48124273,"[17518859, 11664981, 115188981]"
60,780,meta-llama/Llama-3.1-8B,512,4,0,380579707,380579707,114973830,236206886,48124273,"[17518859, 11664981, 115188981]"
60,924,meta-llama/Llama-3.1-8B,512,4,0,380579707,380579707,114973830,236206886,48124273,"[17518859, 11664981, 115188981]"
60,1068,meta-llama/Llama-3.1-8B,512,4,0,478628617,478628617,236206886,253725745,74967624,"[11664981, 115188981, 98048910]"
60,1212,meta-llama/Llama-3.1-8B,512,4,0,530007159,530007159,265390726,380579707,49809150,"[98048910, 37808312, 13570230]"
60,1356,meta-llama/Llama-3.1-8B,512,4,0,530007159,530007159,265390726,380579707,49809150,"[98048910, 37808312, 13570230]"
60,1500,meta-llama/Llama-3.1-8B,512,4,0,530007159,530007159,265390726,380579707,49809150,"[98048910, 37808312, 13570230]"
60,1644,meta-llama/Llama-3.1-8B,512,4,0,621072210,621072210,380579707,478628617,47481197,"[37808312, 13570230, 91065051]"
60,1788,meta-llama/Llama-3.1-8B,512,4,0,621072210,621072210,380579707,478628617,47481197,"[37808312, 13570230, 91065051]"
60,1932,meta-llama/Llama-3.1-8B,512,4,0,621072210,621072210,380579707,478628617,47481197,"[37808312, 13570230, 91065051]"
60,2076,meta-llama/Llama-3.1-8B,512,4,0,621072210,621072210,380579707,478628617,47481197,"[37808312, 13570230, 91065051]"
60,2220,meta-llama/Llama-3.1-8B,512,4,0,654670245,654670245,478628617,516436929,46077772,"[13570230, 91065051, 33598035]"
60,2364,meta-llama/Llama-3.1-8B,512,4,0,678733591,678733591,530007159,621072210,19220460,"[33598035, 12758185, 11305161]"
60,2508,meta-llama/Llama-3.1-8B,512,4,0,678733591,678733591,530007159,621072210,19220460,"[33598035, 12758185, 11305161]"
60,2652,meta-llama/Llama-3.1-8B,512,4,0,678733591,678733591,530007159,621072210,19220460,"[33598035, 12758185, 11305161]"
60,2796,meta-llama/Llama-3.1-8B,512,4,0,690033270,690033270,621072210,654670245,11787675,"[12758185, 11305161, 11299679]"
60,2940,meta-llama/Llama-3.1-8B,520,4,3000000000,3474064888,474064888,37406,439519966,11514974,"[11513918, 11514974, 11516030]"
60,3084,meta-llama/Llama-3.1-8B,520,4,3000000000,3474064888,474064888,37406,439519966,11514974,"[11513918, 11514974, 11516030]"
60,3228,meta-llama/Llama-3.1-8B,520,4,3000000000,3474064888,474064888,37406,439519966,11514974,"[11513918, 11514974, 11516030]"
60,3372,meta-llama/Llama-3.1-8B,520,4,3000000000,3474064888,474064888,37406,439519966,11514974,"[11513918, 11514974, 11516030]"
60,3516,meta-llama/Llama-3.1-8B,520,4,3000000000,3474064888,474064888,37406,439519966,11514974,"[11513918, 11514974, 11516030]"
60,3660,meta-llama/Llama-3.1-8B,520,4,3000000000,3474064888,474064888,37406,439519966,11514974,"[11513918, 11514974, 11516030]"
60,3804,meta-llama/Llama-3.1-8B,520,4,3000000000,3474064888,474064888,37406,439519966,11514974,"[11513918, 11514974, 11516030]"
60,3948,meta-llama/Llama-3.1-8B,520,4,3000000000,3474064888,474064888,37406,439519966,11514974,"[11513918, 11514974, 11516030]"
60,4092,meta-llama/Llama-3.1-8B,520,4,3000000000,3975304264,975304264,474064888,940759342,11514974,"[11513918, 11514974, 11516030]"
60,4236,meta-llama/Llama-3.1-8B,520,4,3000000000,3975304264,975304264,474064888,940759342,11514974,"[11513918, 11514974, 11516030]"
60,4380,meta-llama/Llama-3.1-8B,520,4,3000000000,3975304264,975304264,474064888,940759342,11514974,"[11513918, 11514974, 11516030]"
60,4524,meta-llama/Llama-3.1-8B,520,4,3000000000,3975304264,975304264,474064888,940759342,11514974,"[11513918, 11514974, 11516030]"
60,4668,meta-llama/Llama-3.1-8B,520,4,3000000000,3975304264,975304264,474064888,940759342,11514974,"[11513918, 11514974, 11516030]"
60,4812,meta-llama/Llama-3.1-8B,520,4,3000000000,3975304264,975304264,474064888,940759342,11514974,"[11513918, 11514974, 11516030]"
60,4956,meta-llama/Llama-3.1-8B,520,4,3000000000,3975304264,975304264,474064888,940759342,11514974,"[11513918, 11514974, 11516030]"
60,5100,meta-llama/Llama-3.1-8B,520,4,3000000000,3975304264,975304264,474064888,940759342,11514974,"[11513918, 11514974, 11516030]"
60,5244,meta-llama/Llama-3.1-8B,520,4,3000000000,4473954892,1473954892,975304264,1440112153,11280913,"[11280401, 11280913, 11281425]"
60,5388,meta-llama/Llama-3.1-8B,520,4,3000000000,4473954892,1473954892,975304264,1440112153,11280913,"[11280401, 11280913, 11281425]"
60,5532,meta-llama/Llama-3.1-8B,520,4,3000000000,4473954892,1473954892,975304264,1440112153,11280913,"[11280401, 11280913, 11281425]"
60,5676,meta-llama/Llama-3.1-8B,520,4,3000000000,4473954892,1473954892,975304264,1440112153,11280913,"[11280401, 11280913, 11281425]"
61,61,meta-llama/Llama-3.1-8B,512,4,0,265392898,265392898,1,115499286,49964537,"[121233056, 16996344, 11664212]"
61,205,meta-llama/Llama-3.1-8B,512,4,0,265392898,265392898,1,115499286,49964537,"[121233056, 16996344, 11664212]"
61,349,meta-llama/Llama-3.1-8B,512,4,0,265392898,265392898,1,115499286,49964537,"[121233056, 16996344, 11664212]"
61,493,meta-llama/Llama-3.1-8B,512,4,0,265392898,265392898,1,115499286,49964537,"[121233056, 16996344, 11664212]"
61,637,meta-llama/Llama-3.1-8B,512,4,0,381105163,381105163,115499286,236732342,48124273,"[16996344, 11664212, 115712265]"
61,781,meta-llama/Llama-3.1-8B,512,4,0,381105163,381105163,115499286,236732342,48124273,"[16996344, 11664212, 115712265]"
61,925,meta-llama/Llama-3.1-8B,512,4,0,381105163,381105163,115499286,236732342,48124273,"[16996344, 11664212, 115712265]"
61,1069,meta-llama/Llama-3.1-8B,512,4,0,479024791,479024791,236732342,253728686,75098701,"[11664212, 115712265, 97919628]"
61,1213,meta-llama/Llama-3.1-8B,512,4,0,530009331,530009331,265392898,381105163,49634722,"[97919628, 37545387, 13439153]"
61,1357,meta-llama/Llama-3.1-8B,512,4,0,530009331,530009331,265392898,381105163,49634722,"[97919628, 37545387, 13439153]"
61,1501,meta-llama/Llama-3.1-8B,512,4,0,530009331,530009331,265392898,381105163,49634722,"[97919628, 37545387, 13439153]"
61,1645,meta-llama/Llama-3.1-8B,512,4,0,621467614,621467614,381105163,479024791,47480941,"[37545387, 13439153, 91458283]"
61,1789,meta-llama/Llama-3.1-8B,512,4,0,621467614,621467614,381105163,479024791,47480941,"[37545387, 13439153, 91458283]"
61,1933,meta-llama/Llama-3.1-8B,512,4,0,621467614,621467614,381105163,479024791,47480941,"[37545387, 13439153, 91458283]"
61,2077,meta-llama/Llama-3.1-8B,512,4,0,621467614,621467614,381105163,479024791,47480941,"[37545387, 13439153, 91458283]"
61,2221,meta-llama/Llama-3.1-8B,512,4,0,654802845,654802845,479024791,516570178,46077555,"[13439153, 91458283, 33335231]"
61,2365,meta-llama/Llama-3.1-8B,512,4,0,678734737,678734737,530009331,621467614,19089041,"[33335231, 12627997, 11303895]"
61,2509,meta-llama/Llama-3.1-8B,512,4,0,678734737,678734737,530009331,621467614,19089041,"[33335231, 12627997, 11303895]"
61,2653,meta-llama/Llama-3.1-8B,512,4,0,678734737,678734737,530009331,621467614,19089041,"[33335231, 12627997, 11303895]"
61,2797,meta-llama/Llama-3.1-8B,512,4,0,690033646,690033646,621467614,654802845,11743600,"[12627997, 11303895, 11298909]"
61,2941,meta-llama/Llama-3.1-8B,520,4,3000000000,3481026546,481026546,37406,446481624,11514974,"[11513918, 11514974, 11516030]"
61,3085,meta-llama/Llama-3.1-8B,520,4,3000000000,3481026546,481026546,37406,446481624,11514974,"[11513918, 11514974, 11516030]"
61,3229,meta-llama/Llama-3.1-8B,520,4,3000000000,3481026546,481026546,37406,446481624,11514974,"[11513918, 11514974, 11516030]"
61,3373,meta-llama/Llama-3.1-8B,520,4,3000000000,3481026546,481026546,37406,446481624,11514974,"[11513918, 11514974, 11516030]"
61,3517,meta-llama/Llama-3.1-8B,520,4,3000000000,3481026546,481026546,37406,446481624,11514974,"[11513918, 11514974, 11516030]"
61,3661,meta-llama/Llama-3.1-8B,520,4,3000000000,3481026546,481026546,37406,446481624,11514974,"[11513918, 11514974, 11516030]"
61,3805,meta-llama/Llama-3.1-8B,520,4,3000000000,3481026546,481026546,37406,446481624,11514974,"[11513918, 11514974, 11516030]"
61,3949,meta-llama/Llama-3.1-8B,520,4,3000000000,3481026546,481026546,37406,446481624,11514974,"[11513918, 11514974, 11516030]"
61,4093,meta-llama/Llama-3.1-8B,520,4,3000000000,3982265922,982265922,481026546,947721000,11514974,"[11513918, 11514974, 11516030]"
61,4237,meta-llama/Llama-3.1-8B,520,4,3000000000,3982265922,982265922,481026546,947721000,11514974,"[11513918, 11514974, 11516030]"
61,4381,meta-llama/Llama-3.1-8B,520,4,3000000000,3982265922,982265922,481026546,947721000,11514974,"[11513918, 11514974, 11516030]"
61,4525,meta-llama/Llama-3.1-8B,520,4,3000000000,3982265922,982265922,481026546,947721000,11514974,"[11513918, 11514974, 11516030]"
61,4669,meta-llama/Llama-3.1-8B,520,4,3000000000,3982265922,982265922,481026546,947721000,11514974,"[11513918, 11514974, 11516030]"
61,4813,meta-llama/Llama-3.1-8B,520,4,3000000000,3982265922,982265922,481026546,947721000,11514974,"[11513918, 11514974, 11516030]"
61,4957,meta-llama/Llama-3.1-8B,520,4,3000000000,3982265922,982265922,481026546,947721000,11514974,"[11513918, 11514974, 11516030]"
61,5101,meta-llama/Llama-3.1-8B,520,4,3000000000,3982265922,982265922,481026546,947721000,11514974,"[11513918, 11514974, 11516030]"
61,5245,meta-llama/Llama-3.1-8B,520,4,3000000000,4480916550,1480916550,982265922,1447073811,11280913,"[11280401, 11280913, 11281425]"
61,5389,meta-llama/Llama-3.1-8B,520,4,3000000000,4480916550,1480916550,982265922,1447073811,11280913,"[11280401, 11280913, 11281425]"
61,5533,meta-llama/Llama-3.1-8B,520,4,3000000000,4480916550,1480916550,982265922,1447073811,11280913,"[11280401, 11280913, 11281425]"
61,5677,meta-llama/Llama-3.1-8B,520,4,3000000000,4480916550,1480916550,982265922,1447073811,11280913,"[11280401, 11280913, 11281425]"
62,62,meta-llama/Llama-3.1-8B,512,4,0,265395070,265395070,1,116024742,49790109,"[121233056, 16473829, 11663443]"
62,206,meta-llama/Llama-3.1-8B,512,4,0,265395070,265395070,1,116024742,49790109,"[121233056, 16473829, 11663443]"
62,350,meta-llama/Llama-3.1-8B,512,4,0,265395070,265395070,1,116024742,49790109,"[121233056, 16473829, 11663443]"
62,494,meta-llama/Llama-3.1-8B,512,4,0,265395070,265395070,1,116024742,49790109,"[121233056, 16473829, 11663443]"
62,638,meta-llama/Llama-3.1-8B,512,4,0,381630619,381630619,116024742,237257798,48124273,"[16473829, 11663443, 116235549]"
62,782,meta-llama/Llama-3.1-8B,512,4,0,381630619,381630619,116024742,237257798,48124273,"[16473829, 11663443, 116235549]"
62,926,meta-llama/Llama-3.1-8B,512,4,0,381630619,381630619,116024742,237257798,48124273,"[16473829, 11663443, 116235549]"
62,1070,meta-llama/Llama-3.1-8B,512,4,0,479420965,479420965,237257798,253731627,75229779,"[11663443, 116235549, 97790346]"
62,1214,meta-llama/Llama-3.1-8B,512,4,0,530011503,530011503,265395070,381630619,49460294,"[97790346, 37282462, 13308076]"
62,1358,meta-llama/Llama-3.1-8B,512,4,0,530011503,530011503,265395070,381630619,49460294,"[97790346, 37282462, 13308076]"
62,1502,meta-llama/Llama-3.1-8B,512,4,0,530011503,530011503,265395070,381630619,49460294,"[97790346, 37282462, 13308076]"
62,1646,meta-llama/Llama-3.1-8B,512,4,0,621891055,621891055,381630619,479420965,47490030,"[37282462, 13308076, 91879552]"
62,1790,meta-llama/Llama-3.1-8B,512,4,0,621891055,621891055,381630619,479420965,47490030,"[37282462, 13308076, 91879552]"
62,1934,meta-llama/Llama-3.1-8B,512,4,0,621891055,621891055,381630619,479420965,47490030,"[37282462, 13308076, 91879552]"
62,2078,meta-llama/Llama-3.1-8B,512,4,0,621891055,621891055,381630619,479420965,47490030,"[37282462, 13308076, 91879552]"
62,2222,meta-llama/Llama-3.1-8B,512,4,0,654935325,654935325,479420965,516703427,46077299,"[13308076, 91879552, 33044270]"
62,2366,meta-llama/Llama-3.1-8B,512,4,0,678735883,678735883,530011503,621891055,18948276,"[33044270, 12496663, 11303895]"
62,2510,meta-llama/Llama-3.1-8B,512,4,0,678735883,678735883,530011503,621891055,18948276,"[33044270, 12496663, 11303895]"
62,2654,meta-llama/Llama-3.1-8B,512,4,0,678735883,678735883,530011503,621891055,18948276,"[33044270, 12496663, 11303895]"
62,2798,meta-llama/Llama-3.1-8B,512,4,0,690034022,690034022,621891055,654935325,11699565,"[12496663, 11303895, 11298139]"
62,2942,meta-llama/Llama-3.1-8B,520,4,3000000000,3487988204,487988204,37406,453443282,11514974,"[11513918, 11514974, 11516030]"
62,3086,meta-llama/Llama-3.1-8B,520,4,3000000000,3487988204,487988204,37406,453443282,11514974,"[11513918, 11514974, 11516030]"
62,3230,meta-llama/Llama-3.1-8B,520,4,3000000000,3487988204,487988204,37406,453443282,11514974,"[11513918, 11514974, 11516030]"
62,3374,meta-llama/Llama-3.1-8B,520,4,3000000000,3487988204,487988204,37406,453443282,11514974,"[11513918, 11514974, 11516030]"
62,3518,meta-llama/Llama-3.1-8B,520,4,3000000000,3487988204,487988204,37406,453443282,11514974,"[11513918, 11514974, 11516030]"
62,3662,meta-llama/Llama-3.1-8B,520,4,3000000000,3487988204,487988204,37406,453443282,11514974,"[11513918, 11514974, 11516030]"
62,3806,meta-llama/Llama-3.1-8B,520,4,3000000000,3487988204,487988204,37406,453443282,11514974,"[11513918, 11514974, 11516030]"
62,3950,meta-llama/Llama-3.1-8B,520,4,3000000000,3487988204,487988204,37406,453443282,11514974,"[11513918, 11514974, 11516030]"
62,4094,meta-llama/Llama-3.1-8B,520,4,3000000000,3989227580,989227580,487988204,954682658,11514974,"[11513918, 11514974, 11516030]"
62,4238,meta-llama/Llama-3.1-8B,520,4,3000000000,3989227580,989227580,487988204,954682658,11514974,"[11513918, 11514974, 11516030]"
62,4382,meta-llama/Llama-3.1-8B,520,4,3000000000,3989227580,989227580,487988204,954682658,11514974,"[11513918, 11514974, 11516030]"
62,4526,meta-llama/Llama-3.1-8B,520,4,3000000000,3989227580,989227580,487988204,954682658,11514974,"[11513918, 11514974, 11516030]"
62,4670,meta-llama/Llama-3.1-8B,520,4,3000000000,3989227580,989227580,487988204,954682658,11514974,"[11513918, 11514974, 11516030]"
62,4814,meta-llama/Llama-3.1-8B,520,4,3000000000,3989227580,989227580,487988204,954682658,11514974,"[11513918, 11514974, 11516030]"
62,4958,meta-llama/Llama-3.1-8B,520,4,3000000000,3989227580,989227580,487988204,954682658,11514974,"[11513918, 11514974, 11516030]"
62,5102,meta-llama/Llama-3.1-8B,520,4,3000000000,3989227580,989227580,487988204,954682658,11514974,"[11513918, 11514974, 11516030]"
62,5246,meta-llama/Llama-3.1-8B,520,4,3000000000,4487878208,1487878208,989227580,1454035469,11280913,"[11280401, 11280913, 11281425]"
62,5390,meta-llama/Llama-3.1-8B,520,4,3000000000,4487878208,1487878208,989227580,1454035469,11280913,"[11280401, 11280913, 11281425]"
62,5534,meta-llama/Llama-3.1-8B,520,4,3000000000,4487878208,1487878208,989227580,1454035469,11280913,"[11280401, 11280913, 11281425]"
62,5678,meta-llama/Llama-3.1-8B,520,4,3000000000,4487878208,1487878208,989227580,1454035469,11280913,"[11280401, 11280913, 11281425]"
63,63,meta-llama/Llama-3.1-8B,512,4,0,265397242,265397242,1,116550198,49615681,"[121233056, 15951314, 11662674]"
63,207,meta-llama/Llama-3.1-8B,512,4,0,265397242,265397242,1,116550198,49615681,"[121233056, 15951314, 11662674]"
63,351,meta-llama/Llama-3.1-8B,512,4,0,265397242,265397242,1,116550198,49615681,"[121233056, 15951314, 11662674]"
63,495,meta-llama/Llama-3.1-8B,512,4,0,265397242,265397242,1,116550198,49615681,"[121233056, 15951314, 11662674]"
63,639,meta-llama/Llama-3.1-8B,512,4,0,382156075,382156075,116550198,237783254,48124273,"[15951314, 11662674, 116758833]"
63,783,meta-llama/Llama-3.1-8B,512,4,0,382156075,382156075,116550198,237783254,48124273,"[15951314, 11662674, 116758833]"
63,927,meta-llama/Llama-3.1-8B,512,4,0,382156075,382156075,116550198,237783254,48124273,"[15951314, 11662674, 116758833]"
63,1071,meta-llama/Llama-3.1-8B,512,4,0,479817139,479817139,237783254,253734568,75360857,"[11662674, 116758833, 97661064]"
63,1215,meta-llama/Llama-3.1-8B,512,4,0,530013675,530013675,265397242,382156075,49285866,"[97661064, 37019537, 13176999]"
63,1359,meta-llama/Llama-3.1-8B,512,4,0,530013675,530013675,265397242,382156075,49285866,"[97661064, 37019537, 13176999]"
63,1503,meta-llama/Llama-3.1-8B,512,4,0,530013675,530013675,265397242,382156075,49285866,"[97661064, 37019537, 13176999]"
63,1647,meta-llama/Llama-3.1-8B,512,4,0,622286459,622286459,382156075,479817139,47489773,"[37019537, 13176999, 92272784]"
63,1791,meta-llama/Llama-3.1-8B,512,4,0,622286459,622286459,382156075,479817139,47489773,"[37019537, 13176999, 92272784]"
63,1935,meta-llama/Llama-3.1-8B,512,4,0,622286459,622286459,382156075,479817139,47489773,"[37019537, 13176999, 92272784]"
63,2079,meta-llama/Llama-3.1-8B,512,4,0,622286459,622286459,382156075,479817139,47489773,"[37019537, 13176999, 92272784]"
63,2223,meta-llama/Llama-3.1-8B,512,4,0,655067925,655067925,479817139,516836676,46077083,"[13176999, 92272784, 32781466]"
63,2367,meta-llama/Llama-3.1-8B,512,4,0,678737029,678737029,530013675,622286459,18816856,"[32781466, 12365329, 11303775]"
63,2511,meta-llama/Llama-3.1-8B,512,4,0,678737029,678737029,530013675,622286459,18816856,"[32781466, 12365329, 11303775]"
63,2655,meta-llama/Llama-3.1-8B,512,4,0,678737029,678737029,530013675,622286459,18816856,"[32781466, 12365329, 11303775]"
63,2799,meta-llama/Llama-3.1-8B,512,4,0,690034398,690034398,622286459,655067925,11655491,"[12365329, 11303775, 11297369]"
63,2943,meta-llama/Llama-3.1-8B,520,4,3000000000,3494949862,494949862,37406,460404940,11514974,"[11513918, 11514974, 11516030]"
63,3087,meta-llama/Llama-3.1-8B,520,4,3000000000,3494949862,494949862,37406,460404940,11514974,"[11513918, 11514974, 11516030]"
63,3231,meta-llama/Llama-3.1-8B,520,4,3000000000,3494949862,494949862,37406,460404940,11514974,"[11513918, 11514974, 11516030]"
63,3375,meta-llama/Llama-3.1-8B,520,4,3000000000,3494949862,494949862,37406,460404940,11514974,"[11513918, 11514974, 11516030]"
63,3519,meta-llama/Llama-3.1-8B,520,4,3000000000,3494949862,494949862,37406,460404940,11514974,"[11513918, 11514974, 11516030]"
63,3663,meta-llama/Llama-3.1-8B,520,4,3000000000,3494949862,494949862,37406,460404940,11514974,"[11513918, 11514974, 11516030]"
63,3807,meta-llama/Llama-3.1-8B,520,4,3000000000,3494949862,494949862,37406,460404940,11514974,"[11513918, 11514974, 11516030]"
63,3951,meta-llama/Llama-3.1-8B,520,4,3000000000,3494949862,494949862,37406,460404940,11514974,"[11513918, 11514974, 11516030]"
63,4095,meta-llama/Llama-3.1-8B,520,4,3000000000,3996189238,996189238,494949862,961644316,11514974,"[11513918, 11514974, 11516030]"
63,4239,meta-llama/Llama-3.1-8B,520,4,3000000000,3996189238,996189238,494949862,961644316,11514974,"[11513918, 11514974, 11516030]"
63,4383,meta-llama/Llama-3.1-8B,520,4,3000000000,3996189238,996189238,494949862,961644316,11514974,"[11513918, 11514974, 11516030]"
63,4527,meta-llama/Llama-3.1-8B,520,4,3000000000,3996189238,996189238,494949862,961644316,11514974,"[11513918, 11514974, 11516030]"
63,4671,meta-llama/Llama-3.1-8B,520,4,3000000000,3996189238,996189238,494949862,961644316,11514974,"[11513918, 11514974, 11516030]"
63,4815,meta-llama/Llama-3.1-8B,520,4,3000000000,3996189238,996189238,494949862,961644316,11514974,"[11513918, 11514974, 11516030]"
63,4959,meta-llama/Llama-3.1-8B,520,4,3000000000,3996189238,996189238,494949862,961644316,11514974,"[11513918, 11514974, 11516030]"
63,5103,meta-llama/Llama-3.1-8B,520,4,3000000000,3996189238,996189238,494949862,961644316,11514974,"[11513918, 11514974, 11516030]"
63,5247,meta-llama/Llama-3.1-8B,520,4,3000000000,4494839866,1494839866,996189238,1460997127,11280913,"[11280401, 11280913, 11281425]"
63,5391,meta-llama/Llama-3.1-8B,520,4,3000000000,4494839866,1494839866,996189238,1460997127,11280913,"[11280401, 11280913, 11281425]"
63,5535,meta-llama/Llama-3.1-8B,520,4,3000000000,4494839866,1494839866,996189238,1460997127,11280913,"[11280401, 11280913, 11281425]"
63,5679,meta-llama/Llama-3.1-8B,520,4,3000000000,4494839866,1494839866,996189238,1460997127,11280913,"[11280401, 11280913, 11281425]"
64,64,meta-llama/Llama-3.1-8B,512,4,0,265399414,265399414,1,117075654,49441253,"[121233056, 15428799, 11661905]"
64,208,meta-llama/Llama-3.1-8B,512,4,0,265399414,265399414,1,117075654,49441253,"[121233056, 15428799, 11661905]"
64,352,meta-llama/Llama-3.1-8B,512,4,0,265399414,265399414,1,117075654,49441253,"[121233056, 15428799, 11661905]"
64,496,meta-llama/Llama-3.1-8B,512,4,0,265399414,265399414,1,117075654,49441253,"[121233056, 15428799, 11661905]"
64,640,meta-llama/Llama-3.1-8B,512,4,0,382681531,382681531,117075654,238308710,48124273,"[15428799, 11661905, 117282117]"
64,784,meta-llama/Llama-3.1-8B,512,4,0,382681531,382681531,117075654,238308710,48124273,"[15428799, 11661905, 117282117]"
64,928,meta-llama/Llama-3.1-8B,512,4,0,382681531,382681531,117075654,238308710,48124273,"[15428799, 11661905, 117282117]"
64,1072,meta-llama/Llama-3.1-8B,512,4,0,480213313,480213313,238308710,253737509,75491934,"[11661905, 117282117, 97531782]"
64,1216,meta-llama/Llama-3.1-8B,512,4,0,530015847,530015847,265399414,382681531,49111438,"[97531782, 36756612, 13045922]"
64,1360,meta-llama/Llama-3.1-8B,512,4,0,530015847,530015847,265399414,382681531,49111438,"[97531782, 36756612, 13045922]"
64,1504,meta-llama/Llama-3.1-8B,512,4,0,530015847,530015847,265399414,382681531,49111438,"[97531782, 36756612, 13045922]"
64,1648,meta-llama/Llama-3.1-8B,512,4,0,622681863,622681863,382681531,480213313,47489516,"[36756612, 13045922, 92666016]"
64,1792,meta-llama/Llama-3.1-8B,512,4,0,622681863,622681863,382681531,480213313,47489516,"[36756612, 13045922, 92666016]"
64,1936,meta-llama/Llama-3.1-8B,512,4,0,622681863,622681863,382681531,480213313,47489516,"[36756612, 13045922, 92666016]"
64,2080,meta-llama/Llama-3.1-8B,512,4,0,622681863,622681863,382681531,480213313,47489516,"[36756612, 13045922, 92666016]"
64,2224,meta-llama/Llama-3.1-8B,512,4,0,655200405,655200405,480213313,516969925,46076826,"[13045922, 92666016, 32518542]"
64,2368,meta-llama/Llama-3.1-8B,512,4,0,678738295,678738295,530015847,622681863,18685477,"[32518542, 12233995, 11303895]"
64,2512,meta-llama/Llama-3.1-8B,512,4,0,678738295,678738295,530015847,622681863,18685477,"[32518542, 12233995, 11303895]"
64,2656,meta-llama/Llama-3.1-8B,512,4,0,678738295,678738295,530015847,622681863,18685477,"[32518542, 12233995, 11303895]"
64,2800,meta-llama/Llama-3.1-8B,512,4,0,690034774,690034774,622681863,655200405,11611456,"[12233995, 11303895, 11296479]"
64,2944,meta-llama/Llama-3.1-8B,520,4,3000000000,3501911520,501911520,37406,467366598,11514974,"[11513918, 11514974, 11516030]"
64,3088,meta-llama/Llama-3.1-8B,520,4,3000000000,3501911520,501911520,37406,467366598,11514974,"[11513918, 11514974, 11516030]"
64,3232,meta-llama/Llama-3.1-8B,520,4,3000000000,3501911520,501911520,37406,467366598,11514974,"[11513918, 11514974, 11516030]"
64,3376,meta-llama/Llama-3.1-8B,520,4,3000000000,3501911520,501911520,37406,467366598,11514974,"[11513918, 11514974, 11516030]"
64,3520,meta-llama/Llama-3.1-8B,520,4,3000000000,3501911520,501911520,37406,467366598,11514974,"[11513918, 11514974, 11516030]"
64,3664,meta-llama/Llama-3.1-8B,520,4,3000000000,3501911520,501911520,37406,467366598,11514974,"[11513918, 11514974, 11516030]"
64,3808,meta-llama/Llama-3.1-8B,520,4,3000000000,3501911520,501911520,37406,467366598,11514974,"[11513918, 11514974, 11516030]"
64,3952,meta-llama/Llama-3.1-8B,520,4,3000000000,3501911520,501911520,37406,467366598,11514974,"[11513918, 11514974, 11516030]"
64,4096,meta-llama/Llama-3.1-8B,520,4,3000000000,4003150896,1003150896,501911520,968605974,11514974,"[11513918, 11514974, 11516030]"
64,4240,meta-llama/Llama-3.1-8B,520,4,3000000000,4003150896,1003150896,501911520,968605974,11514974,"[11513918, 11514974, 11516030]"
64,4384,meta-llama/Llama-3.1-8B,520,4,3000000000,4003150896,1003150896,501911520,968605974,11514974,"[11513918, 11514974, 11516030]"
64,4528,meta-llama/Llama-3.1-8B,520,4,3000000000,4003150896,1003150896,501911520,968605974,11514974,"[11513918, 11514974, 11516030]"
64,4672,meta-llama/Llama-3.1-8B,520,4,3000000000,4003150896,1003150896,501911520,968605974,11514974,"[11513918, 11514974, 11516030]"
64,4816,meta-llama/Llama-3.1-8B,520,4,3000000000,4003150896,1003150896,501911520,968605974,11514974,"[11513918, 11514974, 11516030]"
64,4960,meta-llama/Llama-3.1-8B,520,4,3000000000,4003150896,1003150896,501911520,968605974,11514974,"[11513918, 11514974, 11516030]"
64,5104,meta-llama/Llama-3.1-8B,520,4,3000000000,4003150896,1003150896,501911520,968605974,11514974,"[11513918, 11514974, 11516030]"
64,5248,meta-llama/Llama-3.1-8B,520,4,3000000000,4501801524,1501801524,1003150896,1467958785,11280913,"[11280401, 11280913, 11281425]"
64,5392,meta-llama/Llama-3.1-8B,520,4,3000000000,4501801524,1501801524,1003150896,1467958785,11280913,"[11280401, 11280913, 11281425]"
64,5536,meta-llama/Llama-3.1-8B,520,4,3000000000,4501801524,1501801524,1003150896,1467958785,11280913,"[11280401, 11280913, 11281425]"
64,5680,meta-llama/Llama-3.1-8B,520,4,3000000000,4501801524,1501801524,1003150896,1467958785,11280913,"[11280401, 11280913, 11281425]"
65,65,meta-llama/Llama-3.1-8B,512,4,0,265401586,265401586,1,117601110,49266825,"[121233056, 14906284, 11661136]"
65,209,meta-llama/Llama-3.1-8B,512,4,0,265401586,265401586,1,117601110,49266825,"[121233056, 14906284, 11661136]"
65,353,meta-llama/Llama-3.1-8B,512,4,0,265401586,265401586,1,117601110,49266825,"[121233056, 14906284, 11661136]"
65,497,meta-llama/Llama-3.1-8B,512,4,0,265401586,265401586,1,117601110,49266825,"[121233056, 14906284, 11661136]"
65,641,meta-llama/Llama-3.1-8B,512,4,0,383206987,383206987,117601110,238834166,48124273,"[14906284, 11661136, 117805401]"
65,785,meta-llama/Llama-3.1-8B,512,4,0,383206987,383206987,117601110,238834166,48124273,"[14906284, 11661136, 117805401]"
65,929,meta-llama/Llama-3.1-8B,512,4,0,383206987,383206987,117601110,238834166,48124273,"[14906284, 11661136, 117805401]"
65,1073,meta-llama/Llama-3.1-8B,512,4,0,480609487,480609487,238834166,253740450,75623012,"[11661136, 117805401, 97402500]"
65,1217,meta-llama/Llama-3.1-8B,512,4,0,530018019,530018019,265401586,383206987,48937010,"[97402500, 36493687, 12914845]"
65,1361,meta-llama/Llama-3.1-8B,512,4,0,530018019,530018019,265401586,383206987,48937010,"[97402500, 36493687, 12914845]"
65,1505,meta-llama/Llama-3.1-8B,512,4,0,530018019,530018019,265401586,383206987,48937010,"[97402500, 36493687, 12914845]"
65,1649,meta-llama/Llama-3.1-8B,512,4,0,623105304,623105304,383206987,480609487,47498605,"[36493687, 12914845, 93087285]"
65,1793,meta-llama/Llama-3.1-8B,512,4,0,623105304,623105304,383206987,480609487,47498605,"[36493687, 12914845, 93087285]"
65,1937,meta-llama/Llama-3.1-8B,512,4,0,623105304,623105304,383206987,480609487,47498605,"[36493687, 12914845, 93087285]"
65,2081,meta-llama/Llama-3.1-8B,512,4,0,623105304,623105304,383206987,480609487,47498605,"[36493687, 12914845, 93087285]"
65,2225,meta-llama/Llama-3.1-8B,512,4,0,655333005,655333005,480609487,517103174,46076610,"[12914845, 93087285, 32227701]"
65,2369,meta-llama/Llama-3.1-8B,512,4,0,678739441,678739441,530018019,623105304,18544712,"[32227701, 12102541, 11303895]"
65,2513,meta-llama/Llama-3.1-8B,512,4,0,678739441,678739441,530018019,623105304,18544712,"[32227701, 12102541, 11303895]"
65,2657,meta-llama/Llama-3.1-8B,512,4,0,678739441,678739441,530018019,623105304,18544712,"[32227701, 12102541, 11303895]"
65,2801,meta-llama/Llama-3.1-8B,512,4,0,690035150,690035150,623105304,655333005,11567381,"[12102541, 11303895, 11295709]"
65,2945,meta-llama/Llama-3.1-8B,520,4,3000000000,3508873178,508873178,37406,474328256,11514974,"[11513918, 11514974, 11516030]"
65,3089,meta-llama/Llama-3.1-8B,520,4,3000000000,3508873178,508873178,37406,474328256,11514974,"[11513918, 11514974, 11516030]"
65,3233,meta-llama/Llama-3.1-8B,520,4,3000000000,3508873178,508873178,37406,474328256,11514974,"[11513918, 11514974, 11516030]"
65,3377,meta-llama/Llama-3.1-8B,520,4,3000000000,3508873178,508873178,37406,474328256,11514974,"[11513918, 11514974, 11516030]"
65,3521,meta-llama/Llama-3.1-8B,520,4,3000000000,3508873178,508873178,37406,474328256,11514974,"[11513918, 11514974, 11516030]"
65,3665,meta-llama/Llama-3.1-8B,520,4,3000000000,3508873178,508873178,37406,474328256,11514974,"[11513918, 11514974, 11516030]"
65,3809,meta-llama/Llama-3.1-8B,520,4,3000000000,3508873178,508873178,37406,474328256,11514974,"[11513918, 11514974, 11516030]"
65,3953,meta-llama/Llama-3.1-8B,520,4,3000000000,3508873178,508873178,37406,474328256,11514974,"[11513918, 11514974, 11516030]"
65,4097,meta-llama/Llama-3.1-8B,520,4,3000000000,4010112554,1010112554,508873178,975567632,11514974,"[11513918, 11514974, 11516030]"
65,4241,meta-llama/Llama-3.1-8B,520,4,3000000000,4010112554,1010112554,508873178,975567632,11514974,"[11513918, 11514974, 11516030]"
65,4385,meta-llama/Llama-3.1-8B,520,4,3000000000,4010112554,1010112554,508873178,975567632,11514974,"[11513918, 11514974, 11516030]"
65,4529,meta-llama/Llama-3.1-8B,520,4,3000000000,4010112554,1010112554,508873178,975567632,11514974,"[11513918, 11514974, 11516030]"
65,4673,meta-llama/Llama-3.1-8B,520,4,3000000000,4010112554,1010112554,508873178,975567632,11514974,"[11513918, 11514974, 11516030]"
65,4817,meta-llama/Llama-3.1-8B,520,4,3000000000,4010112554,1010112554,508873178,975567632,11514974,"[11513918, 11514974, 11516030]"
65,4961,meta-llama/Llama-3.1-8B,520,4,3000000000,4010112554,1010112554,508873178,975567632,11514974,"[11513918, 11514974, 11516030]"
65,5105,meta-llama/Llama-3.1-8B,520,4,3000000000,4010112554,1010112554,508873178,975567632,11514974,"[11513918, 11514974, 11516030]"
65,5249,meta-llama/Llama-3.1-8B,520,4,3000000000,4508763182,1508763182,1010112554,1474920443,11280913,"[11280401, 11280913, 11281425]"
65,5393,meta-llama/Llama-3.1-8B,520,4,3000000000,4508763182,1508763182,1010112554,1474920443,11280913,"[11280401, 11280913, 11281425]"
65,5537,meta-llama/Llama-3.1-8B,520,4,3000000000,4508763182,1508763182,1010112554,1474920443,11280913,"[11280401, 11280913, 11281425]"
65,5681,meta-llama/Llama-3.1-8B,520,4,3000000000,4508763182,1508763182,1010112554,1474920443,11280913,"[11280401, 11280913, 11281425]"
66,66,meta-llama/Llama-3.1-8B,512,4,0,265403758,265403758,1,118126566,49092397,"[121233056, 14383769, 11660367]"
66,210,meta-llama/Llama-3.1-8B,512,4,0,265403758,265403758,1,118126566,49092397,"[121233056, 14383769, 11660367]"
66,354,meta-llama/Llama-3.1-8B,512,4,0,265403758,265403758,1,118126566,49092397,"[121233056, 14383769, 11660367]"
66,498,meta-llama/Llama-3.1-8B,512,4,0,265403758,265403758,1,118126566,49092397,"[121233056, 14383769, 11660367]"
66,642,meta-llama/Llama-3.1-8B,512,4,0,383732443,383732443,118126566,239359622,48124273,"[14383769, 11660367, 118328685]"
66,786,meta-llama/Llama-3.1-8B,512,4,0,383732443,383732443,118126566,239359622,48124273,"[14383769, 11660367, 118328685]"
66,930,meta-llama/Llama-3.1-8B,512,4,0,383732443,383732443,118126566,239359622,48124273,"[14383769, 11660367, 118328685]"
66,1074,meta-llama/Llama-3.1-8B,512,4,0,481005661,481005661,239359622,253743391,75754090,"[11660367, 118328685, 97273218]"
66,1218,meta-llama/Llama-3.1-8B,512,4,0,530020191,530020191,265403758,383732443,48762582,"[97273218, 36230762, 12783768]"
66,1362,meta-llama/Llama-3.1-8B,512,4,0,530020191,530020191,265403758,383732443,48762582,"[97273218, 36230762, 12783768]"
66,1506,meta-llama/Llama-3.1-8B,512,4,0,530020191,530020191,265403758,383732443,48762582,"[97273218, 36230762, 12783768]"
66,1650,meta-llama/Llama-3.1-8B,512,4,0,623500708,623500708,383732443,481005661,47498349,"[36230762, 12783768, 93480517]"
66,1794,meta-llama/Llama-3.1-8B,512,4,0,623500708,623500708,383732443,481005661,47498349,"[36230762, 12783768, 93480517]"
66,1938,meta-llama/Llama-3.1-8B,512,4,0,623500708,623500708,383732443,481005661,47498349,"[36230762, 12783768, 93480517]"
66,2082,meta-llama/Llama-3.1-8B,512,4,0,623500708,623500708,383732443,481005661,47498349,"[36230762, 12783768, 93480517]"
66,2226,meta-llama/Llama-3.1-8B,512,4,0,655465605,655465605,481005661,517236423,46076394,"[12783768, 93480517, 31964897]"
66,2370,meta-llama/Llama-3.1-8B,512,4,0,678740587,678740587,530020191,623500708,18413293,"[31964897, 11971207, 11303775]"
66,2514,meta-llama/Llama-3.1-8B,512,4,0,678740587,678740587,530020191,623500708,18413293,"[31964897, 11971207, 11303775]"
66,2658,meta-llama/Llama-3.1-8B,512,4,0,678740587,678740587,530020191,623500708,18413293,"[31964897, 11971207, 11303775]"
66,2802,meta-llama/Llama-3.1-8B,512,4,0,690035526,690035526,623500708,655465605,11523307,"[11971207, 11303775, 11294939]"
66,2946,meta-llama/Llama-3.1-8B,520,4,3000000000,3515834836,515834836,37406,481289914,11514974,"[11513918, 11514974, 11516030]"
66,3090,meta-llama/Llama-3.1-8B,520,4,3000000000,3515834836,515834836,37406,481289914,11514974,"[11513918, 11514974, 11516030]"
66,3234,meta-llama/Llama-3.1-8B,520,4,3000000000,3515834836,515834836,37406,481289914,11514974,"[11513918, 11514974, 11516030]"
66,3378,meta-llama/Llama-3.1-8B,520,4,3000000000,3515834836,515834836,37406,481289914,11514974,"[11513918, 11514974, 11516030]"
66,3522,meta-llama/Llama-3.1-8B,520,4,3000000000,3515834836,515834836,37406,481289914,11514974,"[11513918, 11514974, 11516030]"
66,3666,meta-llama/Llama-3.1-8B,520,4,3000000000,3515834836,515834836,37406,481289914,11514974,"[11513918, 11514974, 11516030]"
66,3810,meta-llama/Llama-3.1-8B,520,4,3000000000,3515834836,515834836,37406,481289914,11514974,"[11513918, 11514974, 11516030]"
66,3954,meta-llama/Llama-3.1-8B,520,4,3000000000,3515834836,515834836,37406,481289914,11514974,"[11513918, 11514974, 11516030]"
66,4098,meta-llama/Llama-3.1-8B,520,4,3000000000,4017074212,1017074212,515834836,982529290,11514974,"[11513918, 11514974, 11516030]"
66,4242,meta-llama/Llama-3.1-8B,520,4,3000000000,4017074212,1017074212,515834836,982529290,11514974,"[11513918, 11514974, 11516030]"
66,4386,meta-llama/Llama-3.1-8B,520,4,3000000000,4017074212,1017074212,515834836,982529290,11514974,"[11513918, 11514974, 11516030]"
66,4530,meta-llama/Llama-3.1-8B,520,4,3000000000,4017074212,1017074212,515834836,982529290,11514974,"[11513918, 11514974, 11516030]"
66,4674,meta-llama/Llama-3.1-8B,520,4,3000000000,4017074212,1017074212,515834836,982529290,11514974,"[11513918, 11514974, 11516030]"
66,4818,meta-llama/Llama-3.1-8B,520,4,3000000000,4017074212,1017074212,515834836,982529290,11514974,"[11513918, 11514974, 11516030]"
66,4962,meta-llama/Llama-3.1-8B,520,4,3000000000,4017074212,1017074212,515834836,982529290,11514974,"[11513918, 11514974, 11516030]"
66,5106,meta-llama/Llama-3.1-8B,520,4,3000000000,4017074212,1017074212,515834836,982529290,11514974,"[11513918, 11514974, 11516030]"
66,5250,meta-llama/Llama-3.1-8B,520,4,3000000000,4515724840,1515724840,1017074212,1481882101,11280913,"[11280401, 11280913, 11281425]"
66,5394,meta-llama/Llama-3.1-8B,520,4,3000000000,4515724840,1515724840,1017074212,1481882101,11280913,"[11280401, 11280913, 11281425]"
66,5538,meta-llama/Llama-3.1-8B,520,4,3000000000,4515724840,1515724840,1017074212,1481882101,11280913,"[11280401, 11280913, 11281425]"
66,5682,meta-llama/Llama-3.1-8B,520,4,3000000000,4515724840,1515724840,1017074212,1481882101,11280913,"[11280401, 11280913, 11281425]"
67,67,meta-llama/Llama-3.1-8B,512,4,0,265405930,265405930,1,118652022,48917969,"[121233056, 13861254, 11659598]"
67,211,meta-llama/Llama-3.1-8B,512,4,0,265405930,265405930,1,118652022,48917969,"[121233056, 13861254, 11659598]"
67,355,meta-llama/Llama-3.1-8B,512,4,0,265405930,265405930,1,118652022,48917969,"[121233056, 13861254, 11659598]"
67,499,meta-llama/Llama-3.1-8B,512,4,0,265405930,265405930,1,118652022,48917969,"[121233056, 13861254, 11659598]"
67,643,meta-llama/Llama-3.1-8B,512,4,0,384257899,384257899,118652022,239885078,48124273,"[13861254, 11659598, 118851969]"
67,787,meta-llama/Llama-3.1-8B,512,4,0,384257899,384257899,118652022,239885078,48124273,"[13861254, 11659598, 118851969]"
67,931,meta-llama/Llama-3.1-8B,512,4,0,384257899,384257899,118652022,239885078,48124273,"[13861254, 11659598, 118851969]"
67,1075,meta-llama/Llama-3.1-8B,512,4,0,481401835,481401835,239885078,253746332,75885167,"[11659598, 118851969, 97143936]"
67,1219,meta-llama/Llama-3.1-8B,512,4,0,530022363,530022363,265405930,384257899,48588154,"[97143936, 35967837, 12652691]"
67,1363,meta-llama/Llama-3.1-8B,512,4,0,530022363,530022363,265405930,384257899,48588154,"[97143936, 35967837, 12652691]"
67,1507,meta-llama/Llama-3.1-8B,512,4,0,530022363,530022363,265405930,384257899,48588154,"[97143936, 35967837, 12652691]"
67,1651,meta-llama/Llama-3.1-8B,512,4,0,623924149,623924149,384257899,481401835,47507438,"[35967837, 12652691, 93901786]"
67,1795,meta-llama/Llama-3.1-8B,512,4,0,623924149,623924149,384257899,481401835,47507438,"[35967837, 12652691, 93901786]"
67,1939,meta-llama/Llama-3.1-8B,512,4,0,623924149,623924149,384257899,481401835,47507438,"[35967837, 12652691, 93901786]"
67,2083,meta-llama/Llama-3.1-8B,512,4,0,623924149,623924149,384257899,481401835,47507438,"[35967837, 12652691, 93901786]"
67,2227,meta-llama/Llama-3.1-8B,512,4,0,655598205,655598205,481401835,517369672,46076177,"[12652691, 93901786, 31674056]"
67,2371,meta-llama/Llama-3.1-8B,512,4,0,678741733,678741733,530022363,623924149,18272528,"[31674056, 11839753, 11303775]"
67,2515,meta-llama/Llama-3.1-8B,512,4,0,678741733,678741733,530022363,623924149,18272528,"[31674056, 11839753, 11303775]"
67,2659,meta-llama/Llama-3.1-8B,512,4,0,678741733,678741733,530022363,623924149,18272528,"[31674056, 11839753, 11303775]"
67,2803,meta-llama/Llama-3.1-8B,512,4,0,690035902,690035902,623924149,655598205,11479232,"[11839753, 11303775, 11294169]"
67,2947,meta-llama/Llama-3.1-8B,520,4,3000000000,3522796494,522796494,37406,488251572,11514974,"[11513918, 11514974, 11516030]"
67,3091,meta-llama/Llama-3.1-8B,520,4,3000000000,3522796494,522796494,37406,488251572,11514974,"[11513918, 11514974, 11516030]"
67,3235,meta-llama/Llama-3.1-8B,520,4,3000000000,3522796494,522796494,37406,488251572,11514974,"[11513918, 11514974, 11516030]"
67,3379,meta-llama/Llama-3.1-8B,520,4,3000000000,3522796494,522796494,37406,488251572,11514974,"[11513918, 11514974, 11516030]"
67,3523,meta-llama/Llama-3.1-8B,520,4,3000000000,3522796494,522796494,37406,488251572,11514974,"[11513918, 11514974, 11516030]"
67,3667,meta-llama/Llama-3.1-8B,520,4,3000000000,3522796494,522796494,37406,488251572,11514974,"[11513918, 11514974, 11516030]"
67,3811,meta-llama/Llama-3.1-8B,520,4,3000000000,3522796494,522796494,37406,488251572,11514974,"[11513918, 11514974, 11516030]"
67,3955,meta-llama/Llama-3.1-8B,520,4,3000000000,3522796494,522796494,37406,488251572,11514974,"[11513918, 11514974, 11516030]"
67,4099,meta-llama/Llama-3.1-8B,520,4,3000000000,4024035870,1024035870,522796494,989490948,11514974,"[11513918, 11514974, 11516030]"
67,4243,meta-llama/Llama-3.1-8B,520,4,3000000000,4024035870,1024035870,522796494,989490948,11514974,"[11513918, 11514974, 11516030]"
67,4387,meta-llama/Llama-3.1-8B,520,4,3000000000,4024035870,1024035870,522796494,989490948,11514974,"[11513918, 11514974, 11516030]"
67,4531,meta-llama/Llama-3.1-8B,520,4,3000000000,4024035870,1024035870,522796494,989490948,11514974,"[11513918, 11514974, 11516030]"
67,4675,meta-llama/Llama-3.1-8B,520,4,3000000000,4024035870,1024035870,522796494,989490948,11514974,"[11513918, 11514974, 11516030]"
67,4819,meta-llama/Llama-3.1-8B,520,4,3000000000,4024035870,1024035870,522796494,989490948,11514974,"[11513918, 11514974, 11516030]"
67,4963,meta-llama/Llama-3.1-8B,520,4,3000000000,4024035870,1024035870,522796494,989490948,11514974,"[11513918, 11514974, 11516030]"
67,5107,meta-llama/Llama-3.1-8B,520,4,3000000000,4024035870,1024035870,522796494,989490948,11514974,"[11513918, 11514974, 11516030]"
67,5251,meta-llama/Llama-3.1-8B,520,4,3000000000,4522686498,1522686498,1024035870,1488843759,11280913,"[11280401, 11280913, 11281425]"
67,5395,meta-llama/Llama-3.1-8B,520,4,3000000000,4522686498,1522686498,1024035870,1488843759,11280913,"[11280401, 11280913, 11281425]"
67,5539,meta-llama/Llama-3.1-8B,520,4,3000000000,4522686498,1522686498,1024035870,1488843759,11280913,"[11280401, 11280913, 11281425]"
67,5683,meta-llama/Llama-3.1-8B,520,4,3000000000,4522686498,1522686498,1024035870,1488843759,11280913,"[11280401, 11280913, 11281425]"
68,68,meta-llama/Llama-3.1-8B,512,4,0,265408102,265408102,1,119177478,48743541,"[121233056, 13338739, 11658829]"
68,212,meta-llama/Llama-3.1-8B,512,4,0,265408102,265408102,1,119177478,48743541,"[121233056, 13338739, 11658829]"
68,356,meta-llama/Llama-3.1-8B,512,4,0,265408102,265408102,1,119177478,48743541,"[121233056, 13338739, 11658829]"
68,500,meta-llama/Llama-3.1-8B,512,4,0,265408102,265408102,1,119177478,48743541,"[121233056, 13338739, 11658829]"
68,644,meta-llama/Llama-3.1-8B,512,4,0,384783355,384783355,119177478,240410534,48124273,"[13338739, 11658829, 119375253]"
68,788,meta-llama/Llama-3.1-8B,512,4,0,384783355,384783355,119177478,240410534,48124273,"[13338739, 11658829, 119375253]"
68,932,meta-llama/Llama-3.1-8B,512,4,0,384783355,384783355,119177478,240410534,48124273,"[13338739, 11658829, 119375253]"
68,1076,meta-llama/Llama-3.1-8B,512,4,0,481798009,481798009,240410534,253749273,76016245,"[11658829, 119375253, 97014654]"
68,1220,meta-llama/Llama-3.1-8B,512,4,0,530024535,530024535,265408102,384783355,48413726,"[97014654, 35704912, 12521614]"
68,1364,meta-llama/Llama-3.1-8B,512,4,0,530024535,530024535,265408102,384783355,48413726,"[97014654, 35704912, 12521614]"
68,1508,meta-llama/Llama-3.1-8B,512,4,0,530024535,530024535,265408102,384783355,48413726,"[97014654, 35704912, 12521614]"
68,1652,meta-llama/Llama-3.1-8B,512,4,0,624319553,624319553,384783355,481798009,47507181,"[35704912, 12521614, 94295018]"
68,1796,meta-llama/Llama-3.1-8B,512,4,0,624319553,624319553,384783355,481798009,47507181,"[35704912, 12521614, 94295018]"
68,1940,meta-llama/Llama-3.1-8B,512,4,0,624319553,624319553,384783355,481798009,47507181,"[35704912, 12521614, 94295018]"
68,2084,meta-llama/Llama-3.1-8B,512,4,0,624319553,624319553,384783355,481798009,47507181,"[35704912, 12521614, 94295018]"
68,2228,meta-llama/Llama-3.1-8B,512,4,0,655730685,655730685,481798009,517502921,46075921,"[12521614, 94295018, 31411132]"
68,2372,meta-llama/Llama-3.1-8B,512,4,0,678742879,678742879,530024535,624319553,18141108,"[31411132, 11708419, 11303775]"
68,2516,meta-llama/Llama-3.1-8B,512,4,0,678742879,678742879,530024535,624319553,18141108,"[31411132, 11708419, 11303775]"
68,2660,meta-llama/Llama-3.1-8B,512,4,0,678742879,678742879,530024535,624319553,18141108,"[31411132, 11708419, 11303775]"
68,2804,meta-llama/Llama-3.1-8B,512,4,0,690036278,690036278,624319553,655730685,11435197,"[11708419, 11303775, 11293399]"
68,2948,meta-llama/Llama-3.1-8B,520,4,3000000000,3529758152,529758152,37406,495213230,11514974,"[11513918, 11514974, 11516030]"
68,3092,meta-llama/Llama-3.1-8B,520,4,3000000000,3529758152,529758152,37406,495213230,11514974,"[11513918, 11514974, 11516030]"
68,3236,meta-llama/Llama-3.1-8B,520,4,3000000000,3529758152,529758152,37406,495213230,11514974,"[11513918, 11514974, 11516030]"
68,3380,meta-llama/Llama-3.1-8B,520,4,3000000000,3529758152,529758152,37406,495213230,11514974,"[11513918, 11514974, 11516030]"
68,3524,meta-llama/Llama-3.1-8B,520,4,3000000000,3529758152,529758152,37406,495213230,11514974,"[11513918, 11514974, 11516030]"
68,3668,meta-llama/Llama-3.1-8B,520,4,3000000000,3529758152,529758152,37406,495213230,11514974,"[11513918, 11514974, 11516030]"
68,3812,meta-llama/Llama-3.1-8B,520,4,3000000000,3529758152,529758152,37406,495213230,11514974,"[11513918, 11514974, 11516030]"
68,3956,meta-llama/Llama-3.1-8B,520,4,3000000000,3529758152,529758152,37406,495213230,11514974,"[11513918, 11514974, 11516030]"
68,4100,meta-llama/Llama-3.1-8B,520,4,3000000000,4030997528,1030997528,529758152,996452606,11514974,"[11513918, 11514974, 11516030]"
68,4244,meta-llama/Llama-3.1-8B,520,4,3000000000,4030997528,1030997528,529758152,996452606,11514974,"[11513918, 11514974, 11516030]"
68,4388,meta-llama/Llama-3.1-8B,520,4,3000000000,4030997528,1030997528,529758152,996452606,11514974,"[11513918, 11514974, 11516030]"
68,4532,meta-llama/Llama-3.1-8B,520,4,3000000000,4030997528,1030997528,529758152,996452606,11514974,"[11513918, 11514974, 11516030]"
68,4676,meta-llama/Llama-3.1-8B,520,4,3000000000,4030997528,1030997528,529758152,996452606,11514974,"[11513918, 11514974, 11516030]"
68,4820,meta-llama/Llama-3.1-8B,520,4,3000000000,4030997528,1030997528,529758152,996452606,11514974,"[11513918, 11514974, 11516030]"
68,4964,meta-llama/Llama-3.1-8B,520,4,3000000000,4030997528,1030997528,529758152,996452606,11514974,"[11513918, 11514974, 11516030]"
68,5108,meta-llama/Llama-3.1-8B,520,4,3000000000,4030997528,1030997528,529758152,996452606,11514974,"[11513918, 11514974, 11516030]"
68,5252,meta-llama/Llama-3.1-8B,520,4,3000000000,4529648156,1529648156,1030997528,1495805417,11280913,"[11280401, 11280913, 11281425]"
68,5396,meta-llama/Llama-3.1-8B,520,4,3000000000,4529648156,1529648156,1030997528,1495805417,11280913,"[11280401, 11280913, 11281425]"
68,5540,meta-llama/Llama-3.1-8B,520,4,3000000000,4529648156,1529648156,1030997528,1495805417,11280913,"[11280401, 11280913, 11281425]"
68,5684,meta-llama/Llama-3.1-8B,520,4,3000000000,4529648156,1529648156,1030997528,1495805417,11280913,"[11280401, 11280913, 11281425]"
69,69,meta-llama/Llama-3.1-8B,512,4,0,265410274,265410274,1,119702934,48569113,"[121233056, 12816224, 11658060]"
69,213,meta-llama/Llama-3.1-8B,512,4,0,265410274,265410274,1,119702934,48569113,"[121233056, 12816224, 11658060]"
69,357,meta-llama/Llama-3.1-8B,512,4,0,265410274,265410274,1,119702934,48569113,"[121233056, 12816224, 11658060]"
69,501,meta-llama/Llama-3.1-8B,512,4,0,265410274,265410274,1,119702934,48569113,"[121233056, 12816224, 11658060]"
69,645,meta-llama/Llama-3.1-8B,512,4,0,385308811,385308811,119702934,240935990,48124273,"[12816224, 11658060, 119898537]"
69,789,meta-llama/Llama-3.1-8B,512,4,0,385308811,385308811,119702934,240935990,48124273,"[12816224, 11658060, 119898537]"
69,933,meta-llama/Llama-3.1-8B,512,4,0,385308811,385308811,119702934,240935990,48124273,"[12816224, 11658060, 119898537]"
69,1077,meta-llama/Llama-3.1-8B,512,4,0,482194183,482194183,240935990,253752214,76147323,"[11658060, 119898537, 96885372]"
69,1221,meta-llama/Llama-3.1-8B,512,4,0,530026707,530026707,265410274,385308811,48239298,"[96885372, 35441987, 12390537]"
69,1365,meta-llama/Llama-3.1-8B,512,4,0,530026707,530026707,265410274,385308811,48239298,"[96885372, 35441987, 12390537]"
69,1509,meta-llama/Llama-3.1-8B,512,4,0,530026707,530026707,265410274,385308811,48239298,"[96885372, 35441987, 12390537]"
69,1653,meta-llama/Llama-3.1-8B,512,4,0,624714957,624714957,385308811,482194183,47506924,"[35441987, 12390537, 94688250]"
69,1797,meta-llama/Llama-3.1-8B,512,4,0,624714957,624714957,385308811,482194183,47506924,"[35441987, 12390537, 94688250]"
69,1941,meta-llama/Llama-3.1-8B,512,4,0,624714957,624714957,385308811,482194183,47506924,"[35441987, 12390537, 94688250]"
69,2085,meta-llama/Llama-3.1-8B,512,4,0,624714957,624714957,385308811,482194183,47506924,"[35441987, 12390537, 94688250]"
69,2229,meta-llama/Llama-3.1-8B,512,4,0,655863165,655863165,482194183,517636170,46075665,"[12390537, 94688250, 31148208]"
69,2373,meta-llama/Llama-3.1-8B,512,4,0,678744025,678744025,530026707,624714957,18009689,"[31148208, 11577085, 11303775]"
69,2517,meta-llama/Llama-3.1-8B,512,4,0,678744025,678744025,530026707,624714957,18009689,"[31148208, 11577085, 11303775]"
69,2661,meta-llama/Llama-3.1-8B,512,4,0,678744025,678744025,530026707,624714957,18009689,"[31148208, 11577085, 11303775]"
69,2805,meta-llama/Llama-3.1-8B,512,4,0,690036654,690036654,624714957,655863165,11391163,"[11577085, 11303775, 11292629]"
69,2949,meta-llama/Llama-3.1-8B,520,4,3000000000,3536719810,536719810,37406,502174888,11514974,"[11513918, 11514974, 11516030]"
69,3093,meta-llama/Llama-3.1-8B,520,4,3000000000,3536719810,536719810,37406,502174888,11514974,"[11513918, 11514974, 11516030]"
69,3237,meta-llama/Llama-3.1-8B,520,4,3000000000,3536719810,536719810,37406,502174888,11514974,"[11513918, 11514974, 11516030]"
69,3381,meta-llama/Llama-3.1-8B,520,4,3000000000,3536719810,536719810,37406,502174888,11514974,"[11513918, 11514974, 11516030]"
69,3525,meta-llama/Llama-3.1-8B,520,4,3000000000,3536719810,536719810,37406,502174888,11514974,"[11513918, 11514974, 11516030]"
69,3669,meta-llama/Llama-3.1-8B,520,4,3000000000,3536719810,536719810,37406,502174888,11514974,"[11513918, 11514974, 11516030]"
69,3813,meta-llama/Llama-3.1-8B,520,4,3000000000,3536719810,536719810,37406,502174888,11514974,"[11513918, 11514974, 11516030]"
69,3957,meta-llama/Llama-3.1-8B,520,4,3000000000,3536719810,536719810,37406,502174888,11514974,"[11513918, 11514974, 11516030]"
69,4101,meta-llama/Llama-3.1-8B,520,4,3000000000,4037959186,1037959186,536719810,1003414264,11514974,"[11513918, 11514974, 11516030]"
69,4245,meta-llama/Llama-3.1-8B,520,4,3000000000,4037959186,1037959186,536719810,1003414264,11514974,"[11513918, 11514974, 11516030]"
69,4389,meta-llama/Llama-3.1-8B,520,4,3000000000,4037959186,1037959186,536719810,1003414264,11514974,"[11513918, 11514974, 11516030]"
69,4533,meta-llama/Llama-3.1-8B,520,4,3000000000,4037959186,1037959186,536719810,1003414264,11514974,"[11513918, 11514974, 11516030]"
69,4677,meta-llama/Llama-3.1-8B,520,4,3000000000,4037959186,1037959186,536719810,1003414264,11514974,"[11513918, 11514974, 11516030]"
69,4821,meta-llama/Llama-3.1-8B,520,4,3000000000,4037959186,1037959186,536719810,1003414264,11514974,"[11513918, 11514974, 11516030]"
69,4965,meta-llama/Llama-3.1-8B,520,4,3000000000,4037959186,1037959186,536719810,1003414264,11514974,"[11513918, 11514974, 11516030]"
69,5109,meta-llama/Llama-3.1-8B,520,4,3000000000,4037959186,1037959186,536719810,1003414264,11514974,"[11513918, 11514974, 11516030]"
69,5253,meta-llama/Llama-3.1-8B,520,4,3000000000,4536609814,1536609814,1037959186,1502767075,11280913,"[11280401, 11280913, 11281425]"
69,5397,meta-llama/Llama-3.1-8B,520,4,3000000000,4536609814,1536609814,1037959186,1502767075,11280913,"[11280401, 11280913, 11281425]"
69,5541,meta-llama/Llama-3.1-8B,520,4,3000000000,4536609814,1536609814,1037959186,1502767075,11280913,"[11280401, 11280913, 11281425]"
69,5685,meta-llama/Llama-3.1-8B,520,4,3000000000,4536609814,1536609814,1037959186,1502767075,11280913,"[11280401, 11280913, 11281425]"
70,70,meta-llama/Llama-3.1-8B,512,4,0,265412446,265412446,1,120228390,48394685,"[121233056, 12293709, 11657291]"
70,214,meta-llama/Llama-3.1-8B,512,4,0,265412446,265412446,1,120228390,48394685,"[121233056, 12293709, 11657291]"
70,358,meta-llama/Llama-3.1-8B,512,4,0,265412446,265412446,1,120228390,48394685,"[121233056, 12293709, 11657291]"
70,502,meta-llama/Llama-3.1-8B,512,4,0,265412446,265412446,1,120228390,48394685,"[121233056, 12293709, 11657291]"
70,646,meta-llama/Llama-3.1-8B,512,4,0,385834267,385834267,120228390,241461446,48124273,"[12293709, 11657291, 120421821]"
70,790,meta-llama/Llama-3.1-8B,512,4,0,385834267,385834267,120228390,241461446,48124273,"[12293709, 11657291, 120421821]"
70,934,meta-llama/Llama-3.1-8B,512,4,0,385834267,385834267,120228390,241461446,48124273,"[12293709, 11657291, 120421821]"
70,1078,meta-llama/Llama-3.1-8B,512,4,0,482590357,482590357,241461446,253755155,76278400,"[11657291, 120421821, 96756090]"
70,1222,meta-llama/Llama-3.1-8B,512,4,0,530028879,530028879,265412446,385834267,48064870,"[96756090, 35179062, 12259460]"
70,1366,meta-llama/Llama-3.1-8B,512,4,0,530028879,530028879,265412446,385834267,48064870,"[96756090, 35179062, 12259460]"
70,1510,meta-llama/Llama-3.1-8B,512,4,0,530028879,530028879,265412446,385834267,48064870,"[96756090, 35179062, 12259460]"
70,1654,meta-llama/Llama-3.1-8B,512,4,0,625138398,625138398,385834267,482590357,47516013,"[35179062, 12259460, 95109519]"
70,1798,meta-llama/Llama-3.1-8B,512,4,0,625138398,625138398,385834267,482590357,47516013,"[35179062, 12259460, 95109519]"
70,1942,meta-llama/Llama-3.1-8B,512,4,0,625138398,625138398,385834267,482590357,47516013,"[35179062, 12259460, 95109519]"
70,2086,meta-llama/Llama-3.1-8B,512,4,0,625138398,625138398,385834267,482590357,47516013,"[35179062, 12259460, 95109519]"
70,2230,meta-llama/Llama-3.1-8B,512,4,0,655995885,655995885,482590357,517769419,46075488,"[12259460, 95109519, 30857487]"
70,2374,meta-llama/Llama-3.1-8B,512,4,0,678745171,678745171,530028879,625138398,17868924,"[30857487, 11445631, 11303655]"
70,2518,meta-llama/Llama-3.1-8B,512,4,0,678745171,678745171,530028879,625138398,17868924,"[30857487, 11445631, 11303655]"
70,2662,meta-llama/Llama-3.1-8B,512,4,0,678745171,678745171,530028879,625138398,17868924,"[30857487, 11445631, 11303655]"
70,2806,meta-llama/Llama-3.1-8B,512,4,0,690037030,690037030,625138398,655995885,11347048,"[11445631, 11303655, 11291859]"
70,2950,meta-llama/Llama-3.1-8B,520,4,3000000000,3543681468,543681468,37406,509136546,11514974,"[11513918, 11514974, 11516030]"
70,3094,meta-llama/Llama-3.1-8B,520,4,3000000000,3543681468,543681468,37406,509136546,11514974,"[11513918, 11514974, 11516030]"
70,3238,meta-llama/Llama-3.1-8B,520,4,3000000000,3543681468,543681468,37406,509136546,11514974,"[11513918, 11514974, 11516030]"
70,3382,meta-llama/Llama-3.1-8B,520,4,3000000000,3543681468,543681468,37406,509136546,11514974,"[11513918, 11514974, 11516030]"
70,3526,meta-llama/Llama-3.1-8B,520,4,3000000000,3543681468,543681468,37406,509136546,11514974,"[11513918, 11514974, 11516030]"
70,3670,meta-llama/Llama-3.1-8B,520,4,3000000000,3543681468,543681468,37406,509136546,11514974,"[11513918, 11514974, 11516030]"
70,3814,meta-llama/Llama-3.1-8B,520,4,3000000000,3543681468,543681468,37406,509136546,11514974,"[11513918, 11514974, 11516030]"
70,3958,meta-llama/Llama-3.1-8B,520,4,3000000000,3543681468,543681468,37406,509136546,11514974,"[11513918, 11514974, 11516030]"
70,4102,meta-llama/Llama-3.1-8B,520,4,3000000000,4044920844,1044920844,543681468,1010375922,11514974,"[11513918, 11514974, 11516030]"
70,4246,meta-llama/Llama-3.1-8B,520,4,3000000000,4044920844,1044920844,543681468,1010375922,11514974,"[11513918, 11514974, 11516030]"
70,4390,meta-llama/Llama-3.1-8B,520,4,3000000000,4044920844,1044920844,543681468,1010375922,11514974,"[11513918, 11514974, 11516030]"
70,4534,meta-llama/Llama-3.1-8B,520,4,3000000000,4044920844,1044920844,543681468,1010375922,11514974,"[11513918, 11514974, 11516030]"
70,4678,meta-llama/Llama-3.1-8B,520,4,3000000000,4044920844,1044920844,543681468,1010375922,11514974,"[11513918, 11514974, 11516030]"
70,4822,meta-llama/Llama-3.1-8B,520,4,3000000000,4044920844,1044920844,543681468,1010375922,11514974,"[11513918, 11514974, 11516030]"
70,4966,meta-llama/Llama-3.1-8B,520,4,3000000000,4044920844,1044920844,543681468,1010375922,11514974,"[11513918, 11514974, 11516030]"
70,5110,meta-llama/Llama-3.1-8B,520,4,3000000000,4044920844,1044920844,543681468,1010375922,11514974,"[11513918, 11514974, 11516030]"
70,5254,meta-llama/Llama-3.1-8B,520,4,3000000000,4543571472,1543571472,1044920844,1509728733,11280913,"[11280401, 11280913, 11281425]"
70,5398,meta-llama/Llama-3.1-8B,520,4,3000000000,4543571472,1543571472,1044920844,1509728733,11280913,"[11280401, 11280913, 11281425]"
70,5542,meta-llama/Llama-3.1-8B,520,4,3000000000,4543571472,1543571472,1044920844,1509728733,11280913,"[11280401, 11280913, 11281425]"
70,5686,meta-llama/Llama-3.1-8B,520,4,3000000000,4543571472,1543571472,1044920844,1509728733,11280913,"[11280401, 11280913, 11281425]"
71,71,meta-llama/Llama-3.1-8B,512,4,0,265414618,265414618,1,120753846,48220257,"[121233056, 11771194, 11656522]"
71,215,meta-llama/Llama-3.1-8B,512,4,0,265414618,265414618,1,120753846,48220257,"[121233056, 11771194, 11656522]"
71,359,meta-llama/Llama-3.1-8B,512,4,0,265414618,265414618,1,120753846,48220257,"[121233056, 11771194, 11656522]"
71,503,meta-llama/Llama-3.1-8B,512,4,0,265414618,265414618,1,120753846,48220257,"[121233056, 11771194, 11656522]"
71,647,meta-llama/Llama-3.1-8B,512,4,0,386359723,386359723,120753846,241986902,48124273,"[11771194, 11656522, 120945105]"
71,791,meta-llama/Llama-3.1-8B,512,4,0,386359723,386359723,120753846,241986902,48124273,"[11771194, 11656522, 120945105]"
71,935,meta-llama/Llama-3.1-8B,512,4,0,386359723,386359723,120753846,241986902,48124273,"[11771194, 11656522, 120945105]"
71,1079,meta-llama/Llama-3.1-8B,512,4,0,482986531,482986531,241986902,253758096,76409478,"[11656522, 120945105, 96626808]"
71,1223,meta-llama/Llama-3.1-8B,512,4,0,530031051,530031051,265414618,386359723,47890442,"[96626808, 34916137, 12128383]"
71,1367,meta-llama/Llama-3.1-8B,512,4,0,530031051,530031051,265414618,386359723,47890442,"[96626808, 34916137, 12128383]"
71,1511,meta-llama/Llama-3.1-8B,512,4,0,530031051,530031051,265414618,386359723,47890442,"[96626808, 34916137, 12128383]"
71,1655,meta-llama/Llama-3.1-8B,512,4,0,625533802,625533802,386359723,482986531,47515757,"[34916137, 12128383, 95502751]"
71,1799,meta-llama/Llama-3.1-8B,512,4,0,625533802,625533802,386359723,482986531,47515757,"[34916137, 12128383, 95502751]"
71,1943,meta-llama/Llama-3.1-8B,512,4,0,625533802,625533802,386359723,482986531,47515757,"[34916137, 12128383, 95502751]"
71,2087,meta-llama/Llama-3.1-8B,512,4,0,625533802,625533802,386359723,482986531,47515757,"[34916137, 12128383, 95502751]"
71,2231,meta-llama/Llama-3.1-8B,512,4,0,656128365,656128365,482986531,517902668,46075232,"[12128383, 95502751, 30594563]"
71,2375,meta-llama/Llama-3.1-8B,512,4,0,678746317,678746317,530031051,625533802,17737505,"[30594563, 11314297, 11303655]"
71,2519,meta-llama/Llama-3.1-8B,512,4,0,678746317,678746317,530031051,625533802,17737505,"[30594563, 11314297, 11303655]"
71,2663,meta-llama/Llama-3.1-8B,512,4,0,678746317,678746317,530031051,625533802,17737505,"[30594563, 11314297, 11303655]"
71,2807,meta-llama/Llama-3.1-8B,512,4,0,690037406,690037406,625533802,656128365,11303013,"[11314297, 11303655, 11291089]"
71,2951,meta-llama/Llama-3.1-8B,520,4,3000000000,3550643126,550643126,37406,516098204,11514974,"[11513918, 11514974, 11516030]"
71,3095,meta-llama/Llama-3.1-8B,520,4,3000000000,3550643126,550643126,37406,516098204,11514974,"[11513918, 11514974, 11516030]"
71,3239,meta-llama/Llama-3.1-8B,520,4,3000000000,3550643126,550643126,37406,516098204,11514974,"[11513918, 11514974, 11516030]"
71,3383,meta-llama/Llama-3.1-8B,520,4,3000000000,3550643126,550643126,37406,516098204,11514974,"[11513918, 11514974, 11516030]"
71,3527,meta-llama/Llama-3.1-8B,520,4,3000000000,3550643126,550643126,37406,516098204,11514974,"[11513918, 11514974, 11516030]"
71,3671,meta-llama/Llama-3.1-8B,520,4,3000000000,3550643126,550643126,37406,516098204,11514974,"[11513918, 11514974, 11516030]"
71,3815,meta-llama/Llama-3.1-8B,520,4,3000000000,3550643126,550643126,37406,516098204,11514974,"[11513918, 11514974, 11516030]"
71,3959,meta-llama/Llama-3.1-8B,520,4,3000000000,3550643126,550643126,37406,516098204,11514974,"[11513918, 11514974, 11516030]"
71,4103,meta-llama/Llama-3.1-8B,520,4,3000000000,4051882502,1051882502,550643126,1017337580,11514974,"[11513918, 11514974, 11516030]"
71,4247,meta-llama/Llama-3.1-8B,520,4,3000000000,4051882502,1051882502,550643126,1017337580,11514974,"[11513918, 11514974, 11516030]"
71,4391,meta-llama/Llama-3.1-8B,520,4,3000000000,4051882502,1051882502,550643126,1017337580,11514974,"[11513918, 11514974, 11516030]"
71,4535,meta-llama/Llama-3.1-8B,520,4,3000000000,4051882502,1051882502,550643126,1017337580,11514974,"[11513918, 11514974, 11516030]"
71,4679,meta-llama/Llama-3.1-8B,520,4,3000000000,4051882502,1051882502,550643126,1017337580,11514974,"[11513918, 11514974, 11516030]"
71,4823,meta-llama/Llama-3.1-8B,520,4,3000000000,4051882502,1051882502,550643126,1017337580,11514974,"[11513918, 11514974, 11516030]"
71,4967,meta-llama/Llama-3.1-8B,520,4,3000000000,4051882502,1051882502,550643126,1017337580,11514974,"[11513918, 11514974, 11516030]"
71,5111,meta-llama/Llama-3.1-8B,520,4,3000000000,4051882502,1051882502,550643126,1017337580,11514974,"[11513918, 11514974, 11516030]"
71,5255,meta-llama/Llama-3.1-8B,520,4,3000000000,4550533130,1550533130,1051882502,1516690391,11280913,"[11280401, 11280913, 11281425]"
71,5399,meta-llama/Llama-3.1-8B,520,4,3000000000,4550533130,1550533130,1051882502,1516690391,11280913,"[11280401, 11280913, 11281425]"
71,5543,meta-llama/Llama-3.1-8B,520,4,3000000000,4550533130,1550533130,1051882502,1516690391,11280913,"[11280401, 11280913, 11281425]"
71,5687,meta-llama/Llama-3.1-8B,520,4,3000000000,4550533130,1550533130,1051882502,1516690391,11280913,"[11280401, 11280913, 11281425]"
72,72,meta-llama/Llama-3.1-8B,512,4,0,265125899,265125899,1,83446470,60559809,"[121233056, 48869519, 11576854]"
72,216,meta-llama/Llama-3.1-8B,512,4,0,265125899,265125899,1,83446470,60559809,"[121233056, 48869519, 11576854]"
72,360,meta-llama/Llama-3.1-8B,512,4,0,265125899,265125899,1,83446470,60559809,"[121233056, 48869519, 11576854]"
72,504,meta-llama/Llama-3.1-8B,512,4,0,265125899,265125899,1,83446470,60559809,"[121233056, 48869519, 11576854]"
72,648,meta-llama/Llama-3.1-8B,512,4,0,349052347,349052347,83446470,204679526,48124273,"[48869519, 11576854, 83926448]"
72,792,meta-llama/Llama-3.1-8B,512,4,0,349052347,349052347,83446470,204679526,48124273,"[48869519, 11576854, 83926448]"
72,936,meta-llama/Llama-3.1-8B,512,4,0,349052347,349052347,83446470,204679526,48124273,"[48869519, 11576854, 83926448]"
72,1080,meta-llama/Llama-3.1-8B,512,4,0,454858177,454858177,204679526,253549045,67103044,"[11576854, 83926448, 105805830]"
72,1224,meta-llama/Llama-3.1-8B,512,4,0,529408938,529408938,265125899,349052347,60118863,"[105805830, 53583812, 20966949]"
72,1368,meta-llama/Llama-3.1-8B,512,4,0,529408938,529408938,265125899,349052347,60118863,"[105805830, 53583812, 20966949]"
72,1512,meta-llama/Llama-3.1-8B,512,4,0,529408938,529408938,265125899,349052347,60118863,"[105805830, 53583812, 20966949]"
72,1656,meta-llama/Llama-3.1-8B,512,4,0,596703119,596703119,349052347,454858177,47281647,"[53583812, 20966949, 67294181]"
72,1800,meta-llama/Llama-3.1-8B,512,4,0,596703119,596703119,349052347,454858177,47281647,"[53583812, 20966949, 67294181]"
72,1944,meta-llama/Llama-3.1-8B,512,4,0,596703119,596703119,349052347,454858177,47281647,"[53583812, 20966949, 67294181]"
72,2088,meta-llama/Llama-3.1-8B,512,4,0,596703119,596703119,349052347,454858177,47281647,"[53583812, 20966949, 67294181]"
72,2232,meta-llama/Llama-3.1-8B,512,4,0,626675614,626675614,454858177,508441989,39411208,"[20966949, 67294181, 29972495]"
72,2376,meta-llama/Llama-3.1-8B,512,4,0,650012135,650012135,529408938,596703119,17769672,"[29972495, 12058558, 11277963]"
72,2520,meta-llama/Llama-3.1-8B,512,4,0,650012135,650012135,529408938,596703119,17769672,"[29972495, 12058558, 11277963]"
72,2664,meta-llama/Llama-3.1-8B,512,4,0,650012135,650012135,529408938,596703119,17769672,"[29972495, 12058558, 11277963]"
72,2808,meta-llama/Llama-3.1-8B,512,4,0,661298354,661298354,596703119,626675614,11540913,"[12058558, 11277963, 11286219]"
72,2952,meta-llama/Llama-3.1-8B,520,4,3000000000,3056365408,56365408,37406,21820486,11514974,"[11513918, 11514974, 11516030]"
72,3096,meta-llama/Llama-3.1-8B,520,4,3000000000,3056365408,56365408,37406,21820486,11514974,"[11513918, 11514974, 11516030]"
72,3240,meta-llama/Llama-3.1-8B,520,4,3000000000,3056365408,56365408,37406,21820486,11514974,"[11513918, 11514974, 11516030]"
72,3384,meta-llama/Llama-3.1-8B,520,4,3000000000,3056365408,56365408,37406,21820486,11514974,"[11513918, 11514974, 11516030]"
72,3528,meta-llama/Llama-3.1-8B,520,4,3000000000,3056365408,56365408,37406,21820486,11514974,"[11513918, 11514974, 11516030]"
72,3672,meta-llama/Llama-3.1-8B,520,4,3000000000,3056365408,56365408,37406,21820486,11514974,"[11513918, 11514974, 11516030]"
72,3816,meta-llama/Llama-3.1-8B,520,4,3000000000,3056365408,56365408,37406,21820486,11514974,"[11513918, 11514974, 11516030]"
72,3960,meta-llama/Llama-3.1-8B,520,4,3000000000,3056365408,56365408,37406,21820486,11514974,"[11513918, 11514974, 11516030]"
72,4104,meta-llama/Llama-3.1-8B,520,4,3000000000,3557604784,557604784,56365408,523059862,11514974,"[11513918, 11514974, 11516030]"
72,4248,meta-llama/Llama-3.1-8B,520,4,3000000000,3557604784,557604784,56365408,523059862,11514974,"[11513918, 11514974, 11516030]"
72,4392,meta-llama/Llama-3.1-8B,520,4,3000000000,3557604784,557604784,56365408,523059862,11514974,"[11513918, 11514974, 11516030]"
72,4536,meta-llama/Llama-3.1-8B,520,4,3000000000,3557604784,557604784,56365408,523059862,11514974,"[11513918, 11514974, 11516030]"
72,4680,meta-llama/Llama-3.1-8B,520,4,3000000000,3557604784,557604784,56365408,523059862,11514974,"[11513918, 11514974, 11516030]"
72,4824,meta-llama/Llama-3.1-8B,520,4,3000000000,3557604784,557604784,56365408,523059862,11514974,"[11513918, 11514974, 11516030]"
72,4968,meta-llama/Llama-3.1-8B,520,4,3000000000,3557604784,557604784,56365408,523059862,11514974,"[11513918, 11514974, 11516030]"
72,5112,meta-llama/Llama-3.1-8B,520,4,3000000000,3557604784,557604784,56365408,523059862,11514974,"[11513918, 11514974, 11516030]"
72,5256,meta-llama/Llama-3.1-8B,520,4,3000000000,4056255412,1056255412,557604784,1022412673,11280913,"[11280401, 11280913, 11281425]"
72,5400,meta-llama/Llama-3.1-8B,520,4,3000000000,4056255412,1056255412,557604784,1022412673,11280913,"[11280401, 11280913, 11281425]"
72,5544,meta-llama/Llama-3.1-8B,520,4,3000000000,4056255412,1056255412,557604784,1022412673,11280913,"[11280401, 11280913, 11281425]"
72,5688,meta-llama/Llama-3.1-8B,520,4,3000000000,4056255412,1056255412,557604784,1022412673,11280913,"[11280401, 11280913, 11281425]"
73,73,meta-llama/Llama-3.1-8B,512,4,0,265199544,265199544,1,83971926,60409206,"[121233056, 48347004, 11647558]"
73,217,meta-llama/Llama-3.1-8B,512,4,0,265199544,265199544,1,83971926,60409206,"[121233056, 48347004, 11647558]"
73,361,meta-llama/Llama-3.1-8B,512,4,0,265199544,265199544,1,83971926,60409206,"[121233056, 48347004, 11647558]"
73,505,meta-llama/Llama-3.1-8B,512,4,0,265199544,265199544,1,83971926,60409206,"[121233056, 48347004, 11647558]"
73,649,meta-llama/Llama-3.1-8B,512,4,0,349577803,349577803,83971926,205204982,48124273,"[48347004, 11647558, 84378259]"
73,793,meta-llama/Llama-3.1-8B,512,4,0,349577803,349577803,83971926,205204982,48124273,"[48347004, 11647558, 84378259]"
73,937,meta-llama/Llama-3.1-8B,512,4,0,349577803,349577803,83971926,205204982,48124273,"[48347004, 11647558, 84378259]"
73,1081,meta-llama/Llama-3.1-8B,512,4,0,455254351,455254351,205204982,253551986,67234121,"[11647558, 84378259, 105676548]"
73,1225,meta-llama/Llama-3.1-8B,512,4,0,529411110,529411110,265199544,349577803,59944435,"[105676548, 53320887, 20835872]"
73,1369,meta-llama/Llama-3.1-8B,512,4,0,529411110,529411110,265199544,349577803,59944435,"[105676548, 53320887, 20835872]"
73,1513,meta-llama/Llama-3.1-8B,512,4,0,529411110,529411110,265199544,349577803,59944435,"[105676548, 53320887, 20835872]"
73,1657,meta-llama/Llama-3.1-8B,512,4,0,597098523,597098523,349577803,455254351,47281390,"[53320887, 20835872, 67687413]"
73,1801,meta-llama/Llama-3.1-8B,512,4,0,597098523,597098523,349577803,455254351,47281390,"[53320887, 20835872, 67687413]"
73,1945,meta-llama/Llama-3.1-8B,512,4,0,597098523,597098523,349577803,455254351,47281390,"[53320887, 20835872, 67687413]"
73,2089,meta-llama/Llama-3.1-8B,512,4,0,597098523,597098523,349577803,455254351,47281390,"[53320887, 20835872, 67687413]"
73,2233,meta-llama/Llama-3.1-8B,512,4,0,626864168,626864168,455254351,508575238,39429643,"[20835872, 67687413, 29765645]"
73,2377,meta-llama/Llama-3.1-8B,512,4,0,650013281,650013281,529411110,597098523,17638252,"[29765645, 11871150, 11277963]"
73,2521,meta-llama/Llama-3.1-8B,512,4,0,650013281,650013281,529411110,597098523,17638252,"[29765645, 11871150, 11277963]"
73,2665,meta-llama/Llama-3.1-8B,512,4,0,650013281,650013281,529411110,597098523,17638252,"[29765645, 11871150, 11277963]"
73,2809,meta-llama/Llama-3.1-8B,512,4,0,661298730,661298730,597098523,626864168,11478187,"[11871150, 11277963, 11285449]"
73,2953,meta-llama/Llama-3.1-8B,520,4,3000000000,3063327066,63327066,37406,28782144,11514974,"[11513918, 11514974, 11516030]"
73,3097,meta-llama/Llama-3.1-8B,520,4,3000000000,3063327066,63327066,37406,28782144,11514974,"[11513918, 11514974, 11516030]"
73,3241,meta-llama/Llama-3.1-8B,520,4,3000000000,3063327066,63327066,37406,28782144,11514974,"[11513918, 11514974, 11516030]"
73,3385,meta-llama/Llama-3.1-8B,520,4,3000000000,3063327066,63327066,37406,28782144,11514974,"[11513918, 11514974, 11516030]"
73,3529,meta-llama/Llama-3.1-8B,520,4,3000000000,3063327066,63327066,37406,28782144,11514974,"[11513918, 11514974, 11516030]"
73,3673,meta-llama/Llama-3.1-8B,520,4,3000000000,3063327066,63327066,37406,28782144,11514974,"[11513918, 11514974, 11516030]"
73,3817,meta-llama/Llama-3.1-8B,520,4,3000000000,3063327066,63327066,37406,28782144,11514974,"[11513918, 11514974, 11516030]"
73,3961,meta-llama/Llama-3.1-8B,520,4,3000000000,3063327066,63327066,37406,28782144,11514974,"[11513918, 11514974, 11516030]"
73,4105,meta-llama/Llama-3.1-8B,520,4,3000000000,3564566442,564566442,63327066,530021520,11514974,"[11513918, 11514974, 11516030]"
73,4249,meta-llama/Llama-3.1-8B,520,4,3000000000,3564566442,564566442,63327066,530021520,11514974,"[11513918, 11514974, 11516030]"
73,4393,meta-llama/Llama-3.1-8B,520,4,3000000000,3564566442,564566442,63327066,530021520,11514974,"[11513918, 11514974, 11516030]"
73,4537,meta-llama/Llama-3.1-8B,520,4,3000000000,3564566442,564566442,63327066,530021520,11514974,"[11513918, 11514974, 11516030]"
73,4681,meta-llama/Llama-3.1-8B,520,4,3000000000,3564566442,564566442,63327066,530021520,11514974,"[11513918, 11514974, 11516030]"
73,4825,meta-llama/Llama-3.1-8B,520,4,3000000000,3564566442,564566442,63327066,530021520,11514974,"[11513918, 11514974, 11516030]"
73,4969,meta-llama/Llama-3.1-8B,520,4,3000000000,3564566442,564566442,63327066,530021520,11514974,"[11513918, 11514974, 11516030]"
73,5113,meta-llama/Llama-3.1-8B,520,4,3000000000,3564566442,564566442,63327066,530021520,11514974,"[11513918, 11514974, 11516030]"
73,5257,meta-llama/Llama-3.1-8B,520,4,3000000000,4063217070,1063217070,564566442,1029374331,11280913,"[11280401, 11280913, 11281425]"
73,5401,meta-llama/Llama-3.1-8B,520,4,3000000000,4063217070,1063217070,564566442,1029374331,11280913,"[11280401, 11280913, 11281425]"
73,5545,meta-llama/Llama-3.1-8B,520,4,3000000000,4063217070,1063217070,564566442,1029374331,11280913,"[11280401, 11280913, 11281425]"
73,5689,meta-llama/Llama-3.1-8B,520,4,3000000000,4063217070,1063217070,564566442,1029374331,11280913,"[11280401, 11280913, 11281425]"
74,74,meta-llama/Llama-3.1-8B,512,4,0,265264366,265264366,1,84497382,60255661,"[121233056, 47824489, 11709439]"
74,218,meta-llama/Llama-3.1-8B,512,4,0,265264366,265264366,1,84497382,60255661,"[121233056, 47824489, 11709439]"
74,362,meta-llama/Llama-3.1-8B,512,4,0,265264366,265264366,1,84497382,60255661,"[121233056, 47824489, 11709439]"
74,506,meta-llama/Llama-3.1-8B,512,4,0,265264366,265264366,1,84497382,60255661,"[121233056, 47824489, 11709439]"
74,650,meta-llama/Llama-3.1-8B,512,4,0,350103259,350103259,84497382,205730438,48124273,"[47824489, 11709439, 84838893]"
74,794,meta-llama/Llama-3.1-8B,512,4,0,350103259,350103259,84497382,205730438,48124273,"[47824489, 11709439, 84838893]"
74,938,meta-llama/Llama-3.1-8B,512,4,0,350103259,350103259,84497382,205730438,48124273,"[47824489, 11709439, 84838893]"
74,1082,meta-llama/Llama-3.1-8B,512,4,0,455650525,455650525,205730438,253554927,67365199,"[11709439, 84838893, 105547266]"
74,1226,meta-llama/Llama-3.1-8B,512,4,0,529413282,529413282,265264366,350103259,59770007,"[105547266, 53057962, 20704795]"
74,1370,meta-llama/Llama-3.1-8B,512,4,0,529413282,529413282,265264366,350103259,59770007,"[105547266, 53057962, 20704795]"
74,1514,meta-llama/Llama-3.1-8B,512,4,0,529413282,529413282,265264366,350103259,59770007,"[105547266, 53057962, 20704795]"
74,1658,meta-llama/Llama-3.1-8B,512,4,0,597493927,597493927,350103259,455650525,47281134,"[53057962, 20704795, 68080645]"
74,1802,meta-llama/Llama-3.1-8B,512,4,0,597493927,597493927,350103259,455650525,47281134,"[53057962, 20704795, 68080645]"
74,1946,meta-llama/Llama-3.1-8B,512,4,0,597493927,597493927,350103259,455650525,47281134,"[53057962, 20704795, 68080645]"
74,2090,meta-llama/Llama-3.1-8B,512,4,0,597493927,597493927,350103259,455650525,47281134,"[53057962, 20704795, 68080645]"
74,2234,meta-llama/Llama-3.1-8B,512,4,0,627052722,627052722,455650525,508708487,39448078,"[20704795, 68080645, 29558795]"
74,2378,meta-llama/Llama-3.1-8B,512,4,0,650423835,650423835,529413282,597493927,17643302,"[29558795, 11857768, 11513345]"
74,2522,meta-llama/Llama-3.1-8B,512,4,0,650423835,650423835,529413282,597493927,17643302,"[29558795, 11857768, 11513345]"
74,2666,meta-llama/Llama-3.1-8B,512,4,0,650423835,650423835,529413282,597493927,17643302,"[29558795, 11857768, 11513345]"
74,2810,meta-llama/Llama-3.1-8B,512,4,0,662772546,662772546,597493927,627052722,11906608,"[11857768, 11513345, 12348711]"
74,2954,meta-llama/Llama-3.1-8B,520,4,3000000000,3070288724,70288724,37406,35743802,11514974,"[11513918, 11514974, 11516030]"
74,3098,meta-llama/Llama-3.1-8B,520,4,3000000000,3070288724,70288724,37406,35743802,11514974,"[11513918, 11514974, 11516030]"
74,3242,meta-llama/Llama-3.1-8B,520,4,3000000000,3070288724,70288724,37406,35743802,11514974,"[11513918, 11514974, 11516030]"
74,3386,meta-llama/Llama-3.1-8B,520,4,3000000000,3070288724,70288724,37406,35743802,11514974,"[11513918, 11514974, 11516030]"
74,3530,meta-llama/Llama-3.1-8B,520,4,3000000000,3070288724,70288724,37406,35743802,11514974,"[11513918, 11514974, 11516030]"
74,3674,meta-llama/Llama-3.1-8B,520,4,3000000000,3070288724,70288724,37406,35743802,11514974,"[11513918, 11514974, 11516030]"
74,3818,meta-llama/Llama-3.1-8B,520,4,3000000000,3070288724,70288724,37406,35743802,11514974,"[11513918, 11514974, 11516030]"
74,3962,meta-llama/Llama-3.1-8B,520,4,3000000000,3070288724,70288724,37406,35743802,11514974,"[11513918, 11514974, 11516030]"
74,4106,meta-llama/Llama-3.1-8B,520,4,3000000000,3571528100,571528100,70288724,536983178,11514974,"[11513918, 11514974, 11516030]"
74,4250,meta-llama/Llama-3.1-8B,520,4,3000000000,3571528100,571528100,70288724,536983178,11514974,"[11513918, 11514974, 11516030]"
74,4394,meta-llama/Llama-3.1-8B,520,4,3000000000,3571528100,571528100,70288724,536983178,11514974,"[11513918, 11514974, 11516030]"
74,4538,meta-llama/Llama-3.1-8B,520,4,3000000000,3571528100,571528100,70288724,536983178,11514974,"[11513918, 11514974, 11516030]"
74,4682,meta-llama/Llama-3.1-8B,520,4,3000000000,3571528100,571528100,70288724,536983178,11514974,"[11513918, 11514974, 11516030]"
74,4826,meta-llama/Llama-3.1-8B,520,4,3000000000,3571528100,571528100,70288724,536983178,11514974,"[11513918, 11514974, 11516030]"
74,4970,meta-llama/Llama-3.1-8B,520,4,3000000000,3571528100,571528100,70288724,536983178,11514974,"[11513918, 11514974, 11516030]"
74,5114,meta-llama/Llama-3.1-8B,520,4,3000000000,3571528100,571528100,70288724,536983178,11514974,"[11513918, 11514974, 11516030]"
74,5258,meta-llama/Llama-3.1-8B,520,4,3000000000,4070178728,1070178728,571528100,1036335989,11280913,"[11280401, 11280913, 11281425]"
74,5402,meta-llama/Llama-3.1-8B,520,4,3000000000,4070178728,1070178728,571528100,1036335989,11280913,"[11280401, 11280913, 11281425]"
74,5546,meta-llama/Llama-3.1-8B,520,4,3000000000,4070178728,1070178728,571528100,1036335989,11280913,"[11280401, 11280913, 11281425]"
74,5690,meta-llama/Llama-3.1-8B,520,4,3000000000,4070178728,1070178728,571528100,1036335989,11280913,"[11280401, 11280913, 11281425]"
75,75,meta-llama/Llama-3.1-8B,512,4,0,265266538,265266538,1,85022838,60081233,"[121233056, 47301974, 11708670]"
75,219,meta-llama/Llama-3.1-8B,512,4,0,265266538,265266538,1,85022838,60081233,"[121233056, 47301974, 11708670]"
75,363,meta-llama/Llama-3.1-8B,512,4,0,265266538,265266538,1,85022838,60081233,"[121233056, 47301974, 11708670]"
75,507,meta-llama/Llama-3.1-8B,512,4,0,265266538,265266538,1,85022838,60081233,"[121233056, 47301974, 11708670]"
75,651,meta-llama/Llama-3.1-8B,512,4,0,350628715,350628715,85022838,206255894,48124273,"[47301974, 11708670, 85362177]"
75,795,meta-llama/Llama-3.1-8B,512,4,0,350628715,350628715,85022838,206255894,48124273,"[47301974, 11708670, 85362177]"
75,939,meta-llama/Llama-3.1-8B,512,4,0,350628715,350628715,85022838,206255894,48124273,"[47301974, 11708670, 85362177]"
75,1083,meta-llama/Llama-3.1-8B,512,4,0,456046699,456046699,206255894,253557868,67496277,"[11708670, 85362177, 105417984]"
75,1227,meta-llama/Llama-3.1-8B,512,4,0,529415454,529415454,265266538,350628715,59595579,"[105417984, 52795037, 20573718]"
75,1371,meta-llama/Llama-3.1-8B,512,4,0,529415454,529415454,265266538,350628715,59595579,"[105417984, 52795037, 20573718]"
75,1515,meta-llama/Llama-3.1-8B,512,4,0,529415454,529415454,265266538,350628715,59595579,"[105417984, 52795037, 20573718]"
75,1659,meta-llama/Llama-3.1-8B,512,4,0,597917368,597917368,350628715,456046699,47290223,"[52795037, 20573718, 68501914]"
75,1803,meta-llama/Llama-3.1-8B,512,4,0,597917368,597917368,350628715,456046699,47290223,"[52795037, 20573718, 68501914]"
75,1947,meta-llama/Llama-3.1-8B,512,4,0,597917368,597917368,350628715,456046699,47290223,"[52795037, 20573718, 68501914]"
75,2091,meta-llama/Llama-3.1-8B,512,4,0,597917368,597917368,350628715,456046699,47290223,"[52795037, 20573718, 68501914]"
75,2235,meta-llama/Llama-3.1-8B,512,4,0,627269313,627269313,456046699,508841736,39475859,"[20573718, 68501914, 29351945]"
75,2379,meta-llama/Llama-3.1-8B,512,4,0,650424981,650424981,529415454,597917368,17502537,"[29351945, 11642323, 11513345]"
75,2523,meta-llama/Llama-3.1-8B,512,4,0,650424981,650424981,529415454,597917368,17502537,"[29351945, 11642323, 11513345]"
75,2667,meta-llama/Llama-3.1-8B,512,4,0,650424981,650424981,529415454,597917368,17502537,"[29351945, 11642323, 11513345]"
75,2811,meta-llama/Llama-3.1-8B,512,4,0,662772922,662772922,597917368,627269313,11834536,"[11642323, 11513345, 12347941]"
75,2955,meta-llama/Llama-3.1-8B,520,4,3000000000,3077250382,77250382,37406,42705460,11514974,"[11513918, 11514974, 11516030]"
75,3099,meta-llama/Llama-3.1-8B,520,4,3000000000,3077250382,77250382,37406,42705460,11514974,"[11513918, 11514974, 11516030]"
75,3243,meta-llama/Llama-3.1-8B,520,4,3000000000,3077250382,77250382,37406,42705460,11514974,"[11513918, 11514974, 11516030]"
75,3387,meta-llama/Llama-3.1-8B,520,4,3000000000,3077250382,77250382,37406,42705460,11514974,"[11513918, 11514974, 11516030]"
75,3531,meta-llama/Llama-3.1-8B,520,4,3000000000,3077250382,77250382,37406,42705460,11514974,"[11513918, 11514974, 11516030]"
75,3675,meta-llama/Llama-3.1-8B,520,4,3000000000,3077250382,77250382,37406,42705460,11514974,"[11513918, 11514974, 11516030]"
75,3819,meta-llama/Llama-3.1-8B,520,4,3000000000,3077250382,77250382,37406,42705460,11514974,"[11513918, 11514974, 11516030]"
75,3963,meta-llama/Llama-3.1-8B,520,4,3000000000,3077250382,77250382,37406,42705460,11514974,"[11513918, 11514974, 11516030]"
75,4107,meta-llama/Llama-3.1-8B,520,4,3000000000,3578489758,578489758,77250382,543944836,11514974,"[11513918, 11514974, 11516030]"
75,4251,meta-llama/Llama-3.1-8B,520,4,3000000000,3578489758,578489758,77250382,543944836,11514974,"[11513918, 11514974, 11516030]"
75,4395,meta-llama/Llama-3.1-8B,520,4,3000000000,3578489758,578489758,77250382,543944836,11514974,"[11513918, 11514974, 11516030]"
75,4539,meta-llama/Llama-3.1-8B,520,4,3000000000,3578489758,578489758,77250382,543944836,11514974,"[11513918, 11514974, 11516030]"
75,4683,meta-llama/Llama-3.1-8B,520,4,3000000000,3578489758,578489758,77250382,543944836,11514974,"[11513918, 11514974, 11516030]"
75,4827,meta-llama/Llama-3.1-8B,520,4,3000000000,3578489758,578489758,77250382,543944836,11514974,"[11513918, 11514974, 11516030]"
75,4971,meta-llama/Llama-3.1-8B,520,4,3000000000,3578489758,578489758,77250382,543944836,11514974,"[11513918, 11514974, 11516030]"
75,5115,meta-llama/Llama-3.1-8B,520,4,3000000000,3578489758,578489758,77250382,543944836,11514974,"[11513918, 11514974, 11516030]"
75,5259,meta-llama/Llama-3.1-8B,520,4,3000000000,4077140386,1077140386,578489758,1043297647,11280913,"[11280401, 11280913, 11281425]"
75,5403,meta-llama/Llama-3.1-8B,520,4,3000000000,4077140386,1077140386,578489758,1043297647,11280913,"[11280401, 11280913, 11281425]"
75,5547,meta-llama/Llama-3.1-8B,520,4,3000000000,4077140386,1077140386,578489758,1043297647,11280913,"[11280401, 11280913, 11281425]"
75,5691,meta-llama/Llama-3.1-8B,520,4,3000000000,4077140386,1077140386,578489758,1043297647,11280913,"[11280401, 11280913, 11281425]"
76,76,meta-llama/Llama-3.1-8B,512,4,0,265268710,265268710,1,85548294,59906805,"[121233056, 46779459, 11707901]"
76,220,meta-llama/Llama-3.1-8B,512,4,0,265268710,265268710,1,85548294,59906805,"[121233056, 46779459, 11707901]"
76,364,meta-llama/Llama-3.1-8B,512,4,0,265268710,265268710,1,85548294,59906805,"[121233056, 46779459, 11707901]"
76,508,meta-llama/Llama-3.1-8B,512,4,0,265268710,265268710,1,85548294,59906805,"[121233056, 46779459, 11707901]"
76,652,meta-llama/Llama-3.1-8B,512,4,0,351154171,351154171,85548294,206781350,48124273,"[46779459, 11707901, 85885461]"
76,796,meta-llama/Llama-3.1-8B,512,4,0,351154171,351154171,85548294,206781350,48124273,"[46779459, 11707901, 85885461]"
76,940,meta-llama/Llama-3.1-8B,512,4,0,351154171,351154171,85548294,206781350,48124273,"[46779459, 11707901, 85885461]"
76,1084,meta-llama/Llama-3.1-8B,512,4,0,456442873,456442873,206781350,253560809,67627354,"[11707901, 85885461, 105288702]"
76,1228,meta-llama/Llama-3.1-8B,512,4,0,529417626,529417626,265268710,351154171,59421151,"[105288702, 52532112, 20442641]"
76,1372,meta-llama/Llama-3.1-8B,512,4,0,529417626,529417626,265268710,351154171,59421151,"[105288702, 52532112, 20442641]"
76,1516,meta-llama/Llama-3.1-8B,512,4,0,529417626,529417626,265268710,351154171,59421151,"[105288702, 52532112, 20442641]"
76,1660,meta-llama/Llama-3.1-8B,512,4,0,598312772,598312772,351154171,456442873,47289966,"[52532112, 20442641, 68895146]"
76,1804,meta-llama/Llama-3.1-8B,512,4,0,598312772,598312772,351154171,456442873,47289966,"[52532112, 20442641, 68895146]"
76,1948,meta-llama/Llama-3.1-8B,512,4,0,598312772,598312772,351154171,456442873,47289966,"[52532112, 20442641, 68895146]"
76,2092,meta-llama/Llama-3.1-8B,512,4,0,598312772,598312772,351154171,456442873,47289966,"[52532112, 20442641, 68895146]"
76,2236,meta-llama/Llama-3.1-8B,512,4,0,627457867,627457867,456442873,508974985,39494294,"[20442641, 68895146, 29145095]"
76,2380,meta-llama/Llama-3.1-8B,512,4,0,650426127,650426127,529417626,598312772,17371118,"[29145095, 11454915, 11513345]"
76,2524,meta-llama/Llama-3.1-8B,512,4,0,650426127,650426127,529417626,598312772,17371118,"[29145095, 11454915, 11513345]"
76,2668,meta-llama/Llama-3.1-8B,512,4,0,650426127,650426127,529417626,598312772,17371118,"[29145095, 11454915, 11513345]"
76,2812,meta-llama/Llama-3.1-8B,512,4,0,662773298,662773298,598312772,627457867,11771810,"[11454915, 11513345, 12347171]"
76,2956,meta-llama/Llama-3.1-8B,520,4,3000000000,3084212040,84212040,37406,49667118,11514974,"[11513918, 11514974, 11516030]"
76,3100,meta-llama/Llama-3.1-8B,520,4,3000000000,3084212040,84212040,37406,49667118,11514974,"[11513918, 11514974, 11516030]"
76,3244,meta-llama/Llama-3.1-8B,520,4,3000000000,3084212040,84212040,37406,49667118,11514974,"[11513918, 11514974, 11516030]"
76,3388,meta-llama/Llama-3.1-8B,520,4,3000000000,3084212040,84212040,37406,49667118,11514974,"[11513918, 11514974, 11516030]"
76,3532,meta-llama/Llama-3.1-8B,520,4,3000000000,3084212040,84212040,37406,49667118,11514974,"[11513918, 11514974, 11516030]"
76,3676,meta-llama/Llama-3.1-8B,520,4,3000000000,3084212040,84212040,37406,49667118,11514974,"[11513918, 11514974, 11516030]"
76,3820,meta-llama/Llama-3.1-8B,520,4,3000000000,3084212040,84212040,37406,49667118,11514974,"[11513918, 11514974, 11516030]"
76,3964,meta-llama/Llama-3.1-8B,520,4,3000000000,3084212040,84212040,37406,49667118,11514974,"[11513918, 11514974, 11516030]"
76,4108,meta-llama/Llama-3.1-8B,520,4,3000000000,3585451416,585451416,84212040,550906494,11514974,"[11513918, 11514974, 11516030]"
76,4252,meta-llama/Llama-3.1-8B,520,4,3000000000,3585451416,585451416,84212040,550906494,11514974,"[11513918, 11514974, 11516030]"
76,4396,meta-llama/Llama-3.1-8B,520,4,3000000000,3585451416,585451416,84212040,550906494,11514974,"[11513918, 11514974, 11516030]"
76,4540,meta-llama/Llama-3.1-8B,520,4,3000000000,3585451416,585451416,84212040,550906494,11514974,"[11513918, 11514974, 11516030]"
76,4684,meta-llama/Llama-3.1-8B,520,4,3000000000,3585451416,585451416,84212040,550906494,11514974,"[11513918, 11514974, 11516030]"
76,4828,meta-llama/Llama-3.1-8B,520,4,3000000000,3585451416,585451416,84212040,550906494,11514974,"[11513918, 11514974, 11516030]"
76,4972,meta-llama/Llama-3.1-8B,520,4,3000000000,3585451416,585451416,84212040,550906494,11514974,"[11513918, 11514974, 11516030]"
76,5116,meta-llama/Llama-3.1-8B,520,4,3000000000,3585451416,585451416,84212040,550906494,11514974,"[11513918, 11514974, 11516030]"
76,5260,meta-llama/Llama-3.1-8B,520,4,3000000000,4084102044,1084102044,585451416,1050259305,11280913,"[11280401, 11280913, 11281425]"
76,5404,meta-llama/Llama-3.1-8B,520,4,3000000000,4084102044,1084102044,585451416,1050259305,11280913,"[11280401, 11280913, 11281425]"
76,5548,meta-llama/Llama-3.1-8B,520,4,3000000000,4084102044,1084102044,585451416,1050259305,11280913,"[11280401, 11280913, 11281425]"
76,5692,meta-llama/Llama-3.1-8B,520,4,3000000000,4084102044,1084102044,585451416,1050259305,11280913,"[11280401, 11280913, 11281425]"
77,77,meta-llama/Llama-3.1-8B,512,4,0,265270882,265270882,1,86073750,59732377,"[121233056, 46256944, 11707132]"
77,221,meta-llama/Llama-3.1-8B,512,4,0,265270882,265270882,1,86073750,59732377,"[121233056, 46256944, 11707132]"
77,365,meta-llama/Llama-3.1-8B,512,4,0,265270882,265270882,1,86073750,59732377,"[121233056, 46256944, 11707132]"
77,509,meta-llama/Llama-3.1-8B,512,4,0,265270882,265270882,1,86073750,59732377,"[121233056, 46256944, 11707132]"
77,653,meta-llama/Llama-3.1-8B,512,4,0,351679627,351679627,86073750,207306806,48124273,"[46256944, 11707132, 86408745]"
77,797,meta-llama/Llama-3.1-8B,512,4,0,351679627,351679627,86073750,207306806,48124273,"[46256944, 11707132, 86408745]"
77,941,meta-llama/Llama-3.1-8B,512,4,0,351679627,351679627,86073750,207306806,48124273,"[46256944, 11707132, 86408745]"
77,1085,meta-llama/Llama-3.1-8B,512,4,0,456839047,456839047,207306806,253563750,67758432,"[11707132, 86408745, 105159420]"
77,1229,meta-llama/Llama-3.1-8B,512,4,0,529419798,529419798,265270882,351679627,59246723,"[105159420, 52269187, 20311564]"
77,1373,meta-llama/Llama-3.1-8B,512,4,0,529419798,529419798,265270882,351679627,59246723,"[105159420, 52269187, 20311564]"
77,1517,meta-llama/Llama-3.1-8B,512,4,0,529419798,529419798,265270882,351679627,59246723,"[105159420, 52269187, 20311564]"
77,1661,meta-llama/Llama-3.1-8B,512,4,0,598736213,598736213,351679627,456839047,47299055,"[52269187, 20311564, 69316415]"
77,1805,meta-llama/Llama-3.1-8B,512,4,0,598736213,598736213,351679627,456839047,47299055,"[52269187, 20311564, 69316415]"
77,1949,meta-llama/Llama-3.1-8B,512,4,0,598736213,598736213,351679627,456839047,47299055,"[52269187, 20311564, 69316415]"
77,2093,meta-llama/Llama-3.1-8B,512,4,0,598736213,598736213,351679627,456839047,47299055,"[52269187, 20311564, 69316415]"
77,2237,meta-llama/Llama-3.1-8B,512,4,0,627590587,627590587,456839047,509108234,39494117,"[20311564, 69316415, 28854374]"
77,2381,meta-llama/Llama-3.1-8B,512,4,0,650427273,650427273,529419798,598736213,17230353,"[28854374, 11323341, 11513345]"
77,2525,meta-llama/Llama-3.1-8B,512,4,0,650427273,650427273,529419798,598736213,17230353,"[28854374, 11323341, 11513345]"
77,2669,meta-llama/Llama-3.1-8B,512,4,0,650427273,650427273,529419798,598736213,17230353,"[28854374, 11323341, 11513345]"
77,2813,meta-llama/Llama-3.1-8B,512,4,0,662773674,662773674,598736213,627590587,11727695,"[11323341, 11513345, 12346401]"
77,2957,meta-llama/Llama-3.1-8B,520,4,3000000000,3091173698,91173698,37406,56628776,11514974,"[11513918, 11514974, 11516030]"
77,3101,meta-llama/Llama-3.1-8B,520,4,3000000000,3091173698,91173698,37406,56628776,11514974,"[11513918, 11514974, 11516030]"
77,3245,meta-llama/Llama-3.1-8B,520,4,3000000000,3091173698,91173698,37406,56628776,11514974,"[11513918, 11514974, 11516030]"
77,3389,meta-llama/Llama-3.1-8B,520,4,3000000000,3091173698,91173698,37406,56628776,11514974,"[11513918, 11514974, 11516030]"
77,3533,meta-llama/Llama-3.1-8B,520,4,3000000000,3091173698,91173698,37406,56628776,11514974,"[11513918, 11514974, 11516030]"
77,3677,meta-llama/Llama-3.1-8B,520,4,3000000000,3091173698,91173698,37406,56628776,11514974,"[11513918, 11514974, 11516030]"
77,3821,meta-llama/Llama-3.1-8B,520,4,3000000000,3091173698,91173698,37406,56628776,11514974,"[11513918, 11514974, 11516030]"
77,3965,meta-llama/Llama-3.1-8B,520,4,3000000000,3091173698,91173698,37406,56628776,11514974,"[11513918, 11514974, 11516030]"
77,4109,meta-llama/Llama-3.1-8B,520,4,3000000000,3592413074,592413074,91173698,557868152,11514974,"[11513918, 11514974, 11516030]"
77,4253,meta-llama/Llama-3.1-8B,520,4,3000000000,3592413074,592413074,91173698,557868152,11514974,"[11513918, 11514974, 11516030]"
77,4397,meta-llama/Llama-3.1-8B,520,4,3000000000,3592413074,592413074,91173698,557868152,11514974,"[11513918, 11514974, 11516030]"
77,4541,meta-llama/Llama-3.1-8B,520,4,3000000000,3592413074,592413074,91173698,557868152,11514974,"[11513918, 11514974, 11516030]"
77,4685,meta-llama/Llama-3.1-8B,520,4,3000000000,3592413074,592413074,91173698,557868152,11514974,"[11513918, 11514974, 11516030]"
77,4829,meta-llama/Llama-3.1-8B,520,4,3000000000,3592413074,592413074,91173698,557868152,11514974,"[11513918, 11514974, 11516030]"
77,4973,meta-llama/Llama-3.1-8B,520,4,3000000000,3592413074,592413074,91173698,557868152,11514974,"[11513918, 11514974, 11516030]"
77,5117,meta-llama/Llama-3.1-8B,520,4,3000000000,3592413074,592413074,91173698,557868152,11514974,"[11513918, 11514974, 11516030]"
77,5261,meta-llama/Llama-3.1-8B,520,4,3000000000,4091063702,1091063702,592413074,1057220963,11280913,"[11280401, 11280913, 11281425]"
77,5405,meta-llama/Llama-3.1-8B,520,4,3000000000,4091063702,1091063702,592413074,1057220963,11280913,"[11280401, 11280913, 11281425]"
77,5549,meta-llama/Llama-3.1-8B,520,4,3000000000,4091063702,1091063702,592413074,1057220963,11280913,"[11280401, 11280913, 11281425]"
77,5693,meta-llama/Llama-3.1-8B,520,4,3000000000,4091063702,1091063702,592413074,1057220963,11280913,"[11280401, 11280913, 11281425]"
78,78,meta-llama/Llama-3.1-8B,512,4,0,265273054,265273054,1,86599206,59557949,"[121233056, 45734429, 11706363]"
78,222,meta-llama/Llama-3.1-8B,512,4,0,265273054,265273054,1,86599206,59557949,"[121233056, 45734429, 11706363]"
78,366,meta-llama/Llama-3.1-8B,512,4,0,265273054,265273054,1,86599206,59557949,"[121233056, 45734429, 11706363]"
78,510,meta-llama/Llama-3.1-8B,512,4,0,265273054,265273054,1,86599206,59557949,"[121233056, 45734429, 11706363]"
78,654,meta-llama/Llama-3.1-8B,512,4,0,352205083,352205083,86599206,207832262,48124273,"[45734429, 11706363, 86932029]"
78,798,meta-llama/Llama-3.1-8B,512,4,0,352205083,352205083,86599206,207832262,48124273,"[45734429, 11706363, 86932029]"
78,942,meta-llama/Llama-3.1-8B,512,4,0,352205083,352205083,86599206,207832262,48124273,"[45734429, 11706363, 86932029]"
78,1086,meta-llama/Llama-3.1-8B,512,4,0,457235221,457235221,207832262,253566691,67889510,"[11706363, 86932029, 105030138]"
78,1230,meta-llama/Llama-3.1-8B,512,4,0,529421970,529421970,265273054,352205083,59072295,"[105030138, 52006262, 20180487]"
78,1374,meta-llama/Llama-3.1-8B,512,4,0,529421970,529421970,265273054,352205083,59072295,"[105030138, 52006262, 20180487]"
78,1518,meta-llama/Llama-3.1-8B,512,4,0,529421970,529421970,265273054,352205083,59072295,"[105030138, 52006262, 20180487]"
78,1662,meta-llama/Llama-3.1-8B,512,4,0,599131617,599131617,352205083,457235221,47298798,"[52006262, 20180487, 69709647]"
78,1806,meta-llama/Llama-3.1-8B,512,4,0,599131617,599131617,352205083,457235221,47298798,"[52006262, 20180487, 69709647]"
78,1950,meta-llama/Llama-3.1-8B,512,4,0,599131617,599131617,352205083,457235221,47298798,"[52006262, 20180487, 69709647]"
78,2094,meta-llama/Llama-3.1-8B,512,4,0,599131617,599131617,352205083,457235221,47298798,"[52006262, 20180487, 69709647]"
78,2238,meta-llama/Llama-3.1-8B,512,4,0,628348470,628348470,457235221,509241483,39702329,"[20180487, 69709647, 29216853]"
78,2382,meta-llama/Llama-3.1-8B,512,4,0,654272805,654272805,529421970,599131617,18380396,"[29216853, 11380865, 14543470]"
78,2526,meta-llama/Llama-3.1-8B,512,4,0,654272805,654272805,529421970,599131617,18380396,"[29216853, 11380865, 14543470]"
78,2670,meta-llama/Llama-3.1-8B,512,4,0,654272805,654272805,529421970,599131617,18380396,"[29216853, 11380865, 14543470]"
78,2814,meta-llama/Llama-3.1-8B,512,4,0,667448102,667448102,599131617,628348470,13033210,"[11380865, 14543470, 13175297]"
78,2958,meta-llama/Llama-3.1-8B,520,4,3000000000,3098135356,98135356,37406,63590434,11514974,"[11513918, 11514974, 11516030]"
78,3102,meta-llama/Llama-3.1-8B,520,4,3000000000,3098135356,98135356,37406,63590434,11514974,"[11513918, 11514974, 11516030]"
78,3246,meta-llama/Llama-3.1-8B,520,4,3000000000,3098135356,98135356,37406,63590434,11514974,"[11513918, 11514974, 11516030]"
78,3390,meta-llama/Llama-3.1-8B,520,4,3000000000,3098135356,98135356,37406,63590434,11514974,"[11513918, 11514974, 11516030]"
78,3534,meta-llama/Llama-3.1-8B,520,4,3000000000,3098135356,98135356,37406,63590434,11514974,"[11513918, 11514974, 11516030]"
78,3678,meta-llama/Llama-3.1-8B,520,4,3000000000,3098135356,98135356,37406,63590434,11514974,"[11513918, 11514974, 11516030]"
78,3822,meta-llama/Llama-3.1-8B,520,4,3000000000,3098135356,98135356,37406,63590434,11514974,"[11513918, 11514974, 11516030]"
78,3966,meta-llama/Llama-3.1-8B,520,4,3000000000,3098135356,98135356,37406,63590434,11514974,"[11513918, 11514974, 11516030]"
78,4110,meta-llama/Llama-3.1-8B,520,4,3000000000,3599374732,599374732,98135356,564829810,11514974,"[11513918, 11514974, 11516030]"
78,4254,meta-llama/Llama-3.1-8B,520,4,3000000000,3599374732,599374732,98135356,564829810,11514974,"[11513918, 11514974, 11516030]"
78,4398,meta-llama/Llama-3.1-8B,520,4,3000000000,3599374732,599374732,98135356,564829810,11514974,"[11513918, 11514974, 11516030]"
78,4542,meta-llama/Llama-3.1-8B,520,4,3000000000,3599374732,599374732,98135356,564829810,11514974,"[11513918, 11514974, 11516030]"
78,4686,meta-llama/Llama-3.1-8B,520,4,3000000000,3599374732,599374732,98135356,564829810,11514974,"[11513918, 11514974, 11516030]"
78,4830,meta-llama/Llama-3.1-8B,520,4,3000000000,3599374732,599374732,98135356,564829810,11514974,"[11513918, 11514974, 11516030]"
78,4974,meta-llama/Llama-3.1-8B,520,4,3000000000,3599374732,599374732,98135356,564829810,11514974,"[11513918, 11514974, 11516030]"
78,5118,meta-llama/Llama-3.1-8B,520,4,3000000000,3599374732,599374732,98135356,564829810,11514974,"[11513918, 11514974, 11516030]"
78,5262,meta-llama/Llama-3.1-8B,520,4,3000000000,4098025360,1098025360,599374732,1064182621,11280913,"[11280401, 11280913, 11281425]"
78,5406,meta-llama/Llama-3.1-8B,520,4,3000000000,4098025360,1098025360,599374732,1064182621,11280913,"[11280401, 11280913, 11281425]"
78,5550,meta-llama/Llama-3.1-8B,520,4,3000000000,4098025360,1098025360,599374732,1064182621,11280913,"[11280401, 11280913, 11281425]"
78,5694,meta-llama/Llama-3.1-8B,520,4,3000000000,4098025360,1098025360,599374732,1064182621,11280913,"[11280401, 11280913, 11281425]"
79,79,meta-llama/Llama-3.1-8B,512,4,0,265275226,265275226,1,87124662,59383521,"[121233056, 45211914, 11705594]"
79,223,meta-llama/Llama-3.1-8B,512,4,0,265275226,265275226,1,87124662,59383521,"[121233056, 45211914, 11705594]"
79,367,meta-llama/Llama-3.1-8B,512,4,0,265275226,265275226,1,87124662,59383521,"[121233056, 45211914, 11705594]"
79,511,meta-llama/Llama-3.1-8B,512,4,0,265275226,265275226,1,87124662,59383521,"[121233056, 45211914, 11705594]"
79,655,meta-llama/Llama-3.1-8B,512,4,0,352730539,352730539,87124662,208357718,48124273,"[45211914, 11705594, 87455313]"
79,799,meta-llama/Llama-3.1-8B,512,4,0,352730539,352730539,87124662,208357718,48124273,"[45211914, 11705594, 87455313]"
79,943,meta-llama/Llama-3.1-8B,512,4,0,352730539,352730539,87124662,208357718,48124273,"[45211914, 11705594, 87455313]"
79,1087,meta-llama/Llama-3.1-8B,512,4,0,457631395,457631395,208357718,253569632,68020587,"[11705594, 87455313, 104900856]"
79,1231,meta-llama/Llama-3.1-8B,512,4,0,529424142,529424142,265275226,352730539,58897867,"[104900856, 51743337, 20049410]"
79,1375,meta-llama/Llama-3.1-8B,512,4,0,529424142,529424142,265275226,352730539,58897867,"[104900856, 51743337, 20049410]"
79,1519,meta-llama/Llama-3.1-8B,512,4,0,529424142,529424142,265275226,352730539,58897867,"[104900856, 51743337, 20049410]"
79,1663,meta-llama/Llama-3.1-8B,512,4,0,599555058,599555058,352730539,457631395,47307887,"[51743337, 20049410, 70130916]"
79,1807,meta-llama/Llama-3.1-8B,512,4,0,599555058,599555058,352730539,457631395,47307887,"[51743337, 20049410, 70130916]"
79,1951,meta-llama/Llama-3.1-8B,512,4,0,599555058,599555058,352730539,457631395,47307887,"[51743337, 20049410, 70130916]"
79,2095,meta-llama/Llama-3.1-8B,512,4,0,599555058,599555058,352730539,457631395,47307887,"[51743337, 20049410, 70130916]"
79,2239,meta-llama/Llama-3.1-8B,512,4,0,629562719,629562719,457631395,509374732,40062662,"[20049410, 70130916, 30007661]"
79,2383,meta-llama/Llama-3.1-8B,512,4,0,656130897,656130897,529424142,599555058,18858613,"[30007661, 11380865, 15187313]"
79,2527,meta-llama/Llama-3.1-8B,512,4,0,656130897,656130897,529424142,599555058,18858613,"[30007661, 11380865, 15187313]"
79,2671,meta-llama/Llama-3.1-8B,512,4,0,656130897,656130897,529424142,599555058,18858613,"[30007661, 11380865, 15187313]"
79,2815,meta-llama/Llama-3.1-8B,512,4,0,667448958,667448958,599555058,629562719,12628746,"[11380865, 15187313, 11318061]"
79,2959,meta-llama/Llama-3.1-8B,520,4,3000000000,3105097014,105097014,37406,70552092,11514974,"[11513918, 11514974, 11516030]"
79,3103,meta-llama/Llama-3.1-8B,520,4,3000000000,3105097014,105097014,37406,70552092,11514974,"[11513918, 11514974, 11516030]"
79,3247,meta-llama/Llama-3.1-8B,520,4,3000000000,3105097014,105097014,37406,70552092,11514974,"[11513918, 11514974, 11516030]"
79,3391,meta-llama/Llama-3.1-8B,520,4,3000000000,3105097014,105097014,37406,70552092,11514974,"[11513918, 11514974, 11516030]"
79,3535,meta-llama/Llama-3.1-8B,520,4,3000000000,3105097014,105097014,37406,70552092,11514974,"[11513918, 11514974, 11516030]"
79,3679,meta-llama/Llama-3.1-8B,520,4,3000000000,3105097014,105097014,37406,70552092,11514974,"[11513918, 11514974, 11516030]"
79,3823,meta-llama/Llama-3.1-8B,520,4,3000000000,3105097014,105097014,37406,70552092,11514974,"[11513918, 11514974, 11516030]"
79,3967,meta-llama/Llama-3.1-8B,520,4,3000000000,3105097014,105097014,37406,70552092,11514974,"[11513918, 11514974, 11516030]"
79,4111,meta-llama/Llama-3.1-8B,520,4,3000000000,3606336390,606336390,105097014,571791468,11514974,"[11513918, 11514974, 11516030]"
79,4255,meta-llama/Llama-3.1-8B,520,4,3000000000,3606336390,606336390,105097014,571791468,11514974,"[11513918, 11514974, 11516030]"
79,4399,meta-llama/Llama-3.1-8B,520,4,3000000000,3606336390,606336390,105097014,571791468,11514974,"[11513918, 11514974, 11516030]"
79,4543,meta-llama/Llama-3.1-8B,520,4,3000000000,3606336390,606336390,105097014,571791468,11514974,"[11513918, 11514974, 11516030]"
79,4687,meta-llama/Llama-3.1-8B,520,4,3000000000,3606336390,606336390,105097014,571791468,11514974,"[11513918, 11514974, 11516030]"
79,4831,meta-llama/Llama-3.1-8B,520,4,3000000000,3606336390,606336390,105097014,571791468,11514974,"[11513918, 11514974, 11516030]"
79,4975,meta-llama/Llama-3.1-8B,520,4,3000000000,3606336390,606336390,105097014,571791468,11514974,"[11513918, 11514974, 11516030]"
79,5119,meta-llama/Llama-3.1-8B,520,4,3000000000,3606336390,606336390,105097014,571791468,11514974,"[11513918, 11514974, 11516030]"
79,5263,meta-llama/Llama-3.1-8B,520,4,3000000000,4104987018,1104987018,606336390,1071144279,11280913,"[11280401, 11280913, 11281425]"
79,5407,meta-llama/Llama-3.1-8B,520,4,3000000000,4104987018,1104987018,606336390,1071144279,11280913,"[11280401, 11280913, 11281425]"
79,5551,meta-llama/Llama-3.1-8B,520,4,3000000000,4104987018,1104987018,606336390,1071144279,11280913,"[11280401, 11280913, 11281425]"
79,5695,meta-llama/Llama-3.1-8B,520,4,3000000000,4104987018,1104987018,606336390,1071144279,11280913,"[11280401, 11280913, 11281425]"
80,80,meta-llama/Llama-3.1-8B,512,4,0,265277398,265277398,1,87650118,59209093,"[121233056, 44689399, 11704825]"
80,224,meta-llama/Llama-3.1-8B,512,4,0,265277398,265277398,1,87650118,59209093,"[121233056, 44689399, 11704825]"
80,368,meta-llama/Llama-3.1-8B,512,4,0,265277398,265277398,1,87650118,59209093,"[121233056, 44689399, 11704825]"
80,512,meta-llama/Llama-3.1-8B,512,4,0,265277398,265277398,1,87650118,59209093,"[121233056, 44689399, 11704825]"
80,656,meta-llama/Llama-3.1-8B,512,4,0,353255995,353255995,87650118,208883174,48124273,"[44689399, 11704825, 87978597]"
80,800,meta-llama/Llama-3.1-8B,512,4,0,353255995,353255995,87650118,208883174,48124273,"[44689399, 11704825, 87978597]"
80,944,meta-llama/Llama-3.1-8B,512,4,0,353255995,353255995,87650118,208883174,48124273,"[44689399, 11704825, 87978597]"
80,1088,meta-llama/Llama-3.1-8B,512,4,0,458027569,458027569,208883174,253572573,68151665,"[11704825, 87978597, 104771574]"
80,1232,meta-llama/Llama-3.1-8B,512,4,0,529426314,529426314,265277398,353255995,58723439,"[104771574, 51480412, 19918333]"
80,1376,meta-llama/Llama-3.1-8B,512,4,0,529426314,529426314,265277398,353255995,58723439,"[104771574, 51480412, 19918333]"
80,1520,meta-llama/Llama-3.1-8B,512,4,0,529426314,529426314,265277398,353255995,58723439,"[104771574, 51480412, 19918333]"
80,1664,meta-llama/Llama-3.1-8B,512,4,0,599950462,599950462,353255995,458027569,47307631,"[51480412, 19918333, 70524148]"
80,1808,meta-llama/Llama-3.1-8B,512,4,0,599950462,599950462,353255995,458027569,47307631,"[51480412, 19918333, 70524148]"
80,1952,meta-llama/Llama-3.1-8B,512,4,0,599950462,599950462,353255995,458027569,47307631,"[51480412, 19918333, 70524148]"
80,2096,meta-llama/Llama-3.1-8B,512,4,0,599950462,599950462,353255995,458027569,47307631,"[51480412, 19918333, 70524148]"
80,2240,meta-llama/Llama-3.1-8B,512,4,0,630381564,630381564,458027569,509507981,40291194,"[19918333, 70524148, 30431102]"
80,2384,meta-llama/Llama-3.1-8B,512,4,0,656132643,656132643,529426314,599950462,18727393,"[30431102, 11276305, 14474774]"
80,2528,meta-llama/Llama-3.1-8B,512,4,0,656132643,656132643,529426314,599950462,18727393,"[30431102, 11276305, 14474774]"
80,2672,meta-llama/Llama-3.1-8B,512,4,0,656132643,656132643,529426314,599950462,18727393,"[30431102, 11276305, 14474774]"
80,2816,meta-llama/Llama-3.1-8B,512,4,0,667449334,667449334,599950462,630381564,12355923,"[11276305, 14474774, 11316691]"
80,2960,meta-llama/Llama-3.1-8B,520,4,3000000000,3112058672,112058672,37406,77513750,11514974,"[11513918, 11514974, 11516030]"
80,3104,meta-llama/Llama-3.1-8B,520,4,3000000000,3112058672,112058672,37406,77513750,11514974,"[11513918, 11514974, 11516030]"
80,3248,meta-llama/Llama-3.1-8B,520,4,3000000000,3112058672,112058672,37406,77513750,11514974,"[11513918, 11514974, 11516030]"
80,3392,meta-llama/Llama-3.1-8B,520,4,3000000000,3112058672,112058672,37406,77513750,11514974,"[11513918, 11514974, 11516030]"
80,3536,meta-llama/Llama-3.1-8B,520,4,3000000000,3112058672,112058672,37406,77513750,11514974,"[11513918, 11514974, 11516030]"
80,3680,meta-llama/Llama-3.1-8B,520,4,3000000000,3112058672,112058672,37406,77513750,11514974,"[11513918, 11514974, 11516030]"
80,3824,meta-llama/Llama-3.1-8B,520,4,3000000000,3112058672,112058672,37406,77513750,11514974,"[11513918, 11514974, 11516030]"
80,3968,meta-llama/Llama-3.1-8B,520,4,3000000000,3112058672,112058672,37406,77513750,11514974,"[11513918, 11514974, 11516030]"
80,4112,meta-llama/Llama-3.1-8B,520,4,3000000000,3613298048,613298048,112058672,578753126,11514974,"[11513918, 11514974, 11516030]"
80,4256,meta-llama/Llama-3.1-8B,520,4,3000000000,3613298048,613298048,112058672,578753126,11514974,"[11513918, 11514974, 11516030]"
80,4400,meta-llama/Llama-3.1-8B,520,4,3000000000,3613298048,613298048,112058672,578753126,11514974,"[11513918, 11514974, 11516030]"
80,4544,meta-llama/Llama-3.1-8B,520,4,3000000000,3613298048,613298048,112058672,578753126,11514974,"[11513918, 11514974, 11516030]"
80,4688,meta-llama/Llama-3.1-8B,520,4,3000000000,3613298048,613298048,112058672,578753126,11514974,"[11513918, 11514974, 11516030]"
80,4832,meta-llama/Llama-3.1-8B,520,4,3000000000,3613298048,613298048,112058672,578753126,11514974,"[11513918, 11514974, 11516030]"
80,4976,meta-llama/Llama-3.1-8B,520,4,3000000000,3613298048,613298048,112058672,578753126,11514974,"[11513918, 11514974, 11516030]"
80,5120,meta-llama/Llama-3.1-8B,520,4,3000000000,3613298048,613298048,112058672,578753126,11514974,"[11513918, 11514974, 11516030]"
80,5264,meta-llama/Llama-3.1-8B,520,4,3000000000,4111948676,1111948676,613298048,1078105937,11280913,"[11280401, 11280913, 11281425]"
80,5408,meta-llama/Llama-3.1-8B,520,4,3000000000,4111948676,1111948676,613298048,1078105937,11280913,"[11280401, 11280913, 11281425]"
80,5552,meta-llama/Llama-3.1-8B,520,4,3000000000,4111948676,1111948676,613298048,1078105937,11280913,"[11280401, 11280913, 11281425]"
80,5696,meta-llama/Llama-3.1-8B,520,4,3000000000,4111948676,1111948676,613298048,1078105937,11280913,"[11280401, 11280913, 11281425]"
81,81,meta-llama/Llama-3.1-8B,512,4,0,265279570,265279570,1,88175574,59034665,"[121233056, 44166884, 11704056]"
81,225,meta-llama/Llama-3.1-8B,512,4,0,265279570,265279570,1,88175574,59034665,"[121233056, 44166884, 11704056]"
81,369,meta-llama/Llama-3.1-8B,512,4,0,265279570,265279570,1,88175574,59034665,"[121233056, 44166884, 11704056]"
81,513,meta-llama/Llama-3.1-8B,512,4,0,265279570,265279570,1,88175574,59034665,"[121233056, 44166884, 11704056]"
81,657,meta-llama/Llama-3.1-8B,512,4,0,353781451,353781451,88175574,209408630,48124273,"[44166884, 11704056, 88501881]"
81,801,meta-llama/Llama-3.1-8B,512,4,0,353781451,353781451,88175574,209408630,48124273,"[44166884, 11704056, 88501881]"
81,945,meta-llama/Llama-3.1-8B,512,4,0,353781451,353781451,88175574,209408630,48124273,"[44166884, 11704056, 88501881]"
81,1089,meta-llama/Llama-3.1-8B,512,4,0,458423743,458423743,209408630,253575514,68282743,"[11704056, 88501881, 104642292]"
81,1233,meta-llama/Llama-3.1-8B,512,4,0,529428486,529428486,265279570,353781451,58549011,"[104642292, 51217487, 19787256]"
81,1377,meta-llama/Llama-3.1-8B,512,4,0,529428486,529428486,265279570,353781451,58549011,"[104642292, 51217487, 19787256]"
81,1521,meta-llama/Llama-3.1-8B,512,4,0,529428486,529428486,265279570,353781451,58549011,"[104642292, 51217487, 19787256]"
81,1665,meta-llama/Llama-3.1-8B,512,4,0,600345866,600345866,353781451,458423743,47307374,"[51217487, 19787256, 70917380]"
81,1809,meta-llama/Llama-3.1-8B,512,4,0,600345866,600345866,353781451,458423743,47307374,"[51217487, 19787256, 70917380]"
81,1953,meta-llama/Llama-3.1-8B,512,4,0,600345866,600345866,353781451,458423743,47307374,"[51217487, 19787256, 70917380]"
81,2097,meta-llama/Llama-3.1-8B,512,4,0,600345866,600345866,353781451,458423743,47307374,"[51217487, 19787256, 70917380]"
81,2241,meta-llama/Llama-3.1-8B,512,4,0,631595813,631595813,458423743,509641230,40651527,"[19787256, 70917380, 31249947]"
81,2385,meta-llama/Llama-3.1-8B,512,4,0,656137281,656137281,529428486,600345866,18597138,"[31249947, 11380865, 13160603]"
81,2529,meta-llama/Llama-3.1-8B,512,4,0,656137281,656137281,529428486,600345866,18597138,"[31249947, 11380865, 13160603]"
81,2673,meta-llama/Llama-3.1-8B,512,4,0,656137281,656137281,529428486,600345866,18597138,"[31249947, 11380865, 13160603]"
81,2817,meta-llama/Llama-3.1-8B,512,4,0,667449710,667449710,600345866,631595813,11951299,"[11380865, 13160603, 11312429]"
81,2961,meta-llama/Llama-3.1-8B,520,4,3000000000,3119020330,119020330,37406,84475408,11514974,"[11513918, 11514974, 11516030]"
81,3105,meta-llama/Llama-3.1-8B,520,4,3000000000,3119020330,119020330,37406,84475408,11514974,"[11513918, 11514974, 11516030]"
81,3249,meta-llama/Llama-3.1-8B,520,4,3000000000,3119020330,119020330,37406,84475408,11514974,"[11513918, 11514974, 11516030]"
81,3393,meta-llama/Llama-3.1-8B,520,4,3000000000,3119020330,119020330,37406,84475408,11514974,"[11513918, 11514974, 11516030]"
81,3537,meta-llama/Llama-3.1-8B,520,4,3000000000,3119020330,119020330,37406,84475408,11514974,"[11513918, 11514974, 11516030]"
81,3681,meta-llama/Llama-3.1-8B,520,4,3000000000,3119020330,119020330,37406,84475408,11514974,"[11513918, 11514974, 11516030]"
81,3825,meta-llama/Llama-3.1-8B,520,4,3000000000,3119020330,119020330,37406,84475408,11514974,"[11513918, 11514974, 11516030]"
81,3969,meta-llama/Llama-3.1-8B,520,4,3000000000,3119020330,119020330,37406,84475408,11514974,"[11513918, 11514974, 11516030]"
81,4113,meta-llama/Llama-3.1-8B,520,4,3000000000,3620259706,620259706,119020330,585714784,11514974,"[11513918, 11514974, 11516030]"
81,4257,meta-llama/Llama-3.1-8B,520,4,3000000000,3620259706,620259706,119020330,585714784,11514974,"[11513918, 11514974, 11516030]"
81,4401,meta-llama/Llama-3.1-8B,520,4,3000000000,3620259706,620259706,119020330,585714784,11514974,"[11513918, 11514974, 11516030]"
81,4545,meta-llama/Llama-3.1-8B,520,4,3000000000,3620259706,620259706,119020330,585714784,11514974,"[11513918, 11514974, 11516030]"
81,4689,meta-llama/Llama-3.1-8B,520,4,3000000000,3620259706,620259706,119020330,585714784,11514974,"[11513918, 11514974, 11516030]"
81,4833,meta-llama/Llama-3.1-8B,520,4,3000000000,3620259706,620259706,119020330,585714784,11514974,"[11513918, 11514974, 11516030]"
81,4977,meta-llama/Llama-3.1-8B,520,4,3000000000,3620259706,620259706,119020330,585714784,11514974,"[11513918, 11514974, 11516030]"
81,5121,meta-llama/Llama-3.1-8B,520,4,3000000000,3620259706,620259706,119020330,585714784,11514974,"[11513918, 11514974, 11516030]"
81,5265,meta-llama/Llama-3.1-8B,520,4,3000000000,4118910334,1118910334,620259706,1085067595,11280913,"[11280401, 11280913, 11281425]"
81,5409,meta-llama/Llama-3.1-8B,520,4,3000000000,4118910334,1118910334,620259706,1085067595,11280913,"[11280401, 11280913, 11281425]"
81,5553,meta-llama/Llama-3.1-8B,520,4,3000000000,4118910334,1118910334,620259706,1085067595,11280913,"[11280401, 11280913, 11281425]"
81,5697,meta-llama/Llama-3.1-8B,520,4,3000000000,4118910334,1118910334,620259706,1085067595,11280913,"[11280401, 11280913, 11281425]"
82,82,meta-llama/Llama-3.1-8B,512,4,0,265281742,265281742,1,88701030,58860237,"[121233056, 43644369, 11703287]"
82,226,meta-llama/Llama-3.1-8B,512,4,0,265281742,265281742,1,88701030,58860237,"[121233056, 43644369, 11703287]"
82,370,meta-llama/Llama-3.1-8B,512,4,0,265281742,265281742,1,88701030,58860237,"[121233056, 43644369, 11703287]"
82,514,meta-llama/Llama-3.1-8B,512,4,0,265281742,265281742,1,88701030,58860237,"[121233056, 43644369, 11703287]"
82,658,meta-llama/Llama-3.1-8B,512,4,0,354306907,354306907,88701030,209934086,48124273,"[43644369, 11703287, 89025165]"
82,802,meta-llama/Llama-3.1-8B,512,4,0,354306907,354306907,88701030,209934086,48124273,"[43644369, 11703287, 89025165]"
82,946,meta-llama/Llama-3.1-8B,512,4,0,354306907,354306907,88701030,209934086,48124273,"[43644369, 11703287, 89025165]"
82,1090,meta-llama/Llama-3.1-8B,512,4,0,458819917,458819917,209934086,253578455,68413820,"[11703287, 89025165, 104513010]"
82,1234,meta-llama/Llama-3.1-8B,512,4,0,529430658,529430658,265281742,354306907,58374583,"[104513010, 50954562, 19656179]"
82,1378,meta-llama/Llama-3.1-8B,512,4,0,529430658,529430658,265281742,354306907,58374583,"[104513010, 50954562, 19656179]"
82,1522,meta-llama/Llama-3.1-8B,512,4,0,529430658,529430658,265281742,354306907,58374583,"[104513010, 50954562, 19656179]"
82,1666,meta-llama/Llama-3.1-8B,512,4,0,600769307,600769307,354306907,458819917,47316463,"[50954562, 19656179, 71338649]"
82,1810,meta-llama/Llama-3.1-8B,512,4,0,600769307,600769307,354306907,458819917,47316463,"[50954562, 19656179, 71338649]"
82,1954,meta-llama/Llama-3.1-8B,512,4,0,600769307,600769307,354306907,458819917,47316463,"[50954562, 19656179, 71338649]"
82,2098,meta-llama/Llama-3.1-8B,512,4,0,600769307,600769307,354306907,458819917,47316463,"[50954562, 19656179, 71338649]"
82,2242,meta-llama/Llama-3.1-8B,512,4,0,632414658,632414658,458819917,509774479,40880059,"[19656179, 71338649, 31645351]"
82,2386,meta-llama/Llama-3.1-8B,512,4,0,656139387,656139387,529430658,600769307,18456693,"[31645351, 11276305, 12448424]"
82,2530,meta-llama/Llama-3.1-8B,512,4,0,656139387,656139387,529430658,600769307,18456693,"[31645351, 11276305, 12448424]"
82,2674,meta-llama/Llama-3.1-8B,512,4,0,656139387,656139387,529430658,600769307,18456693,"[31645351, 11276305, 12448424]"
82,2818,meta-llama/Llama-3.1-8B,512,4,0,667450086,667450086,600769307,632414658,11678476,"[11276305, 12448424, 11310699]"
82,2962,meta-llama/Llama-3.1-8B,520,4,3000000000,3125981988,125981988,37406,91437066,11514974,"[11513918, 11514974, 11516030]"
82,3106,meta-llama/Llama-3.1-8B,520,4,3000000000,3125981988,125981988,37406,91437066,11514974,"[11513918, 11514974, 11516030]"
82,3250,meta-llama/Llama-3.1-8B,520,4,3000000000,3125981988,125981988,37406,91437066,11514974,"[11513918, 11514974, 11516030]"
82,3394,meta-llama/Llama-3.1-8B,520,4,3000000000,3125981988,125981988,37406,91437066,11514974,"[11513918, 11514974, 11516030]"
82,3538,meta-llama/Llama-3.1-8B,520,4,3000000000,3125981988,125981988,37406,91437066,11514974,"[11513918, 11514974, 11516030]"
82,3682,meta-llama/Llama-3.1-8B,520,4,3000000000,3125981988,125981988,37406,91437066,11514974,"[11513918, 11514974, 11516030]"
82,3826,meta-llama/Llama-3.1-8B,520,4,3000000000,3125981988,125981988,37406,91437066,11514974,"[11513918, 11514974, 11516030]"
82,3970,meta-llama/Llama-3.1-8B,520,4,3000000000,3125981988,125981988,37406,91437066,11514974,"[11513918, 11514974, 11516030]"
82,4114,meta-llama/Llama-3.1-8B,520,4,3000000000,3627221364,627221364,125981988,592676442,11514974,"[11513918, 11514974, 11516030]"
82,4258,meta-llama/Llama-3.1-8B,520,4,3000000000,3627221364,627221364,125981988,592676442,11514974,"[11513918, 11514974, 11516030]"
82,4402,meta-llama/Llama-3.1-8B,520,4,3000000000,3627221364,627221364,125981988,592676442,11514974,"[11513918, 11514974, 11516030]"
82,4546,meta-llama/Llama-3.1-8B,520,4,3000000000,3627221364,627221364,125981988,592676442,11514974,"[11513918, 11514974, 11516030]"
82,4690,meta-llama/Llama-3.1-8B,520,4,3000000000,3627221364,627221364,125981988,592676442,11514974,"[11513918, 11514974, 11516030]"
82,4834,meta-llama/Llama-3.1-8B,520,4,3000000000,3627221364,627221364,125981988,592676442,11514974,"[11513918, 11514974, 11516030]"
82,4978,meta-llama/Llama-3.1-8B,520,4,3000000000,3627221364,627221364,125981988,592676442,11514974,"[11513918, 11514974, 11516030]"
82,5122,meta-llama/Llama-3.1-8B,520,4,3000000000,3627221364,627221364,125981988,592676442,11514974,"[11513918, 11514974, 11516030]"
82,5266,meta-llama/Llama-3.1-8B,520,4,3000000000,4125871992,1125871992,627221364,1092029253,11280913,"[11280401, 11280913, 11281425]"
82,5410,meta-llama/Llama-3.1-8B,520,4,3000000000,4125871992,1125871992,627221364,1092029253,11280913,"[11280401, 11280913, 11281425]"
82,5554,meta-llama/Llama-3.1-8B,520,4,3000000000,4125871992,1125871992,627221364,1092029253,11280913,"[11280401, 11280913, 11281425]"
82,5698,meta-llama/Llama-3.1-8B,520,4,3000000000,4125871992,1125871992,627221364,1092029253,11280913,"[11280401, 11280913, 11281425]"
83,83,meta-llama/Llama-3.1-8B,512,4,0,265283914,265283914,1,89226486,58685809,"[121233056, 43121854, 11702518]"
83,227,meta-llama/Llama-3.1-8B,512,4,0,265283914,265283914,1,89226486,58685809,"[121233056, 43121854, 11702518]"
83,371,meta-llama/Llama-3.1-8B,512,4,0,265283914,265283914,1,89226486,58685809,"[121233056, 43121854, 11702518]"
83,515,meta-llama/Llama-3.1-8B,512,4,0,265283914,265283914,1,89226486,58685809,"[121233056, 43121854, 11702518]"
83,659,meta-llama/Llama-3.1-8B,512,4,0,354832363,354832363,89226486,210459542,48124273,"[43121854, 11702518, 89548449]"
83,803,meta-llama/Llama-3.1-8B,512,4,0,354832363,354832363,89226486,210459542,48124273,"[43121854, 11702518, 89548449]"
83,947,meta-llama/Llama-3.1-8B,512,4,0,354832363,354832363,89226486,210459542,48124273,"[43121854, 11702518, 89548449]"
83,1091,meta-llama/Llama-3.1-8B,512,4,0,459216091,459216091,210459542,253581396,68544898,"[11702518, 89548449, 104383728]"
83,1235,meta-llama/Llama-3.1-8B,512,4,0,529432830,529432830,265283914,354832363,58200155,"[104383728, 50691637, 19525102]"
83,1379,meta-llama/Llama-3.1-8B,512,4,0,529432830,529432830,265283914,354832363,58200155,"[104383728, 50691637, 19525102]"
83,1523,meta-llama/Llama-3.1-8B,512,4,0,529432830,529432830,265283914,354832363,58200155,"[104383728, 50691637, 19525102]"
83,1667,meta-llama/Llama-3.1-8B,512,4,0,601164711,601164711,354832363,459216091,47316206,"[50691637, 19525102, 71731881]"
83,1811,meta-llama/Llama-3.1-8B,512,4,0,601164711,601164711,354832363,459216091,47316206,"[50691637, 19525102, 71731881]"
83,1955,meta-llama/Llama-3.1-8B,512,4,0,601164711,601164711,354832363,459216091,47316206,"[50691637, 19525102, 71731881]"
83,2099,meta-llama/Llama-3.1-8B,512,4,0,601164711,601164711,354832363,459216091,47316206,"[50691637, 19525102, 71731881]"
83,2243,meta-llama/Llama-3.1-8B,512,4,0,633628907,633628907,459216091,509907728,41240393,"[19525102, 71731881, 32464196]"
83,2387,meta-llama/Llama-3.1-8B,512,4,0,656182029,656182029,529432830,601164711,18339106,"[32464196, 11276305, 11276817]"
83,2531,meta-llama/Llama-3.1-8B,512,4,0,656182029,656182029,529432830,601164711,18339106,"[32464196, 11276305, 11276817]"
83,2675,meta-llama/Llama-3.1-8B,512,4,0,656182029,656182029,529432830,601164711,18339106,"[32464196, 11276305, 11276817]"
83,2819,meta-llama/Llama-3.1-8B,512,4,0,667467102,667467102,601164711,633628907,11279398,"[11276305, 11276817, 11285073]"
83,2963,meta-llama/Llama-3.1-8B,520,4,3000000000,3132943646,132943646,37406,98398724,11514974,"[11513918, 11514974, 11516030]"
83,3107,meta-llama/Llama-3.1-8B,520,4,3000000000,3132943646,132943646,37406,98398724,11514974,"[11513918, 11514974, 11516030]"
83,3251,meta-llama/Llama-3.1-8B,520,4,3000000000,3132943646,132943646,37406,98398724,11514974,"[11513918, 11514974, 11516030]"
83,3395,meta-llama/Llama-3.1-8B,520,4,3000000000,3132943646,132943646,37406,98398724,11514974,"[11513918, 11514974, 11516030]"
83,3539,meta-llama/Llama-3.1-8B,520,4,3000000000,3132943646,132943646,37406,98398724,11514974,"[11513918, 11514974, 11516030]"
83,3683,meta-llama/Llama-3.1-8B,520,4,3000000000,3132943646,132943646,37406,98398724,11514974,"[11513918, 11514974, 11516030]"
83,3827,meta-llama/Llama-3.1-8B,520,4,3000000000,3132943646,132943646,37406,98398724,11514974,"[11513918, 11514974, 11516030]"
83,3971,meta-llama/Llama-3.1-8B,520,4,3000000000,3132943646,132943646,37406,98398724,11514974,"[11513918, 11514974, 11516030]"
83,4115,meta-llama/Llama-3.1-8B,520,4,3000000000,3634183022,634183022,132943646,599638100,11514974,"[11513918, 11514974, 11516030]"
83,4259,meta-llama/Llama-3.1-8B,520,4,3000000000,3634183022,634183022,132943646,599638100,11514974,"[11513918, 11514974, 11516030]"
83,4403,meta-llama/Llama-3.1-8B,520,4,3000000000,3634183022,634183022,132943646,599638100,11514974,"[11513918, 11514974, 11516030]"
83,4547,meta-llama/Llama-3.1-8B,520,4,3000000000,3634183022,634183022,132943646,599638100,11514974,"[11513918, 11514974, 11516030]"
83,4691,meta-llama/Llama-3.1-8B,520,4,3000000000,3634183022,634183022,132943646,599638100,11514974,"[11513918, 11514974, 11516030]"
83,4835,meta-llama/Llama-3.1-8B,520,4,3000000000,3634183022,634183022,132943646,599638100,11514974,"[11513918, 11514974, 11516030]"
83,4979,meta-llama/Llama-3.1-8B,520,4,3000000000,3634183022,634183022,132943646,599638100,11514974,"[11513918, 11514974, 11516030]"
83,5123,meta-llama/Llama-3.1-8B,520,4,3000000000,3634183022,634183022,132943646,599638100,11514974,"[11513918, 11514974, 11516030]"
83,5267,meta-llama/Llama-3.1-8B,520,4,3000000000,4132833650,1132833650,634183022,1098990911,11280913,"[11280401, 11280913, 11281425]"
83,5411,meta-llama/Llama-3.1-8B,520,4,3000000000,4132833650,1132833650,634183022,1098990911,11280913,"[11280401, 11280913, 11281425]"
83,5555,meta-llama/Llama-3.1-8B,520,4,3000000000,4132833650,1132833650,634183022,1098990911,11280913,"[11280401, 11280913, 11281425]"
83,5699,meta-llama/Llama-3.1-8B,520,4,3000000000,4132833650,1132833650,634183022,1098990911,11280913,"[11280401, 11280913, 11281425]"
84,84,meta-llama/Llama-3.1-8B,512,4,0,265286086,265286086,1,89751942,58511381,"[121233056, 42599339, 11701749]"
84,228,meta-llama/Llama-3.1-8B,512,4,0,265286086,265286086,1,89751942,58511381,"[121233056, 42599339, 11701749]"
84,372,meta-llama/Llama-3.1-8B,512,4,0,265286086,265286086,1,89751942,58511381,"[121233056, 42599339, 11701749]"
84,516,meta-llama/Llama-3.1-8B,512,4,0,265286086,265286086,1,89751942,58511381,"[121233056, 42599339, 11701749]"
84,660,meta-llama/Llama-3.1-8B,512,4,0,355357819,355357819,89751942,210984998,48124273,"[42599339, 11701749, 90071733]"
84,804,meta-llama/Llama-3.1-8B,512,4,0,355357819,355357819,89751942,210984998,48124273,"[42599339, 11701749, 90071733]"
84,948,meta-llama/Llama-3.1-8B,512,4,0,355357819,355357819,89751942,210984998,48124273,"[42599339, 11701749, 90071733]"
84,1092,meta-llama/Llama-3.1-8B,512,4,0,459612265,459612265,210984998,253584337,68675976,"[11701749, 90071733, 104254446]"
84,1236,meta-llama/Llama-3.1-8B,512,4,0,529435002,529435002,265286086,355357819,58025727,"[104254446, 50428712, 19394025]"
84,1380,meta-llama/Llama-3.1-8B,512,4,0,529435002,529435002,265286086,355357819,58025727,"[104254446, 50428712, 19394025]"
84,1524,meta-llama/Llama-3.1-8B,512,4,0,529435002,529435002,265286086,355357819,58025727,"[104254446, 50428712, 19394025]"
84,1668,meta-llama/Llama-3.1-8B,512,4,0,601560115,601560115,355357819,459612265,47315950,"[50428712, 19394025, 72125113]"
84,1812,meta-llama/Llama-3.1-8B,512,4,0,601560115,601560115,355357819,459612265,47315950,"[50428712, 19394025, 72125113]"
84,1956,meta-llama/Llama-3.1-8B,512,4,0,601560115,601560115,355357819,459612265,47315950,"[50428712, 19394025, 72125113]"
84,2100,meta-llama/Llama-3.1-8B,512,4,0,601560115,601560115,355357819,459612265,47315950,"[50428712, 19394025, 72125113]"
84,2244,meta-llama/Llama-3.1-8B,512,4,0,634447752,634447752,459612265,510040977,41468925,"[19394025, 72125113, 32887637]"
84,2388,meta-llama/Llama-3.1-8B,512,4,0,657000874,657000874,529435002,601560115,18480253,"[32887637, 11276305, 11276817]"
84,2532,meta-llama/Llama-3.1-8B,512,4,0,657000874,657000874,529435002,601560115,18480253,"[32887637, 11276305, 11276817]"
84,2676,meta-llama/Llama-3.1-8B,512,4,0,657000874,657000874,529435002,601560115,18480253,"[32887637, 11276305, 11276817]"
84,2820,meta-llama/Llama-3.1-8B,512,4,0,668285947,668285947,601560115,634447752,11279398,"[11276305, 11276817, 11285073]"
84,2964,meta-llama/Llama-3.1-8B,520,4,3000000000,3139905304,139905304,37406,105360382,11514974,"[11513918, 11514974, 11516030]"
84,3108,meta-llama/Llama-3.1-8B,520,4,3000000000,3139905304,139905304,37406,105360382,11514974,"[11513918, 11514974, 11516030]"
84,3252,meta-llama/Llama-3.1-8B,520,4,3000000000,3139905304,139905304,37406,105360382,11514974,"[11513918, 11514974, 11516030]"
84,3396,meta-llama/Llama-3.1-8B,520,4,3000000000,3139905304,139905304,37406,105360382,11514974,"[11513918, 11514974, 11516030]"
84,3540,meta-llama/Llama-3.1-8B,520,4,3000000000,3139905304,139905304,37406,105360382,11514974,"[11513918, 11514974, 11516030]"
84,3684,meta-llama/Llama-3.1-8B,520,4,3000000000,3139905304,139905304,37406,105360382,11514974,"[11513918, 11514974, 11516030]"
84,3828,meta-llama/Llama-3.1-8B,520,4,3000000000,3139905304,139905304,37406,105360382,11514974,"[11513918, 11514974, 11516030]"
84,3972,meta-llama/Llama-3.1-8B,520,4,3000000000,3139905304,139905304,37406,105360382,11514974,"[11513918, 11514974, 11516030]"
84,4116,meta-llama/Llama-3.1-8B,520,4,3000000000,3641144680,641144680,139905304,606599758,11514974,"[11513918, 11514974, 11516030]"
84,4260,meta-llama/Llama-3.1-8B,520,4,3000000000,3641144680,641144680,139905304,606599758,11514974,"[11513918, 11514974, 11516030]"
84,4404,meta-llama/Llama-3.1-8B,520,4,3000000000,3641144680,641144680,139905304,606599758,11514974,"[11513918, 11514974, 11516030]"
84,4548,meta-llama/Llama-3.1-8B,520,4,3000000000,3641144680,641144680,139905304,606599758,11514974,"[11513918, 11514974, 11516030]"
84,4692,meta-llama/Llama-3.1-8B,520,4,3000000000,3641144680,641144680,139905304,606599758,11514974,"[11513918, 11514974, 11516030]"
84,4836,meta-llama/Llama-3.1-8B,520,4,3000000000,3641144680,641144680,139905304,606599758,11514974,"[11513918, 11514974, 11516030]"
84,4980,meta-llama/Llama-3.1-8B,520,4,3000000000,3641144680,641144680,139905304,606599758,11514974,"[11513918, 11514974, 11516030]"
84,5124,meta-llama/Llama-3.1-8B,520,4,3000000000,3641144680,641144680,139905304,606599758,11514974,"[11513918, 11514974, 11516030]"
84,5268,meta-llama/Llama-3.1-8B,520,4,3000000000,4139795308,1139795308,641144680,1105952569,11280913,"[11280401, 11280913, 11281425]"
84,5412,meta-llama/Llama-3.1-8B,520,4,3000000000,4139795308,1139795308,641144680,1105952569,11280913,"[11280401, 11280913, 11281425]"
84,5556,meta-llama/Llama-3.1-8B,520,4,3000000000,4139795308,1139795308,641144680,1105952569,11280913,"[11280401, 11280913, 11281425]"
84,5700,meta-llama/Llama-3.1-8B,520,4,3000000000,4139795308,1139795308,641144680,1105952569,11280913,"[11280401, 11280913, 11281425]"
85,85,meta-llama/Llama-3.1-8B,512,4,0,265288258,265288258,1,90277398,58336953,"[121233056, 42076824, 11700980]"
85,229,meta-llama/Llama-3.1-8B,512,4,0,265288258,265288258,1,90277398,58336953,"[121233056, 42076824, 11700980]"
85,373,meta-llama/Llama-3.1-8B,512,4,0,265288258,265288258,1,90277398,58336953,"[121233056, 42076824, 11700980]"
85,517,meta-llama/Llama-3.1-8B,512,4,0,265288258,265288258,1,90277398,58336953,"[121233056, 42076824, 11700980]"
85,661,meta-llama/Llama-3.1-8B,512,4,0,355883275,355883275,90277398,211510454,48124273,"[42076824, 11700980, 90595017]"
85,805,meta-llama/Llama-3.1-8B,512,4,0,355883275,355883275,90277398,211510454,48124273,"[42076824, 11700980, 90595017]"
85,949,meta-llama/Llama-3.1-8B,512,4,0,355883275,355883275,90277398,211510454,48124273,"[42076824, 11700980, 90595017]"
85,1093,meta-llama/Llama-3.1-8B,512,4,0,460008439,460008439,211510454,253587278,68807053,"[11700980, 90595017, 104125164]"
85,1237,meta-llama/Llama-3.1-8B,512,4,0,529437174,529437174,265288258,355883275,57851299,"[104125164, 50165787, 19262948]"
85,1381,meta-llama/Llama-3.1-8B,512,4,0,529437174,529437174,265288258,355883275,57851299,"[104125164, 50165787, 19262948]"
85,1525,meta-llama/Llama-3.1-8B,512,4,0,529437174,529437174,265288258,355883275,57851299,"[104125164, 50165787, 19262948]"
85,1669,meta-llama/Llama-3.1-8B,512,4,0,601983556,601983556,355883275,460008439,47325039,"[50165787, 19262948, 72546382]"
85,1813,meta-llama/Llama-3.1-8B,512,4,0,601983556,601983556,355883275,460008439,47325039,"[50165787, 19262948, 72546382]"
85,1957,meta-llama/Llama-3.1-8B,512,4,0,601983556,601983556,355883275,460008439,47325039,"[50165787, 19262948, 72546382]"
85,2101,meta-llama/Llama-3.1-8B,512,4,0,601983556,601983556,355883275,460008439,47325039,"[50165787, 19262948, 72546382]"
85,2245,meta-llama/Llama-3.1-8B,512,4,0,635662001,635662001,460008439,510174226,41829258,"[19262948, 72546382, 33678445]"
85,2389,meta-llama/Llama-3.1-8B,512,4,0,658215123,658215123,529437174,601983556,18743855,"[33678445, 11276305, 11276817]"
85,2533,meta-llama/Llama-3.1-8B,512,4,0,658215123,658215123,529437174,601983556,18743855,"[33678445, 11276305, 11276817]"
85,2677,meta-llama/Llama-3.1-8B,512,4,0,658215123,658215123,529437174,601983556,18743855,"[33678445, 11276305, 11276817]"
85,2821,meta-llama/Llama-3.1-8B,512,4,0,669500196,669500196,601983556,635662001,11279398,"[11276305, 11276817, 11285073]"
85,2965,meta-llama/Llama-3.1-8B,520,4,3000000000,3146866962,146866962,37406,112322040,11514974,"[11513918, 11514974, 11516030]"
85,3109,meta-llama/Llama-3.1-8B,520,4,3000000000,3146866962,146866962,37406,112322040,11514974,"[11513918, 11514974, 11516030]"
85,3253,meta-llama/Llama-3.1-8B,520,4,3000000000,3146866962,146866962,37406,112322040,11514974,"[11513918, 11514974, 11516030]"
85,3397,meta-llama/Llama-3.1-8B,520,4,3000000000,3146866962,146866962,37406,112322040,11514974,"[11513918, 11514974, 11516030]"
85,3541,meta-llama/Llama-3.1-8B,520,4,3000000000,3146866962,146866962,37406,112322040,11514974,"[11513918, 11514974, 11516030]"
85,3685,meta-llama/Llama-3.1-8B,520,4,3000000000,3146866962,146866962,37406,112322040,11514974,"[11513918, 11514974, 11516030]"
85,3829,meta-llama/Llama-3.1-8B,520,4,3000000000,3146866962,146866962,37406,112322040,11514974,"[11513918, 11514974, 11516030]"
85,3973,meta-llama/Llama-3.1-8B,520,4,3000000000,3146866962,146866962,37406,112322040,11514974,"[11513918, 11514974, 11516030]"
85,4117,meta-llama/Llama-3.1-8B,520,4,3000000000,3648106338,648106338,146866962,613561416,11514974,"[11513918, 11514974, 11516030]"
85,4261,meta-llama/Llama-3.1-8B,520,4,3000000000,3648106338,648106338,146866962,613561416,11514974,"[11513918, 11514974, 11516030]"
85,4405,meta-llama/Llama-3.1-8B,520,4,3000000000,3648106338,648106338,146866962,613561416,11514974,"[11513918, 11514974, 11516030]"
85,4549,meta-llama/Llama-3.1-8B,520,4,3000000000,3648106338,648106338,146866962,613561416,11514974,"[11513918, 11514974, 11516030]"
85,4693,meta-llama/Llama-3.1-8B,520,4,3000000000,3648106338,648106338,146866962,613561416,11514974,"[11513918, 11514974, 11516030]"
85,4837,meta-llama/Llama-3.1-8B,520,4,3000000000,3648106338,648106338,146866962,613561416,11514974,"[11513918, 11514974, 11516030]"
85,4981,meta-llama/Llama-3.1-8B,520,4,3000000000,3648106338,648106338,146866962,613561416,11514974,"[11513918, 11514974, 11516030]"
85,5125,meta-llama/Llama-3.1-8B,520,4,3000000000,3648106338,648106338,146866962,613561416,11514974,"[11513918, 11514974, 11516030]"
85,5269,meta-llama/Llama-3.1-8B,520,4,3000000000,4146756966,1146756966,648106338,1112914227,11280913,"[11280401, 11280913, 11281425]"
85,5413,meta-llama/Llama-3.1-8B,520,4,3000000000,4146756966,1146756966,648106338,1112914227,11280913,"[11280401, 11280913, 11281425]"
85,5557,meta-llama/Llama-3.1-8B,520,4,3000000000,4146756966,1146756966,648106338,1112914227,11280913,"[11280401, 11280913, 11281425]"
85,5701,meta-llama/Llama-3.1-8B,520,4,3000000000,4146756966,1146756966,648106338,1112914227,11280913,"[11280401, 11280913, 11281425]"
86,86,meta-llama/Llama-3.1-8B,512,4,0,265290430,265290430,1,90802854,58162525,"[121233056, 41554309, 11700211]"
86,230,meta-llama/Llama-3.1-8B,512,4,0,265290430,265290430,1,90802854,58162525,"[121233056, 41554309, 11700211]"
86,374,meta-llama/Llama-3.1-8B,512,4,0,265290430,265290430,1,90802854,58162525,"[121233056, 41554309, 11700211]"
86,518,meta-llama/Llama-3.1-8B,512,4,0,265290430,265290430,1,90802854,58162525,"[121233056, 41554309, 11700211]"
86,662,meta-llama/Llama-3.1-8B,512,4,0,356408731,356408731,90802854,212035910,48124273,"[41554309, 11700211, 91118301]"
86,806,meta-llama/Llama-3.1-8B,512,4,0,356408731,356408731,90802854,212035910,48124273,"[41554309, 11700211, 91118301]"
86,950,meta-llama/Llama-3.1-8B,512,4,0,356408731,356408731,90802854,212035910,48124273,"[41554309, 11700211, 91118301]"
86,1094,meta-llama/Llama-3.1-8B,512,4,0,460404613,460404613,212035910,253590219,68938131,"[11700211, 91118301, 103995882]"
86,1238,meta-llama/Llama-3.1-8B,512,4,0,529439346,529439346,265290430,356408731,57676871,"[103995882, 49902862, 19131871]"
86,1382,meta-llama/Llama-3.1-8B,512,4,0,529439346,529439346,265290430,356408731,57676871,"[103995882, 49902862, 19131871]"
86,1526,meta-llama/Llama-3.1-8B,512,4,0,529439346,529439346,265290430,356408731,57676871,"[103995882, 49902862, 19131871]"
86,1670,meta-llama/Llama-3.1-8B,512,4,0,602378960,602378960,356408731,460404613,47324782,"[49902862, 19131871, 72939614]"
86,1814,meta-llama/Llama-3.1-8B,512,4,0,602378960,602378960,356408731,460404613,47324782,"[49902862, 19131871, 72939614]"
86,1958,meta-llama/Llama-3.1-8B,512,4,0,602378960,602378960,356408731,460404613,47324782,"[49902862, 19131871, 72939614]"
86,2102,meta-llama/Llama-3.1-8B,512,4,0,602378960,602378960,356408731,460404613,47324782,"[49902862, 19131871, 72939614]"
86,2246,meta-llama/Llama-3.1-8B,512,4,0,636876250,636876250,460404613,510307475,42189591,"[19131871, 72939614, 34497290]"
86,2390,meta-llama/Llama-3.1-8B,512,4,0,659534566,659534566,529439346,602378960,19051868,"[34497290, 11380865, 11277451]"
86,2534,meta-llama/Llama-3.1-8B,512,4,0,659534566,659534566,529439346,602378960,19051868,"[34497290, 11380865, 11277451]"
86,2678,meta-llama/Llama-3.1-8B,512,4,0,659534566,659534566,529439346,602378960,19051868,"[34497290, 11380865, 11277451]"
86,2822,meta-llama/Llama-3.1-8B,512,4,0,670819759,670819759,602378960,636876250,11314503,"[11380865, 11277451, 11285193]"
86,2966,meta-llama/Llama-3.1-8B,520,4,3000000000,3153828620,153828620,37406,119283698,11514974,"[11513918, 11514974, 11516030]"
86,3110,meta-llama/Llama-3.1-8B,520,4,3000000000,3153828620,153828620,37406,119283698,11514974,"[11513918, 11514974, 11516030]"
86,3254,meta-llama/Llama-3.1-8B,520,4,3000000000,3153828620,153828620,37406,119283698,11514974,"[11513918, 11514974, 11516030]"
86,3398,meta-llama/Llama-3.1-8B,520,4,3000000000,3153828620,153828620,37406,119283698,11514974,"[11513918, 11514974, 11516030]"
86,3542,meta-llama/Llama-3.1-8B,520,4,3000000000,3153828620,153828620,37406,119283698,11514974,"[11513918, 11514974, 11516030]"
86,3686,meta-llama/Llama-3.1-8B,520,4,3000000000,3153828620,153828620,37406,119283698,11514974,"[11513918, 11514974, 11516030]"
86,3830,meta-llama/Llama-3.1-8B,520,4,3000000000,3153828620,153828620,37406,119283698,11514974,"[11513918, 11514974, 11516030]"
86,3974,meta-llama/Llama-3.1-8B,520,4,3000000000,3153828620,153828620,37406,119283698,11514974,"[11513918, 11514974, 11516030]"
86,4118,meta-llama/Llama-3.1-8B,520,4,3000000000,3655067996,655067996,153828620,620523074,11514974,"[11513918, 11514974, 11516030]"
86,4262,meta-llama/Llama-3.1-8B,520,4,3000000000,3655067996,655067996,153828620,620523074,11514974,"[11513918, 11514974, 11516030]"
86,4406,meta-llama/Llama-3.1-8B,520,4,3000000000,3655067996,655067996,153828620,620523074,11514974,"[11513918, 11514974, 11516030]"
86,4550,meta-llama/Llama-3.1-8B,520,4,3000000000,3655067996,655067996,153828620,620523074,11514974,"[11513918, 11514974, 11516030]"
86,4694,meta-llama/Llama-3.1-8B,520,4,3000000000,3655067996,655067996,153828620,620523074,11514974,"[11513918, 11514974, 11516030]"
86,4838,meta-llama/Llama-3.1-8B,520,4,3000000000,3655067996,655067996,153828620,620523074,11514974,"[11513918, 11514974, 11516030]"
86,4982,meta-llama/Llama-3.1-8B,520,4,3000000000,3655067996,655067996,153828620,620523074,11514974,"[11513918, 11514974, 11516030]"
86,5126,meta-llama/Llama-3.1-8B,520,4,3000000000,3655067996,655067996,153828620,620523074,11514974,"[11513918, 11514974, 11516030]"
86,5270,meta-llama/Llama-3.1-8B,520,4,3000000000,4153718624,1153718624,655067996,1119875885,11280913,"[11280401, 11280913, 11281425]"
86,5414,meta-llama/Llama-3.1-8B,520,4,3000000000,4153718624,1153718624,655067996,1119875885,11280913,"[11280401, 11280913, 11281425]"
86,5558,meta-llama/Llama-3.1-8B,520,4,3000000000,4153718624,1153718624,655067996,1119875885,11280913,"[11280401, 11280913, 11281425]"
86,5702,meta-llama/Llama-3.1-8B,520,4,3000000000,4153718624,1153718624,655067996,1119875885,11280913,"[11280401, 11280913, 11281425]"
87,87,meta-llama/Llama-3.1-8B,512,4,0,265292602,265292602,1,91328310,57988097,"[121233056, 41031794, 11699442]"
87,231,meta-llama/Llama-3.1-8B,512,4,0,265292602,265292602,1,91328310,57988097,"[121233056, 41031794, 11699442]"
87,375,meta-llama/Llama-3.1-8B,512,4,0,265292602,265292602,1,91328310,57988097,"[121233056, 41031794, 11699442]"
87,519,meta-llama/Llama-3.1-8B,512,4,0,265292602,265292602,1,91328310,57988097,"[121233056, 41031794, 11699442]"
87,663,meta-llama/Llama-3.1-8B,512,4,0,356934187,356934187,91328310,212561366,48124273,"[41031794, 11699442, 91641585]"
87,807,meta-llama/Llama-3.1-8B,512,4,0,356934187,356934187,91328310,212561366,48124273,"[41031794, 11699442, 91641585]"
87,951,meta-llama/Llama-3.1-8B,512,4,0,356934187,356934187,91328310,212561366,48124273,"[41031794, 11699442, 91641585]"
87,1095,meta-llama/Llama-3.1-8B,512,4,0,460800787,460800787,212561366,253593160,69069209,"[11699442, 91641585, 103866600]"
87,1239,meta-llama/Llama-3.1-8B,512,4,0,529441518,529441518,265292602,356934187,57502443,"[103866600, 49639937, 19000794]"
87,1383,meta-llama/Llama-3.1-8B,512,4,0,529441518,529441518,265292602,356934187,57502443,"[103866600, 49639937, 19000794]"
87,1527,meta-llama/Llama-3.1-8B,512,4,0,529441518,529441518,265292602,356934187,57502443,"[103866600, 49639937, 19000794]"
87,1671,meta-llama/Llama-3.1-8B,512,4,0,602802401,602802401,356934187,460800787,47333871,"[49639937, 19000794, 73360883]"
87,1815,meta-llama/Llama-3.1-8B,512,4,0,602802401,602802401,356934187,460800787,47333871,"[49639937, 19000794, 73360883]"
87,1959,meta-llama/Llama-3.1-8B,512,4,0,602802401,602802401,356934187,460800787,47333871,"[49639937, 19000794, 73360883]"
87,2103,meta-llama/Llama-3.1-8B,512,4,0,602802401,602802401,356934187,460800787,47333871,"[49639937, 19000794, 73360883]"
87,2247,meta-llama/Llama-3.1-8B,512,4,0,637695095,637695095,460800787,510440724,42418123,"[19000794, 73360883, 34892694]"
87,2391,meta-llama/Llama-3.1-8B,512,4,0,660248217,660248217,529441518,602802401,19148605,"[34892694, 11276305, 11276817]"
87,2535,meta-llama/Llama-3.1-8B,512,4,0,660248217,660248217,529441518,602802401,19148605,"[34892694, 11276305, 11276817]"
87,2679,meta-llama/Llama-3.1-8B,512,4,0,660248217,660248217,529441518,602802401,19148605,"[34892694, 11276305, 11276817]"
87,2823,meta-llama/Llama-3.1-8B,512,4,0,671533290,671533290,602802401,637695095,11279398,"[11276305, 11276817, 11285073]"
87,2967,meta-llama/Llama-3.1-8B,520,4,3000000000,3160790278,160790278,37406,126245356,11514974,"[11513918, 11514974, 11516030]"
87,3111,meta-llama/Llama-3.1-8B,520,4,3000000000,3160790278,160790278,37406,126245356,11514974,"[11513918, 11514974, 11516030]"
87,3255,meta-llama/Llama-3.1-8B,520,4,3000000000,3160790278,160790278,37406,126245356,11514974,"[11513918, 11514974, 11516030]"
87,3399,meta-llama/Llama-3.1-8B,520,4,3000000000,3160790278,160790278,37406,126245356,11514974,"[11513918, 11514974, 11516030]"
87,3543,meta-llama/Llama-3.1-8B,520,4,3000000000,3160790278,160790278,37406,126245356,11514974,"[11513918, 11514974, 11516030]"
87,3687,meta-llama/Llama-3.1-8B,520,4,3000000000,3160790278,160790278,37406,126245356,11514974,"[11513918, 11514974, 11516030]"
87,3831,meta-llama/Llama-3.1-8B,520,4,3000000000,3160790278,160790278,37406,126245356,11514974,"[11513918, 11514974, 11516030]"
87,3975,meta-llama/Llama-3.1-8B,520,4,3000000000,3160790278,160790278,37406,126245356,11514974,"[11513918, 11514974, 11516030]"
87,4119,meta-llama/Llama-3.1-8B,520,4,3000000000,3662029654,662029654,160790278,627484732,11514974,"[11513918, 11514974, 11516030]"
87,4263,meta-llama/Llama-3.1-8B,520,4,3000000000,3662029654,662029654,160790278,627484732,11514974,"[11513918, 11514974, 11516030]"
87,4407,meta-llama/Llama-3.1-8B,520,4,3000000000,3662029654,662029654,160790278,627484732,11514974,"[11513918, 11514974, 11516030]"
87,4551,meta-llama/Llama-3.1-8B,520,4,3000000000,3662029654,662029654,160790278,627484732,11514974,"[11513918, 11514974, 11516030]"
87,4695,meta-llama/Llama-3.1-8B,520,4,3000000000,3662029654,662029654,160790278,627484732,11514974,"[11513918, 11514974, 11516030]"
87,4839,meta-llama/Llama-3.1-8B,520,4,3000000000,3662029654,662029654,160790278,627484732,11514974,"[11513918, 11514974, 11516030]"
87,4983,meta-llama/Llama-3.1-8B,520,4,3000000000,3662029654,662029654,160790278,627484732,11514974,"[11513918, 11514974, 11516030]"
87,5127,meta-llama/Llama-3.1-8B,520,4,3000000000,3662029654,662029654,160790278,627484732,11514974,"[11513918, 11514974, 11516030]"
87,5271,meta-llama/Llama-3.1-8B,520,4,3000000000,4160680282,1160680282,662029654,1126837543,11280913,"[11280401, 11280913, 11281425]"
87,5415,meta-llama/Llama-3.1-8B,520,4,3000000000,4160680282,1160680282,662029654,1126837543,11280913,"[11280401, 11280913, 11281425]"
87,5559,meta-llama/Llama-3.1-8B,520,4,3000000000,4160680282,1160680282,662029654,1126837543,11280913,"[11280401, 11280913, 11281425]"
87,5703,meta-llama/Llama-3.1-8B,520,4,3000000000,4160680282,1160680282,662029654,1126837543,11280913,"[11280401, 11280913, 11281425]"
88,88,meta-llama/Llama-3.1-8B,512,4,0,265294774,265294774,1,91853766,57813669,"[121233056, 40509279, 11698673]"
88,232,meta-llama/Llama-3.1-8B,512,4,0,265294774,265294774,1,91853766,57813669,"[121233056, 40509279, 11698673]"
88,376,meta-llama/Llama-3.1-8B,512,4,0,265294774,265294774,1,91853766,57813669,"[121233056, 40509279, 11698673]"
88,520,meta-llama/Llama-3.1-8B,512,4,0,265294774,265294774,1,91853766,57813669,"[121233056, 40509279, 11698673]"
88,664,meta-llama/Llama-3.1-8B,512,4,0,357459643,357459643,91853766,213086822,48124273,"[40509279, 11698673, 92164869]"
88,808,meta-llama/Llama-3.1-8B,512,4,0,357459643,357459643,91853766,213086822,48124273,"[40509279, 11698673, 92164869]"
88,952,meta-llama/Llama-3.1-8B,512,4,0,357459643,357459643,91853766,213086822,48124273,"[40509279, 11698673, 92164869]"
88,1096,meta-llama/Llama-3.1-8B,512,4,0,461196961,461196961,213086822,253596101,69200286,"[11698673, 92164869, 103737318]"
88,1240,meta-llama/Llama-3.1-8B,512,4,0,529443690,529443690,265294774,357459643,57328015,"[103737318, 49377012, 18869717]"
88,1384,meta-llama/Llama-3.1-8B,512,4,0,529443690,529443690,265294774,357459643,57328015,"[103737318, 49377012, 18869717]"
88,1528,meta-llama/Llama-3.1-8B,512,4,0,529443690,529443690,265294774,357459643,57328015,"[103737318, 49377012, 18869717]"
88,1672,meta-llama/Llama-3.1-8B,512,4,0,603197805,603197805,357459643,461196961,47333614,"[49377012, 18869717, 73754115]"
88,1816,meta-llama/Llama-3.1-8B,512,4,0,603197805,603197805,357459643,461196961,47333614,"[49377012, 18869717, 73754115]"
88,1960,meta-llama/Llama-3.1-8B,512,4,0,603197805,603197805,357459643,461196961,47333614,"[49377012, 18869717, 73754115]"
88,2104,meta-llama/Llama-3.1-8B,512,4,0,603197805,603197805,357459643,461196961,47333614,"[49377012, 18869717, 73754115]"
88,2248,meta-llama/Llama-3.1-8B,512,4,0,638909344,638909344,461196961,510573973,42778457,"[18869717, 73754115, 35711539]"
88,2392,meta-llama/Llama-3.1-8B,512,4,0,662764684,662764684,529443690,603197805,19855626,"[35711539, 11513345, 12341995]"
88,2536,meta-llama/Llama-3.1-8B,512,4,0,662764684,662764684,529443690,603197805,19855626,"[35711539, 11513345, 12341995]"
88,2680,meta-llama/Llama-3.1-8B,512,4,0,662764684,662764684,529443690,603197805,19855626,"[35711539, 11513345, 12341995]"
88,2824,meta-llama/Llama-3.1-8B,512,4,0,674049877,674049877,603197805,638909344,11713511,"[11513345, 12341995, 11285193]"
88,2968,meta-llama/Llama-3.1-8B,520,4,3000000000,3167751936,167751936,37406,133207014,11514974,"[11513918, 11514974, 11516030]"
88,3112,meta-llama/Llama-3.1-8B,520,4,3000000000,3167751936,167751936,37406,133207014,11514974,"[11513918, 11514974, 11516030]"
88,3256,meta-llama/Llama-3.1-8B,520,4,3000000000,3167751936,167751936,37406,133207014,11514974,"[11513918, 11514974, 11516030]"
88,3400,meta-llama/Llama-3.1-8B,520,4,3000000000,3167751936,167751936,37406,133207014,11514974,"[11513918, 11514974, 11516030]"
88,3544,meta-llama/Llama-3.1-8B,520,4,3000000000,3167751936,167751936,37406,133207014,11514974,"[11513918, 11514974, 11516030]"
88,3688,meta-llama/Llama-3.1-8B,520,4,3000000000,3167751936,167751936,37406,133207014,11514974,"[11513918, 11514974, 11516030]"
88,3832,meta-llama/Llama-3.1-8B,520,4,3000000000,3167751936,167751936,37406,133207014,11514974,"[11513918, 11514974, 11516030]"
88,3976,meta-llama/Llama-3.1-8B,520,4,3000000000,3167751936,167751936,37406,133207014,11514974,"[11513918, 11514974, 11516030]"
88,4120,meta-llama/Llama-3.1-8B,520,4,3000000000,3668991312,668991312,167751936,634446390,11514974,"[11513918, 11514974, 11516030]"
88,4264,meta-llama/Llama-3.1-8B,520,4,3000000000,3668991312,668991312,167751936,634446390,11514974,"[11513918, 11514974, 11516030]"
88,4408,meta-llama/Llama-3.1-8B,520,4,3000000000,3668991312,668991312,167751936,634446390,11514974,"[11513918, 11514974, 11516030]"
88,4552,meta-llama/Llama-3.1-8B,520,4,3000000000,3668991312,668991312,167751936,634446390,11514974,"[11513918, 11514974, 11516030]"
88,4696,meta-llama/Llama-3.1-8B,520,4,3000000000,3668991312,668991312,167751936,634446390,11514974,"[11513918, 11514974, 11516030]"
88,4840,meta-llama/Llama-3.1-8B,520,4,3000000000,3668991312,668991312,167751936,634446390,11514974,"[11513918, 11514974, 11516030]"
88,4984,meta-llama/Llama-3.1-8B,520,4,3000000000,3668991312,668991312,167751936,634446390,11514974,"[11513918, 11514974, 11516030]"
88,5128,meta-llama/Llama-3.1-8B,520,4,3000000000,3668991312,668991312,167751936,634446390,11514974,"[11513918, 11514974, 11516030]"
88,5272,meta-llama/Llama-3.1-8B,520,4,3000000000,4167641940,1167641940,668991312,1133799201,11280913,"[11280401, 11280913, 11281425]"
88,5416,meta-llama/Llama-3.1-8B,520,4,3000000000,4167641940,1167641940,668991312,1133799201,11280913,"[11280401, 11280913, 11281425]"
88,5560,meta-llama/Llama-3.1-8B,520,4,3000000000,4167641940,1167641940,668991312,1133799201,11280913,"[11280401, 11280913, 11281425]"
88,5704,meta-llama/Llama-3.1-8B,520,4,3000000000,4167641940,1167641940,668991312,1133799201,11280913,"[11280401, 11280913, 11281425]"
89,89,meta-llama/Llama-3.1-8B,512,4,0,265296946,265296946,1,92379222,57639241,"[121233056, 39986764, 11697904]"
89,233,meta-llama/Llama-3.1-8B,512,4,0,265296946,265296946,1,92379222,57639241,"[121233056, 39986764, 11697904]"
89,377,meta-llama/Llama-3.1-8B,512,4,0,265296946,265296946,1,92379222,57639241,"[121233056, 39986764, 11697904]"
89,521,meta-llama/Llama-3.1-8B,512,4,0,265296946,265296946,1,92379222,57639241,"[121233056, 39986764, 11697904]"
89,665,meta-llama/Llama-3.1-8B,512,4,0,357985099,357985099,92379222,213612278,48124273,"[39986764, 11697904, 92688153]"
89,809,meta-llama/Llama-3.1-8B,512,4,0,357985099,357985099,92379222,213612278,48124273,"[39986764, 11697904, 92688153]"
89,953,meta-llama/Llama-3.1-8B,512,4,0,357985099,357985099,92379222,213612278,48124273,"[39986764, 11697904, 92688153]"
89,1097,meta-llama/Llama-3.1-8B,512,4,0,461593135,461593135,213612278,253599042,69331364,"[11697904, 92688153, 103608036]"
89,1241,meta-llama/Llama-3.1-8B,512,4,0,529445862,529445862,265296946,357985099,57153587,"[103608036, 49114087, 18738640]"
89,1385,meta-llama/Llama-3.1-8B,512,4,0,529445862,529445862,265296946,357985099,57153587,"[103608036, 49114087, 18738640]"
89,1529,meta-llama/Llama-3.1-8B,512,4,0,529445862,529445862,265296946,357985099,57153587,"[103608036, 49114087, 18738640]"
89,1673,meta-llama/Llama-3.1-8B,512,4,0,603593209,603593209,357985099,461593135,47333358,"[49114087, 18738640, 74147347]"
89,1817,meta-llama/Llama-3.1-8B,512,4,0,603593209,603593209,357985099,461593135,47333358,"[49114087, 18738640, 74147347]"
89,1961,meta-llama/Llama-3.1-8B,512,4,0,603593209,603593209,357985099,461593135,47333358,"[49114087, 18738640, 74147347]"
89,2105,meta-llama/Llama-3.1-8B,512,4,0,603593209,603593209,357985099,461593135,47333358,"[49114087, 18738640, 74147347]"
89,2249,meta-llama/Llama-3.1-8B,512,4,0,639728189,639728189,461593135,510707222,43006989,"[18738640, 74147347, 36134980]"
89,2393,meta-llama/Llama-3.1-8B,512,4,0,667429696,667429696,529445862,603593209,21278829,"[36134980, 14543470, 13158037]"
89,2537,meta-llama/Llama-3.1-8B,512,4,0,667429696,667429696,529445862,603593209,21278829,"[36134980, 14543470, 13158037]"
89,2681,meta-llama/Llama-3.1-8B,512,4,0,667429696,667429696,529445862,603593209,21278829,"[36134980, 14543470, 13158037]"
89,2825,meta-llama/Llama-3.1-8B,512,4,0,678747533,678747533,603593209,639728189,13006448,"[14543470, 13158037, 11317837]"
89,2969,meta-llama/Llama-3.1-8B,520,4,3000000000,3174713594,174713594,37406,140168672,11514974,"[11513918, 11514974, 11516030]"
89,3113,meta-llama/Llama-3.1-8B,520,4,3000000000,3174713594,174713594,37406,140168672,11514974,"[11513918, 11514974, 11516030]"
89,3257,meta-llama/Llama-3.1-8B,520,4,3000000000,3174713594,174713594,37406,140168672,11514974,"[11513918, 11514974, 11516030]"
89,3401,meta-llama/Llama-3.1-8B,520,4,3000000000,3174713594,174713594,37406,140168672,11514974,"[11513918, 11514974, 11516030]"
89,3545,meta-llama/Llama-3.1-8B,520,4,3000000000,3174713594,174713594,37406,140168672,11514974,"[11513918, 11514974, 11516030]"
89,3689,meta-llama/Llama-3.1-8B,520,4,3000000000,3174713594,174713594,37406,140168672,11514974,"[11513918, 11514974, 11516030]"
89,3833,meta-llama/Llama-3.1-8B,520,4,3000000000,3174713594,174713594,37406,140168672,11514974,"[11513918, 11514974, 11516030]"
89,3977,meta-llama/Llama-3.1-8B,520,4,3000000000,3174713594,174713594,37406,140168672,11514974,"[11513918, 11514974, 11516030]"
89,4121,meta-llama/Llama-3.1-8B,520,4,3000000000,3675952970,675952970,174713594,641408048,11514974,"[11513918, 11514974, 11516030]"
89,4265,meta-llama/Llama-3.1-8B,520,4,3000000000,3675952970,675952970,174713594,641408048,11514974,"[11513918, 11514974, 11516030]"
89,4409,meta-llama/Llama-3.1-8B,520,4,3000000000,3675952970,675952970,174713594,641408048,11514974,"[11513918, 11514974, 11516030]"
89,4553,meta-llama/Llama-3.1-8B,520,4,3000000000,3675952970,675952970,174713594,641408048,11514974,"[11513918, 11514974, 11516030]"
89,4697,meta-llama/Llama-3.1-8B,520,4,3000000000,3675952970,675952970,174713594,641408048,11514974,"[11513918, 11514974, 11516030]"
89,4841,meta-llama/Llama-3.1-8B,520,4,3000000000,3675952970,675952970,174713594,641408048,11514974,"[11513918, 11514974, 11516030]"
89,4985,meta-llama/Llama-3.1-8B,520,4,3000000000,3675952970,675952970,174713594,641408048,11514974,"[11513918, 11514974, 11516030]"
89,5129,meta-llama/Llama-3.1-8B,520,4,3000000000,3675952970,675952970,174713594,641408048,11514974,"[11513918, 11514974, 11516030]"
89,5273,meta-llama/Llama-3.1-8B,520,4,3000000000,4174603598,1174603598,675952970,1140760859,11280913,"[11280401, 11280913, 11281425]"
89,5417,meta-llama/Llama-3.1-8B,520,4,3000000000,4174603598,1174603598,675952970,1140760859,11280913,"[11280401, 11280913, 11281425]"
89,5561,meta-llama/Llama-3.1-8B,520,4,3000000000,4174603598,1174603598,675952970,1140760859,11280913,"[11280401, 11280913, 11281425]"
89,5705,meta-llama/Llama-3.1-8B,520,4,3000000000,4174603598,1174603598,675952970,1140760859,11280913,"[11280401, 11280913, 11281425]"
90,90,meta-llama/Llama-3.1-8B,512,4,0,265299118,265299118,1,92904678,57464813,"[121233056, 39464249, 11697135]"
90,234,meta-llama/Llama-3.1-8B,512,4,0,265299118,265299118,1,92904678,57464813,"[121233056, 39464249, 11697135]"
90,378,meta-llama/Llama-3.1-8B,512,4,0,265299118,265299118,1,92904678,57464813,"[121233056, 39464249, 11697135]"
90,522,meta-llama/Llama-3.1-8B,512,4,0,265299118,265299118,1,92904678,57464813,"[121233056, 39464249, 11697135]"
90,666,meta-llama/Llama-3.1-8B,512,4,0,358510555,358510555,92904678,214137734,48124273,"[39464249, 11697135, 93211437]"
90,810,meta-llama/Llama-3.1-8B,512,4,0,358510555,358510555,92904678,214137734,48124273,"[39464249, 11697135, 93211437]"
90,954,meta-llama/Llama-3.1-8B,512,4,0,358510555,358510555,92904678,214137734,48124273,"[39464249, 11697135, 93211437]"
90,1098,meta-llama/Llama-3.1-8B,512,4,0,461989309,461989309,214137734,253601983,69462442,"[11697135, 93211437, 103478754]"
90,1242,meta-llama/Llama-3.1-8B,512,4,0,529448034,529448034,265299118,358510555,56979159,"[103478754, 48851162, 18607563]"
90,1386,meta-llama/Llama-3.1-8B,512,4,0,529448034,529448034,265299118,358510555,56979159,"[103478754, 48851162, 18607563]"
90,1530,meta-llama/Llama-3.1-8B,512,4,0,529448034,529448034,265299118,358510555,56979159,"[103478754, 48851162, 18607563]"
90,1674,meta-llama/Llama-3.1-8B,512,4,0,604016650,604016650,358510555,461989309,47342447,"[48851162, 18607563, 74568616]"
90,1818,meta-llama/Llama-3.1-8B,512,4,0,604016650,604016650,358510555,461989309,47342447,"[48851162, 18607563, 74568616]"
90,1962,meta-llama/Llama-3.1-8B,512,4,0,604016650,604016650,358510555,461989309,47342447,"[48851162, 18607563, 74568616]"
90,2106,meta-llama/Llama-3.1-8B,512,4,0,604016650,604016650,358510555,461989309,47342447,"[48851162, 18607563, 74568616]"
90,2250,meta-llama/Llama-3.1-8B,512,4,0,640942438,640942438,461989309,510840471,43367322,"[18607563, 74568616, 36925788]"
90,2394,meta-llama/Llama-3.1-8B,512,4,0,667443808,667443808,529448034,604016650,21142386,"[36925788, 15187313, 11314057]"
90,2538,meta-llama/Llama-3.1-8B,512,4,0,667443808,667443808,529448034,604016650,21142386,"[36925788, 15187313, 11314057]"
90,2682,meta-llama/Llama-3.1-8B,512,4,0,667443808,667443808,529448034,604016650,21142386,"[36925788, 15187313, 11314057]"
90,2826,meta-llama/Llama-3.1-8B,512,4,0,678748029,678748029,604016650,640942438,12601863,"[15187313, 11314057, 11304221]"
90,2970,meta-llama/Llama-3.1-8B,520,4,3000000000,3181675252,181675252,37406,147130330,11514974,"[11513918, 11514974, 11516030]"
90,3114,meta-llama/Llama-3.1-8B,520,4,3000000000,3181675252,181675252,37406,147130330,11514974,"[11513918, 11514974, 11516030]"
90,3258,meta-llama/Llama-3.1-8B,520,4,3000000000,3181675252,181675252,37406,147130330,11514974,"[11513918, 11514974, 11516030]"
90,3402,meta-llama/Llama-3.1-8B,520,4,3000000000,3181675252,181675252,37406,147130330,11514974,"[11513918, 11514974, 11516030]"
90,3546,meta-llama/Llama-3.1-8B,520,4,3000000000,3181675252,181675252,37406,147130330,11514974,"[11513918, 11514974, 11516030]"
90,3690,meta-llama/Llama-3.1-8B,520,4,3000000000,3181675252,181675252,37406,147130330,11514974,"[11513918, 11514974, 11516030]"
90,3834,meta-llama/Llama-3.1-8B,520,4,3000000000,3181675252,181675252,37406,147130330,11514974,"[11513918, 11514974, 11516030]"
90,3978,meta-llama/Llama-3.1-8B,520,4,3000000000,3181675252,181675252,37406,147130330,11514974,"[11513918, 11514974, 11516030]"
90,4122,meta-llama/Llama-3.1-8B,520,4,3000000000,3682914628,682914628,181675252,648369706,11514974,"[11513918, 11514974, 11516030]"
90,4266,meta-llama/Llama-3.1-8B,520,4,3000000000,3682914628,682914628,181675252,648369706,11514974,"[11513918, 11514974, 11516030]"
90,4410,meta-llama/Llama-3.1-8B,520,4,3000000000,3682914628,682914628,181675252,648369706,11514974,"[11513918, 11514974, 11516030]"
90,4554,meta-llama/Llama-3.1-8B,520,4,3000000000,3682914628,682914628,181675252,648369706,11514974,"[11513918, 11514974, 11516030]"
90,4698,meta-llama/Llama-3.1-8B,520,4,3000000000,3682914628,682914628,181675252,648369706,11514974,"[11513918, 11514974, 11516030]"
90,4842,meta-llama/Llama-3.1-8B,520,4,3000000000,3682914628,682914628,181675252,648369706,11514974,"[11513918, 11514974, 11516030]"
90,4986,meta-llama/Llama-3.1-8B,520,4,3000000000,3682914628,682914628,181675252,648369706,11514974,"[11513918, 11514974, 11516030]"
90,5130,meta-llama/Llama-3.1-8B,520,4,3000000000,3682914628,682914628,181675252,648369706,11514974,"[11513918, 11514974, 11516030]"
90,5274,meta-llama/Llama-3.1-8B,520,4,3000000000,4181565256,1181565256,682914628,1147722517,11280913,"[11280401, 11280913, 11281425]"
90,5418,meta-llama/Llama-3.1-8B,520,4,3000000000,4181565256,1181565256,682914628,1147722517,11280913,"[11280401, 11280913, 11281425]"
90,5562,meta-llama/Llama-3.1-8B,520,4,3000000000,4181565256,1181565256,682914628,1147722517,11280913,"[11280401, 11280913, 11281425]"
90,5706,meta-llama/Llama-3.1-8B,520,4,3000000000,4181565256,1181565256,682914628,1147722517,11280913,"[11280401, 11280913, 11281425]"
91,91,meta-llama/Llama-3.1-8B,512,4,0,265301290,265301290,1,93430134,57290385,"[121233056, 38941734, 11696366]"
91,235,meta-llama/Llama-3.1-8B,512,4,0,265301290,265301290,1,93430134,57290385,"[121233056, 38941734, 11696366]"
91,379,meta-llama/Llama-3.1-8B,512,4,0,265301290,265301290,1,93430134,57290385,"[121233056, 38941734, 11696366]"
91,523,meta-llama/Llama-3.1-8B,512,4,0,265301290,265301290,1,93430134,57290385,"[121233056, 38941734, 11696366]"
91,667,meta-llama/Llama-3.1-8B,512,4,0,359036011,359036011,93430134,214663190,48124273,"[38941734, 11696366, 93734721]"
91,811,meta-llama/Llama-3.1-8B,512,4,0,359036011,359036011,93430134,214663190,48124273,"[38941734, 11696366, 93734721]"
91,955,meta-llama/Llama-3.1-8B,512,4,0,359036011,359036011,93430134,214663190,48124273,"[38941734, 11696366, 93734721]"
91,1099,meta-llama/Llama-3.1-8B,512,4,0,462385483,462385483,214663190,253604924,69593519,"[11696366, 93734721, 103349472]"
91,1243,meta-llama/Llama-3.1-8B,512,4,0,529606173,529606173,265301290,359036011,56856720,"[103349472, 48588237, 18632453]"
91,1387,meta-llama/Llama-3.1-8B,512,4,0,529606173,529606173,265301290,359036011,56856720,"[103349472, 48588237, 18632453]"
91,1531,meta-llama/Llama-3.1-8B,512,4,0,529606173,529606173,265301290,359036011,56856720,"[103349472, 48588237, 18632453]"
91,1675,meta-llama/Llama-3.1-8B,512,4,0,604412054,604412054,359036011,462385483,47342190,"[48588237, 18632453, 74805881]"
91,1819,meta-llama/Llama-3.1-8B,512,4,0,604412054,604412054,359036011,462385483,47342190,"[48588237, 18632453, 74805881]"
91,1963,meta-llama/Llama-3.1-8B,512,4,0,604412054,604412054,359036011,462385483,47342190,"[48588237, 18632453, 74805881]"
91,2107,meta-llama/Llama-3.1-8B,512,4,0,604412054,604412054,359036011,462385483,47342190,"[48588237, 18632453, 74805881]"
91,2251,meta-llama/Llama-3.1-8B,512,4,0,642156687,642156687,462385483,510973720,43727655,"[18632453, 74805881, 37744633]"
91,2395,meta-llama/Llama-3.1-8B,512,4,0,667444954,667444954,529606173,604412054,21010966,"[37744633, 13977582, 11310685]"
91,2539,meta-llama/Llama-3.1-8B,512,4,0,667444954,667444954,529606173,604412054,21010966,"[37744633, 13977582, 11310685]"
91,2683,meta-llama/Llama-3.1-8B,512,4,0,667444954,667444954,529606173,604412054,21010966,"[37744633, 13977582, 11310685]"
91,2827,meta-llama/Llama-3.1-8B,512,4,0,678748405,678748405,604412054,642156687,12197239,"[13977582, 11310685, 11303451]"
91,2971,meta-llama/Llama-3.1-8B,520,4,3000000000,3188636910,188636910,37406,154091988,11514974,"[11513918, 11514974, 11516030]"
91,3115,meta-llama/Llama-3.1-8B,520,4,3000000000,3188636910,188636910,37406,154091988,11514974,"[11513918, 11514974, 11516030]"
91,3259,meta-llama/Llama-3.1-8B,520,4,3000000000,3188636910,188636910,37406,154091988,11514974,"[11513918, 11514974, 11516030]"
91,3403,meta-llama/Llama-3.1-8B,520,4,3000000000,3188636910,188636910,37406,154091988,11514974,"[11513918, 11514974, 11516030]"
91,3547,meta-llama/Llama-3.1-8B,520,4,3000000000,3188636910,188636910,37406,154091988,11514974,"[11513918, 11514974, 11516030]"
91,3691,meta-llama/Llama-3.1-8B,520,4,3000000000,3188636910,188636910,37406,154091988,11514974,"[11513918, 11514974, 11516030]"
91,3835,meta-llama/Llama-3.1-8B,520,4,3000000000,3188636910,188636910,37406,154091988,11514974,"[11513918, 11514974, 11516030]"
91,3979,meta-llama/Llama-3.1-8B,520,4,3000000000,3188636910,188636910,37406,154091988,11514974,"[11513918, 11514974, 11516030]"
91,4123,meta-llama/Llama-3.1-8B,520,4,3000000000,3689876286,689876286,188636910,655331364,11514974,"[11513918, 11514974, 11516030]"
91,4267,meta-llama/Llama-3.1-8B,520,4,3000000000,3689876286,689876286,188636910,655331364,11514974,"[11513918, 11514974, 11516030]"
91,4411,meta-llama/Llama-3.1-8B,520,4,3000000000,3689876286,689876286,188636910,655331364,11514974,"[11513918, 11514974, 11516030]"
91,4555,meta-llama/Llama-3.1-8B,520,4,3000000000,3689876286,689876286,188636910,655331364,11514974,"[11513918, 11514974, 11516030]"
91,4699,meta-llama/Llama-3.1-8B,520,4,3000000000,3689876286,689876286,188636910,655331364,11514974,"[11513918, 11514974, 11516030]"
91,4843,meta-llama/Llama-3.1-8B,520,4,3000000000,3689876286,689876286,188636910,655331364,11514974,"[11513918, 11514974, 11516030]"
91,4987,meta-llama/Llama-3.1-8B,520,4,3000000000,3689876286,689876286,188636910,655331364,11514974,"[11513918, 11514974, 11516030]"
91,5131,meta-llama/Llama-3.1-8B,520,4,3000000000,3689876286,689876286,188636910,655331364,11514974,"[11513918, 11514974, 11516030]"
91,5275,meta-llama/Llama-3.1-8B,520,4,3000000000,4188526914,1188526914,689876286,1154684175,11280913,"[11280401, 11280913, 11281425]"
91,5419,meta-llama/Llama-3.1-8B,520,4,3000000000,4188526914,1188526914,689876286,1154684175,11280913,"[11280401, 11280913, 11281425]"
91,5563,meta-llama/Llama-3.1-8B,520,4,3000000000,4188526914,1188526914,689876286,1154684175,11280913,"[11280401, 11280913, 11281425]"
91,5707,meta-llama/Llama-3.1-8B,520,4,3000000000,4188526914,1188526914,689876286,1154684175,11280913,"[11280401, 11280913, 11281425]"
92,92,meta-llama/Llama-3.1-8B,512,4,0,265303462,265303462,1,93955590,57115957,"[121233056, 38419219, 11695597]"
92,236,meta-llama/Llama-3.1-8B,512,4,0,265303462,265303462,1,93955590,57115957,"[121233056, 38419219, 11695597]"
92,380,meta-llama/Llama-3.1-8B,512,4,0,265303462,265303462,1,93955590,57115957,"[121233056, 38419219, 11695597]"
92,524,meta-llama/Llama-3.1-8B,512,4,0,265303462,265303462,1,93955590,57115957,"[121233056, 38419219, 11695597]"
92,668,meta-llama/Llama-3.1-8B,512,4,0,359561467,359561467,93955590,215188646,48124273,"[38419219, 11695597, 94258005]"
92,812,meta-llama/Llama-3.1-8B,512,4,0,359561467,359561467,93955590,215188646,48124273,"[38419219, 11695597, 94258005]"
92,956,meta-llama/Llama-3.1-8B,512,4,0,359561467,359561467,93955590,215188646,48124273,"[38419219, 11695597, 94258005]"
92,1100,meta-llama/Llama-3.1-8B,512,4,0,462781657,462781657,215188646,253607865,69724597,"[11695597, 94258005, 103220190]"
92,1244,meta-llama/Llama-3.1-8B,512,4,0,529608345,529608345,265303462,359561467,56682292,"[103220190, 48325312, 18501376]"
92,1388,meta-llama/Llama-3.1-8B,512,4,0,529608345,529608345,265303462,359561467,56682292,"[103220190, 48325312, 18501376]"
92,1532,meta-llama/Llama-3.1-8B,512,4,0,529608345,529608345,265303462,359561467,56682292,"[103220190, 48325312, 18501376]"
92,1676,meta-llama/Llama-3.1-8B,512,4,0,604807458,604807458,359561467,462781657,47341933,"[48325312, 18501376, 75199113]"
92,1820,meta-llama/Llama-3.1-8B,512,4,0,604807458,604807458,359561467,462781657,47341933,"[48325312, 18501376, 75199113]"
92,1964,meta-llama/Llama-3.1-8B,512,4,0,604807458,604807458,359561467,462781657,47341933,"[48325312, 18501376, 75199113]"
92,2108,meta-llama/Llama-3.1-8B,512,4,0,604807458,604807458,359561467,462781657,47341933,"[48325312, 18501376, 75199113]"
92,2252,meta-llama/Llama-3.1-8B,512,4,0,642975532,642975532,462781657,511106969,43956187,"[18501376, 75199113, 38168074]"
92,2396,meta-llama/Llama-3.1-8B,512,4,0,667446220,667446220,529608345,604807458,20879587,"[38168074, 13160603, 11310085]"
92,2540,meta-llama/Llama-3.1-8B,512,4,0,667446220,667446220,529608345,604807458,20879587,"[38168074, 13160603, 11310085]"
92,2684,meta-llama/Llama-3.1-8B,512,4,0,667446220,667446220,529608345,604807458,20879587,"[38168074, 13160603, 11310085]"
92,2828,meta-llama/Llama-3.1-8B,512,4,0,678748781,678748781,604807458,642975532,11924416,"[13160603, 11310085, 11302561]"
92,2972,meta-llama/Llama-3.1-8B,520,4,3000000000,3195598568,195598568,37406,161053646,11514974,"[11513918, 11514974, 11516030]"
92,3116,meta-llama/Llama-3.1-8B,520,4,3000000000,3195598568,195598568,37406,161053646,11514974,"[11513918, 11514974, 11516030]"
92,3260,meta-llama/Llama-3.1-8B,520,4,3000000000,3195598568,195598568,37406,161053646,11514974,"[11513918, 11514974, 11516030]"
92,3404,meta-llama/Llama-3.1-8B,520,4,3000000000,3195598568,195598568,37406,161053646,11514974,"[11513918, 11514974, 11516030]"
92,3548,meta-llama/Llama-3.1-8B,520,4,3000000000,3195598568,195598568,37406,161053646,11514974,"[11513918, 11514974, 11516030]"
92,3692,meta-llama/Llama-3.1-8B,520,4,3000000000,3195598568,195598568,37406,161053646,11514974,"[11513918, 11514974, 11516030]"
92,3836,meta-llama/Llama-3.1-8B,520,4,3000000000,3195598568,195598568,37406,161053646,11514974,"[11513918, 11514974, 11516030]"
92,3980,meta-llama/Llama-3.1-8B,520,4,3000000000,3195598568,195598568,37406,161053646,11514974,"[11513918, 11514974, 11516030]"
92,4124,meta-llama/Llama-3.1-8B,520,4,3000000000,3696837944,696837944,195598568,662293022,11514974,"[11513918, 11514974, 11516030]"
92,4268,meta-llama/Llama-3.1-8B,520,4,3000000000,3696837944,696837944,195598568,662293022,11514974,"[11513918, 11514974, 11516030]"
92,4412,meta-llama/Llama-3.1-8B,520,4,3000000000,3696837944,696837944,195598568,662293022,11514974,"[11513918, 11514974, 11516030]"
92,4556,meta-llama/Llama-3.1-8B,520,4,3000000000,3696837944,696837944,195598568,662293022,11514974,"[11513918, 11514974, 11516030]"
92,4700,meta-llama/Llama-3.1-8B,520,4,3000000000,3696837944,696837944,195598568,662293022,11514974,"[11513918, 11514974, 11516030]"
92,4844,meta-llama/Llama-3.1-8B,520,4,3000000000,3696837944,696837944,195598568,662293022,11514974,"[11513918, 11514974, 11516030]"
92,4988,meta-llama/Llama-3.1-8B,520,4,3000000000,3696837944,696837944,195598568,662293022,11514974,"[11513918, 11514974, 11516030]"
92,5132,meta-llama/Llama-3.1-8B,520,4,3000000000,3696837944,696837944,195598568,662293022,11514974,"[11513918, 11514974, 11516030]"
92,5276,meta-llama/Llama-3.1-8B,520,4,3000000000,4195488572,1195488572,696837944,1161645833,11280913,"[11280401, 11280913, 11281425]"
92,5420,meta-llama/Llama-3.1-8B,520,4,3000000000,4195488572,1195488572,696837944,1161645833,11280913,"[11280401, 11280913, 11281425]"
92,5564,meta-llama/Llama-3.1-8B,520,4,3000000000,4195488572,1195488572,696837944,1161645833,11280913,"[11280401, 11280913, 11281425]"
92,5708,meta-llama/Llama-3.1-8B,520,4,3000000000,4195488572,1195488572,696837944,1161645833,11280913,"[11280401, 11280913, 11281425]"
93,93,meta-llama/Llama-3.1-8B,512,4,0,265305762,265305762,1,94481046,56941572,"[121233056, 37896704, 11694956]"
93,237,meta-llama/Llama-3.1-8B,512,4,0,265305762,265305762,1,94481046,56941572,"[121233056, 37896704, 11694956]"
93,381,meta-llama/Llama-3.1-8B,512,4,0,265305762,265305762,1,94481046,56941572,"[121233056, 37896704, 11694956]"
93,525,meta-llama/Llama-3.1-8B,512,4,0,265305762,265305762,1,94481046,56941572,"[121233056, 37896704, 11694956]"
93,669,meta-llama/Llama-3.1-8B,512,4,0,360086923,360086923,94481046,215714102,48124273,"[37896704, 11694956, 94781161]"
93,813,meta-llama/Llama-3.1-8B,512,4,0,360086923,360086923,94481046,215714102,48124273,"[37896704, 11694956, 94781161]"
93,957,meta-llama/Llama-3.1-8B,512,4,0,360086923,360086923,94481046,215714102,48124273,"[37896704, 11694956, 94781161]"
93,1101,meta-llama/Llama-3.1-8B,512,4,0,463177831,463177831,215714102,253610806,69855675,"[11694956, 94781161, 103090908]"
93,1245,meta-llama/Llama-3.1-8B,512,4,0,529610517,529610517,265305762,360086923,56507864,"[103090908, 48062387, 18370299]"
93,1389,meta-llama/Llama-3.1-8B,512,4,0,529610517,529610517,265305762,360086923,56507864,"[103090908, 48062387, 18370299]"
93,1533,meta-llama/Llama-3.1-8B,512,4,0,529610517,529610517,265305762,360086923,56507864,"[103090908, 48062387, 18370299]"
93,1677,meta-llama/Llama-3.1-8B,512,4,0,605230899,605230899,360086923,463177831,47351022,"[48062387, 18370299, 75620382]"
93,1821,meta-llama/Llama-3.1-8B,512,4,0,605230899,605230899,360086923,463177831,47351022,"[48062387, 18370299, 75620382]"
93,1965,meta-llama/Llama-3.1-8B,512,4,0,605230899,605230899,360086923,463177831,47351022,"[48062387, 18370299, 75620382]"
93,2109,meta-llama/Llama-3.1-8B,512,4,0,605230899,605230899,360086923,463177831,47351022,"[48062387, 18370299, 75620382]"
93,2253,meta-llama/Llama-3.1-8B,512,4,0,644189781,644189781,463177831,511240218,44316521,"[18370299, 75620382, 38958882]"
93,2397,meta-llama/Llama-3.1-8B,512,4,0,667447366,667447366,529610517,605230899,20738822,"[38958882, 11951112, 11306473]"
93,2541,meta-llama/Llama-3.1-8B,512,4,0,667447366,667447366,529610517,605230899,20738822,"[38958882, 11951112, 11306473]"
93,2685,meta-llama/Llama-3.1-8B,512,4,0,667447366,667447366,529610517,605230899,20738822,"[38958882, 11951112, 11306473]"
93,2829,meta-llama/Llama-3.1-8B,512,4,0,678749157,678749157,605230899,644189781,11519792,"[11951112, 11306473, 11301791]"
93,2973,meta-llama/Llama-3.1-8B,520,4,3000000000,3202560226,202560226,37406,168015304,11514974,"[11513918, 11514974, 11516030]"
93,3117,meta-llama/Llama-3.1-8B,520,4,3000000000,3202560226,202560226,37406,168015304,11514974,"[11513918, 11514974, 11516030]"
93,3261,meta-llama/Llama-3.1-8B,520,4,3000000000,3202560226,202560226,37406,168015304,11514974,"[11513918, 11514974, 11516030]"
93,3405,meta-llama/Llama-3.1-8B,520,4,3000000000,3202560226,202560226,37406,168015304,11514974,"[11513918, 11514974, 11516030]"
93,3549,meta-llama/Llama-3.1-8B,520,4,3000000000,3202560226,202560226,37406,168015304,11514974,"[11513918, 11514974, 11516030]"
93,3693,meta-llama/Llama-3.1-8B,520,4,3000000000,3202560226,202560226,37406,168015304,11514974,"[11513918, 11514974, 11516030]"
93,3837,meta-llama/Llama-3.1-8B,520,4,3000000000,3202560226,202560226,37406,168015304,11514974,"[11513918, 11514974, 11516030]"
93,3981,meta-llama/Llama-3.1-8B,520,4,3000000000,3202560226,202560226,37406,168015304,11514974,"[11513918, 11514974, 11516030]"
93,4125,meta-llama/Llama-3.1-8B,520,4,3000000000,3703799602,703799602,202560226,669254680,11514974,"[11513918, 11514974, 11516030]"
93,4269,meta-llama/Llama-3.1-8B,520,4,3000000000,3703799602,703799602,202560226,669254680,11514974,"[11513918, 11514974, 11516030]"
93,4413,meta-llama/Llama-3.1-8B,520,4,3000000000,3703799602,703799602,202560226,669254680,11514974,"[11513918, 11514974, 11516030]"
93,4557,meta-llama/Llama-3.1-8B,520,4,3000000000,3703799602,703799602,202560226,669254680,11514974,"[11513918, 11514974, 11516030]"
93,4701,meta-llama/Llama-3.1-8B,520,4,3000000000,3703799602,703799602,202560226,669254680,11514974,"[11513918, 11514974, 11516030]"
93,4845,meta-llama/Llama-3.1-8B,520,4,3000000000,3703799602,703799602,202560226,669254680,11514974,"[11513918, 11514974, 11516030]"
93,4989,meta-llama/Llama-3.1-8B,520,4,3000000000,3703799602,703799602,202560226,669254680,11514974,"[11513918, 11514974, 11516030]"
93,5133,meta-llama/Llama-3.1-8B,520,4,3000000000,3703799602,703799602,202560226,669254680,11514974,"[11513918, 11514974, 11516030]"
93,5277,meta-llama/Llama-3.1-8B,520,4,3000000000,4202450230,1202450230,703799602,1168607491,11280913,"[11280401, 11280913, 11281425]"
93,5421,meta-llama/Llama-3.1-8B,520,4,3000000000,4202450230,1202450230,703799602,1168607491,11280913,"[11280401, 11280913, 11281425]"
93,5565,meta-llama/Llama-3.1-8B,520,4,3000000000,4202450230,1202450230,703799602,1168607491,11280913,"[11280401, 11280913, 11281425]"
93,5709,meta-llama/Llama-3.1-8B,520,4,3000000000,4202450230,1202450230,703799602,1168607491,11280913,"[11280401, 11280913, 11281425]"
94,94,meta-llama/Llama-3.1-8B,512,4,0,265307934,265307934,1,95006502,56767144,"[121233056, 37374189, 11694187]"
94,238,meta-llama/Llama-3.1-8B,512,4,0,265307934,265307934,1,95006502,56767144,"[121233056, 37374189, 11694187]"
94,382,meta-llama/Llama-3.1-8B,512,4,0,265307934,265307934,1,95006502,56767144,"[121233056, 37374189, 11694187]"
94,526,meta-llama/Llama-3.1-8B,512,4,0,265307934,265307934,1,95006502,56767144,"[121233056, 37374189, 11694187]"
94,670,meta-llama/Llama-3.1-8B,512,4,0,360612379,360612379,95006502,216239558,48124273,"[37374189, 11694187, 95304445]"
94,814,meta-llama/Llama-3.1-8B,512,4,0,360612379,360612379,95006502,216239558,48124273,"[37374189, 11694187, 95304445]"
94,958,meta-llama/Llama-3.1-8B,512,4,0,360612379,360612379,95006502,216239558,48124273,"[37374189, 11694187, 95304445]"
94,1102,meta-llama/Llama-3.1-8B,512,4,0,463574005,463574005,216239558,253613747,69986752,"[11694187, 95304445, 102961626]"
94,1246,meta-llama/Llama-3.1-8B,512,4,0,529612689,529612689,265307934,360612379,56333436,"[102961626, 47799462, 18239222]"
94,1390,meta-llama/Llama-3.1-8B,512,4,0,529612689,529612689,265307934,360612379,56333436,"[102961626, 47799462, 18239222]"
94,1534,meta-llama/Llama-3.1-8B,512,4,0,529612689,529612689,265307934,360612379,56333436,"[102961626, 47799462, 18239222]"
94,1678,meta-llama/Llama-3.1-8B,512,4,0,605626303,605626303,360612379,463574005,47350766,"[47799462, 18239222, 76013614]"
94,1822,meta-llama/Llama-3.1-8B,512,4,0,605626303,605626303,360612379,463574005,47350766,"[47799462, 18239222, 76013614]"
94,1966,meta-llama/Llama-3.1-8B,512,4,0,605626303,605626303,360612379,463574005,47350766,"[47799462, 18239222, 76013614]"
94,2110,meta-llama/Llama-3.1-8B,512,4,0,605626303,605626303,360612379,463574005,47350766,"[47799462, 18239222, 76013614]"
94,2254,meta-llama/Llama-3.1-8B,512,4,0,645404030,645404030,463574005,511373467,44676854,"[18239222, 76013614, 39777727]"
94,2398,meta-llama/Llama-3.1-8B,512,4,0,667957152,667957152,529612689,605626303,20776949,"[39777727, 11276305, 11276817]"
94,2542,meta-llama/Llama-3.1-8B,512,4,0,667957152,667957152,529612689,605626303,20776949,"[39777727, 11276305, 11276817]"
94,2686,meta-llama/Llama-3.1-8B,512,4,0,667957152,667957152,529612689,605626303,20776949,"[39777727, 11276305, 11276817]"
94,2830,meta-llama/Llama-3.1-8B,512,4,0,679242225,679242225,605626303,645404030,11279398,"[11276305, 11276817, 11285073]"
94,2974,meta-llama/Llama-3.1-8B,520,4,3000000000,3209521884,209521884,37406,174976962,11514974,"[11513918, 11514974, 11516030]"
94,3118,meta-llama/Llama-3.1-8B,520,4,3000000000,3209521884,209521884,37406,174976962,11514974,"[11513918, 11514974, 11516030]"
94,3262,meta-llama/Llama-3.1-8B,520,4,3000000000,3209521884,209521884,37406,174976962,11514974,"[11513918, 11514974, 11516030]"
94,3406,meta-llama/Llama-3.1-8B,520,4,3000000000,3209521884,209521884,37406,174976962,11514974,"[11513918, 11514974, 11516030]"
94,3550,meta-llama/Llama-3.1-8B,520,4,3000000000,3209521884,209521884,37406,174976962,11514974,"[11513918, 11514974, 11516030]"
94,3694,meta-llama/Llama-3.1-8B,520,4,3000000000,3209521884,209521884,37406,174976962,11514974,"[11513918, 11514974, 11516030]"
94,3838,meta-llama/Llama-3.1-8B,520,4,3000000000,3209521884,209521884,37406,174976962,11514974,"[11513918, 11514974, 11516030]"
94,3982,meta-llama/Llama-3.1-8B,520,4,3000000000,3209521884,209521884,37406,174976962,11514974,"[11513918, 11514974, 11516030]"
94,4126,meta-llama/Llama-3.1-8B,520,4,3000000000,3710761260,710761260,209521884,676216338,11514974,"[11513918, 11514974, 11516030]"
94,4270,meta-llama/Llama-3.1-8B,520,4,3000000000,3710761260,710761260,209521884,676216338,11514974,"[11513918, 11514974, 11516030]"
94,4414,meta-llama/Llama-3.1-8B,520,4,3000000000,3710761260,710761260,209521884,676216338,11514974,"[11513918, 11514974, 11516030]"
94,4558,meta-llama/Llama-3.1-8B,520,4,3000000000,3710761260,710761260,209521884,676216338,11514974,"[11513918, 11514974, 11516030]"
94,4702,meta-llama/Llama-3.1-8B,520,4,3000000000,3710761260,710761260,209521884,676216338,11514974,"[11513918, 11514974, 11516030]"
94,4846,meta-llama/Llama-3.1-8B,520,4,3000000000,3710761260,710761260,209521884,676216338,11514974,"[11513918, 11514974, 11516030]"
94,4990,meta-llama/Llama-3.1-8B,520,4,3000000000,3710761260,710761260,209521884,676216338,11514974,"[11513918, 11514974, 11516030]"
94,5134,meta-llama/Llama-3.1-8B,520,4,3000000000,3710761260,710761260,209521884,676216338,11514974,"[11513918, 11514974, 11516030]"
94,5278,meta-llama/Llama-3.1-8B,520,4,3000000000,4209411888,1209411888,710761260,1175569149,11280913,"[11280401, 11280913, 11281425]"
94,5422,meta-llama/Llama-3.1-8B,520,4,3000000000,4209411888,1209411888,710761260,1175569149,11280913,"[11280401, 11280913, 11281425]"
94,5566,meta-llama/Llama-3.1-8B,520,4,3000000000,4209411888,1209411888,710761260,1175569149,11280913,"[11280401, 11280913, 11281425]"
94,5710,meta-llama/Llama-3.1-8B,520,4,3000000000,4209411888,1209411888,710761260,1175569149,11280913,"[11280401, 11280913, 11281425]"
95,95,meta-llama/Llama-3.1-8B,512,4,0,265310106,265310106,1,95531958,56592716,"[121233056, 36851674, 11693418]"
95,239,meta-llama/Llama-3.1-8B,512,4,0,265310106,265310106,1,95531958,56592716,"[121233056, 36851674, 11693418]"
95,383,meta-llama/Llama-3.1-8B,512,4,0,265310106,265310106,1,95531958,56592716,"[121233056, 36851674, 11693418]"
95,527,meta-llama/Llama-3.1-8B,512,4,0,265310106,265310106,1,95531958,56592716,"[121233056, 36851674, 11693418]"
95,671,meta-llama/Llama-3.1-8B,512,4,0,361137835,361137835,95531958,216765014,48124273,"[36851674, 11693418, 95827729]"
95,815,meta-llama/Llama-3.1-8B,512,4,0,361137835,361137835,95531958,216765014,48124273,"[36851674, 11693418, 95827729]"
95,959,meta-llama/Llama-3.1-8B,512,4,0,361137835,361137835,95531958,216765014,48124273,"[36851674, 11693418, 95827729]"
95,1103,meta-llama/Llama-3.1-8B,512,4,0,463970179,463970179,216765014,253616688,70117830,"[11693418, 95827729, 102832344]"
95,1247,meta-llama/Llama-3.1-8B,512,4,0,529614861,529614861,265310106,361137835,56159008,"[102832344, 47536537, 18108145]"
95,1391,meta-llama/Llama-3.1-8B,512,4,0,529614861,529614861,265310106,361137835,56159008,"[102832344, 47536537, 18108145]"
95,1535,meta-llama/Llama-3.1-8B,512,4,0,529614861,529614861,265310106,361137835,56159008,"[102832344, 47536537, 18108145]"
95,1679,meta-llama/Llama-3.1-8B,512,4,0,606049744,606049744,361137835,463970179,47359855,"[47536537, 18108145, 76434883]"
95,1823,meta-llama/Llama-3.1-8B,512,4,0,606049744,606049744,361137835,463970179,47359855,"[47536537, 18108145, 76434883]"
95,1967,meta-llama/Llama-3.1-8B,512,4,0,606049744,606049744,361137835,463970179,47359855,"[47536537, 18108145, 76434883]"
95,2111,meta-llama/Llama-3.1-8B,512,4,0,606049744,606049744,361137835,463970179,47359855,"[47536537, 18108145, 76434883]"
95,2255,meta-llama/Llama-3.1-8B,512,4,0,646222875,646222875,463970179,511506716,44905386,"[18108145, 76434883, 40173131]"
95,2399,meta-llama/Llama-3.1-8B,512,4,0,668775997,668775997,529614861,606049744,20908751,"[40173131, 11276305, 11276817]"
95,2543,meta-llama/Llama-3.1-8B,512,4,0,668775997,668775997,529614861,606049744,20908751,"[40173131, 11276305, 11276817]"
95,2687,meta-llama/Llama-3.1-8B,512,4,0,668775997,668775997,529614861,606049744,20908751,"[40173131, 11276305, 11276817]"
95,2831,meta-llama/Llama-3.1-8B,512,4,0,680061070,680061070,606049744,646222875,11279398,"[11276305, 11276817, 11285073]"
95,2975,meta-llama/Llama-3.1-8B,520,4,3000000000,3216483542,216483542,37406,181938620,11514974,"[11513918, 11514974, 11516030]"
95,3119,meta-llama/Llama-3.1-8B,520,4,3000000000,3216483542,216483542,37406,181938620,11514974,"[11513918, 11514974, 11516030]"
95,3263,meta-llama/Llama-3.1-8B,520,4,3000000000,3216483542,216483542,37406,181938620,11514974,"[11513918, 11514974, 11516030]"
95,3407,meta-llama/Llama-3.1-8B,520,4,3000000000,3216483542,216483542,37406,181938620,11514974,"[11513918, 11514974, 11516030]"
95,3551,meta-llama/Llama-3.1-8B,520,4,3000000000,3216483542,216483542,37406,181938620,11514974,"[11513918, 11514974, 11516030]"
95,3695,meta-llama/Llama-3.1-8B,520,4,3000000000,3216483542,216483542,37406,181938620,11514974,"[11513918, 11514974, 11516030]"
95,3839,meta-llama/Llama-3.1-8B,520,4,3000000000,3216483542,216483542,37406,181938620,11514974,"[11513918, 11514974, 11516030]"
95,3983,meta-llama/Llama-3.1-8B,520,4,3000000000,3216483542,216483542,37406,181938620,11514974,"[11513918, 11514974, 11516030]"
95,4127,meta-llama/Llama-3.1-8B,520,4,3000000000,3717722918,717722918,216483542,683177996,11514974,"[11513918, 11514974, 11516030]"
95,4271,meta-llama/Llama-3.1-8B,520,4,3000000000,3717722918,717722918,216483542,683177996,11514974,"[11513918, 11514974, 11516030]"
95,4415,meta-llama/Llama-3.1-8B,520,4,3000000000,3717722918,717722918,216483542,683177996,11514974,"[11513918, 11514974, 11516030]"
95,4559,meta-llama/Llama-3.1-8B,520,4,3000000000,3717722918,717722918,216483542,683177996,11514974,"[11513918, 11514974, 11516030]"
95,4703,meta-llama/Llama-3.1-8B,520,4,3000000000,3717722918,717722918,216483542,683177996,11514974,"[11513918, 11514974, 11516030]"
95,4847,meta-llama/Llama-3.1-8B,520,4,3000000000,3717722918,717722918,216483542,683177996,11514974,"[11513918, 11514974, 11516030]"
95,4991,meta-llama/Llama-3.1-8B,520,4,3000000000,3717722918,717722918,216483542,683177996,11514974,"[11513918, 11514974, 11516030]"
95,5135,meta-llama/Llama-3.1-8B,520,4,3000000000,3717722918,717722918,216483542,683177996,11514974,"[11513918, 11514974, 11516030]"
95,5279,meta-llama/Llama-3.1-8B,520,4,3000000000,4216373546,1216373546,717722918,1182530807,11280913,"[11280401, 11280913, 11281425]"
95,5423,meta-llama/Llama-3.1-8B,520,4,3000000000,4216373546,1216373546,717722918,1182530807,11280913,"[11280401, 11280913, 11281425]"
95,5567,meta-llama/Llama-3.1-8B,520,4,3000000000,4216373546,1216373546,717722918,1182530807,11280913,"[11280401, 11280913, 11281425]"
95,5711,meta-llama/Llama-3.1-8B,520,4,3000000000,4216373546,1216373546,717722918,1182530807,11280913,"[11280401, 11280913, 11281425]"
96,96,meta-llama/Llama-3.1-8B,512,4,0,265312278,265312278,1,96057414,56418288,"[121233056, 36329159, 11692649]"
96,240,meta-llama/Llama-3.1-8B,512,4,0,265312278,265312278,1,96057414,56418288,"[121233056, 36329159, 11692649]"
96,384,meta-llama/Llama-3.1-8B,512,4,0,265312278,265312278,1,96057414,56418288,"[121233056, 36329159, 11692649]"
96,528,meta-llama/Llama-3.1-8B,512,4,0,265312278,265312278,1,96057414,56418288,"[121233056, 36329159, 11692649]"
96,672,meta-llama/Llama-3.1-8B,512,4,0,361663291,361663291,96057414,217290470,48124273,"[36329159, 11692649, 96351013]"
96,816,meta-llama/Llama-3.1-8B,512,4,0,361663291,361663291,96057414,217290470,48124273,"[36329159, 11692649, 96351013]"
96,960,meta-llama/Llama-3.1-8B,512,4,0,361663291,361663291,96057414,217290470,48124273,"[36329159, 11692649, 96351013]"
96,1104,meta-llama/Llama-3.1-8B,512,4,0,464366353,464366353,217290470,253619629,70248908,"[11692649, 96351013, 102703062]"
96,1248,meta-llama/Llama-3.1-8B,512,4,0,529617033,529617033,265312278,361663291,55984580,"[102703062, 47273612, 17977068]"
96,1392,meta-llama/Llama-3.1-8B,512,4,0,529617033,529617033,265312278,361663291,55984580,"[102703062, 47273612, 17977068]"
96,1536,meta-llama/Llama-3.1-8B,512,4,0,529617033,529617033,265312278,361663291,55984580,"[102703062, 47273612, 17977068]"
96,1680,meta-llama/Llama-3.1-8B,512,4,0,606445148,606445148,361663291,464366353,47359598,"[47273612, 17977068, 76828115]"
96,1824,meta-llama/Llama-3.1-8B,512,4,0,606445148,606445148,361663291,464366353,47359598,"[47273612, 17977068, 76828115]"
96,1968,meta-llama/Llama-3.1-8B,512,4,0,606445148,606445148,361663291,464366353,47359598,"[47273612, 17977068, 76828115]"
96,2112,meta-llama/Llama-3.1-8B,512,4,0,606445148,606445148,361663291,464366353,47359598,"[47273612, 17977068, 76828115]"
96,2256,meta-llama/Llama-3.1-8B,512,4,0,647437124,647437124,464366353,511639965,45265719,"[17977068, 76828115, 40991976]"
96,2400,meta-llama/Llama-3.1-8B,512,4,0,669990246,669990246,529617033,606445148,21181699,"[40991976, 11276305, 11276817]"
96,2544,meta-llama/Llama-3.1-8B,512,4,0,669990246,669990246,529617033,606445148,21181699,"[40991976, 11276305, 11276817]"
96,2688,meta-llama/Llama-3.1-8B,512,4,0,669990246,669990246,529617033,606445148,21181699,"[40991976, 11276305, 11276817]"
96,2832,meta-llama/Llama-3.1-8B,512,4,0,681275319,681275319,606445148,647437124,11279398,"[11276305, 11276817, 11285073]"
96,2976,meta-llama/Llama-3.1-8B,520,4,3000000000,3223445200,223445200,37406,188900278,11514974,"[11513918, 11514974, 11516030]"
96,3120,meta-llama/Llama-3.1-8B,520,4,3000000000,3223445200,223445200,37406,188900278,11514974,"[11513918, 11514974, 11516030]"
96,3264,meta-llama/Llama-3.1-8B,520,4,3000000000,3223445200,223445200,37406,188900278,11514974,"[11513918, 11514974, 11516030]"
96,3408,meta-llama/Llama-3.1-8B,520,4,3000000000,3223445200,223445200,37406,188900278,11514974,"[11513918, 11514974, 11516030]"
96,3552,meta-llama/Llama-3.1-8B,520,4,3000000000,3223445200,223445200,37406,188900278,11514974,"[11513918, 11514974, 11516030]"
96,3696,meta-llama/Llama-3.1-8B,520,4,3000000000,3223445200,223445200,37406,188900278,11514974,"[11513918, 11514974, 11516030]"
96,3840,meta-llama/Llama-3.1-8B,520,4,3000000000,3223445200,223445200,37406,188900278,11514974,"[11513918, 11514974, 11516030]"
96,3984,meta-llama/Llama-3.1-8B,520,4,3000000000,3223445200,223445200,37406,188900278,11514974,"[11513918, 11514974, 11516030]"
96,4128,meta-llama/Llama-3.1-8B,520,4,3000000000,3724684576,724684576,223445200,690139654,11514974,"[11513918, 11514974, 11516030]"
96,4272,meta-llama/Llama-3.1-8B,520,4,3000000000,3724684576,724684576,223445200,690139654,11514974,"[11513918, 11514974, 11516030]"
96,4416,meta-llama/Llama-3.1-8B,520,4,3000000000,3724684576,724684576,223445200,690139654,11514974,"[11513918, 11514974, 11516030]"
96,4560,meta-llama/Llama-3.1-8B,520,4,3000000000,3724684576,724684576,223445200,690139654,11514974,"[11513918, 11514974, 11516030]"
96,4704,meta-llama/Llama-3.1-8B,520,4,3000000000,3724684576,724684576,223445200,690139654,11514974,"[11513918, 11514974, 11516030]"
96,4848,meta-llama/Llama-3.1-8B,520,4,3000000000,3724684576,724684576,223445200,690139654,11514974,"[11513918, 11514974, 11516030]"
96,4992,meta-llama/Llama-3.1-8B,520,4,3000000000,3724684576,724684576,223445200,690139654,11514974,"[11513918, 11514974, 11516030]"
96,5136,meta-llama/Llama-3.1-8B,520,4,3000000000,3724684576,724684576,223445200,690139654,11514974,"[11513918, 11514974, 11516030]"
96,5280,meta-llama/Llama-3.1-8B,520,4,3000000000,4223335204,1223335204,724684576,1189492465,11280913,"[11280401, 11280913, 11281425]"
96,5424,meta-llama/Llama-3.1-8B,520,4,3000000000,4223335204,1223335204,724684576,1189492465,11280913,"[11280401, 11280913, 11281425]"
96,5568,meta-llama/Llama-3.1-8B,520,4,3000000000,4223335204,1223335204,724684576,1189492465,11280913,"[11280401, 11280913, 11281425]"
96,5712,meta-llama/Llama-3.1-8B,520,4,3000000000,4223335204,1223335204,724684576,1189492465,11280913,"[11280401, 11280913, 11281425]"
97,97,meta-llama/Llama-3.1-8B,512,4,0,265314450,265314450,1,96582870,56243860,"[121233056, 35806764, 11691760]"
97,241,meta-llama/Llama-3.1-8B,512,4,0,265314450,265314450,1,96582870,56243860,"[121233056, 35806764, 11691760]"
97,385,meta-llama/Llama-3.1-8B,512,4,0,265314450,265314450,1,96582870,56243860,"[121233056, 35806764, 11691760]"
97,529,meta-llama/Llama-3.1-8B,512,4,0,265314450,265314450,1,96582870,56243860,"[121233056, 35806764, 11691760]"
97,673,meta-llama/Llama-3.1-8B,512,4,0,362188747,362188747,96582870,217815926,48124273,"[35806764, 11691760, 96874297]"
97,817,meta-llama/Llama-3.1-8B,512,4,0,362188747,362188747,96582870,217815926,48124273,"[35806764, 11691760, 96874297]"
97,961,meta-llama/Llama-3.1-8B,512,4,0,362188747,362188747,96582870,217815926,48124273,"[35806764, 11691760, 96874297]"
97,1105,meta-llama/Llama-3.1-8B,512,4,0,464762527,464762527,217815926,253622690,70379945,"[11691760, 96874297, 102573780]"
97,1249,meta-llama/Llama-3.1-8B,512,4,0,529619205,529619205,265314450,362188747,55810152,"[102573780, 47010687, 17845991]"
97,1393,meta-llama/Llama-3.1-8B,512,4,0,529619205,529619205,265314450,362188747,55810152,"[102573780, 47010687, 17845991]"
97,1537,meta-llama/Llama-3.1-8B,512,4,0,529619205,529619205,265314450,362188747,55810152,"[102573780, 47010687, 17845991]"
97,1681,meta-llama/Llama-3.1-8B,512,4,0,606840552,606840552,362188747,464762527,47359341,"[47010687, 17845991, 77221347]"
97,1825,meta-llama/Llama-3.1-8B,512,4,0,606840552,606840552,362188747,464762527,47359341,"[47010687, 17845991, 77221347]"
97,1969,meta-llama/Llama-3.1-8B,512,4,0,606840552,606840552,362188747,464762527,47359341,"[47010687, 17845991, 77221347]"
97,2113,meta-llama/Llama-3.1-8B,512,4,0,606840552,606840552,362188747,464762527,47359341,"[47010687, 17845991, 77221347]"
97,2257,meta-llama/Llama-3.1-8B,512,4,0,648255969,648255969,464762527,511773214,45494251,"[17845991, 77221347, 41415417]"
97,2401,meta-llama/Llama-3.1-8B,512,4,0,670811383,670811383,529619205,606840552,21323610,"[41415417, 11277451, 11277963]"
97,2545,meta-llama/Llama-3.1-8B,512,4,0,670811383,670811383,529619205,606840552,21323610,"[41415417, 11277451, 11277963]"
97,2689,meta-llama/Llama-3.1-8B,512,4,0,670811383,670811383,529619205,606840552,21323610,"[41415417, 11277451, 11277963]"
97,2833,meta-llama/Llama-3.1-8B,512,4,0,682096456,682096456,606840552,648255969,11280162,"[11277451, 11277963, 11285073]"
97,2977,meta-llama/Llama-3.1-8B,520,4,3000000000,3230406858,230406858,37406,195861936,11514974,"[11513918, 11514974, 11516030]"
97,3121,meta-llama/Llama-3.1-8B,520,4,3000000000,3230406858,230406858,37406,195861936,11514974,"[11513918, 11514974, 11516030]"
97,3265,meta-llama/Llama-3.1-8B,520,4,3000000000,3230406858,230406858,37406,195861936,11514974,"[11513918, 11514974, 11516030]"
97,3409,meta-llama/Llama-3.1-8B,520,4,3000000000,3230406858,230406858,37406,195861936,11514974,"[11513918, 11514974, 11516030]"
97,3553,meta-llama/Llama-3.1-8B,520,4,3000000000,3230406858,230406858,37406,195861936,11514974,"[11513918, 11514974, 11516030]"
97,3697,meta-llama/Llama-3.1-8B,520,4,3000000000,3230406858,230406858,37406,195861936,11514974,"[11513918, 11514974, 11516030]"
97,3841,meta-llama/Llama-3.1-8B,520,4,3000000000,3230406858,230406858,37406,195861936,11514974,"[11513918, 11514974, 11516030]"
97,3985,meta-llama/Llama-3.1-8B,520,4,3000000000,3230406858,230406858,37406,195861936,11514974,"[11513918, 11514974, 11516030]"
97,4129,meta-llama/Llama-3.1-8B,520,4,3000000000,3731646234,731646234,230406858,697101312,11514974,"[11513918, 11514974, 11516030]"
97,4273,meta-llama/Llama-3.1-8B,520,4,3000000000,3731646234,731646234,230406858,697101312,11514974,"[11513918, 11514974, 11516030]"
97,4417,meta-llama/Llama-3.1-8B,520,4,3000000000,3731646234,731646234,230406858,697101312,11514974,"[11513918, 11514974, 11516030]"
97,4561,meta-llama/Llama-3.1-8B,520,4,3000000000,3731646234,731646234,230406858,697101312,11514974,"[11513918, 11514974, 11516030]"
97,4705,meta-llama/Llama-3.1-8B,520,4,3000000000,3731646234,731646234,230406858,697101312,11514974,"[11513918, 11514974, 11516030]"
97,4849,meta-llama/Llama-3.1-8B,520,4,3000000000,3731646234,731646234,230406858,697101312,11514974,"[11513918, 11514974, 11516030]"
97,4993,meta-llama/Llama-3.1-8B,520,4,3000000000,3731646234,731646234,230406858,697101312,11514974,"[11513918, 11514974, 11516030]"
97,5137,meta-llama/Llama-3.1-8B,520,4,3000000000,3731646234,731646234,230406858,697101312,11514974,"[11513918, 11514974, 11516030]"
97,5281,meta-llama/Llama-3.1-8B,520,4,3000000000,4230296862,1230296862,731646234,1196454123,11280913,"[11280401, 11280913, 11281425]"
97,5425,meta-llama/Llama-3.1-8B,520,4,3000000000,4230296862,1230296862,731646234,1196454123,11280913,"[11280401, 11280913, 11281425]"
97,5569,meta-llama/Llama-3.1-8B,520,4,3000000000,4230296862,1230296862,731646234,1196454123,11280913,"[11280401, 11280913, 11281425]"
97,5713,meta-llama/Llama-3.1-8B,520,4,3000000000,4230296862,1230296862,731646234,1196454123,11280913,"[11280401, 11280913, 11281425]"
98,98,meta-llama/Llama-3.1-8B,512,4,0,265316622,265316622,1,97108326,56069432,"[121233056, 35284249, 11690991]"
98,242,meta-llama/Llama-3.1-8B,512,4,0,265316622,265316622,1,97108326,56069432,"[121233056, 35284249, 11690991]"
98,386,meta-llama/Llama-3.1-8B,512,4,0,265316622,265316622,1,97108326,56069432,"[121233056, 35284249, 11690991]"
98,530,meta-llama/Llama-3.1-8B,512,4,0,265316622,265316622,1,97108326,56069432,"[121233056, 35284249, 11690991]"
98,674,meta-llama/Llama-3.1-8B,512,4,0,362714203,362714203,97108326,218341382,48124273,"[35284249, 11690991, 97397581]"
98,818,meta-llama/Llama-3.1-8B,512,4,0,362714203,362714203,97108326,218341382,48124273,"[35284249, 11690991, 97397581]"
98,962,meta-llama/Llama-3.1-8B,512,4,0,362714203,362714203,97108326,218341382,48124273,"[35284249, 11690991, 97397581]"
98,1106,meta-llama/Llama-3.1-8B,512,4,0,465158701,465158701,218341382,253625631,70511023,"[11690991, 97397581, 102444498]"
98,1250,meta-llama/Llama-3.1-8B,512,4,0,529621377,529621377,265316622,362714203,55635724,"[102444498, 46747762, 17714914]"
98,1394,meta-llama/Llama-3.1-8B,512,4,0,529621377,529621377,265316622,362714203,55635724,"[102444498, 46747762, 17714914]"
98,1538,meta-llama/Llama-3.1-8B,512,4,0,529621377,529621377,265316622,362714203,55635724,"[102444498, 46747762, 17714914]"
98,1682,meta-llama/Llama-3.1-8B,512,4,0,607263993,607263993,362714203,465158701,47368430,"[46747762, 17714914, 77642616]"
98,1826,meta-llama/Llama-3.1-8B,512,4,0,607263993,607263993,362714203,465158701,47368430,"[46747762, 17714914, 77642616]"
98,1970,meta-llama/Llama-3.1-8B,512,4,0,607263993,607263993,362714203,465158701,47368430,"[46747762, 17714914, 77642616]"
98,2114,meta-llama/Llama-3.1-8B,512,4,0,607263993,607263993,362714203,465158701,47368430,"[46747762, 17714914, 77642616]"
98,2258,meta-llama/Llama-3.1-8B,512,4,0,649470218,649470218,465158701,511906463,45854585,"[17714914, 77642616, 42206225]"
98,2402,meta-llama/Llama-3.1-8B,512,4,0,672023340,672023340,529621377,607263993,21586449,"[42206225, 11276305, 11276817]"
98,2546,meta-llama/Llama-3.1-8B,512,4,0,672023340,672023340,529621377,607263993,21586449,"[42206225, 11276305, 11276817]"
98,2690,meta-llama/Llama-3.1-8B,512,4,0,672023340,672023340,529621377,607263993,21586449,"[42206225, 11276305, 11276817]"
98,2834,meta-llama/Llama-3.1-8B,512,4,0,683308413,683308413,607263993,649470218,11279398,"[11276305, 11276817, 11285073]"
98,2978,meta-llama/Llama-3.1-8B,520,4,3000000000,3237368516,237368516,37406,202823594,11514974,"[11513918, 11514974, 11516030]"
98,3122,meta-llama/Llama-3.1-8B,520,4,3000000000,3237368516,237368516,37406,202823594,11514974,"[11513918, 11514974, 11516030]"
98,3266,meta-llama/Llama-3.1-8B,520,4,3000000000,3237368516,237368516,37406,202823594,11514974,"[11513918, 11514974, 11516030]"
98,3410,meta-llama/Llama-3.1-8B,520,4,3000000000,3237368516,237368516,37406,202823594,11514974,"[11513918, 11514974, 11516030]"
98,3554,meta-llama/Llama-3.1-8B,520,4,3000000000,3237368516,237368516,37406,202823594,11514974,"[11513918, 11514974, 11516030]"
98,3698,meta-llama/Llama-3.1-8B,520,4,3000000000,3237368516,237368516,37406,202823594,11514974,"[11513918, 11514974, 11516030]"
98,3842,meta-llama/Llama-3.1-8B,520,4,3000000000,3237368516,237368516,37406,202823594,11514974,"[11513918, 11514974, 11516030]"
98,3986,meta-llama/Llama-3.1-8B,520,4,3000000000,3237368516,237368516,37406,202823594,11514974,"[11513918, 11514974, 11516030]"
98,4130,meta-llama/Llama-3.1-8B,520,4,3000000000,3738607892,738607892,237368516,704062970,11514974,"[11513918, 11514974, 11516030]"
98,4274,meta-llama/Llama-3.1-8B,520,4,3000000000,3738607892,738607892,237368516,704062970,11514974,"[11513918, 11514974, 11516030]"
98,4418,meta-llama/Llama-3.1-8B,520,4,3000000000,3738607892,738607892,237368516,704062970,11514974,"[11513918, 11514974, 11516030]"
98,4562,meta-llama/Llama-3.1-8B,520,4,3000000000,3738607892,738607892,237368516,704062970,11514974,"[11513918, 11514974, 11516030]"
98,4706,meta-llama/Llama-3.1-8B,520,4,3000000000,3738607892,738607892,237368516,704062970,11514974,"[11513918, 11514974, 11516030]"
98,4850,meta-llama/Llama-3.1-8B,520,4,3000000000,3738607892,738607892,237368516,704062970,11514974,"[11513918, 11514974, 11516030]"
98,4994,meta-llama/Llama-3.1-8B,520,4,3000000000,3738607892,738607892,237368516,704062970,11514974,"[11513918, 11514974, 11516030]"
98,5138,meta-llama/Llama-3.1-8B,520,4,3000000000,3738607892,738607892,237368516,704062970,11514974,"[11513918, 11514974, 11516030]"
98,5282,meta-llama/Llama-3.1-8B,520,4,3000000000,4237258520,1237258520,738607892,1203415781,11280913,"[11280401, 11280913, 11281425]"
98,5426,meta-llama/Llama-3.1-8B,520,4,3000000000,4237258520,1237258520,738607892,1203415781,11280913,"[11280401, 11280913, 11281425]"
98,5570,meta-llama/Llama-3.1-8B,520,4,3000000000,4237258520,1237258520,738607892,1203415781,11280913,"[11280401, 11280913, 11281425]"
98,5714,meta-llama/Llama-3.1-8B,520,4,3000000000,4237258520,1237258520,738607892,1203415781,11280913,"[11280401, 11280913, 11281425]"
99,99,meta-llama/Llama-3.1-8B,512,4,0,265318794,265318794,1,97633782,55895004,"[121233056, 34761734, 11690222]"
99,243,meta-llama/Llama-3.1-8B,512,4,0,265318794,265318794,1,97633782,55895004,"[121233056, 34761734, 11690222]"
99,387,meta-llama/Llama-3.1-8B,512,4,0,265318794,265318794,1,97633782,55895004,"[121233056, 34761734, 11690222]"
99,531,meta-llama/Llama-3.1-8B,512,4,0,265318794,265318794,1,97633782,55895004,"[121233056, 34761734, 11690222]"
99,675,meta-llama/Llama-3.1-8B,512,4,0,363239659,363239659,97633782,218866838,48124273,"[34761734, 11690222, 97920865]"
99,819,meta-llama/Llama-3.1-8B,512,4,0,363239659,363239659,97633782,218866838,48124273,"[34761734, 11690222, 97920865]"
99,963,meta-llama/Llama-3.1-8B,512,4,0,363239659,363239659,97633782,218866838,48124273,"[34761734, 11690222, 97920865]"
99,1107,meta-llama/Llama-3.1-8B,512,4,0,465554875,465554875,218866838,253628572,70642101,"[11690222, 97920865, 102315216]"
99,1251,meta-llama/Llama-3.1-8B,512,4,0,529623549,529623549,265318794,363239659,55461296,"[102315216, 46484837, 17583837]"
99,1395,meta-llama/Llama-3.1-8B,512,4,0,529623549,529623549,265318794,363239659,55461296,"[102315216, 46484837, 17583837]"
99,1539,meta-llama/Llama-3.1-8B,512,4,0,529623549,529623549,265318794,363239659,55461296,"[102315216, 46484837, 17583837]"
99,1683,meta-llama/Llama-3.1-8B,512,4,0,607659397,607659397,363239659,465554875,47368174,"[46484837, 17583837, 78035848]"
99,1827,meta-llama/Llama-3.1-8B,512,4,0,607659397,607659397,363239659,465554875,47368174,"[46484837, 17583837, 78035848]"
99,1971,meta-llama/Llama-3.1-8B,512,4,0,607659397,607659397,363239659,465554875,47368174,"[46484837, 17583837, 78035848]"
99,2115,meta-llama/Llama-3.1-8B,512,4,0,607659397,607659397,363239659,465554875,47368174,"[46484837, 17583837, 78035848]"
99,2259,meta-llama/Llama-3.1-8B,512,4,0,650289063,650289063,465554875,512039712,46083117,"[17583837, 78035848, 42629666]"
99,2403,meta-llama/Llama-3.1-8B,512,4,0,673377835,673377835,529623549,607659397,21906146,"[42629666, 11811955, 11276817]"
99,2547,meta-llama/Llama-3.1-8B,512,4,0,673377835,673377835,529623549,607659397,21906146,"[42629666, 11811955, 11276817]"
99,2691,meta-llama/Llama-3.1-8B,512,4,0,673377835,673377835,529623549,607659397,21906146,"[42629666, 11811955, 11276817]"
99,2835,meta-llama/Llama-3.1-8B,512,4,0,684662908,684662908,607659397,650289063,11457948,"[11811955, 11276817, 11285073]"
99,2979,meta-llama/Llama-3.1-8B,520,4,3000000000,3244330174,244330174,37406,209785252,11514974,"[11513918, 11514974, 11516030]"
99,3123,meta-llama/Llama-3.1-8B,520,4,3000000000,3244330174,244330174,37406,209785252,11514974,"[11513918, 11514974, 11516030]"
99,3267,meta-llama/Llama-3.1-8B,520,4,3000000000,3244330174,244330174,37406,209785252,11514974,"[11513918, 11514974, 11516030]"
99,3411,meta-llama/Llama-3.1-8B,520,4,3000000000,3244330174,244330174,37406,209785252,11514974,"[11513918, 11514974, 11516030]"
99,3555,meta-llama/Llama-3.1-8B,520,4,3000000000,3244330174,244330174,37406,209785252,11514974,"[11513918, 11514974, 11516030]"
99,3699,meta-llama/Llama-3.1-8B,520,4,3000000000,3244330174,244330174,37406,209785252,11514974,"[11513918, 11514974, 11516030]"
99,3843,meta-llama/Llama-3.1-8B,520,4,3000000000,3244330174,244330174,37406,209785252,11514974,"[11513918, 11514974, 11516030]"
99,3987,meta-llama/Llama-3.1-8B,520,4,3000000000,3244330174,244330174,37406,209785252,11514974,"[11513918, 11514974, 11516030]"
99,4131,meta-llama/Llama-3.1-8B,520,4,3000000000,3745569550,745569550,244330174,711024628,11514974,"[11513918, 11514974, 11516030]"
99,4275,meta-llama/Llama-3.1-8B,520,4,3000000000,3745569550,745569550,244330174,711024628,11514974,"[11513918, 11514974, 11516030]"
99,4419,meta-llama/Llama-3.1-8B,520,4,3000000000,3745569550,745569550,244330174,711024628,11514974,"[11513918, 11514974, 11516030]"
99,4563,meta-llama/Llama-3.1-8B,520,4,3000000000,3745569550,745569550,244330174,711024628,11514974,"[11513918, 11514974, 11516030]"
99,4707,meta-llama/Llama-3.1-8B,520,4,3000000000,3745569550,745569550,244330174,711024628,11514974,"[11513918, 11514974, 11516030]"
99,4851,meta-llama/Llama-3.1-8B,520,4,3000000000,3745569550,745569550,244330174,711024628,11514974,"[11513918, 11514974, 11516030]"
99,4995,meta-llama/Llama-3.1-8B,520,4,3000000000,3745569550,745569550,244330174,711024628,11514974,"[11513918, 11514974, 11516030]"
99,5139,meta-llama/Llama-3.1-8B,520,4,3000000000,3745569550,745569550,244330174,711024628,11514974,"[11513918, 11514974, 11516030]"
99,5283,meta-llama/Llama-3.1-8B,520,4,3000000000,4244220178,1244220178,745569550,1210377439,11280913,"[11280401, 11280913, 11281425]"
99,5427,meta-llama/Llama-3.1-8B,520,4,3000000000,4244220178,1244220178,745569550,1210377439,11280913,"[11280401, 11280913, 11281425]"
99,5571,meta-llama/Llama-3.1-8B,520,4,3000000000,4244220178,1244220178,745569550,1210377439,11280913,"[11280401, 11280913, 11281425]"
99,5715,meta-llama/Llama-3.1-8B,520,4,3000000000,4244220178,1244220178,745569550,1210377439,11280913,"[11280401, 11280913, 11281425]"
100,100,meta-llama/Llama-3.1-8B,512,4,0,265320966,265320966,1,98159238,55720576,"[121233056, 34239219, 11689453]"
100,244,meta-llama/Llama-3.1-8B,512,4,0,265320966,265320966,1,98159238,55720576,"[121233056, 34239219, 11689453]"
100,388,meta-llama/Llama-3.1-8B,512,4,0,265320966,265320966,1,98159238,55720576,"[121233056, 34239219, 11689453]"
100,532,meta-llama/Llama-3.1-8B,512,4,0,265320966,265320966,1,98159238,55720576,"[121233056, 34239219, 11689453]"
100,676,meta-llama/Llama-3.1-8B,512,4,0,363765115,363765115,98159238,219392294,48124273,"[34239219, 11689453, 98444149]"
100,820,meta-llama/Llama-3.1-8B,512,4,0,363765115,363765115,98159238,219392294,48124273,"[34239219, 11689453, 98444149]"
100,964,meta-llama/Llama-3.1-8B,512,4,0,363765115,363765115,98159238,219392294,48124273,"[34239219, 11689453, 98444149]"
100,1108,meta-llama/Llama-3.1-8B,512,4,0,465951049,465951049,219392294,253631513,70773178,"[11689453, 98444149, 102185934]"
100,1252,meta-llama/Llama-3.1-8B,512,4,0,529625721,529625721,265320966,363765115,55286868,"[102185934, 46221912, 17452760]"
100,1396,meta-llama/Llama-3.1-8B,512,4,0,529625721,529625721,265320966,363765115,55286868,"[102185934, 46221912, 17452760]"
100,1540,meta-llama/Llama-3.1-8B,512,4,0,529625721,529625721,265320966,363765115,55286868,"[102185934, 46221912, 17452760]"
100,1684,meta-llama/Llama-3.1-8B,512,4,0,608082838,608082838,363765115,465951049,47377263,"[46221912, 17452760, 78457117]"
100,1828,meta-llama/Llama-3.1-8B,512,4,0,608082838,608082838,363765115,465951049,47377263,"[46221912, 17452760, 78457117]"
100,1972,meta-llama/Llama-3.1-8B,512,4,0,608082838,608082838,363765115,465951049,47377263,"[46221912, 17452760, 78457117]"
100,2116,meta-llama/Llama-3.1-8B,512,4,0,608082838,608082838,363765115,465951049,47377263,"[46221912, 17452760, 78457117]"
100,2260,meta-llama/Llama-3.1-8B,512,4,0,650421543,650421543,465951049,512172961,46082860,"[17452760, 78457117, 42338705]"
100,2404,meta-llama/Llama-3.1-8B,512,4,0,674041501,674041501,529625721,608082838,21986221,"[42338705, 12341995, 11277963]"
100,2548,meta-llama/Llama-3.1-8B,512,4,0,674041501,674041501,529625721,608082838,21986221,"[42338705, 12341995, 11277963]"
100,2692,meta-llama/Llama-3.1-8B,512,4,0,674041501,674041501,529625721,608082838,21986221,"[42338705, 12341995, 11277963]"
100,2836,meta-llama/Llama-3.1-8B,512,4,0,685326574,685326574,608082838,650421543,11635010,"[12341995, 11277963, 11285073]"
100,2980,meta-llama/Llama-3.1-8B,520,4,3000000000,3251291832,251291832,37406,216746910,11514974,"[11513918, 11514974, 11516030]"
100,3124,meta-llama/Llama-3.1-8B,520,4,3000000000,3251291832,251291832,37406,216746910,11514974,"[11513918, 11514974, 11516030]"
100,3268,meta-llama/Llama-3.1-8B,520,4,3000000000,3251291832,251291832,37406,216746910,11514974,"[11513918, 11514974, 11516030]"
100,3412,meta-llama/Llama-3.1-8B,520,4,3000000000,3251291832,251291832,37406,216746910,11514974,"[11513918, 11514974, 11516030]"
100,3556,meta-llama/Llama-3.1-8B,520,4,3000000000,3251291832,251291832,37406,216746910,11514974,"[11513918, 11514974, 11516030]"
100,3700,meta-llama/Llama-3.1-8B,520,4,3000000000,3251291832,251291832,37406,216746910,11514974,"[11513918, 11514974, 11516030]"
100,3844,meta-llama/Llama-3.1-8B,520,4,3000000000,3251291832,251291832,37406,216746910,11514974,"[11513918, 11514974, 11516030]"
100,3988,meta-llama/Llama-3.1-8B,520,4,3000000000,3251291832,251291832,37406,216746910,11514974,"[11513918, 11514974, 11516030]"
100,4132,meta-llama/Llama-3.1-8B,520,4,3000000000,3752531208,752531208,251291832,717986286,11514974,"[11513918, 11514974, 11516030]"
100,4276,meta-llama/Llama-3.1-8B,520,4,3000000000,3752531208,752531208,251291832,717986286,11514974,"[11513918, 11514974, 11516030]"
100,4420,meta-llama/Llama-3.1-8B,520,4,3000000000,3752531208,752531208,251291832,717986286,11514974,"[11513918, 11514974, 11516030]"
100,4564,meta-llama/Llama-3.1-8B,520,4,3000000000,3752531208,752531208,251291832,717986286,11514974,"[11513918, 11514974, 11516030]"
100,4708,meta-llama/Llama-3.1-8B,520,4,3000000000,3752531208,752531208,251291832,717986286,11514974,"[11513918, 11514974, 11516030]"
100,4852,meta-llama/Llama-3.1-8B,520,4,3000000000,3752531208,752531208,251291832,717986286,11514974,"[11513918, 11514974, 11516030]"
100,4996,meta-llama/Llama-3.1-8B,520,4,3000000000,3752531208,752531208,251291832,717986286,11514974,"[11513918, 11514974, 11516030]"
100,5140,meta-llama/Llama-3.1-8B,520,4,3000000000,3752531208,752531208,251291832,717986286,11514974,"[11513918, 11514974, 11516030]"
100,5284,meta-llama/Llama-3.1-8B,520,4,3000000000,4251181836,1251181836,752531208,1217339097,11280913,"[11280401, 11280913, 11281425]"
100,5428,meta-llama/Llama-3.1-8B,520,4,3000000000,4251181836,1251181836,752531208,1217339097,11280913,"[11280401, 11280913, 11281425]"
100,5572,meta-llama/Llama-3.1-8B,520,4,3000000000,4251181836,1251181836,752531208,1217339097,11280913,"[11280401, 11280913, 11281425]"
100,5716,meta-llama/Llama-3.1-8B,520,4,3000000000,4251181836,1251181836,752531208,1217339097,11280913,"[11280401, 11280913, 11281425]"
101,101,meta-llama/Llama-3.1-8B,512,4,0,265323138,265323138,1,98684694,55546148,"[121233056, 33716704, 11688684]"
101,245,meta-llama/Llama-3.1-8B,512,4,0,265323138,265323138,1,98684694,55546148,"[121233056, 33716704, 11688684]"
101,389,meta-llama/Llama-3.1-8B,512,4,0,265323138,265323138,1,98684694,55546148,"[121233056, 33716704, 11688684]"
101,533,meta-llama/Llama-3.1-8B,512,4,0,265323138,265323138,1,98684694,55546148,"[121233056, 33716704, 11688684]"
101,677,meta-llama/Llama-3.1-8B,512,4,0,364290571,364290571,98684694,219917750,48124273,"[33716704, 11688684, 98967433]"
101,821,meta-llama/Llama-3.1-8B,512,4,0,364290571,364290571,98684694,219917750,48124273,"[33716704, 11688684, 98967433]"
101,965,meta-llama/Llama-3.1-8B,512,4,0,364290571,364290571,98684694,219917750,48124273,"[33716704, 11688684, 98967433]"
101,1109,meta-llama/Llama-3.1-8B,512,4,0,466347223,466347223,219917750,253634454,70904256,"[11688684, 98967433, 102056652]"
101,1253,meta-llama/Llama-3.1-8B,512,4,0,529627893,529627893,265323138,364290571,55112440,"[102056652, 45958987, 17321683]"
101,1397,meta-llama/Llama-3.1-8B,512,4,0,529627893,529627893,265323138,364290571,55112440,"[102056652, 45958987, 17321683]"
101,1541,meta-llama/Llama-3.1-8B,512,4,0,529627893,529627893,265323138,364290571,55112440,"[102056652, 45958987, 17321683]"
101,1685,meta-llama/Llama-3.1-8B,512,4,0,608478242,608478242,364290571,466347223,47377006,"[45958987, 17321683, 78850349]"
101,1829,meta-llama/Llama-3.1-8B,512,4,0,608478242,608478242,364290571,466347223,47377006,"[45958987, 17321683, 78850349]"
101,1973,meta-llama/Llama-3.1-8B,512,4,0,608478242,608478242,364290571,466347223,47377006,"[45958987, 17321683, 78850349]"
101,2117,meta-llama/Llama-3.1-8B,512,4,0,608478242,608478242,364290571,466347223,47377006,"[45958987, 17321683, 78850349]"
101,2261,meta-llama/Llama-3.1-8B,512,4,0,650559753,650559753,466347223,512306210,46084514,"[17321683, 78850349, 42081511]"
101,2405,meta-llama/Llama-3.1-8B,512,4,0,674703475,674703475,529627893,608478242,22075077,"[42081511, 12866905, 11276817]"
101,2549,meta-llama/Llama-3.1-8B,512,4,0,674703475,674703475,529627893,608478242,22075077,"[42081511, 12866905, 11276817]"
101,2693,meta-llama/Llama-3.1-8B,512,4,0,674703475,674703475,529627893,608478242,22075077,"[42081511, 12866905, 11276817]"
101,2837,meta-llama/Llama-3.1-8B,512,4,0,685988548,685988548,608478242,650559753,11809598,"[12866905, 11276817, 11285073]"
101,2981,meta-llama/Llama-3.1-8B,520,4,3000000000,3258253490,258253490,37406,223708568,11514974,"[11513918, 11514974, 11516030]"
101,3125,meta-llama/Llama-3.1-8B,520,4,3000000000,3258253490,258253490,37406,223708568,11514974,"[11513918, 11514974, 11516030]"
101,3269,meta-llama/Llama-3.1-8B,520,4,3000000000,3258253490,258253490,37406,223708568,11514974,"[11513918, 11514974, 11516030]"
101,3413,meta-llama/Llama-3.1-8B,520,4,3000000000,3258253490,258253490,37406,223708568,11514974,"[11513918, 11514974, 11516030]"
101,3557,meta-llama/Llama-3.1-8B,520,4,3000000000,3258253490,258253490,37406,223708568,11514974,"[11513918, 11514974, 11516030]"
101,3701,meta-llama/Llama-3.1-8B,520,4,3000000000,3258253490,258253490,37406,223708568,11514974,"[11513918, 11514974, 11516030]"
101,3845,meta-llama/Llama-3.1-8B,520,4,3000000000,3258253490,258253490,37406,223708568,11514974,"[11513918, 11514974, 11516030]"
101,3989,meta-llama/Llama-3.1-8B,520,4,3000000000,3258253490,258253490,37406,223708568,11514974,"[11513918, 11514974, 11516030]"
101,4133,meta-llama/Llama-3.1-8B,520,4,3000000000,3759492866,759492866,258253490,724947944,11514974,"[11513918, 11514974, 11516030]"
101,4277,meta-llama/Llama-3.1-8B,520,4,3000000000,3759492866,759492866,258253490,724947944,11514974,"[11513918, 11514974, 11516030]"
101,4421,meta-llama/Llama-3.1-8B,520,4,3000000000,3759492866,759492866,258253490,724947944,11514974,"[11513918, 11514974, 11516030]"
101,4565,meta-llama/Llama-3.1-8B,520,4,3000000000,3759492866,759492866,258253490,724947944,11514974,"[11513918, 11514974, 11516030]"
101,4709,meta-llama/Llama-3.1-8B,520,4,3000000000,3759492866,759492866,258253490,724947944,11514974,"[11513918, 11514974, 11516030]"
101,4853,meta-llama/Llama-3.1-8B,520,4,3000000000,3759492866,759492866,258253490,724947944,11514974,"[11513918, 11514974, 11516030]"
101,4997,meta-llama/Llama-3.1-8B,520,4,3000000000,3759492866,759492866,258253490,724947944,11514974,"[11513918, 11514974, 11516030]"
101,5141,meta-llama/Llama-3.1-8B,520,4,3000000000,3759492866,759492866,258253490,724947944,11514974,"[11513918, 11514974, 11516030]"
101,5285,meta-llama/Llama-3.1-8B,520,4,3000000000,4258143494,1258143494,759492866,1224300755,11280913,"[11280401, 11280913, 11281425]"
101,5429,meta-llama/Llama-3.1-8B,520,4,3000000000,4258143494,1258143494,759492866,1224300755,11280913,"[11280401, 11280913, 11281425]"
101,5573,meta-llama/Llama-3.1-8B,520,4,3000000000,4258143494,1258143494,759492866,1224300755,11280913,"[11280401, 11280913, 11281425]"
101,5717,meta-llama/Llama-3.1-8B,520,4,3000000000,4258143494,1258143494,759492866,1224300755,11280913,"[11280401, 11280913, 11281425]"
102,102,meta-llama/Llama-3.1-8B,512,4,0,265325310,265325310,1,99210150,55371720,"[121233056, 33194189, 11687915]"
102,246,meta-llama/Llama-3.1-8B,512,4,0,265325310,265325310,1,99210150,55371720,"[121233056, 33194189, 11687915]"
102,390,meta-llama/Llama-3.1-8B,512,4,0,265325310,265325310,1,99210150,55371720,"[121233056, 33194189, 11687915]"
102,534,meta-llama/Llama-3.1-8B,512,4,0,265325310,265325310,1,99210150,55371720,"[121233056, 33194189, 11687915]"
102,678,meta-llama/Llama-3.1-8B,512,4,0,364816027,364816027,99210150,220443206,48124273,"[33194189, 11687915, 99490717]"
102,822,meta-llama/Llama-3.1-8B,512,4,0,364816027,364816027,99210150,220443206,48124273,"[33194189, 11687915, 99490717]"
102,966,meta-llama/Llama-3.1-8B,512,4,0,364816027,364816027,99210150,220443206,48124273,"[33194189, 11687915, 99490717]"
102,1110,meta-llama/Llama-3.1-8B,512,4,0,466743397,466743397,220443206,253637395,71035334,"[11687915, 99490717, 101927370]"
102,1254,meta-llama/Llama-3.1-8B,512,4,0,529630065,529630065,265325310,364816027,54938012,"[101927370, 45696062, 17190606]"
102,1398,meta-llama/Llama-3.1-8B,512,4,0,529630065,529630065,265325310,364816027,54938012,"[101927370, 45696062, 17190606]"
102,1542,meta-llama/Llama-3.1-8B,512,4,0,529630065,529630065,265325310,364816027,54938012,"[101927370, 45696062, 17190606]"
102,1686,meta-llama/Llama-3.1-8B,512,4,0,608873646,608873646,364816027,466743397,47376749,"[45696062, 17190606, 79243581]"
102,1830,meta-llama/Llama-3.1-8B,512,4,0,608873646,608873646,364816027,466743397,47376749,"[45696062, 17190606, 79243581]"
102,1974,meta-llama/Llama-3.1-8B,512,4,0,608873646,608873646,364816027,466743397,47376749,"[45696062, 17190606, 79243581]"
102,2118,meta-llama/Llama-3.1-8B,512,4,0,608873646,608873646,364816027,466743397,47376749,"[45696062, 17190606, 79243581]"
102,2262,meta-llama/Llama-3.1-8B,512,4,0,650692233,650692233,466743397,512439459,46084258,"[17190606, 79243581, 41818587]"
102,2406,meta-llama/Llama-3.1-8B,512,4,0,675365995,675365995,529630065,608873646,22164116,"[41818587, 13396945, 11276817]"
102,2550,meta-llama/Llama-3.1-8B,512,4,0,675365995,675365995,529630065,608873646,22164116,"[41818587, 13396945, 11276817]"
102,2694,meta-llama/Llama-3.1-8B,512,4,0,675365995,675365995,529630065,608873646,22164116,"[41818587, 13396945, 11276817]"
102,2838,meta-llama/Llama-3.1-8B,512,4,0,686651068,686651068,608873646,650692233,11986278,"[13396945, 11276817, 11285073]"
102,2982,meta-llama/Llama-3.1-8B,520,4,3000000000,3265215148,265215148,37406,230670226,11514974,"[11513918, 11514974, 11516030]"
102,3126,meta-llama/Llama-3.1-8B,520,4,3000000000,3265215148,265215148,37406,230670226,11514974,"[11513918, 11514974, 11516030]"
102,3270,meta-llama/Llama-3.1-8B,520,4,3000000000,3265215148,265215148,37406,230670226,11514974,"[11513918, 11514974, 11516030]"
102,3414,meta-llama/Llama-3.1-8B,520,4,3000000000,3265215148,265215148,37406,230670226,11514974,"[11513918, 11514974, 11516030]"
102,3558,meta-llama/Llama-3.1-8B,520,4,3000000000,3265215148,265215148,37406,230670226,11514974,"[11513918, 11514974, 11516030]"
102,3702,meta-llama/Llama-3.1-8B,520,4,3000000000,3265215148,265215148,37406,230670226,11514974,"[11513918, 11514974, 11516030]"
102,3846,meta-llama/Llama-3.1-8B,520,4,3000000000,3265215148,265215148,37406,230670226,11514974,"[11513918, 11514974, 11516030]"
102,3990,meta-llama/Llama-3.1-8B,520,4,3000000000,3265215148,265215148,37406,230670226,11514974,"[11513918, 11514974, 11516030]"
102,4134,meta-llama/Llama-3.1-8B,520,4,3000000000,3766454524,766454524,265215148,731909602,11514974,"[11513918, 11514974, 11516030]"
102,4278,meta-llama/Llama-3.1-8B,520,4,3000000000,3766454524,766454524,265215148,731909602,11514974,"[11513918, 11514974, 11516030]"
102,4422,meta-llama/Llama-3.1-8B,520,4,3000000000,3766454524,766454524,265215148,731909602,11514974,"[11513918, 11514974, 11516030]"
102,4566,meta-llama/Llama-3.1-8B,520,4,3000000000,3766454524,766454524,265215148,731909602,11514974,"[11513918, 11514974, 11516030]"
102,4710,meta-llama/Llama-3.1-8B,520,4,3000000000,3766454524,766454524,265215148,731909602,11514974,"[11513918, 11514974, 11516030]"
102,4854,meta-llama/Llama-3.1-8B,520,4,3000000000,3766454524,766454524,265215148,731909602,11514974,"[11513918, 11514974, 11516030]"
102,4998,meta-llama/Llama-3.1-8B,520,4,3000000000,3766454524,766454524,265215148,731909602,11514974,"[11513918, 11514974, 11516030]"
102,5142,meta-llama/Llama-3.1-8B,520,4,3000000000,3766454524,766454524,265215148,731909602,11514974,"[11513918, 11514974, 11516030]"
102,5286,meta-llama/Llama-3.1-8B,520,4,3000000000,4265105152,1265105152,766454524,1231262413,11280913,"[11280401, 11280913, 11281425]"
102,5430,meta-llama/Llama-3.1-8B,520,4,3000000000,4265105152,1265105152,766454524,1231262413,11280913,"[11280401, 11280913, 11281425]"
102,5574,meta-llama/Llama-3.1-8B,520,4,3000000000,4265105152,1265105152,766454524,1231262413,11280913,"[11280401, 11280913, 11281425]"
102,5718,meta-llama/Llama-3.1-8B,520,4,3000000000,4265105152,1265105152,766454524,1231262413,11280913,"[11280401, 11280913, 11281425]"
103,103,meta-llama/Llama-3.1-8B,512,4,0,265327482,265327482,1,99735606,55197292,"[121233056, 32671674, 11687146]"
103,247,meta-llama/Llama-3.1-8B,512,4,0,265327482,265327482,1,99735606,55197292,"[121233056, 32671674, 11687146]"
103,391,meta-llama/Llama-3.1-8B,512,4,0,265327482,265327482,1,99735606,55197292,"[121233056, 32671674, 11687146]"
103,535,meta-llama/Llama-3.1-8B,512,4,0,265327482,265327482,1,99735606,55197292,"[121233056, 32671674, 11687146]"
103,679,meta-llama/Llama-3.1-8B,512,4,0,365341483,365341483,99735606,220968662,48124273,"[32671674, 11687146, 100014001]"
103,823,meta-llama/Llama-3.1-8B,512,4,0,365341483,365341483,99735606,220968662,48124273,"[32671674, 11687146, 100014001]"
103,967,meta-llama/Llama-3.1-8B,512,4,0,365341483,365341483,99735606,220968662,48124273,"[32671674, 11687146, 100014001]"
103,1111,meta-llama/Llama-3.1-8B,512,4,0,467139571,467139571,220968662,253640336,71166411,"[11687146, 100014001, 101798088]"
103,1255,meta-llama/Llama-3.1-8B,512,4,0,529632237,529632237,265327482,365341483,54763584,"[101798088, 45433137, 17059529]"
103,1399,meta-llama/Llama-3.1-8B,512,4,0,529632237,529632237,265327482,365341483,54763584,"[101798088, 45433137, 17059529]"
103,1543,meta-llama/Llama-3.1-8B,512,4,0,529632237,529632237,265327482,365341483,54763584,"[101798088, 45433137, 17059529]"
103,1687,meta-llama/Llama-3.1-8B,512,4,0,609297087,609297087,365341483,467139571,47385838,"[45433137, 17059529, 79664850]"
103,1831,meta-llama/Llama-3.1-8B,512,4,0,609297087,609297087,365341483,467139571,47385838,"[45433137, 17059529, 79664850]"
103,1975,meta-llama/Llama-3.1-8B,512,4,0,609297087,609297087,365341483,467139571,47385838,"[45433137, 17059529, 79664850]"
103,2119,meta-llama/Llama-3.1-8B,512,4,0,609297087,609297087,365341483,467139571,47385838,"[45433137, 17059529, 79664850]"
103,2263,meta-llama/Llama-3.1-8B,512,4,0,650824713,650824713,467139571,512572708,46084001,"[17059529, 79664850, 41527626]"
103,2407,meta-llama/Llama-3.1-8B,512,4,0,675896035,675896035,529632237,609297087,22199649,"[41527626, 13794505, 11276817]"
103,2551,meta-llama/Llama-3.1-8B,512,4,0,675896035,675896035,529632237,609297087,22199649,"[41527626, 13794505, 11276817]"
103,2695,meta-llama/Llama-3.1-8B,512,4,0,675896035,675896035,529632237,609297087,22199649,"[41527626, 13794505, 11276817]"
103,2839,meta-llama/Llama-3.1-8B,512,4,0,687181108,687181108,609297087,650824713,12118798,"[13794505, 11276817, 11285073]"
103,2983,meta-llama/Llama-3.1-8B,520,4,3000000000,3272176806,272176806,37406,237631884,11514974,"[11513918, 11514974, 11516030]"
103,3127,meta-llama/Llama-3.1-8B,520,4,3000000000,3272176806,272176806,37406,237631884,11514974,"[11513918, 11514974, 11516030]"
103,3271,meta-llama/Llama-3.1-8B,520,4,3000000000,3272176806,272176806,37406,237631884,11514974,"[11513918, 11514974, 11516030]"
103,3415,meta-llama/Llama-3.1-8B,520,4,3000000000,3272176806,272176806,37406,237631884,11514974,"[11513918, 11514974, 11516030]"
103,3559,meta-llama/Llama-3.1-8B,520,4,3000000000,3272176806,272176806,37406,237631884,11514974,"[11513918, 11514974, 11516030]"
103,3703,meta-llama/Llama-3.1-8B,520,4,3000000000,3272176806,272176806,37406,237631884,11514974,"[11513918, 11514974, 11516030]"
103,3847,meta-llama/Llama-3.1-8B,520,4,3000000000,3272176806,272176806,37406,237631884,11514974,"[11513918, 11514974, 11516030]"
103,3991,meta-llama/Llama-3.1-8B,520,4,3000000000,3272176806,272176806,37406,237631884,11514974,"[11513918, 11514974, 11516030]"
103,4135,meta-llama/Llama-3.1-8B,520,4,3000000000,3773416182,773416182,272176806,738871260,11514974,"[11513918, 11514974, 11516030]"
103,4279,meta-llama/Llama-3.1-8B,520,4,3000000000,3773416182,773416182,272176806,738871260,11514974,"[11513918, 11514974, 11516030]"
103,4423,meta-llama/Llama-3.1-8B,520,4,3000000000,3773416182,773416182,272176806,738871260,11514974,"[11513918, 11514974, 11516030]"
103,4567,meta-llama/Llama-3.1-8B,520,4,3000000000,3773416182,773416182,272176806,738871260,11514974,"[11513918, 11514974, 11516030]"
103,4711,meta-llama/Llama-3.1-8B,520,4,3000000000,3773416182,773416182,272176806,738871260,11514974,"[11513918, 11514974, 11516030]"
103,4855,meta-llama/Llama-3.1-8B,520,4,3000000000,3773416182,773416182,272176806,738871260,11514974,"[11513918, 11514974, 11516030]"
103,4999,meta-llama/Llama-3.1-8B,520,4,3000000000,3773416182,773416182,272176806,738871260,11514974,"[11513918, 11514974, 11516030]"
103,5143,meta-llama/Llama-3.1-8B,520,4,3000000000,3773416182,773416182,272176806,738871260,11514974,"[11513918, 11514974, 11516030]"
103,5287,meta-llama/Llama-3.1-8B,520,4,3000000000,4272066810,1272066810,773416182,1238224071,11280913,"[11280401, 11280913, 11281425]"
103,5431,meta-llama/Llama-3.1-8B,520,4,3000000000,4272066810,1272066810,773416182,1238224071,11280913,"[11280401, 11280913, 11281425]"
103,5575,meta-llama/Llama-3.1-8B,520,4,3000000000,4272066810,1272066810,773416182,1238224071,11280913,"[11280401, 11280913, 11281425]"
103,5719,meta-llama/Llama-3.1-8B,520,4,3000000000,4272066810,1272066810,773416182,1238224071,11280913,"[11280401, 11280913, 11281425]"
104,104,meta-llama/Llama-3.1-8B,512,4,0,265329654,265329654,1,100261062,55022864,"[121233056, 32149159, 11686377]"
104,248,meta-llama/Llama-3.1-8B,512,4,0,265329654,265329654,1,100261062,55022864,"[121233056, 32149159, 11686377]"
104,392,meta-llama/Llama-3.1-8B,512,4,0,265329654,265329654,1,100261062,55022864,"[121233056, 32149159, 11686377]"
104,536,meta-llama/Llama-3.1-8B,512,4,0,265329654,265329654,1,100261062,55022864,"[121233056, 32149159, 11686377]"
104,680,meta-llama/Llama-3.1-8B,512,4,0,365866939,365866939,100261062,221494118,48124273,"[32149159, 11686377, 100537285]"
104,824,meta-llama/Llama-3.1-8B,512,4,0,365866939,365866939,100261062,221494118,48124273,"[32149159, 11686377, 100537285]"
104,968,meta-llama/Llama-3.1-8B,512,4,0,365866939,365866939,100261062,221494118,48124273,"[32149159, 11686377, 100537285]"
104,1112,meta-llama/Llama-3.1-8B,512,4,0,467535745,467535745,221494118,253643277,71297489,"[11686377, 100537285, 101668806]"
104,1256,meta-llama/Llama-3.1-8B,512,4,0,529634409,529634409,265329654,365866939,54589156,"[101668806, 45170212, 16928452]"
104,1400,meta-llama/Llama-3.1-8B,512,4,0,529634409,529634409,265329654,365866939,54589156,"[101668806, 45170212, 16928452]"
104,1544,meta-llama/Llama-3.1-8B,512,4,0,529634409,529634409,265329654,365866939,54589156,"[101668806, 45170212, 16928452]"
104,1688,meta-llama/Llama-3.1-8B,512,4,0,609692491,609692491,365866939,467535745,47385582,"[45170212, 16928452, 80058082]"
104,1832,meta-llama/Llama-3.1-8B,512,4,0,609692491,609692491,365866939,467535745,47385582,"[45170212, 16928452, 80058082]"
104,1976,meta-llama/Llama-3.1-8B,512,4,0,609692491,609692491,365866939,467535745,47385582,"[45170212, 16928452, 80058082]"
104,2120,meta-llama/Llama-3.1-8B,512,4,0,609692491,609692491,365866939,467535745,47385582,"[45170212, 16928452, 80058082]"
104,2264,meta-llama/Llama-3.1-8B,512,4,0,650957313,650957313,467535745,512705957,46083785,"[16928452, 80058082, 41264822]"
104,2408,meta-llama/Llama-3.1-8B,512,4,0,676558555,676558555,529634409,609692491,22288688,"[41264822, 14324425, 11276817]"
104,2552,meta-llama/Llama-3.1-8B,512,4,0,676558555,676558555,529634409,609692491,22288688,"[41264822, 14324425, 11276817]"
104,2696,meta-llama/Llama-3.1-8B,512,4,0,676558555,676558555,529634409,609692491,22288688,"[41264822, 14324425, 11276817]"
104,2840,meta-llama/Llama-3.1-8B,512,4,0,687843628,687843628,609692491,650957313,12295438,"[14324425, 11276817, 11285073]"
104,2984,meta-llama/Llama-3.1-8B,520,4,3000000000,3279138464,279138464,37406,244593542,11514974,"[11513918, 11514974, 11516030]"
104,3128,meta-llama/Llama-3.1-8B,520,4,3000000000,3279138464,279138464,37406,244593542,11514974,"[11513918, 11514974, 11516030]"
104,3272,meta-llama/Llama-3.1-8B,520,4,3000000000,3279138464,279138464,37406,244593542,11514974,"[11513918, 11514974, 11516030]"
104,3416,meta-llama/Llama-3.1-8B,520,4,3000000000,3279138464,279138464,37406,244593542,11514974,"[11513918, 11514974, 11516030]"
104,3560,meta-llama/Llama-3.1-8B,520,4,3000000000,3279138464,279138464,37406,244593542,11514974,"[11513918, 11514974, 11516030]"
104,3704,meta-llama/Llama-3.1-8B,520,4,3000000000,3279138464,279138464,37406,244593542,11514974,"[11513918, 11514974, 11516030]"
104,3848,meta-llama/Llama-3.1-8B,520,4,3000000000,3279138464,279138464,37406,244593542,11514974,"[11513918, 11514974, 11516030]"
104,3992,meta-llama/Llama-3.1-8B,520,4,3000000000,3279138464,279138464,37406,244593542,11514974,"[11513918, 11514974, 11516030]"
104,4136,meta-llama/Llama-3.1-8B,520,4,3000000000,3780377840,780377840,279138464,745832918,11514974,"[11513918, 11514974, 11516030]"
104,4280,meta-llama/Llama-3.1-8B,520,4,3000000000,3780377840,780377840,279138464,745832918,11514974,"[11513918, 11514974, 11516030]"
104,4424,meta-llama/Llama-3.1-8B,520,4,3000000000,3780377840,780377840,279138464,745832918,11514974,"[11513918, 11514974, 11516030]"
104,4568,meta-llama/Llama-3.1-8B,520,4,3000000000,3780377840,780377840,279138464,745832918,11514974,"[11513918, 11514974, 11516030]"
104,4712,meta-llama/Llama-3.1-8B,520,4,3000000000,3780377840,780377840,279138464,745832918,11514974,"[11513918, 11514974, 11516030]"
104,4856,meta-llama/Llama-3.1-8B,520,4,3000000000,3780377840,780377840,279138464,745832918,11514974,"[11513918, 11514974, 11516030]"
104,5000,meta-llama/Llama-3.1-8B,520,4,3000000000,3780377840,780377840,279138464,745832918,11514974,"[11513918, 11514974, 11516030]"
104,5144,meta-llama/Llama-3.1-8B,520,4,3000000000,3780377840,780377840,279138464,745832918,11514974,"[11513918, 11514974, 11516030]"
104,5288,meta-llama/Llama-3.1-8B,520,4,3000000000,4279028468,1279028468,780377840,1245185729,11280913,"[11280401, 11280913, 11281425]"
104,5432,meta-llama/Llama-3.1-8B,520,4,3000000000,4279028468,1279028468,780377840,1245185729,11280913,"[11280401, 11280913, 11281425]"
104,5576,meta-llama/Llama-3.1-8B,520,4,3000000000,4279028468,1279028468,780377840,1245185729,11280913,"[11280401, 11280913, 11281425]"
104,5720,meta-llama/Llama-3.1-8B,520,4,3000000000,4279028468,1279028468,780377840,1245185729,11280913,"[11280401, 11280913, 11281425]"
105,105,meta-llama/Llama-3.1-8B,512,4,0,265331826,265331826,1,100786518,54848436,"[121233056, 31626644, 11685608]"
105,249,meta-llama/Llama-3.1-8B,512,4,0,265331826,265331826,1,100786518,54848436,"[121233056, 31626644, 11685608]"
105,393,meta-llama/Llama-3.1-8B,512,4,0,265331826,265331826,1,100786518,54848436,"[121233056, 31626644, 11685608]"
105,537,meta-llama/Llama-3.1-8B,512,4,0,265331826,265331826,1,100786518,54848436,"[121233056, 31626644, 11685608]"
105,681,meta-llama/Llama-3.1-8B,512,4,0,366392395,366392395,100786518,222019574,48124273,"[31626644, 11685608, 101060569]"
105,825,meta-llama/Llama-3.1-8B,512,4,0,366392395,366392395,100786518,222019574,48124273,"[31626644, 11685608, 101060569]"
105,969,meta-llama/Llama-3.1-8B,512,4,0,366392395,366392395,100786518,222019574,48124273,"[31626644, 11685608, 101060569]"
105,1113,meta-llama/Llama-3.1-8B,512,4,0,467931919,467931919,222019574,253646218,71428567,"[11685608, 101060569, 101539524]"
105,1257,meta-llama/Llama-3.1-8B,512,4,0,529636581,529636581,265331826,366392395,54414728,"[101539524, 44907287, 16797375]"
105,1401,meta-llama/Llama-3.1-8B,512,4,0,529636581,529636581,265331826,366392395,54414728,"[101539524, 44907287, 16797375]"
105,1545,meta-llama/Llama-3.1-8B,512,4,0,529636581,529636581,265331826,366392395,54414728,"[101539524, 44907287, 16797375]"
105,1689,meta-llama/Llama-3.1-8B,512,4,0,610115932,610115932,366392395,467931919,47394671,"[44907287, 16797375, 80479351]"
105,1833,meta-llama/Llama-3.1-8B,512,4,0,610115932,610115932,366392395,467931919,47394671,"[44907287, 16797375, 80479351]"
105,1977,meta-llama/Llama-3.1-8B,512,4,0,610115932,610115932,366392395,467931919,47394671,"[44907287, 16797375, 80479351]"
105,2121,meta-llama/Llama-3.1-8B,512,4,0,610115932,610115932,366392395,467931919,47394671,"[44907287, 16797375, 80479351]"
105,2265,meta-llama/Llama-3.1-8B,512,4,0,651089793,651089793,467931919,512839206,46083529,"[16797375, 80479351, 40973861]"
105,2409,meta-llama/Llama-3.1-8B,512,4,0,677223367,677223367,529636581,610115932,22369145,"[40973861, 14856757, 11276817]"
105,2553,meta-llama/Llama-3.1-8B,512,4,0,677223367,677223367,529636581,610115932,22369145,"[40973861, 14856757, 11276817]"
105,2697,meta-llama/Llama-3.1-8B,512,4,0,677223367,677223367,529636581,610115932,22369145,"[40973861, 14856757, 11276817]"
105,2841,meta-llama/Llama-3.1-8B,512,4,0,688508440,688508440,610115932,651089793,12472882,"[14856757, 11276817, 11285073]"
105,2985,meta-llama/Llama-3.1-8B,520,4,3000000000,3286100122,286100122,37406,251555200,11514974,"[11513918, 11514974, 11516030]"
105,3129,meta-llama/Llama-3.1-8B,520,4,3000000000,3286100122,286100122,37406,251555200,11514974,"[11513918, 11514974, 11516030]"
105,3273,meta-llama/Llama-3.1-8B,520,4,3000000000,3286100122,286100122,37406,251555200,11514974,"[11513918, 11514974, 11516030]"
105,3417,meta-llama/Llama-3.1-8B,520,4,3000000000,3286100122,286100122,37406,251555200,11514974,"[11513918, 11514974, 11516030]"
105,3561,meta-llama/Llama-3.1-8B,520,4,3000000000,3286100122,286100122,37406,251555200,11514974,"[11513918, 11514974, 11516030]"
105,3705,meta-llama/Llama-3.1-8B,520,4,3000000000,3286100122,286100122,37406,251555200,11514974,"[11513918, 11514974, 11516030]"
105,3849,meta-llama/Llama-3.1-8B,520,4,3000000000,3286100122,286100122,37406,251555200,11514974,"[11513918, 11514974, 11516030]"
105,3993,meta-llama/Llama-3.1-8B,520,4,3000000000,3286100122,286100122,37406,251555200,11514974,"[11513918, 11514974, 11516030]"
105,4137,meta-llama/Llama-3.1-8B,520,4,3000000000,3787339498,787339498,286100122,752794576,11514974,"[11513918, 11514974, 11516030]"
105,4281,meta-llama/Llama-3.1-8B,520,4,3000000000,3787339498,787339498,286100122,752794576,11514974,"[11513918, 11514974, 11516030]"
105,4425,meta-llama/Llama-3.1-8B,520,4,3000000000,3787339498,787339498,286100122,752794576,11514974,"[11513918, 11514974, 11516030]"
105,4569,meta-llama/Llama-3.1-8B,520,4,3000000000,3787339498,787339498,286100122,752794576,11514974,"[11513918, 11514974, 11516030]"
105,4713,meta-llama/Llama-3.1-8B,520,4,3000000000,3787339498,787339498,286100122,752794576,11514974,"[11513918, 11514974, 11516030]"
105,4857,meta-llama/Llama-3.1-8B,520,4,3000000000,3787339498,787339498,286100122,752794576,11514974,"[11513918, 11514974, 11516030]"
105,5001,meta-llama/Llama-3.1-8B,520,4,3000000000,3787339498,787339498,286100122,752794576,11514974,"[11513918, 11514974, 11516030]"
105,5145,meta-llama/Llama-3.1-8B,520,4,3000000000,3787339498,787339498,286100122,752794576,11514974,"[11513918, 11514974, 11516030]"
105,5289,meta-llama/Llama-3.1-8B,520,4,3000000000,4285990126,1285990126,787339498,1252147387,11280913,"[11280401, 11280913, 11281425]"
105,5433,meta-llama/Llama-3.1-8B,520,4,3000000000,4285990126,1285990126,787339498,1252147387,11280913,"[11280401, 11280913, 11281425]"
105,5577,meta-llama/Llama-3.1-8B,520,4,3000000000,4285990126,1285990126,787339498,1252147387,11280913,"[11280401, 11280913, 11281425]"
105,5721,meta-llama/Llama-3.1-8B,520,4,3000000000,4285990126,1285990126,787339498,1252147387,11280913,"[11280401, 11280913, 11281425]"
106,106,meta-llama/Llama-3.1-8B,512,4,0,265333998,265333998,1,101311974,54674008,"[121233056, 31104129, 11684839]"
106,250,meta-llama/Llama-3.1-8B,512,4,0,265333998,265333998,1,101311974,54674008,"[121233056, 31104129, 11684839]"
106,394,meta-llama/Llama-3.1-8B,512,4,0,265333998,265333998,1,101311974,54674008,"[121233056, 31104129, 11684839]"
106,538,meta-llama/Llama-3.1-8B,512,4,0,265333998,265333998,1,101311974,54674008,"[121233056, 31104129, 11684839]"
106,682,meta-llama/Llama-3.1-8B,512,4,0,366917851,366917851,101311974,222545030,48124273,"[31104129, 11684839, 101583853]"
106,826,meta-llama/Llama-3.1-8B,512,4,0,366917851,366917851,101311974,222545030,48124273,"[31104129, 11684839, 101583853]"
106,970,meta-llama/Llama-3.1-8B,512,4,0,366917851,366917851,101311974,222545030,48124273,"[31104129, 11684839, 101583853]"
106,1114,meta-llama/Llama-3.1-8B,512,4,0,468328093,468328093,222545030,253649159,71559644,"[11684839, 101583853, 101410242]"
106,1258,meta-llama/Llama-3.1-8B,512,4,0,529638753,529638753,265333998,366917851,54240300,"[101410242, 44644362, 16666298]"
106,1402,meta-llama/Llama-3.1-8B,512,4,0,529638753,529638753,265333998,366917851,54240300,"[101410242, 44644362, 16666298]"
106,1546,meta-llama/Llama-3.1-8B,512,4,0,529638753,529638753,265333998,366917851,54240300,"[101410242, 44644362, 16666298]"
106,1690,meta-llama/Llama-3.1-8B,512,4,0,610511336,610511336,366917851,468328093,47394414,"[44644362, 16666298, 80872583]"
106,1834,meta-llama/Llama-3.1-8B,512,4,0,610511336,610511336,366917851,468328093,47394414,"[44644362, 16666298, 80872583]"
106,1978,meta-llama/Llama-3.1-8B,512,4,0,610511336,610511336,366917851,468328093,47394414,"[44644362, 16666298, 80872583]"
106,2122,meta-llama/Llama-3.1-8B,512,4,0,610511336,610511336,366917851,468328093,47394414,"[44644362, 16666298, 80872583]"
106,2266,meta-llama/Llama-3.1-8B,512,4,0,651222273,651222273,468328093,512972455,46083272,"[16666298, 80872583, 40710937]"
106,2410,meta-llama/Llama-3.1-8B,512,4,0,677488447,677488447,529638753,610511336,22325703,"[40710937, 14989357, 11276817]"
106,2554,meta-llama/Llama-3.1-8B,512,4,0,677488447,677488447,529638753,610511336,22325703,"[40710937, 14989357, 11276817]"
106,2698,meta-llama/Llama-3.1-8B,512,4,0,677488447,677488447,529638753,610511336,22325703,"[40710937, 14989357, 11276817]"
106,2842,meta-llama/Llama-3.1-8B,512,4,0,688773520,688773520,610511336,651222273,12517082,"[14989357, 11276817, 11285073]"
106,2986,meta-llama/Llama-3.1-8B,520,4,3000000000,3293061780,293061780,37406,258516858,11514974,"[11513918, 11514974, 11516030]"
106,3130,meta-llama/Llama-3.1-8B,520,4,3000000000,3293061780,293061780,37406,258516858,11514974,"[11513918, 11514974, 11516030]"
106,3274,meta-llama/Llama-3.1-8B,520,4,3000000000,3293061780,293061780,37406,258516858,11514974,"[11513918, 11514974, 11516030]"
106,3418,meta-llama/Llama-3.1-8B,520,4,3000000000,3293061780,293061780,37406,258516858,11514974,"[11513918, 11514974, 11516030]"
106,3562,meta-llama/Llama-3.1-8B,520,4,3000000000,3293061780,293061780,37406,258516858,11514974,"[11513918, 11514974, 11516030]"
106,3706,meta-llama/Llama-3.1-8B,520,4,3000000000,3293061780,293061780,37406,258516858,11514974,"[11513918, 11514974, 11516030]"
106,3850,meta-llama/Llama-3.1-8B,520,4,3000000000,3293061780,293061780,37406,258516858,11514974,"[11513918, 11514974, 11516030]"
106,3994,meta-llama/Llama-3.1-8B,520,4,3000000000,3293061780,293061780,37406,258516858,11514974,"[11513918, 11514974, 11516030]"
106,4138,meta-llama/Llama-3.1-8B,520,4,3000000000,3794301156,794301156,293061780,759756234,11514974,"[11513918, 11514974, 11516030]"
106,4282,meta-llama/Llama-3.1-8B,520,4,3000000000,3794301156,794301156,293061780,759756234,11514974,"[11513918, 11514974, 11516030]"
106,4426,meta-llama/Llama-3.1-8B,520,4,3000000000,3794301156,794301156,293061780,759756234,11514974,"[11513918, 11514974, 11516030]"
106,4570,meta-llama/Llama-3.1-8B,520,4,3000000000,3794301156,794301156,293061780,759756234,11514974,"[11513918, 11514974, 11516030]"
106,4714,meta-llama/Llama-3.1-8B,520,4,3000000000,3794301156,794301156,293061780,759756234,11514974,"[11513918, 11514974, 11516030]"
106,4858,meta-llama/Llama-3.1-8B,520,4,3000000000,3794301156,794301156,293061780,759756234,11514974,"[11513918, 11514974, 11516030]"
106,5002,meta-llama/Llama-3.1-8B,520,4,3000000000,3794301156,794301156,293061780,759756234,11514974,"[11513918, 11514974, 11516030]"
106,5146,meta-llama/Llama-3.1-8B,520,4,3000000000,3794301156,794301156,293061780,759756234,11514974,"[11513918, 11514974, 11516030]"
106,5290,meta-llama/Llama-3.1-8B,520,4,3000000000,4292951784,1292951784,794301156,1259109045,11280913,"[11280401, 11280913, 11281425]"
106,5434,meta-llama/Llama-3.1-8B,520,4,3000000000,4292951784,1292951784,794301156,1259109045,11280913,"[11280401, 11280913, 11281425]"
106,5578,meta-llama/Llama-3.1-8B,520,4,3000000000,4292951784,1292951784,794301156,1259109045,11280913,"[11280401, 11280913, 11281425]"
106,5722,meta-llama/Llama-3.1-8B,520,4,3000000000,4292951784,1292951784,794301156,1259109045,11280913,"[11280401, 11280913, 11281425]"
107,107,meta-llama/Llama-3.1-8B,512,4,0,265336170,265336170,1,101837430,54499580,"[121233056, 30581614, 11684070]"
107,251,meta-llama/Llama-3.1-8B,512,4,0,265336170,265336170,1,101837430,54499580,"[121233056, 30581614, 11684070]"
107,395,meta-llama/Llama-3.1-8B,512,4,0,265336170,265336170,1,101837430,54499580,"[121233056, 30581614, 11684070]"
107,539,meta-llama/Llama-3.1-8B,512,4,0,265336170,265336170,1,101837430,54499580,"[121233056, 30581614, 11684070]"
107,683,meta-llama/Llama-3.1-8B,512,4,0,367443307,367443307,101837430,223070486,48124273,"[30581614, 11684070, 102107137]"
107,827,meta-llama/Llama-3.1-8B,512,4,0,367443307,367443307,101837430,223070486,48124273,"[30581614, 11684070, 102107137]"
107,971,meta-llama/Llama-3.1-8B,512,4,0,367443307,367443307,101837430,223070486,48124273,"[30581614, 11684070, 102107137]"
107,1115,meta-llama/Llama-3.1-8B,512,4,0,468724267,468724267,223070486,253652100,71690722,"[11684070, 102107137, 101280960]"
107,1259,meta-llama/Llama-3.1-8B,512,4,0,529640925,529640925,265336170,367443307,54065872,"[101280960, 44381437, 16535221]"
107,1403,meta-llama/Llama-3.1-8B,512,4,0,529640925,529640925,265336170,367443307,54065872,"[101280960, 44381437, 16535221]"
107,1547,meta-llama/Llama-3.1-8B,512,4,0,529640925,529640925,265336170,367443307,54065872,"[101280960, 44381437, 16535221]"
107,1691,meta-llama/Llama-3.1-8B,512,4,0,610906740,610906740,367443307,468724267,47394157,"[44381437, 16535221, 81265815]"
107,1835,meta-llama/Llama-3.1-8B,512,4,0,610906740,610906740,367443307,468724267,47394157,"[44381437, 16535221, 81265815]"
107,1979,meta-llama/Llama-3.1-8B,512,4,0,610906740,610906740,367443307,468724267,47394157,"[44381437, 16535221, 81265815]"
107,2123,meta-llama/Llama-3.1-8B,512,4,0,610906740,610906740,367443307,468724267,47394157,"[44381437, 16535221, 81265815]"
107,2267,meta-llama/Llama-3.1-8B,512,4,0,651354753,651354753,468724267,513105704,46083016,"[16535221, 81265815, 40448013]"
107,2411,meta-llama/Llama-3.1-8B,512,4,0,677753527,677753527,529640925,610906740,22282262,"[40448013, 15121957, 11276817]"
107,2555,meta-llama/Llama-3.1-8B,512,4,0,677753527,677753527,529640925,610906740,22282262,"[40448013, 15121957, 11276817]"
107,2699,meta-llama/Llama-3.1-8B,512,4,0,677753527,677753527,529640925,610906740,22282262,"[40448013, 15121957, 11276817]"
107,2843,meta-llama/Llama-3.1-8B,512,4,0,689038600,689038600,610906740,651354753,12561282,"[15121957, 11276817, 11285073]"
107,2987,meta-llama/Llama-3.1-8B,520,4,3000000000,3300023438,300023438,37406,265478516,11514974,"[11513918, 11514974, 11516030]"
107,3131,meta-llama/Llama-3.1-8B,520,4,3000000000,3300023438,300023438,37406,265478516,11514974,"[11513918, 11514974, 11516030]"
107,3275,meta-llama/Llama-3.1-8B,520,4,3000000000,3300023438,300023438,37406,265478516,11514974,"[11513918, 11514974, 11516030]"
107,3419,meta-llama/Llama-3.1-8B,520,4,3000000000,3300023438,300023438,37406,265478516,11514974,"[11513918, 11514974, 11516030]"
107,3563,meta-llama/Llama-3.1-8B,520,4,3000000000,3300023438,300023438,37406,265478516,11514974,"[11513918, 11514974, 11516030]"
107,3707,meta-llama/Llama-3.1-8B,520,4,3000000000,3300023438,300023438,37406,265478516,11514974,"[11513918, 11514974, 11516030]"
107,3851,meta-llama/Llama-3.1-8B,520,4,3000000000,3300023438,300023438,37406,265478516,11514974,"[11513918, 11514974, 11516030]"
107,3995,meta-llama/Llama-3.1-8B,520,4,3000000000,3300023438,300023438,37406,265478516,11514974,"[11513918, 11514974, 11516030]"
107,4139,meta-llama/Llama-3.1-8B,520,4,3000000000,3801262814,801262814,300023438,766717892,11514974,"[11513918, 11514974, 11516030]"
107,4283,meta-llama/Llama-3.1-8B,520,4,3000000000,3801262814,801262814,300023438,766717892,11514974,"[11513918, 11514974, 11516030]"
107,4427,meta-llama/Llama-3.1-8B,520,4,3000000000,3801262814,801262814,300023438,766717892,11514974,"[11513918, 11514974, 11516030]"
107,4571,meta-llama/Llama-3.1-8B,520,4,3000000000,3801262814,801262814,300023438,766717892,11514974,"[11513918, 11514974, 11516030]"
107,4715,meta-llama/Llama-3.1-8B,520,4,3000000000,3801262814,801262814,300023438,766717892,11514974,"[11513918, 11514974, 11516030]"
107,4859,meta-llama/Llama-3.1-8B,520,4,3000000000,3801262814,801262814,300023438,766717892,11514974,"[11513918, 11514974, 11516030]"
107,5003,meta-llama/Llama-3.1-8B,520,4,3000000000,3801262814,801262814,300023438,766717892,11514974,"[11513918, 11514974, 11516030]"
107,5147,meta-llama/Llama-3.1-8B,520,4,3000000000,3801262814,801262814,300023438,766717892,11514974,"[11513918, 11514974, 11516030]"
107,5291,meta-llama/Llama-3.1-8B,520,4,3000000000,4299913442,1299913442,801262814,1266070703,11280913,"[11280401, 11280913, 11281425]"
107,5435,meta-llama/Llama-3.1-8B,520,4,3000000000,4299913442,1299913442,801262814,1266070703,11280913,"[11280401, 11280913, 11281425]"
107,5579,meta-llama/Llama-3.1-8B,520,4,3000000000,4299913442,1299913442,801262814,1266070703,11280913,"[11280401, 11280913, 11281425]"
107,5723,meta-llama/Llama-3.1-8B,520,4,3000000000,4299913442,1299913442,801262814,1266070703,11280913,"[11280401, 11280913, 11281425]"
108,108,meta-llama/Llama-3.1-8B,512,4,0,265338342,265338342,1,102362886,54325152,"[121233056, 30059099, 11683301]"
108,252,meta-llama/Llama-3.1-8B,512,4,0,265338342,265338342,1,102362886,54325152,"[121233056, 30059099, 11683301]"
108,396,meta-llama/Llama-3.1-8B,512,4,0,265338342,265338342,1,102362886,54325152,"[121233056, 30059099, 11683301]"
108,540,meta-llama/Llama-3.1-8B,512,4,0,265338342,265338342,1,102362886,54325152,"[121233056, 30059099, 11683301]"
108,684,meta-llama/Llama-3.1-8B,512,4,0,367968763,367968763,102362886,223595942,48124273,"[30059099, 11683301, 102630421]"
108,828,meta-llama/Llama-3.1-8B,512,4,0,367968763,367968763,102362886,223595942,48124273,"[30059099, 11683301, 102630421]"
108,972,meta-llama/Llama-3.1-8B,512,4,0,367968763,367968763,102362886,223595942,48124273,"[30059099, 11683301, 102630421]"
108,1116,meta-llama/Llama-3.1-8B,512,4,0,469120441,469120441,223595942,253655041,71821800,"[11683301, 102630421, 101151678]"
108,1260,meta-llama/Llama-3.1-8B,512,4,0,529643097,529643097,265338342,367968763,53891444,"[101151678, 44118512, 16404144]"
108,1404,meta-llama/Llama-3.1-8B,512,4,0,529643097,529643097,265338342,367968763,53891444,"[101151678, 44118512, 16404144]"
108,1548,meta-llama/Llama-3.1-8B,512,4,0,529643097,529643097,265338342,367968763,53891444,"[101151678, 44118512, 16404144]"
108,1692,meta-llama/Llama-3.1-8B,512,4,0,611330181,611330181,367968763,469120441,47403246,"[44118512, 16404144, 81687084]"
108,1836,meta-llama/Llama-3.1-8B,512,4,0,611330181,611330181,367968763,469120441,47403246,"[44118512, 16404144, 81687084]"
108,1980,meta-llama/Llama-3.1-8B,512,4,0,611330181,611330181,367968763,469120441,47403246,"[44118512, 16404144, 81687084]"
108,2124,meta-llama/Llama-3.1-8B,512,4,0,611330181,611330181,367968763,469120441,47403246,"[44118512, 16404144, 81687084]"
108,2268,meta-llama/Llama-3.1-8B,512,4,0,651487233,651487233,469120441,513238953,46082760,"[16404144, 81687084, 40157052]"
108,2412,meta-llama/Llama-3.1-8B,512,4,0,677886127,677886127,529643097,611330181,22185315,"[40157052, 15122077, 11276817]"
108,2556,meta-llama/Llama-3.1-8B,512,4,0,677886127,677886127,529643097,611330181,22185315,"[40157052, 15122077, 11276817]"
108,2700,meta-llama/Llama-3.1-8B,512,4,0,677886127,677886127,529643097,611330181,22185315,"[40157052, 15122077, 11276817]"
108,2844,meta-llama/Llama-3.1-8B,512,4,0,689171200,689171200,611330181,651487233,12561322,"[15122077, 11276817, 11285073]"
108,2988,meta-llama/Llama-3.1-8B,520,4,3000000000,3306985096,306985096,37406,272440174,11514974,"[11513918, 11514974, 11516030]"
108,3132,meta-llama/Llama-3.1-8B,520,4,3000000000,3306985096,306985096,37406,272440174,11514974,"[11513918, 11514974, 11516030]"
108,3276,meta-llama/Llama-3.1-8B,520,4,3000000000,3306985096,306985096,37406,272440174,11514974,"[11513918, 11514974, 11516030]"
108,3420,meta-llama/Llama-3.1-8B,520,4,3000000000,3306985096,306985096,37406,272440174,11514974,"[11513918, 11514974, 11516030]"
108,3564,meta-llama/Llama-3.1-8B,520,4,3000000000,3306985096,306985096,37406,272440174,11514974,"[11513918, 11514974, 11516030]"
108,3708,meta-llama/Llama-3.1-8B,520,4,3000000000,3306985096,306985096,37406,272440174,11514974,"[11513918, 11514974, 11516030]"
108,3852,meta-llama/Llama-3.1-8B,520,4,3000000000,3306985096,306985096,37406,272440174,11514974,"[11513918, 11514974, 11516030]"
108,3996,meta-llama/Llama-3.1-8B,520,4,3000000000,3306985096,306985096,37406,272440174,11514974,"[11513918, 11514974, 11516030]"
108,4140,meta-llama/Llama-3.1-8B,520,4,3000000000,3808224472,808224472,306985096,773679550,11514974,"[11513918, 11514974, 11516030]"
108,4284,meta-llama/Llama-3.1-8B,520,4,3000000000,3808224472,808224472,306985096,773679550,11514974,"[11513918, 11514974, 11516030]"
108,4428,meta-llama/Llama-3.1-8B,520,4,3000000000,3808224472,808224472,306985096,773679550,11514974,"[11513918, 11514974, 11516030]"
108,4572,meta-llama/Llama-3.1-8B,520,4,3000000000,3808224472,808224472,306985096,773679550,11514974,"[11513918, 11514974, 11516030]"
108,4716,meta-llama/Llama-3.1-8B,520,4,3000000000,3808224472,808224472,306985096,773679550,11514974,"[11513918, 11514974, 11516030]"
108,4860,meta-llama/Llama-3.1-8B,520,4,3000000000,3808224472,808224472,306985096,773679550,11514974,"[11513918, 11514974, 11516030]"
108,5004,meta-llama/Llama-3.1-8B,520,4,3000000000,3808224472,808224472,306985096,773679550,11514974,"[11513918, 11514974, 11516030]"
108,5148,meta-llama/Llama-3.1-8B,520,4,3000000000,3808224472,808224472,306985096,773679550,11514974,"[11513918, 11514974, 11516030]"
108,5292,meta-llama/Llama-3.1-8B,520,4,3000000000,4306875100,1306875100,808224472,1273032361,11280913,"[11280401, 11280913, 11281425]"
108,5436,meta-llama/Llama-3.1-8B,520,4,3000000000,4306875100,1306875100,808224472,1273032361,11280913,"[11280401, 11280913, 11281425]"
108,5580,meta-llama/Llama-3.1-8B,520,4,3000000000,4306875100,1306875100,808224472,1273032361,11280913,"[11280401, 11280913, 11281425]"
108,5724,meta-llama/Llama-3.1-8B,520,4,3000000000,4306875100,1306875100,808224472,1273032361,11280913,"[11280401, 11280913, 11281425]"
109,109,meta-llama/Llama-3.1-8B,512,4,0,265340514,265340514,1,102888342,54150724,"[121233056, 29536584, 11682532]"
109,253,meta-llama/Llama-3.1-8B,512,4,0,265340514,265340514,1,102888342,54150724,"[121233056, 29536584, 11682532]"
109,397,meta-llama/Llama-3.1-8B,512,4,0,265340514,265340514,1,102888342,54150724,"[121233056, 29536584, 11682532]"
109,541,meta-llama/Llama-3.1-8B,512,4,0,265340514,265340514,1,102888342,54150724,"[121233056, 29536584, 11682532]"
109,685,meta-llama/Llama-3.1-8B,512,4,0,368494219,368494219,102888342,224121398,48124273,"[29536584, 11682532, 103153705]"
109,829,meta-llama/Llama-3.1-8B,512,4,0,368494219,368494219,102888342,224121398,48124273,"[29536584, 11682532, 103153705]"
109,973,meta-llama/Llama-3.1-8B,512,4,0,368494219,368494219,102888342,224121398,48124273,"[29536584, 11682532, 103153705]"
109,1117,meta-llama/Llama-3.1-8B,512,4,0,469516615,469516615,224121398,253657982,71952877,"[11682532, 103153705, 101022396]"
109,1261,meta-llama/Llama-3.1-8B,512,4,0,529801236,529801236,265340514,368494219,53769005,"[101022396, 43855587, 16429034]"
109,1405,meta-llama/Llama-3.1-8B,512,4,0,529801236,529801236,265340514,368494219,53769005,"[101022396, 43855587, 16429034]"
109,1549,meta-llama/Llama-3.1-8B,512,4,0,529801236,529801236,265340514,368494219,53769005,"[101022396, 43855587, 16429034]"
109,1693,meta-llama/Llama-3.1-8B,512,4,0,611725585,611725585,368494219,469516615,47402990,"[43855587, 16429034, 81924349]"
109,1837,meta-llama/Llama-3.1-8B,512,4,0,611725585,611725585,368494219,469516615,47402990,"[43855587, 16429034, 81924349]"
109,1981,meta-llama/Llama-3.1-8B,512,4,0,611725585,611725585,368494219,469516615,47402990,"[43855587, 16429034, 81924349]"
109,2125,meta-llama/Llama-3.1-8B,512,4,0,611725585,611725585,368494219,469516615,47402990,"[43855587, 16429034, 81924349]"
109,2269,meta-llama/Llama-3.1-8B,512,4,0,651620433,651620433,469516615,513372202,46082743,"[16429034, 81924349, 39894848]"
109,2413,meta-llama/Llama-3.1-8B,512,4,0,678018727,678018727,529801236,611725585,22097714,"[39894848, 15121477, 11276817]"
109,2557,meta-llama/Llama-3.1-8B,512,4,0,678018727,678018727,529801236,611725585,22097714,"[39894848, 15121477, 11276817]"
109,2701,meta-llama/Llama-3.1-8B,512,4,0,678018727,678018727,529801236,611725585,22097714,"[39894848, 15121477, 11276817]"
109,2845,meta-llama/Llama-3.1-8B,512,4,0,689303800,689303800,611725585,651620433,12561122,"[15121477, 11276817, 11285073]"
109,2989,meta-llama/Llama-3.1-8B,520,4,3000000000,3313946754,313946754,37406,279401832,11514974,"[11513918, 11514974, 11516030]"
109,3133,meta-llama/Llama-3.1-8B,520,4,3000000000,3313946754,313946754,37406,279401832,11514974,"[11513918, 11514974, 11516030]"
109,3277,meta-llama/Llama-3.1-8B,520,4,3000000000,3313946754,313946754,37406,279401832,11514974,"[11513918, 11514974, 11516030]"
109,3421,meta-llama/Llama-3.1-8B,520,4,3000000000,3313946754,313946754,37406,279401832,11514974,"[11513918, 11514974, 11516030]"
109,3565,meta-llama/Llama-3.1-8B,520,4,3000000000,3313946754,313946754,37406,279401832,11514974,"[11513918, 11514974, 11516030]"
109,3709,meta-llama/Llama-3.1-8B,520,4,3000000000,3313946754,313946754,37406,279401832,11514974,"[11513918, 11514974, 11516030]"
109,3853,meta-llama/Llama-3.1-8B,520,4,3000000000,3313946754,313946754,37406,279401832,11514974,"[11513918, 11514974, 11516030]"
109,3997,meta-llama/Llama-3.1-8B,520,4,3000000000,3313946754,313946754,37406,279401832,11514974,"[11513918, 11514974, 11516030]"
109,4141,meta-llama/Llama-3.1-8B,520,4,3000000000,3815186130,815186130,313946754,780641208,11514974,"[11513918, 11514974, 11516030]"
109,4285,meta-llama/Llama-3.1-8B,520,4,3000000000,3815186130,815186130,313946754,780641208,11514974,"[11513918, 11514974, 11516030]"
109,4429,meta-llama/Llama-3.1-8B,520,4,3000000000,3815186130,815186130,313946754,780641208,11514974,"[11513918, 11514974, 11516030]"
109,4573,meta-llama/Llama-3.1-8B,520,4,3000000000,3815186130,815186130,313946754,780641208,11514974,"[11513918, 11514974, 11516030]"
109,4717,meta-llama/Llama-3.1-8B,520,4,3000000000,3815186130,815186130,313946754,780641208,11514974,"[11513918, 11514974, 11516030]"
109,4861,meta-llama/Llama-3.1-8B,520,4,3000000000,3815186130,815186130,313946754,780641208,11514974,"[11513918, 11514974, 11516030]"
109,5005,meta-llama/Llama-3.1-8B,520,4,3000000000,3815186130,815186130,313946754,780641208,11514974,"[11513918, 11514974, 11516030]"
109,5149,meta-llama/Llama-3.1-8B,520,4,3000000000,3815186130,815186130,313946754,780641208,11514974,"[11513918, 11514974, 11516030]"
109,5293,meta-llama/Llama-3.1-8B,520,4,3000000000,4313836758,1313836758,815186130,1279994019,11280913,"[11280401, 11280913, 11281425]"
109,5437,meta-llama/Llama-3.1-8B,520,4,3000000000,4313836758,1313836758,815186130,1279994019,11280913,"[11280401, 11280913, 11281425]"
109,5581,meta-llama/Llama-3.1-8B,520,4,3000000000,4313836758,1313836758,815186130,1279994019,11280913,"[11280401, 11280913, 11281425]"
109,5725,meta-llama/Llama-3.1-8B,520,4,3000000000,4313836758,1313836758,815186130,1279994019,11280913,"[11280401, 11280913, 11281425]"
110,110,meta-llama/Llama-3.1-8B,512,4,0,265342686,265342686,1,103413798,53976296,"[121233056, 29014069, 11681763]"
110,254,meta-llama/Llama-3.1-8B,512,4,0,265342686,265342686,1,103413798,53976296,"[121233056, 29014069, 11681763]"
110,398,meta-llama/Llama-3.1-8B,512,4,0,265342686,265342686,1,103413798,53976296,"[121233056, 29014069, 11681763]"
110,542,meta-llama/Llama-3.1-8B,512,4,0,265342686,265342686,1,103413798,53976296,"[121233056, 29014069, 11681763]"
110,686,meta-llama/Llama-3.1-8B,512,4,0,369019675,369019675,103413798,224646854,48124273,"[29014069, 11681763, 103676989]"
110,830,meta-llama/Llama-3.1-8B,512,4,0,369019675,369019675,103413798,224646854,48124273,"[29014069, 11681763, 103676989]"
110,974,meta-llama/Llama-3.1-8B,512,4,0,369019675,369019675,103413798,224646854,48124273,"[29014069, 11681763, 103676989]"
110,1118,meta-llama/Llama-3.1-8B,512,4,0,469912789,469912789,224646854,253660923,72083955,"[11681763, 103676989, 100893114]"
110,1262,meta-llama/Llama-3.1-8B,512,4,0,529803408,529803408,265342686,369019675,53594577,"[100893114, 43592662, 16297957]"
110,1406,meta-llama/Llama-3.1-8B,512,4,0,529803408,529803408,265342686,369019675,53594577,"[100893114, 43592662, 16297957]"
110,1550,meta-llama/Llama-3.1-8B,512,4,0,529803408,529803408,265342686,369019675,53594577,"[100893114, 43592662, 16297957]"
110,1694,meta-llama/Llama-3.1-8B,512,4,0,612120989,612120989,369019675,469912789,47402733,"[43592662, 16297957, 82317581]"
110,1838,meta-llama/Llama-3.1-8B,512,4,0,612120989,612120989,369019675,469912789,47402733,"[43592662, 16297957, 82317581]"
110,1982,meta-llama/Llama-3.1-8B,512,4,0,612120989,612120989,369019675,469912789,47402733,"[43592662, 16297957, 82317581]"
110,2126,meta-llama/Llama-3.1-8B,512,4,0,612120989,612120989,369019675,469912789,47402733,"[43592662, 16297957, 82317581]"
110,2270,meta-llama/Llama-3.1-8B,512,4,0,651752913,651752913,469912789,513505451,46082487,"[16297957, 82317581, 39631924]"
110,2414,meta-llama/Llama-3.1-8B,512,4,0,678417433,678417433,529803408,612120989,22098814,"[39631924, 15386557, 11277963]"
110,2558,meta-llama/Llama-3.1-8B,512,4,0,678417433,678417433,529803408,612120989,22098814,"[39631924, 15386557, 11277963]"
110,2702,meta-llama/Llama-3.1-8B,512,4,0,678417433,678417433,529803408,612120989,22098814,"[39631924, 15386557, 11277963]"
110,2846,meta-llama/Llama-3.1-8B,512,4,0,689703652,689703652,612120989,651752913,12650246,"[15386557, 11277963, 11286219]"
110,2990,meta-llama/Llama-3.1-8B,520,4,3000000000,3320908412,320908412,37406,286363490,11514974,"[11513918, 11514974, 11516030]"
110,3134,meta-llama/Llama-3.1-8B,520,4,3000000000,3320908412,320908412,37406,286363490,11514974,"[11513918, 11514974, 11516030]"
110,3278,meta-llama/Llama-3.1-8B,520,4,3000000000,3320908412,320908412,37406,286363490,11514974,"[11513918, 11514974, 11516030]"
110,3422,meta-llama/Llama-3.1-8B,520,4,3000000000,3320908412,320908412,37406,286363490,11514974,"[11513918, 11514974, 11516030]"
110,3566,meta-llama/Llama-3.1-8B,520,4,3000000000,3320908412,320908412,37406,286363490,11514974,"[11513918, 11514974, 11516030]"
110,3710,meta-llama/Llama-3.1-8B,520,4,3000000000,3320908412,320908412,37406,286363490,11514974,"[11513918, 11514974, 11516030]"
110,3854,meta-llama/Llama-3.1-8B,520,4,3000000000,3320908412,320908412,37406,286363490,11514974,"[11513918, 11514974, 11516030]"
110,3998,meta-llama/Llama-3.1-8B,520,4,3000000000,3320908412,320908412,37406,286363490,11514974,"[11513918, 11514974, 11516030]"
110,4142,meta-llama/Llama-3.1-8B,520,4,3000000000,3822147788,822147788,320908412,787602866,11514974,"[11513918, 11514974, 11516030]"
110,4286,meta-llama/Llama-3.1-8B,520,4,3000000000,3822147788,822147788,320908412,787602866,11514974,"[11513918, 11514974, 11516030]"
110,4430,meta-llama/Llama-3.1-8B,520,4,3000000000,3822147788,822147788,320908412,787602866,11514974,"[11513918, 11514974, 11516030]"
110,4574,meta-llama/Llama-3.1-8B,520,4,3000000000,3822147788,822147788,320908412,787602866,11514974,"[11513918, 11514974, 11516030]"
110,4718,meta-llama/Llama-3.1-8B,520,4,3000000000,3822147788,822147788,320908412,787602866,11514974,"[11513918, 11514974, 11516030]"
110,4862,meta-llama/Llama-3.1-8B,520,4,3000000000,3822147788,822147788,320908412,787602866,11514974,"[11513918, 11514974, 11516030]"
110,5006,meta-llama/Llama-3.1-8B,520,4,3000000000,3822147788,822147788,320908412,787602866,11514974,"[11513918, 11514974, 11516030]"
110,5150,meta-llama/Llama-3.1-8B,520,4,3000000000,3822147788,822147788,320908412,787602866,11514974,"[11513918, 11514974, 11516030]"
110,5294,meta-llama/Llama-3.1-8B,520,4,3000000000,4320798416,1320798416,822147788,1286955677,11280913,"[11280401, 11280913, 11281425]"
110,5438,meta-llama/Llama-3.1-8B,520,4,3000000000,4320798416,1320798416,822147788,1286955677,11280913,"[11280401, 11280913, 11281425]"
110,5582,meta-llama/Llama-3.1-8B,520,4,3000000000,4320798416,1320798416,822147788,1286955677,11280913,"[11280401, 11280913, 11281425]"
110,5726,meta-llama/Llama-3.1-8B,520,4,3000000000,4320798416,1320798416,822147788,1286955677,11280913,"[11280401, 11280913, 11281425]"
111,111,meta-llama/Llama-3.1-8B,512,4,0,265344986,265344986,1,103939254,53801910,"[121233056, 28491554, 11681122]"
111,255,meta-llama/Llama-3.1-8B,512,4,0,265344986,265344986,1,103939254,53801910,"[121233056, 28491554, 11681122]"
111,399,meta-llama/Llama-3.1-8B,512,4,0,265344986,265344986,1,103939254,53801910,"[121233056, 28491554, 11681122]"
111,543,meta-llama/Llama-3.1-8B,512,4,0,265344986,265344986,1,103939254,53801910,"[121233056, 28491554, 11681122]"
111,687,meta-llama/Llama-3.1-8B,512,4,0,369545131,369545131,103939254,225172310,48124273,"[28491554, 11681122, 104200145]"
111,831,meta-llama/Llama-3.1-8B,512,4,0,369545131,369545131,103939254,225172310,48124273,"[28491554, 11681122, 104200145]"
111,975,meta-llama/Llama-3.1-8B,512,4,0,369545131,369545131,103939254,225172310,48124273,"[28491554, 11681122, 104200145]"
111,1119,meta-llama/Llama-3.1-8B,512,4,0,470308963,470308963,225172310,253663864,72215033,"[11681122, 104200145, 100763832]"
111,1263,meta-llama/Llama-3.1-8B,512,4,0,529805580,529805580,265344986,369545131,53420149,"[100763832, 43329737, 16166880]"
111,1407,meta-llama/Llama-3.1-8B,512,4,0,529805580,529805580,265344986,369545131,53420149,"[100763832, 43329737, 16166880]"
111,1551,meta-llama/Llama-3.1-8B,512,4,0,529805580,529805580,265344986,369545131,53420149,"[100763832, 43329737, 16166880]"
111,1695,meta-llama/Llama-3.1-8B,512,4,0,612544430,612544430,369545131,470308963,47411822,"[43329737, 16166880, 82738850]"
111,1839,meta-llama/Llama-3.1-8B,512,4,0,612544430,612544430,369545131,470308963,47411822,"[43329737, 16166880, 82738850]"
111,1983,meta-llama/Llama-3.1-8B,512,4,0,612544430,612544430,369545131,470308963,47411822,"[43329737, 16166880, 82738850]"
111,2127,meta-llama/Llama-3.1-8B,512,4,0,612544430,612544430,369545131,470308963,47411822,"[43329737, 16166880, 82738850]"
111,2271,meta-llama/Llama-3.1-8B,512,4,0,651885393,651885393,470308963,513638700,46082231,"[16166880, 82738850, 39340963]"
111,2415,meta-llama/Llama-3.1-8B,512,4,0,678418579,678418579,529805580,612544430,21958049,"[39340963, 15255223, 11277963]"
111,2559,meta-llama/Llama-3.1-8B,512,4,0,678418579,678418579,529805580,612544430,21958049,"[39340963, 15255223, 11277963]"
111,2703,meta-llama/Llama-3.1-8B,512,4,0,678418579,678418579,529805580,612544430,21958049,"[39340963, 15255223, 11277963]"
111,2847,meta-llama/Llama-3.1-8B,512,4,0,689704028,689704028,612544430,651885393,12606211,"[15255223, 11277963, 11285449]"
111,2991,meta-llama/Llama-3.1-8B,520,4,3000000000,3327870070,327870070,37406,293325148,11514974,"[11513918, 11514974, 11516030]"
111,3135,meta-llama/Llama-3.1-8B,520,4,3000000000,3327870070,327870070,37406,293325148,11514974,"[11513918, 11514974, 11516030]"
111,3279,meta-llama/Llama-3.1-8B,520,4,3000000000,3327870070,327870070,37406,293325148,11514974,"[11513918, 11514974, 11516030]"
111,3423,meta-llama/Llama-3.1-8B,520,4,3000000000,3327870070,327870070,37406,293325148,11514974,"[11513918, 11514974, 11516030]"
111,3567,meta-llama/Llama-3.1-8B,520,4,3000000000,3327870070,327870070,37406,293325148,11514974,"[11513918, 11514974, 11516030]"
111,3711,meta-llama/Llama-3.1-8B,520,4,3000000000,3327870070,327870070,37406,293325148,11514974,"[11513918, 11514974, 11516030]"
111,3855,meta-llama/Llama-3.1-8B,520,4,3000000000,3327870070,327870070,37406,293325148,11514974,"[11513918, 11514974, 11516030]"
111,3999,meta-llama/Llama-3.1-8B,520,4,3000000000,3327870070,327870070,37406,293325148,11514974,"[11513918, 11514974, 11516030]"
111,4143,meta-llama/Llama-3.1-8B,520,4,3000000000,3829109446,829109446,327870070,794564524,11514974,"[11513918, 11514974, 11516030]"
111,4287,meta-llama/Llama-3.1-8B,520,4,3000000000,3829109446,829109446,327870070,794564524,11514974,"[11513918, 11514974, 11516030]"
111,4431,meta-llama/Llama-3.1-8B,520,4,3000000000,3829109446,829109446,327870070,794564524,11514974,"[11513918, 11514974, 11516030]"
111,4575,meta-llama/Llama-3.1-8B,520,4,3000000000,3829109446,829109446,327870070,794564524,11514974,"[11513918, 11514974, 11516030]"
111,4719,meta-llama/Llama-3.1-8B,520,4,3000000000,3829109446,829109446,327870070,794564524,11514974,"[11513918, 11514974, 11516030]"
111,4863,meta-llama/Llama-3.1-8B,520,4,3000000000,3829109446,829109446,327870070,794564524,11514974,"[11513918, 11514974, 11516030]"
111,5007,meta-llama/Llama-3.1-8B,520,4,3000000000,3829109446,829109446,327870070,794564524,11514974,"[11513918, 11514974, 11516030]"
111,5151,meta-llama/Llama-3.1-8B,520,4,3000000000,3829109446,829109446,327870070,794564524,11514974,"[11513918, 11514974, 11516030]"
111,5295,meta-llama/Llama-3.1-8B,520,4,3000000000,4327760074,1327760074,829109446,1293917335,11280913,"[11280401, 11280913, 11281425]"
111,5439,meta-llama/Llama-3.1-8B,520,4,3000000000,4327760074,1327760074,829109446,1293917335,11280913,"[11280401, 11280913, 11281425]"
111,5583,meta-llama/Llama-3.1-8B,520,4,3000000000,4327760074,1327760074,829109446,1293917335,11280913,"[11280401, 11280913, 11281425]"
111,5727,meta-llama/Llama-3.1-8B,520,4,3000000000,4327760074,1327760074,829109446,1293917335,11280913,"[11280401, 11280913, 11281425]"
112,112,meta-llama/Llama-3.1-8B,512,4,0,265347158,265347158,1,104464710,53627482,"[121233056, 27969039, 11680353]"
112,256,meta-llama/Llama-3.1-8B,512,4,0,265347158,265347158,1,104464710,53627482,"[121233056, 27969039, 11680353]"
112,400,meta-llama/Llama-3.1-8B,512,4,0,265347158,265347158,1,104464710,53627482,"[121233056, 27969039, 11680353]"
112,544,meta-llama/Llama-3.1-8B,512,4,0,265347158,265347158,1,104464710,53627482,"[121233056, 27969039, 11680353]"
112,688,meta-llama/Llama-3.1-8B,512,4,0,370070587,370070587,104464710,225697766,48124273,"[27969039, 11680353, 104723429]"
112,832,meta-llama/Llama-3.1-8B,512,4,0,370070587,370070587,104464710,225697766,48124273,"[27969039, 11680353, 104723429]"
112,976,meta-llama/Llama-3.1-8B,512,4,0,370070587,370070587,104464710,225697766,48124273,"[27969039, 11680353, 104723429]"
112,1120,meta-llama/Llama-3.1-8B,512,4,0,470705137,470705137,225697766,253666805,72346110,"[11680353, 104723429, 100634550]"
112,1264,meta-llama/Llama-3.1-8B,512,4,0,529807752,529807752,265347158,370070587,53245721,"[100634550, 43066812, 16035803]"
112,1408,meta-llama/Llama-3.1-8B,512,4,0,529807752,529807752,265347158,370070587,53245721,"[100634550, 43066812, 16035803]"
112,1552,meta-llama/Llama-3.1-8B,512,4,0,529807752,529807752,265347158,370070587,53245721,"[100634550, 43066812, 16035803]"
112,1696,meta-llama/Llama-3.1-8B,512,4,0,612939834,612939834,370070587,470705137,47411565,"[43066812, 16035803, 83132082]"
112,1840,meta-llama/Llama-3.1-8B,512,4,0,612939834,612939834,370070587,470705137,47411565,"[43066812, 16035803, 83132082]"
112,1984,meta-llama/Llama-3.1-8B,512,4,0,612939834,612939834,370070587,470705137,47411565,"[43066812, 16035803, 83132082]"
112,2128,meta-llama/Llama-3.1-8B,512,4,0,612939834,612939834,370070587,470705137,47411565,"[43066812, 16035803, 83132082]"
112,2272,meta-llama/Llama-3.1-8B,512,4,0,652017873,652017873,470705137,513771949,46081974,"[16035803, 83132082, 39078039]"
112,2416,meta-llama/Llama-3.1-8B,512,4,0,678682633,678682633,529807752,612939834,21914266,"[39078039, 15386797, 11277963]"
112,2560,meta-llama/Llama-3.1-8B,512,4,0,678682633,678682633,529807752,612939834,21914266,"[39078039, 15386797, 11277963]"
112,2704,meta-llama/Llama-3.1-8B,512,4,0,678682633,678682633,529807752,612939834,21914266,"[39078039, 15386797, 11277963]"
112,2848,meta-llama/Llama-3.1-8B,512,4,0,689968852,689968852,612939834,652017873,12650326,"[15386797, 11277963, 11286219]"
112,2992,meta-llama/Llama-3.1-8B,520,4,3000000000,3334831728,334831728,37406,300286806,11514974,"[11513918, 11514974, 11516030]"
112,3136,meta-llama/Llama-3.1-8B,520,4,3000000000,3334831728,334831728,37406,300286806,11514974,"[11513918, 11514974, 11516030]"
112,3280,meta-llama/Llama-3.1-8B,520,4,3000000000,3334831728,334831728,37406,300286806,11514974,"[11513918, 11514974, 11516030]"
112,3424,meta-llama/Llama-3.1-8B,520,4,3000000000,3334831728,334831728,37406,300286806,11514974,"[11513918, 11514974, 11516030]"
112,3568,meta-llama/Llama-3.1-8B,520,4,3000000000,3334831728,334831728,37406,300286806,11514974,"[11513918, 11514974, 11516030]"
112,3712,meta-llama/Llama-3.1-8B,520,4,3000000000,3334831728,334831728,37406,300286806,11514974,"[11513918, 11514974, 11516030]"
112,3856,meta-llama/Llama-3.1-8B,520,4,3000000000,3334831728,334831728,37406,300286806,11514974,"[11513918, 11514974, 11516030]"
112,4000,meta-llama/Llama-3.1-8B,520,4,3000000000,3334831728,334831728,37406,300286806,11514974,"[11513918, 11514974, 11516030]"
112,4144,meta-llama/Llama-3.1-8B,520,4,3000000000,3836071104,836071104,334831728,801526182,11514974,"[11513918, 11514974, 11516030]"
112,4288,meta-llama/Llama-3.1-8B,520,4,3000000000,3836071104,836071104,334831728,801526182,11514974,"[11513918, 11514974, 11516030]"
112,4432,meta-llama/Llama-3.1-8B,520,4,3000000000,3836071104,836071104,334831728,801526182,11514974,"[11513918, 11514974, 11516030]"
112,4576,meta-llama/Llama-3.1-8B,520,4,3000000000,3836071104,836071104,334831728,801526182,11514974,"[11513918, 11514974, 11516030]"
112,4720,meta-llama/Llama-3.1-8B,520,4,3000000000,3836071104,836071104,334831728,801526182,11514974,"[11513918, 11514974, 11516030]"
112,4864,meta-llama/Llama-3.1-8B,520,4,3000000000,3836071104,836071104,334831728,801526182,11514974,"[11513918, 11514974, 11516030]"
112,5008,meta-llama/Llama-3.1-8B,520,4,3000000000,3836071104,836071104,334831728,801526182,11514974,"[11513918, 11514974, 11516030]"
112,5152,meta-llama/Llama-3.1-8B,520,4,3000000000,3836071104,836071104,334831728,801526182,11514974,"[11513918, 11514974, 11516030]"
112,5296,meta-llama/Llama-3.1-8B,520,4,3000000000,4334721732,1334721732,836071104,1300878993,11280913,"[11280401, 11280913, 11281425]"
112,5440,meta-llama/Llama-3.1-8B,520,4,3000000000,4334721732,1334721732,836071104,1300878993,11280913,"[11280401, 11280913, 11281425]"
112,5584,meta-llama/Llama-3.1-8B,520,4,3000000000,4334721732,1334721732,836071104,1300878993,11280913,"[11280401, 11280913, 11281425]"
112,5728,meta-llama/Llama-3.1-8B,520,4,3000000000,4334721732,1334721732,836071104,1300878993,11280913,"[11280401, 11280913, 11281425]"
113,113,meta-llama/Llama-3.1-8B,512,4,0,265349330,265349330,1,104990166,53453054,"[121233056, 27446524, 11679584]"
113,257,meta-llama/Llama-3.1-8B,512,4,0,265349330,265349330,1,104990166,53453054,"[121233056, 27446524, 11679584]"
113,401,meta-llama/Llama-3.1-8B,512,4,0,265349330,265349330,1,104990166,53453054,"[121233056, 27446524, 11679584]"
113,545,meta-llama/Llama-3.1-8B,512,4,0,265349330,265349330,1,104990166,53453054,"[121233056, 27446524, 11679584]"
113,689,meta-llama/Llama-3.1-8B,512,4,0,370596043,370596043,104990166,226223222,48124273,"[27446524, 11679584, 105246713]"
113,833,meta-llama/Llama-3.1-8B,512,4,0,370596043,370596043,104990166,226223222,48124273,"[27446524, 11679584, 105246713]"
113,977,meta-llama/Llama-3.1-8B,512,4,0,370596043,370596043,104990166,226223222,48124273,"[27446524, 11679584, 105246713]"
113,1121,meta-llama/Llama-3.1-8B,512,4,0,471101311,471101311,226223222,253669746,72477188,"[11679584, 105246713, 100505268]"
113,1265,meta-llama/Llama-3.1-8B,512,4,0,529809924,529809924,265349330,370596043,53071293,"[100505268, 42803887, 15904726]"
113,1409,meta-llama/Llama-3.1-8B,512,4,0,529809924,529809924,265349330,370596043,53071293,"[100505268, 42803887, 15904726]"
113,1553,meta-llama/Llama-3.1-8B,512,4,0,529809924,529809924,265349330,370596043,53071293,"[100505268, 42803887, 15904726]"
113,1697,meta-llama/Llama-3.1-8B,512,4,0,613363275,613363275,370596043,471101311,47420654,"[42803887, 15904726, 83553351]"
113,1841,meta-llama/Llama-3.1-8B,512,4,0,613363275,613363275,370596043,471101311,47420654,"[42803887, 15904726, 83553351]"
113,1985,meta-llama/Llama-3.1-8B,512,4,0,613363275,613363275,370596043,471101311,47420654,"[42803887, 15904726, 83553351]"
113,2129,meta-llama/Llama-3.1-8B,512,4,0,613363275,613363275,370596043,471101311,47420654,"[42803887, 15904726, 83553351]"
113,2273,meta-llama/Llama-3.1-8B,512,4,0,652150353,652150353,471101311,513905198,46081718,"[15904726, 83553351, 38787078]"
113,2417,meta-llama/Llama-3.1-8B,512,4,0,678683779,678683779,529809924,613363275,21773501,"[38787078, 15255463, 11277963]"
113,2561,meta-llama/Llama-3.1-8B,512,4,0,678683779,678683779,529809924,613363275,21773501,"[38787078, 15255463, 11277963]"
113,2705,meta-llama/Llama-3.1-8B,512,4,0,678683779,678683779,529809924,613363275,21773501,"[38787078, 15255463, 11277963]"
113,2849,meta-llama/Llama-3.1-8B,512,4,0,689969228,689969228,613363275,652150353,12606291,"[15255463, 11277963, 11285449]"
113,2993,meta-llama/Llama-3.1-8B,520,4,3000000000,3341793386,341793386,37406,307248464,11514974,"[11513918, 11514974, 11516030]"
113,3137,meta-llama/Llama-3.1-8B,520,4,3000000000,3341793386,341793386,37406,307248464,11514974,"[11513918, 11514974, 11516030]"
113,3281,meta-llama/Llama-3.1-8B,520,4,3000000000,3341793386,341793386,37406,307248464,11514974,"[11513918, 11514974, 11516030]"
113,3425,meta-llama/Llama-3.1-8B,520,4,3000000000,3341793386,341793386,37406,307248464,11514974,"[11513918, 11514974, 11516030]"
113,3569,meta-llama/Llama-3.1-8B,520,4,3000000000,3341793386,341793386,37406,307248464,11514974,"[11513918, 11514974, 11516030]"
113,3713,meta-llama/Llama-3.1-8B,520,4,3000000000,3341793386,341793386,37406,307248464,11514974,"[11513918, 11514974, 11516030]"
113,3857,meta-llama/Llama-3.1-8B,520,4,3000000000,3341793386,341793386,37406,307248464,11514974,"[11513918, 11514974, 11516030]"
113,4001,meta-llama/Llama-3.1-8B,520,4,3000000000,3341793386,341793386,37406,307248464,11514974,"[11513918, 11514974, 11516030]"
113,4145,meta-llama/Llama-3.1-8B,520,4,3000000000,3843032762,843032762,341793386,808487840,11514974,"[11513918, 11514974, 11516030]"
113,4289,meta-llama/Llama-3.1-8B,520,4,3000000000,3843032762,843032762,341793386,808487840,11514974,"[11513918, 11514974, 11516030]"
113,4433,meta-llama/Llama-3.1-8B,520,4,3000000000,3843032762,843032762,341793386,808487840,11514974,"[11513918, 11514974, 11516030]"
113,4577,meta-llama/Llama-3.1-8B,520,4,3000000000,3843032762,843032762,341793386,808487840,11514974,"[11513918, 11514974, 11516030]"
113,4721,meta-llama/Llama-3.1-8B,520,4,3000000000,3843032762,843032762,341793386,808487840,11514974,"[11513918, 11514974, 11516030]"
113,4865,meta-llama/Llama-3.1-8B,520,4,3000000000,3843032762,843032762,341793386,808487840,11514974,"[11513918, 11514974, 11516030]"
113,5009,meta-llama/Llama-3.1-8B,520,4,3000000000,3843032762,843032762,341793386,808487840,11514974,"[11513918, 11514974, 11516030]"
113,5153,meta-llama/Llama-3.1-8B,520,4,3000000000,3843032762,843032762,341793386,808487840,11514974,"[11513918, 11514974, 11516030]"
113,5297,meta-llama/Llama-3.1-8B,520,4,3000000000,4341683390,1341683390,843032762,1307840651,11280913,"[11280401, 11280913, 11281425]"
113,5441,meta-llama/Llama-3.1-8B,520,4,3000000000,4341683390,1341683390,843032762,1307840651,11280913,"[11280401, 11280913, 11281425]"
113,5585,meta-llama/Llama-3.1-8B,520,4,3000000000,4341683390,1341683390,843032762,1307840651,11280913,"[11280401, 11280913, 11281425]"
113,5729,meta-llama/Llama-3.1-8B,520,4,3000000000,4341683390,1341683390,843032762,1307840651,11280913,"[11280401, 11280913, 11281425]"
114,114,meta-llama/Llama-3.1-8B,512,4,0,265351502,265351502,1,105515622,53278626,"[121233056, 26924009, 11678815]"
114,258,meta-llama/Llama-3.1-8B,512,4,0,265351502,265351502,1,105515622,53278626,"[121233056, 26924009, 11678815]"
114,402,meta-llama/Llama-3.1-8B,512,4,0,265351502,265351502,1,105515622,53278626,"[121233056, 26924009, 11678815]"
114,546,meta-llama/Llama-3.1-8B,512,4,0,265351502,265351502,1,105515622,53278626,"[121233056, 26924009, 11678815]"
114,690,meta-llama/Llama-3.1-8B,512,4,0,371121499,371121499,105515622,226748678,48124273,"[26924009, 11678815, 105769997]"
114,834,meta-llama/Llama-3.1-8B,512,4,0,371121499,371121499,105515622,226748678,48124273,"[26924009, 11678815, 105769997]"
114,978,meta-llama/Llama-3.1-8B,512,4,0,371121499,371121499,105515622,226748678,48124273,"[26924009, 11678815, 105769997]"
114,1122,meta-llama/Llama-3.1-8B,512,4,0,471497485,471497485,226748678,253672687,72608266,"[11678815, 105769997, 100375986]"
114,1266,meta-llama/Llama-3.1-8B,512,4,0,529812096,529812096,265351502,371121499,52896865,"[100375986, 42540962, 15773649]"
114,1410,meta-llama/Llama-3.1-8B,512,4,0,529812096,529812096,265351502,371121499,52896865,"[100375986, 42540962, 15773649]"
114,1554,meta-llama/Llama-3.1-8B,512,4,0,529812096,529812096,265351502,371121499,52896865,"[100375986, 42540962, 15773649]"
114,1698,meta-llama/Llama-3.1-8B,512,4,0,613758679,613758679,371121499,471497485,47420398,"[42540962, 15773649, 83946583]"
114,1842,meta-llama/Llama-3.1-8B,512,4,0,613758679,613758679,371121499,471497485,47420398,"[42540962, 15773649, 83946583]"
114,1986,meta-llama/Llama-3.1-8B,512,4,0,613758679,613758679,371121499,471497485,47420398,"[42540962, 15773649, 83946583]"
114,2130,meta-llama/Llama-3.1-8B,512,4,0,613758679,613758679,371121499,471497485,47420398,"[42540962, 15773649, 83946583]"
114,2274,meta-llama/Llama-3.1-8B,512,4,0,652282953,652282953,471497485,514038447,46081502,"[15773649, 83946583, 38524274]"
114,2418,meta-llama/Llama-3.1-8B,512,4,0,678688603,678688603,529812096,613758679,21643308,"[38524274, 15124249, 11281401]"
114,2562,meta-llama/Llama-3.1-8B,512,4,0,678688603,678688603,529812096,613758679,21643308,"[38524274, 15124249, 11281401]"
114,2706,meta-llama/Llama-3.1-8B,512,4,0,678688603,678688603,529812096,613758679,21643308,"[38524274, 15124249, 11281401]"
114,2850,meta-llama/Llama-3.1-8B,512,4,0,689973676,689973676,613758679,652282953,12563574,"[15124249, 11281401, 11285073]"
114,2994,meta-llama/Llama-3.1-8B,520,4,3000000000,3348755044,348755044,37406,314210122,11514974,"[11513918, 11514974, 11516030]"
114,3138,meta-llama/Llama-3.1-8B,520,4,3000000000,3348755044,348755044,37406,314210122,11514974,"[11513918, 11514974, 11516030]"
114,3282,meta-llama/Llama-3.1-8B,520,4,3000000000,3348755044,348755044,37406,314210122,11514974,"[11513918, 11514974, 11516030]"
114,3426,meta-llama/Llama-3.1-8B,520,4,3000000000,3348755044,348755044,37406,314210122,11514974,"[11513918, 11514974, 11516030]"
114,3570,meta-llama/Llama-3.1-8B,520,4,3000000000,3348755044,348755044,37406,314210122,11514974,"[11513918, 11514974, 11516030]"
114,3714,meta-llama/Llama-3.1-8B,520,4,3000000000,3348755044,348755044,37406,314210122,11514974,"[11513918, 11514974, 11516030]"
114,3858,meta-llama/Llama-3.1-8B,520,4,3000000000,3348755044,348755044,37406,314210122,11514974,"[11513918, 11514974, 11516030]"
114,4002,meta-llama/Llama-3.1-8B,520,4,3000000000,3348755044,348755044,37406,314210122,11514974,"[11513918, 11514974, 11516030]"
114,4146,meta-llama/Llama-3.1-8B,520,4,3000000000,3849994420,849994420,348755044,815449498,11514974,"[11513918, 11514974, 11516030]"
114,4290,meta-llama/Llama-3.1-8B,520,4,3000000000,3849994420,849994420,348755044,815449498,11514974,"[11513918, 11514974, 11516030]"
114,4434,meta-llama/Llama-3.1-8B,520,4,3000000000,3849994420,849994420,348755044,815449498,11514974,"[11513918, 11514974, 11516030]"
114,4578,meta-llama/Llama-3.1-8B,520,4,3000000000,3849994420,849994420,348755044,815449498,11514974,"[11513918, 11514974, 11516030]"
114,4722,meta-llama/Llama-3.1-8B,520,4,3000000000,3849994420,849994420,348755044,815449498,11514974,"[11513918, 11514974, 11516030]"
114,4866,meta-llama/Llama-3.1-8B,520,4,3000000000,3849994420,849994420,348755044,815449498,11514974,"[11513918, 11514974, 11516030]"
114,5010,meta-llama/Llama-3.1-8B,520,4,3000000000,3849994420,849994420,348755044,815449498,11514974,"[11513918, 11514974, 11516030]"
114,5154,meta-llama/Llama-3.1-8B,520,4,3000000000,3849994420,849994420,348755044,815449498,11514974,"[11513918, 11514974, 11516030]"
114,5298,meta-llama/Llama-3.1-8B,520,4,3000000000,4348645048,1348645048,849994420,1314802309,11280913,"[11280401, 11280913, 11281425]"
114,5442,meta-llama/Llama-3.1-8B,520,4,3000000000,4348645048,1348645048,849994420,1314802309,11280913,"[11280401, 11280913, 11281425]"
114,5586,meta-llama/Llama-3.1-8B,520,4,3000000000,4348645048,1348645048,849994420,1314802309,11280913,"[11280401, 11280913, 11281425]"
114,5730,meta-llama/Llama-3.1-8B,520,4,3000000000,4348645048,1348645048,849994420,1314802309,11280913,"[11280401, 11280913, 11281425]"
115,115,meta-llama/Llama-3.1-8B,512,4,0,265353674,265353674,1,106041078,53104198,"[121233056, 26401494, 11678046]"
115,259,meta-llama/Llama-3.1-8B,512,4,0,265353674,265353674,1,106041078,53104198,"[121233056, 26401494, 11678046]"
115,403,meta-llama/Llama-3.1-8B,512,4,0,265353674,265353674,1,106041078,53104198,"[121233056, 26401494, 11678046]"
115,547,meta-llama/Llama-3.1-8B,512,4,0,265353674,265353674,1,106041078,53104198,"[121233056, 26401494, 11678046]"
115,691,meta-llama/Llama-3.1-8B,512,4,0,371646955,371646955,106041078,227274134,48124273,"[26401494, 11678046, 106293281]"
115,835,meta-llama/Llama-3.1-8B,512,4,0,371646955,371646955,106041078,227274134,48124273,"[26401494, 11678046, 106293281]"
115,979,meta-llama/Llama-3.1-8B,512,4,0,371646955,371646955,106041078,227274134,48124273,"[26401494, 11678046, 106293281]"
115,1123,meta-llama/Llama-3.1-8B,512,4,0,471893659,471893659,227274134,253675628,72739343,"[11678046, 106293281, 100246704]"
115,1267,meta-llama/Llama-3.1-8B,512,4,0,529814268,529814268,265353674,371646955,52722437,"[100246704, 42278037, 15642572]"
115,1411,meta-llama/Llama-3.1-8B,512,4,0,529814268,529814268,265353674,371646955,52722437,"[100246704, 42278037, 15642572]"
115,1555,meta-llama/Llama-3.1-8B,512,4,0,529814268,529814268,265353674,371646955,52722437,"[100246704, 42278037, 15642572]"
115,1699,meta-llama/Llama-3.1-8B,512,4,0,614154083,614154083,371646955,471893659,47420141,"[42278037, 15642572, 84339815]"
115,1843,meta-llama/Llama-3.1-8B,512,4,0,614154083,614154083,371646955,471893659,47420141,"[42278037, 15642572, 84339815]"
115,1987,meta-llama/Llama-3.1-8B,512,4,0,614154083,614154083,371646955,471893659,47420141,"[42278037, 15642572, 84339815]"
115,2131,meta-llama/Llama-3.1-8B,512,4,0,614154083,614154083,371646955,471893659,47420141,"[42278037, 15642572, 84339815]"
115,2275,meta-llama/Llama-3.1-8B,512,4,0,652415433,652415433,471893659,514171696,46081245,"[15642572, 84339815, 38261350]"
115,2419,meta-llama/Llama-3.1-8B,512,4,0,678693307,678693307,529814268,614154083,21513074,"[38261350, 14992915, 11284959]"
115,2563,meta-llama/Llama-3.1-8B,512,4,0,678693307,678693307,529814268,614154083,21513074,"[38261350, 14992915, 11284959]"
115,2707,meta-llama/Llama-3.1-8B,512,4,0,678693307,678693307,529814268,614154083,21513074,"[38261350, 14992915, 11284959]"
115,2851,meta-llama/Llama-3.1-8B,512,4,0,689978380,689978380,614154083,652415433,12520982,"[14992915, 11284959, 11285073]"
115,2995,meta-llama/Llama-3.1-8B,520,4,3000000000,3355716702,355716702,37406,321171780,11514974,"[11513918, 11514974, 11516030]"
115,3139,meta-llama/Llama-3.1-8B,520,4,3000000000,3355716702,355716702,37406,321171780,11514974,"[11513918, 11514974, 11516030]"
115,3283,meta-llama/Llama-3.1-8B,520,4,3000000000,3355716702,355716702,37406,321171780,11514974,"[11513918, 11514974, 11516030]"
115,3427,meta-llama/Llama-3.1-8B,520,4,3000000000,3355716702,355716702,37406,321171780,11514974,"[11513918, 11514974, 11516030]"
115,3571,meta-llama/Llama-3.1-8B,520,4,3000000000,3355716702,355716702,37406,321171780,11514974,"[11513918, 11514974, 11516030]"
115,3715,meta-llama/Llama-3.1-8B,520,4,3000000000,3355716702,355716702,37406,321171780,11514974,"[11513918, 11514974, 11516030]"
115,3859,meta-llama/Llama-3.1-8B,520,4,3000000000,3355716702,355716702,37406,321171780,11514974,"[11513918, 11514974, 11516030]"
115,4003,meta-llama/Llama-3.1-8B,520,4,3000000000,3355716702,355716702,37406,321171780,11514974,"[11513918, 11514974, 11516030]"
115,4147,meta-llama/Llama-3.1-8B,520,4,3000000000,3856956078,856956078,355716702,822411156,11514974,"[11513918, 11514974, 11516030]"
115,4291,meta-llama/Llama-3.1-8B,520,4,3000000000,3856956078,856956078,355716702,822411156,11514974,"[11513918, 11514974, 11516030]"
115,4435,meta-llama/Llama-3.1-8B,520,4,3000000000,3856956078,856956078,355716702,822411156,11514974,"[11513918, 11514974, 11516030]"
115,4579,meta-llama/Llama-3.1-8B,520,4,3000000000,3856956078,856956078,355716702,822411156,11514974,"[11513918, 11514974, 11516030]"
115,4723,meta-llama/Llama-3.1-8B,520,4,3000000000,3856956078,856956078,355716702,822411156,11514974,"[11513918, 11514974, 11516030]"
115,4867,meta-llama/Llama-3.1-8B,520,4,3000000000,3856956078,856956078,355716702,822411156,11514974,"[11513918, 11514974, 11516030]"
115,5011,meta-llama/Llama-3.1-8B,520,4,3000000000,3856956078,856956078,355716702,822411156,11514974,"[11513918, 11514974, 11516030]"
115,5155,meta-llama/Llama-3.1-8B,520,4,3000000000,3856956078,856956078,355716702,822411156,11514974,"[11513918, 11514974, 11516030]"
115,5299,meta-llama/Llama-3.1-8B,520,4,3000000000,4355606706,1355606706,856956078,1321763967,11280913,"[11280401, 11280913, 11281425]"
115,5443,meta-llama/Llama-3.1-8B,520,4,3000000000,4355606706,1355606706,856956078,1321763967,11280913,"[11280401, 11280913, 11281425]"
115,5587,meta-llama/Llama-3.1-8B,520,4,3000000000,4355606706,1355606706,856956078,1321763967,11280913,"[11280401, 11280913, 11281425]"
115,5731,meta-llama/Llama-3.1-8B,520,4,3000000000,4355606706,1355606706,856956078,1321763967,11280913,"[11280401, 11280913, 11281425]"
116,116,meta-llama/Llama-3.1-8B,512,4,0,265355846,265355846,1,106566534,52929770,"[121233056, 25878979, 11677277]"
116,260,meta-llama/Llama-3.1-8B,512,4,0,265355846,265355846,1,106566534,52929770,"[121233056, 25878979, 11677277]"
116,404,meta-llama/Llama-3.1-8B,512,4,0,265355846,265355846,1,106566534,52929770,"[121233056, 25878979, 11677277]"
116,548,meta-llama/Llama-3.1-8B,512,4,0,265355846,265355846,1,106566534,52929770,"[121233056, 25878979, 11677277]"
116,692,meta-llama/Llama-3.1-8B,512,4,0,372172411,372172411,106566534,227799590,48124273,"[25878979, 11677277, 106816565]"
116,836,meta-llama/Llama-3.1-8B,512,4,0,372172411,372172411,106566534,227799590,48124273,"[25878979, 11677277, 106816565]"
116,980,meta-llama/Llama-3.1-8B,512,4,0,372172411,372172411,106566534,227799590,48124273,"[25878979, 11677277, 106816565]"
116,1124,meta-llama/Llama-3.1-8B,512,4,0,472289833,472289833,227799590,253678569,72870421,"[11677277, 106816565, 100117422]"
116,1268,meta-llama/Llama-3.1-8B,512,4,0,529816440,529816440,265355846,372172411,52548009,"[100117422, 42015112, 15511495]"
116,1412,meta-llama/Llama-3.1-8B,512,4,0,529816440,529816440,265355846,372172411,52548009,"[100117422, 42015112, 15511495]"
116,1556,meta-llama/Llama-3.1-8B,512,4,0,529816440,529816440,265355846,372172411,52548009,"[100117422, 42015112, 15511495]"
116,1700,meta-llama/Llama-3.1-8B,512,4,0,614577524,614577524,372172411,472289833,47429230,"[42015112, 15511495, 84761084]"
116,1844,meta-llama/Llama-3.1-8B,512,4,0,614577524,614577524,372172411,472289833,47429230,"[42015112, 15511495, 84761084]"
116,1988,meta-llama/Llama-3.1-8B,512,4,0,614577524,614577524,372172411,472289833,47429230,"[42015112, 15511495, 84761084]"
116,2132,meta-llama/Llama-3.1-8B,512,4,0,614577524,614577524,372172411,472289833,47429230,"[42015112, 15511495, 84761084]"
116,2276,meta-llama/Llama-3.1-8B,512,4,0,652547913,652547913,472289833,514304945,46080989,"[15511495, 84761084, 37970389]"
116,2420,meta-llama/Llama-3.1-8B,512,4,0,678694573,678694573,529816440,614577524,21372349,"[37970389, 14861581, 11285079]"
116,2564,meta-llama/Llama-3.1-8B,512,4,0,678694573,678694573,529816440,614577524,21372349,"[37970389, 14861581, 11285079]"
116,2708,meta-llama/Llama-3.1-8B,512,4,0,678694573,678694573,529816440,614577524,21372349,"[37970389, 14861581, 11285079]"
116,2852,meta-llama/Llama-3.1-8B,512,4,0,689979646,689979646,614577524,652547913,12477244,"[14861581, 11285079, 11285073]"
116,2996,meta-llama/Llama-3.1-8B,520,4,3000000000,3362678360,362678360,37406,328133438,11514974,"[11513918, 11514974, 11516030]"
116,3140,meta-llama/Llama-3.1-8B,520,4,3000000000,3362678360,362678360,37406,328133438,11514974,"[11513918, 11514974, 11516030]"
116,3284,meta-llama/Llama-3.1-8B,520,4,3000000000,3362678360,362678360,37406,328133438,11514974,"[11513918, 11514974, 11516030]"
116,3428,meta-llama/Llama-3.1-8B,520,4,3000000000,3362678360,362678360,37406,328133438,11514974,"[11513918, 11514974, 11516030]"
116,3572,meta-llama/Llama-3.1-8B,520,4,3000000000,3362678360,362678360,37406,328133438,11514974,"[11513918, 11514974, 11516030]"
116,3716,meta-llama/Llama-3.1-8B,520,4,3000000000,3362678360,362678360,37406,328133438,11514974,"[11513918, 11514974, 11516030]"
116,3860,meta-llama/Llama-3.1-8B,520,4,3000000000,3362678360,362678360,37406,328133438,11514974,"[11513918, 11514974, 11516030]"
116,4004,meta-llama/Llama-3.1-8B,520,4,3000000000,3362678360,362678360,37406,328133438,11514974,"[11513918, 11514974, 11516030]"
116,4148,meta-llama/Llama-3.1-8B,520,4,3000000000,3863917736,863917736,362678360,829372814,11514974,"[11513918, 11514974, 11516030]"
116,4292,meta-llama/Llama-3.1-8B,520,4,3000000000,3863917736,863917736,362678360,829372814,11514974,"[11513918, 11514974, 11516030]"
116,4436,meta-llama/Llama-3.1-8B,520,4,3000000000,3863917736,863917736,362678360,829372814,11514974,"[11513918, 11514974, 11516030]"
116,4580,meta-llama/Llama-3.1-8B,520,4,3000000000,3863917736,863917736,362678360,829372814,11514974,"[11513918, 11514974, 11516030]"
116,4724,meta-llama/Llama-3.1-8B,520,4,3000000000,3863917736,863917736,362678360,829372814,11514974,"[11513918, 11514974, 11516030]"
116,4868,meta-llama/Llama-3.1-8B,520,4,3000000000,3863917736,863917736,362678360,829372814,11514974,"[11513918, 11514974, 11516030]"
116,5012,meta-llama/Llama-3.1-8B,520,4,3000000000,3863917736,863917736,362678360,829372814,11514974,"[11513918, 11514974, 11516030]"
116,5156,meta-llama/Llama-3.1-8B,520,4,3000000000,3863917736,863917736,362678360,829372814,11514974,"[11513918, 11514974, 11516030]"
116,5300,meta-llama/Llama-3.1-8B,520,4,3000000000,4362568364,1362568364,863917736,1328725625,11280913,"[11280401, 11280913, 11281425]"
116,5444,meta-llama/Llama-3.1-8B,520,4,3000000000,4362568364,1362568364,863917736,1328725625,11280913,"[11280401, 11280913, 11281425]"
116,5588,meta-llama/Llama-3.1-8B,520,4,3000000000,4362568364,1362568364,863917736,1328725625,11280913,"[11280401, 11280913, 11281425]"
116,5732,meta-llama/Llama-3.1-8B,520,4,3000000000,4362568364,1362568364,863917736,1328725625,11280913,"[11280401, 11280913, 11281425]"
117,117,meta-llama/Llama-3.1-8B,512,4,0,265358018,265358018,1,107091990,52755342,"[121233056, 25356464, 11676508]"
117,261,meta-llama/Llama-3.1-8B,512,4,0,265358018,265358018,1,107091990,52755342,"[121233056, 25356464, 11676508]"
117,405,meta-llama/Llama-3.1-8B,512,4,0,265358018,265358018,1,107091990,52755342,"[121233056, 25356464, 11676508]"
117,549,meta-llama/Llama-3.1-8B,512,4,0,265358018,265358018,1,107091990,52755342,"[121233056, 25356464, 11676508]"
117,693,meta-llama/Llama-3.1-8B,512,4,0,372697867,372697867,107091990,228325046,48124273,"[25356464, 11676508, 107339849]"
117,837,meta-llama/Llama-3.1-8B,512,4,0,372697867,372697867,107091990,228325046,48124273,"[25356464, 11676508, 107339849]"
117,981,meta-llama/Llama-3.1-8B,512,4,0,372697867,372697867,107091990,228325046,48124273,"[25356464, 11676508, 107339849]"
117,1125,meta-llama/Llama-3.1-8B,512,4,0,472686007,472686007,228325046,253681510,73001499,"[11676508, 107339849, 99988140]"
117,1269,meta-llama/Llama-3.1-8B,512,4,0,529818612,529818612,265358018,372697867,52373581,"[99988140, 41752187, 15380418]"
117,1413,meta-llama/Llama-3.1-8B,512,4,0,529818612,529818612,265358018,372697867,52373581,"[99988140, 41752187, 15380418]"
117,1557,meta-llama/Llama-3.1-8B,512,4,0,529818612,529818612,265358018,372697867,52373581,"[99988140, 41752187, 15380418]"
117,1701,meta-llama/Llama-3.1-8B,512,4,0,614972928,614972928,372697867,472686007,47428973,"[41752187, 15380418, 85154316]"
117,1845,meta-llama/Llama-3.1-8B,512,4,0,614972928,614972928,372697867,472686007,47428973,"[41752187, 15380418, 85154316]"
117,1989,meta-llama/Llama-3.1-8B,512,4,0,614972928,614972928,372697867,472686007,47428973,"[41752187, 15380418, 85154316]"
117,2133,meta-llama/Llama-3.1-8B,512,4,0,614972928,614972928,372697867,472686007,47428973,"[41752187, 15380418, 85154316]"
117,2277,meta-llama/Llama-3.1-8B,512,4,0,652680393,652680393,472686007,514438194,46080733,"[15380418, 85154316, 37707465]"
117,2421,meta-llama/Llama-3.1-8B,512,4,0,678700423,678700423,529818612,614972928,21242498,"[37707465, 14730247, 11289783]"
117,2565,meta-llama/Llama-3.1-8B,512,4,0,678700423,678700423,529818612,614972928,21242498,"[37707465, 14730247, 11289783]"
117,2709,meta-llama/Llama-3.1-8B,512,4,0,678700423,678700423,529818612,614972928,21242498,"[37707465, 14730247, 11289783]"
117,2853,meta-llama/Llama-3.1-8B,512,4,0,689986642,689986642,614972928,652680393,12435416,"[14730247, 11289783, 11286219]"
117,2997,meta-llama/Llama-3.1-8B,520,4,3000000000,3369640018,369640018,37406,335095096,11514974,"[11513918, 11514974, 11516030]"
117,3141,meta-llama/Llama-3.1-8B,520,4,3000000000,3369640018,369640018,37406,335095096,11514974,"[11513918, 11514974, 11516030]"
117,3285,meta-llama/Llama-3.1-8B,520,4,3000000000,3369640018,369640018,37406,335095096,11514974,"[11513918, 11514974, 11516030]"
117,3429,meta-llama/Llama-3.1-8B,520,4,3000000000,3369640018,369640018,37406,335095096,11514974,"[11513918, 11514974, 11516030]"
117,3573,meta-llama/Llama-3.1-8B,520,4,3000000000,3369640018,369640018,37406,335095096,11514974,"[11513918, 11514974, 11516030]"
117,3717,meta-llama/Llama-3.1-8B,520,4,3000000000,3369640018,369640018,37406,335095096,11514974,"[11513918, 11514974, 11516030]"
117,3861,meta-llama/Llama-3.1-8B,520,4,3000000000,3369640018,369640018,37406,335095096,11514974,"[11513918, 11514974, 11516030]"
117,4005,meta-llama/Llama-3.1-8B,520,4,3000000000,3369640018,369640018,37406,335095096,11514974,"[11513918, 11514974, 11516030]"
117,4149,meta-llama/Llama-3.1-8B,520,4,3000000000,3870879394,870879394,369640018,836334472,11514974,"[11513918, 11514974, 11516030]"
117,4293,meta-llama/Llama-3.1-8B,520,4,3000000000,3870879394,870879394,369640018,836334472,11514974,"[11513918, 11514974, 11516030]"
117,4437,meta-llama/Llama-3.1-8B,520,4,3000000000,3870879394,870879394,369640018,836334472,11514974,"[11513918, 11514974, 11516030]"
117,4581,meta-llama/Llama-3.1-8B,520,4,3000000000,3870879394,870879394,369640018,836334472,11514974,"[11513918, 11514974, 11516030]"
117,4725,meta-llama/Llama-3.1-8B,520,4,3000000000,3870879394,870879394,369640018,836334472,11514974,"[11513918, 11514974, 11516030]"
117,4869,meta-llama/Llama-3.1-8B,520,4,3000000000,3870879394,870879394,369640018,836334472,11514974,"[11513918, 11514974, 11516030]"
117,5013,meta-llama/Llama-3.1-8B,520,4,3000000000,3870879394,870879394,369640018,836334472,11514974,"[11513918, 11514974, 11516030]"
117,5157,meta-llama/Llama-3.1-8B,520,4,3000000000,3870879394,870879394,369640018,836334472,11514974,"[11513918, 11514974, 11516030]"
117,5301,meta-llama/Llama-3.1-8B,520,4,3000000000,4369530022,1369530022,870879394,1335687283,11280913,"[11280401, 11280913, 11281425]"
117,5445,meta-llama/Llama-3.1-8B,520,4,3000000000,4369530022,1369530022,870879394,1335687283,11280913,"[11280401, 11280913, 11281425]"
117,5589,meta-llama/Llama-3.1-8B,520,4,3000000000,4369530022,1369530022,870879394,1335687283,11280913,"[11280401, 11280913, 11281425]"
117,5733,meta-llama/Llama-3.1-8B,520,4,3000000000,4369530022,1369530022,870879394,1335687283,11280913,"[11280401, 11280913, 11281425]"
118,118,meta-llama/Llama-3.1-8B,512,4,0,265360190,265360190,1,107617446,52580914,"[121233056, 24833949, 11675739]"
118,262,meta-llama/Llama-3.1-8B,512,4,0,265360190,265360190,1,107617446,52580914,"[121233056, 24833949, 11675739]"
118,406,meta-llama/Llama-3.1-8B,512,4,0,265360190,265360190,1,107617446,52580914,"[121233056, 24833949, 11675739]"
118,550,meta-llama/Llama-3.1-8B,512,4,0,265360190,265360190,1,107617446,52580914,"[121233056, 24833949, 11675739]"
118,694,meta-llama/Llama-3.1-8B,512,4,0,373223323,373223323,107617446,228850502,48124273,"[24833949, 11675739, 107863133]"
118,838,meta-llama/Llama-3.1-8B,512,4,0,373223323,373223323,107617446,228850502,48124273,"[24833949, 11675739, 107863133]"
118,982,meta-llama/Llama-3.1-8B,512,4,0,373223323,373223323,107617446,228850502,48124273,"[24833949, 11675739, 107863133]"
118,1126,meta-llama/Llama-3.1-8B,512,4,0,473082181,473082181,228850502,253684451,73132576,"[11675739, 107863133, 99858858]"
118,1270,meta-llama/Llama-3.1-8B,512,4,0,529820784,529820784,265360190,373223323,52199153,"[99858858, 41489262, 15249341]"
118,1414,meta-llama/Llama-3.1-8B,512,4,0,529820784,529820784,265360190,373223323,52199153,"[99858858, 41489262, 15249341]"
118,1558,meta-llama/Llama-3.1-8B,512,4,0,529820784,529820784,265360190,373223323,52199153,"[99858858, 41489262, 15249341]"
118,1702,meta-llama/Llama-3.1-8B,512,4,0,615396369,615396369,373223323,473082181,47438062,"[41489262, 15249341, 85575585]"
118,1846,meta-llama/Llama-3.1-8B,512,4,0,615396369,615396369,373223323,473082181,47438062,"[41489262, 15249341, 85575585]"
118,1990,meta-llama/Llama-3.1-8B,512,4,0,615396369,615396369,373223323,473082181,47438062,"[41489262, 15249341, 85575585]"
118,2134,meta-llama/Llama-3.1-8B,512,4,0,615396369,615396369,373223323,473082181,47438062,"[41489262, 15249341, 85575585]"
118,2278,meta-llama/Llama-3.1-8B,512,4,0,652812873,652812873,473082181,514571443,46080476,"[15249341, 85575585, 37416504]"
118,2422,meta-llama/Llama-3.1-8B,512,4,0,678701569,678701569,529820784,615396369,21101733,"[37416504, 14598913, 11289783]"
118,2566,meta-llama/Llama-3.1-8B,512,4,0,678701569,678701569,529820784,615396369,21101733,"[37416504, 14598913, 11289783]"
118,2710,meta-llama/Llama-3.1-8B,512,4,0,678701569,678701569,529820784,615396369,21101733,"[37416504, 14598913, 11289783]"
118,2854,meta-llama/Llama-3.1-8B,512,4,0,689987018,689987018,615396369,652812873,12391381,"[14598913, 11289783, 11285449]"
118,2998,meta-llama/Llama-3.1-8B,520,4,3000000000,3376601676,376601676,37406,342056754,11514974,"[11513918, 11514974, 11516030]"
118,3142,meta-llama/Llama-3.1-8B,520,4,3000000000,3376601676,376601676,37406,342056754,11514974,"[11513918, 11514974, 11516030]"
118,3286,meta-llama/Llama-3.1-8B,520,4,3000000000,3376601676,376601676,37406,342056754,11514974,"[11513918, 11514974, 11516030]"
118,3430,meta-llama/Llama-3.1-8B,520,4,3000000000,3376601676,376601676,37406,342056754,11514974,"[11513918, 11514974, 11516030]"
118,3574,meta-llama/Llama-3.1-8B,520,4,3000000000,3376601676,376601676,37406,342056754,11514974,"[11513918, 11514974, 11516030]"
118,3718,meta-llama/Llama-3.1-8B,520,4,3000000000,3376601676,376601676,37406,342056754,11514974,"[11513918, 11514974, 11516030]"
118,3862,meta-llama/Llama-3.1-8B,520,4,3000000000,3376601676,376601676,37406,342056754,11514974,"[11513918, 11514974, 11516030]"
118,4006,meta-llama/Llama-3.1-8B,520,4,3000000000,3376601676,376601676,37406,342056754,11514974,"[11513918, 11514974, 11516030]"
118,4150,meta-llama/Llama-3.1-8B,520,4,3000000000,3877841052,877841052,376601676,843296130,11514974,"[11513918, 11514974, 11516030]"
118,4294,meta-llama/Llama-3.1-8B,520,4,3000000000,3877841052,877841052,376601676,843296130,11514974,"[11513918, 11514974, 11516030]"
118,4438,meta-llama/Llama-3.1-8B,520,4,3000000000,3877841052,877841052,376601676,843296130,11514974,"[11513918, 11514974, 11516030]"
118,4582,meta-llama/Llama-3.1-8B,520,4,3000000000,3877841052,877841052,376601676,843296130,11514974,"[11513918, 11514974, 11516030]"
118,4726,meta-llama/Llama-3.1-8B,520,4,3000000000,3877841052,877841052,376601676,843296130,11514974,"[11513918, 11514974, 11516030]"
118,4870,meta-llama/Llama-3.1-8B,520,4,3000000000,3877841052,877841052,376601676,843296130,11514974,"[11513918, 11514974, 11516030]"
118,5014,meta-llama/Llama-3.1-8B,520,4,3000000000,3877841052,877841052,376601676,843296130,11514974,"[11513918, 11514974, 11516030]"
118,5158,meta-llama/Llama-3.1-8B,520,4,3000000000,3877841052,877841052,376601676,843296130,11514974,"[11513918, 11514974, 11516030]"
118,5302,meta-llama/Llama-3.1-8B,520,4,3000000000,4376491680,1376491680,877841052,1342648941,11280913,"[11280401, 11280913, 11281425]"
118,5446,meta-llama/Llama-3.1-8B,520,4,3000000000,4376491680,1376491680,877841052,1342648941,11280913,"[11280401, 11280913, 11281425]"
118,5590,meta-llama/Llama-3.1-8B,520,4,3000000000,4376491680,1376491680,877841052,1342648941,11280913,"[11280401, 11280913, 11281425]"
118,5734,meta-llama/Llama-3.1-8B,520,4,3000000000,4376491680,1376491680,877841052,1342648941,11280913,"[11280401, 11280913, 11281425]"
119,119,meta-llama/Llama-3.1-8B,512,4,0,265362362,265362362,1,108142902,52406486,"[121233056, 24311434, 11674970]"
119,263,meta-llama/Llama-3.1-8B,512,4,0,265362362,265362362,1,108142902,52406486,"[121233056, 24311434, 11674970]"
119,407,meta-llama/Llama-3.1-8B,512,4,0,265362362,265362362,1,108142902,52406486,"[121233056, 24311434, 11674970]"
119,551,meta-llama/Llama-3.1-8B,512,4,0,265362362,265362362,1,108142902,52406486,"[121233056, 24311434, 11674970]"
119,695,meta-llama/Llama-3.1-8B,512,4,0,373748779,373748779,108142902,229375958,48124273,"[24311434, 11674970, 108386417]"
119,839,meta-llama/Llama-3.1-8B,512,4,0,373748779,373748779,108142902,229375958,48124273,"[24311434, 11674970, 108386417]"
119,983,meta-llama/Llama-3.1-8B,512,4,0,373748779,373748779,108142902,229375958,48124273,"[24311434, 11674970, 108386417]"
119,1127,meta-llama/Llama-3.1-8B,512,4,0,473478355,473478355,229375958,253687392,73263654,"[11674970, 108386417, 99729576]"
119,1271,meta-llama/Llama-3.1-8B,512,4,0,529822956,529822956,265362362,373748779,52024725,"[99729576, 41226337, 15118264]"
119,1415,meta-llama/Llama-3.1-8B,512,4,0,529822956,529822956,265362362,373748779,52024725,"[99729576, 41226337, 15118264]"
119,1559,meta-llama/Llama-3.1-8B,512,4,0,529822956,529822956,265362362,373748779,52024725,"[99729576, 41226337, 15118264]"
119,1703,meta-llama/Llama-3.1-8B,512,4,0,615791773,615791773,373748779,473478355,47437806,"[41226337, 15118264, 85968817]"
119,1847,meta-llama/Llama-3.1-8B,512,4,0,615791773,615791773,373748779,473478355,47437806,"[41226337, 15118264, 85968817]"
119,1991,meta-llama/Llama-3.1-8B,512,4,0,615791773,615791773,373748779,473478355,47437806,"[41226337, 15118264, 85968817]"
119,2135,meta-llama/Llama-3.1-8B,512,4,0,615791773,615791773,373748779,473478355,47437806,"[41226337, 15118264, 85968817]"
119,2279,meta-llama/Llama-3.1-8B,512,4,0,652945473,652945473,473478355,514704692,46080260,"[15118264, 85968817, 37153700]"
119,2423,meta-llama/Llama-3.1-8B,512,4,0,678705247,678705247,529822956,615791773,20971158,"[37153700, 14467579, 11292195]"
119,2567,meta-llama/Llama-3.1-8B,512,4,0,678705247,678705247,529822956,615791773,20971158,"[37153700, 14467579, 11292195]"
119,2711,meta-llama/Llama-3.1-8B,512,4,0,678705247,678705247,529822956,615791773,20971158,"[37153700, 14467579, 11292195]"
119,2855,meta-llama/Llama-3.1-8B,512,4,0,689990320,689990320,615791773,652945473,12348282,"[14467579, 11292195, 11285073]"
119,2999,meta-llama/Llama-3.1-8B,520,4,3000000000,3383563334,383563334,37406,349018412,11514974,"[11513918, 11514974, 11516030]"
119,3143,meta-llama/Llama-3.1-8B,520,4,3000000000,3383563334,383563334,37406,349018412,11514974,"[11513918, 11514974, 11516030]"
119,3287,meta-llama/Llama-3.1-8B,520,4,3000000000,3383563334,383563334,37406,349018412,11514974,"[11513918, 11514974, 11516030]"
119,3431,meta-llama/Llama-3.1-8B,520,4,3000000000,3383563334,383563334,37406,349018412,11514974,"[11513918, 11514974, 11516030]"
119,3575,meta-llama/Llama-3.1-8B,520,4,3000000000,3383563334,383563334,37406,349018412,11514974,"[11513918, 11514974, 11516030]"
119,3719,meta-llama/Llama-3.1-8B,520,4,3000000000,3383563334,383563334,37406,349018412,11514974,"[11513918, 11514974, 11516030]"
119,3863,meta-llama/Llama-3.1-8B,520,4,3000000000,3383563334,383563334,37406,349018412,11514974,"[11513918, 11514974, 11516030]"
119,4007,meta-llama/Llama-3.1-8B,520,4,3000000000,3383563334,383563334,37406,349018412,11514974,"[11513918, 11514974, 11516030]"
119,4151,meta-llama/Llama-3.1-8B,520,4,3000000000,3884802710,884802710,383563334,850257788,11514974,"[11513918, 11514974, 11516030]"
119,4295,meta-llama/Llama-3.1-8B,520,4,3000000000,3884802710,884802710,383563334,850257788,11514974,"[11513918, 11514974, 11516030]"
119,4439,meta-llama/Llama-3.1-8B,520,4,3000000000,3884802710,884802710,383563334,850257788,11514974,"[11513918, 11514974, 11516030]"
119,4583,meta-llama/Llama-3.1-8B,520,4,3000000000,3884802710,884802710,383563334,850257788,11514974,"[11513918, 11514974, 11516030]"
119,4727,meta-llama/Llama-3.1-8B,520,4,3000000000,3884802710,884802710,383563334,850257788,11514974,"[11513918, 11514974, 11516030]"
119,4871,meta-llama/Llama-3.1-8B,520,4,3000000000,3884802710,884802710,383563334,850257788,11514974,"[11513918, 11514974, 11516030]"
119,5015,meta-llama/Llama-3.1-8B,520,4,3000000000,3884802710,884802710,383563334,850257788,11514974,"[11513918, 11514974, 11516030]"
119,5159,meta-llama/Llama-3.1-8B,520,4,3000000000,3884802710,884802710,383563334,850257788,11514974,"[11513918, 11514974, 11516030]"
119,5303,meta-llama/Llama-3.1-8B,520,4,3000000000,4383453338,1383453338,884802710,1349610599,11280913,"[11280401, 11280913, 11281425]"
119,5447,meta-llama/Llama-3.1-8B,520,4,3000000000,4383453338,1383453338,884802710,1349610599,11280913,"[11280401, 11280913, 11281425]"
119,5591,meta-llama/Llama-3.1-8B,520,4,3000000000,4383453338,1383453338,884802710,1349610599,11280913,"[11280401, 11280913, 11281425]"
119,5735,meta-llama/Llama-3.1-8B,520,4,3000000000,4383453338,1383453338,884802710,1349610599,11280913,"[11280401, 11280913, 11281425]"
120,120,meta-llama/Llama-3.1-8B,512,4,0,265364534,265364534,1,108668358,52232058,"[121233056, 23788919, 11674201]"
120,264,meta-llama/Llama-3.1-8B,512,4,0,265364534,265364534,1,108668358,52232058,"[121233056, 23788919, 11674201]"
120,408,meta-llama/Llama-3.1-8B,512,4,0,265364534,265364534,1,108668358,52232058,"[121233056, 23788919, 11674201]"
120,552,meta-llama/Llama-3.1-8B,512,4,0,265364534,265364534,1,108668358,52232058,"[121233056, 23788919, 11674201]"
120,696,meta-llama/Llama-3.1-8B,512,4,0,374274235,374274235,108668358,229901414,48124273,"[23788919, 11674201, 108909701]"
120,840,meta-llama/Llama-3.1-8B,512,4,0,374274235,374274235,108668358,229901414,48124273,"[23788919, 11674201, 108909701]"
120,984,meta-llama/Llama-3.1-8B,512,4,0,374274235,374274235,108668358,229901414,48124273,"[23788919, 11674201, 108909701]"
120,1128,meta-llama/Llama-3.1-8B,512,4,0,473874529,473874529,229901414,253690333,73394732,"[11674201, 108909701, 99600294]"
120,1272,meta-llama/Llama-3.1-8B,512,4,0,529825128,529825128,265364534,374274235,51850297,"[99600294, 40963412, 14987187]"
120,1416,meta-llama/Llama-3.1-8B,512,4,0,529825128,529825128,265364534,374274235,51850297,"[99600294, 40963412, 14987187]"
120,1560,meta-llama/Llama-3.1-8B,512,4,0,529825128,529825128,265364534,374274235,51850297,"[99600294, 40963412, 14987187]"
120,1704,meta-llama/Llama-3.1-8B,512,4,0,616187177,616187177,374274235,473874529,47437549,"[40963412, 14987187, 86362049]"
120,1848,meta-llama/Llama-3.1-8B,512,4,0,616187177,616187177,374274235,473874529,47437549,"[40963412, 14987187, 86362049]"
120,1992,meta-llama/Llama-3.1-8B,512,4,0,616187177,616187177,374274235,473874529,47437549,"[40963412, 14987187, 86362049]"
120,2136,meta-llama/Llama-3.1-8B,512,4,0,616187177,616187177,374274235,473874529,47437549,"[40963412, 14987187, 86362049]"
120,2280,meta-llama/Llama-3.1-8B,512,4,0,653077953,653077953,473874529,514837941,46080004,"[14987187, 86362049, 36890776]"
120,2424,meta-llama/Llama-3.1-8B,512,4,0,678708805,678708805,529825128,616187177,20840542,"[36890776, 14336245, 11294607]"
120,2568,meta-llama/Llama-3.1-8B,512,4,0,678708805,678708805,529825128,616187177,20840542,"[36890776, 14336245, 11294607]"
120,2712,meta-llama/Llama-3.1-8B,512,4,0,678708805,678708805,529825128,616187177,20840542,"[36890776, 14336245, 11294607]"
120,2856,meta-llama/Llama-3.1-8B,512,4,0,689993878,689993878,616187177,653077953,12305308,"[14336245, 11294607, 11285073]"
120,3000,meta-llama/Llama-3.1-8B,520,4,3000000000,3390524992,390524992,37406,355980070,11514974,"[11513918, 11514974, 11516030]"
120,3144,meta-llama/Llama-3.1-8B,520,4,3000000000,3390524992,390524992,37406,355980070,11514974,"[11513918, 11514974, 11516030]"
120,3288,meta-llama/Llama-3.1-8B,520,4,3000000000,3390524992,390524992,37406,355980070,11514974,"[11513918, 11514974, 11516030]"
120,3432,meta-llama/Llama-3.1-8B,520,4,3000000000,3390524992,390524992,37406,355980070,11514974,"[11513918, 11514974, 11516030]"
120,3576,meta-llama/Llama-3.1-8B,520,4,3000000000,3390524992,390524992,37406,355980070,11514974,"[11513918, 11514974, 11516030]"
120,3720,meta-llama/Llama-3.1-8B,520,4,3000000000,3390524992,390524992,37406,355980070,11514974,"[11513918, 11514974, 11516030]"
120,3864,meta-llama/Llama-3.1-8B,520,4,3000000000,3390524992,390524992,37406,355980070,11514974,"[11513918, 11514974, 11516030]"
120,4008,meta-llama/Llama-3.1-8B,520,4,3000000000,3390524992,390524992,37406,355980070,11514974,"[11513918, 11514974, 11516030]"
120,4152,meta-llama/Llama-3.1-8B,520,4,3000000000,3891764368,891764368,390524992,857219446,11514974,"[11513918, 11514974, 11516030]"
120,4296,meta-llama/Llama-3.1-8B,520,4,3000000000,3891764368,891764368,390524992,857219446,11514974,"[11513918, 11514974, 11516030]"
120,4440,meta-llama/Llama-3.1-8B,520,4,3000000000,3891764368,891764368,390524992,857219446,11514974,"[11513918, 11514974, 11516030]"
120,4584,meta-llama/Llama-3.1-8B,520,4,3000000000,3891764368,891764368,390524992,857219446,11514974,"[11513918, 11514974, 11516030]"
120,4728,meta-llama/Llama-3.1-8B,520,4,3000000000,3891764368,891764368,390524992,857219446,11514974,"[11513918, 11514974, 11516030]"
120,4872,meta-llama/Llama-3.1-8B,520,4,3000000000,3891764368,891764368,390524992,857219446,11514974,"[11513918, 11514974, 11516030]"
120,5016,meta-llama/Llama-3.1-8B,520,4,3000000000,3891764368,891764368,390524992,857219446,11514974,"[11513918, 11514974, 11516030]"
120,5160,meta-llama/Llama-3.1-8B,520,4,3000000000,3891764368,891764368,390524992,857219446,11514974,"[11513918, 11514974, 11516030]"
120,5304,meta-llama/Llama-3.1-8B,520,4,3000000000,4390414996,1390414996,891764368,1356572257,11280913,"[11280401, 11280913, 11281425]"
120,5448,meta-llama/Llama-3.1-8B,520,4,3000000000,4390414996,1390414996,891764368,1356572257,11280913,"[11280401, 11280913, 11281425]"
120,5592,meta-llama/Llama-3.1-8B,520,4,3000000000,4390414996,1390414996,891764368,1356572257,11280913,"[11280401, 11280913, 11281425]"
120,5736,meta-llama/Llama-3.1-8B,520,4,3000000000,4390414996,1390414996,891764368,1356572257,11280913,"[11280401, 11280913, 11281425]"
121,121,meta-llama/Llama-3.1-8B,512,4,0,265366706,265366706,1,109193814,52057630,"[121233056, 23266404, 11673432]"
121,265,meta-llama/Llama-3.1-8B,512,4,0,265366706,265366706,1,109193814,52057630,"[121233056, 23266404, 11673432]"
121,409,meta-llama/Llama-3.1-8B,512,4,0,265366706,265366706,1,109193814,52057630,"[121233056, 23266404, 11673432]"
121,553,meta-llama/Llama-3.1-8B,512,4,0,265366706,265366706,1,109193814,52057630,"[121233056, 23266404, 11673432]"
121,697,meta-llama/Llama-3.1-8B,512,4,0,374799691,374799691,109193814,230426870,48124273,"[23266404, 11673432, 109432985]"
121,841,meta-llama/Llama-3.1-8B,512,4,0,374799691,374799691,109193814,230426870,48124273,"[23266404, 11673432, 109432985]"
121,985,meta-llama/Llama-3.1-8B,512,4,0,374799691,374799691,109193814,230426870,48124273,"[23266404, 11673432, 109432985]"
121,1129,meta-llama/Llama-3.1-8B,512,4,0,474270703,474270703,230426870,253693274,73525809,"[11673432, 109432985, 99471012]"
121,1273,meta-llama/Llama-3.1-8B,512,4,0,529827300,529827300,265366706,374799691,51675869,"[99471012, 40700487, 14856110]"
121,1417,meta-llama/Llama-3.1-8B,512,4,0,529827300,529827300,265366706,374799691,51675869,"[99471012, 40700487, 14856110]"
121,1561,meta-llama/Llama-3.1-8B,512,4,0,529827300,529827300,265366706,374799691,51675869,"[99471012, 40700487, 14856110]"
121,1705,meta-llama/Llama-3.1-8B,512,4,0,616610618,616610618,374799691,474270703,47446638,"[40700487, 14856110, 86783318]"
121,1849,meta-llama/Llama-3.1-8B,512,4,0,616610618,616610618,374799691,474270703,47446638,"[40700487, 14856110, 86783318]"
121,1993,meta-llama/Llama-3.1-8B,512,4,0,616610618,616610618,374799691,474270703,47446638,"[40700487, 14856110, 86783318]"
121,2137,meta-llama/Llama-3.1-8B,512,4,0,616610618,616610618,374799691,474270703,47446638,"[40700487, 14856110, 86783318]"
121,2281,meta-llama/Llama-3.1-8B,512,4,0,653210433,653210433,474270703,514971190,46079747,"[14856110, 86783318, 36599815]"
121,2425,meta-llama/Llama-3.1-8B,512,4,0,678712363,678712363,529827300,616610618,20700581,"[36599815, 14204911, 11297019]"
121,2569,meta-llama/Llama-3.1-8B,512,4,0,678712363,678712363,529827300,616610618,20700581,"[36599815, 14204911, 11297019]"
121,2713,meta-llama/Llama-3.1-8B,512,4,0,678712363,678712363,529827300,616610618,20700581,"[36599815, 14204911, 11297019]"
121,2857,meta-llama/Llama-3.1-8B,512,4,0,689997436,689997436,616610618,653210433,12262334,"[14204911, 11297019, 11285073]"
121,3001,meta-llama/Llama-3.1-8B,520,4,3000000000,3397486650,397486650,37406,362941728,11514974,"[11513918, 11514974, 11516030]"
121,3145,meta-llama/Llama-3.1-8B,520,4,3000000000,3397486650,397486650,37406,362941728,11514974,"[11513918, 11514974, 11516030]"
121,3289,meta-llama/Llama-3.1-8B,520,4,3000000000,3397486650,397486650,37406,362941728,11514974,"[11513918, 11514974, 11516030]"
121,3433,meta-llama/Llama-3.1-8B,520,4,3000000000,3397486650,397486650,37406,362941728,11514974,"[11513918, 11514974, 11516030]"
121,3577,meta-llama/Llama-3.1-8B,520,4,3000000000,3397486650,397486650,37406,362941728,11514974,"[11513918, 11514974, 11516030]"
121,3721,meta-llama/Llama-3.1-8B,520,4,3000000000,3397486650,397486650,37406,362941728,11514974,"[11513918, 11514974, 11516030]"
121,3865,meta-llama/Llama-3.1-8B,520,4,3000000000,3397486650,397486650,37406,362941728,11514974,"[11513918, 11514974, 11516030]"
121,4009,meta-llama/Llama-3.1-8B,520,4,3000000000,3397486650,397486650,37406,362941728,11514974,"[11513918, 11514974, 11516030]"
121,4153,meta-llama/Llama-3.1-8B,520,4,3000000000,3898726026,898726026,397486650,864181104,11514974,"[11513918, 11514974, 11516030]"
121,4297,meta-llama/Llama-3.1-8B,520,4,3000000000,3898726026,898726026,397486650,864181104,11514974,"[11513918, 11514974, 11516030]"
121,4441,meta-llama/Llama-3.1-8B,520,4,3000000000,3898726026,898726026,397486650,864181104,11514974,"[11513918, 11514974, 11516030]"
121,4585,meta-llama/Llama-3.1-8B,520,4,3000000000,3898726026,898726026,397486650,864181104,11514974,"[11513918, 11514974, 11516030]"
121,4729,meta-llama/Llama-3.1-8B,520,4,3000000000,3898726026,898726026,397486650,864181104,11514974,"[11513918, 11514974, 11516030]"
121,4873,meta-llama/Llama-3.1-8B,520,4,3000000000,3898726026,898726026,397486650,864181104,11514974,"[11513918, 11514974, 11516030]"
121,5017,meta-llama/Llama-3.1-8B,520,4,3000000000,3898726026,898726026,397486650,864181104,11514974,"[11513918, 11514974, 11516030]"
121,5161,meta-llama/Llama-3.1-8B,520,4,3000000000,3898726026,898726026,397486650,864181104,11514974,"[11513918, 11514974, 11516030]"
121,5305,meta-llama/Llama-3.1-8B,520,4,3000000000,4397376654,1397376654,898726026,1363533915,11280913,"[11280401, 11280913, 11281425]"
121,5449,meta-llama/Llama-3.1-8B,520,4,3000000000,4397376654,1397376654,898726026,1363533915,11280913,"[11280401, 11280913, 11281425]"
121,5593,meta-llama/Llama-3.1-8B,520,4,3000000000,4397376654,1397376654,898726026,1363533915,11280913,"[11280401, 11280913, 11281425]"
121,5737,meta-llama/Llama-3.1-8B,520,4,3000000000,4397376654,1397376654,898726026,1363533915,11280913,"[11280401, 11280913, 11281425]"
122,122,meta-llama/Llama-3.1-8B,512,4,0,265368878,265368878,1,109719270,51883202,"[121233056, 22744009, 11672543]"
122,266,meta-llama/Llama-3.1-8B,512,4,0,265368878,265368878,1,109719270,51883202,"[121233056, 22744009, 11672543]"
122,410,meta-llama/Llama-3.1-8B,512,4,0,265368878,265368878,1,109719270,51883202,"[121233056, 22744009, 11672543]"
122,554,meta-llama/Llama-3.1-8B,512,4,0,265368878,265368878,1,109719270,51883202,"[121233056, 22744009, 11672543]"
122,698,meta-llama/Llama-3.1-8B,512,4,0,375325147,375325147,109719270,230952326,48124273,"[22744009, 11672543, 109956269]"
122,842,meta-llama/Llama-3.1-8B,512,4,0,375325147,375325147,109719270,230952326,48124273,"[22744009, 11672543, 109956269]"
122,986,meta-llama/Llama-3.1-8B,512,4,0,375325147,375325147,109719270,230952326,48124273,"[22744009, 11672543, 109956269]"
122,1130,meta-llama/Llama-3.1-8B,512,4,0,474666877,474666877,230952326,253696335,73656847,"[11672543, 109956269, 99341730]"
122,1274,meta-llama/Llama-3.1-8B,512,4,0,529829472,529829472,265368878,375325147,51501441,"[99341730, 40437562, 14725033]"
122,1418,meta-llama/Llama-3.1-8B,512,4,0,529829472,529829472,265368878,375325147,51501441,"[99341730, 40437562, 14725033]"
122,1562,meta-llama/Llama-3.1-8B,512,4,0,529829472,529829472,265368878,375325147,51501441,"[99341730, 40437562, 14725033]"
122,1706,meta-llama/Llama-3.1-8B,512,4,0,617006022,617006022,375325147,474666877,47446381,"[40437562, 14725033, 87176550]"
122,1850,meta-llama/Llama-3.1-8B,512,4,0,617006022,617006022,375325147,474666877,47446381,"[40437562, 14725033, 87176550]"
122,1994,meta-llama/Llama-3.1-8B,512,4,0,617006022,617006022,375325147,474666877,47446381,"[40437562, 14725033, 87176550]"
122,2138,meta-llama/Llama-3.1-8B,512,4,0,617006022,617006022,375325147,474666877,47446381,"[40437562, 14725033, 87176550]"
122,2282,meta-llama/Llama-3.1-8B,512,4,0,653342913,653342913,474666877,515104439,46079491,"[14725033, 87176550, 36336891]"
122,2426,meta-llama/Llama-3.1-8B,512,4,0,678717067,678717067,529829472,617006022,20570348,"[36336891, 14073577, 11300577]"
122,2570,meta-llama/Llama-3.1-8B,512,4,0,678717067,678717067,529829472,617006022,20570348,"[36336891, 14073577, 11300577]"
122,2714,meta-llama/Llama-3.1-8B,512,4,0,678717067,678717067,529829472,617006022,20570348,"[36336891, 14073577, 11300577]"
122,2858,meta-llama/Llama-3.1-8B,512,4,0,690002140,690002140,617006022,653342913,12219742,"[14073577, 11300577, 11285073]"
122,3002,meta-llama/Llama-3.1-8B,520,4,3000000000,3404448308,404448308,37406,369903386,11514974,"[11513918, 11514974, 11516030]"
122,3146,meta-llama/Llama-3.1-8B,520,4,3000000000,3404448308,404448308,37406,369903386,11514974,"[11513918, 11514974, 11516030]"
122,3290,meta-llama/Llama-3.1-8B,520,4,3000000000,3404448308,404448308,37406,369903386,11514974,"[11513918, 11514974, 11516030]"
122,3434,meta-llama/Llama-3.1-8B,520,4,3000000000,3404448308,404448308,37406,369903386,11514974,"[11513918, 11514974, 11516030]"
122,3578,meta-llama/Llama-3.1-8B,520,4,3000000000,3404448308,404448308,37406,369903386,11514974,"[11513918, 11514974, 11516030]"
122,3722,meta-llama/Llama-3.1-8B,520,4,3000000000,3404448308,404448308,37406,369903386,11514974,"[11513918, 11514974, 11516030]"
122,3866,meta-llama/Llama-3.1-8B,520,4,3000000000,3404448308,404448308,37406,369903386,11514974,"[11513918, 11514974, 11516030]"
122,4010,meta-llama/Llama-3.1-8B,520,4,3000000000,3404448308,404448308,37406,369903386,11514974,"[11513918, 11514974, 11516030]"
122,4154,meta-llama/Llama-3.1-8B,520,4,3000000000,3905687684,905687684,404448308,871142762,11514974,"[11513918, 11514974, 11516030]"
122,4298,meta-llama/Llama-3.1-8B,520,4,3000000000,3905687684,905687684,404448308,871142762,11514974,"[11513918, 11514974, 11516030]"
122,4442,meta-llama/Llama-3.1-8B,520,4,3000000000,3905687684,905687684,404448308,871142762,11514974,"[11513918, 11514974, 11516030]"
122,4586,meta-llama/Llama-3.1-8B,520,4,3000000000,3905687684,905687684,404448308,871142762,11514974,"[11513918, 11514974, 11516030]"
122,4730,meta-llama/Llama-3.1-8B,520,4,3000000000,3905687684,905687684,404448308,871142762,11514974,"[11513918, 11514974, 11516030]"
122,4874,meta-llama/Llama-3.1-8B,520,4,3000000000,3905687684,905687684,404448308,871142762,11514974,"[11513918, 11514974, 11516030]"
122,5018,meta-llama/Llama-3.1-8B,520,4,3000000000,3905687684,905687684,404448308,871142762,11514974,"[11513918, 11514974, 11516030]"
122,5162,meta-llama/Llama-3.1-8B,520,4,3000000000,3905687684,905687684,404448308,871142762,11514974,"[11513918, 11514974, 11516030]"
122,5306,meta-llama/Llama-3.1-8B,520,4,3000000000,4404338312,1404338312,905687684,1370495573,11280913,"[11280401, 11280913, 11281425]"
122,5450,meta-llama/Llama-3.1-8B,520,4,3000000000,4404338312,1404338312,905687684,1370495573,11280913,"[11280401, 11280913, 11281425]"
122,5594,meta-llama/Llama-3.1-8B,520,4,3000000000,4404338312,1404338312,905687684,1370495573,11280913,"[11280401, 11280913, 11281425]"
122,5738,meta-llama/Llama-3.1-8B,520,4,3000000000,4404338312,1404338312,905687684,1370495573,11280913,"[11280401, 11280913, 11281425]"
123,123,meta-llama/Llama-3.1-8B,512,4,0,265371050,265371050,1,110244726,51708774,"[121233056, 22221494, 11671774]"
123,267,meta-llama/Llama-3.1-8B,512,4,0,265371050,265371050,1,110244726,51708774,"[121233056, 22221494, 11671774]"
123,411,meta-llama/Llama-3.1-8B,512,4,0,265371050,265371050,1,110244726,51708774,"[121233056, 22221494, 11671774]"
123,555,meta-llama/Llama-3.1-8B,512,4,0,265371050,265371050,1,110244726,51708774,"[121233056, 22221494, 11671774]"
123,699,meta-llama/Llama-3.1-8B,512,4,0,375850603,375850603,110244726,231477782,48124273,"[22221494, 11671774, 110479553]"
123,843,meta-llama/Llama-3.1-8B,512,4,0,375850603,375850603,110244726,231477782,48124273,"[22221494, 11671774, 110479553]"
123,987,meta-llama/Llama-3.1-8B,512,4,0,375850603,375850603,110244726,231477782,48124273,"[22221494, 11671774, 110479553]"
123,1131,meta-llama/Llama-3.1-8B,512,4,0,475063051,475063051,231477782,253699276,73787925,"[11671774, 110479553, 99212448]"
123,1275,meta-llama/Llama-3.1-8B,512,4,0,529831644,529831644,265371050,375850603,51327013,"[99212448, 40174637, 14593956]"
123,1419,meta-llama/Llama-3.1-8B,512,4,0,529831644,529831644,265371050,375850603,51327013,"[99212448, 40174637, 14593956]"
123,1563,meta-llama/Llama-3.1-8B,512,4,0,529831644,529831644,265371050,375850603,51327013,"[99212448, 40174637, 14593956]"
123,1707,meta-llama/Llama-3.1-8B,512,4,0,617401426,617401426,375850603,475063051,47446125,"[40174637, 14593956, 87569782]"
123,1851,meta-llama/Llama-3.1-8B,512,4,0,617401426,617401426,375850603,475063051,47446125,"[40174637, 14593956, 87569782]"
123,1995,meta-llama/Llama-3.1-8B,512,4,0,617401426,617401426,375850603,475063051,47446125,"[40174637, 14593956, 87569782]"
123,2139,meta-llama/Llama-3.1-8B,512,4,0,617401426,617401426,375850603,475063051,47446125,"[40174637, 14593956, 87569782]"
123,2283,meta-llama/Llama-3.1-8B,512,4,0,653475513,653475513,475063051,515237688,46079275,"[14593956, 87569782, 36074087]"
123,2427,meta-llama/Llama-3.1-8B,512,4,0,678721771,678721771,529831644,617401426,20440115,"[36074087, 13942243, 11304015]"
123,2571,meta-llama/Llama-3.1-8B,512,4,0,678721771,678721771,529831644,617401426,20440115,"[36074087, 13942243, 11304015]"
123,2715,meta-llama/Llama-3.1-8B,512,4,0,678721771,678721771,529831644,617401426,20440115,"[36074087, 13942243, 11304015]"
123,2859,meta-llama/Llama-3.1-8B,512,4,0,690006844,690006844,617401426,653475513,12177110,"[13942243, 11304015, 11285073]"
123,3003,meta-llama/Llama-3.1-8B,520,4,3000000000,3411409966,411409966,37406,376865044,11514974,"[11513918, 11514974, 11516030]"
123,3147,meta-llama/Llama-3.1-8B,520,4,3000000000,3411409966,411409966,37406,376865044,11514974,"[11513918, 11514974, 11516030]"
123,3291,meta-llama/Llama-3.1-8B,520,4,3000000000,3411409966,411409966,37406,376865044,11514974,"[11513918, 11514974, 11516030]"
123,3435,meta-llama/Llama-3.1-8B,520,4,3000000000,3411409966,411409966,37406,376865044,11514974,"[11513918, 11514974, 11516030]"
123,3579,meta-llama/Llama-3.1-8B,520,4,3000000000,3411409966,411409966,37406,376865044,11514974,"[11513918, 11514974, 11516030]"
123,3723,meta-llama/Llama-3.1-8B,520,4,3000000000,3411409966,411409966,37406,376865044,11514974,"[11513918, 11514974, 11516030]"
123,3867,meta-llama/Llama-3.1-8B,520,4,3000000000,3411409966,411409966,37406,376865044,11514974,"[11513918, 11514974, 11516030]"
123,4011,meta-llama/Llama-3.1-8B,520,4,3000000000,3411409966,411409966,37406,376865044,11514974,"[11513918, 11514974, 11516030]"
123,4155,meta-llama/Llama-3.1-8B,520,4,3000000000,3912649342,912649342,411409966,878104420,11514974,"[11513918, 11514974, 11516030]"
123,4299,meta-llama/Llama-3.1-8B,520,4,3000000000,3912649342,912649342,411409966,878104420,11514974,"[11513918, 11514974, 11516030]"
123,4443,meta-llama/Llama-3.1-8B,520,4,3000000000,3912649342,912649342,411409966,878104420,11514974,"[11513918, 11514974, 11516030]"
123,4587,meta-llama/Llama-3.1-8B,520,4,3000000000,3912649342,912649342,411409966,878104420,11514974,"[11513918, 11514974, 11516030]"
123,4731,meta-llama/Llama-3.1-8B,520,4,3000000000,3912649342,912649342,411409966,878104420,11514974,"[11513918, 11514974, 11516030]"
123,4875,meta-llama/Llama-3.1-8B,520,4,3000000000,3912649342,912649342,411409966,878104420,11514974,"[11513918, 11514974, 11516030]"
123,5019,meta-llama/Llama-3.1-8B,520,4,3000000000,3912649342,912649342,411409966,878104420,11514974,"[11513918, 11514974, 11516030]"
123,5163,meta-llama/Llama-3.1-8B,520,4,3000000000,3912649342,912649342,411409966,878104420,11514974,"[11513918, 11514974, 11516030]"
123,5307,meta-llama/Llama-3.1-8B,520,4,3000000000,4411299970,1411299970,912649342,1377457231,11280913,"[11280401, 11280913, 11281425]"
123,5451,meta-llama/Llama-3.1-8B,520,4,3000000000,4411299970,1411299970,912649342,1377457231,11280913,"[11280401, 11280913, 11281425]"
123,5595,meta-llama/Llama-3.1-8B,520,4,3000000000,4411299970,1411299970,912649342,1377457231,11280913,"[11280401, 11280913, 11281425]"
123,5739,meta-llama/Llama-3.1-8B,520,4,3000000000,4411299970,1411299970,912649342,1377457231,11280913,"[11280401, 11280913, 11281425]"
124,124,meta-llama/Llama-3.1-8B,512,4,0,265373222,265373222,1,110770182,51534346,"[121233056, 21698979, 11671005]"
124,268,meta-llama/Llama-3.1-8B,512,4,0,265373222,265373222,1,110770182,51534346,"[121233056, 21698979, 11671005]"
124,412,meta-llama/Llama-3.1-8B,512,4,0,265373222,265373222,1,110770182,51534346,"[121233056, 21698979, 11671005]"
124,556,meta-llama/Llama-3.1-8B,512,4,0,265373222,265373222,1,110770182,51534346,"[121233056, 21698979, 11671005]"
124,700,meta-llama/Llama-3.1-8B,512,4,0,376376059,376376059,110770182,232003238,48124273,"[21698979, 11671005, 111002837]"
124,844,meta-llama/Llama-3.1-8B,512,4,0,376376059,376376059,110770182,232003238,48124273,"[21698979, 11671005, 111002837]"
124,988,meta-llama/Llama-3.1-8B,512,4,0,376376059,376376059,110770182,232003238,48124273,"[21698979, 11671005, 111002837]"
124,1132,meta-llama/Llama-3.1-8B,512,4,0,475459225,475459225,232003238,253702217,73919002,"[11671005, 111002837, 99083166]"
124,1276,meta-llama/Llama-3.1-8B,512,4,0,529833816,529833816,265373222,376376059,51152585,"[99083166, 39911712, 14462879]"
124,1420,meta-llama/Llama-3.1-8B,512,4,0,529833816,529833816,265373222,376376059,51152585,"[99083166, 39911712, 14462879]"
124,1564,meta-llama/Llama-3.1-8B,512,4,0,529833816,529833816,265373222,376376059,51152585,"[99083166, 39911712, 14462879]"
124,1708,meta-llama/Llama-3.1-8B,512,4,0,617824867,617824867,376376059,475459225,47455214,"[39911712, 14462879, 87991051]"
124,1852,meta-llama/Llama-3.1-8B,512,4,0,617824867,617824867,376376059,475459225,47455214,"[39911712, 14462879, 87991051]"
124,1996,meta-llama/Llama-3.1-8B,512,4,0,617824867,617824867,376376059,475459225,47455214,"[39911712, 14462879, 87991051]"
124,2140,meta-llama/Llama-3.1-8B,512,4,0,617824867,617824867,376376059,475459225,47455214,"[39911712, 14462879, 87991051]"
124,2284,meta-llama/Llama-3.1-8B,512,4,0,653607993,653607993,475459225,515370937,46079018,"[14462879, 87991051, 35783126]"
124,2428,meta-llama/Llama-3.1-8B,512,4,0,678724183,678724183,529833816,617824867,20299772,"[35783126, 13811029, 11305161]"
124,2572,meta-llama/Llama-3.1-8B,512,4,0,678724183,678724183,529833816,617824867,20299772,"[35783126, 13811029, 11305161]"
124,2716,meta-llama/Llama-3.1-8B,512,4,0,678724183,678724183,529833816,617824867,20299772,"[35783126, 13811029, 11305161]"
124,2860,meta-llama/Llama-3.1-8B,512,4,0,690016132,690016132,617824867,653607993,12136046,"[13811029, 11305161, 11291949]"
124,3004,meta-llama/Llama-3.1-8B,520,4,3000000000,3418371624,418371624,37406,383826702,11514974,"[11513918, 11514974, 11516030]"
124,3148,meta-llama/Llama-3.1-8B,520,4,3000000000,3418371624,418371624,37406,383826702,11514974,"[11513918, 11514974, 11516030]"
124,3292,meta-llama/Llama-3.1-8B,520,4,3000000000,3418371624,418371624,37406,383826702,11514974,"[11513918, 11514974, 11516030]"
124,3436,meta-llama/Llama-3.1-8B,520,4,3000000000,3418371624,418371624,37406,383826702,11514974,"[11513918, 11514974, 11516030]"
124,3580,meta-llama/Llama-3.1-8B,520,4,3000000000,3418371624,418371624,37406,383826702,11514974,"[11513918, 11514974, 11516030]"
124,3724,meta-llama/Llama-3.1-8B,520,4,3000000000,3418371624,418371624,37406,383826702,11514974,"[11513918, 11514974, 11516030]"
124,3868,meta-llama/Llama-3.1-8B,520,4,3000000000,3418371624,418371624,37406,383826702,11514974,"[11513918, 11514974, 11516030]"
124,4012,meta-llama/Llama-3.1-8B,520,4,3000000000,3418371624,418371624,37406,383826702,11514974,"[11513918, 11514974, 11516030]"
124,4156,meta-llama/Llama-3.1-8B,520,4,3000000000,3919611000,919611000,418371624,885066078,11514974,"[11513918, 11514974, 11516030]"
124,4300,meta-llama/Llama-3.1-8B,520,4,3000000000,3919611000,919611000,418371624,885066078,11514974,"[11513918, 11514974, 11516030]"
124,4444,meta-llama/Llama-3.1-8B,520,4,3000000000,3919611000,919611000,418371624,885066078,11514974,"[11513918, 11514974, 11516030]"
124,4588,meta-llama/Llama-3.1-8B,520,4,3000000000,3919611000,919611000,418371624,885066078,11514974,"[11513918, 11514974, 11516030]"
124,4732,meta-llama/Llama-3.1-8B,520,4,3000000000,3919611000,919611000,418371624,885066078,11514974,"[11513918, 11514974, 11516030]"
124,4876,meta-llama/Llama-3.1-8B,520,4,3000000000,3919611000,919611000,418371624,885066078,11514974,"[11513918, 11514974, 11516030]"
124,5020,meta-llama/Llama-3.1-8B,520,4,3000000000,3919611000,919611000,418371624,885066078,11514974,"[11513918, 11514974, 11516030]"
124,5164,meta-llama/Llama-3.1-8B,520,4,3000000000,3919611000,919611000,418371624,885066078,11514974,"[11513918, 11514974, 11516030]"
124,5308,meta-llama/Llama-3.1-8B,520,4,3000000000,4418261628,1418261628,919611000,1384418889,11280913,"[11280401, 11280913, 11281425]"
124,5452,meta-llama/Llama-3.1-8B,520,4,3000000000,4418261628,1418261628,919611000,1384418889,11280913,"[11280401, 11280913, 11281425]"
124,5596,meta-llama/Llama-3.1-8B,520,4,3000000000,4418261628,1418261628,919611000,1384418889,11280913,"[11280401, 11280913, 11281425]"
124,5740,meta-llama/Llama-3.1-8B,520,4,3000000000,4418261628,1418261628,919611000,1384418889,11280913,"[11280401, 11280913, 11281425]"
125,125,meta-llama/Llama-3.1-8B,512,4,0,265375394,265375394,1,111295638,51359918,"[121233056, 21176464, 11670236]"
125,269,meta-llama/Llama-3.1-8B,512,4,0,265375394,265375394,1,111295638,51359918,"[121233056, 21176464, 11670236]"
125,413,meta-llama/Llama-3.1-8B,512,4,0,265375394,265375394,1,111295638,51359918,"[121233056, 21176464, 11670236]"
125,557,meta-llama/Llama-3.1-8B,512,4,0,265375394,265375394,1,111295638,51359918,"[121233056, 21176464, 11670236]"
125,701,meta-llama/Llama-3.1-8B,512,4,0,376901515,376901515,111295638,232528694,48124273,"[21176464, 11670236, 111526121]"
125,845,meta-llama/Llama-3.1-8B,512,4,0,376901515,376901515,111295638,232528694,48124273,"[21176464, 11670236, 111526121]"
125,989,meta-llama/Llama-3.1-8B,512,4,0,376901515,376901515,111295638,232528694,48124273,"[21176464, 11670236, 111526121]"
125,1133,meta-llama/Llama-3.1-8B,512,4,0,475855399,475855399,232528694,253705158,74050080,"[11670236, 111526121, 98953884]"
125,1277,meta-llama/Llama-3.1-8B,512,4,0,529835988,529835988,265375394,376901515,50978157,"[98953884, 39648787, 14331802]"
125,1421,meta-llama/Llama-3.1-8B,512,4,0,529835988,529835988,265375394,376901515,50978157,"[98953884, 39648787, 14331802]"
125,1565,meta-llama/Llama-3.1-8B,512,4,0,529835988,529835988,265375394,376901515,50978157,"[98953884, 39648787, 14331802]"
125,1709,meta-llama/Llama-3.1-8B,512,4,0,618220271,618220271,376901515,475855399,47454957,"[39648787, 14331802, 88384283]"
125,1853,meta-llama/Llama-3.1-8B,512,4,0,618220271,618220271,376901515,475855399,47454957,"[39648787, 14331802, 88384283]"
125,1997,meta-llama/Llama-3.1-8B,512,4,0,618220271,618220271,376901515,475855399,47454957,"[39648787, 14331802, 88384283]"
125,2141,meta-llama/Llama-3.1-8B,512,4,0,618220271,618220271,376901515,475855399,47454957,"[39648787, 14331802, 88384283]"
125,2285,meta-llama/Llama-3.1-8B,512,4,0,653740473,653740473,475855399,515504186,46078762,"[14331802, 88384283, 35520202]"
125,2429,meta-llama/Llama-3.1-8B,512,4,0,678725329,678725329,529835988,618220271,20168352,"[35520202, 13679695, 11305161]"
125,2573,meta-llama/Llama-3.1-8B,512,4,0,678725329,678725329,529835988,618220271,20168352,"[35520202, 13679695, 11305161]"
125,2717,meta-llama/Llama-3.1-8B,512,4,0,678725329,678725329,529835988,618220271,20168352,"[35520202, 13679695, 11305161]"
125,2861,meta-llama/Llama-3.1-8B,512,4,0,690016508,690016508,618220271,653740473,12092011,"[13679695, 11305161, 11291179]"
125,3005,meta-llama/Llama-3.1-8B,520,4,3000000000,3425333282,425333282,37406,390788360,11514974,"[11513918, 11514974, 11516030]"
125,3149,meta-llama/Llama-3.1-8B,520,4,3000000000,3425333282,425333282,37406,390788360,11514974,"[11513918, 11514974, 11516030]"
125,3293,meta-llama/Llama-3.1-8B,520,4,3000000000,3425333282,425333282,37406,390788360,11514974,"[11513918, 11514974, 11516030]"
125,3437,meta-llama/Llama-3.1-8B,520,4,3000000000,3425333282,425333282,37406,390788360,11514974,"[11513918, 11514974, 11516030]"
125,3581,meta-llama/Llama-3.1-8B,520,4,3000000000,3425333282,425333282,37406,390788360,11514974,"[11513918, 11514974, 11516030]"
125,3725,meta-llama/Llama-3.1-8B,520,4,3000000000,3425333282,425333282,37406,390788360,11514974,"[11513918, 11514974, 11516030]"
125,3869,meta-llama/Llama-3.1-8B,520,4,3000000000,3425333282,425333282,37406,390788360,11514974,"[11513918, 11514974, 11516030]"
125,4013,meta-llama/Llama-3.1-8B,520,4,3000000000,3425333282,425333282,37406,390788360,11514974,"[11513918, 11514974, 11516030]"
125,4157,meta-llama/Llama-3.1-8B,520,4,3000000000,3926572658,926572658,425333282,892027736,11514974,"[11513918, 11514974, 11516030]"
125,4301,meta-llama/Llama-3.1-8B,520,4,3000000000,3926572658,926572658,425333282,892027736,11514974,"[11513918, 11514974, 11516030]"
125,4445,meta-llama/Llama-3.1-8B,520,4,3000000000,3926572658,926572658,425333282,892027736,11514974,"[11513918, 11514974, 11516030]"
125,4589,meta-llama/Llama-3.1-8B,520,4,3000000000,3926572658,926572658,425333282,892027736,11514974,"[11513918, 11514974, 11516030]"
125,4733,meta-llama/Llama-3.1-8B,520,4,3000000000,3926572658,926572658,425333282,892027736,11514974,"[11513918, 11514974, 11516030]"
125,4877,meta-llama/Llama-3.1-8B,520,4,3000000000,3926572658,926572658,425333282,892027736,11514974,"[11513918, 11514974, 11516030]"
125,5021,meta-llama/Llama-3.1-8B,520,4,3000000000,3926572658,926572658,425333282,892027736,11514974,"[11513918, 11514974, 11516030]"
125,5165,meta-llama/Llama-3.1-8B,520,4,3000000000,3926572658,926572658,425333282,892027736,11514974,"[11513918, 11514974, 11516030]"
125,5309,meta-llama/Llama-3.1-8B,520,4,3000000000,4425223286,1425223286,926572658,1391380547,11280913,"[11280401, 11280913, 11281425]"
125,5453,meta-llama/Llama-3.1-8B,520,4,3000000000,4425223286,1425223286,926572658,1391380547,11280913,"[11280401, 11280913, 11281425]"
125,5597,meta-llama/Llama-3.1-8B,520,4,3000000000,4425223286,1425223286,926572658,1391380547,11280913,"[11280401, 11280913, 11281425]"
125,5741,meta-llama/Llama-3.1-8B,520,4,3000000000,4425223286,1425223286,926572658,1391380547,11280913,"[11280401, 11280913, 11281425]"
126,126,meta-llama/Llama-3.1-8B,512,4,0,265377566,265377566,1,111821094,51185490,"[121233056, 20653949, 11669467]"
126,270,meta-llama/Llama-3.1-8B,512,4,0,265377566,265377566,1,111821094,51185490,"[121233056, 20653949, 11669467]"
126,414,meta-llama/Llama-3.1-8B,512,4,0,265377566,265377566,1,111821094,51185490,"[121233056, 20653949, 11669467]"
126,558,meta-llama/Llama-3.1-8B,512,4,0,265377566,265377566,1,111821094,51185490,"[121233056, 20653949, 11669467]"
126,702,meta-llama/Llama-3.1-8B,512,4,0,377426971,377426971,111821094,233054150,48124273,"[20653949, 11669467, 112049405]"
126,846,meta-llama/Llama-3.1-8B,512,4,0,377426971,377426971,111821094,233054150,48124273,"[20653949, 11669467, 112049405]"
126,990,meta-llama/Llama-3.1-8B,512,4,0,377426971,377426971,111821094,233054150,48124273,"[20653949, 11669467, 112049405]"
126,1134,meta-llama/Llama-3.1-8B,512,4,0,476251573,476251573,233054150,253708099,74181158,"[11669467, 112049405, 98824602]"
126,1278,meta-llama/Llama-3.1-8B,512,4,0,529838160,529838160,265377566,377426971,50803729,"[98824602, 39385862, 14200725]"
126,1422,meta-llama/Llama-3.1-8B,512,4,0,529838160,529838160,265377566,377426971,50803729,"[98824602, 39385862, 14200725]"
126,1566,meta-llama/Llama-3.1-8B,512,4,0,529838160,529838160,265377566,377426971,50803729,"[98824602, 39385862, 14200725]"
126,1710,meta-llama/Llama-3.1-8B,512,4,0,618643712,618643712,377426971,476251573,47464046,"[39385862, 14200725, 88805552]"
126,1854,meta-llama/Llama-3.1-8B,512,4,0,618643712,618643712,377426971,476251573,47464046,"[39385862, 14200725, 88805552]"
126,1998,meta-llama/Llama-3.1-8B,512,4,0,618643712,618643712,377426971,476251573,47464046,"[39385862, 14200725, 88805552]"
126,2142,meta-llama/Llama-3.1-8B,512,4,0,618643712,618643712,377426971,476251573,47464046,"[39385862, 14200725, 88805552]"
126,2286,meta-llama/Llama-3.1-8B,512,4,0,653872953,653872953,476251573,515637435,46078506,"[14200725, 88805552, 35229241]"
126,2430,meta-llama/Llama-3.1-8B,512,4,0,678726475,678726475,529838160,618643712,20027587,"[35229241, 13548361, 11305161]"
126,2574,meta-llama/Llama-3.1-8B,512,4,0,678726475,678726475,529838160,618643712,20027587,"[35229241, 13548361, 11305161]"
126,2718,meta-llama/Llama-3.1-8B,512,4,0,678726475,678726475,529838160,618643712,20027587,"[35229241, 13548361, 11305161]"
126,2862,meta-llama/Llama-3.1-8B,512,4,0,690022102,690022102,618643712,653872953,12049716,"[13548361, 11305161, 11295627]"
126,3006,meta-llama/Llama-3.1-8B,520,4,3000000000,3432294940,432294940,37406,397750018,11514974,"[11513918, 11514974, 11516030]"
126,3150,meta-llama/Llama-3.1-8B,520,4,3000000000,3432294940,432294940,37406,397750018,11514974,"[11513918, 11514974, 11516030]"
126,3294,meta-llama/Llama-3.1-8B,520,4,3000000000,3432294940,432294940,37406,397750018,11514974,"[11513918, 11514974, 11516030]"
126,3438,meta-llama/Llama-3.1-8B,520,4,3000000000,3432294940,432294940,37406,397750018,11514974,"[11513918, 11514974, 11516030]"
126,3582,meta-llama/Llama-3.1-8B,520,4,3000000000,3432294940,432294940,37406,397750018,11514974,"[11513918, 11514974, 11516030]"
126,3726,meta-llama/Llama-3.1-8B,520,4,3000000000,3432294940,432294940,37406,397750018,11514974,"[11513918, 11514974, 11516030]"
126,3870,meta-llama/Llama-3.1-8B,520,4,3000000000,3432294940,432294940,37406,397750018,11514974,"[11513918, 11514974, 11516030]"
126,4014,meta-llama/Llama-3.1-8B,520,4,3000000000,3432294940,432294940,37406,397750018,11514974,"[11513918, 11514974, 11516030]"
126,4158,meta-llama/Llama-3.1-8B,520,4,3000000000,3933534316,933534316,432294940,898989394,11514974,"[11513918, 11514974, 11516030]"
126,4302,meta-llama/Llama-3.1-8B,520,4,3000000000,3933534316,933534316,432294940,898989394,11514974,"[11513918, 11514974, 11516030]"
126,4446,meta-llama/Llama-3.1-8B,520,4,3000000000,3933534316,933534316,432294940,898989394,11514974,"[11513918, 11514974, 11516030]"
126,4590,meta-llama/Llama-3.1-8B,520,4,3000000000,3933534316,933534316,432294940,898989394,11514974,"[11513918, 11514974, 11516030]"
126,4734,meta-llama/Llama-3.1-8B,520,4,3000000000,3933534316,933534316,432294940,898989394,11514974,"[11513918, 11514974, 11516030]"
126,4878,meta-llama/Llama-3.1-8B,520,4,3000000000,3933534316,933534316,432294940,898989394,11514974,"[11513918, 11514974, 11516030]"
126,5022,meta-llama/Llama-3.1-8B,520,4,3000000000,3933534316,933534316,432294940,898989394,11514974,"[11513918, 11514974, 11516030]"
126,5166,meta-llama/Llama-3.1-8B,520,4,3000000000,3933534316,933534316,432294940,898989394,11514974,"[11513918, 11514974, 11516030]"
126,5310,meta-llama/Llama-3.1-8B,520,4,3000000000,4432184944,1432184944,933534316,1398342205,11280913,"[11280401, 11280913, 11281425]"
126,5454,meta-llama/Llama-3.1-8B,520,4,3000000000,4432184944,1432184944,933534316,1398342205,11280913,"[11280401, 11280913, 11281425]"
126,5598,meta-llama/Llama-3.1-8B,520,4,3000000000,4432184944,1432184944,933534316,1398342205,11280913,"[11280401, 11280913, 11281425]"
126,5742,meta-llama/Llama-3.1-8B,520,4,3000000000,4432184944,1432184944,933534316,1398342205,11280913,"[11280401, 11280913, 11281425]"
127,127,meta-llama/Llama-3.1-8B,512,4,0,265379738,265379738,1,112346550,51011062,"[121233056, 20131434, 11668698]"
127,271,meta-llama/Llama-3.1-8B,512,4,0,265379738,265379738,1,112346550,51011062,"[121233056, 20131434, 11668698]"
127,415,meta-llama/Llama-3.1-8B,512,4,0,265379738,265379738,1,112346550,51011062,"[121233056, 20131434, 11668698]"
127,559,meta-llama/Llama-3.1-8B,512,4,0,265379738,265379738,1,112346550,51011062,"[121233056, 20131434, 11668698]"
127,703,meta-llama/Llama-3.1-8B,512,4,0,377952427,377952427,112346550,233579606,48124273,"[20131434, 11668698, 112572689]"
127,847,meta-llama/Llama-3.1-8B,512,4,0,377952427,377952427,112346550,233579606,48124273,"[20131434, 11668698, 112572689]"
127,991,meta-llama/Llama-3.1-8B,512,4,0,377952427,377952427,112346550,233579606,48124273,"[20131434, 11668698, 112572689]"
127,1135,meta-llama/Llama-3.1-8B,512,4,0,476647747,476647747,233579606,253711040,74312235,"[11668698, 112572689, 98695320]"
127,1279,meta-llama/Llama-3.1-8B,512,4,0,529996299,529996299,265379738,377952427,50681290,"[98695320, 39122937, 14225615]"
127,1423,meta-llama/Llama-3.1-8B,512,4,0,529996299,529996299,265379738,377952427,50681290,"[98695320, 39122937, 14225615]"
127,1567,meta-llama/Llama-3.1-8B,512,4,0,529996299,529996299,265379738,377952427,50681290,"[98695320, 39122937, 14225615]"
127,1711,meta-llama/Llama-3.1-8B,512,4,0,619039116,619039116,377952427,476647747,47463789,"[39122937, 14225615, 89042817]"
127,1855,meta-llama/Llama-3.1-8B,512,4,0,619039116,619039116,377952427,476647747,47463789,"[39122937, 14225615, 89042817]"
127,1999,meta-llama/Llama-3.1-8B,512,4,0,619039116,619039116,377952427,476647747,47463789,"[39122937, 14225615, 89042817]"
127,2143,meta-llama/Llama-3.1-8B,512,4,0,619039116,619039116,377952427,476647747,47463789,"[39122937, 14225615, 89042817]"
127,2287,meta-llama/Llama-3.1-8B,512,4,0,654005433,654005433,476647747,515770684,46078249,"[14225615, 89042817, 34966317]"
127,2431,meta-llama/Llama-3.1-8B,512,4,0,678727621,678727621,529996299,619039116,19896168,"[34966317, 13417027, 11305161]"
127,2575,meta-llama/Llama-3.1-8B,512,4,0,678727621,678727621,529996299,619039116,19896168,"[34966317, 13417027, 11305161]"
127,2719,meta-llama/Llama-3.1-8B,512,4,0,678727621,678727621,529996299,619039116,19896168,"[34966317, 13417027, 11305161]"
127,2863,meta-llama/Llama-3.1-8B,512,4,0,690031390,690031390,619039116,654005433,12008652,"[13417027, 11305161, 11303769]"
127,3007,meta-llama/Llama-3.1-8B,520,4,3000000000,3439256598,439256598,37406,404711676,11514974,"[11513918, 11514974, 11516030]"
127,3151,meta-llama/Llama-3.1-8B,520,4,3000000000,3439256598,439256598,37406,404711676,11514974,"[11513918, 11514974, 11516030]"
127,3295,meta-llama/Llama-3.1-8B,520,4,3000000000,3439256598,439256598,37406,404711676,11514974,"[11513918, 11514974, 11516030]"
127,3439,meta-llama/Llama-3.1-8B,520,4,3000000000,3439256598,439256598,37406,404711676,11514974,"[11513918, 11514974, 11516030]"
127,3583,meta-llama/Llama-3.1-8B,520,4,3000000000,3439256598,439256598,37406,404711676,11514974,"[11513918, 11514974, 11516030]"
127,3727,meta-llama/Llama-3.1-8B,520,4,3000000000,3439256598,439256598,37406,404711676,11514974,"[11513918, 11514974, 11516030]"
127,3871,meta-llama/Llama-3.1-8B,520,4,3000000000,3439256598,439256598,37406,404711676,11514974,"[11513918, 11514974, 11516030]"
127,4015,meta-llama/Llama-3.1-8B,520,4,3000000000,3439256598,439256598,37406,404711676,11514974,"[11513918, 11514974, 11516030]"
127,4159,meta-llama/Llama-3.1-8B,520,4,3000000000,3940495974,940495974,439256598,905951052,11514974,"[11513918, 11514974, 11516030]"
127,4303,meta-llama/Llama-3.1-8B,520,4,3000000000,3940495974,940495974,439256598,905951052,11514974,"[11513918, 11514974, 11516030]"
127,4447,meta-llama/Llama-3.1-8B,520,4,3000000000,3940495974,940495974,439256598,905951052,11514974,"[11513918, 11514974, 11516030]"
127,4591,meta-llama/Llama-3.1-8B,520,4,3000000000,3940495974,940495974,439256598,905951052,11514974,"[11513918, 11514974, 11516030]"
127,4735,meta-llama/Llama-3.1-8B,520,4,3000000000,3940495974,940495974,439256598,905951052,11514974,"[11513918, 11514974, 11516030]"
127,4879,meta-llama/Llama-3.1-8B,520,4,3000000000,3940495974,940495974,439256598,905951052,11514974,"[11513918, 11514974, 11516030]"
127,5023,meta-llama/Llama-3.1-8B,520,4,3000000000,3940495974,940495974,439256598,905951052,11514974,"[11513918, 11514974, 11516030]"
127,5167,meta-llama/Llama-3.1-8B,520,4,3000000000,3940495974,940495974,439256598,905951052,11514974,"[11513918, 11514974, 11516030]"
127,5311,meta-llama/Llama-3.1-8B,520,4,3000000000,4439146602,1439146602,940495974,1405303863,11280913,"[11280401, 11280913, 11281425]"
127,5455,meta-llama/Llama-3.1-8B,520,4,3000000000,4439146602,1439146602,940495974,1405303863,11280913,"[11280401, 11280913, 11281425]"
127,5599,meta-llama/Llama-3.1-8B,520,4,3000000000,4439146602,1439146602,940495974,1405303863,11280913,"[11280401, 11280913, 11281425]"
127,5743,meta-llama/Llama-3.1-8B,520,4,3000000000,4439146602,1439146602,940495974,1405303863,11280913,"[11280401, 11280913, 11281425]"
128,128,meta-llama/Llama-3.1-8B,512,4,0,265381910,265381910,1,112872006,50836634,"[121233056, 19608919, 11667929]"
128,272,meta-llama/Llama-3.1-8B,512,4,0,265381910,265381910,1,112872006,50836634,"[121233056, 19608919, 11667929]"
128,416,meta-llama/Llama-3.1-8B,512,4,0,265381910,265381910,1,112872006,50836634,"[121233056, 19608919, 11667929]"
128,560,meta-llama/Llama-3.1-8B,512,4,0,265381910,265381910,1,112872006,50836634,"[121233056, 19608919, 11667929]"
128,704,meta-llama/Llama-3.1-8B,512,4,0,378477883,378477883,112872006,234105062,48124273,"[19608919, 11667929, 113095973]"
128,848,meta-llama/Llama-3.1-8B,512,4,0,378477883,378477883,112872006,234105062,48124273,"[19608919, 11667929, 113095973]"
128,992,meta-llama/Llama-3.1-8B,512,4,0,378477883,378477883,112872006,234105062,48124273,"[19608919, 11667929, 113095973]"
128,1136,meta-llama/Llama-3.1-8B,512,4,0,477043921,477043921,234105062,253713981,74443313,"[11667929, 113095973, 98566038]"
128,1280,meta-llama/Llama-3.1-8B,512,4,0,529998471,529998471,265381910,378477883,50506862,"[98566038, 38860012, 14094538]"
128,1424,meta-llama/Llama-3.1-8B,512,4,0,529998471,529998471,265381910,378477883,50506862,"[98566038, 38860012, 14094538]"
128,1568,meta-llama/Llama-3.1-8B,512,4,0,529998471,529998471,265381910,378477883,50506862,"[98566038, 38860012, 14094538]"
128,1712,meta-llama/Llama-3.1-8B,512,4,0,619434520,619434520,378477883,477043921,47463533,"[38860012, 14094538, 89436049]"
128,1856,meta-llama/Llama-3.1-8B,512,4,0,619434520,619434520,378477883,477043921,47463533,"[38860012, 14094538, 89436049]"
128,2000,meta-llama/Llama-3.1-8B,512,4,0,619434520,619434520,378477883,477043921,47463533,"[38860012, 14094538, 89436049]"
128,2144,meta-llama/Llama-3.1-8B,512,4,0,619434520,619434520,378477883,477043921,47463533,"[38860012, 14094538, 89436049]"
128,2288,meta-llama/Llama-3.1-8B,512,4,0,654138033,654138033,477043921,515903933,46078033,"[14094538, 89436049, 34703513]"
128,2432,meta-llama/Llama-3.1-8B,512,4,0,678728767,678728767,529998471,619434520,19764749,"[34703513, 13285573, 11305161]"
128,2576,meta-llama/Llama-3.1-8B,512,4,0,678728767,678728767,529998471,619434520,19764749,"[34703513, 13285573, 11305161]"
128,2720,meta-llama/Llama-3.1-8B,512,4,0,678728767,678728767,529998471,619434520,19764749,"[34703513, 13285573, 11305161]"
128,2864,meta-llama/Llama-3.1-8B,512,4,0,690031766,690031766,619434520,654138033,11964577,"[13285573, 11305161, 11302999]"
128,3008,meta-llama/Llama-3.1-8B,520,4,3000000000,3446218256,446218256,37406,411673334,11514974,"[11513918, 11514974, 11516030]"
128,3152,meta-llama/Llama-3.1-8B,520,4,3000000000,3446218256,446218256,37406,411673334,11514974,"[11513918, 11514974, 11516030]"
128,3296,meta-llama/Llama-3.1-8B,520,4,3000000000,3446218256,446218256,37406,411673334,11514974,"[11513918, 11514974, 11516030]"
128,3440,meta-llama/Llama-3.1-8B,520,4,3000000000,3446218256,446218256,37406,411673334,11514974,"[11513918, 11514974, 11516030]"
128,3584,meta-llama/Llama-3.1-8B,520,4,3000000000,3446218256,446218256,37406,411673334,11514974,"[11513918, 11514974, 11516030]"
128,3728,meta-llama/Llama-3.1-8B,520,4,3000000000,3446218256,446218256,37406,411673334,11514974,"[11513918, 11514974, 11516030]"
128,3872,meta-llama/Llama-3.1-8B,520,4,3000000000,3446218256,446218256,37406,411673334,11514974,"[11513918, 11514974, 11516030]"
128,4016,meta-llama/Llama-3.1-8B,520,4,3000000000,3446218256,446218256,37406,411673334,11514974,"[11513918, 11514974, 11516030]"
128,4160,meta-llama/Llama-3.1-8B,520,4,3000000000,3947457632,947457632,446218256,912912710,11514974,"[11513918, 11514974, 11516030]"
128,4304,meta-llama/Llama-3.1-8B,520,4,3000000000,3947457632,947457632,446218256,912912710,11514974,"[11513918, 11514974, 11516030]"
128,4448,meta-llama/Llama-3.1-8B,520,4,3000000000,3947457632,947457632,446218256,912912710,11514974,"[11513918, 11514974, 11516030]"
128,4592,meta-llama/Llama-3.1-8B,520,4,3000000000,3947457632,947457632,446218256,912912710,11514974,"[11513918, 11514974, 11516030]"
128,4736,meta-llama/Llama-3.1-8B,520,4,3000000000,3947457632,947457632,446218256,912912710,11514974,"[11513918, 11514974, 11516030]"
128,4880,meta-llama/Llama-3.1-8B,520,4,3000000000,3947457632,947457632,446218256,912912710,11514974,"[11513918, 11514974, 11516030]"
128,5024,meta-llama/Llama-3.1-8B,520,4,3000000000,3947457632,947457632,446218256,912912710,11514974,"[11513918, 11514974, 11516030]"
128,5168,meta-llama/Llama-3.1-8B,520,4,3000000000,3947457632,947457632,446218256,912912710,11514974,"[11513918, 11514974, 11516030]"
128,5312,meta-llama/Llama-3.1-8B,520,4,3000000000,4446108260,1446108260,947457632,1412265521,11280913,"[11280401, 11280913, 11281425]"
128,5456,meta-llama/Llama-3.1-8B,520,4,3000000000,4446108260,1446108260,947457632,1412265521,11280913,"[11280401, 11280913, 11281425]"
128,5600,meta-llama/Llama-3.1-8B,520,4,3000000000,4446108260,1446108260,947457632,1412265521,11280913,"[11280401, 11280913, 11281425]"
128,5744,meta-llama/Llama-3.1-8B,520,4,3000000000,4446108260,1446108260,947457632,1412265521,11280913,"[11280401, 11280913, 11281425]"
129,129,meta-llama/Llama-3.1-8B,512,4,0,265384210,265384210,1,113397462,50662249,"[121233056, 19086404, 11667288]"
129,273,meta-llama/Llama-3.1-8B,512,4,0,265384210,265384210,1,113397462,50662249,"[121233056, 19086404, 11667288]"
129,417,meta-llama/Llama-3.1-8B,512,4,0,265384210,265384210,1,113397462,50662249,"[121233056, 19086404, 11667288]"
129,561,meta-llama/Llama-3.1-8B,512,4,0,265384210,265384210,1,113397462,50662249,"[121233056, 19086404, 11667288]"
129,705,meta-llama/Llama-3.1-8B,512,4,0,379003339,379003339,113397462,234630518,48124273,"[19086404, 11667288, 113619129]"
129,849,meta-llama/Llama-3.1-8B,512,4,0,379003339,379003339,113397462,234630518,48124273,"[19086404, 11667288, 113619129]"
129,993,meta-llama/Llama-3.1-8B,512,4,0,379003339,379003339,113397462,234630518,48124273,"[19086404, 11667288, 113619129]"
129,1137,meta-llama/Llama-3.1-8B,512,4,0,477440095,477440095,234630518,253716922,74574391,"[11667288, 113619129, 98436756]"
129,1281,meta-llama/Llama-3.1-8B,512,4,0,530000643,530000643,265384210,379003339,50332434,"[98436756, 38597087, 13963461]"
129,1425,meta-llama/Llama-3.1-8B,512,4,0,530000643,530000643,265384210,379003339,50332434,"[98436756, 38597087, 13963461]"
129,1569,meta-llama/Llama-3.1-8B,512,4,0,530000643,530000643,265384210,379003339,50332434,"[98436756, 38597087, 13963461]"
129,1713,meta-llama/Llama-3.1-8B,512,4,0,619857961,619857961,379003339,477440095,47472622,"[38597087, 13963461, 89857318]"
129,1857,meta-llama/Llama-3.1-8B,512,4,0,619857961,619857961,379003339,477440095,47472622,"[38597087, 13963461, 89857318]"
129,2001,meta-llama/Llama-3.1-8B,512,4,0,619857961,619857961,379003339,477440095,47472622,"[38597087, 13963461, 89857318]"
129,2145,meta-llama/Llama-3.1-8B,512,4,0,619857961,619857961,379003339,477440095,47472622,"[38597087, 13963461, 89857318]"
129,2289,meta-llama/Llama-3.1-8B,512,4,0,654270513,654270513,477440095,516037182,46077777,"[13963461, 89857318, 34412552]"
129,2433,meta-llama/Llama-3.1-8B,512,4,0,678729913,678729913,530000643,619857961,19623984,"[34412552, 13154479, 11304921]"
129,2577,meta-llama/Llama-3.1-8B,512,4,0,678729913,678729913,530000643,619857961,19623984,"[34412552, 13154479, 11304921]"
129,2721,meta-llama/Llama-3.1-8B,512,4,0,678729913,678729913,530000643,619857961,19623984,"[34412552, 13154479, 11304921]"
129,2865,meta-llama/Llama-3.1-8B,512,4,0,690032142,690032142,619857961,654270513,11920543,"[13154479, 11304921, 11302229]"
129,3009,meta-llama/Llama-3.1-8B,520,4,3000000000,3453179914,453179914,37406,418634992,11514974,"[11513918, 11514974, 11516030]"
129,3153,meta-llama/Llama-3.1-8B,520,4,3000000000,3453179914,453179914,37406,418634992,11514974,"[11513918, 11514974, 11516030]"
129,3297,meta-llama/Llama-3.1-8B,520,4,3000000000,3453179914,453179914,37406,418634992,11514974,"[11513918, 11514974, 11516030]"
129,3441,meta-llama/Llama-3.1-8B,520,4,3000000000,3453179914,453179914,37406,418634992,11514974,"[11513918, 11514974, 11516030]"
129,3585,meta-llama/Llama-3.1-8B,520,4,3000000000,3453179914,453179914,37406,418634992,11514974,"[11513918, 11514974, 11516030]"
129,3729,meta-llama/Llama-3.1-8B,520,4,3000000000,3453179914,453179914,37406,418634992,11514974,"[11513918, 11514974, 11516030]"
129,3873,meta-llama/Llama-3.1-8B,520,4,3000000000,3453179914,453179914,37406,418634992,11514974,"[11513918, 11514974, 11516030]"
129,4017,meta-llama/Llama-3.1-8B,520,4,3000000000,3453179914,453179914,37406,418634992,11514974,"[11513918, 11514974, 11516030]"
129,4161,meta-llama/Llama-3.1-8B,520,4,3000000000,3954419290,954419290,453179914,919874368,11514974,"[11513918, 11514974, 11516030]"
129,4305,meta-llama/Llama-3.1-8B,520,4,3000000000,3954419290,954419290,453179914,919874368,11514974,"[11513918, 11514974, 11516030]"
129,4449,meta-llama/Llama-3.1-8B,520,4,3000000000,3954419290,954419290,453179914,919874368,11514974,"[11513918, 11514974, 11516030]"
129,4593,meta-llama/Llama-3.1-8B,520,4,3000000000,3954419290,954419290,453179914,919874368,11514974,"[11513918, 11514974, 11516030]"
129,4737,meta-llama/Llama-3.1-8B,520,4,3000000000,3954419290,954419290,453179914,919874368,11514974,"[11513918, 11514974, 11516030]"
129,4881,meta-llama/Llama-3.1-8B,520,4,3000000000,3954419290,954419290,453179914,919874368,11514974,"[11513918, 11514974, 11516030]"
129,5025,meta-llama/Llama-3.1-8B,520,4,3000000000,3954419290,954419290,453179914,919874368,11514974,"[11513918, 11514974, 11516030]"
129,5169,meta-llama/Llama-3.1-8B,520,4,3000000000,3954419290,954419290,453179914,919874368,11514974,"[11513918, 11514974, 11516030]"
129,5313,meta-llama/Llama-3.1-8B,520,4,3000000000,4453069918,1453069918,954419290,1419227179,11280913,"[11280401, 11280913, 11281425]"
129,5457,meta-llama/Llama-3.1-8B,520,4,3000000000,4453069918,1453069918,954419290,1419227179,11280913,"[11280401, 11280913, 11281425]"
129,5601,meta-llama/Llama-3.1-8B,520,4,3000000000,4453069918,1453069918,954419290,1419227179,11280913,"[11280401, 11280913, 11281425]"
129,5745,meta-llama/Llama-3.1-8B,520,4,3000000000,4453069918,1453069918,954419290,1419227179,11280913,"[11280401, 11280913, 11281425]"
130,130,meta-llama/Llama-3.1-8B,512,4,0,265386382,265386382,1,113922918,50487821,"[121233056, 18563889, 11666519]"
130,274,meta-llama/Llama-3.1-8B,512,4,0,265386382,265386382,1,113922918,50487821,"[121233056, 18563889, 11666519]"
130,418,meta-llama/Llama-3.1-8B,512,4,0,265386382,265386382,1,113922918,50487821,"[121233056, 18563889, 11666519]"
130,562,meta-llama/Llama-3.1-8B,512,4,0,265386382,265386382,1,113922918,50487821,"[121233056, 18563889, 11666519]"
130,706,meta-llama/Llama-3.1-8B,512,4,0,379528795,379528795,113922918,235155974,48124273,"[18563889, 11666519, 114142413]"
130,850,meta-llama/Llama-3.1-8B,512,4,0,379528795,379528795,113922918,235155974,48124273,"[18563889, 11666519, 114142413]"
130,994,meta-llama/Llama-3.1-8B,512,4,0,379528795,379528795,113922918,235155974,48124273,"[18563889, 11666519, 114142413]"
130,1138,meta-llama/Llama-3.1-8B,512,4,0,477836269,477836269,235155974,253719863,74705468,"[11666519, 114142413, 98307474]"
130,1282,meta-llama/Llama-3.1-8B,512,4,0,530002815,530002815,265386382,379528795,50158006,"[98307474, 38334162, 13832384]"
130,1426,meta-llama/Llama-3.1-8B,512,4,0,530002815,530002815,265386382,379528795,50158006,"[98307474, 38334162, 13832384]"
130,1570,meta-llama/Llama-3.1-8B,512,4,0,530002815,530002815,265386382,379528795,50158006,"[98307474, 38334162, 13832384]"
130,1714,meta-llama/Llama-3.1-8B,512,4,0,620253365,620253365,379528795,477836269,47472365,"[38334162, 13832384, 90250550]"
130,1858,meta-llama/Llama-3.1-8B,512,4,0,620253365,620253365,379528795,477836269,47472365,"[38334162, 13832384, 90250550]"
130,2002,meta-llama/Llama-3.1-8B,512,4,0,620253365,620253365,379528795,477836269,47472365,"[38334162, 13832384, 90250550]"
130,2146,meta-llama/Llama-3.1-8B,512,4,0,620253365,620253365,379528795,477836269,47472365,"[38334162, 13832384, 90250550]"
130,2290,meta-llama/Llama-3.1-8B,512,4,0,654405285,654405285,477836269,516170431,46078284,"[13832384, 90250550, 34151920]"
130,2434,meta-llama/Llama-3.1-8B,512,4,0,678731059,678731059,530002815,620253365,19492564,"[34151920, 13020853, 11304921]"
130,2578,meta-llama/Llama-3.1-8B,512,4,0,678731059,678731059,530002815,620253365,19492564,"[34151920, 13020853, 11304921]"
130,2722,meta-llama/Llama-3.1-8B,512,4,0,678731059,678731059,530002815,620253365,19492564,"[34151920, 13020853, 11304921]"
130,2866,meta-llama/Llama-3.1-8B,512,4,0,690032518,690032518,620253365,654405285,11875744,"[13020853, 11304921, 11301459]"
130,3010,meta-llama/Llama-3.1-8B,520,4,3000000000,3460141572,460141572,37406,425596650,11514974,"[11513918, 11514974, 11516030]"
130,3154,meta-llama/Llama-3.1-8B,520,4,3000000000,3460141572,460141572,37406,425596650,11514974,"[11513918, 11514974, 11516030]"
130,3298,meta-llama/Llama-3.1-8B,520,4,3000000000,3460141572,460141572,37406,425596650,11514974,"[11513918, 11514974, 11516030]"
130,3442,meta-llama/Llama-3.1-8B,520,4,3000000000,3460141572,460141572,37406,425596650,11514974,"[11513918, 11514974, 11516030]"
130,3586,meta-llama/Llama-3.1-8B,520,4,3000000000,3460141572,460141572,37406,425596650,11514974,"[11513918, 11514974, 11516030]"
130,3730,meta-llama/Llama-3.1-8B,520,4,3000000000,3460141572,460141572,37406,425596650,11514974,"[11513918, 11514974, 11516030]"
130,3874,meta-llama/Llama-3.1-8B,520,4,3000000000,3460141572,460141572,37406,425596650,11514974,"[11513918, 11514974, 11516030]"
130,4018,meta-llama/Llama-3.1-8B,520,4,3000000000,3460141572,460141572,37406,425596650,11514974,"[11513918, 11514974, 11516030]"
130,4162,meta-llama/Llama-3.1-8B,520,4,3000000000,3961380948,961380948,460141572,926836026,11514974,"[11513918, 11514974, 11516030]"
130,4306,meta-llama/Llama-3.1-8B,520,4,3000000000,3961380948,961380948,460141572,926836026,11514974,"[11513918, 11514974, 11516030]"
130,4450,meta-llama/Llama-3.1-8B,520,4,3000000000,3961380948,961380948,460141572,926836026,11514974,"[11513918, 11514974, 11516030]"
130,4594,meta-llama/Llama-3.1-8B,520,4,3000000000,3961380948,961380948,460141572,926836026,11514974,"[11513918, 11514974, 11516030]"
130,4738,meta-llama/Llama-3.1-8B,520,4,3000000000,3961380948,961380948,460141572,926836026,11514974,"[11513918, 11514974, 11516030]"
130,4882,meta-llama/Llama-3.1-8B,520,4,3000000000,3961380948,961380948,460141572,926836026,11514974,"[11513918, 11514974, 11516030]"
130,5026,meta-llama/Llama-3.1-8B,520,4,3000000000,3961380948,961380948,460141572,926836026,11514974,"[11513918, 11514974, 11516030]"
130,5170,meta-llama/Llama-3.1-8B,520,4,3000000000,3961380948,961380948,460141572,926836026,11514974,"[11513918, 11514974, 11516030]"
130,5314,meta-llama/Llama-3.1-8B,520,4,3000000000,4460031576,1460031576,961380948,1426188837,11280913,"[11280401, 11280913, 11281425]"
130,5458,meta-llama/Llama-3.1-8B,520,4,3000000000,4460031576,1460031576,961380948,1426188837,11280913,"[11280401, 11280913, 11281425]"
130,5602,meta-llama/Llama-3.1-8B,520,4,3000000000,4460031576,1460031576,961380948,1426188837,11280913,"[11280401, 11280913, 11281425]"
130,5746,meta-llama/Llama-3.1-8B,520,4,3000000000,4460031576,1460031576,961380948,1426188837,11280913,"[11280401, 11280913, 11281425]"
131,131,meta-llama/Llama-3.1-8B,512,4,0,265388554,265388554,1,114448374,50313393,"[121233056, 18041374, 11665750]"
131,275,meta-llama/Llama-3.1-8B,512,4,0,265388554,265388554,1,114448374,50313393,"[121233056, 18041374, 11665750]"
131,419,meta-llama/Llama-3.1-8B,512,4,0,265388554,265388554,1,114448374,50313393,"[121233056, 18041374, 11665750]"
131,563,meta-llama/Llama-3.1-8B,512,4,0,265388554,265388554,1,114448374,50313393,"[121233056, 18041374, 11665750]"
131,707,meta-llama/Llama-3.1-8B,512,4,0,380054251,380054251,114448374,235681430,48124273,"[18041374, 11665750, 114665697]"
131,851,meta-llama/Llama-3.1-8B,512,4,0,380054251,380054251,114448374,235681430,48124273,"[18041374, 11665750, 114665697]"
131,995,meta-llama/Llama-3.1-8B,512,4,0,380054251,380054251,114448374,235681430,48124273,"[18041374, 11665750, 114665697]"
131,1139,meta-llama/Llama-3.1-8B,512,4,0,478232443,478232443,235681430,253722804,74836546,"[11665750, 114665697, 98178192]"
131,1283,meta-llama/Llama-3.1-8B,512,4,0,530004987,530004987,265388554,380054251,49983578,"[98178192, 38071237, 13701307]"
131,1427,meta-llama/Llama-3.1-8B,512,4,0,530004987,530004987,265388554,380054251,49983578,"[98178192, 38071237, 13701307]"
131,1571,meta-llama/Llama-3.1-8B,512,4,0,530004987,530004987,265388554,380054251,49983578,"[98178192, 38071237, 13701307]"
131,1715,meta-llama/Llama-3.1-8B,512,4,0,620648769,620648769,380054251,478232443,47472108,"[38071237, 13701307, 90643782]"
131,1859,meta-llama/Llama-3.1-8B,512,4,0,620648769,620648769,380054251,478232443,47472108,"[38071237, 13701307, 90643782]"
131,2003,meta-llama/Llama-3.1-8B,512,4,0,620648769,620648769,380054251,478232443,47472108,"[38071237, 13701307, 90643782]"
131,2147,meta-llama/Llama-3.1-8B,512,4,0,620648769,620648769,380054251,478232443,47472108,"[38071237, 13701307, 90643782]"
131,2291,meta-llama/Llama-3.1-8B,512,4,0,654537765,654537765,478232443,516303680,46078028,"[13701307, 90643782, 33888996]"
131,2435,meta-llama/Llama-3.1-8B,512,4,0,678732445,678732445,530004987,620648769,19361225,"[33888996, 12889519, 11305161]"
131,2579,meta-llama/Llama-3.1-8B,512,4,0,678732445,678732445,530004987,620648769,19361225,"[33888996, 12889519, 11305161]"
131,2723,meta-llama/Llama-3.1-8B,512,4,0,678732445,678732445,530004987,620648769,19361225,"[33888996, 12889519, 11305161]"
131,2867,meta-llama/Llama-3.1-8B,512,4,0,690032894,690032894,620648769,654537765,11831709,"[12889519, 11305161, 11300449]"
131,3011,meta-llama/Llama-3.1-8B,520,4,3000000000,3467103230,467103230,37406,432558308,11514974,"[11513918, 11514974, 11516030]"
131,3155,meta-llama/Llama-3.1-8B,520,4,3000000000,3467103230,467103230,37406,432558308,11514974,"[11513918, 11514974, 11516030]"
131,3299,meta-llama/Llama-3.1-8B,520,4,3000000000,3467103230,467103230,37406,432558308,11514974,"[11513918, 11514974, 11516030]"
131,3443,meta-llama/Llama-3.1-8B,520,4,3000000000,3467103230,467103230,37406,432558308,11514974,"[11513918, 11514974, 11516030]"
131,3587,meta-llama/Llama-3.1-8B,520,4,3000000000,3467103230,467103230,37406,432558308,11514974,"[11513918, 11514974, 11516030]"
131,3731,meta-llama/Llama-3.1-8B,520,4,3000000000,3467103230,467103230,37406,432558308,11514974,"[11513918, 11514974, 11516030]"
131,3875,meta-llama/Llama-3.1-8B,520,4,3000000000,3467103230,467103230,37406,432558308,11514974,"[11513918, 11514974, 11516030]"
131,4019,meta-llama/Llama-3.1-8B,520,4,3000000000,3467103230,467103230,37406,432558308,11514974,"[11513918, 11514974, 11516030]"
131,4163,meta-llama/Llama-3.1-8B,520,4,3000000000,3968342606,968342606,467103230,933797684,11514974,"[11513918, 11514974, 11516030]"
131,4307,meta-llama/Llama-3.1-8B,520,4,3000000000,3968342606,968342606,467103230,933797684,11514974,"[11513918, 11514974, 11516030]"
131,4451,meta-llama/Llama-3.1-8B,520,4,3000000000,3968342606,968342606,467103230,933797684,11514974,"[11513918, 11514974, 11516030]"
131,4595,meta-llama/Llama-3.1-8B,520,4,3000000000,3968342606,968342606,467103230,933797684,11514974,"[11513918, 11514974, 11516030]"
131,4739,meta-llama/Llama-3.1-8B,520,4,3000000000,3968342606,968342606,467103230,933797684,11514974,"[11513918, 11514974, 11516030]"
131,4883,meta-llama/Llama-3.1-8B,520,4,3000000000,3968342606,968342606,467103230,933797684,11514974,"[11513918, 11514974, 11516030]"
131,5027,meta-llama/Llama-3.1-8B,520,4,3000000000,3968342606,968342606,467103230,933797684,11514974,"[11513918, 11514974, 11516030]"
131,5171,meta-llama/Llama-3.1-8B,520,4,3000000000,3968342606,968342606,467103230,933797684,11514974,"[11513918, 11514974, 11516030]"
131,5315,meta-llama/Llama-3.1-8B,520,4,3000000000,4466993234,1466993234,968342606,1433150495,11280913,"[11280401, 11280913, 11281425]"
131,5459,meta-llama/Llama-3.1-8B,520,4,3000000000,4466993234,1466993234,968342606,1433150495,11280913,"[11280401, 11280913, 11281425]"
131,5603,meta-llama/Llama-3.1-8B,520,4,3000000000,4466993234,1466993234,968342606,1433150495,11280913,"[11280401, 11280913, 11281425]"
131,5747,meta-llama/Llama-3.1-8B,520,4,3000000000,4466993234,1466993234,968342606,1433150495,11280913,"[11280401, 11280913, 11281425]"
132,132,meta-llama/Llama-3.1-8B,512,4,0,265390726,265390726,1,114973830,50138965,"[121233056, 17518859, 11664981]"
132,276,meta-llama/Llama-3.1-8B,512,4,0,265390726,265390726,1,114973830,50138965,"[121233056, 17518859, 11664981]"
132,420,meta-llama/Llama-3.1-8B,512,4,0,265390726,265390726,1,114973830,50138965,"[121233056, 17518859, 11664981]"
132,564,meta-llama/Llama-3.1-8B,512,4,0,265390726,265390726,1,114973830,50138965,"[121233056, 17518859, 11664981]"
132,708,meta-llama/Llama-3.1-8B,512,4,0,380579707,380579707,114973830,236206886,48124273,"[17518859, 11664981, 115188981]"
132,852,meta-llama/Llama-3.1-8B,512,4,0,380579707,380579707,114973830,236206886,48124273,"[17518859, 11664981, 115188981]"
132,996,meta-llama/Llama-3.1-8B,512,4,0,380579707,380579707,114973830,236206886,48124273,"[17518859, 11664981, 115188981]"
132,1140,meta-llama/Llama-3.1-8B,512,4,0,478628617,478628617,236206886,253725745,74967624,"[11664981, 115188981, 98048910]"
132,1284,meta-llama/Llama-3.1-8B,512,4,0,530007159,530007159,265390726,380579707,49809150,"[98048910, 37808312, 13570230]"
132,1428,meta-llama/Llama-3.1-8B,512,4,0,530007159,530007159,265390726,380579707,49809150,"[98048910, 37808312, 13570230]"
132,1572,meta-llama/Llama-3.1-8B,512,4,0,530007159,530007159,265390726,380579707,49809150,"[98048910, 37808312, 13570230]"
132,1716,meta-llama/Llama-3.1-8B,512,4,0,621072210,621072210,380579707,478628617,47481197,"[37808312, 13570230, 91065051]"
132,1860,meta-llama/Llama-3.1-8B,512,4,0,621072210,621072210,380579707,478628617,47481197,"[37808312, 13570230, 91065051]"
132,2004,meta-llama/Llama-3.1-8B,512,4,0,621072210,621072210,380579707,478628617,47481197,"[37808312, 13570230, 91065051]"
132,2148,meta-llama/Llama-3.1-8B,512,4,0,621072210,621072210,380579707,478628617,47481197,"[37808312, 13570230, 91065051]"
132,2292,meta-llama/Llama-3.1-8B,512,4,0,654670245,654670245,478628617,516436929,46077772,"[13570230, 91065051, 33598035]"
132,2436,meta-llama/Llama-3.1-8B,512,4,0,678733591,678733591,530007159,621072210,19220460,"[33598035, 12758185, 11305161]"
132,2580,meta-llama/Llama-3.1-8B,512,4,0,678733591,678733591,530007159,621072210,19220460,"[33598035, 12758185, 11305161]"
132,2724,meta-llama/Llama-3.1-8B,512,4,0,678733591,678733591,530007159,621072210,19220460,"[33598035, 12758185, 11305161]"
132,2868,meta-llama/Llama-3.1-8B,512,4,0,690033270,690033270,621072210,654670245,11787675,"[12758185, 11305161, 11299679]"
132,3012,meta-llama/Llama-3.1-8B,520,4,3000000000,3474064888,474064888,37406,439519966,11514974,"[11513918, 11514974, 11516030]"
132,3156,meta-llama/Llama-3.1-8B,520,4,3000000000,3474064888,474064888,37406,439519966,11514974,"[11513918, 11514974, 11516030]"
132,3300,meta-llama/Llama-3.1-8B,520,4,3000000000,3474064888,474064888,37406,439519966,11514974,"[11513918, 11514974, 11516030]"
132,3444,meta-llama/Llama-3.1-8B,520,4,3000000000,3474064888,474064888,37406,439519966,11514974,"[11513918, 11514974, 11516030]"
132,3588,meta-llama/Llama-3.1-8B,520,4,3000000000,3474064888,474064888,37406,439519966,11514974,"[11513918, 11514974, 11516030]"
132,3732,meta-llama/Llama-3.1-8B,520,4,3000000000,3474064888,474064888,37406,439519966,11514974,"[11513918, 11514974, 11516030]"
132,3876,meta-llama/Llama-3.1-8B,520,4,3000000000,3474064888,474064888,37406,439519966,11514974,"[11513918, 11514974, 11516030]"
132,4020,meta-llama/Llama-3.1-8B,520,4,3000000000,3474064888,474064888,37406,439519966,11514974,"[11513918, 11514974, 11516030]"
132,4164,meta-llama/Llama-3.1-8B,520,4,3000000000,3975304264,975304264,474064888,940759342,11514974,"[11513918, 11514974, 11516030]"
132,4308,meta-llama/Llama-3.1-8B,520,4,3000000000,3975304264,975304264,474064888,940759342,11514974,"[11513918, 11514974, 11516030]"
132,4452,meta-llama/Llama-3.1-8B,520,4,3000000000,3975304264,975304264,474064888,940759342,11514974,"[11513918, 11514974, 11516030]"
132,4596,meta-llama/Llama-3.1-8B,520,4,3000000000,3975304264,975304264,474064888,940759342,11514974,"[11513918, 11514974, 11516030]"
132,4740,meta-llama/Llama-3.1-8B,520,4,3000000000,3975304264,975304264,474064888,940759342,11514974,"[11513918, 11514974, 11516030]"
132,4884,meta-llama/Llama-3.1-8B,520,4,3000000000,3975304264,975304264,474064888,940759342,11514974,"[11513918, 11514974, 11516030]"
132,5028,meta-llama/Llama-3.1-8B,520,4,3000000000,3975304264,975304264,474064888,940759342,11514974,"[11513918, 11514974, 11516030]"
132,5172,meta-llama/Llama-3.1-8B,520,4,3000000000,3975304264,975304264,474064888,940759342,11514974,"[11513918, 11514974, 11516030]"
132,5316,meta-llama/Llama-3.1-8B,520,4,3000000000,4473954892,1473954892,975304264,1440112153,11280913,"[11280401, 11280913, 11281425]"
132,5460,meta-llama/Llama-3.1-8B,520,4,3000000000,4473954892,1473954892,975304264,1440112153,11280913,"[11280401, 11280913, 11281425]"
132,5604,meta-llama/Llama-3.1-8B,520,4,3000000000,4473954892,1473954892,975304264,1440112153,11280913,"[11280401, 11280913, 11281425]"
132,5748,meta-llama/Llama-3.1-8B,520,4,3000000000,4473954892,1473954892,975304264,1440112153,11280913,"[11280401, 11280913, 11281425]"
133,133,meta-llama/Llama-3.1-8B,512,4,0,265392898,265392898,1,115499286,49964537,"[121233056, 16996344, 11664212]"
133,277,meta-llama/Llama-3.1-8B,512,4,0,265392898,265392898,1,115499286,49964537,"[121233056, 16996344, 11664212]"
133,421,meta-llama/Llama-3.1-8B,512,4,0,265392898,265392898,1,115499286,49964537,"[121233056, 16996344, 11664212]"
133,565,meta-llama/Llama-3.1-8B,512,4,0,265392898,265392898,1,115499286,49964537,"[121233056, 16996344, 11664212]"
133,709,meta-llama/Llama-3.1-8B,512,4,0,381105163,381105163,115499286,236732342,48124273,"[16996344, 11664212, 115712265]"
133,853,meta-llama/Llama-3.1-8B,512,4,0,381105163,381105163,115499286,236732342,48124273,"[16996344, 11664212, 115712265]"
133,997,meta-llama/Llama-3.1-8B,512,4,0,381105163,381105163,115499286,236732342,48124273,"[16996344, 11664212, 115712265]"
133,1141,meta-llama/Llama-3.1-8B,512,4,0,479024791,479024791,236732342,253728686,75098701,"[11664212, 115712265, 97919628]"
133,1285,meta-llama/Llama-3.1-8B,512,4,0,530009331,530009331,265392898,381105163,49634722,"[97919628, 37545387, 13439153]"
133,1429,meta-llama/Llama-3.1-8B,512,4,0,530009331,530009331,265392898,381105163,49634722,"[97919628, 37545387, 13439153]"
133,1573,meta-llama/Llama-3.1-8B,512,4,0,530009331,530009331,265392898,381105163,49634722,"[97919628, 37545387, 13439153]"
133,1717,meta-llama/Llama-3.1-8B,512,4,0,621467614,621467614,381105163,479024791,47480941,"[37545387, 13439153, 91458283]"
133,1861,meta-llama/Llama-3.1-8B,512,4,0,621467614,621467614,381105163,479024791,47480941,"[37545387, 13439153, 91458283]"
133,2005,meta-llama/Llama-3.1-8B,512,4,0,621467614,621467614,381105163,479024791,47480941,"[37545387, 13439153, 91458283]"
133,2149,meta-llama/Llama-3.1-8B,512,4,0,621467614,621467614,381105163,479024791,47480941,"[37545387, 13439153, 91458283]"
133,2293,meta-llama/Llama-3.1-8B,512,4,0,654802845,654802845,479024791,516570178,46077555,"[13439153, 91458283, 33335231]"
133,2437,meta-llama/Llama-3.1-8B,512,4,0,678734737,678734737,530009331,621467614,19089041,"[33335231, 12627997, 11303895]"
133,2581,meta-llama/Llama-3.1-8B,512,4,0,678734737,678734737,530009331,621467614,19089041,"[33335231, 12627997, 11303895]"
133,2725,meta-llama/Llama-3.1-8B,512,4,0,678734737,678734737,530009331,621467614,19089041,"[33335231, 12627997, 11303895]"
133,2869,meta-llama/Llama-3.1-8B,512,4,0,690033646,690033646,621467614,654802845,11743600,"[12627997, 11303895, 11298909]"
133,3013,meta-llama/Llama-3.1-8B,520,4,3000000000,3481026546,481026546,37406,446481624,11514974,"[11513918, 11514974, 11516030]"
133,3157,meta-llama/Llama-3.1-8B,520,4,3000000000,3481026546,481026546,37406,446481624,11514974,"[11513918, 11514974, 11516030]"
133,3301,meta-llama/Llama-3.1-8B,520,4,3000000000,3481026546,481026546,37406,446481624,11514974,"[11513918, 11514974, 11516030]"
133,3445,meta-llama/Llama-3.1-8B,520,4,3000000000,3481026546,481026546,37406,446481624,11514974,"[11513918, 11514974, 11516030]"
133,3589,meta-llama/Llama-3.1-8B,520,4,3000000000,3481026546,481026546,37406,446481624,11514974,"[11513918, 11514974, 11516030]"
133,3733,meta-llama/Llama-3.1-8B,520,4,3000000000,3481026546,481026546,37406,446481624,11514974,"[11513918, 11514974, 11516030]"
133,3877,meta-llama/Llama-3.1-8B,520,4,3000000000,3481026546,481026546,37406,446481624,11514974,"[11513918, 11514974, 11516030]"
133,4021,meta-llama/Llama-3.1-8B,520,4,3000000000,3481026546,481026546,37406,446481624,11514974,"[11513918, 11514974, 11516030]"
133,4165,meta-llama/Llama-3.1-8B,520,4,3000000000,3982265922,982265922,481026546,947721000,11514974,"[11513918, 11514974, 11516030]"
133,4309,meta-llama/Llama-3.1-8B,520,4,3000000000,3982265922,982265922,481026546,947721000,11514974,"[11513918, 11514974, 11516030]"
133,4453,meta-llama/Llama-3.1-8B,520,4,3000000000,3982265922,982265922,481026546,947721000,11514974,"[11513918, 11514974, 11516030]"
133,4597,meta-llama/Llama-3.1-8B,520,4,3000000000,3982265922,982265922,481026546,947721000,11514974,"[11513918, 11514974, 11516030]"
133,4741,meta-llama/Llama-3.1-8B,520,4,3000000000,3982265922,982265922,481026546,947721000,11514974,"[11513918, 11514974, 11516030]"
133,4885,meta-llama/Llama-3.1-8B,520,4,3000000000,3982265922,982265922,481026546,947721000,11514974,"[11513918, 11514974, 11516030]"
133,5029,meta-llama/Llama-3.1-8B,520,4,3000000000,3982265922,982265922,481026546,947721000,11514974,"[11513918, 11514974, 11516030]"
133,5173,meta-llama/Llama-3.1-8B,520,4,3000000000,3982265922,982265922,481026546,947721000,11514974,"[11513918, 11514974, 11516030]"
133,5317,meta-llama/Llama-3.1-8B,520,4,3000000000,4480916550,1480916550,982265922,1447073811,11280913,"[11280401, 11280913, 11281425]"
133,5461,meta-llama/Llama-3.1-8B,520,4,3000000000,4480916550,1480916550,982265922,1447073811,11280913,"[11280401, 11280913, 11281425]"
133,5605,meta-llama/Llama-3.1-8B,520,4,3000000000,4480916550,1480916550,982265922,1447073811,11280913,"[11280401, 11280913, 11281425]"
133,5749,meta-llama/Llama-3.1-8B,520,4,3000000000,4480916550,1480916550,982265922,1447073811,11280913,"[11280401, 11280913, 11281425]"
134,134,meta-llama/Llama-3.1-8B,512,4,0,265395070,265395070,1,116024742,49790109,"[121233056, 16473829, 11663443]"
134,278,meta-llama/Llama-3.1-8B,512,4,0,265395070,265395070,1,116024742,49790109,"[121233056, 16473829, 11663443]"
134,422,meta-llama/Llama-3.1-8B,512,4,0,265395070,265395070,1,116024742,49790109,"[121233056, 16473829, 11663443]"
134,566,meta-llama/Llama-3.1-8B,512,4,0,265395070,265395070,1,116024742,49790109,"[121233056, 16473829, 11663443]"
134,710,meta-llama/Llama-3.1-8B,512,4,0,381630619,381630619,116024742,237257798,48124273,"[16473829, 11663443, 116235549]"
134,854,meta-llama/Llama-3.1-8B,512,4,0,381630619,381630619,116024742,237257798,48124273,"[16473829, 11663443, 116235549]"
134,998,meta-llama/Llama-3.1-8B,512,4,0,381630619,381630619,116024742,237257798,48124273,"[16473829, 11663443, 116235549]"
134,1142,meta-llama/Llama-3.1-8B,512,4,0,479420965,479420965,237257798,253731627,75229779,"[11663443, 116235549, 97790346]"
134,1286,meta-llama/Llama-3.1-8B,512,4,0,530011503,530011503,265395070,381630619,49460294,"[97790346, 37282462, 13308076]"
134,1430,meta-llama/Llama-3.1-8B,512,4,0,530011503,530011503,265395070,381630619,49460294,"[97790346, 37282462, 13308076]"
134,1574,meta-llama/Llama-3.1-8B,512,4,0,530011503,530011503,265395070,381630619,49460294,"[97790346, 37282462, 13308076]"
134,1718,meta-llama/Llama-3.1-8B,512,4,0,621891055,621891055,381630619,479420965,47490030,"[37282462, 13308076, 91879552]"
134,1862,meta-llama/Llama-3.1-8B,512,4,0,621891055,621891055,381630619,479420965,47490030,"[37282462, 13308076, 91879552]"
134,2006,meta-llama/Llama-3.1-8B,512,4,0,621891055,621891055,381630619,479420965,47490030,"[37282462, 13308076, 91879552]"
134,2150,meta-llama/Llama-3.1-8B,512,4,0,621891055,621891055,381630619,479420965,47490030,"[37282462, 13308076, 91879552]"
134,2294,meta-llama/Llama-3.1-8B,512,4,0,654935325,654935325,479420965,516703427,46077299,"[13308076, 91879552, 33044270]"
134,2438,meta-llama/Llama-3.1-8B,512,4,0,678735883,678735883,530011503,621891055,18948276,"[33044270, 12496663, 11303895]"
134,2582,meta-llama/Llama-3.1-8B,512,4,0,678735883,678735883,530011503,621891055,18948276,"[33044270, 12496663, 11303895]"
134,2726,meta-llama/Llama-3.1-8B,512,4,0,678735883,678735883,530011503,621891055,18948276,"[33044270, 12496663, 11303895]"
134,2870,meta-llama/Llama-3.1-8B,512,4,0,690034022,690034022,621891055,654935325,11699565,"[12496663, 11303895, 11298139]"
134,3014,meta-llama/Llama-3.1-8B,520,4,3000000000,3487988204,487988204,37406,453443282,11514974,"[11513918, 11514974, 11516030]"
134,3158,meta-llama/Llama-3.1-8B,520,4,3000000000,3487988204,487988204,37406,453443282,11514974,"[11513918, 11514974, 11516030]"
134,3302,meta-llama/Llama-3.1-8B,520,4,3000000000,3487988204,487988204,37406,453443282,11514974,"[11513918, 11514974, 11516030]"
134,3446,meta-llama/Llama-3.1-8B,520,4,3000000000,3487988204,487988204,37406,453443282,11514974,"[11513918, 11514974, 11516030]"
134,3590,meta-llama/Llama-3.1-8B,520,4,3000000000,3487988204,487988204,37406,453443282,11514974,"[11513918, 11514974, 11516030]"
134,3734,meta-llama/Llama-3.1-8B,520,4,3000000000,3487988204,487988204,37406,453443282,11514974,"[11513918, 11514974, 11516030]"
134,3878,meta-llama/Llama-3.1-8B,520,4,3000000000,3487988204,487988204,37406,453443282,11514974,"[11513918, 11514974, 11516030]"
134,4022,meta-llama/Llama-3.1-8B,520,4,3000000000,3487988204,487988204,37406,453443282,11514974,"[11513918, 11514974, 11516030]"
134,4166,meta-llama/Llama-3.1-8B,520,4,3000000000,3989227580,989227580,487988204,954682658,11514974,"[11513918, 11514974, 11516030]"
134,4310,meta-llama/Llama-3.1-8B,520,4,3000000000,3989227580,989227580,487988204,954682658,11514974,"[11513918, 11514974, 11516030]"
134,4454,meta-llama/Llama-3.1-8B,520,4,3000000000,3989227580,989227580,487988204,954682658,11514974,"[11513918, 11514974, 11516030]"
134,4598,meta-llama/Llama-3.1-8B,520,4,3000000000,3989227580,989227580,487988204,954682658,11514974,"[11513918, 11514974, 11516030]"
134,4742,meta-llama/Llama-3.1-8B,520,4,3000000000,3989227580,989227580,487988204,954682658,11514974,"[11513918, 11514974, 11516030]"
134,4886,meta-llama/Llama-3.1-8B,520,4,3000000000,3989227580,989227580,487988204,954682658,11514974,"[11513918, 11514974, 11516030]"
134,5030,meta-llama/Llama-3.1-8B,520,4,3000000000,3989227580,989227580,487988204,954682658,11514974,"[11513918, 11514974, 11516030]"
134,5174,meta-llama/Llama-3.1-8B,520,4,3000000000,3989227580,989227580,487988204,954682658,11514974,"[11513918, 11514974, 11516030]"
134,5318,meta-llama/Llama-3.1-8B,520,4,3000000000,4487878208,1487878208,989227580,1454035469,11280913,"[11280401, 11280913, 11281425]"
134,5462,meta-llama/Llama-3.1-8B,520,4,3000000000,4487878208,1487878208,989227580,1454035469,11280913,"[11280401, 11280913, 11281425]"
134,5606,meta-llama/Llama-3.1-8B,520,4,3000000000,4487878208,1487878208,989227580,1454035469,11280913,"[11280401, 11280913, 11281425]"
134,5750,meta-llama/Llama-3.1-8B,520,4,3000000000,4487878208,1487878208,989227580,1454035469,11280913,"[11280401, 11280913, 11281425]"
135,135,meta-llama/Llama-3.1-8B,512,4,0,265397242,265397242,1,116550198,49615681,"[121233056, 15951314, 11662674]"
135,279,meta-llama/Llama-3.1-8B,512,4,0,265397242,265397242,1,116550198,49615681,"[121233056, 15951314, 11662674]"
135,423,meta-llama/Llama-3.1-8B,512,4,0,265397242,265397242,1,116550198,49615681,"[121233056, 15951314, 11662674]"
135,567,meta-llama/Llama-3.1-8B,512,4,0,265397242,265397242,1,116550198,49615681,"[121233056, 15951314, 11662674]"
135,711,meta-llama/Llama-3.1-8B,512,4,0,382156075,382156075,116550198,237783254,48124273,"[15951314, 11662674, 116758833]"
135,855,meta-llama/Llama-3.1-8B,512,4,0,382156075,382156075,116550198,237783254,48124273,"[15951314, 11662674, 116758833]"
135,999,meta-llama/Llama-3.1-8B,512,4,0,382156075,382156075,116550198,237783254,48124273,"[15951314, 11662674, 116758833]"
135,1143,meta-llama/Llama-3.1-8B,512,4,0,479817139,479817139,237783254,253734568,75360857,"[11662674, 116758833, 97661064]"
135,1287,meta-llama/Llama-3.1-8B,512,4,0,530013675,530013675,265397242,382156075,49285866,"[97661064, 37019537, 13176999]"
135,1431,meta-llama/Llama-3.1-8B,512,4,0,530013675,530013675,265397242,382156075,49285866,"[97661064, 37019537, 13176999]"
135,1575,meta-llama/Llama-3.1-8B,512,4,0,530013675,530013675,265397242,382156075,49285866,"[97661064, 37019537, 13176999]"
135,1719,meta-llama/Llama-3.1-8B,512,4,0,622286459,622286459,382156075,479817139,47489773,"[37019537, 13176999, 92272784]"
135,1863,meta-llama/Llama-3.1-8B,512,4,0,622286459,622286459,382156075,479817139,47489773,"[37019537, 13176999, 92272784]"
135,2007,meta-llama/Llama-3.1-8B,512,4,0,622286459,622286459,382156075,479817139,47489773,"[37019537, 13176999, 92272784]"
135,2151,meta-llama/Llama-3.1-8B,512,4,0,622286459,622286459,382156075,479817139,47489773,"[37019537, 13176999, 92272784]"
135,2295,meta-llama/Llama-3.1-8B,512,4,0,655067925,655067925,479817139,516836676,46077083,"[13176999, 92272784, 32781466]"
135,2439,meta-llama/Llama-3.1-8B,512,4,0,678737029,678737029,530013675,622286459,18816856,"[32781466, 12365329, 11303775]"
135,2583,meta-llama/Llama-3.1-8B,512,4,0,678737029,678737029,530013675,622286459,18816856,"[32781466, 12365329, 11303775]"
135,2727,meta-llama/Llama-3.1-8B,512,4,0,678737029,678737029,530013675,622286459,18816856,"[32781466, 12365329, 11303775]"
135,2871,meta-llama/Llama-3.1-8B,512,4,0,690034398,690034398,622286459,655067925,11655491,"[12365329, 11303775, 11297369]"
135,3015,meta-llama/Llama-3.1-8B,520,4,3000000000,3494949862,494949862,37406,460404940,11514974,"[11513918, 11514974, 11516030]"
135,3159,meta-llama/Llama-3.1-8B,520,4,3000000000,3494949862,494949862,37406,460404940,11514974,"[11513918, 11514974, 11516030]"
135,3303,meta-llama/Llama-3.1-8B,520,4,3000000000,3494949862,494949862,37406,460404940,11514974,"[11513918, 11514974, 11516030]"
135,3447,meta-llama/Llama-3.1-8B,520,4,3000000000,3494949862,494949862,37406,460404940,11514974,"[11513918, 11514974, 11516030]"
135,3591,meta-llama/Llama-3.1-8B,520,4,3000000000,3494949862,494949862,37406,460404940,11514974,"[11513918, 11514974, 11516030]"
135,3735,meta-llama/Llama-3.1-8B,520,4,3000000000,3494949862,494949862,37406,460404940,11514974,"[11513918, 11514974, 11516030]"
135,3879,meta-llama/Llama-3.1-8B,520,4,3000000000,3494949862,494949862,37406,460404940,11514974,"[11513918, 11514974, 11516030]"
135,4023,meta-llama/Llama-3.1-8B,520,4,3000000000,3494949862,494949862,37406,460404940,11514974,"[11513918, 11514974, 11516030]"
135,4167,meta-llama/Llama-3.1-8B,520,4,3000000000,3996189238,996189238,494949862,961644316,11514974,"[11513918, 11514974, 11516030]"
135,4311,meta-llama/Llama-3.1-8B,520,4,3000000000,3996189238,996189238,494949862,961644316,11514974,"[11513918, 11514974, 11516030]"
135,4455,meta-llama/Llama-3.1-8B,520,4,3000000000,3996189238,996189238,494949862,961644316,11514974,"[11513918, 11514974, 11516030]"
135,4599,meta-llama/Llama-3.1-8B,520,4,3000000000,3996189238,996189238,494949862,961644316,11514974,"[11513918, 11514974, 11516030]"
135,4743,meta-llama/Llama-3.1-8B,520,4,3000000000,3996189238,996189238,494949862,961644316,11514974,"[11513918, 11514974, 11516030]"
135,4887,meta-llama/Llama-3.1-8B,520,4,3000000000,3996189238,996189238,494949862,961644316,11514974,"[11513918, 11514974, 11516030]"
135,5031,meta-llama/Llama-3.1-8B,520,4,3000000000,3996189238,996189238,494949862,961644316,11514974,"[11513918, 11514974, 11516030]"
135,5175,meta-llama/Llama-3.1-8B,520,4,3000000000,3996189238,996189238,494949862,961644316,11514974,"[11513918, 11514974, 11516030]"
135,5319,meta-llama/Llama-3.1-8B,520,4,3000000000,4494839866,1494839866,996189238,1460997127,11280913,"[11280401, 11280913, 11281425]"
135,5463,meta-llama/Llama-3.1-8B,520,4,3000000000,4494839866,1494839866,996189238,1460997127,11280913,"[11280401, 11280913, 11281425]"
135,5607,meta-llama/Llama-3.1-8B,520,4,3000000000,4494839866,1494839866,996189238,1460997127,11280913,"[11280401, 11280913, 11281425]"
135,5751,meta-llama/Llama-3.1-8B,520,4,3000000000,4494839866,1494839866,996189238,1460997127,11280913,"[11280401, 11280913, 11281425]"
136,136,meta-llama/Llama-3.1-8B,512,4,0,265399414,265399414,1,117075654,49441253,"[121233056, 15428799, 11661905]"
136,280,meta-llama/Llama-3.1-8B,512,4,0,265399414,265399414,1,117075654,49441253,"[121233056, 15428799, 11661905]"
136,424,meta-llama/Llama-3.1-8B,512,4,0,265399414,265399414,1,117075654,49441253,"[121233056, 15428799, 11661905]"
136,568,meta-llama/Llama-3.1-8B,512,4,0,265399414,265399414,1,117075654,49441253,"[121233056, 15428799, 11661905]"
136,712,meta-llama/Llama-3.1-8B,512,4,0,382681531,382681531,117075654,238308710,48124273,"[15428799, 11661905, 117282117]"
136,856,meta-llama/Llama-3.1-8B,512,4,0,382681531,382681531,117075654,238308710,48124273,"[15428799, 11661905, 117282117]"
136,1000,meta-llama/Llama-3.1-8B,512,4,0,382681531,382681531,117075654,238308710,48124273,"[15428799, 11661905, 117282117]"
136,1144,meta-llama/Llama-3.1-8B,512,4,0,480213313,480213313,238308710,253737509,75491934,"[11661905, 117282117, 97531782]"
136,1288,meta-llama/Llama-3.1-8B,512,4,0,530015847,530015847,265399414,382681531,49111438,"[97531782, 36756612, 13045922]"
136,1432,meta-llama/Llama-3.1-8B,512,4,0,530015847,530015847,265399414,382681531,49111438,"[97531782, 36756612, 13045922]"
136,1576,meta-llama/Llama-3.1-8B,512,4,0,530015847,530015847,265399414,382681531,49111438,"[97531782, 36756612, 13045922]"
136,1720,meta-llama/Llama-3.1-8B,512,4,0,622681863,622681863,382681531,480213313,47489516,"[36756612, 13045922, 92666016]"
136,1864,meta-llama/Llama-3.1-8B,512,4,0,622681863,622681863,382681531,480213313,47489516,"[36756612, 13045922, 92666016]"
136,2008,meta-llama/Llama-3.1-8B,512,4,0,622681863,622681863,382681531,480213313,47489516,"[36756612, 13045922, 92666016]"
136,2152,meta-llama/Llama-3.1-8B,512,4,0,622681863,622681863,382681531,480213313,47489516,"[36756612, 13045922, 92666016]"
136,2296,meta-llama/Llama-3.1-8B,512,4,0,655200405,655200405,480213313,516969925,46076826,"[13045922, 92666016, 32518542]"
136,2440,meta-llama/Llama-3.1-8B,512,4,0,678738295,678738295,530015847,622681863,18685477,"[32518542, 12233995, 11303895]"
136,2584,meta-llama/Llama-3.1-8B,512,4,0,678738295,678738295,530015847,622681863,18685477,"[32518542, 12233995, 11303895]"
136,2728,meta-llama/Llama-3.1-8B,512,4,0,678738295,678738295,530015847,622681863,18685477,"[32518542, 12233995, 11303895]"
136,2872,meta-llama/Llama-3.1-8B,512,4,0,690034774,690034774,622681863,655200405,11611456,"[12233995, 11303895, 11296479]"
136,3016,meta-llama/Llama-3.1-8B,520,4,3000000000,3501911520,501911520,37406,467366598,11514974,"[11513918, 11514974, 11516030]"
136,3160,meta-llama/Llama-3.1-8B,520,4,3000000000,3501911520,501911520,37406,467366598,11514974,"[11513918, 11514974, 11516030]"
136,3304,meta-llama/Llama-3.1-8B,520,4,3000000000,3501911520,501911520,37406,467366598,11514974,"[11513918, 11514974, 11516030]"
136,3448,meta-llama/Llama-3.1-8B,520,4,3000000000,3501911520,501911520,37406,467366598,11514974,"[11513918, 11514974, 11516030]"
136,3592,meta-llama/Llama-3.1-8B,520,4,3000000000,3501911520,501911520,37406,467366598,11514974,"[11513918, 11514974, 11516030]"
136,3736,meta-llama/Llama-3.1-8B,520,4,3000000000,3501911520,501911520,37406,467366598,11514974,"[11513918, 11514974, 11516030]"
136,3880,meta-llama/Llama-3.1-8B,520,4,3000000000,3501911520,501911520,37406,467366598,11514974,"[11513918, 11514974, 11516030]"
136,4024,meta-llama/Llama-3.1-8B,520,4,3000000000,3501911520,501911520,37406,467366598,11514974,"[11513918, 11514974, 11516030]"
136,4168,meta-llama/Llama-3.1-8B,520,4,3000000000,4003150896,1003150896,501911520,968605974,11514974,"[11513918, 11514974, 11516030]"
136,4312,meta-llama/Llama-3.1-8B,520,4,3000000000,4003150896,1003150896,501911520,968605974,11514974,"[11513918, 11514974, 11516030]"
136,4456,meta-llama/Llama-3.1-8B,520,4,3000000000,4003150896,1003150896,501911520,968605974,11514974,"[11513918, 11514974, 11516030]"
136,4600,meta-llama/Llama-3.1-8B,520,4,3000000000,4003150896,1003150896,501911520,968605974,11514974,"[11513918, 11514974, 11516030]"
136,4744,meta-llama/Llama-3.1-8B,520,4,3000000000,4003150896,1003150896,501911520,968605974,11514974,"[11513918, 11514974, 11516030]"
136,4888,meta-llama/Llama-3.1-8B,520,4,3000000000,4003150896,1003150896,501911520,968605974,11514974,"[11513918, 11514974, 11516030]"
136,5032,meta-llama/Llama-3.1-8B,520,4,3000000000,4003150896,1003150896,501911520,968605974,11514974,"[11513918, 11514974, 11516030]"
136,5176,meta-llama/Llama-3.1-8B,520,4,3000000000,4003150896,1003150896,501911520,968605974,11514974,"[11513918, 11514974, 11516030]"
136,5320,meta-llama/Llama-3.1-8B,520,4,3000000000,4501801524,1501801524,1003150896,1467958785,11280913,"[11280401, 11280913, 11281425]"
136,5464,meta-llama/Llama-3.1-8B,520,4,3000000000,4501801524,1501801524,1003150896,1467958785,11280913,"[11280401, 11280913, 11281425]"
136,5608,meta-llama/Llama-3.1-8B,520,4,3000000000,4501801524,1501801524,1003150896,1467958785,11280913,"[11280401, 11280913, 11281425]"
136,5752,meta-llama/Llama-3.1-8B,520,4,3000000000,4501801524,1501801524,1003150896,1467958785,11280913,"[11280401, 11280913, 11281425]"
137,137,meta-llama/Llama-3.1-8B,512,4,0,265401586,265401586,1,117601110,49266825,"[121233056, 14906284, 11661136]"
137,281,meta-llama/Llama-3.1-8B,512,4,0,265401586,265401586,1,117601110,49266825,"[121233056, 14906284, 11661136]"
137,425,meta-llama/Llama-3.1-8B,512,4,0,265401586,265401586,1,117601110,49266825,"[121233056, 14906284, 11661136]"
137,569,meta-llama/Llama-3.1-8B,512,4,0,265401586,265401586,1,117601110,49266825,"[121233056, 14906284, 11661136]"
137,713,meta-llama/Llama-3.1-8B,512,4,0,383206987,383206987,117601110,238834166,48124273,"[14906284, 11661136, 117805401]"
137,857,meta-llama/Llama-3.1-8B,512,4,0,383206987,383206987,117601110,238834166,48124273,"[14906284, 11661136, 117805401]"
137,1001,meta-llama/Llama-3.1-8B,512,4,0,383206987,383206987,117601110,238834166,48124273,"[14906284, 11661136, 117805401]"
137,1145,meta-llama/Llama-3.1-8B,512,4,0,480609487,480609487,238834166,253740450,75623012,"[11661136, 117805401, 97402500]"
137,1289,meta-llama/Llama-3.1-8B,512,4,0,530018019,530018019,265401586,383206987,48937010,"[97402500, 36493687, 12914845]"
137,1433,meta-llama/Llama-3.1-8B,512,4,0,530018019,530018019,265401586,383206987,48937010,"[97402500, 36493687, 12914845]"
137,1577,meta-llama/Llama-3.1-8B,512,4,0,530018019,530018019,265401586,383206987,48937010,"[97402500, 36493687, 12914845]"
137,1721,meta-llama/Llama-3.1-8B,512,4,0,623105304,623105304,383206987,480609487,47498605,"[36493687, 12914845, 93087285]"
137,1865,meta-llama/Llama-3.1-8B,512,4,0,623105304,623105304,383206987,480609487,47498605,"[36493687, 12914845, 93087285]"
137,2009,meta-llama/Llama-3.1-8B,512,4,0,623105304,623105304,383206987,480609487,47498605,"[36493687, 12914845, 93087285]"
137,2153,meta-llama/Llama-3.1-8B,512,4,0,623105304,623105304,383206987,480609487,47498605,"[36493687, 12914845, 93087285]"
137,2297,meta-llama/Llama-3.1-8B,512,4,0,655333005,655333005,480609487,517103174,46076610,"[12914845, 93087285, 32227701]"
137,2441,meta-llama/Llama-3.1-8B,512,4,0,678739441,678739441,530018019,623105304,18544712,"[32227701, 12102541, 11303895]"
137,2585,meta-llama/Llama-3.1-8B,512,4,0,678739441,678739441,530018019,623105304,18544712,"[32227701, 12102541, 11303895]"
137,2729,meta-llama/Llama-3.1-8B,512,4,0,678739441,678739441,530018019,623105304,18544712,"[32227701, 12102541, 11303895]"
137,2873,meta-llama/Llama-3.1-8B,512,4,0,690035150,690035150,623105304,655333005,11567381,"[12102541, 11303895, 11295709]"
137,3017,meta-llama/Llama-3.1-8B,520,4,3000000000,3508873178,508873178,37406,474328256,11514974,"[11513918, 11514974, 11516030]"
137,3161,meta-llama/Llama-3.1-8B,520,4,3000000000,3508873178,508873178,37406,474328256,11514974,"[11513918, 11514974, 11516030]"
137,3305,meta-llama/Llama-3.1-8B,520,4,3000000000,3508873178,508873178,37406,474328256,11514974,"[11513918, 11514974, 11516030]"
137,3449,meta-llama/Llama-3.1-8B,520,4,3000000000,3508873178,508873178,37406,474328256,11514974,"[11513918, 11514974, 11516030]"
137,3593,meta-llama/Llama-3.1-8B,520,4,3000000000,3508873178,508873178,37406,474328256,11514974,"[11513918, 11514974, 11516030]"
137,3737,meta-llama/Llama-3.1-8B,520,4,3000000000,3508873178,508873178,37406,474328256,11514974,"[11513918, 11514974, 11516030]"
137,3881,meta-llama/Llama-3.1-8B,520,4,3000000000,3508873178,508873178,37406,474328256,11514974,"[11513918, 11514974, 11516030]"
137,4025,meta-llama/Llama-3.1-8B,520,4,3000000000,3508873178,508873178,37406,474328256,11514974,"[11513918, 11514974, 11516030]"
137,4169,meta-llama/Llama-3.1-8B,520,4,3000000000,4010112554,1010112554,508873178,975567632,11514974,"[11513918, 11514974, 11516030]"
137,4313,meta-llama/Llama-3.1-8B,520,4,3000000000,4010112554,1010112554,508873178,975567632,11514974,"[11513918, 11514974, 11516030]"
137,4457,meta-llama/Llama-3.1-8B,520,4,3000000000,4010112554,1010112554,508873178,975567632,11514974,"[11513918, 11514974, 11516030]"
137,4601,meta-llama/Llama-3.1-8B,520,4,3000000000,4010112554,1010112554,508873178,975567632,11514974,"[11513918, 11514974, 11516030]"
137,4745,meta-llama/Llama-3.1-8B,520,4,3000000000,4010112554,1010112554,508873178,975567632,11514974,"[11513918, 11514974, 11516030]"
137,4889,meta-llama/Llama-3.1-8B,520,4,3000000000,4010112554,1010112554,508873178,975567632,11514974,"[11513918, 11514974, 11516030]"
137,5033,meta-llama/Llama-3.1-8B,520,4,3000000000,4010112554,1010112554,508873178,975567632,11514974,"[11513918, 11514974, 11516030]"
137,5177,meta-llama/Llama-3.1-8B,520,4,3000000000,4010112554,1010112554,508873178,975567632,11514974,"[11513918, 11514974, 11516030]"
137,5321,meta-llama/Llama-3.1-8B,520,4,3000000000,4508763182,1508763182,1010112554,1474920443,11280913,"[11280401, 11280913, 11281425]"
137,5465,meta-llama/Llama-3.1-8B,520,4,3000000000,4508763182,1508763182,1010112554,1474920443,11280913,"[11280401, 11280913, 11281425]"
137,5609,meta-llama/Llama-3.1-8B,520,4,3000000000,4508763182,1508763182,1010112554,1474920443,11280913,"[11280401, 11280913, 11281425]"
137,5753,meta-llama/Llama-3.1-8B,520,4,3000000000,4508763182,1508763182,1010112554,1474920443,11280913,"[11280401, 11280913, 11281425]"
138,138,meta-llama/Llama-3.1-8B,512,4,0,265403758,265403758,1,118126566,49092397,"[121233056, 14383769, 11660367]"
138,282,meta-llama/Llama-3.1-8B,512,4,0,265403758,265403758,1,118126566,49092397,"[121233056, 14383769, 11660367]"
138,426,meta-llama/Llama-3.1-8B,512,4,0,265403758,265403758,1,118126566,49092397,"[121233056, 14383769, 11660367]"
138,570,meta-llama/Llama-3.1-8B,512,4,0,265403758,265403758,1,118126566,49092397,"[121233056, 14383769, 11660367]"
138,714,meta-llama/Llama-3.1-8B,512,4,0,383732443,383732443,118126566,239359622,48124273,"[14383769, 11660367, 118328685]"
138,858,meta-llama/Llama-3.1-8B,512,4,0,383732443,383732443,118126566,239359622,48124273,"[14383769, 11660367, 118328685]"
138,1002,meta-llama/Llama-3.1-8B,512,4,0,383732443,383732443,118126566,239359622,48124273,"[14383769, 11660367, 118328685]"
138,1146,meta-llama/Llama-3.1-8B,512,4,0,481005661,481005661,239359622,253743391,75754090,"[11660367, 118328685, 97273218]"
138,1290,meta-llama/Llama-3.1-8B,512,4,0,530020191,530020191,265403758,383732443,48762582,"[97273218, 36230762, 12783768]"
138,1434,meta-llama/Llama-3.1-8B,512,4,0,530020191,530020191,265403758,383732443,48762582,"[97273218, 36230762, 12783768]"
138,1578,meta-llama/Llama-3.1-8B,512,4,0,530020191,530020191,265403758,383732443,48762582,"[97273218, 36230762, 12783768]"
138,1722,meta-llama/Llama-3.1-8B,512,4,0,623500708,623500708,383732443,481005661,47498349,"[36230762, 12783768, 93480517]"
138,1866,meta-llama/Llama-3.1-8B,512,4,0,623500708,623500708,383732443,481005661,47498349,"[36230762, 12783768, 93480517]"
138,2010,meta-llama/Llama-3.1-8B,512,4,0,623500708,623500708,383732443,481005661,47498349,"[36230762, 12783768, 93480517]"
138,2154,meta-llama/Llama-3.1-8B,512,4,0,623500708,623500708,383732443,481005661,47498349,"[36230762, 12783768, 93480517]"
138,2298,meta-llama/Llama-3.1-8B,512,4,0,655465605,655465605,481005661,517236423,46076394,"[12783768, 93480517, 31964897]"
138,2442,meta-llama/Llama-3.1-8B,512,4,0,678740587,678740587,530020191,623500708,18413293,"[31964897, 11971207, 11303775]"
138,2586,meta-llama/Llama-3.1-8B,512,4,0,678740587,678740587,530020191,623500708,18413293,"[31964897, 11971207, 11303775]"
138,2730,meta-llama/Llama-3.1-8B,512,4,0,678740587,678740587,530020191,623500708,18413293,"[31964897, 11971207, 11303775]"
138,2874,meta-llama/Llama-3.1-8B,512,4,0,690035526,690035526,623500708,655465605,11523307,"[11971207, 11303775, 11294939]"
138,3018,meta-llama/Llama-3.1-8B,520,4,3000000000,3515834836,515834836,37406,481289914,11514974,"[11513918, 11514974, 11516030]"
138,3162,meta-llama/Llama-3.1-8B,520,4,3000000000,3515834836,515834836,37406,481289914,11514974,"[11513918, 11514974, 11516030]"
138,3306,meta-llama/Llama-3.1-8B,520,4,3000000000,3515834836,515834836,37406,481289914,11514974,"[11513918, 11514974, 11516030]"
138,3450,meta-llama/Llama-3.1-8B,520,4,3000000000,3515834836,515834836,37406,481289914,11514974,"[11513918, 11514974, 11516030]"
138,3594,meta-llama/Llama-3.1-8B,520,4,3000000000,3515834836,515834836,37406,481289914,11514974,"[11513918, 11514974, 11516030]"
138,3738,meta-llama/Llama-3.1-8B,520,4,3000000000,3515834836,515834836,37406,481289914,11514974,"[11513918, 11514974, 11516030]"
138,3882,meta-llama/Llama-3.1-8B,520,4,3000000000,3515834836,515834836,37406,481289914,11514974,"[11513918, 11514974, 11516030]"
138,4026,meta-llama/Llama-3.1-8B,520,4,3000000000,3515834836,515834836,37406,481289914,11514974,"[11513918, 11514974, 11516030]"
138,4170,meta-llama/Llama-3.1-8B,520,4,3000000000,4017074212,1017074212,515834836,982529290,11514974,"[11513918, 11514974, 11516030]"
138,4314,meta-llama/Llama-3.1-8B,520,4,3000000000,4017074212,1017074212,515834836,982529290,11514974,"[11513918, 11514974, 11516030]"
138,4458,meta-llama/Llama-3.1-8B,520,4,3000000000,4017074212,1017074212,515834836,982529290,11514974,"[11513918, 11514974, 11516030]"
138,4602,meta-llama/Llama-3.1-8B,520,4,3000000000,4017074212,1017074212,515834836,982529290,11514974,"[11513918, 11514974, 11516030]"
138,4746,meta-llama/Llama-3.1-8B,520,4,3000000000,4017074212,1017074212,515834836,982529290,11514974,"[11513918, 11514974, 11516030]"
138,4890,meta-llama/Llama-3.1-8B,520,4,3000000000,4017074212,1017074212,515834836,982529290,11514974,"[11513918, 11514974, 11516030]"
138,5034,meta-llama/Llama-3.1-8B,520,4,3000000000,4017074212,1017074212,515834836,982529290,11514974,"[11513918, 11514974, 11516030]"
138,5178,meta-llama/Llama-3.1-8B,520,4,3000000000,4017074212,1017074212,515834836,982529290,11514974,"[11513918, 11514974, 11516030]"
138,5322,meta-llama/Llama-3.1-8B,520,4,3000000000,4515724840,1515724840,1017074212,1481882101,11280913,"[11280401, 11280913, 11281425]"
138,5466,meta-llama/Llama-3.1-8B,520,4,3000000000,4515724840,1515724840,1017074212,1481882101,11280913,"[11280401, 11280913, 11281425]"
138,5610,meta-llama/Llama-3.1-8B,520,4,3000000000,4515724840,1515724840,1017074212,1481882101,11280913,"[11280401, 11280913, 11281425]"
138,5754,meta-llama/Llama-3.1-8B,520,4,3000000000,4515724840,1515724840,1017074212,1481882101,11280913,"[11280401, 11280913, 11281425]"
139,139,meta-llama/Llama-3.1-8B,512,4,0,265405930,265405930,1,118652022,48917969,"[121233056, 13861254, 11659598]"
139,283,meta-llama/Llama-3.1-8B,512,4,0,265405930,265405930,1,118652022,48917969,"[121233056, 13861254, 11659598]"
139,427,meta-llama/Llama-3.1-8B,512,4,0,265405930,265405930,1,118652022,48917969,"[121233056, 13861254, 11659598]"
139,571,meta-llama/Llama-3.1-8B,512,4,0,265405930,265405930,1,118652022,48917969,"[121233056, 13861254, 11659598]"
139,715,meta-llama/Llama-3.1-8B,512,4,0,384257899,384257899,118652022,239885078,48124273,"[13861254, 11659598, 118851969]"
139,859,meta-llama/Llama-3.1-8B,512,4,0,384257899,384257899,118652022,239885078,48124273,"[13861254, 11659598, 118851969]"
139,1003,meta-llama/Llama-3.1-8B,512,4,0,384257899,384257899,118652022,239885078,48124273,"[13861254, 11659598, 118851969]"
139,1147,meta-llama/Llama-3.1-8B,512,4,0,481401835,481401835,239885078,253746332,75885167,"[11659598, 118851969, 97143936]"
139,1291,meta-llama/Llama-3.1-8B,512,4,0,530022363,530022363,265405930,384257899,48588154,"[97143936, 35967837, 12652691]"
139,1435,meta-llama/Llama-3.1-8B,512,4,0,530022363,530022363,265405930,384257899,48588154,"[97143936, 35967837, 12652691]"
139,1579,meta-llama/Llama-3.1-8B,512,4,0,530022363,530022363,265405930,384257899,48588154,"[97143936, 35967837, 12652691]"
139,1723,meta-llama/Llama-3.1-8B,512,4,0,623924149,623924149,384257899,481401835,47507438,"[35967837, 12652691, 93901786]"
139,1867,meta-llama/Llama-3.1-8B,512,4,0,623924149,623924149,384257899,481401835,47507438,"[35967837, 12652691, 93901786]"
139,2011,meta-llama/Llama-3.1-8B,512,4,0,623924149,623924149,384257899,481401835,47507438,"[35967837, 12652691, 93901786]"
139,2155,meta-llama/Llama-3.1-8B,512,4,0,623924149,623924149,384257899,481401835,47507438,"[35967837, 12652691, 93901786]"
139,2299,meta-llama/Llama-3.1-8B,512,4,0,655598205,655598205,481401835,517369672,46076177,"[12652691, 93901786, 31674056]"
139,2443,meta-llama/Llama-3.1-8B,512,4,0,678741733,678741733,530022363,623924149,18272528,"[31674056, 11839753, 11303775]"
139,2587,meta-llama/Llama-3.1-8B,512,4,0,678741733,678741733,530022363,623924149,18272528,"[31674056, 11839753, 11303775]"
139,2731,meta-llama/Llama-3.1-8B,512,4,0,678741733,678741733,530022363,623924149,18272528,"[31674056, 11839753, 11303775]"
139,2875,meta-llama/Llama-3.1-8B,512,4,0,690035902,690035902,623924149,655598205,11479232,"[11839753, 11303775, 11294169]"
139,3019,meta-llama/Llama-3.1-8B,520,4,3000000000,3522796494,522796494,37406,488251572,11514974,"[11513918, 11514974, 11516030]"
139,3163,meta-llama/Llama-3.1-8B,520,4,3000000000,3522796494,522796494,37406,488251572,11514974,"[11513918, 11514974, 11516030]"
139,3307,meta-llama/Llama-3.1-8B,520,4,3000000000,3522796494,522796494,37406,488251572,11514974,"[11513918, 11514974, 11516030]"
139,3451,meta-llama/Llama-3.1-8B,520,4,3000000000,3522796494,522796494,37406,488251572,11514974,"[11513918, 11514974, 11516030]"
139,3595,meta-llama/Llama-3.1-8B,520,4,3000000000,3522796494,522796494,37406,488251572,11514974,"[11513918, 11514974, 11516030]"
139,3739,meta-llama/Llama-3.1-8B,520,4,3000000000,3522796494,522796494,37406,488251572,11514974,"[11513918, 11514974, 11516030]"
139,3883,meta-llama/Llama-3.1-8B,520,4,3000000000,3522796494,522796494,37406,488251572,11514974,"[11513918, 11514974, 11516030]"
139,4027,meta-llama/Llama-3.1-8B,520,4,3000000000,3522796494,522796494,37406,488251572,11514974,"[11513918, 11514974, 11516030]"
139,4171,meta-llama/Llama-3.1-8B,520,4,3000000000,4024035870,1024035870,522796494,989490948,11514974,"[11513918, 11514974, 11516030]"
139,4315,meta-llama/Llama-3.1-8B,520,4,3000000000,4024035870,1024035870,522796494,989490948,11514974,"[11513918, 11514974, 11516030]"
139,4459,meta-llama/Llama-3.1-8B,520,4,3000000000,4024035870,1024035870,522796494,989490948,11514974,"[11513918, 11514974, 11516030]"
139,4603,meta-llama/Llama-3.1-8B,520,4,3000000000,4024035870,1024035870,522796494,989490948,11514974,"[11513918, 11514974, 11516030]"
139,4747,meta-llama/Llama-3.1-8B,520,4,3000000000,4024035870,1024035870,522796494,989490948,11514974,"[11513918, 11514974, 11516030]"
139,4891,meta-llama/Llama-3.1-8B,520,4,3000000000,4024035870,1024035870,522796494,989490948,11514974,"[11513918, 11514974, 11516030]"
139,5035,meta-llama/Llama-3.1-8B,520,4,3000000000,4024035870,1024035870,522796494,989490948,11514974,"[11513918, 11514974, 11516030]"
139,5179,meta-llama/Llama-3.1-8B,520,4,3000000000,4024035870,1024035870,522796494,989490948,11514974,"[11513918, 11514974, 11516030]"
139,5323,meta-llama/Llama-3.1-8B,520,4,3000000000,4522686498,1522686498,1024035870,1488843759,11280913,"[11280401, 11280913, 11281425]"
139,5467,meta-llama/Llama-3.1-8B,520,4,3000000000,4522686498,1522686498,1024035870,1488843759,11280913,"[11280401, 11280913, 11281425]"
139,5611,meta-llama/Llama-3.1-8B,520,4,3000000000,4522686498,1522686498,1024035870,1488843759,11280913,"[11280401, 11280913, 11281425]"
139,5755,meta-llama/Llama-3.1-8B,520,4,3000000000,4522686498,1522686498,1024035870,1488843759,11280913,"[11280401, 11280913, 11281425]"
140,140,meta-llama/Llama-3.1-8B,512,4,0,265408102,265408102,1,119177478,48743541,"[121233056, 13338739, 11658829]"
140,284,meta-llama/Llama-3.1-8B,512,4,0,265408102,265408102,1,119177478,48743541,"[121233056, 13338739, 11658829]"
140,428,meta-llama/Llama-3.1-8B,512,4,0,265408102,265408102,1,119177478,48743541,"[121233056, 13338739, 11658829]"
140,572,meta-llama/Llama-3.1-8B,512,4,0,265408102,265408102,1,119177478,48743541,"[121233056, 13338739, 11658829]"
140,716,meta-llama/Llama-3.1-8B,512,4,0,384783355,384783355,119177478,240410534,48124273,"[13338739, 11658829, 119375253]"
140,860,meta-llama/Llama-3.1-8B,512,4,0,384783355,384783355,119177478,240410534,48124273,"[13338739, 11658829, 119375253]"
140,1004,meta-llama/Llama-3.1-8B,512,4,0,384783355,384783355,119177478,240410534,48124273,"[13338739, 11658829, 119375253]"
140,1148,meta-llama/Llama-3.1-8B,512,4,0,481798009,481798009,240410534,253749273,76016245,"[11658829, 119375253, 97014654]"
140,1292,meta-llama/Llama-3.1-8B,512,4,0,530024535,530024535,265408102,384783355,48413726,"[97014654, 35704912, 12521614]"
140,1436,meta-llama/Llama-3.1-8B,512,4,0,530024535,530024535,265408102,384783355,48413726,"[97014654, 35704912, 12521614]"
140,1580,meta-llama/Llama-3.1-8B,512,4,0,530024535,530024535,265408102,384783355,48413726,"[97014654, 35704912, 12521614]"
140,1724,meta-llama/Llama-3.1-8B,512,4,0,624319553,624319553,384783355,481798009,47507181,"[35704912, 12521614, 94295018]"
140,1868,meta-llama/Llama-3.1-8B,512,4,0,624319553,624319553,384783355,481798009,47507181,"[35704912, 12521614, 94295018]"
140,2012,meta-llama/Llama-3.1-8B,512,4,0,624319553,624319553,384783355,481798009,47507181,"[35704912, 12521614, 94295018]"
140,2156,meta-llama/Llama-3.1-8B,512,4,0,624319553,624319553,384783355,481798009,47507181,"[35704912, 12521614, 94295018]"
140,2300,meta-llama/Llama-3.1-8B,512,4,0,655730685,655730685,481798009,517502921,46075921,"[12521614, 94295018, 31411132]"
140,2444,meta-llama/Llama-3.1-8B,512,4,0,678742879,678742879,530024535,624319553,18141108,"[31411132, 11708419, 11303775]"
140,2588,meta-llama/Llama-3.1-8B,512,4,0,678742879,678742879,530024535,624319553,18141108,"[31411132, 11708419, 11303775]"
140,2732,meta-llama/Llama-3.1-8B,512,4,0,678742879,678742879,530024535,624319553,18141108,"[31411132, 11708419, 11303775]"
140,2876,meta-llama/Llama-3.1-8B,512,4,0,690036278,690036278,624319553,655730685,11435197,"[11708419, 11303775, 11293399]"
140,3020,meta-llama/Llama-3.1-8B,520,4,3000000000,3529758152,529758152,37406,495213230,11514974,"[11513918, 11514974, 11516030]"
140,3164,meta-llama/Llama-3.1-8B,520,4,3000000000,3529758152,529758152,37406,495213230,11514974,"[11513918, 11514974, 11516030]"
140,3308,meta-llama/Llama-3.1-8B,520,4,3000000000,3529758152,529758152,37406,495213230,11514974,"[11513918, 11514974, 11516030]"
140,3452,meta-llama/Llama-3.1-8B,520,4,3000000000,3529758152,529758152,37406,495213230,11514974,"[11513918, 11514974, 11516030]"
140,3596,meta-llama/Llama-3.1-8B,520,4,3000000000,3529758152,529758152,37406,495213230,11514974,"[11513918, 11514974, 11516030]"
140,3740,meta-llama/Llama-3.1-8B,520,4,3000000000,3529758152,529758152,37406,495213230,11514974,"[11513918, 11514974, 11516030]"
140,3884,meta-llama/Llama-3.1-8B,520,4,3000000000,3529758152,529758152,37406,495213230,11514974,"[11513918, 11514974, 11516030]"
140,4028,meta-llama/Llama-3.1-8B,520,4,3000000000,3529758152,529758152,37406,495213230,11514974,"[11513918, 11514974, 11516030]"
140,4172,meta-llama/Llama-3.1-8B,520,4,3000000000,4030997528,1030997528,529758152,996452606,11514974,"[11513918, 11514974, 11516030]"
140,4316,meta-llama/Llama-3.1-8B,520,4,3000000000,4030997528,1030997528,529758152,996452606,11514974,"[11513918, 11514974, 11516030]"
140,4460,meta-llama/Llama-3.1-8B,520,4,3000000000,4030997528,1030997528,529758152,996452606,11514974,"[11513918, 11514974, 11516030]"
140,4604,meta-llama/Llama-3.1-8B,520,4,3000000000,4030997528,1030997528,529758152,996452606,11514974,"[11513918, 11514974, 11516030]"
140,4748,meta-llama/Llama-3.1-8B,520,4,3000000000,4030997528,1030997528,529758152,996452606,11514974,"[11513918, 11514974, 11516030]"
140,4892,meta-llama/Llama-3.1-8B,520,4,3000000000,4030997528,1030997528,529758152,996452606,11514974,"[11513918, 11514974, 11516030]"
140,5036,meta-llama/Llama-3.1-8B,520,4,3000000000,4030997528,1030997528,529758152,996452606,11514974,"[11513918, 11514974, 11516030]"
140,5180,meta-llama/Llama-3.1-8B,520,4,3000000000,4030997528,1030997528,529758152,996452606,11514974,"[11513918, 11514974, 11516030]"
140,5324,meta-llama/Llama-3.1-8B,520,4,3000000000,4529648156,1529648156,1030997528,1495805417,11280913,"[11280401, 11280913, 11281425]"
140,5468,meta-llama/Llama-3.1-8B,520,4,3000000000,4529648156,1529648156,1030997528,1495805417,11280913,"[11280401, 11280913, 11281425]"
140,5612,meta-llama/Llama-3.1-8B,520,4,3000000000,4529648156,1529648156,1030997528,1495805417,11280913,"[11280401, 11280913, 11281425]"
140,5756,meta-llama/Llama-3.1-8B,520,4,3000000000,4529648156,1529648156,1030997528,1495805417,11280913,"[11280401, 11280913, 11281425]"
141,141,meta-llama/Llama-3.1-8B,512,4,0,265410274,265410274,1,119702934,48569113,"[121233056, 12816224, 11658060]"
141,285,meta-llama/Llama-3.1-8B,512,4,0,265410274,265410274,1,119702934,48569113,"[121233056, 12816224, 11658060]"
141,429,meta-llama/Llama-3.1-8B,512,4,0,265410274,265410274,1,119702934,48569113,"[121233056, 12816224, 11658060]"
141,573,meta-llama/Llama-3.1-8B,512,4,0,265410274,265410274,1,119702934,48569113,"[121233056, 12816224, 11658060]"
141,717,meta-llama/Llama-3.1-8B,512,4,0,385308811,385308811,119702934,240935990,48124273,"[12816224, 11658060, 119898537]"
141,861,meta-llama/Llama-3.1-8B,512,4,0,385308811,385308811,119702934,240935990,48124273,"[12816224, 11658060, 119898537]"
141,1005,meta-llama/Llama-3.1-8B,512,4,0,385308811,385308811,119702934,240935990,48124273,"[12816224, 11658060, 119898537]"
141,1149,meta-llama/Llama-3.1-8B,512,4,0,482194183,482194183,240935990,253752214,76147323,"[11658060, 119898537, 96885372]"
141,1293,meta-llama/Llama-3.1-8B,512,4,0,530026707,530026707,265410274,385308811,48239298,"[96885372, 35441987, 12390537]"
141,1437,meta-llama/Llama-3.1-8B,512,4,0,530026707,530026707,265410274,385308811,48239298,"[96885372, 35441987, 12390537]"
141,1581,meta-llama/Llama-3.1-8B,512,4,0,530026707,530026707,265410274,385308811,48239298,"[96885372, 35441987, 12390537]"
141,1725,meta-llama/Llama-3.1-8B,512,4,0,624714957,624714957,385308811,482194183,47506924,"[35441987, 12390537, 94688250]"
141,1869,meta-llama/Llama-3.1-8B,512,4,0,624714957,624714957,385308811,482194183,47506924,"[35441987, 12390537, 94688250]"
141,2013,meta-llama/Llama-3.1-8B,512,4,0,624714957,624714957,385308811,482194183,47506924,"[35441987, 12390537, 94688250]"
141,2157,meta-llama/Llama-3.1-8B,512,4,0,624714957,624714957,385308811,482194183,47506924,"[35441987, 12390537, 94688250]"
141,2301,meta-llama/Llama-3.1-8B,512,4,0,655863165,655863165,482194183,517636170,46075665,"[12390537, 94688250, 31148208]"
141,2445,meta-llama/Llama-3.1-8B,512,4,0,678744025,678744025,530026707,624714957,18009689,"[31148208, 11577085, 11303775]"
141,2589,meta-llama/Llama-3.1-8B,512,4,0,678744025,678744025,530026707,624714957,18009689,"[31148208, 11577085, 11303775]"
141,2733,meta-llama/Llama-3.1-8B,512,4,0,678744025,678744025,530026707,624714957,18009689,"[31148208, 11577085, 11303775]"
141,2877,meta-llama/Llama-3.1-8B,512,4,0,690036654,690036654,624714957,655863165,11391163,"[11577085, 11303775, 11292629]"
141,3021,meta-llama/Llama-3.1-8B,520,4,3000000000,3536719810,536719810,37406,502174888,11514974,"[11513918, 11514974, 11516030]"
141,3165,meta-llama/Llama-3.1-8B,520,4,3000000000,3536719810,536719810,37406,502174888,11514974,"[11513918, 11514974, 11516030]"
141,3309,meta-llama/Llama-3.1-8B,520,4,3000000000,3536719810,536719810,37406,502174888,11514974,"[11513918, 11514974, 11516030]"
141,3453,meta-llama/Llama-3.1-8B,520,4,3000000000,3536719810,536719810,37406,502174888,11514974,"[11513918, 11514974, 11516030]"
141,3597,meta-llama/Llama-3.1-8B,520,4,3000000000,3536719810,536719810,37406,502174888,11514974,"[11513918, 11514974, 11516030]"
141,3741,meta-llama/Llama-3.1-8B,520,4,3000000000,3536719810,536719810,37406,502174888,11514974,"[11513918, 11514974, 11516030]"
141,3885,meta-llama/Llama-3.1-8B,520,4,3000000000,3536719810,536719810,37406,502174888,11514974,"[11513918, 11514974, 11516030]"
141,4029,meta-llama/Llama-3.1-8B,520,4,3000000000,3536719810,536719810,37406,502174888,11514974,"[11513918, 11514974, 11516030]"
141,4173,meta-llama/Llama-3.1-8B,520,4,3000000000,4037959186,1037959186,536719810,1003414264,11514974,"[11513918, 11514974, 11516030]"
141,4317,meta-llama/Llama-3.1-8B,520,4,3000000000,4037959186,1037959186,536719810,1003414264,11514974,"[11513918, 11514974, 11516030]"
141,4461,meta-llama/Llama-3.1-8B,520,4,3000000000,4037959186,1037959186,536719810,1003414264,11514974,"[11513918, 11514974, 11516030]"
141,4605,meta-llama/Llama-3.1-8B,520,4,3000000000,4037959186,1037959186,536719810,1003414264,11514974,"[11513918, 11514974, 11516030]"
141,4749,meta-llama/Llama-3.1-8B,520,4,3000000000,4037959186,1037959186,536719810,1003414264,11514974,"[11513918, 11514974, 11516030]"
141,4893,meta-llama/Llama-3.1-8B,520,4,3000000000,4037959186,1037959186,536719810,1003414264,11514974,"[11513918, 11514974, 11516030]"
141,5037,meta-llama/Llama-3.1-8B,520,4,3000000000,4037959186,1037959186,536719810,1003414264,11514974,"[11513918, 11514974, 11516030]"
141,5181,meta-llama/Llama-3.1-8B,520,4,3000000000,4037959186,1037959186,536719810,1003414264,11514974,"[11513918, 11514974, 11516030]"
141,5325,meta-llama/Llama-3.1-8B,520,4,3000000000,4536609814,1536609814,1037959186,1502767075,11280913,"[11280401, 11280913, 11281425]"
141,5469,meta-llama/Llama-3.1-8B,520,4,3000000000,4536609814,1536609814,1037959186,1502767075,11280913,"[11280401, 11280913, 11281425]"
141,5613,meta-llama/Llama-3.1-8B,520,4,3000000000,4536609814,1536609814,1037959186,1502767075,11280913,"[11280401, 11280913, 11281425]"
141,5757,meta-llama/Llama-3.1-8B,520,4,3000000000,4536609814,1536609814,1037959186,1502767075,11280913,"[11280401, 11280913, 11281425]"
142,142,meta-llama/Llama-3.1-8B,512,4,0,265412446,265412446,1,120228390,48394685,"[121233056, 12293709, 11657291]"
142,286,meta-llama/Llama-3.1-8B,512,4,0,265412446,265412446,1,120228390,48394685,"[121233056, 12293709, 11657291]"
142,430,meta-llama/Llama-3.1-8B,512,4,0,265412446,265412446,1,120228390,48394685,"[121233056, 12293709, 11657291]"
142,574,meta-llama/Llama-3.1-8B,512,4,0,265412446,265412446,1,120228390,48394685,"[121233056, 12293709, 11657291]"
142,718,meta-llama/Llama-3.1-8B,512,4,0,385834267,385834267,120228390,241461446,48124273,"[12293709, 11657291, 120421821]"
142,862,meta-llama/Llama-3.1-8B,512,4,0,385834267,385834267,120228390,241461446,48124273,"[12293709, 11657291, 120421821]"
142,1006,meta-llama/Llama-3.1-8B,512,4,0,385834267,385834267,120228390,241461446,48124273,"[12293709, 11657291, 120421821]"
142,1150,meta-llama/Llama-3.1-8B,512,4,0,482590357,482590357,241461446,253755155,76278400,"[11657291, 120421821, 96756090]"
142,1294,meta-llama/Llama-3.1-8B,512,4,0,530028879,530028879,265412446,385834267,48064870,"[96756090, 35179062, 12259460]"
142,1438,meta-llama/Llama-3.1-8B,512,4,0,530028879,530028879,265412446,385834267,48064870,"[96756090, 35179062, 12259460]"
142,1582,meta-llama/Llama-3.1-8B,512,4,0,530028879,530028879,265412446,385834267,48064870,"[96756090, 35179062, 12259460]"
142,1726,meta-llama/Llama-3.1-8B,512,4,0,625138398,625138398,385834267,482590357,47516013,"[35179062, 12259460, 95109519]"
142,1870,meta-llama/Llama-3.1-8B,512,4,0,625138398,625138398,385834267,482590357,47516013,"[35179062, 12259460, 95109519]"
142,2014,meta-llama/Llama-3.1-8B,512,4,0,625138398,625138398,385834267,482590357,47516013,"[35179062, 12259460, 95109519]"
142,2158,meta-llama/Llama-3.1-8B,512,4,0,625138398,625138398,385834267,482590357,47516013,"[35179062, 12259460, 95109519]"
142,2302,meta-llama/Llama-3.1-8B,512,4,0,655995885,655995885,482590357,517769419,46075488,"[12259460, 95109519, 30857487]"
142,2446,meta-llama/Llama-3.1-8B,512,4,0,678745171,678745171,530028879,625138398,17868924,"[30857487, 11445631, 11303655]"
142,2590,meta-llama/Llama-3.1-8B,512,4,0,678745171,678745171,530028879,625138398,17868924,"[30857487, 11445631, 11303655]"
142,2734,meta-llama/Llama-3.1-8B,512,4,0,678745171,678745171,530028879,625138398,17868924,"[30857487, 11445631, 11303655]"
142,2878,meta-llama/Llama-3.1-8B,512,4,0,690037030,690037030,625138398,655995885,11347048,"[11445631, 11303655, 11291859]"
142,3022,meta-llama/Llama-3.1-8B,520,4,3000000000,3543681468,543681468,37406,509136546,11514974,"[11513918, 11514974, 11516030]"
142,3166,meta-llama/Llama-3.1-8B,520,4,3000000000,3543681468,543681468,37406,509136546,11514974,"[11513918, 11514974, 11516030]"
142,3310,meta-llama/Llama-3.1-8B,520,4,3000000000,3543681468,543681468,37406,509136546,11514974,"[11513918, 11514974, 11516030]"
142,3454,meta-llama/Llama-3.1-8B,520,4,3000000000,3543681468,543681468,37406,509136546,11514974,"[11513918, 11514974, 11516030]"
142,3598,meta-llama/Llama-3.1-8B,520,4,3000000000,3543681468,543681468,37406,509136546,11514974,"[11513918, 11514974, 11516030]"
142,3742,meta-llama/Llama-3.1-8B,520,4,3000000000,3543681468,543681468,37406,509136546,11514974,"[11513918, 11514974, 11516030]"
142,3886,meta-llama/Llama-3.1-8B,520,4,3000000000,3543681468,543681468,37406,509136546,11514974,"[11513918, 11514974, 11516030]"
142,4030,meta-llama/Llama-3.1-8B,520,4,3000000000,3543681468,543681468,37406,509136546,11514974,"[11513918, 11514974, 11516030]"
142,4174,meta-llama/Llama-3.1-8B,520,4,3000000000,4044920844,1044920844,543681468,1010375922,11514974,"[11513918, 11514974, 11516030]"
142,4318,meta-llama/Llama-3.1-8B,520,4,3000000000,4044920844,1044920844,543681468,1010375922,11514974,"[11513918, 11514974, 11516030]"
142,4462,meta-llama/Llama-3.1-8B,520,4,3000000000,4044920844,1044920844,543681468,1010375922,11514974,"[11513918, 11514974, 11516030]"
142,4606,meta-llama/Llama-3.1-8B,520,4,3000000000,4044920844,1044920844,543681468,1010375922,11514974,"[11513918, 11514974, 11516030]"
142,4750,meta-llama/Llama-3.1-8B,520,4,3000000000,4044920844,1044920844,543681468,1010375922,11514974,"[11513918, 11514974, 11516030]"
142,4894,meta-llama/Llama-3.1-8B,520,4,3000000000,4044920844,1044920844,543681468,1010375922,11514974,"[11513918, 11514974, 11516030]"
142,5038,meta-llama/Llama-3.1-8B,520,4,3000000000,4044920844,1044920844,543681468,1010375922,11514974,"[11513918, 11514974, 11516030]"
142,5182,meta-llama/Llama-3.1-8B,520,4,3000000000,4044920844,1044920844,543681468,1010375922,11514974,"[11513918, 11514974, 11516030]"
142,5326,meta-llama/Llama-3.1-8B,520,4,3000000000,4543571472,1543571472,1044920844,1509728733,11280913,"[11280401, 11280913, 11281425]"
142,5470,meta-llama/Llama-3.1-8B,520,4,3000000000,4543571472,1543571472,1044920844,1509728733,11280913,"[11280401, 11280913, 11281425]"
142,5614,meta-llama/Llama-3.1-8B,520,4,3000000000,4543571472,1543571472,1044920844,1509728733,11280913,"[11280401, 11280913, 11281425]"
142,5758,meta-llama/Llama-3.1-8B,520,4,3000000000,4543571472,1543571472,1044920844,1509728733,11280913,"[11280401, 11280913, 11281425]"
143,143,meta-llama/Llama-3.1-8B,512,4,0,265414618,265414618,1,120753846,48220257,"[121233056, 11771194, 11656522]"
143,287,meta-llama/Llama-3.1-8B,512,4,0,265414618,265414618,1,120753846,48220257,"[121233056, 11771194, 11656522]"
143,431,meta-llama/Llama-3.1-8B,512,4,0,265414618,265414618,1,120753846,48220257,"[121233056, 11771194, 11656522]"
143,575,meta-llama/Llama-3.1-8B,512,4,0,265414618,265414618,1,120753846,48220257,"[121233056, 11771194, 11656522]"
143,719,meta-llama/Llama-3.1-8B,512,4,0,386359723,386359723,120753846,241986902,48124273,"[11771194, 11656522, 120945105]"
143,863,meta-llama/Llama-3.1-8B,512,4,0,386359723,386359723,120753846,241986902,48124273,"[11771194, 11656522, 120945105]"
143,1007,meta-llama/Llama-3.1-8B,512,4,0,386359723,386359723,120753846,241986902,48124273,"[11771194, 11656522, 120945105]"
143,1151,meta-llama/Llama-3.1-8B,512,4,0,482986531,482986531,241986902,253758096,76409478,"[11656522, 120945105, 96626808]"
143,1295,meta-llama/Llama-3.1-8B,512,4,0,530031051,530031051,265414618,386359723,47890442,"[96626808, 34916137, 12128383]"
143,1439,meta-llama/Llama-3.1-8B,512,4,0,530031051,530031051,265414618,386359723,47890442,"[96626808, 34916137, 12128383]"
143,1583,meta-llama/Llama-3.1-8B,512,4,0,530031051,530031051,265414618,386359723,47890442,"[96626808, 34916137, 12128383]"
143,1727,meta-llama/Llama-3.1-8B,512,4,0,625533802,625533802,386359723,482986531,47515757,"[34916137, 12128383, 95502751]"
143,1871,meta-llama/Llama-3.1-8B,512,4,0,625533802,625533802,386359723,482986531,47515757,"[34916137, 12128383, 95502751]"
143,2015,meta-llama/Llama-3.1-8B,512,4,0,625533802,625533802,386359723,482986531,47515757,"[34916137, 12128383, 95502751]"
143,2159,meta-llama/Llama-3.1-8B,512,4,0,625533802,625533802,386359723,482986531,47515757,"[34916137, 12128383, 95502751]"
143,2303,meta-llama/Llama-3.1-8B,512,4,0,656128365,656128365,482986531,517902668,46075232,"[12128383, 95502751, 30594563]"
143,2447,meta-llama/Llama-3.1-8B,512,4,0,678746317,678746317,530031051,625533802,17737505,"[30594563, 11314297, 11303655]"
143,2591,meta-llama/Llama-3.1-8B,512,4,0,678746317,678746317,530031051,625533802,17737505,"[30594563, 11314297, 11303655]"
143,2735,meta-llama/Llama-3.1-8B,512,4,0,678746317,678746317,530031051,625533802,17737505,"[30594563, 11314297, 11303655]"
143,2879,meta-llama/Llama-3.1-8B,512,4,0,690037406,690037406,625533802,656128365,11303013,"[11314297, 11303655, 11291089]"
143,3023,meta-llama/Llama-3.1-8B,520,4,3000000000,3550643126,550643126,37406,516098204,11514974,"[11513918, 11514974, 11516030]"
143,3167,meta-llama/Llama-3.1-8B,520,4,3000000000,3550643126,550643126,37406,516098204,11514974,"[11513918, 11514974, 11516030]"
143,3311,meta-llama/Llama-3.1-8B,520,4,3000000000,3550643126,550643126,37406,516098204,11514974,"[11513918, 11514974, 11516030]"
143,3455,meta-llama/Llama-3.1-8B,520,4,3000000000,3550643126,550643126,37406,516098204,11514974,"[11513918, 11514974, 11516030]"
143,3599,meta-llama/Llama-3.1-8B,520,4,3000000000,3550643126,550643126,37406,516098204,11514974,"[11513918, 11514974, 11516030]"
143,3743,meta-llama/Llama-3.1-8B,520,4,3000000000,3550643126,550643126,37406,516098204,11514974,"[11513918, 11514974, 11516030]"
143,3887,meta-llama/Llama-3.1-8B,520,4,3000000000,3550643126,550643126,37406,516098204,11514974,"[11513918, 11514974, 11516030]"
143,4031,meta-llama/Llama-3.1-8B,520,4,3000000000,3550643126,550643126,37406,516098204,11514974,"[11513918, 11514974, 11516030]"
143,4175,meta-llama/Llama-3.1-8B,520,4,3000000000,4051882502,1051882502,550643126,1017337580,11514974,"[11513918, 11514974, 11516030]"
143,4319,meta-llama/Llama-3.1-8B,520,4,3000000000,4051882502,1051882502,550643126,1017337580,11514974,"[11513918, 11514974, 11516030]"
143,4463,meta-llama/Llama-3.1-8B,520,4,3000000000,4051882502,1051882502,550643126,1017337580,11514974,"[11513918, 11514974, 11516030]"
143,4607,meta-llama/Llama-3.1-8B,520,4,3000000000,4051882502,1051882502,550643126,1017337580,11514974,"[11513918, 11514974, 11516030]"
143,4751,meta-llama/Llama-3.1-8B,520,4,3000000000,4051882502,1051882502,550643126,1017337580,11514974,"[11513918, 11514974, 11516030]"
143,4895,meta-llama/Llama-3.1-8B,520,4,3000000000,4051882502,1051882502,550643126,1017337580,11514974,"[11513918, 11514974, 11516030]"
143,5039,meta-llama/Llama-3.1-8B,520,4,3000000000,4051882502,1051882502,550643126,1017337580,11514974,"[11513918, 11514974, 11516030]"
143,5183,meta-llama/Llama-3.1-8B,520,4,3000000000,4051882502,1051882502,550643126,1017337580,11514974,"[11513918, 11514974, 11516030]"
143,5327,meta-llama/Llama-3.1-8B,520,4,3000000000,4550533130,1550533130,1051882502,1516690391,11280913,"[11280401, 11280913, 11281425]"
143,5471,meta-llama/Llama-3.1-8B,520,4,3000000000,4550533130,1550533130,1051882502,1516690391,11280913,"[11280401, 11280913, 11281425]"
143,5615,meta-llama/Llama-3.1-8B,520,4,3000000000,4550533130,1550533130,1051882502,1516690391,11280913,"[11280401, 11280913, 11281425]"
143,5759,meta-llama/Llama-3.1-8B,520,4,3000000000,4550533130,1550533130,1051882502,1516690391,11280913,"[11280401, 11280913, 11281425]"
