instance id,request id,model,input,output,arrival,end_time,latency,queuing_delay,TTFT,TPOT,ITL
0,0,meta-llama/Llama-3.1-8B-mini4L,2048,4,0,59334792,59334792,1,11564213,15923526,"[15258418, 16234172, 16277989]"
0,8,meta-llama/Llama-3.1-8B-mini4L,2048,4,0,91930144,91930144,26822631,43056803,16291113,"[16277989, 16277237, 16318115]"
0,16,meta-llama/Llama-3.1-8B-mini4L,2048,4,0,108247207,108247207,43056803,59334792,16304138,"[16277237, 16318115, 16317063]"
0,24,meta-llama/Llama-3.1-8B-mini4L,2048,4,0,124563214,124563214,59334792,75612029,16317061,"[16318115, 16317063, 16316007]"
0,32,meta-llama/Llama-3.1-8B-mini4L,2048,4,0,140878165,140878165,75612029,91930144,16316007,"[16317063, 16316007, 16314951]"
0,40,meta-llama/Llama-3.1-8B-mini4L,2048,4,0,157192060,157192060,91930144,108247207,16314951,"[16316007, 16314951, 16313895]"
0,48,meta-llama/Llama-3.1-8B-mini4L,2048,4,0,173532508,173532508,108247207,124563214,16323098,"[16314951, 16313895, 16340448]"
0,56,meta-llama/Llama-3.1-8B-mini4L,2048,4,0,189871896,189871896,124563214,140878165,16331243,"[16313895, 16340448, 16339388]"
0,64,meta-llama/Llama-3.1-8B-mini4L,2048,4,0,206210220,206210220,140878165,157192060,16339386,"[16340448, 16339388, 16338324]"
0,72,meta-llama/Llama-3.1-8B-mini4L,2048,4,0,222547218,222547218,157192060,173532508,16338236,"[16339388, 16338324, 16336998]"
0,80,meta-llama/Llama-3.1-8B-mini4L,2048,4,0,238883152,238883152,173532508,189871896,16337085,"[16338324, 16336998, 16335934]"
0,88,meta-llama/Llama-3.1-8B-mini4L,2048,4,0,255218018,255218018,189871896,206210220,16335932,"[16336998, 16335934, 16334866]"
0,96,meta-llama/Llama-3.1-8B-mini4L,2048,4,0,271551812,271551812,206210220,222547218,16334864,"[16335934, 16334866, 16333794]"
0,104,meta-llama/Llama-3.1-8B-mini4L,2048,4,0,287884538,287884538,222547218,238883152,16333795,"[16334866, 16333794, 16332726]"
0,112,meta-llama/Llama-3.1-8B-mini4L,2048,4,0,304215930,304215930,238883152,255218018,16332637,"[16333794, 16332726, 16331392]"
0,120,meta-llama/Llama-3.1-8B-mini4L,2048,4,0,320546508,320546508,255218018,271551812,16331565,"[16332726, 16331392, 16330578]"
0,128,meta-llama/Llama-3.1-8B-mini4L,2048,4,0,336875752,336875752,271551812,287884538,16330404,"[16331392, 16330578, 16329244]"
0,136,meta-llama/Llama-3.1-8B-mini4L,2048,4,0,353203916,353203916,287884538,304215930,16329328,"[16330578, 16329244, 16328164]"
0,144,meta-llama/Llama-3.1-8B-mini4L,2048,4,0,369531004,369531004,304215930,320546508,16328165,"[16329244, 16328164, 16327088]"
0,152,meta-llama/Llama-3.1-8B-mini4L,2048,4,0,385857012,385857012,320546508,336875752,16327086,"[16328164, 16327088, 16326008]"
0,160,meta-llama/Llama-3.1-8B-mini4L,2048,4,0,402181674,402181674,336875752,353203916,16325919,"[16327088, 16326008, 16324662]"
0,168,meta-llama/Llama-3.1-8B-mini4L,2048,4,0,418505252,418505252,353203916,369531004,16324749,"[16326008, 16324662, 16323578]"
0,176,meta-llama/Llama-3.1-8B-mini4L,2048,4,0,434827746,434827746,369531004,385857012,16323578,"[16324662, 16323578, 16322494]"
0,184,meta-llama/Llama-3.1-8B-mini4L,2048,4,0,451149152,451149152,385857012,402181674,16322492,"[16323578, 16322494, 16321406]"
0,192,meta-llama/Llama-3.1-8B-mini4L,2048,4,0,467469470,467469470,402181674,418505252,16321406,"[16322494, 16321406, 16320318]"
0,200,meta-llama/Llama-3.1-8B-mini4L,2048,4,0,483788438,483788438,418505252,434827746,16320230,"[16321406, 16320318, 16318968]"
0,208,meta-llama/Llama-3.1-8B-mini4L,2048,4,0,500106314,500106314,434827746,451149152,16319054,"[16320318, 16318968, 16317876]"
0,216,meta-llama/Llama-3.1-8B-mini4L,2048,4,0,516423094,516423094,451149152,467469470,16317874,"[16318968, 16317876, 16316780]"
0,224,meta-llama/Llama-3.1-8B-mini4L,2048,4,0,532738782,532738782,467469470,483788438,16316781,"[16317876, 16316780, 16315688]"
0,232,meta-llama/Llama-3.1-8B-mini4L,2048,4,0,549053370,549053370,483788438,500106314,16315685,"[16316780, 16315688, 16314588]"
0,240,meta-llama/Llama-3.1-8B-mini4L,2048,4,0,565366600,565366600,500106314,516423094,16314502,"[16315688, 16314588, 16313230]"
0,248,meta-llama/Llama-3.1-8B-mini4L,2048,4,0,581678992,581678992,516423094,532738782,16313403,"[16314588, 16313230, 16312392]"
0,256,meta-llama/Llama-3.1-8B-mini4L,2048,4,0,597990018,597990018,532738782,549053370,16312216,"[16313230, 16312392, 16311026]"
0,264,meta-llama/Llama-3.1-8B-mini4L,2048,4,0,614299940,614299940,549053370,565366600,16311113,"[16312392, 16311026, 16309922]"
0,272,meta-llama/Llama-3.1-8B-mini4L,2048,4,0,630608758,630608758,565366600,581678992,16309922,"[16311026, 16309922, 16308818]"
0,280,meta-llama/Llama-3.1-8B-mini4L,2048,4,0,646916468,646916468,581678992,597990018,16308816,"[16309922, 16308818, 16307710]"
0,288,meta-llama/Llama-3.1-8B-mini4L,2048,4,0,663222808,663222808,597990018,614299940,16307622,"[16308818, 16307710, 16306340]"
0,296,meta-llama/Llama-3.1-8B-mini4L,2048,4,0,679528040,679528040,614299940,630608758,16306427,"[16307710, 16306340, 16305232]"
0,304,meta-llama/Llama-3.1-8B-mini4L,2048,4,0,695832160,695832160,630608758,646916468,16305230,"[16306340, 16305232, 16304120]"
0,312,meta-llama/Llama-3.1-8B-mini4L,2048,4,0,712135164,712135164,646916468,663222808,16304118,"[16305232, 16304120, 16303004]"
0,320,meta-llama/Llama-3.1-8B-mini4L,2048,4,0,728437052,728437052,663222808,679528040,16303004,"[16304120, 16303004, 16301888]"
0,328,meta-llama/Llama-3.1-8B-mini4L,2048,4,0,744737561,744737561,679528040,695832160,16301800,"[16303004, 16301888, 16300509]"
0,336,meta-llama/Llama-3.1-8B-mini4L,2048,4,0,761036950,761036950,695832160,712135164,16300595,"[16301888, 16300509, 16299389]"
0,344,meta-llama/Llama-3.1-8B-mini4L,2048,4,0,777335219,777335219,712135164,728437052,16299389,"[16300509, 16299389, 16298269]"
0,352,meta-llama/Llama-3.1-8B-mini4L,2048,4,0,793632364,793632364,728437052,744737561,16298267,"[16299389, 16298269, 16297145]"
0,360,meta-llama/Llama-3.1-8B-mini4L,2048,4,0,809928385,809928385,744737561,761036950,16297145,"[16298269, 16297145, 16296021]"
0,368,meta-llama/Llama-3.1-8B-mini4L,2048,4,0,826223020,826223020,761036950,777335219,16295933,"[16297145, 16296021, 16294635]"
0,376,meta-llama/Llama-3.1-8B-mini4L,2048,4,0,842516789,842516789,777335219,793632364,16294808,"[16296021, 16294635, 16293769]"
0,384,meta-llama/Llama-3.1-8B-mini4L,2048,4,0,858809164,858809164,793632364,809928385,16293593,"[16294635, 16293769, 16292375]"
0,392,meta-llama/Llama-3.1-8B-mini4L,2048,4,0,875100411,875100411,809928385,826223020,16292463,"[16293769, 16292375, 16291247]"
0,400,meta-llama/Llama-3.1-8B-mini4L,2048,4,0,891390522,891390522,826223020,842516789,16291244,"[16292375, 16291247, 16290111]"
0,408,meta-llama/Llama-3.1-8B-mini4L,2048,4,0,907679501,907679501,842516789,858809164,16290112,"[16291247, 16290111, 16288979]"
0,416,meta-llama/Llama-3.1-8B-mini4L,2048,4,0,923967078,923967078,858809164,875100411,16288889,"[16290111, 16288979, 16287577]"
0,424,meta-llama/Llama-3.1-8B-mini4L,2048,4,0,927181734,927181734,875100411,891390522,11930404,"[16288979, 16287577, 3214656]"
0,432,meta-llama/Llama-3.1-8B-mini4L,2048,4,0,929342539,929342539,891390522,907679501,7221012,"[16287577, 3214656, 2160805]"
0,440,meta-llama/Llama-3.1-8B-mini4L,2048,4,0,931432553,931432553,907679501,923967078,2488491,"[3214656, 2160805, 2090014]"
0,448,meta-llama/Llama-3.1-8B-mini4L,2048,4,0,933520107,933520107,923967078,927181734,2112791,"[2160805, 2090014, 2087554]"
0,456,meta-llama/Llama-3.1-8B-mini4L,2056,4,3000000000,3096663119,96663119,520483,90015997,2215707,"[2215622, 2215706, 2215794]"
0,464,meta-llama/Llama-3.1-8B-mini4L,2056,4,3000000000,3096663119,96663119,520483,90015997,2215707,"[2215622, 2215706, 2215794]"
0,472,meta-llama/Llama-3.1-8B-mini4L,2056,4,3000000000,3096663119,96663119,520483,90015997,2215707,"[2215622, 2215706, 2215794]"
0,480,meta-llama/Llama-3.1-8B-mini4L,2056,4,3000000000,3096663119,96663119,520483,90015997,2215707,"[2215622, 2215706, 2215794]"
0,488,meta-llama/Llama-3.1-8B-mini4L,2056,4,3000000000,3096663119,96663119,520483,90015997,2215707,"[2215622, 2215706, 2215794]"
0,496,meta-llama/Llama-3.1-8B-mini4L,2056,4,3000000000,3096663119,96663119,520483,90015997,2215707,"[2215622, 2215706, 2215794]"
0,504,meta-llama/Llama-3.1-8B-mini4L,2056,4,3000000000,3096663119,96663119,520483,90015997,2215707,"[2215622, 2215706, 2215794]"
0,512,meta-llama/Llama-3.1-8B-mini4L,2056,4,3000000000,3096663119,96663119,520483,90015997,2215707,"[2215622, 2215706, 2215794]"
0,520,meta-llama/Llama-3.1-8B-mini4L,2056,4,3000000000,3783911759,783911759,96663119,777264637,2215707,"[2215622, 2215706, 2215794]"
0,528,meta-llama/Llama-3.1-8B-mini4L,2056,4,3000000000,3783911759,783911759,96663119,777264637,2215707,"[2215622, 2215706, 2215794]"
0,536,meta-llama/Llama-3.1-8B-mini4L,2056,4,3000000000,3783911759,783911759,96663119,777264637,2215707,"[2215622, 2215706, 2215794]"
0,544,meta-llama/Llama-3.1-8B-mini4L,2056,4,3000000000,3783911759,783911759,96663119,777264637,2215707,"[2215622, 2215706, 2215794]"
0,552,meta-llama/Llama-3.1-8B-mini4L,2056,4,3000000000,3783911759,783911759,96663119,777264637,2215707,"[2215622, 2215706, 2215794]"
0,560,meta-llama/Llama-3.1-8B-mini4L,2056,4,3000000000,3783911759,783911759,96663119,777264637,2215707,"[2215622, 2215706, 2215794]"
0,568,meta-llama/Llama-3.1-8B-mini4L,2056,4,3000000000,3783911759,783911759,96663119,777264637,2215707,"[2215622, 2215706, 2215794]"
0,576,meta-llama/Llama-3.1-8B-mini4L,2056,4,3000000000,3783911759,783911759,96663119,777264637,2215707,"[2215622, 2215706, 2215794]"
0,584,meta-llama/Llama-3.1-8B-mini4L,2056,4,3000000000,4471160399,1471160399,783911759,1464513277,2215707,"[2215622, 2215706, 2215794]"
0,592,meta-llama/Llama-3.1-8B-mini4L,2056,4,3000000000,4471160399,1471160399,783911759,1464513277,2215707,"[2215622, 2215706, 2215794]"
0,600,meta-llama/Llama-3.1-8B-mini4L,2056,4,3000000000,4471160399,1471160399,783911759,1464513277,2215707,"[2215622, 2215706, 2215794]"
0,608,meta-llama/Llama-3.1-8B-mini4L,2056,4,3000000000,4471160399,1471160399,783911759,1464513277,2215707,"[2215622, 2215706, 2215794]"
0,616,meta-llama/Llama-3.1-8B-mini4L,2056,4,3000000000,4471160399,1471160399,783911759,1464513277,2215707,"[2215622, 2215706, 2215794]"
0,624,meta-llama/Llama-3.1-8B-mini4L,2056,4,3000000000,4471160399,1471160399,783911759,1464513277,2215707,"[2215622, 2215706, 2215794]"
0,632,meta-llama/Llama-3.1-8B-mini4L,2056,4,3000000000,4471160399,1471160399,783911759,1464513277,2215707,"[2215622, 2215706, 2215794]"
0,640,meta-llama/Llama-3.1-8B-mini4L,2056,4,3000000000,4471160399,1471160399,783911759,1464513277,2215707,"[2215622, 2215706, 2215794]"
0,648,meta-llama/Llama-3.1-8B-mini4L,2056,4,3000000000,5158409039,2158409039,1471160399,2151761917,2215707,"[2215622, 2215706, 2215794]"
0,656,meta-llama/Llama-3.1-8B-mini4L,2056,4,3000000000,5158409039,2158409039,1471160399,2151761917,2215707,"[2215622, 2215706, 2215794]"
0,664,meta-llama/Llama-3.1-8B-mini4L,2056,4,3000000000,5158409039,2158409039,1471160399,2151761917,2215707,"[2215622, 2215706, 2215794]"
0,672,meta-llama/Llama-3.1-8B-mini4L,2056,4,3000000000,5158409039,2158409039,1471160399,2151761917,2215707,"[2215622, 2215706, 2215794]"
0,680,meta-llama/Llama-3.1-8B-mini4L,2056,4,3000000000,5158409039,2158409039,1471160399,2151761917,2215707,"[2215622, 2215706, 2215794]"
0,688,meta-llama/Llama-3.1-8B-mini4L,2056,4,3000000000,5158409039,2158409039,1471160399,2151761917,2215707,"[2215622, 2215706, 2215794]"
0,696,meta-llama/Llama-3.1-8B-mini4L,2056,4,3000000000,5158409039,2158409039,1471160399,2151761917,2215707,"[2215622, 2215706, 2215794]"
0,704,meta-llama/Llama-3.1-8B-mini4L,2056,4,3000000000,5158409039,2158409039,1471160399,2151761917,2215707,"[2215622, 2215706, 2215794]"
0,712,meta-llama/Llama-3.1-8B-mini4L,2056,4,3000000000,5845657679,2845657679,2158409039,2839010557,2215707,"[2215622, 2215706, 2215794]"
0,720,meta-llama/Llama-3.1-8B-mini4L,2056,4,3000000000,5845657679,2845657679,2158409039,2839010557,2215707,"[2215622, 2215706, 2215794]"
0,728,meta-llama/Llama-3.1-8B-mini4L,2056,4,3000000000,5845657679,2845657679,2158409039,2839010557,2215707,"[2215622, 2215706, 2215794]"
0,736,meta-llama/Llama-3.1-8B-mini4L,2056,4,3000000000,5845657679,2845657679,2158409039,2839010557,2215707,"[2215622, 2215706, 2215794]"
0,744,meta-llama/Llama-3.1-8B-mini4L,2056,4,3000000000,5845657679,2845657679,2158409039,2839010557,2215707,"[2215622, 2215706, 2215794]"
0,752,meta-llama/Llama-3.1-8B-mini4L,2056,4,3000000000,5845657679,2845657679,2158409039,2839010557,2215707,"[2215622, 2215706, 2215794]"
0,760,meta-llama/Llama-3.1-8B-mini4L,2056,4,3000000000,5845657679,2845657679,2158409039,2839010557,2215707,"[2215622, 2215706, 2215794]"
0,768,meta-llama/Llama-3.1-8B-mini4L,2056,4,3000000000,5845657679,2845657679,2158409039,2839010557,2215707,"[2215622, 2215706, 2215794]"
0,776,meta-llama/Llama-3.1-8B-mini4L,2056,4,3000000000,6532906319,3532906319,2845657679,3526259197,2215707,"[2215622, 2215706, 2215794]"
0,784,meta-llama/Llama-3.1-8B-mini4L,2056,4,3000000000,6532906319,3532906319,2845657679,3526259197,2215707,"[2215622, 2215706, 2215794]"
0,792,meta-llama/Llama-3.1-8B-mini4L,2056,4,3000000000,6532906319,3532906319,2845657679,3526259197,2215707,"[2215622, 2215706, 2215794]"
0,800,meta-llama/Llama-3.1-8B-mini4L,2056,4,3000000000,6532906319,3532906319,2845657679,3526259197,2215707,"[2215622, 2215706, 2215794]"
0,808,meta-llama/Llama-3.1-8B-mini4L,2056,4,3000000000,6532906319,3532906319,2845657679,3526259197,2215707,"[2215622, 2215706, 2215794]"
0,816,meta-llama/Llama-3.1-8B-mini4L,2056,4,3000000000,6532906319,3532906319,2845657679,3526259197,2215707,"[2215622, 2215706, 2215794]"
0,824,meta-llama/Llama-3.1-8B-mini4L,2056,4,3000000000,6532906319,3532906319,2845657679,3526259197,2215707,"[2215622, 2215706, 2215794]"
0,832,meta-llama/Llama-3.1-8B-mini4L,2056,4,3000000000,6532906319,3532906319,2845657679,3526259197,2215707,"[2215622, 2215706, 2215794]"
0,840,meta-llama/Llama-3.1-8B-mini4L,2056,4,3000000000,7220154959,4220154959,3532906319,4213507837,2215707,"[2215622, 2215706, 2215794]"
0,848,meta-llama/Llama-3.1-8B-mini4L,2056,4,3000000000,7220154959,4220154959,3532906319,4213507837,2215707,"[2215622, 2215706, 2215794]"
0,856,meta-llama/Llama-3.1-8B-mini4L,2056,4,3000000000,7220154959,4220154959,3532906319,4213507837,2215707,"[2215622, 2215706, 2215794]"
0,864,meta-llama/Llama-3.1-8B-mini4L,2056,4,3000000000,7220154959,4220154959,3532906319,4213507837,2215707,"[2215622, 2215706, 2215794]"
0,872,meta-llama/Llama-3.1-8B-mini4L,2056,4,3000000000,7220154959,4220154959,3532906319,4213507837,2215707,"[2215622, 2215706, 2215794]"
0,880,meta-llama/Llama-3.1-8B-mini4L,2056,4,3000000000,7220154959,4220154959,3532906319,4213507837,2215707,"[2215622, 2215706, 2215794]"
0,888,meta-llama/Llama-3.1-8B-mini4L,2056,4,3000000000,7220154959,4220154959,3532906319,4213507837,2215707,"[2215622, 2215706, 2215794]"
0,896,meta-llama/Llama-3.1-8B-mini4L,2056,4,3000000000,7220154959,4220154959,3532906319,4213507837,2215707,"[2215622, 2215706, 2215794]"
1,1,meta-llama/Llama-3.1-8B-mini4L,2048,4,0,59860248,59860248,1,12089669,15923526,"[15258418, 16234172, 16277989]"
1,9,meta-llama/Llama-3.1-8B-mini4L,2048,4,0,92455600,92455600,27348087,43582259,16291113,"[16277989, 16277237, 16318115]"
1,17,meta-llama/Llama-3.1-8B-mini4L,2048,4,0,108772663,108772663,43582259,59860248,16304138,"[16277237, 16318115, 16317063]"
1,25,meta-llama/Llama-3.1-8B-mini4L,2048,4,0,125088670,125088670,59860248,76137485,16317061,"[16318115, 16317063, 16316007]"
1,33,meta-llama/Llama-3.1-8B-mini4L,2048,4,0,141403621,141403621,76137485,92455600,16316007,"[16317063, 16316007, 16314951]"
1,41,meta-llama/Llama-3.1-8B-mini4L,2048,4,0,157717516,157717516,92455600,108772663,16314951,"[16316007, 16314951, 16313895]"
1,49,meta-llama/Llama-3.1-8B-mini4L,2048,4,0,174057964,174057964,108772663,125088670,16323098,"[16314951, 16313895, 16340448]"
1,57,meta-llama/Llama-3.1-8B-mini4L,2048,4,0,190397352,190397352,125088670,141403621,16331243,"[16313895, 16340448, 16339388]"
1,65,meta-llama/Llama-3.1-8B-mini4L,2048,4,0,206735676,206735676,141403621,157717516,16339386,"[16340448, 16339388, 16338324]"
1,73,meta-llama/Llama-3.1-8B-mini4L,2048,4,0,223072674,223072674,157717516,174057964,16338236,"[16339388, 16338324, 16336998]"
1,81,meta-llama/Llama-3.1-8B-mini4L,2048,4,0,239408608,239408608,174057964,190397352,16337085,"[16338324, 16336998, 16335934]"
1,89,meta-llama/Llama-3.1-8B-mini4L,2048,4,0,255743474,255743474,190397352,206735676,16335932,"[16336998, 16335934, 16334866]"
1,97,meta-llama/Llama-3.1-8B-mini4L,2048,4,0,272077268,272077268,206735676,223072674,16334864,"[16335934, 16334866, 16333794]"
1,105,meta-llama/Llama-3.1-8B-mini4L,2048,4,0,288409994,288409994,223072674,239408608,16333795,"[16334866, 16333794, 16332726]"
1,113,meta-llama/Llama-3.1-8B-mini4L,2048,4,0,304741386,304741386,239408608,255743474,16332637,"[16333794, 16332726, 16331392]"
1,121,meta-llama/Llama-3.1-8B-mini4L,2048,4,0,321071964,321071964,255743474,272077268,16331565,"[16332726, 16331392, 16330578]"
1,129,meta-llama/Llama-3.1-8B-mini4L,2048,4,0,337401208,337401208,272077268,288409994,16330404,"[16331392, 16330578, 16329244]"
1,137,meta-llama/Llama-3.1-8B-mini4L,2048,4,0,353729372,353729372,288409994,304741386,16329328,"[16330578, 16329244, 16328164]"
1,145,meta-llama/Llama-3.1-8B-mini4L,2048,4,0,370056460,370056460,304741386,321071964,16328165,"[16329244, 16328164, 16327088]"
1,153,meta-llama/Llama-3.1-8B-mini4L,2048,4,0,386382468,386382468,321071964,337401208,16327086,"[16328164, 16327088, 16326008]"
1,161,meta-llama/Llama-3.1-8B-mini4L,2048,4,0,402707130,402707130,337401208,353729372,16325919,"[16327088, 16326008, 16324662]"
1,169,meta-llama/Llama-3.1-8B-mini4L,2048,4,0,419030708,419030708,353729372,370056460,16324749,"[16326008, 16324662, 16323578]"
1,177,meta-llama/Llama-3.1-8B-mini4L,2048,4,0,435353202,435353202,370056460,386382468,16323578,"[16324662, 16323578, 16322494]"
1,185,meta-llama/Llama-3.1-8B-mini4L,2048,4,0,451674608,451674608,386382468,402707130,16322492,"[16323578, 16322494, 16321406]"
1,193,meta-llama/Llama-3.1-8B-mini4L,2048,4,0,467994926,467994926,402707130,419030708,16321406,"[16322494, 16321406, 16320318]"
1,201,meta-llama/Llama-3.1-8B-mini4L,2048,4,0,484313894,484313894,419030708,435353202,16320230,"[16321406, 16320318, 16318968]"
1,209,meta-llama/Llama-3.1-8B-mini4L,2048,4,0,500631770,500631770,435353202,451674608,16319054,"[16320318, 16318968, 16317876]"
1,217,meta-llama/Llama-3.1-8B-mini4L,2048,4,0,516948550,516948550,451674608,467994926,16317874,"[16318968, 16317876, 16316780]"
1,225,meta-llama/Llama-3.1-8B-mini4L,2048,4,0,533264238,533264238,467994926,484313894,16316781,"[16317876, 16316780, 16315688]"
1,233,meta-llama/Llama-3.1-8B-mini4L,2048,4,0,549578826,549578826,484313894,500631770,16315685,"[16316780, 16315688, 16314588]"
1,241,meta-llama/Llama-3.1-8B-mini4L,2048,4,0,565892056,565892056,500631770,516948550,16314502,"[16315688, 16314588, 16313230]"
1,249,meta-llama/Llama-3.1-8B-mini4L,2048,4,0,582204448,582204448,516948550,533264238,16313403,"[16314588, 16313230, 16312392]"
1,257,meta-llama/Llama-3.1-8B-mini4L,2048,4,0,598515474,598515474,533264238,549578826,16312216,"[16313230, 16312392, 16311026]"
1,265,meta-llama/Llama-3.1-8B-mini4L,2048,4,0,614825396,614825396,549578826,565892056,16311113,"[16312392, 16311026, 16309922]"
1,273,meta-llama/Llama-3.1-8B-mini4L,2048,4,0,631134214,631134214,565892056,582204448,16309922,"[16311026, 16309922, 16308818]"
1,281,meta-llama/Llama-3.1-8B-mini4L,2048,4,0,647441924,647441924,582204448,598515474,16308816,"[16309922, 16308818, 16307710]"
1,289,meta-llama/Llama-3.1-8B-mini4L,2048,4,0,663748264,663748264,598515474,614825396,16307622,"[16308818, 16307710, 16306340]"
1,297,meta-llama/Llama-3.1-8B-mini4L,2048,4,0,680053496,680053496,614825396,631134214,16306427,"[16307710, 16306340, 16305232]"
1,305,meta-llama/Llama-3.1-8B-mini4L,2048,4,0,696357616,696357616,631134214,647441924,16305230,"[16306340, 16305232, 16304120]"
1,313,meta-llama/Llama-3.1-8B-mini4L,2048,4,0,712660620,712660620,647441924,663748264,16304118,"[16305232, 16304120, 16303004]"
1,321,meta-llama/Llama-3.1-8B-mini4L,2048,4,0,728962508,728962508,663748264,680053496,16303004,"[16304120, 16303004, 16301888]"
1,329,meta-llama/Llama-3.1-8B-mini4L,2048,4,0,745263017,745263017,680053496,696357616,16301800,"[16303004, 16301888, 16300509]"
1,337,meta-llama/Llama-3.1-8B-mini4L,2048,4,0,761562406,761562406,696357616,712660620,16300595,"[16301888, 16300509, 16299389]"
1,345,meta-llama/Llama-3.1-8B-mini4L,2048,4,0,777860675,777860675,712660620,728962508,16299389,"[16300509, 16299389, 16298269]"
1,353,meta-llama/Llama-3.1-8B-mini4L,2048,4,0,794157820,794157820,728962508,745263017,16298267,"[16299389, 16298269, 16297145]"
1,361,meta-llama/Llama-3.1-8B-mini4L,2048,4,0,810453841,810453841,745263017,761562406,16297145,"[16298269, 16297145, 16296021]"
1,369,meta-llama/Llama-3.1-8B-mini4L,2048,4,0,826748476,826748476,761562406,777860675,16295933,"[16297145, 16296021, 16294635]"
1,377,meta-llama/Llama-3.1-8B-mini4L,2048,4,0,843042245,843042245,777860675,794157820,16294808,"[16296021, 16294635, 16293769]"
1,385,meta-llama/Llama-3.1-8B-mini4L,2048,4,0,859334620,859334620,794157820,810453841,16293593,"[16294635, 16293769, 16292375]"
1,393,meta-llama/Llama-3.1-8B-mini4L,2048,4,0,875625867,875625867,810453841,826748476,16292463,"[16293769, 16292375, 16291247]"
1,401,meta-llama/Llama-3.1-8B-mini4L,2048,4,0,891915978,891915978,826748476,843042245,16291244,"[16292375, 16291247, 16290111]"
1,409,meta-llama/Llama-3.1-8B-mini4L,2048,4,0,908204957,908204957,843042245,859334620,16290112,"[16291247, 16290111, 16288979]"
1,417,meta-llama/Llama-3.1-8B-mini4L,2048,4,0,924492534,924492534,859334620,875625867,16288889,"[16290111, 16288979, 16287577]"
1,425,meta-llama/Llama-3.1-8B-mini4L,2048,4,0,927224178,927224178,875625867,891915978,11769400,"[16288979, 16287577, 2731644]"
1,433,meta-llama/Llama-3.1-8B-mini4L,2048,4,0,929343428,929343428,891915978,908204957,7046157,"[16287577, 2731644, 2119250]"
1,441,meta-llama/Llama-3.1-8B-mini4L,2048,4,0,931433186,931433186,908204957,924492534,2313550,"[2731644, 2119250, 2089758]"
1,449,meta-llama/Llama-3.1-8B-mini4L,2048,4,0,933520483,933520483,924492534,927224178,2098768,"[2119250, 2089758, 2087297]"
1,457,meta-llama/Llama-3.1-8B-mini4L,2056,4,3000000000,3182569199,182569199,520483,175922077,2215707,"[2215622, 2215706, 2215794]"
1,465,meta-llama/Llama-3.1-8B-mini4L,2056,4,3000000000,3182569199,182569199,520483,175922077,2215707,"[2215622, 2215706, 2215794]"
1,473,meta-llama/Llama-3.1-8B-mini4L,2056,4,3000000000,3182569199,182569199,520483,175922077,2215707,"[2215622, 2215706, 2215794]"
1,481,meta-llama/Llama-3.1-8B-mini4L,2056,4,3000000000,3182569199,182569199,520483,175922077,2215707,"[2215622, 2215706, 2215794]"
1,489,meta-llama/Llama-3.1-8B-mini4L,2056,4,3000000000,3182569199,182569199,520483,175922077,2215707,"[2215622, 2215706, 2215794]"
1,497,meta-llama/Llama-3.1-8B-mini4L,2056,4,3000000000,3182569199,182569199,520483,175922077,2215707,"[2215622, 2215706, 2215794]"
1,505,meta-llama/Llama-3.1-8B-mini4L,2056,4,3000000000,3182569199,182569199,520483,175922077,2215707,"[2215622, 2215706, 2215794]"
1,513,meta-llama/Llama-3.1-8B-mini4L,2056,4,3000000000,3182569199,182569199,520483,175922077,2215707,"[2215622, 2215706, 2215794]"
1,521,meta-llama/Llama-3.1-8B-mini4L,2056,4,3000000000,3869817839,869817839,182569199,863170717,2215707,"[2215622, 2215706, 2215794]"
1,529,meta-llama/Llama-3.1-8B-mini4L,2056,4,3000000000,3869817839,869817839,182569199,863170717,2215707,"[2215622, 2215706, 2215794]"
1,537,meta-llama/Llama-3.1-8B-mini4L,2056,4,3000000000,3869817839,869817839,182569199,863170717,2215707,"[2215622, 2215706, 2215794]"
1,545,meta-llama/Llama-3.1-8B-mini4L,2056,4,3000000000,3869817839,869817839,182569199,863170717,2215707,"[2215622, 2215706, 2215794]"
1,553,meta-llama/Llama-3.1-8B-mini4L,2056,4,3000000000,3869817839,869817839,182569199,863170717,2215707,"[2215622, 2215706, 2215794]"
1,561,meta-llama/Llama-3.1-8B-mini4L,2056,4,3000000000,3869817839,869817839,182569199,863170717,2215707,"[2215622, 2215706, 2215794]"
1,569,meta-llama/Llama-3.1-8B-mini4L,2056,4,3000000000,3869817839,869817839,182569199,863170717,2215707,"[2215622, 2215706, 2215794]"
1,577,meta-llama/Llama-3.1-8B-mini4L,2056,4,3000000000,3869817839,869817839,182569199,863170717,2215707,"[2215622, 2215706, 2215794]"
1,585,meta-llama/Llama-3.1-8B-mini4L,2056,4,3000000000,4557066479,1557066479,869817839,1550419357,2215707,"[2215622, 2215706, 2215794]"
1,593,meta-llama/Llama-3.1-8B-mini4L,2056,4,3000000000,4557066479,1557066479,869817839,1550419357,2215707,"[2215622, 2215706, 2215794]"
1,601,meta-llama/Llama-3.1-8B-mini4L,2056,4,3000000000,4557066479,1557066479,869817839,1550419357,2215707,"[2215622, 2215706, 2215794]"
1,609,meta-llama/Llama-3.1-8B-mini4L,2056,4,3000000000,4557066479,1557066479,869817839,1550419357,2215707,"[2215622, 2215706, 2215794]"
1,617,meta-llama/Llama-3.1-8B-mini4L,2056,4,3000000000,4557066479,1557066479,869817839,1550419357,2215707,"[2215622, 2215706, 2215794]"
1,625,meta-llama/Llama-3.1-8B-mini4L,2056,4,3000000000,4557066479,1557066479,869817839,1550419357,2215707,"[2215622, 2215706, 2215794]"
1,633,meta-llama/Llama-3.1-8B-mini4L,2056,4,3000000000,4557066479,1557066479,869817839,1550419357,2215707,"[2215622, 2215706, 2215794]"
1,641,meta-llama/Llama-3.1-8B-mini4L,2056,4,3000000000,4557066479,1557066479,869817839,1550419357,2215707,"[2215622, 2215706, 2215794]"
1,649,meta-llama/Llama-3.1-8B-mini4L,2056,4,3000000000,5244315119,2244315119,1557066479,2237667997,2215707,"[2215622, 2215706, 2215794]"
1,657,meta-llama/Llama-3.1-8B-mini4L,2056,4,3000000000,5244315119,2244315119,1557066479,2237667997,2215707,"[2215622, 2215706, 2215794]"
1,665,meta-llama/Llama-3.1-8B-mini4L,2056,4,3000000000,5244315119,2244315119,1557066479,2237667997,2215707,"[2215622, 2215706, 2215794]"
1,673,meta-llama/Llama-3.1-8B-mini4L,2056,4,3000000000,5244315119,2244315119,1557066479,2237667997,2215707,"[2215622, 2215706, 2215794]"
1,681,meta-llama/Llama-3.1-8B-mini4L,2056,4,3000000000,5244315119,2244315119,1557066479,2237667997,2215707,"[2215622, 2215706, 2215794]"
1,689,meta-llama/Llama-3.1-8B-mini4L,2056,4,3000000000,5244315119,2244315119,1557066479,2237667997,2215707,"[2215622, 2215706, 2215794]"
1,697,meta-llama/Llama-3.1-8B-mini4L,2056,4,3000000000,5244315119,2244315119,1557066479,2237667997,2215707,"[2215622, 2215706, 2215794]"
1,705,meta-llama/Llama-3.1-8B-mini4L,2056,4,3000000000,5244315119,2244315119,1557066479,2237667997,2215707,"[2215622, 2215706, 2215794]"
1,713,meta-llama/Llama-3.1-8B-mini4L,2056,4,3000000000,5931563759,2931563759,2244315119,2924916637,2215707,"[2215622, 2215706, 2215794]"
1,721,meta-llama/Llama-3.1-8B-mini4L,2056,4,3000000000,5931563759,2931563759,2244315119,2924916637,2215707,"[2215622, 2215706, 2215794]"
1,729,meta-llama/Llama-3.1-8B-mini4L,2056,4,3000000000,5931563759,2931563759,2244315119,2924916637,2215707,"[2215622, 2215706, 2215794]"
1,737,meta-llama/Llama-3.1-8B-mini4L,2056,4,3000000000,5931563759,2931563759,2244315119,2924916637,2215707,"[2215622, 2215706, 2215794]"
1,745,meta-llama/Llama-3.1-8B-mini4L,2056,4,3000000000,5931563759,2931563759,2244315119,2924916637,2215707,"[2215622, 2215706, 2215794]"
1,753,meta-llama/Llama-3.1-8B-mini4L,2056,4,3000000000,5931563759,2931563759,2244315119,2924916637,2215707,"[2215622, 2215706, 2215794]"
1,761,meta-llama/Llama-3.1-8B-mini4L,2056,4,3000000000,5931563759,2931563759,2244315119,2924916637,2215707,"[2215622, 2215706, 2215794]"
1,769,meta-llama/Llama-3.1-8B-mini4L,2056,4,3000000000,5931563759,2931563759,2244315119,2924916637,2215707,"[2215622, 2215706, 2215794]"
1,777,meta-llama/Llama-3.1-8B-mini4L,2056,4,3000000000,6618812399,3618812399,2931563759,3612165277,2215707,"[2215622, 2215706, 2215794]"
1,785,meta-llama/Llama-3.1-8B-mini4L,2056,4,3000000000,6618812399,3618812399,2931563759,3612165277,2215707,"[2215622, 2215706, 2215794]"
1,793,meta-llama/Llama-3.1-8B-mini4L,2056,4,3000000000,6618812399,3618812399,2931563759,3612165277,2215707,"[2215622, 2215706, 2215794]"
1,801,meta-llama/Llama-3.1-8B-mini4L,2056,4,3000000000,6618812399,3618812399,2931563759,3612165277,2215707,"[2215622, 2215706, 2215794]"
1,809,meta-llama/Llama-3.1-8B-mini4L,2056,4,3000000000,6618812399,3618812399,2931563759,3612165277,2215707,"[2215622, 2215706, 2215794]"
1,817,meta-llama/Llama-3.1-8B-mini4L,2056,4,3000000000,6618812399,3618812399,2931563759,3612165277,2215707,"[2215622, 2215706, 2215794]"
1,825,meta-llama/Llama-3.1-8B-mini4L,2056,4,3000000000,6618812399,3618812399,2931563759,3612165277,2215707,"[2215622, 2215706, 2215794]"
1,833,meta-llama/Llama-3.1-8B-mini4L,2056,4,3000000000,6618812399,3618812399,2931563759,3612165277,2215707,"[2215622, 2215706, 2215794]"
1,841,meta-llama/Llama-3.1-8B-mini4L,2056,4,3000000000,7306061039,4306061039,3618812399,4299413917,2215707,"[2215622, 2215706, 2215794]"
1,849,meta-llama/Llama-3.1-8B-mini4L,2056,4,3000000000,7306061039,4306061039,3618812399,4299413917,2215707,"[2215622, 2215706, 2215794]"
1,857,meta-llama/Llama-3.1-8B-mini4L,2056,4,3000000000,7306061039,4306061039,3618812399,4299413917,2215707,"[2215622, 2215706, 2215794]"
1,865,meta-llama/Llama-3.1-8B-mini4L,2056,4,3000000000,7306061039,4306061039,3618812399,4299413917,2215707,"[2215622, 2215706, 2215794]"
1,873,meta-llama/Llama-3.1-8B-mini4L,2056,4,3000000000,7306061039,4306061039,3618812399,4299413917,2215707,"[2215622, 2215706, 2215794]"
1,881,meta-llama/Llama-3.1-8B-mini4L,2056,4,3000000000,7306061039,4306061039,3618812399,4299413917,2215707,"[2215622, 2215706, 2215794]"
1,889,meta-llama/Llama-3.1-8B-mini4L,2056,4,3000000000,7306061039,4306061039,3618812399,4299413917,2215707,"[2215622, 2215706, 2215794]"
1,897,meta-llama/Llama-3.1-8B-mini4L,2056,4,3000000000,7306061039,4306061039,3618812399,4299413917,2215707,"[2215622, 2215706, 2215794]"
2,2,meta-llama/Llama-3.1-8B-mini4L,2048,4,0,60385704,60385704,1,12615125,15923526,"[15258418, 16234172, 16277989]"
2,10,meta-llama/Llama-3.1-8B-mini4L,2048,4,0,92981056,92981056,27873543,44107715,16291113,"[16277989, 16277237, 16318115]"
2,18,meta-llama/Llama-3.1-8B-mini4L,2048,4,0,109298119,109298119,44107715,60385704,16304138,"[16277237, 16318115, 16317063]"
2,26,meta-llama/Llama-3.1-8B-mini4L,2048,4,0,125614126,125614126,60385704,76662941,16317061,"[16318115, 16317063, 16316007]"
2,34,meta-llama/Llama-3.1-8B-mini4L,2048,4,0,141929077,141929077,76662941,92981056,16316007,"[16317063, 16316007, 16314951]"
2,42,meta-llama/Llama-3.1-8B-mini4L,2048,4,0,158242972,158242972,92981056,109298119,16314951,"[16316007, 16314951, 16313895]"
2,50,meta-llama/Llama-3.1-8B-mini4L,2048,4,0,174583420,174583420,109298119,125614126,16323098,"[16314951, 16313895, 16340448]"
2,58,meta-llama/Llama-3.1-8B-mini4L,2048,4,0,190922808,190922808,125614126,141929077,16331243,"[16313895, 16340448, 16339388]"
2,66,meta-llama/Llama-3.1-8B-mini4L,2048,4,0,207261132,207261132,141929077,158242972,16339386,"[16340448, 16339388, 16338324]"
2,74,meta-llama/Llama-3.1-8B-mini4L,2048,4,0,223598130,223598130,158242972,174583420,16338236,"[16339388, 16338324, 16336998]"
2,82,meta-llama/Llama-3.1-8B-mini4L,2048,4,0,239934064,239934064,174583420,190922808,16337085,"[16338324, 16336998, 16335934]"
2,90,meta-llama/Llama-3.1-8B-mini4L,2048,4,0,256268930,256268930,190922808,207261132,16335932,"[16336998, 16335934, 16334866]"
2,98,meta-llama/Llama-3.1-8B-mini4L,2048,4,0,272602724,272602724,207261132,223598130,16334864,"[16335934, 16334866, 16333794]"
2,106,meta-llama/Llama-3.1-8B-mini4L,2048,4,0,288935450,288935450,223598130,239934064,16333795,"[16334866, 16333794, 16332726]"
2,114,meta-llama/Llama-3.1-8B-mini4L,2048,4,0,305266842,305266842,239934064,256268930,16332637,"[16333794, 16332726, 16331392]"
2,122,meta-llama/Llama-3.1-8B-mini4L,2048,4,0,321597420,321597420,256268930,272602724,16331565,"[16332726, 16331392, 16330578]"
2,130,meta-llama/Llama-3.1-8B-mini4L,2048,4,0,337926664,337926664,272602724,288935450,16330404,"[16331392, 16330578, 16329244]"
2,138,meta-llama/Llama-3.1-8B-mini4L,2048,4,0,354254828,354254828,288935450,305266842,16329328,"[16330578, 16329244, 16328164]"
2,146,meta-llama/Llama-3.1-8B-mini4L,2048,4,0,370581916,370581916,305266842,321597420,16328165,"[16329244, 16328164, 16327088]"
2,154,meta-llama/Llama-3.1-8B-mini4L,2048,4,0,386907924,386907924,321597420,337926664,16327086,"[16328164, 16327088, 16326008]"
2,162,meta-llama/Llama-3.1-8B-mini4L,2048,4,0,403232586,403232586,337926664,354254828,16325919,"[16327088, 16326008, 16324662]"
2,170,meta-llama/Llama-3.1-8B-mini4L,2048,4,0,419556164,419556164,354254828,370581916,16324749,"[16326008, 16324662, 16323578]"
2,178,meta-llama/Llama-3.1-8B-mini4L,2048,4,0,435878658,435878658,370581916,386907924,16323578,"[16324662, 16323578, 16322494]"
2,186,meta-llama/Llama-3.1-8B-mini4L,2048,4,0,452200064,452200064,386907924,403232586,16322492,"[16323578, 16322494, 16321406]"
2,194,meta-llama/Llama-3.1-8B-mini4L,2048,4,0,468520382,468520382,403232586,419556164,16321406,"[16322494, 16321406, 16320318]"
2,202,meta-llama/Llama-3.1-8B-mini4L,2048,4,0,484839350,484839350,419556164,435878658,16320230,"[16321406, 16320318, 16318968]"
2,210,meta-llama/Llama-3.1-8B-mini4L,2048,4,0,501157226,501157226,435878658,452200064,16319054,"[16320318, 16318968, 16317876]"
2,218,meta-llama/Llama-3.1-8B-mini4L,2048,4,0,517474006,517474006,452200064,468520382,16317874,"[16318968, 16317876, 16316780]"
2,226,meta-llama/Llama-3.1-8B-mini4L,2048,4,0,533789694,533789694,468520382,484839350,16316781,"[16317876, 16316780, 16315688]"
2,234,meta-llama/Llama-3.1-8B-mini4L,2048,4,0,550104282,550104282,484839350,501157226,16315685,"[16316780, 16315688, 16314588]"
2,242,meta-llama/Llama-3.1-8B-mini4L,2048,4,0,566417512,566417512,501157226,517474006,16314502,"[16315688, 16314588, 16313230]"
2,250,meta-llama/Llama-3.1-8B-mini4L,2048,4,0,582729904,582729904,517474006,533789694,16313403,"[16314588, 16313230, 16312392]"
2,258,meta-llama/Llama-3.1-8B-mini4L,2048,4,0,599040930,599040930,533789694,550104282,16312216,"[16313230, 16312392, 16311026]"
2,266,meta-llama/Llama-3.1-8B-mini4L,2048,4,0,615350852,615350852,550104282,566417512,16311113,"[16312392, 16311026, 16309922]"
2,274,meta-llama/Llama-3.1-8B-mini4L,2048,4,0,631659670,631659670,566417512,582729904,16309922,"[16311026, 16309922, 16308818]"
2,282,meta-llama/Llama-3.1-8B-mini4L,2048,4,0,647967380,647967380,582729904,599040930,16308816,"[16309922, 16308818, 16307710]"
2,290,meta-llama/Llama-3.1-8B-mini4L,2048,4,0,664273720,664273720,599040930,615350852,16307622,"[16308818, 16307710, 16306340]"
2,298,meta-llama/Llama-3.1-8B-mini4L,2048,4,0,680578952,680578952,615350852,631659670,16306427,"[16307710, 16306340, 16305232]"
2,306,meta-llama/Llama-3.1-8B-mini4L,2048,4,0,696883072,696883072,631659670,647967380,16305230,"[16306340, 16305232, 16304120]"
2,314,meta-llama/Llama-3.1-8B-mini4L,2048,4,0,713186076,713186076,647967380,664273720,16304118,"[16305232, 16304120, 16303004]"
2,322,meta-llama/Llama-3.1-8B-mini4L,2048,4,0,729487964,729487964,664273720,680578952,16303004,"[16304120, 16303004, 16301888]"
2,330,meta-llama/Llama-3.1-8B-mini4L,2048,4,0,745788473,745788473,680578952,696883072,16301800,"[16303004, 16301888, 16300509]"
2,338,meta-llama/Llama-3.1-8B-mini4L,2048,4,0,762087862,762087862,696883072,713186076,16300595,"[16301888, 16300509, 16299389]"
2,346,meta-llama/Llama-3.1-8B-mini4L,2048,4,0,778386131,778386131,713186076,729487964,16299389,"[16300509, 16299389, 16298269]"
2,354,meta-llama/Llama-3.1-8B-mini4L,2048,4,0,794683276,794683276,729487964,745788473,16298267,"[16299389, 16298269, 16297145]"
2,362,meta-llama/Llama-3.1-8B-mini4L,2048,4,0,810979297,810979297,745788473,762087862,16297145,"[16298269, 16297145, 16296021]"
2,370,meta-llama/Llama-3.1-8B-mini4L,2048,4,0,827273932,827273932,762087862,778386131,16295933,"[16297145, 16296021, 16294635]"
2,378,meta-llama/Llama-3.1-8B-mini4L,2048,4,0,843567701,843567701,778386131,794683276,16294808,"[16296021, 16294635, 16293769]"
2,386,meta-llama/Llama-3.1-8B-mini4L,2048,4,0,859860076,859860076,794683276,810979297,16293593,"[16294635, 16293769, 16292375]"
2,394,meta-llama/Llama-3.1-8B-mini4L,2048,4,0,876151323,876151323,810979297,827273932,16292463,"[16293769, 16292375, 16291247]"
2,402,meta-llama/Llama-3.1-8B-mini4L,2048,4,0,892441434,892441434,827273932,843567701,16291244,"[16292375, 16291247, 16290111]"
2,410,meta-llama/Llama-3.1-8B-mini4L,2048,4,0,908730413,908730413,843567701,859860076,16290112,"[16291247, 16290111, 16288979]"
2,418,meta-llama/Llama-3.1-8B-mini4L,2048,4,0,914099277,914099277,859860076,876151323,12649318,"[16290111, 16288979, 5368864]"
2,426,meta-llama/Llama-3.1-8B-mini4L,2048,4,0,916426008,916426008,876151323,892441434,7994858,"[16288979, 5368864, 2326731]"
2,434,meta-llama/Llama-3.1-8B-mini4L,2048,4,0,918519578,918519578,892441434,908730413,3263055,"[5368864, 2326731, 2093570]"
2,442,meta-llama/Llama-3.1-8B-mini4L,2048,4,0,920609664,920609664,908730413,914099277,2170129,"[2326731, 2093570, 2090086]"
2,450,meta-llama/Llama-3.1-8B-mini4L,2056,4,3000000000,3268475279,268475279,520483,261828157,2215707,"[2215622, 2215706, 2215794]"
2,458,meta-llama/Llama-3.1-8B-mini4L,2056,4,3000000000,3268475279,268475279,520483,261828157,2215707,"[2215622, 2215706, 2215794]"
2,466,meta-llama/Llama-3.1-8B-mini4L,2056,4,3000000000,3268475279,268475279,520483,261828157,2215707,"[2215622, 2215706, 2215794]"
2,474,meta-llama/Llama-3.1-8B-mini4L,2056,4,3000000000,3268475279,268475279,520483,261828157,2215707,"[2215622, 2215706, 2215794]"
2,482,meta-llama/Llama-3.1-8B-mini4L,2056,4,3000000000,3268475279,268475279,520483,261828157,2215707,"[2215622, 2215706, 2215794]"
2,490,meta-llama/Llama-3.1-8B-mini4L,2056,4,3000000000,3268475279,268475279,520483,261828157,2215707,"[2215622, 2215706, 2215794]"
2,498,meta-llama/Llama-3.1-8B-mini4L,2056,4,3000000000,3268475279,268475279,520483,261828157,2215707,"[2215622, 2215706, 2215794]"
2,506,meta-llama/Llama-3.1-8B-mini4L,2056,4,3000000000,3268475279,268475279,520483,261828157,2215707,"[2215622, 2215706, 2215794]"
2,514,meta-llama/Llama-3.1-8B-mini4L,2056,4,3000000000,3955723919,955723919,268475279,949076797,2215707,"[2215622, 2215706, 2215794]"
2,522,meta-llama/Llama-3.1-8B-mini4L,2056,4,3000000000,3955723919,955723919,268475279,949076797,2215707,"[2215622, 2215706, 2215794]"
2,530,meta-llama/Llama-3.1-8B-mini4L,2056,4,3000000000,3955723919,955723919,268475279,949076797,2215707,"[2215622, 2215706, 2215794]"
2,538,meta-llama/Llama-3.1-8B-mini4L,2056,4,3000000000,3955723919,955723919,268475279,949076797,2215707,"[2215622, 2215706, 2215794]"
2,546,meta-llama/Llama-3.1-8B-mini4L,2056,4,3000000000,3955723919,955723919,268475279,949076797,2215707,"[2215622, 2215706, 2215794]"
2,554,meta-llama/Llama-3.1-8B-mini4L,2056,4,3000000000,3955723919,955723919,268475279,949076797,2215707,"[2215622, 2215706, 2215794]"
2,562,meta-llama/Llama-3.1-8B-mini4L,2056,4,3000000000,3955723919,955723919,268475279,949076797,2215707,"[2215622, 2215706, 2215794]"
2,570,meta-llama/Llama-3.1-8B-mini4L,2056,4,3000000000,3955723919,955723919,268475279,949076797,2215707,"[2215622, 2215706, 2215794]"
2,578,meta-llama/Llama-3.1-8B-mini4L,2056,4,3000000000,4642972559,1642972559,955723919,1636325437,2215707,"[2215622, 2215706, 2215794]"
2,586,meta-llama/Llama-3.1-8B-mini4L,2056,4,3000000000,4642972559,1642972559,955723919,1636325437,2215707,"[2215622, 2215706, 2215794]"
2,594,meta-llama/Llama-3.1-8B-mini4L,2056,4,3000000000,4642972559,1642972559,955723919,1636325437,2215707,"[2215622, 2215706, 2215794]"
2,602,meta-llama/Llama-3.1-8B-mini4L,2056,4,3000000000,4642972559,1642972559,955723919,1636325437,2215707,"[2215622, 2215706, 2215794]"
2,610,meta-llama/Llama-3.1-8B-mini4L,2056,4,3000000000,4642972559,1642972559,955723919,1636325437,2215707,"[2215622, 2215706, 2215794]"
2,618,meta-llama/Llama-3.1-8B-mini4L,2056,4,3000000000,4642972559,1642972559,955723919,1636325437,2215707,"[2215622, 2215706, 2215794]"
2,626,meta-llama/Llama-3.1-8B-mini4L,2056,4,3000000000,4642972559,1642972559,955723919,1636325437,2215707,"[2215622, 2215706, 2215794]"
2,634,meta-llama/Llama-3.1-8B-mini4L,2056,4,3000000000,4642972559,1642972559,955723919,1636325437,2215707,"[2215622, 2215706, 2215794]"
2,642,meta-llama/Llama-3.1-8B-mini4L,2056,4,3000000000,5330221199,2330221199,1642972559,2323574077,2215707,"[2215622, 2215706, 2215794]"
2,650,meta-llama/Llama-3.1-8B-mini4L,2056,4,3000000000,5330221199,2330221199,1642972559,2323574077,2215707,"[2215622, 2215706, 2215794]"
2,658,meta-llama/Llama-3.1-8B-mini4L,2056,4,3000000000,5330221199,2330221199,1642972559,2323574077,2215707,"[2215622, 2215706, 2215794]"
2,666,meta-llama/Llama-3.1-8B-mini4L,2056,4,3000000000,5330221199,2330221199,1642972559,2323574077,2215707,"[2215622, 2215706, 2215794]"
2,674,meta-llama/Llama-3.1-8B-mini4L,2056,4,3000000000,5330221199,2330221199,1642972559,2323574077,2215707,"[2215622, 2215706, 2215794]"
2,682,meta-llama/Llama-3.1-8B-mini4L,2056,4,3000000000,5330221199,2330221199,1642972559,2323574077,2215707,"[2215622, 2215706, 2215794]"
2,690,meta-llama/Llama-3.1-8B-mini4L,2056,4,3000000000,5330221199,2330221199,1642972559,2323574077,2215707,"[2215622, 2215706, 2215794]"
2,698,meta-llama/Llama-3.1-8B-mini4L,2056,4,3000000000,5330221199,2330221199,1642972559,2323574077,2215707,"[2215622, 2215706, 2215794]"
2,706,meta-llama/Llama-3.1-8B-mini4L,2056,4,3000000000,6017469839,3017469839,2330221199,3010822717,2215707,"[2215622, 2215706, 2215794]"
2,714,meta-llama/Llama-3.1-8B-mini4L,2056,4,3000000000,6017469839,3017469839,2330221199,3010822717,2215707,"[2215622, 2215706, 2215794]"
2,722,meta-llama/Llama-3.1-8B-mini4L,2056,4,3000000000,6017469839,3017469839,2330221199,3010822717,2215707,"[2215622, 2215706, 2215794]"
2,730,meta-llama/Llama-3.1-8B-mini4L,2056,4,3000000000,6017469839,3017469839,2330221199,3010822717,2215707,"[2215622, 2215706, 2215794]"
2,738,meta-llama/Llama-3.1-8B-mini4L,2056,4,3000000000,6017469839,3017469839,2330221199,3010822717,2215707,"[2215622, 2215706, 2215794]"
2,746,meta-llama/Llama-3.1-8B-mini4L,2056,4,3000000000,6017469839,3017469839,2330221199,3010822717,2215707,"[2215622, 2215706, 2215794]"
2,754,meta-llama/Llama-3.1-8B-mini4L,2056,4,3000000000,6017469839,3017469839,2330221199,3010822717,2215707,"[2215622, 2215706, 2215794]"
2,762,meta-llama/Llama-3.1-8B-mini4L,2056,4,3000000000,6017469839,3017469839,2330221199,3010822717,2215707,"[2215622, 2215706, 2215794]"
2,770,meta-llama/Llama-3.1-8B-mini4L,2056,4,3000000000,6704718479,3704718479,3017469839,3698071357,2215707,"[2215622, 2215706, 2215794]"
2,778,meta-llama/Llama-3.1-8B-mini4L,2056,4,3000000000,6704718479,3704718479,3017469839,3698071357,2215707,"[2215622, 2215706, 2215794]"
2,786,meta-llama/Llama-3.1-8B-mini4L,2056,4,3000000000,6704718479,3704718479,3017469839,3698071357,2215707,"[2215622, 2215706, 2215794]"
2,794,meta-llama/Llama-3.1-8B-mini4L,2056,4,3000000000,6704718479,3704718479,3017469839,3698071357,2215707,"[2215622, 2215706, 2215794]"
2,802,meta-llama/Llama-3.1-8B-mini4L,2056,4,3000000000,6704718479,3704718479,3017469839,3698071357,2215707,"[2215622, 2215706, 2215794]"
2,810,meta-llama/Llama-3.1-8B-mini4L,2056,4,3000000000,6704718479,3704718479,3017469839,3698071357,2215707,"[2215622, 2215706, 2215794]"
2,818,meta-llama/Llama-3.1-8B-mini4L,2056,4,3000000000,6704718479,3704718479,3017469839,3698071357,2215707,"[2215622, 2215706, 2215794]"
2,826,meta-llama/Llama-3.1-8B-mini4L,2056,4,3000000000,6704718479,3704718479,3017469839,3698071357,2215707,"[2215622, 2215706, 2215794]"
2,834,meta-llama/Llama-3.1-8B-mini4L,2056,4,3000000000,7391967119,4391967119,3704718479,4385319997,2215707,"[2215622, 2215706, 2215794]"
2,842,meta-llama/Llama-3.1-8B-mini4L,2056,4,3000000000,7391967119,4391967119,3704718479,4385319997,2215707,"[2215622, 2215706, 2215794]"
2,850,meta-llama/Llama-3.1-8B-mini4L,2056,4,3000000000,7391967119,4391967119,3704718479,4385319997,2215707,"[2215622, 2215706, 2215794]"
2,858,meta-llama/Llama-3.1-8B-mini4L,2056,4,3000000000,7391967119,4391967119,3704718479,4385319997,2215707,"[2215622, 2215706, 2215794]"
2,866,meta-llama/Llama-3.1-8B-mini4L,2056,4,3000000000,7391967119,4391967119,3704718479,4385319997,2215707,"[2215622, 2215706, 2215794]"
2,874,meta-llama/Llama-3.1-8B-mini4L,2056,4,3000000000,7391967119,4391967119,3704718479,4385319997,2215707,"[2215622, 2215706, 2215794]"
2,882,meta-llama/Llama-3.1-8B-mini4L,2056,4,3000000000,7391967119,4391967119,3704718479,4385319997,2215707,"[2215622, 2215706, 2215794]"
2,890,meta-llama/Llama-3.1-8B-mini4L,2056,4,3000000000,7391967119,4391967119,3704718479,4385319997,2215707,"[2215622, 2215706, 2215794]"
2,898,meta-llama/Llama-3.1-8B-mini4L,2056,4,3000000000,7832136921,4832136921,4391967119,4825875910,2087003,"[2086993, 2087005, 2087013]"
3,3,meta-llama/Llama-3.1-8B-mini4L,2048,4,0,60911160,60911160,1,13140581,15923526,"[15258418, 16234172, 16277989]"
3,11,meta-llama/Llama-3.1-8B-mini4L,2048,4,0,93506512,93506512,28398999,44633171,16291113,"[16277989, 16277237, 16318115]"
3,19,meta-llama/Llama-3.1-8B-mini4L,2048,4,0,109823575,109823575,44633171,60911160,16304138,"[16277237, 16318115, 16317063]"
3,27,meta-llama/Llama-3.1-8B-mini4L,2048,4,0,126139582,126139582,60911160,77188397,16317061,"[16318115, 16317063, 16316007]"
3,35,meta-llama/Llama-3.1-8B-mini4L,2048,4,0,142454533,142454533,77188397,93506512,16316007,"[16317063, 16316007, 16314951]"
3,43,meta-llama/Llama-3.1-8B-mini4L,2048,4,0,158768428,158768428,93506512,109823575,16314951,"[16316007, 16314951, 16313895]"
3,51,meta-llama/Llama-3.1-8B-mini4L,2048,4,0,175108876,175108876,109823575,126139582,16323098,"[16314951, 16313895, 16340448]"
3,59,meta-llama/Llama-3.1-8B-mini4L,2048,4,0,191448264,191448264,126139582,142454533,16331243,"[16313895, 16340448, 16339388]"
3,67,meta-llama/Llama-3.1-8B-mini4L,2048,4,0,207786588,207786588,142454533,158768428,16339386,"[16340448, 16339388, 16338324]"
3,75,meta-llama/Llama-3.1-8B-mini4L,2048,4,0,224123586,224123586,158768428,175108876,16338236,"[16339388, 16338324, 16336998]"
3,83,meta-llama/Llama-3.1-8B-mini4L,2048,4,0,240459520,240459520,175108876,191448264,16337085,"[16338324, 16336998, 16335934]"
3,91,meta-llama/Llama-3.1-8B-mini4L,2048,4,0,256794386,256794386,191448264,207786588,16335932,"[16336998, 16335934, 16334866]"
3,99,meta-llama/Llama-3.1-8B-mini4L,2048,4,0,273128180,273128180,207786588,224123586,16334864,"[16335934, 16334866, 16333794]"
3,107,meta-llama/Llama-3.1-8B-mini4L,2048,4,0,289460906,289460906,224123586,240459520,16333795,"[16334866, 16333794, 16332726]"
3,115,meta-llama/Llama-3.1-8B-mini4L,2048,4,0,305792298,305792298,240459520,256794386,16332637,"[16333794, 16332726, 16331392]"
3,123,meta-llama/Llama-3.1-8B-mini4L,2048,4,0,322122876,322122876,256794386,273128180,16331565,"[16332726, 16331392, 16330578]"
3,131,meta-llama/Llama-3.1-8B-mini4L,2048,4,0,338452120,338452120,273128180,289460906,16330404,"[16331392, 16330578, 16329244]"
3,139,meta-llama/Llama-3.1-8B-mini4L,2048,4,0,354780284,354780284,289460906,305792298,16329328,"[16330578, 16329244, 16328164]"
3,147,meta-llama/Llama-3.1-8B-mini4L,2048,4,0,371107372,371107372,305792298,322122876,16328165,"[16329244, 16328164, 16327088]"
3,155,meta-llama/Llama-3.1-8B-mini4L,2048,4,0,387433380,387433380,322122876,338452120,16327086,"[16328164, 16327088, 16326008]"
3,163,meta-llama/Llama-3.1-8B-mini4L,2048,4,0,403758042,403758042,338452120,354780284,16325919,"[16327088, 16326008, 16324662]"
3,171,meta-llama/Llama-3.1-8B-mini4L,2048,4,0,420081620,420081620,354780284,371107372,16324749,"[16326008, 16324662, 16323578]"
3,179,meta-llama/Llama-3.1-8B-mini4L,2048,4,0,436404114,436404114,371107372,387433380,16323578,"[16324662, 16323578, 16322494]"
3,187,meta-llama/Llama-3.1-8B-mini4L,2048,4,0,452725520,452725520,387433380,403758042,16322492,"[16323578, 16322494, 16321406]"
3,195,meta-llama/Llama-3.1-8B-mini4L,2048,4,0,469045838,469045838,403758042,420081620,16321406,"[16322494, 16321406, 16320318]"
3,203,meta-llama/Llama-3.1-8B-mini4L,2048,4,0,485364806,485364806,420081620,436404114,16320230,"[16321406, 16320318, 16318968]"
3,211,meta-llama/Llama-3.1-8B-mini4L,2048,4,0,501682682,501682682,436404114,452725520,16319054,"[16320318, 16318968, 16317876]"
3,219,meta-llama/Llama-3.1-8B-mini4L,2048,4,0,517999462,517999462,452725520,469045838,16317874,"[16318968, 16317876, 16316780]"
3,227,meta-llama/Llama-3.1-8B-mini4L,2048,4,0,534315150,534315150,469045838,485364806,16316781,"[16317876, 16316780, 16315688]"
3,235,meta-llama/Llama-3.1-8B-mini4L,2048,4,0,550629738,550629738,485364806,501682682,16315685,"[16316780, 16315688, 16314588]"
3,243,meta-llama/Llama-3.1-8B-mini4L,2048,4,0,566942968,566942968,501682682,517999462,16314502,"[16315688, 16314588, 16313230]"
3,251,meta-llama/Llama-3.1-8B-mini4L,2048,4,0,583255360,583255360,517999462,534315150,16313403,"[16314588, 16313230, 16312392]"
3,259,meta-llama/Llama-3.1-8B-mini4L,2048,4,0,599566386,599566386,534315150,550629738,16312216,"[16313230, 16312392, 16311026]"
3,267,meta-llama/Llama-3.1-8B-mini4L,2048,4,0,615876308,615876308,550629738,566942968,16311113,"[16312392, 16311026, 16309922]"
3,275,meta-llama/Llama-3.1-8B-mini4L,2048,4,0,632185126,632185126,566942968,583255360,16309922,"[16311026, 16309922, 16308818]"
3,283,meta-llama/Llama-3.1-8B-mini4L,2048,4,0,648492836,648492836,583255360,599566386,16308816,"[16309922, 16308818, 16307710]"
3,291,meta-llama/Llama-3.1-8B-mini4L,2048,4,0,664799176,664799176,599566386,615876308,16307622,"[16308818, 16307710, 16306340]"
3,299,meta-llama/Llama-3.1-8B-mini4L,2048,4,0,681104408,681104408,615876308,632185126,16306427,"[16307710, 16306340, 16305232]"
3,307,meta-llama/Llama-3.1-8B-mini4L,2048,4,0,697408528,697408528,632185126,648492836,16305230,"[16306340, 16305232, 16304120]"
3,315,meta-llama/Llama-3.1-8B-mini4L,2048,4,0,713711532,713711532,648492836,664799176,16304118,"[16305232, 16304120, 16303004]"
3,323,meta-llama/Llama-3.1-8B-mini4L,2048,4,0,730013420,730013420,664799176,681104408,16303004,"[16304120, 16303004, 16301888]"
3,331,meta-llama/Llama-3.1-8B-mini4L,2048,4,0,746313929,746313929,681104408,697408528,16301800,"[16303004, 16301888, 16300509]"
3,339,meta-llama/Llama-3.1-8B-mini4L,2048,4,0,762613318,762613318,697408528,713711532,16300595,"[16301888, 16300509, 16299389]"
3,347,meta-llama/Llama-3.1-8B-mini4L,2048,4,0,778911587,778911587,713711532,730013420,16299389,"[16300509, 16299389, 16298269]"
3,355,meta-llama/Llama-3.1-8B-mini4L,2048,4,0,795208732,795208732,730013420,746313929,16298267,"[16299389, 16298269, 16297145]"
3,363,meta-llama/Llama-3.1-8B-mini4L,2048,4,0,811504753,811504753,746313929,762613318,16297145,"[16298269, 16297145, 16296021]"
3,371,meta-llama/Llama-3.1-8B-mini4L,2048,4,0,827799388,827799388,762613318,778911587,16295933,"[16297145, 16296021, 16294635]"
3,379,meta-llama/Llama-3.1-8B-mini4L,2048,4,0,844093157,844093157,778911587,795208732,16294808,"[16296021, 16294635, 16293769]"
3,387,meta-llama/Llama-3.1-8B-mini4L,2048,4,0,860385532,860385532,795208732,811504753,16293593,"[16294635, 16293769, 16292375]"
3,395,meta-llama/Llama-3.1-8B-mini4L,2048,4,0,876676779,876676779,811504753,827799388,16292463,"[16293769, 16292375, 16291247]"
3,403,meta-llama/Llama-3.1-8B-mini4L,2048,4,0,892966890,892966890,827799388,844093157,16291244,"[16292375, 16291247, 16290111]"
3,411,meta-llama/Llama-3.1-8B-mini4L,2048,4,0,909255869,909255869,844093157,860385532,16290112,"[16291247, 16290111, 16288979]"
3,419,meta-llama/Llama-3.1-8B-mini4L,2048,4,0,914140951,914140951,860385532,876676779,12488057,"[16290111, 16288979, 4885082]"
3,427,meta-llama/Llama-3.1-8B-mini4L,2048,4,0,916426897,916426897,876676779,892966890,7820002,"[16288979, 4885082, 2285946]"
3,435,meta-llama/Llama-3.1-8B-mini4L,2048,4,0,918520211,918520211,892966890,909255869,3088114,"[4885082, 2285946, 2093314]"
3,443,meta-llama/Llama-3.1-8B-mini4L,2048,4,0,920610040,920610040,909255869,914140951,2156363,"[2285946, 2093314, 2089829]"
3,451,meta-llama/Llama-3.1-8B-mini4L,2056,4,3000000000,3354381359,354381359,520483,347734237,2215707,"[2215622, 2215706, 2215794]"
3,459,meta-llama/Llama-3.1-8B-mini4L,2056,4,3000000000,3354381359,354381359,520483,347734237,2215707,"[2215622, 2215706, 2215794]"
3,467,meta-llama/Llama-3.1-8B-mini4L,2056,4,3000000000,3354381359,354381359,520483,347734237,2215707,"[2215622, 2215706, 2215794]"
3,475,meta-llama/Llama-3.1-8B-mini4L,2056,4,3000000000,3354381359,354381359,520483,347734237,2215707,"[2215622, 2215706, 2215794]"
3,483,meta-llama/Llama-3.1-8B-mini4L,2056,4,3000000000,3354381359,354381359,520483,347734237,2215707,"[2215622, 2215706, 2215794]"
3,491,meta-llama/Llama-3.1-8B-mini4L,2056,4,3000000000,3354381359,354381359,520483,347734237,2215707,"[2215622, 2215706, 2215794]"
3,499,meta-llama/Llama-3.1-8B-mini4L,2056,4,3000000000,3354381359,354381359,520483,347734237,2215707,"[2215622, 2215706, 2215794]"
3,507,meta-llama/Llama-3.1-8B-mini4L,2056,4,3000000000,3354381359,354381359,520483,347734237,2215707,"[2215622, 2215706, 2215794]"
3,515,meta-llama/Llama-3.1-8B-mini4L,2056,4,3000000000,4041629999,1041629999,354381359,1034982877,2215707,"[2215622, 2215706, 2215794]"
3,523,meta-llama/Llama-3.1-8B-mini4L,2056,4,3000000000,4041629999,1041629999,354381359,1034982877,2215707,"[2215622, 2215706, 2215794]"
3,531,meta-llama/Llama-3.1-8B-mini4L,2056,4,3000000000,4041629999,1041629999,354381359,1034982877,2215707,"[2215622, 2215706, 2215794]"
3,539,meta-llama/Llama-3.1-8B-mini4L,2056,4,3000000000,4041629999,1041629999,354381359,1034982877,2215707,"[2215622, 2215706, 2215794]"
3,547,meta-llama/Llama-3.1-8B-mini4L,2056,4,3000000000,4041629999,1041629999,354381359,1034982877,2215707,"[2215622, 2215706, 2215794]"
3,555,meta-llama/Llama-3.1-8B-mini4L,2056,4,3000000000,4041629999,1041629999,354381359,1034982877,2215707,"[2215622, 2215706, 2215794]"
3,563,meta-llama/Llama-3.1-8B-mini4L,2056,4,3000000000,4041629999,1041629999,354381359,1034982877,2215707,"[2215622, 2215706, 2215794]"
3,571,meta-llama/Llama-3.1-8B-mini4L,2056,4,3000000000,4041629999,1041629999,354381359,1034982877,2215707,"[2215622, 2215706, 2215794]"
3,579,meta-llama/Llama-3.1-8B-mini4L,2056,4,3000000000,4728878639,1728878639,1041629999,1722231517,2215707,"[2215622, 2215706, 2215794]"
3,587,meta-llama/Llama-3.1-8B-mini4L,2056,4,3000000000,4728878639,1728878639,1041629999,1722231517,2215707,"[2215622, 2215706, 2215794]"
3,595,meta-llama/Llama-3.1-8B-mini4L,2056,4,3000000000,4728878639,1728878639,1041629999,1722231517,2215707,"[2215622, 2215706, 2215794]"
3,603,meta-llama/Llama-3.1-8B-mini4L,2056,4,3000000000,4728878639,1728878639,1041629999,1722231517,2215707,"[2215622, 2215706, 2215794]"
3,611,meta-llama/Llama-3.1-8B-mini4L,2056,4,3000000000,4728878639,1728878639,1041629999,1722231517,2215707,"[2215622, 2215706, 2215794]"
3,619,meta-llama/Llama-3.1-8B-mini4L,2056,4,3000000000,4728878639,1728878639,1041629999,1722231517,2215707,"[2215622, 2215706, 2215794]"
3,627,meta-llama/Llama-3.1-8B-mini4L,2056,4,3000000000,4728878639,1728878639,1041629999,1722231517,2215707,"[2215622, 2215706, 2215794]"
3,635,meta-llama/Llama-3.1-8B-mini4L,2056,4,3000000000,4728878639,1728878639,1041629999,1722231517,2215707,"[2215622, 2215706, 2215794]"
3,643,meta-llama/Llama-3.1-8B-mini4L,2056,4,3000000000,5416127279,2416127279,1728878639,2409480157,2215707,"[2215622, 2215706, 2215794]"
3,651,meta-llama/Llama-3.1-8B-mini4L,2056,4,3000000000,5416127279,2416127279,1728878639,2409480157,2215707,"[2215622, 2215706, 2215794]"
3,659,meta-llama/Llama-3.1-8B-mini4L,2056,4,3000000000,5416127279,2416127279,1728878639,2409480157,2215707,"[2215622, 2215706, 2215794]"
3,667,meta-llama/Llama-3.1-8B-mini4L,2056,4,3000000000,5416127279,2416127279,1728878639,2409480157,2215707,"[2215622, 2215706, 2215794]"
3,675,meta-llama/Llama-3.1-8B-mini4L,2056,4,3000000000,5416127279,2416127279,1728878639,2409480157,2215707,"[2215622, 2215706, 2215794]"
3,683,meta-llama/Llama-3.1-8B-mini4L,2056,4,3000000000,5416127279,2416127279,1728878639,2409480157,2215707,"[2215622, 2215706, 2215794]"
3,691,meta-llama/Llama-3.1-8B-mini4L,2056,4,3000000000,5416127279,2416127279,1728878639,2409480157,2215707,"[2215622, 2215706, 2215794]"
3,699,meta-llama/Llama-3.1-8B-mini4L,2056,4,3000000000,5416127279,2416127279,1728878639,2409480157,2215707,"[2215622, 2215706, 2215794]"
3,707,meta-llama/Llama-3.1-8B-mini4L,2056,4,3000000000,6103375919,3103375919,2416127279,3096728797,2215707,"[2215622, 2215706, 2215794]"
3,715,meta-llama/Llama-3.1-8B-mini4L,2056,4,3000000000,6103375919,3103375919,2416127279,3096728797,2215707,"[2215622, 2215706, 2215794]"
3,723,meta-llama/Llama-3.1-8B-mini4L,2056,4,3000000000,6103375919,3103375919,2416127279,3096728797,2215707,"[2215622, 2215706, 2215794]"
3,731,meta-llama/Llama-3.1-8B-mini4L,2056,4,3000000000,6103375919,3103375919,2416127279,3096728797,2215707,"[2215622, 2215706, 2215794]"
3,739,meta-llama/Llama-3.1-8B-mini4L,2056,4,3000000000,6103375919,3103375919,2416127279,3096728797,2215707,"[2215622, 2215706, 2215794]"
3,747,meta-llama/Llama-3.1-8B-mini4L,2056,4,3000000000,6103375919,3103375919,2416127279,3096728797,2215707,"[2215622, 2215706, 2215794]"
3,755,meta-llama/Llama-3.1-8B-mini4L,2056,4,3000000000,6103375919,3103375919,2416127279,3096728797,2215707,"[2215622, 2215706, 2215794]"
3,763,meta-llama/Llama-3.1-8B-mini4L,2056,4,3000000000,6103375919,3103375919,2416127279,3096728797,2215707,"[2215622, 2215706, 2215794]"
3,771,meta-llama/Llama-3.1-8B-mini4L,2056,4,3000000000,6790624559,3790624559,3103375919,3783977437,2215707,"[2215622, 2215706, 2215794]"
3,779,meta-llama/Llama-3.1-8B-mini4L,2056,4,3000000000,6790624559,3790624559,3103375919,3783977437,2215707,"[2215622, 2215706, 2215794]"
3,787,meta-llama/Llama-3.1-8B-mini4L,2056,4,3000000000,6790624559,3790624559,3103375919,3783977437,2215707,"[2215622, 2215706, 2215794]"
3,795,meta-llama/Llama-3.1-8B-mini4L,2056,4,3000000000,6790624559,3790624559,3103375919,3783977437,2215707,"[2215622, 2215706, 2215794]"
3,803,meta-llama/Llama-3.1-8B-mini4L,2056,4,3000000000,6790624559,3790624559,3103375919,3783977437,2215707,"[2215622, 2215706, 2215794]"
3,811,meta-llama/Llama-3.1-8B-mini4L,2056,4,3000000000,6790624559,3790624559,3103375919,3783977437,2215707,"[2215622, 2215706, 2215794]"
3,819,meta-llama/Llama-3.1-8B-mini4L,2056,4,3000000000,6790624559,3790624559,3103375919,3783977437,2215707,"[2215622, 2215706, 2215794]"
3,827,meta-llama/Llama-3.1-8B-mini4L,2056,4,3000000000,6790624559,3790624559,3103375919,3783977437,2215707,"[2215622, 2215706, 2215794]"
3,835,meta-llama/Llama-3.1-8B-mini4L,2056,4,3000000000,7477873199,4477873199,3790624559,4471226077,2215707,"[2215622, 2215706, 2215794]"
3,843,meta-llama/Llama-3.1-8B-mini4L,2056,4,3000000000,7477873199,4477873199,3790624559,4471226077,2215707,"[2215622, 2215706, 2215794]"
3,851,meta-llama/Llama-3.1-8B-mini4L,2056,4,3000000000,7477873199,4477873199,3790624559,4471226077,2215707,"[2215622, 2215706, 2215794]"
3,859,meta-llama/Llama-3.1-8B-mini4L,2056,4,3000000000,7477873199,4477873199,3790624559,4471226077,2215707,"[2215622, 2215706, 2215794]"
3,867,meta-llama/Llama-3.1-8B-mini4L,2056,4,3000000000,7477873199,4477873199,3790624559,4471226077,2215707,"[2215622, 2215706, 2215794]"
3,875,meta-llama/Llama-3.1-8B-mini4L,2056,4,3000000000,7477873199,4477873199,3790624559,4471226077,2215707,"[2215622, 2215706, 2215794]"
3,883,meta-llama/Llama-3.1-8B-mini4L,2056,4,3000000000,7477873199,4477873199,3790624559,4471226077,2215707,"[2215622, 2215706, 2215794]"
3,891,meta-llama/Llama-3.1-8B-mini4L,2056,4,3000000000,7477873199,4477873199,3790624559,4471226077,2215707,"[2215622, 2215706, 2215794]"
3,899,meta-llama/Llama-3.1-8B-mini4L,2056,4,3000000000,7844642681,4844642681,4477873199,4838381670,2087003,"[2086993, 2087005, 2087013]"
4,4,meta-llama/Llama-3.1-8B-mini4L,2048,4,0,61436616,61436616,1,13666037,15923526,"[15258418, 16234172, 16277989]"
4,12,meta-llama/Llama-3.1-8B-mini4L,2048,4,0,94031968,94031968,28924455,45158627,16291113,"[16277989, 16277237, 16318115]"
4,20,meta-llama/Llama-3.1-8B-mini4L,2048,4,0,110349031,110349031,45158627,61436616,16304138,"[16277237, 16318115, 16317063]"
4,28,meta-llama/Llama-3.1-8B-mini4L,2048,4,0,126665038,126665038,61436616,77713853,16317061,"[16318115, 16317063, 16316007]"
4,36,meta-llama/Llama-3.1-8B-mini4L,2048,4,0,142979989,142979989,77713853,94031968,16316007,"[16317063, 16316007, 16314951]"
4,44,meta-llama/Llama-3.1-8B-mini4L,2048,4,0,159293884,159293884,94031968,110349031,16314951,"[16316007, 16314951, 16313895]"
4,52,meta-llama/Llama-3.1-8B-mini4L,2048,4,0,175634332,175634332,110349031,126665038,16323098,"[16314951, 16313895, 16340448]"
4,60,meta-llama/Llama-3.1-8B-mini4L,2048,4,0,191973720,191973720,126665038,142979989,16331243,"[16313895, 16340448, 16339388]"
4,68,meta-llama/Llama-3.1-8B-mini4L,2048,4,0,208312044,208312044,142979989,159293884,16339386,"[16340448, 16339388, 16338324]"
4,76,meta-llama/Llama-3.1-8B-mini4L,2048,4,0,224649042,224649042,159293884,175634332,16338236,"[16339388, 16338324, 16336998]"
4,84,meta-llama/Llama-3.1-8B-mini4L,2048,4,0,240984976,240984976,175634332,191973720,16337085,"[16338324, 16336998, 16335934]"
4,92,meta-llama/Llama-3.1-8B-mini4L,2048,4,0,257319842,257319842,191973720,208312044,16335932,"[16336998, 16335934, 16334866]"
4,100,meta-llama/Llama-3.1-8B-mini4L,2048,4,0,273653636,273653636,208312044,224649042,16334864,"[16335934, 16334866, 16333794]"
4,108,meta-llama/Llama-3.1-8B-mini4L,2048,4,0,289986362,289986362,224649042,240984976,16333795,"[16334866, 16333794, 16332726]"
4,116,meta-llama/Llama-3.1-8B-mini4L,2048,4,0,306317754,306317754,240984976,257319842,16332637,"[16333794, 16332726, 16331392]"
4,124,meta-llama/Llama-3.1-8B-mini4L,2048,4,0,322648332,322648332,257319842,273653636,16331565,"[16332726, 16331392, 16330578]"
4,132,meta-llama/Llama-3.1-8B-mini4L,2048,4,0,338977576,338977576,273653636,289986362,16330404,"[16331392, 16330578, 16329244]"
4,140,meta-llama/Llama-3.1-8B-mini4L,2048,4,0,355305740,355305740,289986362,306317754,16329328,"[16330578, 16329244, 16328164]"
4,148,meta-llama/Llama-3.1-8B-mini4L,2048,4,0,371632828,371632828,306317754,322648332,16328165,"[16329244, 16328164, 16327088]"
4,156,meta-llama/Llama-3.1-8B-mini4L,2048,4,0,387958836,387958836,322648332,338977576,16327086,"[16328164, 16327088, 16326008]"
4,164,meta-llama/Llama-3.1-8B-mini4L,2048,4,0,404283498,404283498,338977576,355305740,16325919,"[16327088, 16326008, 16324662]"
4,172,meta-llama/Llama-3.1-8B-mini4L,2048,4,0,420607076,420607076,355305740,371632828,16324749,"[16326008, 16324662, 16323578]"
4,180,meta-llama/Llama-3.1-8B-mini4L,2048,4,0,436929570,436929570,371632828,387958836,16323578,"[16324662, 16323578, 16322494]"
4,188,meta-llama/Llama-3.1-8B-mini4L,2048,4,0,453250976,453250976,387958836,404283498,16322492,"[16323578, 16322494, 16321406]"
4,196,meta-llama/Llama-3.1-8B-mini4L,2048,4,0,469571294,469571294,404283498,420607076,16321406,"[16322494, 16321406, 16320318]"
4,204,meta-llama/Llama-3.1-8B-mini4L,2048,4,0,485890262,485890262,420607076,436929570,16320230,"[16321406, 16320318, 16318968]"
4,212,meta-llama/Llama-3.1-8B-mini4L,2048,4,0,502208138,502208138,436929570,453250976,16319054,"[16320318, 16318968, 16317876]"
4,220,meta-llama/Llama-3.1-8B-mini4L,2048,4,0,518524918,518524918,453250976,469571294,16317874,"[16318968, 16317876, 16316780]"
4,228,meta-llama/Llama-3.1-8B-mini4L,2048,4,0,534840606,534840606,469571294,485890262,16316781,"[16317876, 16316780, 16315688]"
4,236,meta-llama/Llama-3.1-8B-mini4L,2048,4,0,551155194,551155194,485890262,502208138,16315685,"[16316780, 16315688, 16314588]"
4,244,meta-llama/Llama-3.1-8B-mini4L,2048,4,0,567468424,567468424,502208138,518524918,16314502,"[16315688, 16314588, 16313230]"
4,252,meta-llama/Llama-3.1-8B-mini4L,2048,4,0,583780816,583780816,518524918,534840606,16313403,"[16314588, 16313230, 16312392]"
4,260,meta-llama/Llama-3.1-8B-mini4L,2048,4,0,600091842,600091842,534840606,551155194,16312216,"[16313230, 16312392, 16311026]"
4,268,meta-llama/Llama-3.1-8B-mini4L,2048,4,0,616401764,616401764,551155194,567468424,16311113,"[16312392, 16311026, 16309922]"
4,276,meta-llama/Llama-3.1-8B-mini4L,2048,4,0,632710582,632710582,567468424,583780816,16309922,"[16311026, 16309922, 16308818]"
4,284,meta-llama/Llama-3.1-8B-mini4L,2048,4,0,649018292,649018292,583780816,600091842,16308816,"[16309922, 16308818, 16307710]"
4,292,meta-llama/Llama-3.1-8B-mini4L,2048,4,0,665324632,665324632,600091842,616401764,16307622,"[16308818, 16307710, 16306340]"
4,300,meta-llama/Llama-3.1-8B-mini4L,2048,4,0,681629864,681629864,616401764,632710582,16306427,"[16307710, 16306340, 16305232]"
4,308,meta-llama/Llama-3.1-8B-mini4L,2048,4,0,697933984,697933984,632710582,649018292,16305230,"[16306340, 16305232, 16304120]"
4,316,meta-llama/Llama-3.1-8B-mini4L,2048,4,0,714236988,714236988,649018292,665324632,16304118,"[16305232, 16304120, 16303004]"
4,324,meta-llama/Llama-3.1-8B-mini4L,2048,4,0,730538876,730538876,665324632,681629864,16303004,"[16304120, 16303004, 16301888]"
4,332,meta-llama/Llama-3.1-8B-mini4L,2048,4,0,746839385,746839385,681629864,697933984,16301800,"[16303004, 16301888, 16300509]"
4,340,meta-llama/Llama-3.1-8B-mini4L,2048,4,0,763138774,763138774,697933984,714236988,16300595,"[16301888, 16300509, 16299389]"
4,348,meta-llama/Llama-3.1-8B-mini4L,2048,4,0,779437043,779437043,714236988,730538876,16299389,"[16300509, 16299389, 16298269]"
4,356,meta-llama/Llama-3.1-8B-mini4L,2048,4,0,795734188,795734188,730538876,746839385,16298267,"[16299389, 16298269, 16297145]"
4,364,meta-llama/Llama-3.1-8B-mini4L,2048,4,0,812030209,812030209,746839385,763138774,16297145,"[16298269, 16297145, 16296021]"
4,372,meta-llama/Llama-3.1-8B-mini4L,2048,4,0,828324844,828324844,763138774,779437043,16295933,"[16297145, 16296021, 16294635]"
4,380,meta-llama/Llama-3.1-8B-mini4L,2048,4,0,844618613,844618613,779437043,795734188,16294808,"[16296021, 16294635, 16293769]"
4,388,meta-llama/Llama-3.1-8B-mini4L,2048,4,0,860910988,860910988,795734188,812030209,16293593,"[16294635, 16293769, 16292375]"
4,396,meta-llama/Llama-3.1-8B-mini4L,2048,4,0,877202235,877202235,812030209,828324844,16292463,"[16293769, 16292375, 16291247]"
4,404,meta-llama/Llama-3.1-8B-mini4L,2048,4,0,893492346,893492346,828324844,844618613,16291244,"[16292375, 16291247, 16290111]"
4,412,meta-llama/Llama-3.1-8B-mini4L,2048,4,0,909781325,909781325,844618613,860910988,16290112,"[16291247, 16290111, 16288979]"
4,420,meta-llama/Llama-3.1-8B-mini4L,2048,4,0,914182625,914182625,860910988,877202235,12326796,"[16290111, 16288979, 4401300]"
4,428,meta-llama/Llama-3.1-8B-mini4L,2048,4,0,916427786,916427786,877202235,893492346,7645146,"[16288979, 4401300, 2245161]"
4,436,meta-llama/Llama-3.1-8B-mini4L,2048,4,0,918520844,918520844,893492346,909781325,2913173,"[4401300, 2245161, 2093058]"
4,444,meta-llama/Llama-3.1-8B-mini4L,2048,4,0,920610416,920610416,909781325,914182625,2142597,"[2245161, 2093058, 2089572]"
4,452,meta-llama/Llama-3.1-8B-mini4L,2056,4,3000000000,3440287439,440287439,520483,433640317,2215707,"[2215622, 2215706, 2215794]"
4,460,meta-llama/Llama-3.1-8B-mini4L,2056,4,3000000000,3440287439,440287439,520483,433640317,2215707,"[2215622, 2215706, 2215794]"
4,468,meta-llama/Llama-3.1-8B-mini4L,2056,4,3000000000,3440287439,440287439,520483,433640317,2215707,"[2215622, 2215706, 2215794]"
4,476,meta-llama/Llama-3.1-8B-mini4L,2056,4,3000000000,3440287439,440287439,520483,433640317,2215707,"[2215622, 2215706, 2215794]"
4,484,meta-llama/Llama-3.1-8B-mini4L,2056,4,3000000000,3440287439,440287439,520483,433640317,2215707,"[2215622, 2215706, 2215794]"
4,492,meta-llama/Llama-3.1-8B-mini4L,2056,4,3000000000,3440287439,440287439,520483,433640317,2215707,"[2215622, 2215706, 2215794]"
4,500,meta-llama/Llama-3.1-8B-mini4L,2056,4,3000000000,3440287439,440287439,520483,433640317,2215707,"[2215622, 2215706, 2215794]"
4,508,meta-llama/Llama-3.1-8B-mini4L,2056,4,3000000000,3440287439,440287439,520483,433640317,2215707,"[2215622, 2215706, 2215794]"
4,516,meta-llama/Llama-3.1-8B-mini4L,2056,4,3000000000,4127536079,1127536079,440287439,1120888957,2215707,"[2215622, 2215706, 2215794]"
4,524,meta-llama/Llama-3.1-8B-mini4L,2056,4,3000000000,4127536079,1127536079,440287439,1120888957,2215707,"[2215622, 2215706, 2215794]"
4,532,meta-llama/Llama-3.1-8B-mini4L,2056,4,3000000000,4127536079,1127536079,440287439,1120888957,2215707,"[2215622, 2215706, 2215794]"
4,540,meta-llama/Llama-3.1-8B-mini4L,2056,4,3000000000,4127536079,1127536079,440287439,1120888957,2215707,"[2215622, 2215706, 2215794]"
4,548,meta-llama/Llama-3.1-8B-mini4L,2056,4,3000000000,4127536079,1127536079,440287439,1120888957,2215707,"[2215622, 2215706, 2215794]"
4,556,meta-llama/Llama-3.1-8B-mini4L,2056,4,3000000000,4127536079,1127536079,440287439,1120888957,2215707,"[2215622, 2215706, 2215794]"
4,564,meta-llama/Llama-3.1-8B-mini4L,2056,4,3000000000,4127536079,1127536079,440287439,1120888957,2215707,"[2215622, 2215706, 2215794]"
4,572,meta-llama/Llama-3.1-8B-mini4L,2056,4,3000000000,4127536079,1127536079,440287439,1120888957,2215707,"[2215622, 2215706, 2215794]"
4,580,meta-llama/Llama-3.1-8B-mini4L,2056,4,3000000000,4814784719,1814784719,1127536079,1808137597,2215707,"[2215622, 2215706, 2215794]"
4,588,meta-llama/Llama-3.1-8B-mini4L,2056,4,3000000000,4814784719,1814784719,1127536079,1808137597,2215707,"[2215622, 2215706, 2215794]"
4,596,meta-llama/Llama-3.1-8B-mini4L,2056,4,3000000000,4814784719,1814784719,1127536079,1808137597,2215707,"[2215622, 2215706, 2215794]"
4,604,meta-llama/Llama-3.1-8B-mini4L,2056,4,3000000000,4814784719,1814784719,1127536079,1808137597,2215707,"[2215622, 2215706, 2215794]"
4,612,meta-llama/Llama-3.1-8B-mini4L,2056,4,3000000000,4814784719,1814784719,1127536079,1808137597,2215707,"[2215622, 2215706, 2215794]"
4,620,meta-llama/Llama-3.1-8B-mini4L,2056,4,3000000000,4814784719,1814784719,1127536079,1808137597,2215707,"[2215622, 2215706, 2215794]"
4,628,meta-llama/Llama-3.1-8B-mini4L,2056,4,3000000000,4814784719,1814784719,1127536079,1808137597,2215707,"[2215622, 2215706, 2215794]"
4,636,meta-llama/Llama-3.1-8B-mini4L,2056,4,3000000000,4814784719,1814784719,1127536079,1808137597,2215707,"[2215622, 2215706, 2215794]"
4,644,meta-llama/Llama-3.1-8B-mini4L,2056,4,3000000000,5502033359,2502033359,1814784719,2495386237,2215707,"[2215622, 2215706, 2215794]"
4,652,meta-llama/Llama-3.1-8B-mini4L,2056,4,3000000000,5502033359,2502033359,1814784719,2495386237,2215707,"[2215622, 2215706, 2215794]"
4,660,meta-llama/Llama-3.1-8B-mini4L,2056,4,3000000000,5502033359,2502033359,1814784719,2495386237,2215707,"[2215622, 2215706, 2215794]"
4,668,meta-llama/Llama-3.1-8B-mini4L,2056,4,3000000000,5502033359,2502033359,1814784719,2495386237,2215707,"[2215622, 2215706, 2215794]"
4,676,meta-llama/Llama-3.1-8B-mini4L,2056,4,3000000000,5502033359,2502033359,1814784719,2495386237,2215707,"[2215622, 2215706, 2215794]"
4,684,meta-llama/Llama-3.1-8B-mini4L,2056,4,3000000000,5502033359,2502033359,1814784719,2495386237,2215707,"[2215622, 2215706, 2215794]"
4,692,meta-llama/Llama-3.1-8B-mini4L,2056,4,3000000000,5502033359,2502033359,1814784719,2495386237,2215707,"[2215622, 2215706, 2215794]"
4,700,meta-llama/Llama-3.1-8B-mini4L,2056,4,3000000000,5502033359,2502033359,1814784719,2495386237,2215707,"[2215622, 2215706, 2215794]"
4,708,meta-llama/Llama-3.1-8B-mini4L,2056,4,3000000000,6189281999,3189281999,2502033359,3182634877,2215707,"[2215622, 2215706, 2215794]"
4,716,meta-llama/Llama-3.1-8B-mini4L,2056,4,3000000000,6189281999,3189281999,2502033359,3182634877,2215707,"[2215622, 2215706, 2215794]"
4,724,meta-llama/Llama-3.1-8B-mini4L,2056,4,3000000000,6189281999,3189281999,2502033359,3182634877,2215707,"[2215622, 2215706, 2215794]"
4,732,meta-llama/Llama-3.1-8B-mini4L,2056,4,3000000000,6189281999,3189281999,2502033359,3182634877,2215707,"[2215622, 2215706, 2215794]"
4,740,meta-llama/Llama-3.1-8B-mini4L,2056,4,3000000000,6189281999,3189281999,2502033359,3182634877,2215707,"[2215622, 2215706, 2215794]"
4,748,meta-llama/Llama-3.1-8B-mini4L,2056,4,3000000000,6189281999,3189281999,2502033359,3182634877,2215707,"[2215622, 2215706, 2215794]"
4,756,meta-llama/Llama-3.1-8B-mini4L,2056,4,3000000000,6189281999,3189281999,2502033359,3182634877,2215707,"[2215622, 2215706, 2215794]"
4,764,meta-llama/Llama-3.1-8B-mini4L,2056,4,3000000000,6189281999,3189281999,2502033359,3182634877,2215707,"[2215622, 2215706, 2215794]"
4,772,meta-llama/Llama-3.1-8B-mini4L,2056,4,3000000000,6876530639,3876530639,3189281999,3869883517,2215707,"[2215622, 2215706, 2215794]"
4,780,meta-llama/Llama-3.1-8B-mini4L,2056,4,3000000000,6876530639,3876530639,3189281999,3869883517,2215707,"[2215622, 2215706, 2215794]"
4,788,meta-llama/Llama-3.1-8B-mini4L,2056,4,3000000000,6876530639,3876530639,3189281999,3869883517,2215707,"[2215622, 2215706, 2215794]"
4,796,meta-llama/Llama-3.1-8B-mini4L,2056,4,3000000000,6876530639,3876530639,3189281999,3869883517,2215707,"[2215622, 2215706, 2215794]"
4,804,meta-llama/Llama-3.1-8B-mini4L,2056,4,3000000000,6876530639,3876530639,3189281999,3869883517,2215707,"[2215622, 2215706, 2215794]"
4,812,meta-llama/Llama-3.1-8B-mini4L,2056,4,3000000000,6876530639,3876530639,3189281999,3869883517,2215707,"[2215622, 2215706, 2215794]"
4,820,meta-llama/Llama-3.1-8B-mini4L,2056,4,3000000000,6876530639,3876530639,3189281999,3869883517,2215707,"[2215622, 2215706, 2215794]"
4,828,meta-llama/Llama-3.1-8B-mini4L,2056,4,3000000000,6876530639,3876530639,3189281999,3869883517,2215707,"[2215622, 2215706, 2215794]"
4,836,meta-llama/Llama-3.1-8B-mini4L,2056,4,3000000000,7563779279,4563779279,3876530639,4557132157,2215707,"[2215622, 2215706, 2215794]"
4,844,meta-llama/Llama-3.1-8B-mini4L,2056,4,3000000000,7563779279,4563779279,3876530639,4557132157,2215707,"[2215622, 2215706, 2215794]"
4,852,meta-llama/Llama-3.1-8B-mini4L,2056,4,3000000000,7563779279,4563779279,3876530639,4557132157,2215707,"[2215622, 2215706, 2215794]"
4,860,meta-llama/Llama-3.1-8B-mini4L,2056,4,3000000000,7563779279,4563779279,3876530639,4557132157,2215707,"[2215622, 2215706, 2215794]"
4,868,meta-llama/Llama-3.1-8B-mini4L,2056,4,3000000000,7563779279,4563779279,3876530639,4557132157,2215707,"[2215622, 2215706, 2215794]"
4,876,meta-llama/Llama-3.1-8B-mini4L,2056,4,3000000000,7563779279,4563779279,3876530639,4557132157,2215707,"[2215622, 2215706, 2215794]"
4,884,meta-llama/Llama-3.1-8B-mini4L,2056,4,3000000000,7563779279,4563779279,3876530639,4557132157,2215707,"[2215622, 2215706, 2215794]"
4,892,meta-llama/Llama-3.1-8B-mini4L,2056,4,3000000000,7563779279,4563779279,3876530639,4557132157,2215707,"[2215622, 2215706, 2215794]"
5,5,meta-llama/Llama-3.1-8B-mini4L,2048,4,0,61962072,61962072,1,14191493,15923526,"[15258418, 16234172, 16277989]"
5,13,meta-llama/Llama-3.1-8B-mini4L,2048,4,0,94557424,94557424,29449911,45684083,16291113,"[16277989, 16277237, 16318115]"
5,21,meta-llama/Llama-3.1-8B-mini4L,2048,4,0,110874487,110874487,45684083,61962072,16304138,"[16277237, 16318115, 16317063]"
5,29,meta-llama/Llama-3.1-8B-mini4L,2048,4,0,127190494,127190494,61962072,78239309,16317061,"[16318115, 16317063, 16316007]"
5,37,meta-llama/Llama-3.1-8B-mini4L,2048,4,0,143505445,143505445,78239309,94557424,16316007,"[16317063, 16316007, 16314951]"
5,45,meta-llama/Llama-3.1-8B-mini4L,2048,4,0,159819340,159819340,94557424,110874487,16314951,"[16316007, 16314951, 16313895]"
5,53,meta-llama/Llama-3.1-8B-mini4L,2048,4,0,176159788,176159788,110874487,127190494,16323098,"[16314951, 16313895, 16340448]"
5,61,meta-llama/Llama-3.1-8B-mini4L,2048,4,0,192499176,192499176,127190494,143505445,16331243,"[16313895, 16340448, 16339388]"
5,69,meta-llama/Llama-3.1-8B-mini4L,2048,4,0,208837500,208837500,143505445,159819340,16339386,"[16340448, 16339388, 16338324]"
5,77,meta-llama/Llama-3.1-8B-mini4L,2048,4,0,225174498,225174498,159819340,176159788,16338236,"[16339388, 16338324, 16336998]"
5,85,meta-llama/Llama-3.1-8B-mini4L,2048,4,0,241510432,241510432,176159788,192499176,16337085,"[16338324, 16336998, 16335934]"
5,93,meta-llama/Llama-3.1-8B-mini4L,2048,4,0,257845298,257845298,192499176,208837500,16335932,"[16336998, 16335934, 16334866]"
5,101,meta-llama/Llama-3.1-8B-mini4L,2048,4,0,274179092,274179092,208837500,225174498,16334864,"[16335934, 16334866, 16333794]"
5,109,meta-llama/Llama-3.1-8B-mini4L,2048,4,0,290511818,290511818,225174498,241510432,16333795,"[16334866, 16333794, 16332726]"
5,117,meta-llama/Llama-3.1-8B-mini4L,2048,4,0,306843210,306843210,241510432,257845298,16332637,"[16333794, 16332726, 16331392]"
5,125,meta-llama/Llama-3.1-8B-mini4L,2048,4,0,323173788,323173788,257845298,274179092,16331565,"[16332726, 16331392, 16330578]"
5,133,meta-llama/Llama-3.1-8B-mini4L,2048,4,0,339503032,339503032,274179092,290511818,16330404,"[16331392, 16330578, 16329244]"
5,141,meta-llama/Llama-3.1-8B-mini4L,2048,4,0,355831196,355831196,290511818,306843210,16329328,"[16330578, 16329244, 16328164]"
5,149,meta-llama/Llama-3.1-8B-mini4L,2048,4,0,372158284,372158284,306843210,323173788,16328165,"[16329244, 16328164, 16327088]"
5,157,meta-llama/Llama-3.1-8B-mini4L,2048,4,0,388484292,388484292,323173788,339503032,16327086,"[16328164, 16327088, 16326008]"
5,165,meta-llama/Llama-3.1-8B-mini4L,2048,4,0,404808954,404808954,339503032,355831196,16325919,"[16327088, 16326008, 16324662]"
5,173,meta-llama/Llama-3.1-8B-mini4L,2048,4,0,421132532,421132532,355831196,372158284,16324749,"[16326008, 16324662, 16323578]"
5,181,meta-llama/Llama-3.1-8B-mini4L,2048,4,0,437455026,437455026,372158284,388484292,16323578,"[16324662, 16323578, 16322494]"
5,189,meta-llama/Llama-3.1-8B-mini4L,2048,4,0,453776432,453776432,388484292,404808954,16322492,"[16323578, 16322494, 16321406]"
5,197,meta-llama/Llama-3.1-8B-mini4L,2048,4,0,470096750,470096750,404808954,421132532,16321406,"[16322494, 16321406, 16320318]"
5,205,meta-llama/Llama-3.1-8B-mini4L,2048,4,0,486415718,486415718,421132532,437455026,16320230,"[16321406, 16320318, 16318968]"
5,213,meta-llama/Llama-3.1-8B-mini4L,2048,4,0,502733594,502733594,437455026,453776432,16319054,"[16320318, 16318968, 16317876]"
5,221,meta-llama/Llama-3.1-8B-mini4L,2048,4,0,519050374,519050374,453776432,470096750,16317874,"[16318968, 16317876, 16316780]"
5,229,meta-llama/Llama-3.1-8B-mini4L,2048,4,0,535366062,535366062,470096750,486415718,16316781,"[16317876, 16316780, 16315688]"
5,237,meta-llama/Llama-3.1-8B-mini4L,2048,4,0,551680650,551680650,486415718,502733594,16315685,"[16316780, 16315688, 16314588]"
5,245,meta-llama/Llama-3.1-8B-mini4L,2048,4,0,567993880,567993880,502733594,519050374,16314502,"[16315688, 16314588, 16313230]"
5,253,meta-llama/Llama-3.1-8B-mini4L,2048,4,0,584306272,584306272,519050374,535366062,16313403,"[16314588, 16313230, 16312392]"
5,261,meta-llama/Llama-3.1-8B-mini4L,2048,4,0,600617298,600617298,535366062,551680650,16312216,"[16313230, 16312392, 16311026]"
5,269,meta-llama/Llama-3.1-8B-mini4L,2048,4,0,616927220,616927220,551680650,567993880,16311113,"[16312392, 16311026, 16309922]"
5,277,meta-llama/Llama-3.1-8B-mini4L,2048,4,0,633236038,633236038,567993880,584306272,16309922,"[16311026, 16309922, 16308818]"
5,285,meta-llama/Llama-3.1-8B-mini4L,2048,4,0,649543748,649543748,584306272,600617298,16308816,"[16309922, 16308818, 16307710]"
5,293,meta-llama/Llama-3.1-8B-mini4L,2048,4,0,665850088,665850088,600617298,616927220,16307622,"[16308818, 16307710, 16306340]"
5,301,meta-llama/Llama-3.1-8B-mini4L,2048,4,0,682155320,682155320,616927220,633236038,16306427,"[16307710, 16306340, 16305232]"
5,309,meta-llama/Llama-3.1-8B-mini4L,2048,4,0,698459440,698459440,633236038,649543748,16305230,"[16306340, 16305232, 16304120]"
5,317,meta-llama/Llama-3.1-8B-mini4L,2048,4,0,714762444,714762444,649543748,665850088,16304118,"[16305232, 16304120, 16303004]"
5,325,meta-llama/Llama-3.1-8B-mini4L,2048,4,0,731064332,731064332,665850088,682155320,16303004,"[16304120, 16303004, 16301888]"
5,333,meta-llama/Llama-3.1-8B-mini4L,2048,4,0,747364841,747364841,682155320,698459440,16301800,"[16303004, 16301888, 16300509]"
5,341,meta-llama/Llama-3.1-8B-mini4L,2048,4,0,763664230,763664230,698459440,714762444,16300595,"[16301888, 16300509, 16299389]"
5,349,meta-llama/Llama-3.1-8B-mini4L,2048,4,0,779962499,779962499,714762444,731064332,16299389,"[16300509, 16299389, 16298269]"
5,357,meta-llama/Llama-3.1-8B-mini4L,2048,4,0,796259644,796259644,731064332,747364841,16298267,"[16299389, 16298269, 16297145]"
5,365,meta-llama/Llama-3.1-8B-mini4L,2048,4,0,812555665,812555665,747364841,763664230,16297145,"[16298269, 16297145, 16296021]"
5,373,meta-llama/Llama-3.1-8B-mini4L,2048,4,0,828850300,828850300,763664230,779962499,16295933,"[16297145, 16296021, 16294635]"
5,381,meta-llama/Llama-3.1-8B-mini4L,2048,4,0,845144069,845144069,779962499,796259644,16294808,"[16296021, 16294635, 16293769]"
5,389,meta-llama/Llama-3.1-8B-mini4L,2048,4,0,861436444,861436444,796259644,812555665,16293593,"[16294635, 16293769, 16292375]"
5,397,meta-llama/Llama-3.1-8B-mini4L,2048,4,0,877727691,877727691,812555665,828850300,16292463,"[16293769, 16292375, 16291247]"
5,405,meta-llama/Llama-3.1-8B-mini4L,2048,4,0,894017802,894017802,828850300,845144069,16291244,"[16292375, 16291247, 16290111]"
5,413,meta-llama/Llama-3.1-8B-mini4L,2048,4,0,910306781,910306781,845144069,861436444,16290112,"[16291247, 16290111, 16288979]"
5,421,meta-llama/Llama-3.1-8B-mini4L,2048,4,0,914224299,914224299,861436444,877727691,12165536,"[16290111, 16288979, 3917518]"
5,429,meta-llama/Llama-3.1-8B-mini4L,2048,4,0,916428675,916428675,877727691,894017802,7470291,"[16288979, 3917518, 2204376]"
5,437,meta-llama/Llama-3.1-8B-mini4L,2048,4,0,918521477,918521477,894017802,910306781,2738232,"[3917518, 2204376, 2092802]"
5,445,meta-llama/Llama-3.1-8B-mini4L,2048,4,0,920610792,920610792,910306781,914224299,2128831,"[2204376, 2092802, 2089315]"
5,453,meta-llama/Llama-3.1-8B-mini4L,2056,4,3000000000,3526193519,526193519,520483,519546397,2215707,"[2215622, 2215706, 2215794]"
5,461,meta-llama/Llama-3.1-8B-mini4L,2056,4,3000000000,3526193519,526193519,520483,519546397,2215707,"[2215622, 2215706, 2215794]"
5,469,meta-llama/Llama-3.1-8B-mini4L,2056,4,3000000000,3526193519,526193519,520483,519546397,2215707,"[2215622, 2215706, 2215794]"
5,477,meta-llama/Llama-3.1-8B-mini4L,2056,4,3000000000,3526193519,526193519,520483,519546397,2215707,"[2215622, 2215706, 2215794]"
5,485,meta-llama/Llama-3.1-8B-mini4L,2056,4,3000000000,3526193519,526193519,520483,519546397,2215707,"[2215622, 2215706, 2215794]"
5,493,meta-llama/Llama-3.1-8B-mini4L,2056,4,3000000000,3526193519,526193519,520483,519546397,2215707,"[2215622, 2215706, 2215794]"
5,501,meta-llama/Llama-3.1-8B-mini4L,2056,4,3000000000,3526193519,526193519,520483,519546397,2215707,"[2215622, 2215706, 2215794]"
5,509,meta-llama/Llama-3.1-8B-mini4L,2056,4,3000000000,3526193519,526193519,520483,519546397,2215707,"[2215622, 2215706, 2215794]"
5,517,meta-llama/Llama-3.1-8B-mini4L,2056,4,3000000000,4213442159,1213442159,526193519,1206795037,2215707,"[2215622, 2215706, 2215794]"
5,525,meta-llama/Llama-3.1-8B-mini4L,2056,4,3000000000,4213442159,1213442159,526193519,1206795037,2215707,"[2215622, 2215706, 2215794]"
5,533,meta-llama/Llama-3.1-8B-mini4L,2056,4,3000000000,4213442159,1213442159,526193519,1206795037,2215707,"[2215622, 2215706, 2215794]"
5,541,meta-llama/Llama-3.1-8B-mini4L,2056,4,3000000000,4213442159,1213442159,526193519,1206795037,2215707,"[2215622, 2215706, 2215794]"
5,549,meta-llama/Llama-3.1-8B-mini4L,2056,4,3000000000,4213442159,1213442159,526193519,1206795037,2215707,"[2215622, 2215706, 2215794]"
5,557,meta-llama/Llama-3.1-8B-mini4L,2056,4,3000000000,4213442159,1213442159,526193519,1206795037,2215707,"[2215622, 2215706, 2215794]"
5,565,meta-llama/Llama-3.1-8B-mini4L,2056,4,3000000000,4213442159,1213442159,526193519,1206795037,2215707,"[2215622, 2215706, 2215794]"
5,573,meta-llama/Llama-3.1-8B-mini4L,2056,4,3000000000,4213442159,1213442159,526193519,1206795037,2215707,"[2215622, 2215706, 2215794]"
5,581,meta-llama/Llama-3.1-8B-mini4L,2056,4,3000000000,4900690799,1900690799,1213442159,1894043677,2215707,"[2215622, 2215706, 2215794]"
5,589,meta-llama/Llama-3.1-8B-mini4L,2056,4,3000000000,4900690799,1900690799,1213442159,1894043677,2215707,"[2215622, 2215706, 2215794]"
5,597,meta-llama/Llama-3.1-8B-mini4L,2056,4,3000000000,4900690799,1900690799,1213442159,1894043677,2215707,"[2215622, 2215706, 2215794]"
5,605,meta-llama/Llama-3.1-8B-mini4L,2056,4,3000000000,4900690799,1900690799,1213442159,1894043677,2215707,"[2215622, 2215706, 2215794]"
5,613,meta-llama/Llama-3.1-8B-mini4L,2056,4,3000000000,4900690799,1900690799,1213442159,1894043677,2215707,"[2215622, 2215706, 2215794]"
5,621,meta-llama/Llama-3.1-8B-mini4L,2056,4,3000000000,4900690799,1900690799,1213442159,1894043677,2215707,"[2215622, 2215706, 2215794]"
5,629,meta-llama/Llama-3.1-8B-mini4L,2056,4,3000000000,4900690799,1900690799,1213442159,1894043677,2215707,"[2215622, 2215706, 2215794]"
5,637,meta-llama/Llama-3.1-8B-mini4L,2056,4,3000000000,4900690799,1900690799,1213442159,1894043677,2215707,"[2215622, 2215706, 2215794]"
5,645,meta-llama/Llama-3.1-8B-mini4L,2056,4,3000000000,5587939439,2587939439,1900690799,2581292317,2215707,"[2215622, 2215706, 2215794]"
5,653,meta-llama/Llama-3.1-8B-mini4L,2056,4,3000000000,5587939439,2587939439,1900690799,2581292317,2215707,"[2215622, 2215706, 2215794]"
5,661,meta-llama/Llama-3.1-8B-mini4L,2056,4,3000000000,5587939439,2587939439,1900690799,2581292317,2215707,"[2215622, 2215706, 2215794]"
5,669,meta-llama/Llama-3.1-8B-mini4L,2056,4,3000000000,5587939439,2587939439,1900690799,2581292317,2215707,"[2215622, 2215706, 2215794]"
5,677,meta-llama/Llama-3.1-8B-mini4L,2056,4,3000000000,5587939439,2587939439,1900690799,2581292317,2215707,"[2215622, 2215706, 2215794]"
5,685,meta-llama/Llama-3.1-8B-mini4L,2056,4,3000000000,5587939439,2587939439,1900690799,2581292317,2215707,"[2215622, 2215706, 2215794]"
5,693,meta-llama/Llama-3.1-8B-mini4L,2056,4,3000000000,5587939439,2587939439,1900690799,2581292317,2215707,"[2215622, 2215706, 2215794]"
5,701,meta-llama/Llama-3.1-8B-mini4L,2056,4,3000000000,5587939439,2587939439,1900690799,2581292317,2215707,"[2215622, 2215706, 2215794]"
5,709,meta-llama/Llama-3.1-8B-mini4L,2056,4,3000000000,6275188079,3275188079,2587939439,3268540957,2215707,"[2215622, 2215706, 2215794]"
5,717,meta-llama/Llama-3.1-8B-mini4L,2056,4,3000000000,6275188079,3275188079,2587939439,3268540957,2215707,"[2215622, 2215706, 2215794]"
5,725,meta-llama/Llama-3.1-8B-mini4L,2056,4,3000000000,6275188079,3275188079,2587939439,3268540957,2215707,"[2215622, 2215706, 2215794]"
5,733,meta-llama/Llama-3.1-8B-mini4L,2056,4,3000000000,6275188079,3275188079,2587939439,3268540957,2215707,"[2215622, 2215706, 2215794]"
5,741,meta-llama/Llama-3.1-8B-mini4L,2056,4,3000000000,6275188079,3275188079,2587939439,3268540957,2215707,"[2215622, 2215706, 2215794]"
5,749,meta-llama/Llama-3.1-8B-mini4L,2056,4,3000000000,6275188079,3275188079,2587939439,3268540957,2215707,"[2215622, 2215706, 2215794]"
5,757,meta-llama/Llama-3.1-8B-mini4L,2056,4,3000000000,6275188079,3275188079,2587939439,3268540957,2215707,"[2215622, 2215706, 2215794]"
5,765,meta-llama/Llama-3.1-8B-mini4L,2056,4,3000000000,6275188079,3275188079,2587939439,3268540957,2215707,"[2215622, 2215706, 2215794]"
5,773,meta-llama/Llama-3.1-8B-mini4L,2056,4,3000000000,6962436719,3962436719,3275188079,3955789597,2215707,"[2215622, 2215706, 2215794]"
5,781,meta-llama/Llama-3.1-8B-mini4L,2056,4,3000000000,6962436719,3962436719,3275188079,3955789597,2215707,"[2215622, 2215706, 2215794]"
5,789,meta-llama/Llama-3.1-8B-mini4L,2056,4,3000000000,6962436719,3962436719,3275188079,3955789597,2215707,"[2215622, 2215706, 2215794]"
5,797,meta-llama/Llama-3.1-8B-mini4L,2056,4,3000000000,6962436719,3962436719,3275188079,3955789597,2215707,"[2215622, 2215706, 2215794]"
5,805,meta-llama/Llama-3.1-8B-mini4L,2056,4,3000000000,6962436719,3962436719,3275188079,3955789597,2215707,"[2215622, 2215706, 2215794]"
5,813,meta-llama/Llama-3.1-8B-mini4L,2056,4,3000000000,6962436719,3962436719,3275188079,3955789597,2215707,"[2215622, 2215706, 2215794]"
5,821,meta-llama/Llama-3.1-8B-mini4L,2056,4,3000000000,6962436719,3962436719,3275188079,3955789597,2215707,"[2215622, 2215706, 2215794]"
5,829,meta-llama/Llama-3.1-8B-mini4L,2056,4,3000000000,6962436719,3962436719,3275188079,3955789597,2215707,"[2215622, 2215706, 2215794]"
5,837,meta-llama/Llama-3.1-8B-mini4L,2056,4,3000000000,7649685359,4649685359,3962436719,4643038237,2215707,"[2215622, 2215706, 2215794]"
5,845,meta-llama/Llama-3.1-8B-mini4L,2056,4,3000000000,7649685359,4649685359,3962436719,4643038237,2215707,"[2215622, 2215706, 2215794]"
5,853,meta-llama/Llama-3.1-8B-mini4L,2056,4,3000000000,7649685359,4649685359,3962436719,4643038237,2215707,"[2215622, 2215706, 2215794]"
5,861,meta-llama/Llama-3.1-8B-mini4L,2056,4,3000000000,7649685359,4649685359,3962436719,4643038237,2215707,"[2215622, 2215706, 2215794]"
5,869,meta-llama/Llama-3.1-8B-mini4L,2056,4,3000000000,7649685359,4649685359,3962436719,4643038237,2215707,"[2215622, 2215706, 2215794]"
5,877,meta-llama/Llama-3.1-8B-mini4L,2056,4,3000000000,7649685359,4649685359,3962436719,4643038237,2215707,"[2215622, 2215706, 2215794]"
5,885,meta-llama/Llama-3.1-8B-mini4L,2056,4,3000000000,7649685359,4649685359,3962436719,4643038237,2215707,"[2215622, 2215706, 2215794]"
5,893,meta-llama/Llama-3.1-8B-mini4L,2056,4,3000000000,7649685359,4649685359,3962436719,4643038237,2215707,"[2215622, 2215706, 2215794]"
6,6,meta-llama/Llama-3.1-8B-mini4L,2048,4,0,62487528,62487528,1,14716949,15923526,"[15258418, 16234172, 16277989]"
6,14,meta-llama/Llama-3.1-8B-mini4L,2048,4,0,95082880,95082880,29975367,46209539,16291113,"[16277989, 16277237, 16318115]"
6,22,meta-llama/Llama-3.1-8B-mini4L,2048,4,0,111399943,111399943,46209539,62487528,16304138,"[16277237, 16318115, 16317063]"
6,30,meta-llama/Llama-3.1-8B-mini4L,2048,4,0,127715950,127715950,62487528,78764765,16317061,"[16318115, 16317063, 16316007]"
6,38,meta-llama/Llama-3.1-8B-mini4L,2048,4,0,144030901,144030901,78764765,95082880,16316007,"[16317063, 16316007, 16314951]"
6,46,meta-llama/Llama-3.1-8B-mini4L,2048,4,0,160344796,160344796,95082880,111399943,16314951,"[16316007, 16314951, 16313895]"
6,54,meta-llama/Llama-3.1-8B-mini4L,2048,4,0,176685244,176685244,111399943,127715950,16323098,"[16314951, 16313895, 16340448]"
6,62,meta-llama/Llama-3.1-8B-mini4L,2048,4,0,193024632,193024632,127715950,144030901,16331243,"[16313895, 16340448, 16339388]"
6,70,meta-llama/Llama-3.1-8B-mini4L,2048,4,0,209362956,209362956,144030901,160344796,16339386,"[16340448, 16339388, 16338324]"
6,78,meta-llama/Llama-3.1-8B-mini4L,2048,4,0,225699954,225699954,160344796,176685244,16338236,"[16339388, 16338324, 16336998]"
6,86,meta-llama/Llama-3.1-8B-mini4L,2048,4,0,242035888,242035888,176685244,193024632,16337085,"[16338324, 16336998, 16335934]"
6,94,meta-llama/Llama-3.1-8B-mini4L,2048,4,0,258370754,258370754,193024632,209362956,16335932,"[16336998, 16335934, 16334866]"
6,102,meta-llama/Llama-3.1-8B-mini4L,2048,4,0,274704548,274704548,209362956,225699954,16334864,"[16335934, 16334866, 16333794]"
6,110,meta-llama/Llama-3.1-8B-mini4L,2048,4,0,291037274,291037274,225699954,242035888,16333795,"[16334866, 16333794, 16332726]"
6,118,meta-llama/Llama-3.1-8B-mini4L,2048,4,0,307368666,307368666,242035888,258370754,16332637,"[16333794, 16332726, 16331392]"
6,126,meta-llama/Llama-3.1-8B-mini4L,2048,4,0,323699244,323699244,258370754,274704548,16331565,"[16332726, 16331392, 16330578]"
6,134,meta-llama/Llama-3.1-8B-mini4L,2048,4,0,340028488,340028488,274704548,291037274,16330404,"[16331392, 16330578, 16329244]"
6,142,meta-llama/Llama-3.1-8B-mini4L,2048,4,0,356356652,356356652,291037274,307368666,16329328,"[16330578, 16329244, 16328164]"
6,150,meta-llama/Llama-3.1-8B-mini4L,2048,4,0,372683740,372683740,307368666,323699244,16328165,"[16329244, 16328164, 16327088]"
6,158,meta-llama/Llama-3.1-8B-mini4L,2048,4,0,389009748,389009748,323699244,340028488,16327086,"[16328164, 16327088, 16326008]"
6,166,meta-llama/Llama-3.1-8B-mini4L,2048,4,0,405334410,405334410,340028488,356356652,16325919,"[16327088, 16326008, 16324662]"
6,174,meta-llama/Llama-3.1-8B-mini4L,2048,4,0,421657988,421657988,356356652,372683740,16324749,"[16326008, 16324662, 16323578]"
6,182,meta-llama/Llama-3.1-8B-mini4L,2048,4,0,437980482,437980482,372683740,389009748,16323578,"[16324662, 16323578, 16322494]"
6,190,meta-llama/Llama-3.1-8B-mini4L,2048,4,0,454301888,454301888,389009748,405334410,16322492,"[16323578, 16322494, 16321406]"
6,198,meta-llama/Llama-3.1-8B-mini4L,2048,4,0,470622206,470622206,405334410,421657988,16321406,"[16322494, 16321406, 16320318]"
6,206,meta-llama/Llama-3.1-8B-mini4L,2048,4,0,486941174,486941174,421657988,437980482,16320230,"[16321406, 16320318, 16318968]"
6,214,meta-llama/Llama-3.1-8B-mini4L,2048,4,0,503259050,503259050,437980482,454301888,16319054,"[16320318, 16318968, 16317876]"
6,222,meta-llama/Llama-3.1-8B-mini4L,2048,4,0,519575830,519575830,454301888,470622206,16317874,"[16318968, 16317876, 16316780]"
6,230,meta-llama/Llama-3.1-8B-mini4L,2048,4,0,535891518,535891518,470622206,486941174,16316781,"[16317876, 16316780, 16315688]"
6,238,meta-llama/Llama-3.1-8B-mini4L,2048,4,0,552206106,552206106,486941174,503259050,16315685,"[16316780, 16315688, 16314588]"
6,246,meta-llama/Llama-3.1-8B-mini4L,2048,4,0,568519336,568519336,503259050,519575830,16314502,"[16315688, 16314588, 16313230]"
6,254,meta-llama/Llama-3.1-8B-mini4L,2048,4,0,584831728,584831728,519575830,535891518,16313403,"[16314588, 16313230, 16312392]"
6,262,meta-llama/Llama-3.1-8B-mini4L,2048,4,0,601142754,601142754,535891518,552206106,16312216,"[16313230, 16312392, 16311026]"
6,270,meta-llama/Llama-3.1-8B-mini4L,2048,4,0,617452676,617452676,552206106,568519336,16311113,"[16312392, 16311026, 16309922]"
6,278,meta-llama/Llama-3.1-8B-mini4L,2048,4,0,633761494,633761494,568519336,584831728,16309922,"[16311026, 16309922, 16308818]"
6,286,meta-llama/Llama-3.1-8B-mini4L,2048,4,0,650069204,650069204,584831728,601142754,16308816,"[16309922, 16308818, 16307710]"
6,294,meta-llama/Llama-3.1-8B-mini4L,2048,4,0,666375544,666375544,601142754,617452676,16307622,"[16308818, 16307710, 16306340]"
6,302,meta-llama/Llama-3.1-8B-mini4L,2048,4,0,682680776,682680776,617452676,633761494,16306427,"[16307710, 16306340, 16305232]"
6,310,meta-llama/Llama-3.1-8B-mini4L,2048,4,0,698984896,698984896,633761494,650069204,16305230,"[16306340, 16305232, 16304120]"
6,318,meta-llama/Llama-3.1-8B-mini4L,2048,4,0,715287900,715287900,650069204,666375544,16304118,"[16305232, 16304120, 16303004]"
6,326,meta-llama/Llama-3.1-8B-mini4L,2048,4,0,731589788,731589788,666375544,682680776,16303004,"[16304120, 16303004, 16301888]"
6,334,meta-llama/Llama-3.1-8B-mini4L,2048,4,0,747890297,747890297,682680776,698984896,16301800,"[16303004, 16301888, 16300509]"
6,342,meta-llama/Llama-3.1-8B-mini4L,2048,4,0,764189686,764189686,698984896,715287900,16300595,"[16301888, 16300509, 16299389]"
6,350,meta-llama/Llama-3.1-8B-mini4L,2048,4,0,780487955,780487955,715287900,731589788,16299389,"[16300509, 16299389, 16298269]"
6,358,meta-llama/Llama-3.1-8B-mini4L,2048,4,0,796785100,796785100,731589788,747890297,16298267,"[16299389, 16298269, 16297145]"
6,366,meta-llama/Llama-3.1-8B-mini4L,2048,4,0,813081121,813081121,747890297,764189686,16297145,"[16298269, 16297145, 16296021]"
6,374,meta-llama/Llama-3.1-8B-mini4L,2048,4,0,829375756,829375756,764189686,780487955,16295933,"[16297145, 16296021, 16294635]"
6,382,meta-llama/Llama-3.1-8B-mini4L,2048,4,0,845669525,845669525,780487955,796785100,16294808,"[16296021, 16294635, 16293769]"
6,390,meta-llama/Llama-3.1-8B-mini4L,2048,4,0,861961900,861961900,796785100,813081121,16293593,"[16294635, 16293769, 16292375]"
6,398,meta-llama/Llama-3.1-8B-mini4L,2048,4,0,878253147,878253147,813081121,829375756,16292463,"[16293769, 16292375, 16291247]"
6,406,meta-llama/Llama-3.1-8B-mini4L,2048,4,0,894543258,894543258,829375756,845669525,16291244,"[16292375, 16291247, 16290111]"
6,414,meta-llama/Llama-3.1-8B-mini4L,2048,4,0,910832237,910832237,845669525,861961900,16290112,"[16291247, 16290111, 16288979]"
6,422,meta-llama/Llama-3.1-8B-mini4L,2048,4,0,914265973,914265973,861961900,878253147,12004275,"[16290111, 16288979, 3433736]"
6,430,meta-llama/Llama-3.1-8B-mini4L,2048,4,0,916429564,916429564,878253147,894543258,7295435,"[16288979, 3433736, 2163591]"
6,438,meta-llama/Llama-3.1-8B-mini4L,2048,4,0,918522110,918522110,894543258,910832237,2563291,"[3433736, 2163591, 2092546]"
6,446,meta-llama/Llama-3.1-8B-mini4L,2048,4,0,920611168,920611168,910832237,914265973,2115065,"[2163591, 2092546, 2089058]"
6,454,meta-llama/Llama-3.1-8B-mini4L,2056,4,3000000000,3612099599,612099599,520483,605452477,2215707,"[2215622, 2215706, 2215794]"
6,462,meta-llama/Llama-3.1-8B-mini4L,2056,4,3000000000,3612099599,612099599,520483,605452477,2215707,"[2215622, 2215706, 2215794]"
6,470,meta-llama/Llama-3.1-8B-mini4L,2056,4,3000000000,3612099599,612099599,520483,605452477,2215707,"[2215622, 2215706, 2215794]"
6,478,meta-llama/Llama-3.1-8B-mini4L,2056,4,3000000000,3612099599,612099599,520483,605452477,2215707,"[2215622, 2215706, 2215794]"
6,486,meta-llama/Llama-3.1-8B-mini4L,2056,4,3000000000,3612099599,612099599,520483,605452477,2215707,"[2215622, 2215706, 2215794]"
6,494,meta-llama/Llama-3.1-8B-mini4L,2056,4,3000000000,3612099599,612099599,520483,605452477,2215707,"[2215622, 2215706, 2215794]"
6,502,meta-llama/Llama-3.1-8B-mini4L,2056,4,3000000000,3612099599,612099599,520483,605452477,2215707,"[2215622, 2215706, 2215794]"
6,510,meta-llama/Llama-3.1-8B-mini4L,2056,4,3000000000,3612099599,612099599,520483,605452477,2215707,"[2215622, 2215706, 2215794]"
6,518,meta-llama/Llama-3.1-8B-mini4L,2056,4,3000000000,4299348239,1299348239,612099599,1292701117,2215707,"[2215622, 2215706, 2215794]"
6,526,meta-llama/Llama-3.1-8B-mini4L,2056,4,3000000000,4299348239,1299348239,612099599,1292701117,2215707,"[2215622, 2215706, 2215794]"
6,534,meta-llama/Llama-3.1-8B-mini4L,2056,4,3000000000,4299348239,1299348239,612099599,1292701117,2215707,"[2215622, 2215706, 2215794]"
6,542,meta-llama/Llama-3.1-8B-mini4L,2056,4,3000000000,4299348239,1299348239,612099599,1292701117,2215707,"[2215622, 2215706, 2215794]"
6,550,meta-llama/Llama-3.1-8B-mini4L,2056,4,3000000000,4299348239,1299348239,612099599,1292701117,2215707,"[2215622, 2215706, 2215794]"
6,558,meta-llama/Llama-3.1-8B-mini4L,2056,4,3000000000,4299348239,1299348239,612099599,1292701117,2215707,"[2215622, 2215706, 2215794]"
6,566,meta-llama/Llama-3.1-8B-mini4L,2056,4,3000000000,4299348239,1299348239,612099599,1292701117,2215707,"[2215622, 2215706, 2215794]"
6,574,meta-llama/Llama-3.1-8B-mini4L,2056,4,3000000000,4299348239,1299348239,612099599,1292701117,2215707,"[2215622, 2215706, 2215794]"
6,582,meta-llama/Llama-3.1-8B-mini4L,2056,4,3000000000,4986596879,1986596879,1299348239,1979949757,2215707,"[2215622, 2215706, 2215794]"
6,590,meta-llama/Llama-3.1-8B-mini4L,2056,4,3000000000,4986596879,1986596879,1299348239,1979949757,2215707,"[2215622, 2215706, 2215794]"
6,598,meta-llama/Llama-3.1-8B-mini4L,2056,4,3000000000,4986596879,1986596879,1299348239,1979949757,2215707,"[2215622, 2215706, 2215794]"
6,606,meta-llama/Llama-3.1-8B-mini4L,2056,4,3000000000,4986596879,1986596879,1299348239,1979949757,2215707,"[2215622, 2215706, 2215794]"
6,614,meta-llama/Llama-3.1-8B-mini4L,2056,4,3000000000,4986596879,1986596879,1299348239,1979949757,2215707,"[2215622, 2215706, 2215794]"
6,622,meta-llama/Llama-3.1-8B-mini4L,2056,4,3000000000,4986596879,1986596879,1299348239,1979949757,2215707,"[2215622, 2215706, 2215794]"
6,630,meta-llama/Llama-3.1-8B-mini4L,2056,4,3000000000,4986596879,1986596879,1299348239,1979949757,2215707,"[2215622, 2215706, 2215794]"
6,638,meta-llama/Llama-3.1-8B-mini4L,2056,4,3000000000,4986596879,1986596879,1299348239,1979949757,2215707,"[2215622, 2215706, 2215794]"
6,646,meta-llama/Llama-3.1-8B-mini4L,2056,4,3000000000,5673845519,2673845519,1986596879,2667198397,2215707,"[2215622, 2215706, 2215794]"
6,654,meta-llama/Llama-3.1-8B-mini4L,2056,4,3000000000,5673845519,2673845519,1986596879,2667198397,2215707,"[2215622, 2215706, 2215794]"
6,662,meta-llama/Llama-3.1-8B-mini4L,2056,4,3000000000,5673845519,2673845519,1986596879,2667198397,2215707,"[2215622, 2215706, 2215794]"
6,670,meta-llama/Llama-3.1-8B-mini4L,2056,4,3000000000,5673845519,2673845519,1986596879,2667198397,2215707,"[2215622, 2215706, 2215794]"
6,678,meta-llama/Llama-3.1-8B-mini4L,2056,4,3000000000,5673845519,2673845519,1986596879,2667198397,2215707,"[2215622, 2215706, 2215794]"
6,686,meta-llama/Llama-3.1-8B-mini4L,2056,4,3000000000,5673845519,2673845519,1986596879,2667198397,2215707,"[2215622, 2215706, 2215794]"
6,694,meta-llama/Llama-3.1-8B-mini4L,2056,4,3000000000,5673845519,2673845519,1986596879,2667198397,2215707,"[2215622, 2215706, 2215794]"
6,702,meta-llama/Llama-3.1-8B-mini4L,2056,4,3000000000,5673845519,2673845519,1986596879,2667198397,2215707,"[2215622, 2215706, 2215794]"
6,710,meta-llama/Llama-3.1-8B-mini4L,2056,4,3000000000,6361094159,3361094159,2673845519,3354447037,2215707,"[2215622, 2215706, 2215794]"
6,718,meta-llama/Llama-3.1-8B-mini4L,2056,4,3000000000,6361094159,3361094159,2673845519,3354447037,2215707,"[2215622, 2215706, 2215794]"
6,726,meta-llama/Llama-3.1-8B-mini4L,2056,4,3000000000,6361094159,3361094159,2673845519,3354447037,2215707,"[2215622, 2215706, 2215794]"
6,734,meta-llama/Llama-3.1-8B-mini4L,2056,4,3000000000,6361094159,3361094159,2673845519,3354447037,2215707,"[2215622, 2215706, 2215794]"
6,742,meta-llama/Llama-3.1-8B-mini4L,2056,4,3000000000,6361094159,3361094159,2673845519,3354447037,2215707,"[2215622, 2215706, 2215794]"
6,750,meta-llama/Llama-3.1-8B-mini4L,2056,4,3000000000,6361094159,3361094159,2673845519,3354447037,2215707,"[2215622, 2215706, 2215794]"
6,758,meta-llama/Llama-3.1-8B-mini4L,2056,4,3000000000,6361094159,3361094159,2673845519,3354447037,2215707,"[2215622, 2215706, 2215794]"
6,766,meta-llama/Llama-3.1-8B-mini4L,2056,4,3000000000,6361094159,3361094159,2673845519,3354447037,2215707,"[2215622, 2215706, 2215794]"
6,774,meta-llama/Llama-3.1-8B-mini4L,2056,4,3000000000,7048342799,4048342799,3361094159,4041695677,2215707,"[2215622, 2215706, 2215794]"
6,782,meta-llama/Llama-3.1-8B-mini4L,2056,4,3000000000,7048342799,4048342799,3361094159,4041695677,2215707,"[2215622, 2215706, 2215794]"
6,790,meta-llama/Llama-3.1-8B-mini4L,2056,4,3000000000,7048342799,4048342799,3361094159,4041695677,2215707,"[2215622, 2215706, 2215794]"
6,798,meta-llama/Llama-3.1-8B-mini4L,2056,4,3000000000,7048342799,4048342799,3361094159,4041695677,2215707,"[2215622, 2215706, 2215794]"
6,806,meta-llama/Llama-3.1-8B-mini4L,2056,4,3000000000,7048342799,4048342799,3361094159,4041695677,2215707,"[2215622, 2215706, 2215794]"
6,814,meta-llama/Llama-3.1-8B-mini4L,2056,4,3000000000,7048342799,4048342799,3361094159,4041695677,2215707,"[2215622, 2215706, 2215794]"
6,822,meta-llama/Llama-3.1-8B-mini4L,2056,4,3000000000,7048342799,4048342799,3361094159,4041695677,2215707,"[2215622, 2215706, 2215794]"
6,830,meta-llama/Llama-3.1-8B-mini4L,2056,4,3000000000,7048342799,4048342799,3361094159,4041695677,2215707,"[2215622, 2215706, 2215794]"
6,838,meta-llama/Llama-3.1-8B-mini4L,2056,4,3000000000,7735591439,4735591439,4048342799,4728944317,2215707,"[2215622, 2215706, 2215794]"
6,846,meta-llama/Llama-3.1-8B-mini4L,2056,4,3000000000,7735591439,4735591439,4048342799,4728944317,2215707,"[2215622, 2215706, 2215794]"
6,854,meta-llama/Llama-3.1-8B-mini4L,2056,4,3000000000,7735591439,4735591439,4048342799,4728944317,2215707,"[2215622, 2215706, 2215794]"
6,862,meta-llama/Llama-3.1-8B-mini4L,2056,4,3000000000,7735591439,4735591439,4048342799,4728944317,2215707,"[2215622, 2215706, 2215794]"
6,870,meta-llama/Llama-3.1-8B-mini4L,2056,4,3000000000,7735591439,4735591439,4048342799,4728944317,2215707,"[2215622, 2215706, 2215794]"
6,878,meta-llama/Llama-3.1-8B-mini4L,2056,4,3000000000,7735591439,4735591439,4048342799,4728944317,2215707,"[2215622, 2215706, 2215794]"
6,886,meta-llama/Llama-3.1-8B-mini4L,2056,4,3000000000,7735591439,4735591439,4048342799,4728944317,2215707,"[2215622, 2215706, 2215794]"
6,894,meta-llama/Llama-3.1-8B-mini4L,2056,4,3000000000,7735591439,4735591439,4048342799,4728944317,2215707,"[2215622, 2215706, 2215794]"
7,7,meta-llama/Llama-3.1-8B-mini4L,2048,4,0,63012984,63012984,1,15242405,15923526,"[15258418, 16234172, 16277989]"
7,15,meta-llama/Llama-3.1-8B-mini4L,2048,4,0,95608336,95608336,30500823,46734995,16291113,"[16277989, 16277237, 16318115]"
7,23,meta-llama/Llama-3.1-8B-mini4L,2048,4,0,111925399,111925399,46734995,63012984,16304138,"[16277237, 16318115, 16317063]"
7,31,meta-llama/Llama-3.1-8B-mini4L,2048,4,0,128241406,128241406,63012984,79290221,16317061,"[16318115, 16317063, 16316007]"
7,39,meta-llama/Llama-3.1-8B-mini4L,2048,4,0,144556357,144556357,79290221,95608336,16316007,"[16317063, 16316007, 16314951]"
7,47,meta-llama/Llama-3.1-8B-mini4L,2048,4,0,160870252,160870252,95608336,111925399,16314951,"[16316007, 16314951, 16313895]"
7,55,meta-llama/Llama-3.1-8B-mini4L,2048,4,0,177210700,177210700,111925399,128241406,16323098,"[16314951, 16313895, 16340448]"
7,63,meta-llama/Llama-3.1-8B-mini4L,2048,4,0,193550088,193550088,128241406,144556357,16331243,"[16313895, 16340448, 16339388]"
7,71,meta-llama/Llama-3.1-8B-mini4L,2048,4,0,209888412,209888412,144556357,160870252,16339386,"[16340448, 16339388, 16338324]"
7,79,meta-llama/Llama-3.1-8B-mini4L,2048,4,0,226225410,226225410,160870252,177210700,16338236,"[16339388, 16338324, 16336998]"
7,87,meta-llama/Llama-3.1-8B-mini4L,2048,4,0,242561344,242561344,177210700,193550088,16337085,"[16338324, 16336998, 16335934]"
7,95,meta-llama/Llama-3.1-8B-mini4L,2048,4,0,258896210,258896210,193550088,209888412,16335932,"[16336998, 16335934, 16334866]"
7,103,meta-llama/Llama-3.1-8B-mini4L,2048,4,0,275230004,275230004,209888412,226225410,16334864,"[16335934, 16334866, 16333794]"
7,111,meta-llama/Llama-3.1-8B-mini4L,2048,4,0,291562730,291562730,226225410,242561344,16333795,"[16334866, 16333794, 16332726]"
7,119,meta-llama/Llama-3.1-8B-mini4L,2048,4,0,307894122,307894122,242561344,258896210,16332637,"[16333794, 16332726, 16331392]"
7,127,meta-llama/Llama-3.1-8B-mini4L,2048,4,0,324224700,324224700,258896210,275230004,16331565,"[16332726, 16331392, 16330578]"
7,135,meta-llama/Llama-3.1-8B-mini4L,2048,4,0,340553944,340553944,275230004,291562730,16330404,"[16331392, 16330578, 16329244]"
7,143,meta-llama/Llama-3.1-8B-mini4L,2048,4,0,356882108,356882108,291562730,307894122,16329328,"[16330578, 16329244, 16328164]"
7,151,meta-llama/Llama-3.1-8B-mini4L,2048,4,0,373209196,373209196,307894122,324224700,16328165,"[16329244, 16328164, 16327088]"
7,159,meta-llama/Llama-3.1-8B-mini4L,2048,4,0,389535204,389535204,324224700,340553944,16327086,"[16328164, 16327088, 16326008]"
7,167,meta-llama/Llama-3.1-8B-mini4L,2048,4,0,405859866,405859866,340553944,356882108,16325919,"[16327088, 16326008, 16324662]"
7,175,meta-llama/Llama-3.1-8B-mini4L,2048,4,0,422183444,422183444,356882108,373209196,16324749,"[16326008, 16324662, 16323578]"
7,183,meta-llama/Llama-3.1-8B-mini4L,2048,4,0,438505938,438505938,373209196,389535204,16323578,"[16324662, 16323578, 16322494]"
7,191,meta-llama/Llama-3.1-8B-mini4L,2048,4,0,454827344,454827344,389535204,405859866,16322492,"[16323578, 16322494, 16321406]"
7,199,meta-llama/Llama-3.1-8B-mini4L,2048,4,0,471147662,471147662,405859866,422183444,16321406,"[16322494, 16321406, 16320318]"
7,207,meta-llama/Llama-3.1-8B-mini4L,2048,4,0,487466630,487466630,422183444,438505938,16320230,"[16321406, 16320318, 16318968]"
7,215,meta-llama/Llama-3.1-8B-mini4L,2048,4,0,503784506,503784506,438505938,454827344,16319054,"[16320318, 16318968, 16317876]"
7,223,meta-llama/Llama-3.1-8B-mini4L,2048,4,0,520101286,520101286,454827344,471147662,16317874,"[16318968, 16317876, 16316780]"
7,231,meta-llama/Llama-3.1-8B-mini4L,2048,4,0,536416974,536416974,471147662,487466630,16316781,"[16317876, 16316780, 16315688]"
7,239,meta-llama/Llama-3.1-8B-mini4L,2048,4,0,552731562,552731562,487466630,503784506,16315685,"[16316780, 16315688, 16314588]"
7,247,meta-llama/Llama-3.1-8B-mini4L,2048,4,0,569044792,569044792,503784506,520101286,16314502,"[16315688, 16314588, 16313230]"
7,255,meta-llama/Llama-3.1-8B-mini4L,2048,4,0,585357184,585357184,520101286,536416974,16313403,"[16314588, 16313230, 16312392]"
7,263,meta-llama/Llama-3.1-8B-mini4L,2048,4,0,601668210,601668210,536416974,552731562,16312216,"[16313230, 16312392, 16311026]"
7,271,meta-llama/Llama-3.1-8B-mini4L,2048,4,0,617978132,617978132,552731562,569044792,16311113,"[16312392, 16311026, 16309922]"
7,279,meta-llama/Llama-3.1-8B-mini4L,2048,4,0,634286950,634286950,569044792,585357184,16309922,"[16311026, 16309922, 16308818]"
7,287,meta-llama/Llama-3.1-8B-mini4L,2048,4,0,650594660,650594660,585357184,601668210,16308816,"[16309922, 16308818, 16307710]"
7,295,meta-llama/Llama-3.1-8B-mini4L,2048,4,0,666901000,666901000,601668210,617978132,16307622,"[16308818, 16307710, 16306340]"
7,303,meta-llama/Llama-3.1-8B-mini4L,2048,4,0,683206232,683206232,617978132,634286950,16306427,"[16307710, 16306340, 16305232]"
7,311,meta-llama/Llama-3.1-8B-mini4L,2048,4,0,699510352,699510352,634286950,650594660,16305230,"[16306340, 16305232, 16304120]"
7,319,meta-llama/Llama-3.1-8B-mini4L,2048,4,0,715813356,715813356,650594660,666901000,16304118,"[16305232, 16304120, 16303004]"
7,327,meta-llama/Llama-3.1-8B-mini4L,2048,4,0,732115244,732115244,666901000,683206232,16303004,"[16304120, 16303004, 16301888]"
7,335,meta-llama/Llama-3.1-8B-mini4L,2048,4,0,748415753,748415753,683206232,699510352,16301800,"[16303004, 16301888, 16300509]"
7,343,meta-llama/Llama-3.1-8B-mini4L,2048,4,0,764715142,764715142,699510352,715813356,16300595,"[16301888, 16300509, 16299389]"
7,351,meta-llama/Llama-3.1-8B-mini4L,2048,4,0,781013411,781013411,715813356,732115244,16299389,"[16300509, 16299389, 16298269]"
7,359,meta-llama/Llama-3.1-8B-mini4L,2048,4,0,797310556,797310556,732115244,748415753,16298267,"[16299389, 16298269, 16297145]"
7,367,meta-llama/Llama-3.1-8B-mini4L,2048,4,0,813606577,813606577,748415753,764715142,16297145,"[16298269, 16297145, 16296021]"
7,375,meta-llama/Llama-3.1-8B-mini4L,2048,4,0,829901212,829901212,764715142,781013411,16295933,"[16297145, 16296021, 16294635]"
7,383,meta-llama/Llama-3.1-8B-mini4L,2048,4,0,846194981,846194981,781013411,797310556,16294808,"[16296021, 16294635, 16293769]"
7,391,meta-llama/Llama-3.1-8B-mini4L,2048,4,0,862487356,862487356,797310556,813606577,16293593,"[16294635, 16293769, 16292375]"
7,399,meta-llama/Llama-3.1-8B-mini4L,2048,4,0,878778603,878778603,813606577,829901212,16292463,"[16293769, 16292375, 16291247]"
7,407,meta-llama/Llama-3.1-8B-mini4L,2048,4,0,895068714,895068714,829901212,846194981,16291244,"[16292375, 16291247, 16290111]"
7,415,meta-llama/Llama-3.1-8B-mini4L,2048,4,0,911357693,911357693,846194981,862487356,16290112,"[16291247, 16290111, 16288979]"
7,423,meta-llama/Llama-3.1-8B-mini4L,2048,4,0,914307647,914307647,862487356,878778603,11843014,"[16290111, 16288979, 2949954]"
7,431,meta-llama/Llama-3.1-8B-mini4L,2048,4,0,916430453,916430453,878778603,895068714,7120579,"[16288979, 2949954, 2122806]"
7,439,meta-llama/Llama-3.1-8B-mini4L,2048,4,0,918522743,918522743,895068714,911357693,2388350,"[2949954, 2122806, 2092290]"
7,447,meta-llama/Llama-3.1-8B-mini4L,2048,4,0,920611544,920611544,911357693,914307647,2101299,"[2122806, 2092290, 2088801]"
7,455,meta-llama/Llama-3.1-8B-mini4L,2056,4,3000000000,3698005679,698005679,520483,691358557,2215707,"[2215622, 2215706, 2215794]"
7,463,meta-llama/Llama-3.1-8B-mini4L,2056,4,3000000000,3698005679,698005679,520483,691358557,2215707,"[2215622, 2215706, 2215794]"
7,471,meta-llama/Llama-3.1-8B-mini4L,2056,4,3000000000,3698005679,698005679,520483,691358557,2215707,"[2215622, 2215706, 2215794]"
7,479,meta-llama/Llama-3.1-8B-mini4L,2056,4,3000000000,3698005679,698005679,520483,691358557,2215707,"[2215622, 2215706, 2215794]"
7,487,meta-llama/Llama-3.1-8B-mini4L,2056,4,3000000000,3698005679,698005679,520483,691358557,2215707,"[2215622, 2215706, 2215794]"
7,495,meta-llama/Llama-3.1-8B-mini4L,2056,4,3000000000,3698005679,698005679,520483,691358557,2215707,"[2215622, 2215706, 2215794]"
7,503,meta-llama/Llama-3.1-8B-mini4L,2056,4,3000000000,3698005679,698005679,520483,691358557,2215707,"[2215622, 2215706, 2215794]"
7,511,meta-llama/Llama-3.1-8B-mini4L,2056,4,3000000000,3698005679,698005679,520483,691358557,2215707,"[2215622, 2215706, 2215794]"
7,519,meta-llama/Llama-3.1-8B-mini4L,2056,4,3000000000,4385254319,1385254319,698005679,1378607197,2215707,"[2215622, 2215706, 2215794]"
7,527,meta-llama/Llama-3.1-8B-mini4L,2056,4,3000000000,4385254319,1385254319,698005679,1378607197,2215707,"[2215622, 2215706, 2215794]"
7,535,meta-llama/Llama-3.1-8B-mini4L,2056,4,3000000000,4385254319,1385254319,698005679,1378607197,2215707,"[2215622, 2215706, 2215794]"
7,543,meta-llama/Llama-3.1-8B-mini4L,2056,4,3000000000,4385254319,1385254319,698005679,1378607197,2215707,"[2215622, 2215706, 2215794]"
7,551,meta-llama/Llama-3.1-8B-mini4L,2056,4,3000000000,4385254319,1385254319,698005679,1378607197,2215707,"[2215622, 2215706, 2215794]"
7,559,meta-llama/Llama-3.1-8B-mini4L,2056,4,3000000000,4385254319,1385254319,698005679,1378607197,2215707,"[2215622, 2215706, 2215794]"
7,567,meta-llama/Llama-3.1-8B-mini4L,2056,4,3000000000,4385254319,1385254319,698005679,1378607197,2215707,"[2215622, 2215706, 2215794]"
7,575,meta-llama/Llama-3.1-8B-mini4L,2056,4,3000000000,4385254319,1385254319,698005679,1378607197,2215707,"[2215622, 2215706, 2215794]"
7,583,meta-llama/Llama-3.1-8B-mini4L,2056,4,3000000000,5072502959,2072502959,1385254319,2065855837,2215707,"[2215622, 2215706, 2215794]"
7,591,meta-llama/Llama-3.1-8B-mini4L,2056,4,3000000000,5072502959,2072502959,1385254319,2065855837,2215707,"[2215622, 2215706, 2215794]"
7,599,meta-llama/Llama-3.1-8B-mini4L,2056,4,3000000000,5072502959,2072502959,1385254319,2065855837,2215707,"[2215622, 2215706, 2215794]"
7,607,meta-llama/Llama-3.1-8B-mini4L,2056,4,3000000000,5072502959,2072502959,1385254319,2065855837,2215707,"[2215622, 2215706, 2215794]"
7,615,meta-llama/Llama-3.1-8B-mini4L,2056,4,3000000000,5072502959,2072502959,1385254319,2065855837,2215707,"[2215622, 2215706, 2215794]"
7,623,meta-llama/Llama-3.1-8B-mini4L,2056,4,3000000000,5072502959,2072502959,1385254319,2065855837,2215707,"[2215622, 2215706, 2215794]"
7,631,meta-llama/Llama-3.1-8B-mini4L,2056,4,3000000000,5072502959,2072502959,1385254319,2065855837,2215707,"[2215622, 2215706, 2215794]"
7,639,meta-llama/Llama-3.1-8B-mini4L,2056,4,3000000000,5072502959,2072502959,1385254319,2065855837,2215707,"[2215622, 2215706, 2215794]"
7,647,meta-llama/Llama-3.1-8B-mini4L,2056,4,3000000000,5759751599,2759751599,2072502959,2753104477,2215707,"[2215622, 2215706, 2215794]"
7,655,meta-llama/Llama-3.1-8B-mini4L,2056,4,3000000000,5759751599,2759751599,2072502959,2753104477,2215707,"[2215622, 2215706, 2215794]"
7,663,meta-llama/Llama-3.1-8B-mini4L,2056,4,3000000000,5759751599,2759751599,2072502959,2753104477,2215707,"[2215622, 2215706, 2215794]"
7,671,meta-llama/Llama-3.1-8B-mini4L,2056,4,3000000000,5759751599,2759751599,2072502959,2753104477,2215707,"[2215622, 2215706, 2215794]"
7,679,meta-llama/Llama-3.1-8B-mini4L,2056,4,3000000000,5759751599,2759751599,2072502959,2753104477,2215707,"[2215622, 2215706, 2215794]"
7,687,meta-llama/Llama-3.1-8B-mini4L,2056,4,3000000000,5759751599,2759751599,2072502959,2753104477,2215707,"[2215622, 2215706, 2215794]"
7,695,meta-llama/Llama-3.1-8B-mini4L,2056,4,3000000000,5759751599,2759751599,2072502959,2753104477,2215707,"[2215622, 2215706, 2215794]"
7,703,meta-llama/Llama-3.1-8B-mini4L,2056,4,3000000000,5759751599,2759751599,2072502959,2753104477,2215707,"[2215622, 2215706, 2215794]"
7,711,meta-llama/Llama-3.1-8B-mini4L,2056,4,3000000000,6447000239,3447000239,2759751599,3440353117,2215707,"[2215622, 2215706, 2215794]"
7,719,meta-llama/Llama-3.1-8B-mini4L,2056,4,3000000000,6447000239,3447000239,2759751599,3440353117,2215707,"[2215622, 2215706, 2215794]"
7,727,meta-llama/Llama-3.1-8B-mini4L,2056,4,3000000000,6447000239,3447000239,2759751599,3440353117,2215707,"[2215622, 2215706, 2215794]"
7,735,meta-llama/Llama-3.1-8B-mini4L,2056,4,3000000000,6447000239,3447000239,2759751599,3440353117,2215707,"[2215622, 2215706, 2215794]"
7,743,meta-llama/Llama-3.1-8B-mini4L,2056,4,3000000000,6447000239,3447000239,2759751599,3440353117,2215707,"[2215622, 2215706, 2215794]"
7,751,meta-llama/Llama-3.1-8B-mini4L,2056,4,3000000000,6447000239,3447000239,2759751599,3440353117,2215707,"[2215622, 2215706, 2215794]"
7,759,meta-llama/Llama-3.1-8B-mini4L,2056,4,3000000000,6447000239,3447000239,2759751599,3440353117,2215707,"[2215622, 2215706, 2215794]"
7,767,meta-llama/Llama-3.1-8B-mini4L,2056,4,3000000000,6447000239,3447000239,2759751599,3440353117,2215707,"[2215622, 2215706, 2215794]"
7,775,meta-llama/Llama-3.1-8B-mini4L,2056,4,3000000000,7134248879,4134248879,3447000239,4127601757,2215707,"[2215622, 2215706, 2215794]"
7,783,meta-llama/Llama-3.1-8B-mini4L,2056,4,3000000000,7134248879,4134248879,3447000239,4127601757,2215707,"[2215622, 2215706, 2215794]"
7,791,meta-llama/Llama-3.1-8B-mini4L,2056,4,3000000000,7134248879,4134248879,3447000239,4127601757,2215707,"[2215622, 2215706, 2215794]"
7,799,meta-llama/Llama-3.1-8B-mini4L,2056,4,3000000000,7134248879,4134248879,3447000239,4127601757,2215707,"[2215622, 2215706, 2215794]"
7,807,meta-llama/Llama-3.1-8B-mini4L,2056,4,3000000000,7134248879,4134248879,3447000239,4127601757,2215707,"[2215622, 2215706, 2215794]"
7,815,meta-llama/Llama-3.1-8B-mini4L,2056,4,3000000000,7134248879,4134248879,3447000239,4127601757,2215707,"[2215622, 2215706, 2215794]"
7,823,meta-llama/Llama-3.1-8B-mini4L,2056,4,3000000000,7134248879,4134248879,3447000239,4127601757,2215707,"[2215622, 2215706, 2215794]"
7,831,meta-llama/Llama-3.1-8B-mini4L,2056,4,3000000000,7134248879,4134248879,3447000239,4127601757,2215707,"[2215622, 2215706, 2215794]"
7,839,meta-llama/Llama-3.1-8B-mini4L,2056,4,3000000000,7821497519,4821497519,4134248879,4814850397,2215707,"[2215622, 2215706, 2215794]"
7,847,meta-llama/Llama-3.1-8B-mini4L,2056,4,3000000000,7821497519,4821497519,4134248879,4814850397,2215707,"[2215622, 2215706, 2215794]"
7,855,meta-llama/Llama-3.1-8B-mini4L,2056,4,3000000000,7821497519,4821497519,4134248879,4814850397,2215707,"[2215622, 2215706, 2215794]"
7,863,meta-llama/Llama-3.1-8B-mini4L,2056,4,3000000000,7821497519,4821497519,4134248879,4814850397,2215707,"[2215622, 2215706, 2215794]"
7,871,meta-llama/Llama-3.1-8B-mini4L,2056,4,3000000000,7821497519,4821497519,4134248879,4814850397,2215707,"[2215622, 2215706, 2215794]"
7,879,meta-llama/Llama-3.1-8B-mini4L,2056,4,3000000000,7821497519,4821497519,4134248879,4814850397,2215707,"[2215622, 2215706, 2215794]"
7,887,meta-llama/Llama-3.1-8B-mini4L,2056,4,3000000000,7821497519,4821497519,4134248879,4814850397,2215707,"[2215622, 2215706, 2215794]"
7,895,meta-llama/Llama-3.1-8B-mini4L,2056,4,3000000000,7821497519,4821497519,4134248879,4814850397,2215707,"[2215622, 2215706, 2215794]"
