instance id,request id,model,input,output,arrival,end_time,latency,queuing_delay,TTFT,TPOT,ITL
0,0,meta-llama/Llama-3.1-8B-mini4L,2048,4,0,160222344,160222344,1,11564213,49552710,"[48887602, 49863356, 49907173]"
0,72,meta-llama/Llama-3.1-8B-mini4L,2048,4,0,260076064,260076064,60451815,110315171,49920297,"[49907173, 49906421, 49947299]"
0,144,meta-llama/Llama-3.1-8B-mini4L,2048,4,0,310022311,310022311,110315171,160222344,49933322,"[49906421, 49947299, 49946247]"
0,216,meta-llama/Llama-3.1-8B-mini4L,2048,4,0,359967502,359967502,160222344,210128765,49946245,"[49947299, 49946247, 49945191]"
0,288,meta-llama/Llama-3.1-8B-mini4L,2048,4,0,409911637,409911637,210128765,260076064,49945191,"[49946247, 49945191, 49944135]"
0,360,meta-llama/Llama-3.1-8B-mini4L,2048,4,0,459854716,459854716,260076064,310022311,49944135,"[49945191, 49944135, 49943079]"
0,432,meta-llama/Llama-3.1-8B-mini4L,2048,4,0,509824348,509824348,310022311,359967502,49952282,"[49944135, 49943079, 49969632]"
0,504,meta-llama/Llama-3.1-8B-mini4L,2048,4,0,548794561,548794561,359967502,409911637,46294308,"[49943079, 49969632, 38970213]"
0,576,meta-llama/Llama-3.1-8B-mini4L,2048,4,0,596271312,596271312,409911637,459854716,45472198,"[49969632, 38970213, 47476751]"
0,648,meta-llama/Llama-3.1-8B-mini4L,2048,4,0,643278437,643278437,459854716,509824348,44484696,"[38970213, 47476751, 47007125]"
0,720,meta-llama/Llama-3.1-8B-mini4L,2048,4,0,688735347,688735347,509824348,548794561,46646928,"[47476751, 47007125, 45456910]"
0,792,meta-llama/Llama-3.1-8B-mini4L,2048,4,0,732697262,732697262,548794561,596271312,45475316,"[47007125, 45456910, 43961915]"
0,864,meta-llama/Llama-3.1-8B-mini4L,2048,4,0,775109220,775109220,596271312,643278437,43943594,"[45456910, 43961915, 42411958]"
0,936,meta-llama/Llama-3.1-8B-mini4L,2048,4,0,815998696,815998696,643278437,688735347,42421116,"[43961915, 42411958, 40889476]"
0,1008,meta-llama/Llama-3.1-8B-mini4L,2048,4,0,855984815,855984815,688735347,732697262,41095851,"[42411958, 40889476, 39986119]"
0,1080,meta-llama/Llama-3.1-8B-mini4L,2048,4,0,894640707,894640707,732697262,775109220,39843829,"[40889476, 39986119, 38655892]"
0,1152,meta-llama/Llama-3.1-8B-mini4L,2048,4,0,934772081,934772081,775109220,815998696,39591128,"[39986119, 38655892, 40131374]"
0,1224,meta-llama/Llama-3.1-8B-mini4L,2048,4,0,974891141,974891141,815998696,855984815,39635442,"[38655892, 40131374, 40119060]"
0,1296,meta-llama/Llama-3.1-8B-mini4L,2048,4,0,1015064635,1015064635,855984815,894640707,40141309,"[40131374, 40119060, 40173494]"
0,1368,meta-llama/Llama-3.1-8B-mini4L,2048,4,0,1054503270,1054503270,894640707,934772081,39910396,"[40119060, 40173494, 39438635]"
0,1440,meta-llama/Llama-3.1-8B-mini4L,2048,4,0,1093905256,1093905256,934772081,974891141,39671371,"[40173494, 39438635, 39401986]"
0,1512,meta-llama/Llama-3.1-8B-mini4L,2048,4,0,1133894488,1133894488,974891141,1015064635,39609951,"[39438635, 39401986, 39989232]"
0,1584,meta-llama/Llama-3.1-8B-mini4L,2048,4,0,1173937630,1173937630,1015064635,1054503270,39811453,"[39401986, 39989232, 40043142]"
0,1656,meta-llama/Llama-3.1-8B-mini4L,2048,4,0,1213765132,1213765132,1054503270,1093905256,39953292,"[39989232, 40043142, 39827502]"
0,1728,meta-llama/Llama-3.1-8B-mini4L,2048,4,0,1253080489,1253080489,1093905256,1133894488,39728667,"[40043142, 39827502, 39315357]"
0,1800,meta-llama/Llama-3.1-8B-mini4L,2048,4,0,1292817170,1292817170,1133894488,1173937630,39626513,"[39827502, 39315357, 39736681]"
0,1872,meta-llama/Llama-3.1-8B-mini4L,2048,4,0,1332812135,1332812135,1173937630,1213765132,39682334,"[39315357, 39736681, 39994965]"
0,1944,meta-llama/Llama-3.1-8B-mini4L,2048,4,0,1372673635,1372673635,1213765132,1253080489,39864382,"[39736681, 39994965, 39861500]"
0,2016,meta-llama/Llama-3.1-8B-mini4L,2048,4,0,1412428363,1412428363,1253080489,1292817170,39870397,"[39994965, 39861500, 39754728]"
0,2088,meta-llama/Llama-3.1-8B-mini4L,2048,4,0,1452022933,1452022933,1292817170,1332812135,39736932,"[39861500, 39754728, 39594570]"
0,2160,meta-llama/Llama-3.1-8B-mini4L,2048,4,0,1491739440,1491739440,1332812135,1372673635,39688601,"[39754728, 39594570, 39716507]"
0,2232,meta-llama/Llama-3.1-8B-mini4L,2048,4,0,1531646990,1531646990,1372673635,1412428363,39739542,"[39594570, 39716507, 39907550]"
0,2304,meta-llama/Llama-3.1-8B-mini4L,2048,4,0,1571415049,1571415049,1412428363,1452022933,39797372,"[39716507, 39907550, 39768059]"
0,2376,meta-llama/Llama-3.1-8B-mini4L,2048,4,0,1611018758,1611018758,1452022933,1491739440,39759772,"[39907550, 39768059, 39603709]"
0,2448,meta-llama/Llama-3.1-8B-mini4L,2048,4,0,1650728191,1650728191,1491739440,1531646990,39693733,"[39768059, 39603709, 39709433]"
0,2520,meta-llama/Llama-3.1-8B-mini4L,2048,4,0,1690490486,1690490486,1531646990,1571415049,39691812,"[39603709, 39709433, 39762295]"
0,2592,meta-llama/Llama-3.1-8B-mini4L,2048,4,0,1730240467,1730240467,1571415049,1611018758,39740569,"[39709433, 39762295, 39749981]"
0,2664,meta-llama/Llama-3.1-8B-mini4L,2048,4,0,1769983636,1769983636,1611018758,1650728191,39751815,"[39762295, 39749981, 39743169]"
0,2736,meta-llama/Llama-3.1-8B-mini4L,2048,4,0,1809726805,1809726805,1650728191,1690490486,39745439,"[39749981, 39743169, 39743169]"
0,2808,meta-llama/Llama-3.1-8B-mini4L,2048,4,0,1849391467,1849391467,1690490486,1730240467,39717000,"[39743169, 39743169, 39664662]"
0,2880,meta-llama/Llama-3.1-8B-mini4L,2048,4,0,1888717732,1888717732,1730240467,1769983636,39578032,"[39743169, 39664662, 39326265]"
0,2952,meta-llama/Llama-3.1-8B-mini4L,2048,4,0,1906345718,1906345718,1769983636,1809726805,32206304,"[39664662, 39326265, 17627986]"
0,3024,meta-llama/Llama-3.1-8B-mini4L,2048,4,0,1908682052,1908682052,1809726805,1849391467,19763528,"[39326265, 17627986, 2336334]"
0,3096,meta-llama/Llama-3.1-8B-mini4L,2048,4,0,1910876338,1910876338,1849391467,1888717732,7386202,"[17627986, 2336334, 2194286]"
0,3168,meta-llama/Llama-3.1-8B-mini4L,2048,4,0,1912964901,1912964901,1888717732,1906345718,2206394,"[2336334, 2194286, 2088563]"
0,3240,meta-llama/Llama-3.1-8B-mini4L,2056,4,3000000000,3096464765,96464765,322129,89817643,2215707,"[2215622, 2215706, 2215794]"
0,3312,meta-llama/Llama-3.1-8B-mini4L,2056,4,3000000000,3096464765,96464765,322129,89817643,2215707,"[2215622, 2215706, 2215794]"
0,3384,meta-llama/Llama-3.1-8B-mini4L,2056,4,3000000000,3096464765,96464765,322129,89817643,2215707,"[2215622, 2215706, 2215794]"
0,3456,meta-llama/Llama-3.1-8B-mini4L,2056,4,3000000000,3096464765,96464765,322129,89817643,2215707,"[2215622, 2215706, 2215794]"
0,3528,meta-llama/Llama-3.1-8B-mini4L,2056,4,3000000000,3096464765,96464765,322129,89817643,2215707,"[2215622, 2215706, 2215794]"
0,3600,meta-llama/Llama-3.1-8B-mini4L,2056,4,3000000000,3096464765,96464765,322129,89817643,2215707,"[2215622, 2215706, 2215794]"
0,3672,meta-llama/Llama-3.1-8B-mini4L,2056,4,3000000000,3096464765,96464765,322129,89817643,2215707,"[2215622, 2215706, 2215794]"
0,3744,meta-llama/Llama-3.1-8B-mini4L,2056,4,3000000000,3096464765,96464765,322129,89817643,2215707,"[2215622, 2215706, 2215794]"
0,3816,meta-llama/Llama-3.1-8B-mini4L,2056,4,3000000000,9281702525,6281702525,96464765,6275055403,2215707,"[2215622, 2215706, 2215794]"
0,3888,meta-llama/Llama-3.1-8B-mini4L,2056,4,3000000000,9281702525,6281702525,96464765,6275055403,2215707,"[2215622, 2215706, 2215794]"
0,3960,meta-llama/Llama-3.1-8B-mini4L,2056,4,3000000000,9281702525,6281702525,96464765,6275055403,2215707,"[2215622, 2215706, 2215794]"
0,4032,meta-llama/Llama-3.1-8B-mini4L,2056,4,3000000000,9281702525,6281702525,96464765,6275055403,2215707,"[2215622, 2215706, 2215794]"
0,4104,meta-llama/Llama-3.1-8B-mini4L,2056,4,3000000000,9281702525,6281702525,96464765,6275055403,2215707,"[2215622, 2215706, 2215794]"
0,4176,meta-llama/Llama-3.1-8B-mini4L,2056,4,3000000000,9281702525,6281702525,96464765,6275055403,2215707,"[2215622, 2215706, 2215794]"
0,4248,meta-llama/Llama-3.1-8B-mini4L,2056,4,3000000000,9281702525,6281702525,96464765,6275055403,2215707,"[2215622, 2215706, 2215794]"
0,4320,meta-llama/Llama-3.1-8B-mini4L,2056,4,3000000000,9281702525,6281702525,96464765,6275055403,2215707,"[2215622, 2215706, 2215794]"
0,4392,meta-llama/Llama-3.1-8B-mini4L,2056,4,3000000000,15466940285,12466940285,6281702525,12460293163,2215707,"[2215622, 2215706, 2215794]"
0,4464,meta-llama/Llama-3.1-8B-mini4L,2056,4,3000000000,15466940285,12466940285,6281702525,12460293163,2215707,"[2215622, 2215706, 2215794]"
0,4536,meta-llama/Llama-3.1-8B-mini4L,2056,4,3000000000,15466940285,12466940285,6281702525,12460293163,2215707,"[2215622, 2215706, 2215794]"
0,4608,meta-llama/Llama-3.1-8B-mini4L,2056,4,3000000000,15466940285,12466940285,6281702525,12460293163,2215707,"[2215622, 2215706, 2215794]"
0,4680,meta-llama/Llama-3.1-8B-mini4L,2056,4,3000000000,15466940285,12466940285,6281702525,12460293163,2215707,"[2215622, 2215706, 2215794]"
0,4752,meta-llama/Llama-3.1-8B-mini4L,2056,4,3000000000,15466940285,12466940285,6281702525,12460293163,2215707,"[2215622, 2215706, 2215794]"
0,4824,meta-llama/Llama-3.1-8B-mini4L,2056,4,3000000000,15466940285,12466940285,6281702525,12460293163,2215707,"[2215622, 2215706, 2215794]"
0,4896,meta-llama/Llama-3.1-8B-mini4L,2056,4,3000000000,15466940285,12466940285,6281702525,12460293163,2215707,"[2215622, 2215706, 2215794]"
0,4968,meta-llama/Llama-3.1-8B-mini4L,2056,4,3000000000,21652178045,18652178045,12466940285,18645530923,2215707,"[2215622, 2215706, 2215794]"
0,5040,meta-llama/Llama-3.1-8B-mini4L,2056,4,3000000000,21652178045,18652178045,12466940285,18645530923,2215707,"[2215622, 2215706, 2215794]"
0,5112,meta-llama/Llama-3.1-8B-mini4L,2056,4,3000000000,21652178045,18652178045,12466940285,18645530923,2215707,"[2215622, 2215706, 2215794]"
0,5184,meta-llama/Llama-3.1-8B-mini4L,2056,4,3000000000,21652178045,18652178045,12466940285,18645530923,2215707,"[2215622, 2215706, 2215794]"
0,5256,meta-llama/Llama-3.1-8B-mini4L,2056,4,3000000000,21652178045,18652178045,12466940285,18645530923,2215707,"[2215622, 2215706, 2215794]"
0,5328,meta-llama/Llama-3.1-8B-mini4L,2056,4,3000000000,21652178045,18652178045,12466940285,18645530923,2215707,"[2215622, 2215706, 2215794]"
0,5400,meta-llama/Llama-3.1-8B-mini4L,2056,4,3000000000,21652178045,18652178045,12466940285,18645530923,2215707,"[2215622, 2215706, 2215794]"
0,5472,meta-llama/Llama-3.1-8B-mini4L,2056,4,3000000000,21652178045,18652178045,12466940285,18645530923,2215707,"[2215622, 2215706, 2215794]"
0,5544,meta-llama/Llama-3.1-8B-mini4L,2056,4,3000000000,27837415805,24837415805,18652178045,24830768683,2215707,"[2215622, 2215706, 2215794]"
0,5616,meta-llama/Llama-3.1-8B-mini4L,2056,4,3000000000,27837415805,24837415805,18652178045,24830768683,2215707,"[2215622, 2215706, 2215794]"
0,5688,meta-llama/Llama-3.1-8B-mini4L,2056,4,3000000000,27837415805,24837415805,18652178045,24830768683,2215707,"[2215622, 2215706, 2215794]"
0,5760,meta-llama/Llama-3.1-8B-mini4L,2056,4,3000000000,27837415805,24837415805,18652178045,24830768683,2215707,"[2215622, 2215706, 2215794]"
0,5832,meta-llama/Llama-3.1-8B-mini4L,2056,4,3000000000,27837415805,24837415805,18652178045,24830768683,2215707,"[2215622, 2215706, 2215794]"
0,5904,meta-llama/Llama-3.1-8B-mini4L,2056,4,3000000000,27837415805,24837415805,18652178045,24830768683,2215707,"[2215622, 2215706, 2215794]"
0,5976,meta-llama/Llama-3.1-8B-mini4L,2056,4,3000000000,27837415805,24837415805,18652178045,24830768683,2215707,"[2215622, 2215706, 2215794]"
0,6048,meta-llama/Llama-3.1-8B-mini4L,2056,4,3000000000,27837415805,24837415805,18652178045,24830768683,2215707,"[2215622, 2215706, 2215794]"
0,6120,meta-llama/Llama-3.1-8B-mini4L,2056,4,3000000000,33979612229,30979612229,24837415805,30973268486,2114581,"[2114537, 2114581, 2114625]"
0,6192,meta-llama/Llama-3.1-8B-mini4L,2056,4,3000000000,33979612229,30979612229,24837415805,30973268486,2114581,"[2114537, 2114581, 2114625]"
0,6264,meta-llama/Llama-3.1-8B-mini4L,2056,4,3000000000,33979612229,30979612229,24837415805,30973268486,2114581,"[2114537, 2114581, 2114625]"
0,6336,meta-llama/Llama-3.1-8B-mini4L,2056,4,3000000000,33979612229,30979612229,24837415805,30973268486,2114581,"[2114537, 2114581, 2114625]"
1,1,meta-llama/Llama-3.1-8B-mini4L,2048,4,0,160747800,160747800,1,12089669,49552710,"[48887602, 49863356, 49907173]"
1,73,meta-llama/Llama-3.1-8B-mini4L,2048,4,0,260601520,260601520,60977271,110840627,49920297,"[49907173, 49906421, 49947299]"
1,145,meta-llama/Llama-3.1-8B-mini4L,2048,4,0,310547767,310547767,110840627,160747800,49933322,"[49906421, 49947299, 49946247]"
1,217,meta-llama/Llama-3.1-8B-mini4L,2048,4,0,360492958,360492958,160747800,210654221,49946245,"[49947299, 49946247, 49945191]"
1,289,meta-llama/Llama-3.1-8B-mini4L,2048,4,0,410437093,410437093,210654221,260601520,49945191,"[49946247, 49945191, 49944135]"
1,361,meta-llama/Llama-3.1-8B-mini4L,2048,4,0,460380172,460380172,260601520,310547767,49944135,"[49945191, 49944135, 49943079]"
1,433,meta-llama/Llama-3.1-8B-mini4L,2048,4,0,510349804,510349804,310547767,360492958,49952282,"[49944135, 49943079, 49969632]"
1,505,meta-llama/Llama-3.1-8B-mini4L,2048,4,0,549847096,549847096,360492958,410437093,46470001,"[49943079, 49969632, 39497292]"
1,577,meta-llama/Llama-3.1-8B-mini4L,2048,4,0,596796768,596796768,410437093,460380172,45472198,"[49969632, 39497292, 46949672]"
1,649,meta-llama/Llama-3.1-8B-mini4L,2048,4,0,643803893,643803893,460380172,510349804,44484696,"[39497292, 46949672, 47007125]"
1,721,meta-llama/Llama-3.1-8B-mini4L,2048,4,0,689260803,689260803,510349804,549847096,46471235,"[46949672, 47007125, 45456910]"
1,793,meta-llama/Llama-3.1-8B-mini4L,2048,4,0,733222718,733222718,549847096,596796768,45475316,"[47007125, 45456910, 43961915]"
1,865,meta-llama/Llama-3.1-8B-mini4L,2048,4,0,775634676,775634676,596796768,643803893,43943594,"[45456910, 43961915, 42411958]"
1,937,meta-llama/Llama-3.1-8B-mini4L,2048,4,0,816524152,816524152,643803893,689260803,42421116,"[43961915, 42411958, 40889476]"
1,1009,meta-llama/Llama-3.1-8B-mini4L,2048,4,0,856537488,856537488,689260803,733222718,41104923,"[42411958, 40889476, 40013336]"
1,1081,meta-llama/Llama-3.1-8B-mini4L,2048,4,0,895193642,895193642,733222718,775634676,39852988,"[40889476, 40013336, 38656154]"
1,1153,meta-llama/Llama-3.1-8B-mini4L,2048,4,0,935297537,935297537,775634676,816524152,39591128,"[40013336, 38656154, 40103895]"
1,1225,meta-llama/Llama-3.1-8B-mini4L,2048,4,0,975416597,975416597,816524152,856537488,39626369,"[38656154, 40103895, 40119060]"
1,1297,meta-llama/Llama-3.1-8B-mini4L,2048,4,0,1015590091,1015590091,856537488,895193642,40132149,"[40103895, 40119060, 40173494]"
1,1369,meta-llama/Llama-3.1-8B-mini4L,2048,4,0,1055028726,1055028726,895193642,935297537,39910396,"[40119060, 40173494, 39438635]"
1,1441,meta-llama/Llama-3.1-8B-mini4L,2048,4,0,1094430712,1094430712,935297537,975416597,39671371,"[40173494, 39438635, 39401986]"
1,1513,meta-llama/Llama-3.1-8B-mini4L,2048,4,0,1134446899,1134446899,975416597,1015590091,39618936,"[39438635, 39401986, 40016187]"
1,1585,meta-llama/Llama-3.1-8B-mini4L,2048,4,0,1174463086,1174463086,1015590091,1055028726,39811453,"[39401986, 40016187, 40016187]"
1,1657,meta-llama/Llama-3.1-8B-mini4L,2048,4,0,1214290588,1214290588,1055028726,1094430712,39953292,"[40016187, 40016187, 39827502]"
1,1729,meta-llama/Llama-3.1-8B-mini4L,2048,4,0,1253659855,1253659855,1094430712,1134446899,39737652,"[40016187, 39827502, 39369267]"
1,1801,meta-llama/Llama-3.1-8B-mini4L,2048,4,0,1293369319,1293369319,1134446899,1174463086,39635411,"[39827502, 39369267, 39709464]"
1,1873,meta-llama/Llama-3.1-8B-mini4L,2048,4,0,1333364284,1333364284,1174463086,1214290588,39691232,"[39369267, 39709464, 39994965]"
1,1945,meta-llama/Llama-3.1-8B-mini4L,2048,4,0,1373252477,1373252477,1214290588,1253659855,39864207,"[39709464, 39994965, 39888193]"
1,2017,meta-llama/Llama-3.1-8B-mini4L,2048,4,0,1413007205,1413007205,1253659855,1293369319,39879295,"[39994965, 39888193, 39754728]"
1,2089,meta-llama/Llama-3.1-8B-mini4L,2048,4,0,1452548389,1452548389,1293369319,1333364284,39728035,"[39888193, 39754728, 39541184]"
1,2161,meta-llama/Llama-3.1-8B-mini4L,2048,4,0,1492291327,1492291327,1333364284,1373252477,39679616,"[39754728, 39541184, 39742938]"
1,2233,meta-llama/Llama-3.1-8B-mini4L,2048,4,0,1532199139,1532199139,1373252477,1413007205,39730644,"[39541184, 39742938, 39907812]"
1,2305,meta-llama/Llama-3.1-8B-mini4L,2048,4,0,1571966936,1571966936,1413007205,1452548389,39806182,"[39742938, 39907812, 39767797]"
1,2377,meta-llama/Llama-3.1-8B-mini4L,2048,4,0,1611570645,1611570645,1452548389,1492291327,39759772,"[39907812, 39767797, 39603709]"
1,2449,meta-llama/Llama-3.1-8B-mini4L,2048,4,0,1651280078,1651280078,1492291327,1532199139,39693646,"[39767797, 39603709, 39709433]"
1,2521,meta-llama/Llama-3.1-8B-mini4L,2048,4,0,1691042373,1691042373,1532199139,1571966936,39691812,"[39603709, 39709433, 39762295]"
1,2593,meta-llama/Llama-3.1-8B-mini4L,2048,4,0,1730792092,1730792092,1571966936,1611570645,39740482,"[39709433, 39762295, 39749719]"
1,2665,meta-llama/Llama-3.1-8B-mini4L,2048,4,0,1770535261,1770535261,1611570645,1651280078,39751727,"[39762295, 39749719, 39743169]"
1,2737,meta-llama/Llama-3.1-8B-mini4L,2048,4,0,1810278430,1810278430,1651280078,1691042373,39745352,"[39749719, 39743169, 39743169]"
1,2809,meta-llama/Llama-3.1-8B-mini4L,2048,4,0,1849969261,1849969261,1691042373,1730792092,39725723,"[39743169, 39743169, 39690831]"
1,2881,meta-llama/Llama-3.1-8B-mini4L,2048,4,0,1889243428,1889243428,1730792092,1770535261,39569389,"[39743169, 39690831, 39274167]"
1,2953,meta-llama/Llama-3.1-8B-mini4L,2048,4,0,1906379648,1906379648,1770535261,1810278430,32033739,"[39690831, 39274167, 17136220]"
1,3025,meta-llama/Llama-3.1-8B-mini4L,2048,4,0,1908682941,1908682941,1810278430,1849969261,19571226,"[39274167, 17136220, 2303293]"
1,3097,meta-llama/Llama-3.1-8B-mini4L,2048,4,0,1910876971,1910876971,1849969261,1889243428,7211181,"[17136220, 2303293, 2194030]"
1,3169,meta-llama/Llama-3.1-8B-mini4L,2048,4,0,1912965277,1912965277,1889243428,1906379648,2195209,"[2303293, 2194030, 2088306]"
1,3241,meta-llama/Llama-3.1-8B-mini4L,2056,4,3000000000,3182370845,182370845,322129,175723723,2215707,"[2215622, 2215706, 2215794]"
1,3313,meta-llama/Llama-3.1-8B-mini4L,2056,4,3000000000,3182370845,182370845,322129,175723723,2215707,"[2215622, 2215706, 2215794]"
1,3385,meta-llama/Llama-3.1-8B-mini4L,2056,4,3000000000,3182370845,182370845,322129,175723723,2215707,"[2215622, 2215706, 2215794]"
1,3457,meta-llama/Llama-3.1-8B-mini4L,2056,4,3000000000,3182370845,182370845,322129,175723723,2215707,"[2215622, 2215706, 2215794]"
1,3529,meta-llama/Llama-3.1-8B-mini4L,2056,4,3000000000,3182370845,182370845,322129,175723723,2215707,"[2215622, 2215706, 2215794]"
1,3601,meta-llama/Llama-3.1-8B-mini4L,2056,4,3000000000,3182370845,182370845,322129,175723723,2215707,"[2215622, 2215706, 2215794]"
1,3673,meta-llama/Llama-3.1-8B-mini4L,2056,4,3000000000,3182370845,182370845,322129,175723723,2215707,"[2215622, 2215706, 2215794]"
1,3745,meta-llama/Llama-3.1-8B-mini4L,2056,4,3000000000,3182370845,182370845,322129,175723723,2215707,"[2215622, 2215706, 2215794]"
1,3817,meta-llama/Llama-3.1-8B-mini4L,2056,4,3000000000,9367608605,6367608605,182370845,6360961483,2215707,"[2215622, 2215706, 2215794]"
1,3889,meta-llama/Llama-3.1-8B-mini4L,2056,4,3000000000,9367608605,6367608605,182370845,6360961483,2215707,"[2215622, 2215706, 2215794]"
1,3961,meta-llama/Llama-3.1-8B-mini4L,2056,4,3000000000,9367608605,6367608605,182370845,6360961483,2215707,"[2215622, 2215706, 2215794]"
1,4033,meta-llama/Llama-3.1-8B-mini4L,2056,4,3000000000,9367608605,6367608605,182370845,6360961483,2215707,"[2215622, 2215706, 2215794]"
1,4105,meta-llama/Llama-3.1-8B-mini4L,2056,4,3000000000,9367608605,6367608605,182370845,6360961483,2215707,"[2215622, 2215706, 2215794]"
1,4177,meta-llama/Llama-3.1-8B-mini4L,2056,4,3000000000,9367608605,6367608605,182370845,6360961483,2215707,"[2215622, 2215706, 2215794]"
1,4249,meta-llama/Llama-3.1-8B-mini4L,2056,4,3000000000,9367608605,6367608605,182370845,6360961483,2215707,"[2215622, 2215706, 2215794]"
1,4321,meta-llama/Llama-3.1-8B-mini4L,2056,4,3000000000,9367608605,6367608605,182370845,6360961483,2215707,"[2215622, 2215706, 2215794]"
1,4393,meta-llama/Llama-3.1-8B-mini4L,2056,4,3000000000,15552846365,12552846365,6367608605,12546199243,2215707,"[2215622, 2215706, 2215794]"
1,4465,meta-llama/Llama-3.1-8B-mini4L,2056,4,3000000000,15552846365,12552846365,6367608605,12546199243,2215707,"[2215622, 2215706, 2215794]"
1,4537,meta-llama/Llama-3.1-8B-mini4L,2056,4,3000000000,15552846365,12552846365,6367608605,12546199243,2215707,"[2215622, 2215706, 2215794]"
1,4609,meta-llama/Llama-3.1-8B-mini4L,2056,4,3000000000,15552846365,12552846365,6367608605,12546199243,2215707,"[2215622, 2215706, 2215794]"
1,4681,meta-llama/Llama-3.1-8B-mini4L,2056,4,3000000000,15552846365,12552846365,6367608605,12546199243,2215707,"[2215622, 2215706, 2215794]"
1,4753,meta-llama/Llama-3.1-8B-mini4L,2056,4,3000000000,15552846365,12552846365,6367608605,12546199243,2215707,"[2215622, 2215706, 2215794]"
1,4825,meta-llama/Llama-3.1-8B-mini4L,2056,4,3000000000,15552846365,12552846365,6367608605,12546199243,2215707,"[2215622, 2215706, 2215794]"
1,4897,meta-llama/Llama-3.1-8B-mini4L,2056,4,3000000000,15552846365,12552846365,6367608605,12546199243,2215707,"[2215622, 2215706, 2215794]"
1,4969,meta-llama/Llama-3.1-8B-mini4L,2056,4,3000000000,21738084125,18738084125,12552846365,18731437003,2215707,"[2215622, 2215706, 2215794]"
1,5041,meta-llama/Llama-3.1-8B-mini4L,2056,4,3000000000,21738084125,18738084125,12552846365,18731437003,2215707,"[2215622, 2215706, 2215794]"
1,5113,meta-llama/Llama-3.1-8B-mini4L,2056,4,3000000000,21738084125,18738084125,12552846365,18731437003,2215707,"[2215622, 2215706, 2215794]"
1,5185,meta-llama/Llama-3.1-8B-mini4L,2056,4,3000000000,21738084125,18738084125,12552846365,18731437003,2215707,"[2215622, 2215706, 2215794]"
1,5257,meta-llama/Llama-3.1-8B-mini4L,2056,4,3000000000,21738084125,18738084125,12552846365,18731437003,2215707,"[2215622, 2215706, 2215794]"
1,5329,meta-llama/Llama-3.1-8B-mini4L,2056,4,3000000000,21738084125,18738084125,12552846365,18731437003,2215707,"[2215622, 2215706, 2215794]"
1,5401,meta-llama/Llama-3.1-8B-mini4L,2056,4,3000000000,21738084125,18738084125,12552846365,18731437003,2215707,"[2215622, 2215706, 2215794]"
1,5473,meta-llama/Llama-3.1-8B-mini4L,2056,4,3000000000,21738084125,18738084125,12552846365,18731437003,2215707,"[2215622, 2215706, 2215794]"
1,5545,meta-llama/Llama-3.1-8B-mini4L,2056,4,3000000000,27923321885,24923321885,18738084125,24916674763,2215707,"[2215622, 2215706, 2215794]"
1,5617,meta-llama/Llama-3.1-8B-mini4L,2056,4,3000000000,27923321885,24923321885,18738084125,24916674763,2215707,"[2215622, 2215706, 2215794]"
1,5689,meta-llama/Llama-3.1-8B-mini4L,2056,4,3000000000,27923321885,24923321885,18738084125,24916674763,2215707,"[2215622, 2215706, 2215794]"
1,5761,meta-llama/Llama-3.1-8B-mini4L,2056,4,3000000000,27923321885,24923321885,18738084125,24916674763,2215707,"[2215622, 2215706, 2215794]"
1,5833,meta-llama/Llama-3.1-8B-mini4L,2056,4,3000000000,27923321885,24923321885,18738084125,24916674763,2215707,"[2215622, 2215706, 2215794]"
1,5905,meta-llama/Llama-3.1-8B-mini4L,2056,4,3000000000,27923321885,24923321885,18738084125,24916674763,2215707,"[2215622, 2215706, 2215794]"
1,5977,meta-llama/Llama-3.1-8B-mini4L,2056,4,3000000000,27923321885,24923321885,18738084125,24916674763,2215707,"[2215622, 2215706, 2215794]"
1,6049,meta-llama/Llama-3.1-8B-mini4L,2056,4,3000000000,27923321885,24923321885,18738084125,24916674763,2215707,"[2215622, 2215706, 2215794]"
1,6121,meta-llama/Llama-3.1-8B-mini4L,2056,4,3000000000,34023575269,31023575269,24923321885,31017231526,2114581,"[2114537, 2114581, 2114625]"
1,6193,meta-llama/Llama-3.1-8B-mini4L,2056,4,3000000000,34023575269,31023575269,24923321885,31017231526,2114581,"[2114537, 2114581, 2114625]"
1,6265,meta-llama/Llama-3.1-8B-mini4L,2056,4,3000000000,34023575269,31023575269,24923321885,31017231526,2114581,"[2114537, 2114581, 2114625]"
1,6337,meta-llama/Llama-3.1-8B-mini4L,2056,4,3000000000,34023575269,31023575269,24923321885,31017231526,2114581,"[2114537, 2114581, 2114625]"
2,2,meta-llama/Llama-3.1-8B-mini4L,2048,4,0,161273256,161273256,1,12615125,49552710,"[48887602, 49863356, 49907173]"
2,74,meta-llama/Llama-3.1-8B-mini4L,2048,4,0,261126976,261126976,61502727,111366083,49920297,"[49907173, 49906421, 49947299]"
2,146,meta-llama/Llama-3.1-8B-mini4L,2048,4,0,311073223,311073223,111366083,161273256,49933322,"[49906421, 49947299, 49946247]"
2,218,meta-llama/Llama-3.1-8B-mini4L,2048,4,0,361018414,361018414,161273256,211179677,49946245,"[49947299, 49946247, 49945191]"
2,290,meta-llama/Llama-3.1-8B-mini4L,2048,4,0,410962549,410962549,211179677,261126976,49945191,"[49946247, 49945191, 49944135]"
2,362,meta-llama/Llama-3.1-8B-mini4L,2048,4,0,460905628,460905628,261126976,311073223,49944135,"[49945191, 49944135, 49943079]"
2,434,meta-llama/Llama-3.1-8B-mini4L,2048,4,0,510875260,510875260,311073223,361018414,49952282,"[49944135, 49943079, 49969632]"
2,506,meta-llama/Llama-3.1-8B-mini4L,2048,4,0,551966562,551966562,361018414,410962549,47001337,"[49943079, 49969632, 41091302]"
2,578,meta-llama/Llama-3.1-8B-mini4L,2048,4,0,597433188,597433188,410962549,460905628,45509186,"[49969632, 41091302, 45466626]"
2,650,meta-llama/Llama-3.1-8B-mini4L,2048,4,0,644329349,644329349,460905628,510875260,44484696,"[41091302, 45466626, 46896161]"
2,722,meta-llama/Llama-3.1-8B-mini4L,2048,4,0,689786259,689786259,510875260,551966562,45939899,"[45466626, 46896161, 45456910]"
2,794,meta-llama/Llama-3.1-8B-mini4L,2048,4,0,733748174,733748174,551966562,597433188,45438328,"[46896161, 45456910, 43961915]"
2,866,meta-llama/Llama-3.1-8B-mini4L,2048,4,0,776160132,776160132,597433188,644329349,43943594,"[45456910, 43961915, 42411958]"
2,938,meta-llama/Llama-3.1-8B-mini4L,2048,4,0,817049608,817049608,644329349,689786259,42421116,"[43961915, 42411958, 40889476]"
2,1010,meta-llama/Llama-3.1-8B-mini4L,2048,4,0,857144595,857144595,689786259,733748174,41132140,"[42411958, 40889476, 40094987]"
2,1082,meta-llama/Llama-3.1-8B-mini4L,2048,4,0,895746577,895746577,733748174,776160132,39862148,"[40889476, 40094987, 38601982]"
2,1154,meta-llama/Llama-3.1-8B-mini4L,2048,4,0,935850210,935850210,776160132,817049608,39600200,"[40094987, 38601982, 40103633]"
2,1226,meta-llama/Llama-3.1-8B-mini4L,2048,4,0,975969270,975969270,817049608,857144595,39608225,"[38601982, 40103633, 40119060]"
2,1298,meta-llama/Llama-3.1-8B-mini4L,2048,4,0,1016115547,1016115547,857144595,895746577,40122990,"[40103633, 40119060, 40146277]"
2,1370,meta-llama/Llama-3.1-8B-mini4L,2048,4,0,1055581399,1055581399,895746577,935850210,39910396,"[40119060, 40146277, 39465852]"
2,1442,meta-llama/Llama-3.1-8B-mini4L,2048,4,0,1094956168,1094956168,935850210,975969270,39662299,"[40146277, 39465852, 39374769]"
2,1514,meta-llama/Llama-3.1-8B-mini4L,2048,4,0,1134999310,1134999310,975969270,1016115547,39627921,"[39465852, 39374769, 40043142]"
2,1586,meta-llama/Llama-3.1-8B-mini4L,2048,4,0,1175015497,1175015497,1016115547,1055581399,39811366,"[39374769, 40043142, 40016187]"
2,1658,meta-llama/Llama-3.1-8B-mini4L,2048,4,0,1214842999,1214842999,1055581399,1094956168,39962277,"[40043142, 40016187, 39827502]"
2,1730,meta-llama/Llama-3.1-8B-mini4L,2048,4,0,1254212266,1254212266,1094956168,1134999310,39737652,"[40016187, 39827502, 39369267]"
2,1802,meta-llama/Llama-3.1-8B-mini4L,2048,4,0,1293948161,1293948161,1134999310,1175015497,39644221,"[39827502, 39369267, 39735895]"
2,1874,meta-llama/Llama-3.1-8B-mini4L,2048,4,0,1333943126,1333943126,1175015497,1214842999,39700042,"[39369267, 39735895, 39994965]"
2,1946,meta-llama/Llama-3.1-8B-mini4L,2048,4,0,1373884705,1373884705,1214842999,1254212266,39890813,"[39735895, 39994965, 39941579]"
2,2018,meta-llama/Llama-3.1-8B-mini4L,2048,4,0,1413586047,1413586047,1254212266,1293948161,39879295,"[39994965, 39941579, 39701342]"
2,2090,meta-llama/Llama-3.1-8B-mini4L,2048,4,0,1453100538,1453100538,1293948161,1333943126,39719137,"[39941579, 39701342, 39514491]"
2,2162,meta-llama/Llama-3.1-8B-mini4L,2048,4,0,1492816783,1492816783,1333943126,1373884705,39644026,"[39701342, 39514491, 39716245]"
2,2234,meta-llama/Llama-3.1-8B-mini4L,2048,4,0,1532751288,1532751288,1373884705,1413586047,39721747,"[39514491, 39716245, 39934505]"
2,2306,meta-llama/Llama-3.1-8B-mini4L,2048,4,0,1572518823,1572518823,1413586047,1453100538,39806095,"[39716245, 39934505, 39767535]"
2,2378,meta-llama/Llama-3.1-8B-mini4L,2048,4,0,1612122532,1612122532,1453100538,1492816783,39768583,"[39934505, 39767535, 39603709]"
2,2450,meta-llama/Llama-3.1-8B-mini4L,2048,4,0,1651831965,1651831965,1492816783,1532751288,39693559,"[39767535, 39603709, 39709433]"
2,2522,meta-llama/Llama-3.1-8B-mini4L,2048,4,0,1691594260,1691594260,1532751288,1572518823,39691812,"[39603709, 39709433, 39762295]"
2,2594,meta-llama/Llama-3.1-8B-mini4L,2048,4,0,1731343717,1731343717,1572518823,1612122532,39740395,"[39709433, 39762295, 39749457]"
2,2666,meta-llama/Llama-3.1-8B-mini4L,2048,4,0,1771086886,1771086886,1612122532,1651831965,39751640,"[39762295, 39749457, 39743169]"
2,2738,meta-llama/Llama-3.1-8B-mini4L,2048,4,0,1810803886,1810803886,1651831965,1691594260,39736542,"[39749457, 39743169, 39717000]"
2,2810,meta-llama/Llama-3.1-8B-mini4L,2048,4,0,1850520886,1850520886,1691594260,1731343717,39725723,"[39743169, 39717000, 39717000]"
2,2882,meta-llama/Llama-3.1-8B-mini4L,2048,4,0,1889769124,1889769124,1731343717,1771086886,39560746,"[39717000, 39717000, 39248238]"
2,2954,meta-llama/Llama-3.1-8B-mini4L,2048,4,0,1906415618,1906415618,1771086886,1810803886,31870577,"[39717000, 39248238, 16646494]"
2,3026,meta-llama/Llama-3.1-8B-mini4L,2048,4,0,1908683830,1908683830,1810803886,1850520886,19387648,"[39248238, 16646494, 2268212]"
2,3098,meta-llama/Llama-3.1-8B-mini4L,2048,4,0,1910877604,1910877604,1850520886,1889769124,7036160,"[16646494, 2268212, 2193774]"
2,3170,meta-llama/Llama-3.1-8B-mini4L,2048,4,0,1912965653,1912965653,1889769124,1906415618,2183345,"[2268212, 2193774, 2088049]"
2,3242,meta-llama/Llama-3.1-8B-mini4L,2056,4,3000000000,3268276925,268276925,322129,261629803,2215707,"[2215622, 2215706, 2215794]"
2,3314,meta-llama/Llama-3.1-8B-mini4L,2056,4,3000000000,3268276925,268276925,322129,261629803,2215707,"[2215622, 2215706, 2215794]"
2,3386,meta-llama/Llama-3.1-8B-mini4L,2056,4,3000000000,3268276925,268276925,322129,261629803,2215707,"[2215622, 2215706, 2215794]"
2,3458,meta-llama/Llama-3.1-8B-mini4L,2056,4,3000000000,3268276925,268276925,322129,261629803,2215707,"[2215622, 2215706, 2215794]"
2,3530,meta-llama/Llama-3.1-8B-mini4L,2056,4,3000000000,3268276925,268276925,322129,261629803,2215707,"[2215622, 2215706, 2215794]"
2,3602,meta-llama/Llama-3.1-8B-mini4L,2056,4,3000000000,3268276925,268276925,322129,261629803,2215707,"[2215622, 2215706, 2215794]"
2,3674,meta-llama/Llama-3.1-8B-mini4L,2056,4,3000000000,3268276925,268276925,322129,261629803,2215707,"[2215622, 2215706, 2215794]"
2,3746,meta-llama/Llama-3.1-8B-mini4L,2056,4,3000000000,3268276925,268276925,322129,261629803,2215707,"[2215622, 2215706, 2215794]"
2,3818,meta-llama/Llama-3.1-8B-mini4L,2056,4,3000000000,9453514685,6453514685,268276925,6446867563,2215707,"[2215622, 2215706, 2215794]"
2,3890,meta-llama/Llama-3.1-8B-mini4L,2056,4,3000000000,9453514685,6453514685,268276925,6446867563,2215707,"[2215622, 2215706, 2215794]"
2,3962,meta-llama/Llama-3.1-8B-mini4L,2056,4,3000000000,9453514685,6453514685,268276925,6446867563,2215707,"[2215622, 2215706, 2215794]"
2,4034,meta-llama/Llama-3.1-8B-mini4L,2056,4,3000000000,9453514685,6453514685,268276925,6446867563,2215707,"[2215622, 2215706, 2215794]"
2,4106,meta-llama/Llama-3.1-8B-mini4L,2056,4,3000000000,9453514685,6453514685,268276925,6446867563,2215707,"[2215622, 2215706, 2215794]"
2,4178,meta-llama/Llama-3.1-8B-mini4L,2056,4,3000000000,9453514685,6453514685,268276925,6446867563,2215707,"[2215622, 2215706, 2215794]"
2,4250,meta-llama/Llama-3.1-8B-mini4L,2056,4,3000000000,9453514685,6453514685,268276925,6446867563,2215707,"[2215622, 2215706, 2215794]"
2,4322,meta-llama/Llama-3.1-8B-mini4L,2056,4,3000000000,9453514685,6453514685,268276925,6446867563,2215707,"[2215622, 2215706, 2215794]"
2,4394,meta-llama/Llama-3.1-8B-mini4L,2056,4,3000000000,15638752445,12638752445,6453514685,12632105323,2215707,"[2215622, 2215706, 2215794]"
2,4466,meta-llama/Llama-3.1-8B-mini4L,2056,4,3000000000,15638752445,12638752445,6453514685,12632105323,2215707,"[2215622, 2215706, 2215794]"
2,4538,meta-llama/Llama-3.1-8B-mini4L,2056,4,3000000000,15638752445,12638752445,6453514685,12632105323,2215707,"[2215622, 2215706, 2215794]"
2,4610,meta-llama/Llama-3.1-8B-mini4L,2056,4,3000000000,15638752445,12638752445,6453514685,12632105323,2215707,"[2215622, 2215706, 2215794]"
2,4682,meta-llama/Llama-3.1-8B-mini4L,2056,4,3000000000,15638752445,12638752445,6453514685,12632105323,2215707,"[2215622, 2215706, 2215794]"
2,4754,meta-llama/Llama-3.1-8B-mini4L,2056,4,3000000000,15638752445,12638752445,6453514685,12632105323,2215707,"[2215622, 2215706, 2215794]"
2,4826,meta-llama/Llama-3.1-8B-mini4L,2056,4,3000000000,15638752445,12638752445,6453514685,12632105323,2215707,"[2215622, 2215706, 2215794]"
2,4898,meta-llama/Llama-3.1-8B-mini4L,2056,4,3000000000,15638752445,12638752445,6453514685,12632105323,2215707,"[2215622, 2215706, 2215794]"
2,4970,meta-llama/Llama-3.1-8B-mini4L,2056,4,3000000000,21823990205,18823990205,12638752445,18817343083,2215707,"[2215622, 2215706, 2215794]"
2,5042,meta-llama/Llama-3.1-8B-mini4L,2056,4,3000000000,21823990205,18823990205,12638752445,18817343083,2215707,"[2215622, 2215706, 2215794]"
2,5114,meta-llama/Llama-3.1-8B-mini4L,2056,4,3000000000,21823990205,18823990205,12638752445,18817343083,2215707,"[2215622, 2215706, 2215794]"
2,5186,meta-llama/Llama-3.1-8B-mini4L,2056,4,3000000000,21823990205,18823990205,12638752445,18817343083,2215707,"[2215622, 2215706, 2215794]"
2,5258,meta-llama/Llama-3.1-8B-mini4L,2056,4,3000000000,21823990205,18823990205,12638752445,18817343083,2215707,"[2215622, 2215706, 2215794]"
2,5330,meta-llama/Llama-3.1-8B-mini4L,2056,4,3000000000,21823990205,18823990205,12638752445,18817343083,2215707,"[2215622, 2215706, 2215794]"
2,5402,meta-llama/Llama-3.1-8B-mini4L,2056,4,3000000000,21823990205,18823990205,12638752445,18817343083,2215707,"[2215622, 2215706, 2215794]"
2,5474,meta-llama/Llama-3.1-8B-mini4L,2056,4,3000000000,21823990205,18823990205,12638752445,18817343083,2215707,"[2215622, 2215706, 2215794]"
2,5546,meta-llama/Llama-3.1-8B-mini4L,2056,4,3000000000,28009227965,25009227965,18823990205,25002580843,2215707,"[2215622, 2215706, 2215794]"
2,5618,meta-llama/Llama-3.1-8B-mini4L,2056,4,3000000000,28009227965,25009227965,18823990205,25002580843,2215707,"[2215622, 2215706, 2215794]"
2,5690,meta-llama/Llama-3.1-8B-mini4L,2056,4,3000000000,28009227965,25009227965,18823990205,25002580843,2215707,"[2215622, 2215706, 2215794]"
2,5762,meta-llama/Llama-3.1-8B-mini4L,2056,4,3000000000,28009227965,25009227965,18823990205,25002580843,2215707,"[2215622, 2215706, 2215794]"
2,5834,meta-llama/Llama-3.1-8B-mini4L,2056,4,3000000000,28009227965,25009227965,18823990205,25002580843,2215707,"[2215622, 2215706, 2215794]"
2,5906,meta-llama/Llama-3.1-8B-mini4L,2056,4,3000000000,28009227965,25009227965,18823990205,25002580843,2215707,"[2215622, 2215706, 2215794]"
2,5978,meta-llama/Llama-3.1-8B-mini4L,2056,4,3000000000,28009227965,25009227965,18823990205,25002580843,2215707,"[2215622, 2215706, 2215794]"
2,6050,meta-llama/Llama-3.1-8B-mini4L,2056,4,3000000000,28009227965,25009227965,18823990205,25002580843,2215707,"[2215622, 2215706, 2215794]"
2,6122,meta-llama/Llama-3.1-8B-mini4L,2056,4,3000000000,34067538309,31067538309,25009227965,31061194566,2114581,"[2114537, 2114581, 2114625]"
2,6194,meta-llama/Llama-3.1-8B-mini4L,2056,4,3000000000,34067538309,31067538309,25009227965,31061194566,2114581,"[2114537, 2114581, 2114625]"
2,6266,meta-llama/Llama-3.1-8B-mini4L,2056,4,3000000000,34067538309,31067538309,25009227965,31061194566,2114581,"[2114537, 2114581, 2114625]"
2,6338,meta-llama/Llama-3.1-8B-mini4L,2056,4,3000000000,34067538309,31067538309,25009227965,31061194566,2114581,"[2114537, 2114581, 2114625]"
3,3,meta-llama/Llama-3.1-8B-mini4L,2048,4,0,161798712,161798712,1,13140581,49552710,"[48887602, 49863356, 49907173]"
3,75,meta-llama/Llama-3.1-8B-mini4L,2048,4,0,261652432,261652432,62028183,111891539,49920297,"[49907173, 49906421, 49947299]"
3,147,meta-llama/Llama-3.1-8B-mini4L,2048,4,0,311598679,311598679,111891539,161798712,49933322,"[49906421, 49947299, 49946247]"
3,219,meta-llama/Llama-3.1-8B-mini4L,2048,4,0,361543870,361543870,161798712,211705133,49946245,"[49947299, 49946247, 49945191]"
3,291,meta-llama/Llama-3.1-8B-mini4L,2048,4,0,411488005,411488005,211705133,261652432,49945191,"[49946247, 49945191, 49944135]"
3,363,meta-llama/Llama-3.1-8B-mini4L,2048,4,0,461431084,461431084,261652432,311598679,49944135,"[49945191, 49944135, 49943079]"
3,435,meta-llama/Llama-3.1-8B-mini4L,2048,4,0,511400716,511400716,311598679,361543870,49952282,"[49944135, 49943079, 49969632]"
3,507,meta-llama/Llama-3.1-8B-mini4L,2048,4,0,559876143,559876143,361543870,411488005,49462712,"[49943079, 49969632, 48475427]"
3,579,meta-llama/Llama-3.1-8B-mini4L,2048,4,0,598846356,598846356,411488005,461431084,45805090,"[49969632, 48475427, 38970213]"
3,651,meta-llama/Llama-3.1-8B-mini4L,2048,4,0,644854805,644854805,461431084,511400716,44484696,"[48475427, 38970213, 46008449]"
3,723,meta-llama/Llama-3.1-8B-mini4L,2048,4,0,690339194,690339194,511400716,559876143,43487683,"[38970213, 46008449, 45484389]"
3,795,meta-llama/Llama-3.1-8B-mini4L,2048,4,0,734273630,734273630,559876143,598846356,45142424,"[46008449, 45484389, 43934436]"
3,867,meta-llama/Llama-3.1-8B-mini4L,2048,4,0,776685588,776685588,598846356,644854805,43943594,"[45484389, 43934436, 42411958]"
3,939,meta-llama/Llama-3.1-8B-mini4L,2048,4,0,817575064,817575064,644854805,690339194,42411956,"[43934436, 42411958, 40889476]"
3,1011,meta-llama/Llama-3.1-8B-mini4L,2048,4,0,857724747,857724747,690339194,734273630,41150372,"[42411958, 40889476, 40149683]"
3,1083,meta-llama/Llama-3.1-8B-mini4L,2048,4,0,896409428,896409428,734273630,776685588,39907946,"[40889476, 40149683, 38684681]"
3,1155,meta-llama/Llama-3.1-8B-mini4L,2048,4,0,936402883,936402883,776685588,817575064,39609273,"[40149683, 38684681, 39993455]"
3,1227,meta-llama/Llama-3.1-8B-mini4L,2048,4,0,976521943,976521943,817575064,857724747,39599065,"[38684681, 39993455, 40119060]"
3,1299,meta-llama/Llama-3.1-8B-mini4L,2048,4,0,1016641003,1016641003,857724747,896409428,40077191,"[39993455, 40119060, 40119060]"
3,1371,meta-llama/Llama-3.1-8B-mini4L,2048,4,0,1056134072,1056134072,896409428,936402883,39910396,"[40119060, 40119060, 39493069]"
3,1443,meta-llama/Llama-3.1-8B-mini4L,2048,4,0,1095508579,1095508579,936402883,976521943,39662212,"[40119060, 39493069, 39374507]"
3,1515,meta-llama/Llama-3.1-8B-mini4L,2048,4,0,1135524766,1135524766,976521943,1016641003,39627921,"[39493069, 39374507, 40016187]"
3,1587,meta-llama/Llama-3.1-8B-mini4L,2048,4,0,1175540953,1175540953,1016641003,1056134072,39802293,"[39374507, 40016187, 40016187]"
3,1659,meta-llama/Llama-3.1-8B-mini4L,2048,4,0,1215368455,1215368455,1056134072,1095508579,39953292,"[40016187, 40016187, 39827502]"
3,1731,meta-llama/Llama-3.1-8B-mini4L,2048,4,0,1254845542,1254845542,1095508579,1135524766,39773592,"[40016187, 39827502, 39477087]"
3,1803,meta-llama/Llama-3.1-8B-mini4L,2048,4,0,1294500310,1294500310,1135524766,1175540953,39653119,"[39827502, 39477087, 39654768]"
3,1875,meta-llama/Llama-3.1-8B-mini4L,2048,4,0,1334468582,1334468582,1175540953,1215368455,39700042,"[39477087, 39654768, 39968272]"
3,1947,meta-llama/Llama-3.1-8B-mini4L,2048,4,0,1374436854,1374436854,1215368455,1254845542,39863770,"[39654768, 39968272, 39968272]"
3,2019,meta-llama/Llama-3.1-8B-mini4L,2048,4,0,1414191582,1414191582,1254845542,1294500310,39897090,"[39968272, 39968272, 39754728]"
3,2091,meta-llama/Llama-3.1-8B-mini4L,2048,4,0,1453625994,1453625994,1294500310,1334468582,39719137,"[39968272, 39754728, 39434412]"
3,2163,meta-llama/Llama-3.1-8B-mini4L,2048,4,0,1493368670,1493368670,1334468582,1374436854,39643938,"[39754728, 39434412, 39742676]"
3,2235,meta-llama/Llama-3.1-8B-mini4L,2048,4,0,1533303437,1533303437,1374436854,1414191582,39703951,"[39434412, 39742676, 39934767]"
3,2307,meta-llama/Llama-3.1-8B-mini4L,2048,4,0,1573070710,1573070710,1414191582,1453625994,39814905,"[39742676, 39934767, 39767273]"
3,2379,meta-llama/Llama-3.1-8B-mini4L,2048,4,0,1612674419,1612674419,1453625994,1493368670,39768583,"[39934767, 39767273, 39603709]"
3,2451,meta-llama/Llama-3.1-8B-mini4L,2048,4,0,1652383852,1652383852,1493368670,1533303437,39693471,"[39767273, 39603709, 39709433]"
3,2523,meta-llama/Llama-3.1-8B-mini4L,2048,4,0,1692119716,1692119716,1533303437,1573070710,39683002,"[39603709, 39709433, 39735864]"
3,2595,meta-llama/Llama-3.1-8B-mini4L,2048,4,0,1731869173,1731869173,1573070710,1612674419,39731584,"[39709433, 39735864, 39749457]"
3,2667,meta-llama/Llama-3.1-8B-mini4L,2048,4,0,1771612342,1771612342,1612674419,1652383852,39742830,"[39735864, 39749457, 39743169]"
3,2739,meta-llama/Llama-3.1-8B-mini4L,2048,4,0,1811355511,1811355511,1652383852,1692119716,39745265,"[39749457, 39743169, 39743169]"
3,2811,meta-llama/Llama-3.1-8B-mini4L,2048,4,0,1851046342,1851046342,1692119716,1731869173,39725723,"[39743169, 39743169, 39690831]"
3,2883,meta-llama/Llama-3.1-8B-mini4L,2048,4,0,1890294580,1890294580,1731869173,1771612342,39560746,"[39743169, 39690831, 39248238]"
3,2955,meta-llama/Llama-3.1-8B-mini4L,2048,4,0,1907429571,1907429571,1771612342,1811355511,32024686,"[39690831, 39248238, 17134991]"
3,3027,meta-llama/Llama-3.1-8B-mini4L,2048,4,0,1909547932,1909547932,1811355511,1851046342,19500530,"[39248238, 17134991, 2118361]"
3,3099,meta-llama/Llama-3.1-8B-mini4L,2048,4,0,1911637057,1911637057,1851046342,1890294580,7114159,"[17134991, 2118361, 2089125]"
3,3171,meta-llama/Llama-3.1-8B-mini4L,2048,4,0,1913723978,1913723978,1890294580,1907429571,2098135,"[2118361, 2089125, 2086921]"
3,3243,meta-llama/Llama-3.1-8B-mini4L,2056,4,3000000000,3354183005,354183005,322129,347535883,2215707,"[2215622, 2215706, 2215794]"
3,3315,meta-llama/Llama-3.1-8B-mini4L,2056,4,3000000000,3354183005,354183005,322129,347535883,2215707,"[2215622, 2215706, 2215794]"
3,3387,meta-llama/Llama-3.1-8B-mini4L,2056,4,3000000000,3354183005,354183005,322129,347535883,2215707,"[2215622, 2215706, 2215794]"
3,3459,meta-llama/Llama-3.1-8B-mini4L,2056,4,3000000000,3354183005,354183005,322129,347535883,2215707,"[2215622, 2215706, 2215794]"
3,3531,meta-llama/Llama-3.1-8B-mini4L,2056,4,3000000000,3354183005,354183005,322129,347535883,2215707,"[2215622, 2215706, 2215794]"
3,3603,meta-llama/Llama-3.1-8B-mini4L,2056,4,3000000000,3354183005,354183005,322129,347535883,2215707,"[2215622, 2215706, 2215794]"
3,3675,meta-llama/Llama-3.1-8B-mini4L,2056,4,3000000000,3354183005,354183005,322129,347535883,2215707,"[2215622, 2215706, 2215794]"
3,3747,meta-llama/Llama-3.1-8B-mini4L,2056,4,3000000000,3354183005,354183005,322129,347535883,2215707,"[2215622, 2215706, 2215794]"
3,3819,meta-llama/Llama-3.1-8B-mini4L,2056,4,3000000000,9539420765,6539420765,354183005,6532773643,2215707,"[2215622, 2215706, 2215794]"
3,3891,meta-llama/Llama-3.1-8B-mini4L,2056,4,3000000000,9539420765,6539420765,354183005,6532773643,2215707,"[2215622, 2215706, 2215794]"
3,3963,meta-llama/Llama-3.1-8B-mini4L,2056,4,3000000000,9539420765,6539420765,354183005,6532773643,2215707,"[2215622, 2215706, 2215794]"
3,4035,meta-llama/Llama-3.1-8B-mini4L,2056,4,3000000000,9539420765,6539420765,354183005,6532773643,2215707,"[2215622, 2215706, 2215794]"
3,4107,meta-llama/Llama-3.1-8B-mini4L,2056,4,3000000000,9539420765,6539420765,354183005,6532773643,2215707,"[2215622, 2215706, 2215794]"
3,4179,meta-llama/Llama-3.1-8B-mini4L,2056,4,3000000000,9539420765,6539420765,354183005,6532773643,2215707,"[2215622, 2215706, 2215794]"
3,4251,meta-llama/Llama-3.1-8B-mini4L,2056,4,3000000000,9539420765,6539420765,354183005,6532773643,2215707,"[2215622, 2215706, 2215794]"
3,4323,meta-llama/Llama-3.1-8B-mini4L,2056,4,3000000000,9539420765,6539420765,354183005,6532773643,2215707,"[2215622, 2215706, 2215794]"
3,4395,meta-llama/Llama-3.1-8B-mini4L,2056,4,3000000000,15724658525,12724658525,6539420765,12718011403,2215707,"[2215622, 2215706, 2215794]"
3,4467,meta-llama/Llama-3.1-8B-mini4L,2056,4,3000000000,15724658525,12724658525,6539420765,12718011403,2215707,"[2215622, 2215706, 2215794]"
3,4539,meta-llama/Llama-3.1-8B-mini4L,2056,4,3000000000,15724658525,12724658525,6539420765,12718011403,2215707,"[2215622, 2215706, 2215794]"
3,4611,meta-llama/Llama-3.1-8B-mini4L,2056,4,3000000000,15724658525,12724658525,6539420765,12718011403,2215707,"[2215622, 2215706, 2215794]"
3,4683,meta-llama/Llama-3.1-8B-mini4L,2056,4,3000000000,15724658525,12724658525,6539420765,12718011403,2215707,"[2215622, 2215706, 2215794]"
3,4755,meta-llama/Llama-3.1-8B-mini4L,2056,4,3000000000,15724658525,12724658525,6539420765,12718011403,2215707,"[2215622, 2215706, 2215794]"
3,4827,meta-llama/Llama-3.1-8B-mini4L,2056,4,3000000000,15724658525,12724658525,6539420765,12718011403,2215707,"[2215622, 2215706, 2215794]"
3,4899,meta-llama/Llama-3.1-8B-mini4L,2056,4,3000000000,15724658525,12724658525,6539420765,12718011403,2215707,"[2215622, 2215706, 2215794]"
3,4971,meta-llama/Llama-3.1-8B-mini4L,2056,4,3000000000,21909896285,18909896285,12724658525,18903249163,2215707,"[2215622, 2215706, 2215794]"
3,5043,meta-llama/Llama-3.1-8B-mini4L,2056,4,3000000000,21909896285,18909896285,12724658525,18903249163,2215707,"[2215622, 2215706, 2215794]"
3,5115,meta-llama/Llama-3.1-8B-mini4L,2056,4,3000000000,21909896285,18909896285,12724658525,18903249163,2215707,"[2215622, 2215706, 2215794]"
3,5187,meta-llama/Llama-3.1-8B-mini4L,2056,4,3000000000,21909896285,18909896285,12724658525,18903249163,2215707,"[2215622, 2215706, 2215794]"
3,5259,meta-llama/Llama-3.1-8B-mini4L,2056,4,3000000000,21909896285,18909896285,12724658525,18903249163,2215707,"[2215622, 2215706, 2215794]"
3,5331,meta-llama/Llama-3.1-8B-mini4L,2056,4,3000000000,21909896285,18909896285,12724658525,18903249163,2215707,"[2215622, 2215706, 2215794]"
3,5403,meta-llama/Llama-3.1-8B-mini4L,2056,4,3000000000,21909896285,18909896285,12724658525,18903249163,2215707,"[2215622, 2215706, 2215794]"
3,5475,meta-llama/Llama-3.1-8B-mini4L,2056,4,3000000000,21909896285,18909896285,12724658525,18903249163,2215707,"[2215622, 2215706, 2215794]"
3,5547,meta-llama/Llama-3.1-8B-mini4L,2056,4,3000000000,28095134045,25095134045,18909896285,25088486923,2215707,"[2215622, 2215706, 2215794]"
3,5619,meta-llama/Llama-3.1-8B-mini4L,2056,4,3000000000,28095134045,25095134045,18909896285,25088486923,2215707,"[2215622, 2215706, 2215794]"
3,5691,meta-llama/Llama-3.1-8B-mini4L,2056,4,3000000000,28095134045,25095134045,18909896285,25088486923,2215707,"[2215622, 2215706, 2215794]"
3,5763,meta-llama/Llama-3.1-8B-mini4L,2056,4,3000000000,28095134045,25095134045,18909896285,25088486923,2215707,"[2215622, 2215706, 2215794]"
3,5835,meta-llama/Llama-3.1-8B-mini4L,2056,4,3000000000,28095134045,25095134045,18909896285,25088486923,2215707,"[2215622, 2215706, 2215794]"
3,5907,meta-llama/Llama-3.1-8B-mini4L,2056,4,3000000000,28095134045,25095134045,18909896285,25088486923,2215707,"[2215622, 2215706, 2215794]"
3,5979,meta-llama/Llama-3.1-8B-mini4L,2056,4,3000000000,28095134045,25095134045,18909896285,25088486923,2215707,"[2215622, 2215706, 2215794]"
3,6051,meta-llama/Llama-3.1-8B-mini4L,2056,4,3000000000,28095134045,25095134045,18909896285,25088486923,2215707,"[2215622, 2215706, 2215794]"
3,6123,meta-llama/Llama-3.1-8B-mini4L,2056,4,3000000000,34111501349,31111501349,25095134045,31105157606,2114581,"[2114537, 2114581, 2114625]"
3,6195,meta-llama/Llama-3.1-8B-mini4L,2056,4,3000000000,34111501349,31111501349,25095134045,31105157606,2114581,"[2114537, 2114581, 2114625]"
3,6267,meta-llama/Llama-3.1-8B-mini4L,2056,4,3000000000,34111501349,31111501349,25095134045,31105157606,2114581,"[2114537, 2114581, 2114625]"
3,6339,meta-llama/Llama-3.1-8B-mini4L,2056,4,3000000000,34111501349,31111501349,25095134045,31105157606,2114581,"[2114537, 2114581, 2114625]"
4,4,meta-llama/Llama-3.1-8B-mini4L,2048,4,0,162324168,162324168,1,13666037,49552710,"[48887602, 49863356, 49907173]"
4,76,meta-llama/Llama-3.1-8B-mini4L,2048,4,0,262177888,262177888,62553639,112416995,49920297,"[49907173, 49906421, 49947299]"
4,148,meta-llama/Llama-3.1-8B-mini4L,2048,4,0,312124135,312124135,112416995,162324168,49933322,"[49906421, 49947299, 49946247]"
4,220,meta-llama/Llama-3.1-8B-mini4L,2048,4,0,362069326,362069326,162324168,212230589,49946245,"[49947299, 49946247, 49945191]"
4,292,meta-llama/Llama-3.1-8B-mini4L,2048,4,0,412013461,412013461,212230589,262177888,49945191,"[49946247, 49945191, 49944135]"
4,364,meta-llama/Llama-3.1-8B-mini4L,2048,4,0,461956540,461956540,262177888,312124135,49944135,"[49945191, 49944135, 49943079]"
4,436,meta-llama/Llama-3.1-8B-mini4L,2048,4,0,511926172,511926172,312124135,362069326,49952282,"[49944135, 49943079, 49969632]"
4,508,meta-llama/Llama-3.1-8B-mini4L,2048,4,0,560401599,560401599,362069326,412013461,49462712,"[49943079, 49969632, 48475427]"
4,580,meta-llama/Llama-3.1-8B-mini4L,2048,4,0,599898891,599898891,412013461,461956540,45980783,"[49969632, 48475427, 39497292]"
4,652,meta-llama/Llama-3.1-8B-mini4L,2048,4,0,645380261,645380261,461956540,511926172,44484696,"[48475427, 39497292, 45481370]"
4,724,meta-llama/Llama-3.1-8B-mini4L,2048,4,0,690864650,690864650,511926172,560401599,43487683,"[39497292, 45481370, 45484389]"
4,796,meta-llama/Llama-3.1-8B-mini4L,2048,4,0,734799086,734799086,560401599,599898891,44966731,"[45481370, 45484389, 43934436]"
4,868,meta-llama/Llama-3.1-8B-mini4L,2048,4,0,777211044,777211044,599898891,645380261,43943594,"[45484389, 43934436, 42411958]"
4,940,meta-llama/Llama-3.1-8B-mini4L,2048,4,0,818100520,818100520,645380261,690864650,42411956,"[43934436, 42411958, 40889476]"
4,1012,meta-llama/Llama-3.1-8B-mini4L,2048,4,0,858277682,858277682,690864650,734799086,41159532,"[42411958, 40889476, 40177162]"
4,1084,meta-llama/Llama-3.1-8B-mini4L,2048,4,0,897072279,897072279,734799086,777211044,39953745,"[40889476, 40177162, 38794597]"
4,1156,meta-llama/Llama-3.1-8B-mini4L,2048,4,0,936928339,936928339,777211044,818100520,39609273,"[40177162, 38794597, 39856060]"
4,1228,meta-llama/Llama-3.1-8B-mini4L,2048,4,0,977047399,977047399,818100520,858277682,39589905,"[38794597, 39856060, 40119060]"
4,1300,meta-llama/Llama-3.1-8B-mini4L,2048,4,0,1017193676,1017193676,858277682,897072279,40040465,"[39856060, 40119060, 40146277]"
4,1372,meta-llama/Llama-3.1-8B-mini4L,2048,4,0,1056795613,1056795613,897072279,936928339,39955758,"[40119060, 40146277, 39601937]"
4,1444,meta-llama/Llama-3.1-8B-mini4L,2048,4,0,1096114900,1096114900,936928339,977047399,39689167,"[40146277, 39601937, 39319287]"
4,1516,meta-llama/Llama-3.1-8B-mini4L,2048,4,0,1136050222,1136050222,977047399,1017193676,39618848,"[39601937, 39319287, 39935322]"
4,1588,meta-llama/Llama-3.1-8B-mini4L,2048,4,0,1176093364,1176093364,1017193676,1056795613,39765917,"[39319287, 39935322, 40043142]"
4,1660,meta-llama/Llama-3.1-8B-mini4L,2048,4,0,1215920866,1215920866,1056795613,1096114900,39935322,"[39935322, 40043142, 39827502]"
4,1732,meta-llama/Llama-3.1-8B-mini4L,2048,4,0,1255424908,1255424908,1096114900,1136050222,39791562,"[40043142, 39827502, 39504042]"
4,1804,meta-llama/Llama-3.1-8B-mini4L,2048,4,0,1295079152,1295079152,1136050222,1176093364,39661929,"[39827502, 39504042, 39654244]"
4,1876,meta-llama/Llama-3.1-8B-mini4L,2048,4,0,1334994038,1334994038,1176093364,1215920866,39691057,"[39504042, 39654244, 39914886]"
4,1948,meta-llama/Llama-3.1-8B-mini4L,2048,4,0,1374962310,1374962310,1215920866,1255424908,39845800,"[39654244, 39914886, 39968272]"
4,2020,meta-llama/Llama-3.1-8B-mini4L,2048,4,0,1414717038,1414717038,1255424908,1295079152,39879295,"[39914886, 39968272, 39754728]"
4,2092,meta-llama/Llama-3.1-8B-mini4L,2048,4,0,1454151450,1454151450,1295079152,1334994038,39719137,"[39968272, 39754728, 39434412]"
4,2164,meta-llama/Llama-3.1-8B-mini4L,2048,4,0,1493894126,1493894126,1334994038,1374962310,39643938,"[39754728, 39434412, 39742676]"
4,2236,meta-llama/Llama-3.1-8B-mini4L,2048,4,0,1533855586,1533855586,1374962310,1414717038,39712849,"[39434412, 39742676, 39961460]"
4,2308,meta-llama/Llama-3.1-8B-mini4L,2048,4,0,1573622597,1573622597,1414717038,1454151450,39823715,"[39742676, 39961460, 39767011]"
4,2380,meta-llama/Llama-3.1-8B-mini4L,2048,4,0,1613252737,1613252737,1454151450,1493894126,39786203,"[39961460, 39767011, 39630140]"
4,2452,meta-llama/Llama-3.1-8B-mini4L,2048,4,0,1652935739,1652935739,1493894126,1533855586,39693384,"[39767011, 39630140, 39683002]"
4,2524,meta-llama/Llama-3.1-8B-mini4L,2048,4,0,1692671603,1692671603,1533855586,1573622597,39683002,"[39630140, 39683002, 39735864]"
4,2596,meta-llama/Llama-3.1-8B-mini4L,2048,4,0,1732420798,1732420798,1573622597,1613252737,39722687,"[39683002, 39735864, 39749195]"
4,2668,meta-llama/Llama-3.1-8B-mini4L,2048,4,0,1772163967,1772163967,1613252737,1652935739,39742742,"[39735864, 39749195, 39743169]"
4,2740,meta-llama/Llama-3.1-8B-mini4L,2048,4,0,1811880967,1811880967,1652935739,1692671603,39736454,"[39749195, 39743169, 39717000]"
4,2812,meta-llama/Llama-3.1-8B-mini4L,2048,4,0,1851597967,1851597967,1692671603,1732420798,39725723,"[39743169, 39717000, 39717000]"
4,2884,meta-llama/Llama-3.1-8B-mini4L,2048,4,0,1890820156,1890820156,1732420798,1772163967,39552063,"[39717000, 39717000, 39222189]"
4,2956,meta-llama/Llama-3.1-8B-mini4L,2048,4,0,1907494571,1907494571,1772163967,1811880967,31871201,"[39717000, 39222189, 16674415]"
4,3028,meta-llama/Llama-3.1-8B-mini4L,2048,4,0,1909612932,1909612932,1811880967,1851597967,19338321,"[39222189, 16674415, 2118361]"
4,3100,meta-llama/Llama-3.1-8B-mini4L,2048,4,0,1911702057,1911702057,1851597967,1890820156,6960633,"[16674415, 2118361, 2089125]"
4,3172,meta-llama/Llama-3.1-8B-mini4L,2048,4,0,1913788978,1913788978,1890820156,1907494571,2098135,"[2118361, 2089125, 2086921]"
4,3244,meta-llama/Llama-3.1-8B-mini4L,2056,4,3000000000,3440089085,440089085,322129,433441963,2215707,"[2215622, 2215706, 2215794]"
4,3316,meta-llama/Llama-3.1-8B-mini4L,2056,4,3000000000,3440089085,440089085,322129,433441963,2215707,"[2215622, 2215706, 2215794]"
4,3388,meta-llama/Llama-3.1-8B-mini4L,2056,4,3000000000,3440089085,440089085,322129,433441963,2215707,"[2215622, 2215706, 2215794]"
4,3460,meta-llama/Llama-3.1-8B-mini4L,2056,4,3000000000,3440089085,440089085,322129,433441963,2215707,"[2215622, 2215706, 2215794]"
4,3532,meta-llama/Llama-3.1-8B-mini4L,2056,4,3000000000,3440089085,440089085,322129,433441963,2215707,"[2215622, 2215706, 2215794]"
4,3604,meta-llama/Llama-3.1-8B-mini4L,2056,4,3000000000,3440089085,440089085,322129,433441963,2215707,"[2215622, 2215706, 2215794]"
4,3676,meta-llama/Llama-3.1-8B-mini4L,2056,4,3000000000,3440089085,440089085,322129,433441963,2215707,"[2215622, 2215706, 2215794]"
4,3748,meta-llama/Llama-3.1-8B-mini4L,2056,4,3000000000,3440089085,440089085,322129,433441963,2215707,"[2215622, 2215706, 2215794]"
4,3820,meta-llama/Llama-3.1-8B-mini4L,2056,4,3000000000,9625326845,6625326845,440089085,6618679723,2215707,"[2215622, 2215706, 2215794]"
4,3892,meta-llama/Llama-3.1-8B-mini4L,2056,4,3000000000,9625326845,6625326845,440089085,6618679723,2215707,"[2215622, 2215706, 2215794]"
4,3964,meta-llama/Llama-3.1-8B-mini4L,2056,4,3000000000,9625326845,6625326845,440089085,6618679723,2215707,"[2215622, 2215706, 2215794]"
4,4036,meta-llama/Llama-3.1-8B-mini4L,2056,4,3000000000,9625326845,6625326845,440089085,6618679723,2215707,"[2215622, 2215706, 2215794]"
4,4108,meta-llama/Llama-3.1-8B-mini4L,2056,4,3000000000,9625326845,6625326845,440089085,6618679723,2215707,"[2215622, 2215706, 2215794]"
4,4180,meta-llama/Llama-3.1-8B-mini4L,2056,4,3000000000,9625326845,6625326845,440089085,6618679723,2215707,"[2215622, 2215706, 2215794]"
4,4252,meta-llama/Llama-3.1-8B-mini4L,2056,4,3000000000,9625326845,6625326845,440089085,6618679723,2215707,"[2215622, 2215706, 2215794]"
4,4324,meta-llama/Llama-3.1-8B-mini4L,2056,4,3000000000,9625326845,6625326845,440089085,6618679723,2215707,"[2215622, 2215706, 2215794]"
4,4396,meta-llama/Llama-3.1-8B-mini4L,2056,4,3000000000,15810564605,12810564605,6625326845,12803917483,2215707,"[2215622, 2215706, 2215794]"
4,4468,meta-llama/Llama-3.1-8B-mini4L,2056,4,3000000000,15810564605,12810564605,6625326845,12803917483,2215707,"[2215622, 2215706, 2215794]"
4,4540,meta-llama/Llama-3.1-8B-mini4L,2056,4,3000000000,15810564605,12810564605,6625326845,12803917483,2215707,"[2215622, 2215706, 2215794]"
4,4612,meta-llama/Llama-3.1-8B-mini4L,2056,4,3000000000,15810564605,12810564605,6625326845,12803917483,2215707,"[2215622, 2215706, 2215794]"
4,4684,meta-llama/Llama-3.1-8B-mini4L,2056,4,3000000000,15810564605,12810564605,6625326845,12803917483,2215707,"[2215622, 2215706, 2215794]"
4,4756,meta-llama/Llama-3.1-8B-mini4L,2056,4,3000000000,15810564605,12810564605,6625326845,12803917483,2215707,"[2215622, 2215706, 2215794]"
4,4828,meta-llama/Llama-3.1-8B-mini4L,2056,4,3000000000,15810564605,12810564605,6625326845,12803917483,2215707,"[2215622, 2215706, 2215794]"
4,4900,meta-llama/Llama-3.1-8B-mini4L,2056,4,3000000000,15810564605,12810564605,6625326845,12803917483,2215707,"[2215622, 2215706, 2215794]"
4,4972,meta-llama/Llama-3.1-8B-mini4L,2056,4,3000000000,21995802365,18995802365,12810564605,18989155243,2215707,"[2215622, 2215706, 2215794]"
4,5044,meta-llama/Llama-3.1-8B-mini4L,2056,4,3000000000,21995802365,18995802365,12810564605,18989155243,2215707,"[2215622, 2215706, 2215794]"
4,5116,meta-llama/Llama-3.1-8B-mini4L,2056,4,3000000000,21995802365,18995802365,12810564605,18989155243,2215707,"[2215622, 2215706, 2215794]"
4,5188,meta-llama/Llama-3.1-8B-mini4L,2056,4,3000000000,21995802365,18995802365,12810564605,18989155243,2215707,"[2215622, 2215706, 2215794]"
4,5260,meta-llama/Llama-3.1-8B-mini4L,2056,4,3000000000,21995802365,18995802365,12810564605,18989155243,2215707,"[2215622, 2215706, 2215794]"
4,5332,meta-llama/Llama-3.1-8B-mini4L,2056,4,3000000000,21995802365,18995802365,12810564605,18989155243,2215707,"[2215622, 2215706, 2215794]"
4,5404,meta-llama/Llama-3.1-8B-mini4L,2056,4,3000000000,21995802365,18995802365,12810564605,18989155243,2215707,"[2215622, 2215706, 2215794]"
4,5476,meta-llama/Llama-3.1-8B-mini4L,2056,4,3000000000,21995802365,18995802365,12810564605,18989155243,2215707,"[2215622, 2215706, 2215794]"
4,5548,meta-llama/Llama-3.1-8B-mini4L,2056,4,3000000000,28181040125,25181040125,18995802365,25174393003,2215707,"[2215622, 2215706, 2215794]"
4,5620,meta-llama/Llama-3.1-8B-mini4L,2056,4,3000000000,28181040125,25181040125,18995802365,25174393003,2215707,"[2215622, 2215706, 2215794]"
4,5692,meta-llama/Llama-3.1-8B-mini4L,2056,4,3000000000,28181040125,25181040125,18995802365,25174393003,2215707,"[2215622, 2215706, 2215794]"
4,5764,meta-llama/Llama-3.1-8B-mini4L,2056,4,3000000000,28181040125,25181040125,18995802365,25174393003,2215707,"[2215622, 2215706, 2215794]"
4,5836,meta-llama/Llama-3.1-8B-mini4L,2056,4,3000000000,28181040125,25181040125,18995802365,25174393003,2215707,"[2215622, 2215706, 2215794]"
4,5908,meta-llama/Llama-3.1-8B-mini4L,2056,4,3000000000,28181040125,25181040125,18995802365,25174393003,2215707,"[2215622, 2215706, 2215794]"
4,5980,meta-llama/Llama-3.1-8B-mini4L,2056,4,3000000000,28181040125,25181040125,18995802365,25174393003,2215707,"[2215622, 2215706, 2215794]"
4,6052,meta-llama/Llama-3.1-8B-mini4L,2056,4,3000000000,28181040125,25181040125,18995802365,25174393003,2215707,"[2215622, 2215706, 2215794]"
4,6124,meta-llama/Llama-3.1-8B-mini4L,2056,4,3000000000,34155464389,31155464389,25181040125,31149120646,2114581,"[2114537, 2114581, 2114625]"
4,6196,meta-llama/Llama-3.1-8B-mini4L,2056,4,3000000000,34155464389,31155464389,25181040125,31149120646,2114581,"[2114537, 2114581, 2114625]"
4,6268,meta-llama/Llama-3.1-8B-mini4L,2056,4,3000000000,34155464389,31155464389,25181040125,31149120646,2114581,"[2114537, 2114581, 2114625]"
4,6340,meta-llama/Llama-3.1-8B-mini4L,2056,4,3000000000,34155464389,31155464389,25181040125,31149120646,2114581,"[2114537, 2114581, 2114625]"
5,5,meta-llama/Llama-3.1-8B-mini4L,2048,4,0,162849624,162849624,1,14191493,49552710,"[48887602, 49863356, 49907173]"
5,77,meta-llama/Llama-3.1-8B-mini4L,2048,4,0,262703344,262703344,63079095,112942451,49920297,"[49907173, 49906421, 49947299]"
5,149,meta-llama/Llama-3.1-8B-mini4L,2048,4,0,312649591,312649591,112942451,162849624,49933322,"[49906421, 49947299, 49946247]"
5,221,meta-llama/Llama-3.1-8B-mini4L,2048,4,0,362594782,362594782,162849624,212756045,49946245,"[49947299, 49946247, 49945191]"
5,293,meta-llama/Llama-3.1-8B-mini4L,2048,4,0,412538917,412538917,212756045,262703344,49945191,"[49946247, 49945191, 49944135]"
5,365,meta-llama/Llama-3.1-8B-mini4L,2048,4,0,462481996,462481996,262703344,312649591,49944135,"[49945191, 49944135, 49943079]"
5,437,meta-llama/Llama-3.1-8B-mini4L,2048,4,0,512451628,512451628,312649591,362594782,49952282,"[49944135, 49943079, 49969632]"
5,509,meta-llama/Llama-3.1-8B-mini4L,2048,4,0,560927055,560927055,362594782,412538917,49462712,"[49943079, 49969632, 48475427]"
5,581,meta-llama/Llama-3.1-8B-mini4L,2048,4,0,600424347,600424347,412538917,462481996,45980783,"[49969632, 48475427, 39497292]"
5,653,meta-llama/Llama-3.1-8B-mini4L,2048,4,0,645905717,645905717,462481996,512451628,44484696,"[48475427, 39497292, 45481370]"
5,725,meta-llama/Llama-3.1-8B-mini4L,2048,4,0,691390106,691390106,512451628,560927055,43487683,"[39497292, 45481370, 45484389]"
5,797,meta-llama/Llama-3.1-8B-mini4L,2048,4,0,735324542,735324542,560927055,600424347,44966731,"[45481370, 45484389, 43934436]"
5,869,meta-llama/Llama-3.1-8B-mini4L,2048,4,0,777736500,777736500,600424347,645905717,43943594,"[45484389, 43934436, 42411958]"
5,941,meta-llama/Llama-3.1-8B-mini4L,2048,4,0,818653455,818653455,645905717,691390106,42421116,"[43934436, 42411958, 40916955]"
5,1013,meta-llama/Llama-3.1-8B-mini4L,2048,4,0,858830617,858830617,691390106,735324542,41168691,"[42411958, 40916955, 40177162]"
5,1085,meta-llama/Llama-3.1-8B-mini4L,2048,4,0,897707651,897707651,735324542,777736500,39990383,"[40916955, 40177162, 38877034]"
5,1157,meta-llama/Llama-3.1-8B-mini4L,2048,4,0,937481012,937481012,777736500,818653455,39609185,"[40177162, 38877034, 39773361]"
5,1229,meta-llama/Llama-3.1-8B-mini4L,2048,4,0,977572855,977572855,818653455,858830617,39580746,"[38877034, 39773361, 40091843]"
5,1301,meta-llama/Llama-3.1-8B-mini4L,2048,4,0,1017719132,1017719132,858830617,897707651,40003827,"[39773361, 40091843, 40146277]"
5,1373,meta-llama/Llama-3.1-8B-mini4L,2048,4,0,1057457154,1057457154,897707651,937481012,39992047,"[40091843, 40146277, 39738022]"
5,1445,meta-llama/Llama-3.1-8B-mini4L,2048,4,0,1096640356,1096640356,937481012,977572855,39689167,"[40146277, 39738022, 39183202]"
5,1517,meta-llama/Llama-3.1-8B-mini4L,2048,4,0,1136575678,1136575678,977572855,1017719132,39618848,"[39738022, 39183202, 39935322]"
5,1589,meta-llama/Llama-3.1-8B-mini4L,2048,4,0,1176618820,1176618820,1017719132,1057457154,39720555,"[39183202, 39935322, 40043142]"
5,1661,meta-llama/Llama-3.1-8B-mini4L,2048,4,0,1216473277,1216473277,1057457154,1096640356,39944307,"[39935322, 40043142, 39854457]"
5,1733,meta-llama/Llama-3.1-8B-mini4L,2048,4,0,1256031229,1256031229,1096640356,1136575678,39818517,"[40043142, 39854457, 39557952]"
5,1805,meta-llama/Llama-3.1-8B-mini4L,2048,4,0,1295657994,1295657994,1136575678,1176618820,39679724,"[39854457, 39557952, 39626765]"
5,1877,meta-llama/Llama-3.1-8B-mini4L,2048,4,0,1335519494,1335519494,1176618820,1216473277,39682072,"[39557952, 39626765, 39861500]"
5,1949,meta-llama/Llama-3.1-8B-mini4L,2048,4,0,1375487766,1375487766,1216473277,1256031229,39818845,"[39626765, 39861500, 39968272]"
5,2021,meta-llama/Llama-3.1-8B-mini4L,2048,4,0,1415242494,1415242494,1256031229,1295657994,39861500,"[39861500, 39968272, 39754728]"
5,2093,meta-llama/Llama-3.1-8B-mini4L,2048,4,0,1454676906,1454676906,1295657994,1335519494,39719137,"[39968272, 39754728, 39434412]"
5,2165,meta-llama/Llama-3.1-8B-mini4L,2048,4,0,1494419582,1494419582,1335519494,1375487766,39643938,"[39754728, 39434412, 39742676]"
5,2237,meta-llama/Llama-3.1-8B-mini4L,2048,4,0,1534407735,1534407735,1375487766,1415242494,39721747,"[39434412, 39742676, 39988153]"
5,2309,meta-llama/Llama-3.1-8B-mini4L,2048,4,0,1574174484,1574174484,1415242494,1454676906,39832526,"[39742676, 39988153, 39766749]"
5,2381,meta-llama/Llama-3.1-8B-mini4L,2048,4,0,1613804624,1613804624,1454676906,1494419582,39795014,"[39988153, 39766749, 39630140]"
5,2453,meta-llama/Llama-3.1-8B-mini4L,2048,4,0,1653514057,1653514057,1494419582,1534407735,39702107,"[39766749, 39630140, 39709433]"
5,2525,meta-llama/Llama-3.1-8B-mini4L,2048,4,0,1693223490,1693223490,1534407735,1574174484,39683002,"[39630140, 39709433, 39709433]"
5,2597,meta-llama/Llama-3.1-8B-mini4L,2048,4,0,1732972423,1732972423,1574174484,1613804624,39722599,"[39709433, 39709433, 39748933]"
5,2669,meta-llama/Llama-3.1-8B-mini4L,2048,4,0,1772715592,1772715592,1613804624,1653514057,39733845,"[39709433, 39748933, 39743169]"
5,2741,meta-llama/Llama-3.1-8B-mini4L,2048,4,0,1812432592,1812432592,1653514057,1693223490,39736367,"[39748933, 39743169, 39717000]"
5,2813,meta-llama/Llama-3.1-8B-mini4L,2048,4,0,1852123423,1852123423,1693223490,1732972423,39717000,"[39743169, 39717000, 39690831]"
5,2885,meta-llama/Llama-3.1-8B-mini4L,2048,4,0,1891345612,1891345612,1732972423,1772715592,39543340,"[39717000, 39690831, 39222189]"
5,2957,meta-llama/Llama-3.1-8B-mini4L,2048,4,0,1908085027,1908085027,1772715592,1812432592,31884145,"[39690831, 39222189, 16739415]"
5,3029,meta-llama/Llama-3.1-8B-mini4L,2048,4,0,1910203388,1910203388,1812432592,1852123423,19359988,"[39222189, 16739415, 2118361]"
5,3101,meta-llama/Llama-3.1-8B-mini4L,2048,4,0,1912292513,1912292513,1852123423,1891345612,6982300,"[16739415, 2118361, 2089125]"
5,3173,meta-llama/Llama-3.1-8B-mini4L,2048,4,0,1914379434,1914379434,1891345612,1908085027,2098135,"[2118361, 2089125, 2086921]"
5,3245,meta-llama/Llama-3.1-8B-mini4L,2056,4,3000000000,3525995165,525995165,322129,519348043,2215707,"[2215622, 2215706, 2215794]"
5,3317,meta-llama/Llama-3.1-8B-mini4L,2056,4,3000000000,3525995165,525995165,322129,519348043,2215707,"[2215622, 2215706, 2215794]"
5,3389,meta-llama/Llama-3.1-8B-mini4L,2056,4,3000000000,3525995165,525995165,322129,519348043,2215707,"[2215622, 2215706, 2215794]"
5,3461,meta-llama/Llama-3.1-8B-mini4L,2056,4,3000000000,3525995165,525995165,322129,519348043,2215707,"[2215622, 2215706, 2215794]"
5,3533,meta-llama/Llama-3.1-8B-mini4L,2056,4,3000000000,3525995165,525995165,322129,519348043,2215707,"[2215622, 2215706, 2215794]"
5,3605,meta-llama/Llama-3.1-8B-mini4L,2056,4,3000000000,3525995165,525995165,322129,519348043,2215707,"[2215622, 2215706, 2215794]"
5,3677,meta-llama/Llama-3.1-8B-mini4L,2056,4,3000000000,3525995165,525995165,322129,519348043,2215707,"[2215622, 2215706, 2215794]"
5,3749,meta-llama/Llama-3.1-8B-mini4L,2056,4,3000000000,3525995165,525995165,322129,519348043,2215707,"[2215622, 2215706, 2215794]"
5,3821,meta-llama/Llama-3.1-8B-mini4L,2056,4,3000000000,9711232925,6711232925,525995165,6704585803,2215707,"[2215622, 2215706, 2215794]"
5,3893,meta-llama/Llama-3.1-8B-mini4L,2056,4,3000000000,9711232925,6711232925,525995165,6704585803,2215707,"[2215622, 2215706, 2215794]"
5,3965,meta-llama/Llama-3.1-8B-mini4L,2056,4,3000000000,9711232925,6711232925,525995165,6704585803,2215707,"[2215622, 2215706, 2215794]"
5,4037,meta-llama/Llama-3.1-8B-mini4L,2056,4,3000000000,9711232925,6711232925,525995165,6704585803,2215707,"[2215622, 2215706, 2215794]"
5,4109,meta-llama/Llama-3.1-8B-mini4L,2056,4,3000000000,9711232925,6711232925,525995165,6704585803,2215707,"[2215622, 2215706, 2215794]"
5,4181,meta-llama/Llama-3.1-8B-mini4L,2056,4,3000000000,9711232925,6711232925,525995165,6704585803,2215707,"[2215622, 2215706, 2215794]"
5,4253,meta-llama/Llama-3.1-8B-mini4L,2056,4,3000000000,9711232925,6711232925,525995165,6704585803,2215707,"[2215622, 2215706, 2215794]"
5,4325,meta-llama/Llama-3.1-8B-mini4L,2056,4,3000000000,9711232925,6711232925,525995165,6704585803,2215707,"[2215622, 2215706, 2215794]"
5,4397,meta-llama/Llama-3.1-8B-mini4L,2056,4,3000000000,15896470685,12896470685,6711232925,12889823563,2215707,"[2215622, 2215706, 2215794]"
5,4469,meta-llama/Llama-3.1-8B-mini4L,2056,4,3000000000,15896470685,12896470685,6711232925,12889823563,2215707,"[2215622, 2215706, 2215794]"
5,4541,meta-llama/Llama-3.1-8B-mini4L,2056,4,3000000000,15896470685,12896470685,6711232925,12889823563,2215707,"[2215622, 2215706, 2215794]"
5,4613,meta-llama/Llama-3.1-8B-mini4L,2056,4,3000000000,15896470685,12896470685,6711232925,12889823563,2215707,"[2215622, 2215706, 2215794]"
5,4685,meta-llama/Llama-3.1-8B-mini4L,2056,4,3000000000,15896470685,12896470685,6711232925,12889823563,2215707,"[2215622, 2215706, 2215794]"
5,4757,meta-llama/Llama-3.1-8B-mini4L,2056,4,3000000000,15896470685,12896470685,6711232925,12889823563,2215707,"[2215622, 2215706, 2215794]"
5,4829,meta-llama/Llama-3.1-8B-mini4L,2056,4,3000000000,15896470685,12896470685,6711232925,12889823563,2215707,"[2215622, 2215706, 2215794]"
5,4901,meta-llama/Llama-3.1-8B-mini4L,2056,4,3000000000,15896470685,12896470685,6711232925,12889823563,2215707,"[2215622, 2215706, 2215794]"
5,4973,meta-llama/Llama-3.1-8B-mini4L,2056,4,3000000000,22081708445,19081708445,12896470685,19075061323,2215707,"[2215622, 2215706, 2215794]"
5,5045,meta-llama/Llama-3.1-8B-mini4L,2056,4,3000000000,22081708445,19081708445,12896470685,19075061323,2215707,"[2215622, 2215706, 2215794]"
5,5117,meta-llama/Llama-3.1-8B-mini4L,2056,4,3000000000,22081708445,19081708445,12896470685,19075061323,2215707,"[2215622, 2215706, 2215794]"
5,5189,meta-llama/Llama-3.1-8B-mini4L,2056,4,3000000000,22081708445,19081708445,12896470685,19075061323,2215707,"[2215622, 2215706, 2215794]"
5,5261,meta-llama/Llama-3.1-8B-mini4L,2056,4,3000000000,22081708445,19081708445,12896470685,19075061323,2215707,"[2215622, 2215706, 2215794]"
5,5333,meta-llama/Llama-3.1-8B-mini4L,2056,4,3000000000,22081708445,19081708445,12896470685,19075061323,2215707,"[2215622, 2215706, 2215794]"
5,5405,meta-llama/Llama-3.1-8B-mini4L,2056,4,3000000000,22081708445,19081708445,12896470685,19075061323,2215707,"[2215622, 2215706, 2215794]"
5,5477,meta-llama/Llama-3.1-8B-mini4L,2056,4,3000000000,22081708445,19081708445,12896470685,19075061323,2215707,"[2215622, 2215706, 2215794]"
5,5549,meta-llama/Llama-3.1-8B-mini4L,2056,4,3000000000,28266946205,25266946205,19081708445,25260299083,2215707,"[2215622, 2215706, 2215794]"
5,5621,meta-llama/Llama-3.1-8B-mini4L,2056,4,3000000000,28266946205,25266946205,19081708445,25260299083,2215707,"[2215622, 2215706, 2215794]"
5,5693,meta-llama/Llama-3.1-8B-mini4L,2056,4,3000000000,28266946205,25266946205,19081708445,25260299083,2215707,"[2215622, 2215706, 2215794]"
5,5765,meta-llama/Llama-3.1-8B-mini4L,2056,4,3000000000,28266946205,25266946205,19081708445,25260299083,2215707,"[2215622, 2215706, 2215794]"
5,5837,meta-llama/Llama-3.1-8B-mini4L,2056,4,3000000000,28266946205,25266946205,19081708445,25260299083,2215707,"[2215622, 2215706, 2215794]"
5,5909,meta-llama/Llama-3.1-8B-mini4L,2056,4,3000000000,28266946205,25266946205,19081708445,25260299083,2215707,"[2215622, 2215706, 2215794]"
5,5981,meta-llama/Llama-3.1-8B-mini4L,2056,4,3000000000,28266946205,25266946205,19081708445,25260299083,2215707,"[2215622, 2215706, 2215794]"
5,6053,meta-llama/Llama-3.1-8B-mini4L,2056,4,3000000000,28266946205,25266946205,19081708445,25260299083,2215707,"[2215622, 2215706, 2215794]"
5,6125,meta-llama/Llama-3.1-8B-mini4L,2056,4,3000000000,34199427429,31199427429,25266946205,31193083686,2114581,"[2114537, 2114581, 2114625]"
5,6197,meta-llama/Llama-3.1-8B-mini4L,2056,4,3000000000,34199427429,31199427429,25266946205,31193083686,2114581,"[2114537, 2114581, 2114625]"
5,6269,meta-llama/Llama-3.1-8B-mini4L,2056,4,3000000000,34199427429,31199427429,25266946205,31193083686,2114581,"[2114537, 2114581, 2114625]"
5,6341,meta-llama/Llama-3.1-8B-mini4L,2056,4,3000000000,34199427429,31199427429,25266946205,31193083686,2114581,"[2114537, 2114581, 2114625]"
6,6,meta-llama/Llama-3.1-8B-mini4L,2048,4,0,163375080,163375080,1,14716949,49552710,"[48887602, 49863356, 49907173]"
6,78,meta-llama/Llama-3.1-8B-mini4L,2048,4,0,263228800,263228800,63604551,113467907,49920297,"[49907173, 49906421, 49947299]"
6,150,meta-llama/Llama-3.1-8B-mini4L,2048,4,0,313175047,313175047,113467907,163375080,49933322,"[49906421, 49947299, 49946247]"
6,222,meta-llama/Llama-3.1-8B-mini4L,2048,4,0,363120238,363120238,163375080,213281501,49946245,"[49947299, 49946247, 49945191]"
6,294,meta-llama/Llama-3.1-8B-mini4L,2048,4,0,413064373,413064373,213281501,263228800,49945191,"[49946247, 49945191, 49944135]"
6,366,meta-llama/Llama-3.1-8B-mini4L,2048,4,0,463007452,463007452,263228800,313175047,49944135,"[49945191, 49944135, 49943079]"
6,438,meta-llama/Llama-3.1-8B-mini4L,2048,4,0,512977084,512977084,313175047,363120238,49952282,"[49944135, 49943079, 49969632]"
6,510,meta-llama/Llama-3.1-8B-mini4L,2048,4,0,561452511,561452511,363120238,413064373,49462712,"[49943079, 49969632, 48475427]"
6,582,meta-llama/Llama-3.1-8B-mini4L,2048,4,0,602045034,602045034,413064373,463007452,46345860,"[49969632, 48475427, 40592523]"
6,654,meta-llama/Llama-3.1-8B-mini4L,2048,4,0,646513610,646513610,463007452,512977084,44512175,"[48475427, 40592523, 44468576]"
6,726,meta-llama/Llama-3.1-8B-mini4L,2048,4,0,691915562,691915562,512977084,561452511,43487683,"[40592523, 44468576, 45401952]"
6,798,meta-llama/Llama-3.1-8B-mini4L,2048,4,0,735877477,735877477,561452511,602045034,44610814,"[44468576, 45401952, 43961915]"
6,870,meta-llama/Llama-3.1-8B-mini4L,2048,4,0,778289435,778289435,602045034,646513610,43925275,"[45401952, 43961915, 42411958]"
6,942,meta-llama/Llama-3.1-8B-mini4L,2048,4,0,819178911,819178911,646513610,691915562,42421116,"[43961915, 42411958, 40889476]"
6,1014,meta-llama/Llama-3.1-8B-mini4L,2048,4,0,859356073,859356073,691915562,735877477,41159532,"[42411958, 40889476, 40177162]"
6,1086,meta-llama/Llama-3.1-8B-mini4L,2048,4,0,898233107,898233107,735877477,778289435,39981224,"[40889476, 40177162, 38877034]"
6,1158,meta-llama/Llama-3.1-8B-mini4L,2048,4,0,938033685,938033685,778289435,819178911,39618258,"[40177162, 38877034, 39800578]"
6,1230,meta-llama/Llama-3.1-8B-mini4L,2048,4,0,978152745,978152745,819178911,859356073,39598890,"[38877034, 39800578, 40119060]"
6,1302,meta-llama/Llama-3.1-8B-mini4L,2048,4,0,1018244588,1018244588,859356073,898233107,40003827,"[39800578, 40119060, 40091843]"
6,1374,meta-llama/Llama-3.1-8B-mini4L,2048,4,0,1058064261,1058064261,898233107,938033685,40010192,"[40119060, 40091843, 39819673]"
6,1446,meta-llama/Llama-3.1-8B-mini4L,2048,4,0,1097165812,1097165812,938033685,978152745,39671022,"[40091843, 39819673, 39101551]"
6,1518,meta-llama/Llama-3.1-8B-mini4L,2048,4,0,1137101134,1137101134,978152745,1018244588,39618848,"[39819673, 39101551, 39935322]"
6,1590,meta-llama/Llama-3.1-8B-mini4L,2048,4,0,1177144276,1177144276,1018244588,1058064261,39693338,"[39101551, 39935322, 40043142]"
6,1662,meta-llama/Llama-3.1-8B-mini4L,2048,4,0,1217025688,1217025688,1058064261,1097165812,39953292,"[39935322, 40043142, 39881412]"
6,1734,meta-llama/Llama-3.1-8B-mini4L,2048,4,0,1256583640,1256583640,1097165812,1137101134,39827502,"[40043142, 39881412, 39557952]"
6,1806,meta-llama/Llama-3.1-8B-mini4L,2048,4,0,1296236836,1296236836,1137101134,1177144276,39697520,"[39881412, 39557952, 39653196]"
6,1878,meta-llama/Llama-3.1-8B-mini4L,2048,4,0,1336044950,1336044950,1177144276,1217025688,39673087,"[39557952, 39653196, 39808114]"
6,1950,meta-llama/Llama-3.1-8B-mini4L,2048,4,0,1376039915,1376039915,1217025688,1256583640,39818758,"[39653196, 39808114, 39994965]"
6,2022,meta-llama/Llama-3.1-8B-mini4L,2048,4,0,1415794643,1415794643,1256583640,1296236836,39852602,"[39808114, 39994965, 39754728]"
6,2094,meta-llama/Llama-3.1-8B-mini4L,2048,4,0,1455229055,1455229055,1296236836,1336044950,39728035,"[39994965, 39754728, 39434412]"
6,2166,meta-llama/Llama-3.1-8B-mini4L,2048,4,0,1494945038,1494945038,1336044950,1376039915,39635041,"[39754728, 39434412, 39715983]"
6,2238,meta-llama/Llama-3.1-8B-mini4L,2048,4,0,1534933191,1534933191,1376039915,1415794643,39712849,"[39434412, 39715983, 39988153]"
6,2310,meta-llama/Llama-3.1-8B-mini4L,2048,4,0,1574699940,1574699940,1415794643,1455229055,39823628,"[39715983, 39988153, 39766749]"
6,2382,meta-llama/Llama-3.1-8B-mini4L,2048,4,0,1614409373,1614409373,1455229055,1494945038,39821445,"[39988153, 39766749, 39709433]"
6,2454,meta-llama/Llama-3.1-8B-mini4L,2048,4,0,1654065944,1654065944,1494945038,1534933191,39710917,"[39766749, 39709433, 39656571]"
6,2526,meta-llama/Llama-3.1-8B-mini4L,2048,4,0,1693775377,1693775377,1534933191,1574699940,39691812,"[39709433, 39656571, 39709433]"
6,2598,meta-llama/Llama-3.1-8B-mini4L,2048,4,0,1733497879,1733497879,1574699940,1614409373,39696168,"[39656571, 39709433, 39722502]"
6,2670,meta-llama/Llama-3.1-8B-mini4L,2048,4,0,1773241048,1773241048,1614409373,1654065944,39725034,"[39709433, 39722502, 39743169]"
6,2742,meta-llama/Llama-3.1-8B-mini4L,2048,4,0,1812958048,1812958048,1654065944,1693775377,39727557,"[39722502, 39743169, 39717000]"
6,2814,meta-llama/Llama-3.1-8B-mini4L,2048,4,0,1852675048,1852675048,1693775377,1733497879,39725723,"[39743169, 39717000, 39717000]"
6,2886,meta-llama/Llama-3.1-8B-mini4L,2048,4,0,1891871188,1891871188,1733497879,1773241048,39543380,"[39717000, 39717000, 39196140]"
6,2958,meta-llama/Llama-3.1-8B-mini4L,2048,4,0,1908150027,1908150027,1773241048,1812958048,31730659,"[39717000, 39196140, 16278839]"
6,3030,meta-llama/Llama-3.1-8B-mini4L,2048,4,0,1910369796,1910369796,1812958048,1852675048,19231582,"[39196140, 16278839, 2219769]"
6,3102,meta-llama/Llama-3.1-8B-mini4L,2048,4,0,1912458921,1912458921,1852675048,1891871188,6862577,"[16278839, 2219769, 2089125]"
6,3174,meta-llama/Llama-3.1-8B-mini4L,2048,4,0,1914545842,1914545842,1891871188,1908150027,2131938,"[2219769, 2089125, 2086921]"
6,3246,meta-llama/Llama-3.1-8B-mini4L,2056,4,3000000000,3611901245,611901245,322129,605254123,2215707,"[2215622, 2215706, 2215794]"
6,3318,meta-llama/Llama-3.1-8B-mini4L,2056,4,3000000000,3611901245,611901245,322129,605254123,2215707,"[2215622, 2215706, 2215794]"
6,3390,meta-llama/Llama-3.1-8B-mini4L,2056,4,3000000000,3611901245,611901245,322129,605254123,2215707,"[2215622, 2215706, 2215794]"
6,3462,meta-llama/Llama-3.1-8B-mini4L,2056,4,3000000000,3611901245,611901245,322129,605254123,2215707,"[2215622, 2215706, 2215794]"
6,3534,meta-llama/Llama-3.1-8B-mini4L,2056,4,3000000000,3611901245,611901245,322129,605254123,2215707,"[2215622, 2215706, 2215794]"
6,3606,meta-llama/Llama-3.1-8B-mini4L,2056,4,3000000000,3611901245,611901245,322129,605254123,2215707,"[2215622, 2215706, 2215794]"
6,3678,meta-llama/Llama-3.1-8B-mini4L,2056,4,3000000000,3611901245,611901245,322129,605254123,2215707,"[2215622, 2215706, 2215794]"
6,3750,meta-llama/Llama-3.1-8B-mini4L,2056,4,3000000000,3611901245,611901245,322129,605254123,2215707,"[2215622, 2215706, 2215794]"
6,3822,meta-llama/Llama-3.1-8B-mini4L,2056,4,3000000000,9797139005,6797139005,611901245,6790491883,2215707,"[2215622, 2215706, 2215794]"
6,3894,meta-llama/Llama-3.1-8B-mini4L,2056,4,3000000000,9797139005,6797139005,611901245,6790491883,2215707,"[2215622, 2215706, 2215794]"
6,3966,meta-llama/Llama-3.1-8B-mini4L,2056,4,3000000000,9797139005,6797139005,611901245,6790491883,2215707,"[2215622, 2215706, 2215794]"
6,4038,meta-llama/Llama-3.1-8B-mini4L,2056,4,3000000000,9797139005,6797139005,611901245,6790491883,2215707,"[2215622, 2215706, 2215794]"
6,4110,meta-llama/Llama-3.1-8B-mini4L,2056,4,3000000000,9797139005,6797139005,611901245,6790491883,2215707,"[2215622, 2215706, 2215794]"
6,4182,meta-llama/Llama-3.1-8B-mini4L,2056,4,3000000000,9797139005,6797139005,611901245,6790491883,2215707,"[2215622, 2215706, 2215794]"
6,4254,meta-llama/Llama-3.1-8B-mini4L,2056,4,3000000000,9797139005,6797139005,611901245,6790491883,2215707,"[2215622, 2215706, 2215794]"
6,4326,meta-llama/Llama-3.1-8B-mini4L,2056,4,3000000000,9797139005,6797139005,611901245,6790491883,2215707,"[2215622, 2215706, 2215794]"
6,4398,meta-llama/Llama-3.1-8B-mini4L,2056,4,3000000000,15982376765,12982376765,6797139005,12975729643,2215707,"[2215622, 2215706, 2215794]"
6,4470,meta-llama/Llama-3.1-8B-mini4L,2056,4,3000000000,15982376765,12982376765,6797139005,12975729643,2215707,"[2215622, 2215706, 2215794]"
6,4542,meta-llama/Llama-3.1-8B-mini4L,2056,4,3000000000,15982376765,12982376765,6797139005,12975729643,2215707,"[2215622, 2215706, 2215794]"
6,4614,meta-llama/Llama-3.1-8B-mini4L,2056,4,3000000000,15982376765,12982376765,6797139005,12975729643,2215707,"[2215622, 2215706, 2215794]"
6,4686,meta-llama/Llama-3.1-8B-mini4L,2056,4,3000000000,15982376765,12982376765,6797139005,12975729643,2215707,"[2215622, 2215706, 2215794]"
6,4758,meta-llama/Llama-3.1-8B-mini4L,2056,4,3000000000,15982376765,12982376765,6797139005,12975729643,2215707,"[2215622, 2215706, 2215794]"
6,4830,meta-llama/Llama-3.1-8B-mini4L,2056,4,3000000000,15982376765,12982376765,6797139005,12975729643,2215707,"[2215622, 2215706, 2215794]"
6,4902,meta-llama/Llama-3.1-8B-mini4L,2056,4,3000000000,15982376765,12982376765,6797139005,12975729643,2215707,"[2215622, 2215706, 2215794]"
6,4974,meta-llama/Llama-3.1-8B-mini4L,2056,4,3000000000,22167614525,19167614525,12982376765,19160967403,2215707,"[2215622, 2215706, 2215794]"
6,5046,meta-llama/Llama-3.1-8B-mini4L,2056,4,3000000000,22167614525,19167614525,12982376765,19160967403,2215707,"[2215622, 2215706, 2215794]"
6,5118,meta-llama/Llama-3.1-8B-mini4L,2056,4,3000000000,22167614525,19167614525,12982376765,19160967403,2215707,"[2215622, 2215706, 2215794]"
6,5190,meta-llama/Llama-3.1-8B-mini4L,2056,4,3000000000,22167614525,19167614525,12982376765,19160967403,2215707,"[2215622, 2215706, 2215794]"
6,5262,meta-llama/Llama-3.1-8B-mini4L,2056,4,3000000000,22167614525,19167614525,12982376765,19160967403,2215707,"[2215622, 2215706, 2215794]"
6,5334,meta-llama/Llama-3.1-8B-mini4L,2056,4,3000000000,22167614525,19167614525,12982376765,19160967403,2215707,"[2215622, 2215706, 2215794]"
6,5406,meta-llama/Llama-3.1-8B-mini4L,2056,4,3000000000,22167614525,19167614525,12982376765,19160967403,2215707,"[2215622, 2215706, 2215794]"
6,5478,meta-llama/Llama-3.1-8B-mini4L,2056,4,3000000000,22167614525,19167614525,12982376765,19160967403,2215707,"[2215622, 2215706, 2215794]"
6,5550,meta-llama/Llama-3.1-8B-mini4L,2056,4,3000000000,28352852285,25352852285,19167614525,25346205163,2215707,"[2215622, 2215706, 2215794]"
6,5622,meta-llama/Llama-3.1-8B-mini4L,2056,4,3000000000,28352852285,25352852285,19167614525,25346205163,2215707,"[2215622, 2215706, 2215794]"
6,5694,meta-llama/Llama-3.1-8B-mini4L,2056,4,3000000000,28352852285,25352852285,19167614525,25346205163,2215707,"[2215622, 2215706, 2215794]"
6,5766,meta-llama/Llama-3.1-8B-mini4L,2056,4,3000000000,28352852285,25352852285,19167614525,25346205163,2215707,"[2215622, 2215706, 2215794]"
6,5838,meta-llama/Llama-3.1-8B-mini4L,2056,4,3000000000,28352852285,25352852285,19167614525,25346205163,2215707,"[2215622, 2215706, 2215794]"
6,5910,meta-llama/Llama-3.1-8B-mini4L,2056,4,3000000000,28352852285,25352852285,19167614525,25346205163,2215707,"[2215622, 2215706, 2215794]"
6,5982,meta-llama/Llama-3.1-8B-mini4L,2056,4,3000000000,28352852285,25352852285,19167614525,25346205163,2215707,"[2215622, 2215706, 2215794]"
6,6054,meta-llama/Llama-3.1-8B-mini4L,2056,4,3000000000,28352852285,25352852285,19167614525,25346205163,2215707,"[2215622, 2215706, 2215794]"
6,6126,meta-llama/Llama-3.1-8B-mini4L,2056,4,3000000000,34243390469,31243390469,25352852285,31237046726,2114581,"[2114537, 2114581, 2114625]"
6,6198,meta-llama/Llama-3.1-8B-mini4L,2056,4,3000000000,34243390469,31243390469,25352852285,31237046726,2114581,"[2114537, 2114581, 2114625]"
6,6270,meta-llama/Llama-3.1-8B-mini4L,2056,4,3000000000,34243390469,31243390469,25352852285,31237046726,2114581,"[2114537, 2114581, 2114625]"
6,6342,meta-llama/Llama-3.1-8B-mini4L,2056,4,3000000000,34243390469,31243390469,25352852285,31237046726,2114581,"[2114537, 2114581, 2114625]"
7,7,meta-llama/Llama-3.1-8B-mini4L,2048,4,0,163900536,163900536,1,15242405,49552710,"[48887602, 49863356, 49907173]"
7,79,meta-llama/Llama-3.1-8B-mini4L,2048,4,0,263754256,263754256,64130007,113993363,49920297,"[49907173, 49906421, 49947299]"
7,151,meta-llama/Llama-3.1-8B-mini4L,2048,4,0,313700503,313700503,113993363,163900536,49933322,"[49906421, 49947299, 49946247]"
7,223,meta-llama/Llama-3.1-8B-mini4L,2048,4,0,363645694,363645694,163900536,213806957,49946245,"[49947299, 49946247, 49945191]"
7,295,meta-llama/Llama-3.1-8B-mini4L,2048,4,0,413589829,413589829,213806957,263754256,49945191,"[49946247, 49945191, 49944135]"
7,367,meta-llama/Llama-3.1-8B-mini4L,2048,4,0,463532908,463532908,263754256,313700503,49944135,"[49945191, 49944135, 49943079]"
7,439,meta-llama/Llama-3.1-8B-mini4L,2048,4,0,513502540,513502540,313700503,363645694,49952282,"[49944135, 49943079, 49969632]"
7,511,meta-llama/Llama-3.1-8B-mini4L,2048,4,0,561977967,561977967,363645694,413589829,49462712,"[49943079, 49969632, 48475427]"
7,583,meta-llama/Llama-3.1-8B-mini4L,2048,4,0,602570490,602570490,413589829,463532908,46345860,"[49969632, 48475427, 40592523]"
7,655,meta-llama/Llama-3.1-8B-mini4L,2048,4,0,647039066,647039066,463532908,513502540,44512175,"[48475427, 40592523, 44468576]"
7,727,meta-llama/Llama-3.1-8B-mini4L,2048,4,0,692441018,692441018,513502540,561977967,43487683,"[40592523, 44468576, 45401952]"
7,799,meta-llama/Llama-3.1-8B-mini4L,2048,4,0,736402933,736402933,561977967,602570490,44610814,"[44468576, 45401952, 43961915]"
7,871,meta-llama/Llama-3.1-8B-mini4L,2048,4,0,778814891,778814891,602570490,647039066,43925275,"[45401952, 43961915, 42411958]"
7,943,meta-llama/Llama-3.1-8B-mini4L,2048,4,0,819704367,819704367,647039066,692441018,42421116,"[43961915, 42411958, 40889476]"
7,1015,meta-llama/Llama-3.1-8B-mini4L,2048,4,0,859881529,859881529,692441018,736402933,41159532,"[42411958, 40889476, 40177162]"
7,1087,meta-llama/Llama-3.1-8B-mini4L,2048,4,0,898786042,898786042,736402933,778814891,39990383,"[40889476, 40177162, 38904513]"
7,1159,meta-llama/Llama-3.1-8B-mini4L,2048,4,0,938559141,938559141,778814891,819704367,39618258,"[40177162, 38904513, 39773099]"
7,1231,meta-llama/Llama-3.1-8B-mini4L,2048,4,0,978705418,978705418,819704367,859881529,39607963,"[38904513, 39773099, 40146277]"
7,1303,meta-llama/Llama-3.1-8B-mini4L,2048,4,0,1018770044,1018770044,859881529,898786042,39994667,"[39773099, 40146277, 40064626]"
7,1375,meta-llama/Llama-3.1-8B-mini4L,2048,4,0,1058589717,1058589717,898786042,938559141,40010192,"[40146277, 40064626, 39819673]"
7,1447,meta-llama/Llama-3.1-8B-mini4L,2048,4,0,1097718223,1097718223,938559141,978705418,39670935,"[40064626, 39819673, 39128506]"
7,1519,meta-llama/Llama-3.1-8B-mini4L,2048,4,0,1137653545,1137653545,978705418,1018770044,39627833,"[39819673, 39128506, 39935322]"
7,1591,meta-llama/Llama-3.1-8B-mini4L,2048,4,0,1177696687,1177696687,1018770044,1058589717,39702323,"[39128506, 39935322, 40043142]"
7,1663,meta-llama/Llama-3.1-8B-mini4L,2048,4,0,1217605054,1217605054,1058589717,1097718223,39962277,"[39935322, 40043142, 39908367]"
7,1735,meta-llama/Llama-3.1-8B-mini4L,2048,4,0,1257109096,1257109096,1097718223,1137653545,39818517,"[40043142, 39908367, 39504042]"
7,1807,meta-llama/Llama-3.1-8B-mini4L,2048,4,0,1296788985,1296788985,1137653545,1177696687,39697432,"[39908367, 39504042, 39679889]"
7,1879,meta-llama/Llama-3.1-8B-mini4L,2048,4,0,1336597099,1336597099,1177696687,1217605054,39664015,"[39504042, 39679889, 39808114]"
7,1951,meta-llama/Llama-3.1-8B-mini4L,2048,4,0,1376592064,1376592064,1217605054,1257109096,39827656,"[39679889, 39808114, 39994965]"
7,2023,meta-llama/Llama-3.1-8B-mini4L,2048,4,0,1416373485,1416373485,1257109096,1296788985,39861500,"[39808114, 39994965, 39781421]"
7,2095,meta-llama/Llama-3.1-8B-mini4L,2048,4,0,1455834590,1455834590,1296788985,1336597099,39745830,"[39994965, 39781421, 39461105]"
7,2167,meta-llama/Llama-3.1-8B-mini4L,2048,4,0,1495523356,1495523356,1336597099,1376592064,39643764,"[39781421, 39461105, 39688766]"
7,2239,meta-llama/Llama-3.1-8B-mini4L,2048,4,0,1535485340,1535485340,1376592064,1416373485,39703951,"[39461105, 39688766, 39961984]"
7,2311,meta-llama/Llama-3.1-8B-mini4L,2048,4,0,1575251827,1575251827,1416373485,1455834590,39805745,"[39688766, 39961984, 39766487]"
7,2383,meta-llama/Llama-3.1-8B-mini4L,2048,4,0,1614961260,1614961260,1455834590,1495523356,39812634,"[39961984, 39766487, 39709433]"
7,2455,meta-llama/Llama-3.1-8B-mini4L,2048,4,0,1654644262,1654644262,1495523356,1535485340,39719640,"[39766487, 39709433, 39683002]"
7,2527,meta-llama/Llama-3.1-8B-mini4L,2048,4,0,1694327264,1694327264,1535485340,1575251827,39691812,"[39709433, 39683002, 39683002]"
7,2599,meta-llama/Llama-3.1-8B-mini4L,2048,4,0,1734049504,1734049504,1575251827,1614961260,39696081,"[39683002, 39683002, 39722240]"
7,2671,meta-llama/Llama-3.1-8B-mini4L,2048,4,0,1773792673,1773792673,1614961260,1654644262,39716137,"[39683002, 39722240, 39743169]"
7,2743,meta-llama/Llama-3.1-8B-mini4L,2048,4,0,1813509673,1813509673,1654644262,1694327264,39727469,"[39722240, 39743169, 39717000]"
7,2815,meta-llama/Llama-3.1-8B-mini4L,2048,4,0,1853200504,1853200504,1694327264,1734049504,39717000,"[39743169, 39717000, 39690831]"
7,2887,meta-llama/Llama-3.1-8B-mini4L,2048,4,0,1892396644,1892396644,1734049504,1773792673,39534657,"[39717000, 39690831, 39196140]"
7,2959,meta-llama/Llama-3.1-8B-mini4L,2048,4,0,1908183237,1908183237,1773792673,1813509673,31557854,"[39690831, 39196140, 15786593]"
7,3031,meta-llama/Llama-3.1-8B-mini4L,2048,4,0,1910436336,1910436336,1813509673,1853200504,19078610,"[39196140, 15786593, 2253099]"
7,3103,meta-llama/Llama-3.1-8B-mini4L,2048,4,0,1912525461,1912525461,1853200504,1892396644,6709605,"[15786593, 2253099, 2089125]"
7,3175,meta-llama/Llama-3.1-8B-mini4L,2048,4,0,1914612382,1914612382,1892396644,1908183237,2143048,"[2253099, 2089125, 2086921]"
7,3247,meta-llama/Llama-3.1-8B-mini4L,2056,4,3000000000,3697807325,697807325,322129,691160203,2215707,"[2215622, 2215706, 2215794]"
7,3319,meta-llama/Llama-3.1-8B-mini4L,2056,4,3000000000,3697807325,697807325,322129,691160203,2215707,"[2215622, 2215706, 2215794]"
7,3391,meta-llama/Llama-3.1-8B-mini4L,2056,4,3000000000,3697807325,697807325,322129,691160203,2215707,"[2215622, 2215706, 2215794]"
7,3463,meta-llama/Llama-3.1-8B-mini4L,2056,4,3000000000,3697807325,697807325,322129,691160203,2215707,"[2215622, 2215706, 2215794]"
7,3535,meta-llama/Llama-3.1-8B-mini4L,2056,4,3000000000,3697807325,697807325,322129,691160203,2215707,"[2215622, 2215706, 2215794]"
7,3607,meta-llama/Llama-3.1-8B-mini4L,2056,4,3000000000,3697807325,697807325,322129,691160203,2215707,"[2215622, 2215706, 2215794]"
7,3679,meta-llama/Llama-3.1-8B-mini4L,2056,4,3000000000,3697807325,697807325,322129,691160203,2215707,"[2215622, 2215706, 2215794]"
7,3751,meta-llama/Llama-3.1-8B-mini4L,2056,4,3000000000,3697807325,697807325,322129,691160203,2215707,"[2215622, 2215706, 2215794]"
7,3823,meta-llama/Llama-3.1-8B-mini4L,2056,4,3000000000,9883045085,6883045085,697807325,6876397963,2215707,"[2215622, 2215706, 2215794]"
7,3895,meta-llama/Llama-3.1-8B-mini4L,2056,4,3000000000,9883045085,6883045085,697807325,6876397963,2215707,"[2215622, 2215706, 2215794]"
7,3967,meta-llama/Llama-3.1-8B-mini4L,2056,4,3000000000,9883045085,6883045085,697807325,6876397963,2215707,"[2215622, 2215706, 2215794]"
7,4039,meta-llama/Llama-3.1-8B-mini4L,2056,4,3000000000,9883045085,6883045085,697807325,6876397963,2215707,"[2215622, 2215706, 2215794]"
7,4111,meta-llama/Llama-3.1-8B-mini4L,2056,4,3000000000,9883045085,6883045085,697807325,6876397963,2215707,"[2215622, 2215706, 2215794]"
7,4183,meta-llama/Llama-3.1-8B-mini4L,2056,4,3000000000,9883045085,6883045085,697807325,6876397963,2215707,"[2215622, 2215706, 2215794]"
7,4255,meta-llama/Llama-3.1-8B-mini4L,2056,4,3000000000,9883045085,6883045085,697807325,6876397963,2215707,"[2215622, 2215706, 2215794]"
7,4327,meta-llama/Llama-3.1-8B-mini4L,2056,4,3000000000,9883045085,6883045085,697807325,6876397963,2215707,"[2215622, 2215706, 2215794]"
7,4399,meta-llama/Llama-3.1-8B-mini4L,2056,4,3000000000,16068282845,13068282845,6883045085,13061635723,2215707,"[2215622, 2215706, 2215794]"
7,4471,meta-llama/Llama-3.1-8B-mini4L,2056,4,3000000000,16068282845,13068282845,6883045085,13061635723,2215707,"[2215622, 2215706, 2215794]"
7,4543,meta-llama/Llama-3.1-8B-mini4L,2056,4,3000000000,16068282845,13068282845,6883045085,13061635723,2215707,"[2215622, 2215706, 2215794]"
7,4615,meta-llama/Llama-3.1-8B-mini4L,2056,4,3000000000,16068282845,13068282845,6883045085,13061635723,2215707,"[2215622, 2215706, 2215794]"
7,4687,meta-llama/Llama-3.1-8B-mini4L,2056,4,3000000000,16068282845,13068282845,6883045085,13061635723,2215707,"[2215622, 2215706, 2215794]"
7,4759,meta-llama/Llama-3.1-8B-mini4L,2056,4,3000000000,16068282845,13068282845,6883045085,13061635723,2215707,"[2215622, 2215706, 2215794]"
7,4831,meta-llama/Llama-3.1-8B-mini4L,2056,4,3000000000,16068282845,13068282845,6883045085,13061635723,2215707,"[2215622, 2215706, 2215794]"
7,4903,meta-llama/Llama-3.1-8B-mini4L,2056,4,3000000000,16068282845,13068282845,6883045085,13061635723,2215707,"[2215622, 2215706, 2215794]"
7,4975,meta-llama/Llama-3.1-8B-mini4L,2056,4,3000000000,22253520605,19253520605,13068282845,19246873483,2215707,"[2215622, 2215706, 2215794]"
7,5047,meta-llama/Llama-3.1-8B-mini4L,2056,4,3000000000,22253520605,19253520605,13068282845,19246873483,2215707,"[2215622, 2215706, 2215794]"
7,5119,meta-llama/Llama-3.1-8B-mini4L,2056,4,3000000000,22253520605,19253520605,13068282845,19246873483,2215707,"[2215622, 2215706, 2215794]"
7,5191,meta-llama/Llama-3.1-8B-mini4L,2056,4,3000000000,22253520605,19253520605,13068282845,19246873483,2215707,"[2215622, 2215706, 2215794]"
7,5263,meta-llama/Llama-3.1-8B-mini4L,2056,4,3000000000,22253520605,19253520605,13068282845,19246873483,2215707,"[2215622, 2215706, 2215794]"
7,5335,meta-llama/Llama-3.1-8B-mini4L,2056,4,3000000000,22253520605,19253520605,13068282845,19246873483,2215707,"[2215622, 2215706, 2215794]"
7,5407,meta-llama/Llama-3.1-8B-mini4L,2056,4,3000000000,22253520605,19253520605,13068282845,19246873483,2215707,"[2215622, 2215706, 2215794]"
7,5479,meta-llama/Llama-3.1-8B-mini4L,2056,4,3000000000,22253520605,19253520605,13068282845,19246873483,2215707,"[2215622, 2215706, 2215794]"
7,5551,meta-llama/Llama-3.1-8B-mini4L,2056,4,3000000000,28438758365,25438758365,19253520605,25432111243,2215707,"[2215622, 2215706, 2215794]"
7,5623,meta-llama/Llama-3.1-8B-mini4L,2056,4,3000000000,28438758365,25438758365,19253520605,25432111243,2215707,"[2215622, 2215706, 2215794]"
7,5695,meta-llama/Llama-3.1-8B-mini4L,2056,4,3000000000,28438758365,25438758365,19253520605,25432111243,2215707,"[2215622, 2215706, 2215794]"
7,5767,meta-llama/Llama-3.1-8B-mini4L,2056,4,3000000000,28438758365,25438758365,19253520605,25432111243,2215707,"[2215622, 2215706, 2215794]"
7,5839,meta-llama/Llama-3.1-8B-mini4L,2056,4,3000000000,28438758365,25438758365,19253520605,25432111243,2215707,"[2215622, 2215706, 2215794]"
7,5911,meta-llama/Llama-3.1-8B-mini4L,2056,4,3000000000,28438758365,25438758365,19253520605,25432111243,2215707,"[2215622, 2215706, 2215794]"
7,5983,meta-llama/Llama-3.1-8B-mini4L,2056,4,3000000000,28438758365,25438758365,19253520605,25432111243,2215707,"[2215622, 2215706, 2215794]"
7,6055,meta-llama/Llama-3.1-8B-mini4L,2056,4,3000000000,28438758365,25438758365,19253520605,25432111243,2215707,"[2215622, 2215706, 2215794]"
7,6127,meta-llama/Llama-3.1-8B-mini4L,2056,4,3000000000,34287353509,31287353509,25438758365,31281009766,2114581,"[2114537, 2114581, 2114625]"
7,6199,meta-llama/Llama-3.1-8B-mini4L,2056,4,3000000000,34287353509,31287353509,25438758365,31281009766,2114581,"[2114537, 2114581, 2114625]"
7,6271,meta-llama/Llama-3.1-8B-mini4L,2056,4,3000000000,34287353509,31287353509,25438758365,31281009766,2114581,"[2114537, 2114581, 2114625]"
7,6343,meta-llama/Llama-3.1-8B-mini4L,2056,4,3000000000,34287353509,31287353509,25438758365,31281009766,2114581,"[2114537, 2114581, 2114625]"
8,8,meta-llama/Llama-3.1-8B-mini4L,2048,4,0,164425992,164425992,1,15767861,49552710,"[48887602, 49863356, 49907173]"
8,80,meta-llama/Llama-3.1-8B-mini4L,2048,4,0,264279712,264279712,64655463,114518819,49920297,"[49907173, 49906421, 49947299]"
8,152,meta-llama/Llama-3.1-8B-mini4L,2048,4,0,314225959,314225959,114518819,164425992,49933322,"[49906421, 49947299, 49946247]"
8,224,meta-llama/Llama-3.1-8B-mini4L,2048,4,0,364171150,364171150,164425992,214332413,49946245,"[49947299, 49946247, 49945191]"
8,296,meta-llama/Llama-3.1-8B-mini4L,2048,4,0,414115285,414115285,214332413,264279712,49945191,"[49946247, 49945191, 49944135]"
8,368,meta-llama/Llama-3.1-8B-mini4L,2048,4,0,464058364,464058364,264279712,314225959,49944135,"[49945191, 49944135, 49943079]"
8,440,meta-llama/Llama-3.1-8B-mini4L,2048,4,0,514027996,514027996,314225959,364171150,49952282,"[49944135, 49943079, 49969632]"
8,512,meta-llama/Llama-3.1-8B-mini4L,2048,4,0,562503423,562503423,364171150,414115285,49462712,"[49943079, 49969632, 48475427]"
8,584,meta-llama/Llama-3.1-8B-mini4L,2048,4,0,609456900,609456900,414115285,464058364,48466178,"[49969632, 48475427, 46953477]"
8,656,meta-llama/Llama-3.1-8B-mini4L,2048,4,0,648004186,648004186,464058364,514027996,44658730,"[48475427, 46953477, 38547286]"
8,728,meta-llama/Llama-3.1-8B-mini4L,2048,4,0,692966474,692966474,514027996,562503423,43487683,"[46953477, 38547286, 44962288]"
8,800,meta-llama/Llama-3.1-8B-mini4L,2048,4,0,736928389,736928389,562503423,609456900,42490496,"[38547286, 44962288, 43961915]"
8,872,meta-llama/Llama-3.1-8B-mini4L,2048,4,0,779367826,779367826,609456900,648004186,43787880,"[44962288, 43961915, 42439437]"
8,944,meta-llama/Llama-3.1-8B-mini4L,2048,4,0,820229823,820229823,648004186,692966474,42421116,"[43961915, 42439437, 40861997]"
8,1016,meta-llama/Llama-3.1-8B-mini4L,2048,4,0,860406985,860406985,692966474,736928389,41159532,"[42439437, 40861997, 40177162]"
8,1088,meta-llama/Llama-3.1-8B-mini4L,2048,4,0,899503851,899503851,736928389,779367826,40045341,"[40861997, 40177162, 39096866]"
8,1160,meta-llama/Llama-3.1-8B-mini4L,2048,4,0,939111814,939111814,779367826,820229823,39627330,"[40177162, 39096866, 39607963]"
8,1232,meta-llama/Llama-3.1-8B-mini4L,2048,4,0,979258091,979258091,820229823,860406985,39617035,"[39096866, 39607963, 40146277]"
8,1304,meta-llama/Llama-3.1-8B-mini4L,2048,4,0,1019295500,1019295500,860406985,899503851,39930549,"[39607963, 40146277, 40037409]"
8,1376,meta-llama/Llama-3.1-8B-mini4L,2048,4,0,1059142390,1059142390,899503851,939111814,40010192,"[40146277, 40037409, 39846890]"
8,1448,meta-llama/Llama-3.1-8B-mini4L,2048,4,0,1098270634,1098270634,939111814,979258091,39670847,"[40037409, 39846890, 39128244]"
8,1520,meta-llama/Llama-3.1-8B-mini4L,2048,4,0,1138179001,1138179001,979258091,1019295500,39627833,"[39846890, 39128244, 39908367]"
8,1592,meta-llama/Llama-3.1-8B-mini4L,2048,4,0,1178276053,1178276053,1019295500,1059142390,39711221,"[39128244, 39908367, 40097052]"
8,1664,meta-llama/Llama-3.1-8B-mini4L,2048,4,0,1218238330,1218238330,1059142390,1098270634,39989232,"[39908367, 40097052, 39962277]"
8,1736,meta-llama/Llama-3.1-8B-mini4L,2048,4,0,1257769327,1257769327,1098270634,1138179001,39863442,"[40097052, 39962277, 39530997]"
8,1808,meta-llama/Llama-3.1-8B-mini4L,2048,4,0,1297341134,1297341134,1138179001,1178276053,39688360,"[39962277, 39530997, 39571807]"
8,1880,meta-llama/Llama-3.1-8B-mini4L,2048,4,0,1337122555,1337122555,1178276053,1218238330,39628075,"[39530997, 39571807, 39781421]"
8,1952,meta-llama/Llama-3.1-8B-mini4L,2048,4,0,1377144213,1377144213,1218238330,1257769327,39791628,"[39571807, 39781421, 40021658]"
8,2024,meta-llama/Llama-3.1-8B-mini4L,2048,4,0,1416925634,1416925634,1257769327,1297341134,39861500,"[39781421, 40021658, 39781421]"
8,2096,meta-llama/Llama-3.1-8B-mini4L,2048,4,0,1456386739,1456386739,1297341134,1337122555,39754728,"[40021658, 39781421, 39461105]"
8,2168,meta-llama/Llama-3.1-8B-mini4L,2048,4,0,1496101674,1496101674,1337122555,1377144213,39652487,"[39781421, 39461105, 39714935]"
8,2240,meta-llama/Llama-3.1-8B-mini4L,2048,4,0,1536037489,1536037489,1377144213,1416925634,39703951,"[39461105, 39714935, 39935815]"
8,2312,meta-llama/Llama-3.1-8B-mini4L,2048,4,0,1575803714,1575803714,1416925634,1456386739,39805658,"[39714935, 39935815, 39766225]"
8,2384,meta-llama/Llama-3.1-8B-mini4L,2048,4,0,1615539578,1615539578,1456386739,1496101674,39812634,"[39935815, 39766225, 39735864]"
8,2456,meta-llama/Llama-3.1-8B-mini4L,2048,4,0,1655222580,1655222580,1496101674,1536037489,39728363,"[39766225, 39735864, 39683002]"
8,2528,meta-llama/Llama-3.1-8B-mini4L,2048,4,0,1694905582,1694905582,1536037489,1575803714,39700622,"[39735864, 39683002, 39683002]"
8,2600,meta-llama/Llama-3.1-8B-mini4L,2048,4,0,1734627298,1734627298,1575803714,1615539578,39695906,"[39683002, 39683002, 39721716]"
8,2672,meta-llama/Llama-3.1-8B-mini4L,2048,4,0,1774370467,1774370467,1615539578,1655222580,39715962,"[39683002, 39721716, 39743169]"
8,2744,meta-llama/Llama-3.1-8B-mini4L,2048,4,0,1814035129,1814035129,1655222580,1694905582,39709849,"[39721716, 39743169, 39664662]"
8,2816,meta-llama/Llama-3.1-8B-mini4L,2048,4,0,1853752129,1853752129,1694905582,1734627298,39708277,"[39743169, 39664662, 39717000]"
8,2888,meta-llama/Llama-3.1-8B-mini4L,2048,4,0,1892922220,1892922220,1734627298,1774370467,39517251,"[39664662, 39717000, 39170091]"
8,2960,meta-llama/Llama-3.1-8B-mini4L,2048,4,0,1908218225,1908218225,1774370467,1814035129,31394365,"[39717000, 39170091, 15296005]"
8,3032,meta-llama/Llama-3.1-8B-mini4L,2048,4,0,1910504005,1910504005,1814035129,1853752129,18917292,"[39170091, 15296005, 2285780]"
8,3104,meta-llama/Llama-3.1-8B-mini4L,2048,4,0,1912594019,1912594019,1853752129,1892922220,6557266,"[15296005, 2285780, 2090014]"
8,3176,meta-llama/Llama-3.1-8B-mini4L,2048,4,0,1914681573,1914681573,1892922220,1908218225,2154449,"[2285780, 2090014, 2087554]"
8,3248,meta-llama/Llama-3.1-8B-mini4L,2056,4,3000000000,3783713405,783713405,322129,777066283,2215707,"[2215622, 2215706, 2215794]"
8,3320,meta-llama/Llama-3.1-8B-mini4L,2056,4,3000000000,3783713405,783713405,322129,777066283,2215707,"[2215622, 2215706, 2215794]"
8,3392,meta-llama/Llama-3.1-8B-mini4L,2056,4,3000000000,3783713405,783713405,322129,777066283,2215707,"[2215622, 2215706, 2215794]"
8,3464,meta-llama/Llama-3.1-8B-mini4L,2056,4,3000000000,3783713405,783713405,322129,777066283,2215707,"[2215622, 2215706, 2215794]"
8,3536,meta-llama/Llama-3.1-8B-mini4L,2056,4,3000000000,3783713405,783713405,322129,777066283,2215707,"[2215622, 2215706, 2215794]"
8,3608,meta-llama/Llama-3.1-8B-mini4L,2056,4,3000000000,3783713405,783713405,322129,777066283,2215707,"[2215622, 2215706, 2215794]"
8,3680,meta-llama/Llama-3.1-8B-mini4L,2056,4,3000000000,3783713405,783713405,322129,777066283,2215707,"[2215622, 2215706, 2215794]"
8,3752,meta-llama/Llama-3.1-8B-mini4L,2056,4,3000000000,3783713405,783713405,322129,777066283,2215707,"[2215622, 2215706, 2215794]"
8,3824,meta-llama/Llama-3.1-8B-mini4L,2056,4,3000000000,9968951165,6968951165,783713405,6962304043,2215707,"[2215622, 2215706, 2215794]"
8,3896,meta-llama/Llama-3.1-8B-mini4L,2056,4,3000000000,9968951165,6968951165,783713405,6962304043,2215707,"[2215622, 2215706, 2215794]"
8,3968,meta-llama/Llama-3.1-8B-mini4L,2056,4,3000000000,9968951165,6968951165,783713405,6962304043,2215707,"[2215622, 2215706, 2215794]"
8,4040,meta-llama/Llama-3.1-8B-mini4L,2056,4,3000000000,9968951165,6968951165,783713405,6962304043,2215707,"[2215622, 2215706, 2215794]"
8,4112,meta-llama/Llama-3.1-8B-mini4L,2056,4,3000000000,9968951165,6968951165,783713405,6962304043,2215707,"[2215622, 2215706, 2215794]"
8,4184,meta-llama/Llama-3.1-8B-mini4L,2056,4,3000000000,9968951165,6968951165,783713405,6962304043,2215707,"[2215622, 2215706, 2215794]"
8,4256,meta-llama/Llama-3.1-8B-mini4L,2056,4,3000000000,9968951165,6968951165,783713405,6962304043,2215707,"[2215622, 2215706, 2215794]"
8,4328,meta-llama/Llama-3.1-8B-mini4L,2056,4,3000000000,9968951165,6968951165,783713405,6962304043,2215707,"[2215622, 2215706, 2215794]"
8,4400,meta-llama/Llama-3.1-8B-mini4L,2056,4,3000000000,16154188925,13154188925,6968951165,13147541803,2215707,"[2215622, 2215706, 2215794]"
8,4472,meta-llama/Llama-3.1-8B-mini4L,2056,4,3000000000,16154188925,13154188925,6968951165,13147541803,2215707,"[2215622, 2215706, 2215794]"
8,4544,meta-llama/Llama-3.1-8B-mini4L,2056,4,3000000000,16154188925,13154188925,6968951165,13147541803,2215707,"[2215622, 2215706, 2215794]"
8,4616,meta-llama/Llama-3.1-8B-mini4L,2056,4,3000000000,16154188925,13154188925,6968951165,13147541803,2215707,"[2215622, 2215706, 2215794]"
8,4688,meta-llama/Llama-3.1-8B-mini4L,2056,4,3000000000,16154188925,13154188925,6968951165,13147541803,2215707,"[2215622, 2215706, 2215794]"
8,4760,meta-llama/Llama-3.1-8B-mini4L,2056,4,3000000000,16154188925,13154188925,6968951165,13147541803,2215707,"[2215622, 2215706, 2215794]"
8,4832,meta-llama/Llama-3.1-8B-mini4L,2056,4,3000000000,16154188925,13154188925,6968951165,13147541803,2215707,"[2215622, 2215706, 2215794]"
8,4904,meta-llama/Llama-3.1-8B-mini4L,2056,4,3000000000,16154188925,13154188925,6968951165,13147541803,2215707,"[2215622, 2215706, 2215794]"
8,4976,meta-llama/Llama-3.1-8B-mini4L,2056,4,3000000000,22339426685,19339426685,13154188925,19332779563,2215707,"[2215622, 2215706, 2215794]"
8,5048,meta-llama/Llama-3.1-8B-mini4L,2056,4,3000000000,22339426685,19339426685,13154188925,19332779563,2215707,"[2215622, 2215706, 2215794]"
8,5120,meta-llama/Llama-3.1-8B-mini4L,2056,4,3000000000,22339426685,19339426685,13154188925,19332779563,2215707,"[2215622, 2215706, 2215794]"
8,5192,meta-llama/Llama-3.1-8B-mini4L,2056,4,3000000000,22339426685,19339426685,13154188925,19332779563,2215707,"[2215622, 2215706, 2215794]"
8,5264,meta-llama/Llama-3.1-8B-mini4L,2056,4,3000000000,22339426685,19339426685,13154188925,19332779563,2215707,"[2215622, 2215706, 2215794]"
8,5336,meta-llama/Llama-3.1-8B-mini4L,2056,4,3000000000,22339426685,19339426685,13154188925,19332779563,2215707,"[2215622, 2215706, 2215794]"
8,5408,meta-llama/Llama-3.1-8B-mini4L,2056,4,3000000000,22339426685,19339426685,13154188925,19332779563,2215707,"[2215622, 2215706, 2215794]"
8,5480,meta-llama/Llama-3.1-8B-mini4L,2056,4,3000000000,22339426685,19339426685,13154188925,19332779563,2215707,"[2215622, 2215706, 2215794]"
8,5552,meta-llama/Llama-3.1-8B-mini4L,2056,4,3000000000,28524664445,25524664445,19339426685,25518017323,2215707,"[2215622, 2215706, 2215794]"
8,5624,meta-llama/Llama-3.1-8B-mini4L,2056,4,3000000000,28524664445,25524664445,19339426685,25518017323,2215707,"[2215622, 2215706, 2215794]"
8,5696,meta-llama/Llama-3.1-8B-mini4L,2056,4,3000000000,28524664445,25524664445,19339426685,25518017323,2215707,"[2215622, 2215706, 2215794]"
8,5768,meta-llama/Llama-3.1-8B-mini4L,2056,4,3000000000,28524664445,25524664445,19339426685,25518017323,2215707,"[2215622, 2215706, 2215794]"
8,5840,meta-llama/Llama-3.1-8B-mini4L,2056,4,3000000000,28524664445,25524664445,19339426685,25518017323,2215707,"[2215622, 2215706, 2215794]"
8,5912,meta-llama/Llama-3.1-8B-mini4L,2056,4,3000000000,28524664445,25524664445,19339426685,25518017323,2215707,"[2215622, 2215706, 2215794]"
8,5984,meta-llama/Llama-3.1-8B-mini4L,2056,4,3000000000,28524664445,25524664445,19339426685,25518017323,2215707,"[2215622, 2215706, 2215794]"
8,6056,meta-llama/Llama-3.1-8B-mini4L,2056,4,3000000000,28524664445,25524664445,19339426685,25518017323,2215707,"[2215622, 2215706, 2215794]"
8,6128,meta-llama/Llama-3.1-8B-mini4L,2056,4,3000000000,34331316549,31331316549,25524664445,31324972806,2114581,"[2114537, 2114581, 2114625]"
8,6200,meta-llama/Llama-3.1-8B-mini4L,2056,4,3000000000,34331316549,31331316549,25524664445,31324972806,2114581,"[2114537, 2114581, 2114625]"
8,6272,meta-llama/Llama-3.1-8B-mini4L,2056,4,3000000000,34331316549,31331316549,25524664445,31324972806,2114581,"[2114537, 2114581, 2114625]"
8,6344,meta-llama/Llama-3.1-8B-mini4L,2056,4,3000000000,34331316549,31331316549,25524664445,31324972806,2114581,"[2114537, 2114581, 2114625]"
9,9,meta-llama/Llama-3.1-8B-mini4L,2048,4,0,164951448,164951448,1,16293317,49552710,"[48887602, 49863356, 49907173]"
9,81,meta-llama/Llama-3.1-8B-mini4L,2048,4,0,264805168,264805168,65180919,115044275,49920297,"[49907173, 49906421, 49947299]"
9,153,meta-llama/Llama-3.1-8B-mini4L,2048,4,0,314751415,314751415,115044275,164951448,49933322,"[49906421, 49947299, 49946247]"
9,225,meta-llama/Llama-3.1-8B-mini4L,2048,4,0,364696606,364696606,164951448,214857869,49946245,"[49947299, 49946247, 49945191]"
9,297,meta-llama/Llama-3.1-8B-mini4L,2048,4,0,414640741,414640741,214857869,264805168,49945191,"[49946247, 49945191, 49944135]"
9,369,meta-llama/Llama-3.1-8B-mini4L,2048,4,0,464583820,464583820,264805168,314751415,49944135,"[49945191, 49944135, 49943079]"
9,441,meta-llama/Llama-3.1-8B-mini4L,2048,4,0,514553452,514553452,314751415,364696606,49952282,"[49944135, 49943079, 49969632]"
9,513,meta-llama/Llama-3.1-8B-mini4L,2048,4,0,563028879,563028879,364696606,414640741,49462712,"[49943079, 49969632, 48475427]"
9,585,meta-llama/Llama-3.1-8B-mini4L,2048,4,0,609982356,609982356,414640741,464583820,48466178,"[49969632, 48475427, 46953477]"
9,657,meta-llama/Llama-3.1-8B-mini4L,2048,4,0,648941827,648941827,464583820,514553452,44796125,"[48475427, 46953477, 38959471]"
9,729,meta-llama/Llama-3.1-8B-mini4L,2048,4,0,693491930,693491930,514553452,563028879,43487683,"[46953477, 38959471, 44550103]"
9,801,meta-llama/Llama-3.1-8B-mini4L,2048,4,0,737453845,737453845,563028879,609982356,42490496,"[38959471, 44550103, 43961915]"
9,873,meta-llama/Llama-3.1-8B-mini4L,2048,4,0,779920761,779920761,609982356,648941827,43659644,"[44550103, 43961915, 42466916]"
9,945,meta-llama/Llama-3.1-8B-mini4L,2048,4,0,820782758,820782758,648941827,693491930,42430276,"[43961915, 42466916, 40861997]"
9,1017,meta-llama/Llama-3.1-8B-mini4L,2048,4,0,860932441,860932441,693491930,737453845,41159532,"[42466916, 40861997, 40149683]"
9,1089,meta-llama/Llama-3.1-8B-mini4L,2048,4,0,900139223,900139223,737453845,779920761,40072820,"[40861997, 40149683, 39206782]"
9,1161,meta-llama/Llama-3.1-8B-mini4L,2048,4,0,939637270,939637270,779920761,820782758,39618170,"[40149683, 39206782, 39498047]"
9,1233,meta-llama/Llama-3.1-8B-mini4L,2048,4,0,979783547,979783547,820782758,860932441,39617035,"[39206782, 39498047, 40146277]"
9,1305,meta-llama/Llama-3.1-8B-mini4L,2048,4,0,1019848173,1019848173,860932441,900139223,39902983,"[39498047, 40146277, 40064626]"
9,1377,meta-llama/Llama-3.1-8B-mini4L,2048,4,0,1059667846,1059667846,900139223,939637270,40010192,"[40146277, 40064626, 39819673]"
9,1449,meta-llama/Llama-3.1-8B-mini4L,2048,4,0,1098823045,1098823045,939637270,979783547,39679832,"[40064626, 39819673, 39155199]"
9,1521,meta-llama/Llama-3.1-8B-mini4L,2048,4,0,1138704457,1138704457,979783547,1019848173,39618761,"[39819673, 39155199, 39881412]"
9,1593,meta-llama/Llama-3.1-8B-mini4L,2048,4,0,1178801509,1178801509,1019848173,1059667846,39711221,"[39155199, 39881412, 40097052]"
9,1665,meta-llama/Llama-3.1-8B-mini4L,2048,4,0,1218790741,1218790741,1059667846,1098823045,39989232,"[39881412, 40097052, 39989232]"
9,1737,meta-llama/Llama-3.1-8B-mini4L,2048,4,0,1258348693,1258348693,1098823045,1138704457,39881412,"[40097052, 39989232, 39557952]"
9,1809,meta-llama/Llama-3.1-8B-mini4L,2048,4,0,1297893283,1297893283,1138704457,1178801509,39697258,"[39989232, 39557952, 39544590]"
9,1881,meta-llama/Llama-3.1-8B-mini4L,2048,4,0,1337674704,1337674704,1178801509,1218790741,39627987,"[39557952, 39544590, 39781421]"
9,1953,meta-llama/Llama-3.1-8B-mini4L,2048,4,0,1377696362,1377696362,1218790741,1258348693,39782556,"[39544590, 39781421, 40021658]"
9,2025,meta-llama/Llama-3.1-8B-mini4L,2048,4,0,1417477783,1417477783,1258348693,1297893283,39861500,"[39781421, 40021658, 39781421]"
9,2097,meta-llama/Llama-3.1-8B-mini4L,2048,4,0,1456938888,1456938888,1297893283,1337674704,39754728,"[40021658, 39781421, 39461105]"
9,2169,meta-llama/Llama-3.1-8B-mini4L,2048,4,0,1496653561,1496653561,1337674704,1377696362,39652399,"[39781421, 39461105, 39714673]"
9,2241,meta-llama/Llama-3.1-8B-mini4L,2048,4,0,1536562945,1536562945,1377696362,1417477783,39695054,"[39461105, 39714673, 39909384]"
9,2313,meta-llama/Llama-3.1-8B-mini4L,2048,4,0,1576329170,1576329170,1417477783,1456938888,39796760,"[39714673, 39909384, 39766225]"
9,2385,meta-llama/Llama-3.1-8B-mini4L,2048,4,0,1616091465,1616091465,1456938888,1496653561,39812634,"[39909384, 39766225, 39762295]"
9,2457,meta-llama/Llama-3.1-8B-mini4L,2048,4,0,1655800898,1655800898,1496653561,1536562945,39745984,"[39766225, 39762295, 39709433]"
9,2529,meta-llama/Llama-3.1-8B-mini4L,2048,4,0,1695483900,1695483900,1536562945,1576329170,39718243,"[39762295, 39709433, 39683002]"
9,2601,meta-llama/Llama-3.1-8B-mini4L,2048,4,0,1735205092,1735205092,1576329170,1616091465,39704542,"[39709433, 39683002, 39721192]"
9,2673,meta-llama/Llama-3.1-8B-mini4L,2048,4,0,1774948261,1774948261,1616091465,1655800898,39715787,"[39683002, 39721192, 39743169]"
9,2745,meta-llama/Llama-3.1-8B-mini4L,2048,4,0,1814612923,1814612923,1655800898,1695483900,39709674,"[39721192, 39743169, 39664662]"
9,2817,meta-llama/Llama-3.1-8B-mini4L,2048,4,0,1854277585,1854277585,1695483900,1735205092,39690831,"[39743169, 39664662, 39664662]"
9,2889,meta-llama/Llama-3.1-8B-mini4L,2048,4,0,1893447676,1893447676,1735205092,1774948261,39499805,"[39664662, 39664662, 39170091]"
9,2961,meta-llama/Llama-3.1-8B-mini4L,2048,4,0,1908251435,1908251435,1774948261,1814612923,31212837,"[39664662, 39170091, 14803759]"
9,3033,meta-llama/Llama-3.1-8B-mini4L,2048,4,0,1910504894,1910504894,1814612923,1854277585,18742436,"[39170091, 14803759, 2253459]"
9,3105,meta-llama/Llama-3.1-8B-mini4L,2048,4,0,1912594652,1912594652,1854277585,1893447676,6382325,"[14803759, 2253459, 2089758]"
9,3177,meta-llama/Llama-3.1-8B-mini4L,2048,4,0,1914681949,1914681949,1893447676,1908251435,2143504,"[2253459, 2089758, 2087297]"
9,3249,meta-llama/Llama-3.1-8B-mini4L,2056,4,3000000000,3869619485,869619485,322129,862972363,2215707,"[2215622, 2215706, 2215794]"
9,3321,meta-llama/Llama-3.1-8B-mini4L,2056,4,3000000000,3869619485,869619485,322129,862972363,2215707,"[2215622, 2215706, 2215794]"
9,3393,meta-llama/Llama-3.1-8B-mini4L,2056,4,3000000000,3869619485,869619485,322129,862972363,2215707,"[2215622, 2215706, 2215794]"
9,3465,meta-llama/Llama-3.1-8B-mini4L,2056,4,3000000000,3869619485,869619485,322129,862972363,2215707,"[2215622, 2215706, 2215794]"
9,3537,meta-llama/Llama-3.1-8B-mini4L,2056,4,3000000000,3869619485,869619485,322129,862972363,2215707,"[2215622, 2215706, 2215794]"
9,3609,meta-llama/Llama-3.1-8B-mini4L,2056,4,3000000000,3869619485,869619485,322129,862972363,2215707,"[2215622, 2215706, 2215794]"
9,3681,meta-llama/Llama-3.1-8B-mini4L,2056,4,3000000000,3869619485,869619485,322129,862972363,2215707,"[2215622, 2215706, 2215794]"
9,3753,meta-llama/Llama-3.1-8B-mini4L,2056,4,3000000000,3869619485,869619485,322129,862972363,2215707,"[2215622, 2215706, 2215794]"
9,3825,meta-llama/Llama-3.1-8B-mini4L,2056,4,3000000000,10054857245,7054857245,869619485,7048210123,2215707,"[2215622, 2215706, 2215794]"
9,3897,meta-llama/Llama-3.1-8B-mini4L,2056,4,3000000000,10054857245,7054857245,869619485,7048210123,2215707,"[2215622, 2215706, 2215794]"
9,3969,meta-llama/Llama-3.1-8B-mini4L,2056,4,3000000000,10054857245,7054857245,869619485,7048210123,2215707,"[2215622, 2215706, 2215794]"
9,4041,meta-llama/Llama-3.1-8B-mini4L,2056,4,3000000000,10054857245,7054857245,869619485,7048210123,2215707,"[2215622, 2215706, 2215794]"
9,4113,meta-llama/Llama-3.1-8B-mini4L,2056,4,3000000000,10054857245,7054857245,869619485,7048210123,2215707,"[2215622, 2215706, 2215794]"
9,4185,meta-llama/Llama-3.1-8B-mini4L,2056,4,3000000000,10054857245,7054857245,869619485,7048210123,2215707,"[2215622, 2215706, 2215794]"
9,4257,meta-llama/Llama-3.1-8B-mini4L,2056,4,3000000000,10054857245,7054857245,869619485,7048210123,2215707,"[2215622, 2215706, 2215794]"
9,4329,meta-llama/Llama-3.1-8B-mini4L,2056,4,3000000000,10054857245,7054857245,869619485,7048210123,2215707,"[2215622, 2215706, 2215794]"
9,4401,meta-llama/Llama-3.1-8B-mini4L,2056,4,3000000000,16240095005,13240095005,7054857245,13233447883,2215707,"[2215622, 2215706, 2215794]"
9,4473,meta-llama/Llama-3.1-8B-mini4L,2056,4,3000000000,16240095005,13240095005,7054857245,13233447883,2215707,"[2215622, 2215706, 2215794]"
9,4545,meta-llama/Llama-3.1-8B-mini4L,2056,4,3000000000,16240095005,13240095005,7054857245,13233447883,2215707,"[2215622, 2215706, 2215794]"
9,4617,meta-llama/Llama-3.1-8B-mini4L,2056,4,3000000000,16240095005,13240095005,7054857245,13233447883,2215707,"[2215622, 2215706, 2215794]"
9,4689,meta-llama/Llama-3.1-8B-mini4L,2056,4,3000000000,16240095005,13240095005,7054857245,13233447883,2215707,"[2215622, 2215706, 2215794]"
9,4761,meta-llama/Llama-3.1-8B-mini4L,2056,4,3000000000,16240095005,13240095005,7054857245,13233447883,2215707,"[2215622, 2215706, 2215794]"
9,4833,meta-llama/Llama-3.1-8B-mini4L,2056,4,3000000000,16240095005,13240095005,7054857245,13233447883,2215707,"[2215622, 2215706, 2215794]"
9,4905,meta-llama/Llama-3.1-8B-mini4L,2056,4,3000000000,16240095005,13240095005,7054857245,13233447883,2215707,"[2215622, 2215706, 2215794]"
9,4977,meta-llama/Llama-3.1-8B-mini4L,2056,4,3000000000,22425332765,19425332765,13240095005,19418685643,2215707,"[2215622, 2215706, 2215794]"
9,5049,meta-llama/Llama-3.1-8B-mini4L,2056,4,3000000000,22425332765,19425332765,13240095005,19418685643,2215707,"[2215622, 2215706, 2215794]"
9,5121,meta-llama/Llama-3.1-8B-mini4L,2056,4,3000000000,22425332765,19425332765,13240095005,19418685643,2215707,"[2215622, 2215706, 2215794]"
9,5193,meta-llama/Llama-3.1-8B-mini4L,2056,4,3000000000,22425332765,19425332765,13240095005,19418685643,2215707,"[2215622, 2215706, 2215794]"
9,5265,meta-llama/Llama-3.1-8B-mini4L,2056,4,3000000000,22425332765,19425332765,13240095005,19418685643,2215707,"[2215622, 2215706, 2215794]"
9,5337,meta-llama/Llama-3.1-8B-mini4L,2056,4,3000000000,22425332765,19425332765,13240095005,19418685643,2215707,"[2215622, 2215706, 2215794]"
9,5409,meta-llama/Llama-3.1-8B-mini4L,2056,4,3000000000,22425332765,19425332765,13240095005,19418685643,2215707,"[2215622, 2215706, 2215794]"
9,5481,meta-llama/Llama-3.1-8B-mini4L,2056,4,3000000000,22425332765,19425332765,13240095005,19418685643,2215707,"[2215622, 2215706, 2215794]"
9,5553,meta-llama/Llama-3.1-8B-mini4L,2056,4,3000000000,28610570525,25610570525,19425332765,25603923403,2215707,"[2215622, 2215706, 2215794]"
9,5625,meta-llama/Llama-3.1-8B-mini4L,2056,4,3000000000,28610570525,25610570525,19425332765,25603923403,2215707,"[2215622, 2215706, 2215794]"
9,5697,meta-llama/Llama-3.1-8B-mini4L,2056,4,3000000000,28610570525,25610570525,19425332765,25603923403,2215707,"[2215622, 2215706, 2215794]"
9,5769,meta-llama/Llama-3.1-8B-mini4L,2056,4,3000000000,28610570525,25610570525,19425332765,25603923403,2215707,"[2215622, 2215706, 2215794]"
9,5841,meta-llama/Llama-3.1-8B-mini4L,2056,4,3000000000,28610570525,25610570525,19425332765,25603923403,2215707,"[2215622, 2215706, 2215794]"
9,5913,meta-llama/Llama-3.1-8B-mini4L,2056,4,3000000000,28610570525,25610570525,19425332765,25603923403,2215707,"[2215622, 2215706, 2215794]"
9,5985,meta-llama/Llama-3.1-8B-mini4L,2056,4,3000000000,28610570525,25610570525,19425332765,25603923403,2215707,"[2215622, 2215706, 2215794]"
9,6057,meta-llama/Llama-3.1-8B-mini4L,2056,4,3000000000,28610570525,25610570525,19425332765,25603923403,2215707,"[2215622, 2215706, 2215794]"
9,6129,meta-llama/Llama-3.1-8B-mini4L,2056,4,3000000000,34375279589,31375279589,25610570525,31368935846,2114581,"[2114537, 2114581, 2114625]"
9,6201,meta-llama/Llama-3.1-8B-mini4L,2056,4,3000000000,34375279589,31375279589,25610570525,31368935846,2114581,"[2114537, 2114581, 2114625]"
9,6273,meta-llama/Llama-3.1-8B-mini4L,2056,4,3000000000,34375279589,31375279589,25610570525,31368935846,2114581,"[2114537, 2114581, 2114625]"
9,6345,meta-llama/Llama-3.1-8B-mini4L,2056,4,3000000000,34375279589,31375279589,25610570525,31368935846,2114581,"[2114537, 2114581, 2114625]"
10,10,meta-llama/Llama-3.1-8B-mini4L,2048,4,0,165476904,165476904,1,16818773,49552710,"[48887602, 49863356, 49907173]"
10,82,meta-llama/Llama-3.1-8B-mini4L,2048,4,0,265330624,265330624,65706375,115569731,49920297,"[49907173, 49906421, 49947299]"
10,154,meta-llama/Llama-3.1-8B-mini4L,2048,4,0,315276871,315276871,115569731,165476904,49933322,"[49906421, 49947299, 49946247]"
10,226,meta-llama/Llama-3.1-8B-mini4L,2048,4,0,365222062,365222062,165476904,215383325,49946245,"[49947299, 49946247, 49945191]"
10,298,meta-llama/Llama-3.1-8B-mini4L,2048,4,0,415166197,415166197,215383325,265330624,49945191,"[49946247, 49945191, 49944135]"
10,370,meta-llama/Llama-3.1-8B-mini4L,2048,4,0,465109276,465109276,265330624,315276871,49944135,"[49945191, 49944135, 49943079]"
10,442,meta-llama/Llama-3.1-8B-mini4L,2048,4,0,515078908,515078908,315276871,365222062,49952282,"[49944135, 49943079, 49969632]"
10,514,meta-llama/Llama-3.1-8B-mini4L,2048,4,0,563554335,563554335,365222062,415166197,49462712,"[49943079, 49969632, 48475427]"
10,586,meta-llama/Llama-3.1-8B-mini4L,2048,4,0,610507812,610507812,415166197,465109276,48466178,"[49969632, 48475427, 46953477]"
10,658,meta-llama/Llama-3.1-8B-mini4L,2048,4,0,649934426,649934426,465109276,515078908,44951839,"[48475427, 46953477, 39426614]"
10,730,meta-llama/Llama-3.1-8B-mini4L,2048,4,0,694017386,694017386,515078908,563554335,43487683,"[46953477, 39426614, 44082960]"
10,802,meta-llama/Llama-3.1-8B-mini4L,2048,4,0,737979301,737979301,563554335,610507812,42490496,"[39426614, 44082960, 43961915]"
10,874,meta-llama/Llama-3.1-8B-mini4L,2048,4,0,780446217,780446217,610507812,649934426,43503930,"[44082960, 43961915, 42466916]"
10,946,meta-llama/Llama-3.1-8B-mini4L,2048,4,0,821308214,821308214,649934426,694017386,42430276,"[43961915, 42466916, 40861997]"
10,1018,meta-llama/Llama-3.1-8B-mini4L,2048,4,0,861485376,861485376,694017386,737979301,41168691,"[42466916, 40861997, 40177162]"
10,1090,meta-llama/Llama-3.1-8B-mini4L,2048,4,0,900747116,900747116,737979301,780446217,40100299,"[40861997, 40177162, 39261740]"
10,1162,meta-llama/Llama-3.1-8B-mini4L,2048,4,0,940162726,940162726,780446217,821308214,39618170,"[40177162, 39261740, 39415610]"
10,1234,meta-llama/Llama-3.1-8B-mini4L,2048,4,0,980309003,980309003,821308214,861485376,39607875,"[39261740, 39415610, 40146277]"
10,1306,meta-llama/Llama-3.1-8B-mini4L,2048,4,0,1020373629,1020373629,861485376,900747116,39875504,"[39415610, 40146277, 40064626]"
10,1378,meta-llama/Llama-3.1-8B-mini4L,2048,4,0,1060220519,1060220519,900747116,940162726,40019264,"[40146277, 40064626, 39846890]"
10,1450,meta-llama/Llama-3.1-8B-mini4L,2048,4,0,1099375456,1099375456,940162726,980309003,39688817,"[40064626, 39846890, 39154937]"
10,1522,meta-llama/Llama-3.1-8B-mini4L,2048,4,0,1139229913,1139229913,980309003,1020373629,39618761,"[39846890, 39154937, 39854457]"
10,1594,meta-llama/Llama-3.1-8B-mini4L,2048,4,0,1179326965,1179326965,1020373629,1060220519,39702148,"[39154937, 39854457, 40097052]"
10,1666,meta-llama/Llama-3.1-8B-mini4L,2048,4,0,1219316197,1219316197,1060220519,1099375456,39980247,"[39854457, 40097052, 39989232]"
10,1738,meta-llama/Llama-3.1-8B-mini4L,2048,4,0,1258955014,1258955014,1099375456,1139229913,39908367,"[40097052, 39989232, 39638817]"
10,1810,meta-llama/Llama-3.1-8B-mini4L,2048,4,0,1298418739,1298418739,1139229913,1179326965,39697258,"[39989232, 39638817, 39463725]"
10,1882,meta-llama/Llama-3.1-8B-mini4L,2048,4,0,1338200160,1338200160,1179326965,1219316197,39627987,"[39638817, 39463725, 39781421]"
10,1954,meta-llama/Llama-3.1-8B-mini4L,2048,4,0,1378248511,1378248511,1219316197,1258955014,39764499,"[39463725, 39781421, 40048351]"
10,2026,meta-llama/Llama-3.1-8B-mini4L,2048,4,0,1418029932,1418029932,1258955014,1298418739,39870397,"[39781421, 40048351, 39781421]"
10,2098,meta-llama/Llama-3.1-8B-mini4L,2048,4,0,1457491037,1457491037,1298418739,1338200160,39763625,"[40048351, 39781421, 39461105]"
10,2170,meta-llama/Llama-3.1-8B-mini4L,2048,4,0,1497205448,1497205448,1338200160,1378248511,39652312,"[39781421, 39461105, 39714411]"
10,2242,meta-llama/Llama-3.1-8B-mini4L,2048,4,0,1537088401,1537088401,1378248511,1418029932,39686156,"[39461105, 39714411, 39882953]"
10,2314,meta-llama/Llama-3.1-8B-mini4L,2048,4,0,1576881057,1576881057,1418029932,1457491037,39796673,"[39714411, 39882953, 39792656]"
10,2386,meta-llama/Llama-3.1-8B-mini4L,2048,4,0,1616616921,1616616921,1457491037,1497205448,39803824,"[39882953, 39792656, 39735864]"
10,2458,meta-llama/Llama-3.1-8B-mini4L,2048,4,0,1656352785,1656352785,1497205448,1537088401,39754794,"[39792656, 39735864, 39735864]"
10,2530,meta-llama/Llama-3.1-8B-mini4L,2048,4,0,1696062218,1696062218,1537088401,1576881057,39727053,"[39735864, 39735864, 39709433]"
10,2602,meta-llama/Llama-3.1-8B-mini4L,2048,4,0,1735782886,1735782886,1576881057,1616616921,39721988,"[39735864, 39709433, 39720668]"
10,2674,meta-llama/Llama-3.1-8B-mini4L,2048,4,0,1775526055,1775526055,1616616921,1656352785,39724423,"[39709433, 39720668, 39743169]"
10,2746,meta-llama/Llama-3.1-8B-mini4L,2048,4,0,1815190717,1815190717,1656352785,1696062218,39709499,"[39720668, 39743169, 39664662]"
10,2818,meta-llama/Llama-3.1-8B-mini4L,2048,4,0,1854855379,1854855379,1696062218,1735782886,39690831,"[39743169, 39664662, 39664662]"
10,2890,meta-llama/Llama-3.1-8B-mini4L,2048,4,0,1893973372,1893973372,1735782886,1775526055,39482439,"[39664662, 39664662, 39117993]"
10,2962,meta-llama/Llama-3.1-8B-mini4L,2048,4,0,1908284765,1908284765,1775526055,1815190717,31031349,"[39664662, 39117993, 14311393]"
10,3034,meta-llama/Llama-3.1-8B-mini4L,2048,4,0,1910537455,1910537455,1815190717,1854855379,18560692,"[39117993, 14311393, 2252690]"
10,3106,meta-llama/Llama-3.1-8B-mini4L,2048,4,0,1912626580,1912626580,1854855379,1893973372,6217736,"[14311393, 2252690, 2089125]"
10,3178,meta-llama/Llama-3.1-8B-mini4L,2048,4,0,1914713501,1914713501,1893973372,1908284765,2142912,"[2252690, 2089125, 2086921]"
10,3250,meta-llama/Llama-3.1-8B-mini4L,2056,4,3000000000,3955525565,955525565,322129,948878443,2215707,"[2215622, 2215706, 2215794]"
10,3322,meta-llama/Llama-3.1-8B-mini4L,2056,4,3000000000,3955525565,955525565,322129,948878443,2215707,"[2215622, 2215706, 2215794]"
10,3394,meta-llama/Llama-3.1-8B-mini4L,2056,4,3000000000,3955525565,955525565,322129,948878443,2215707,"[2215622, 2215706, 2215794]"
10,3466,meta-llama/Llama-3.1-8B-mini4L,2056,4,3000000000,3955525565,955525565,322129,948878443,2215707,"[2215622, 2215706, 2215794]"
10,3538,meta-llama/Llama-3.1-8B-mini4L,2056,4,3000000000,3955525565,955525565,322129,948878443,2215707,"[2215622, 2215706, 2215794]"
10,3610,meta-llama/Llama-3.1-8B-mini4L,2056,4,3000000000,3955525565,955525565,322129,948878443,2215707,"[2215622, 2215706, 2215794]"
10,3682,meta-llama/Llama-3.1-8B-mini4L,2056,4,3000000000,3955525565,955525565,322129,948878443,2215707,"[2215622, 2215706, 2215794]"
10,3754,meta-llama/Llama-3.1-8B-mini4L,2056,4,3000000000,3955525565,955525565,322129,948878443,2215707,"[2215622, 2215706, 2215794]"
10,3826,meta-llama/Llama-3.1-8B-mini4L,2056,4,3000000000,10140763325,7140763325,955525565,7134116203,2215707,"[2215622, 2215706, 2215794]"
10,3898,meta-llama/Llama-3.1-8B-mini4L,2056,4,3000000000,10140763325,7140763325,955525565,7134116203,2215707,"[2215622, 2215706, 2215794]"
10,3970,meta-llama/Llama-3.1-8B-mini4L,2056,4,3000000000,10140763325,7140763325,955525565,7134116203,2215707,"[2215622, 2215706, 2215794]"
10,4042,meta-llama/Llama-3.1-8B-mini4L,2056,4,3000000000,10140763325,7140763325,955525565,7134116203,2215707,"[2215622, 2215706, 2215794]"
10,4114,meta-llama/Llama-3.1-8B-mini4L,2056,4,3000000000,10140763325,7140763325,955525565,7134116203,2215707,"[2215622, 2215706, 2215794]"
10,4186,meta-llama/Llama-3.1-8B-mini4L,2056,4,3000000000,10140763325,7140763325,955525565,7134116203,2215707,"[2215622, 2215706, 2215794]"
10,4258,meta-llama/Llama-3.1-8B-mini4L,2056,4,3000000000,10140763325,7140763325,955525565,7134116203,2215707,"[2215622, 2215706, 2215794]"
10,4330,meta-llama/Llama-3.1-8B-mini4L,2056,4,3000000000,10140763325,7140763325,955525565,7134116203,2215707,"[2215622, 2215706, 2215794]"
10,4402,meta-llama/Llama-3.1-8B-mini4L,2056,4,3000000000,16326001085,13326001085,7140763325,13319353963,2215707,"[2215622, 2215706, 2215794]"
10,4474,meta-llama/Llama-3.1-8B-mini4L,2056,4,3000000000,16326001085,13326001085,7140763325,13319353963,2215707,"[2215622, 2215706, 2215794]"
10,4546,meta-llama/Llama-3.1-8B-mini4L,2056,4,3000000000,16326001085,13326001085,7140763325,13319353963,2215707,"[2215622, 2215706, 2215794]"
10,4618,meta-llama/Llama-3.1-8B-mini4L,2056,4,3000000000,16326001085,13326001085,7140763325,13319353963,2215707,"[2215622, 2215706, 2215794]"
10,4690,meta-llama/Llama-3.1-8B-mini4L,2056,4,3000000000,16326001085,13326001085,7140763325,13319353963,2215707,"[2215622, 2215706, 2215794]"
10,4762,meta-llama/Llama-3.1-8B-mini4L,2056,4,3000000000,16326001085,13326001085,7140763325,13319353963,2215707,"[2215622, 2215706, 2215794]"
10,4834,meta-llama/Llama-3.1-8B-mini4L,2056,4,3000000000,16326001085,13326001085,7140763325,13319353963,2215707,"[2215622, 2215706, 2215794]"
10,4906,meta-llama/Llama-3.1-8B-mini4L,2056,4,3000000000,16326001085,13326001085,7140763325,13319353963,2215707,"[2215622, 2215706, 2215794]"
10,4978,meta-llama/Llama-3.1-8B-mini4L,2056,4,3000000000,22511238845,19511238845,13326001085,19504591723,2215707,"[2215622, 2215706, 2215794]"
10,5050,meta-llama/Llama-3.1-8B-mini4L,2056,4,3000000000,22511238845,19511238845,13326001085,19504591723,2215707,"[2215622, 2215706, 2215794]"
10,5122,meta-llama/Llama-3.1-8B-mini4L,2056,4,3000000000,22511238845,19511238845,13326001085,19504591723,2215707,"[2215622, 2215706, 2215794]"
10,5194,meta-llama/Llama-3.1-8B-mini4L,2056,4,3000000000,22511238845,19511238845,13326001085,19504591723,2215707,"[2215622, 2215706, 2215794]"
10,5266,meta-llama/Llama-3.1-8B-mini4L,2056,4,3000000000,22511238845,19511238845,13326001085,19504591723,2215707,"[2215622, 2215706, 2215794]"
10,5338,meta-llama/Llama-3.1-8B-mini4L,2056,4,3000000000,22511238845,19511238845,13326001085,19504591723,2215707,"[2215622, 2215706, 2215794]"
10,5410,meta-llama/Llama-3.1-8B-mini4L,2056,4,3000000000,22511238845,19511238845,13326001085,19504591723,2215707,"[2215622, 2215706, 2215794]"
10,5482,meta-llama/Llama-3.1-8B-mini4L,2056,4,3000000000,22511238845,19511238845,13326001085,19504591723,2215707,"[2215622, 2215706, 2215794]"
10,5554,meta-llama/Llama-3.1-8B-mini4L,2056,4,3000000000,28696476605,25696476605,19511238845,25689829483,2215707,"[2215622, 2215706, 2215794]"
10,5626,meta-llama/Llama-3.1-8B-mini4L,2056,4,3000000000,28696476605,25696476605,19511238845,25689829483,2215707,"[2215622, 2215706, 2215794]"
10,5698,meta-llama/Llama-3.1-8B-mini4L,2056,4,3000000000,28696476605,25696476605,19511238845,25689829483,2215707,"[2215622, 2215706, 2215794]"
10,5770,meta-llama/Llama-3.1-8B-mini4L,2056,4,3000000000,28696476605,25696476605,19511238845,25689829483,2215707,"[2215622, 2215706, 2215794]"
10,5842,meta-llama/Llama-3.1-8B-mini4L,2056,4,3000000000,28696476605,25696476605,19511238845,25689829483,2215707,"[2215622, 2215706, 2215794]"
10,5914,meta-llama/Llama-3.1-8B-mini4L,2056,4,3000000000,28696476605,25696476605,19511238845,25689829483,2215707,"[2215622, 2215706, 2215794]"
10,5986,meta-llama/Llama-3.1-8B-mini4L,2056,4,3000000000,28696476605,25696476605,19511238845,25689829483,2215707,"[2215622, 2215706, 2215794]"
10,6058,meta-llama/Llama-3.1-8B-mini4L,2056,4,3000000000,28696476605,25696476605,19511238845,25689829483,2215707,"[2215622, 2215706, 2215794]"
10,6130,meta-llama/Llama-3.1-8B-mini4L,2056,4,3000000000,34419242629,31419242629,25696476605,31412898886,2114581,"[2114537, 2114581, 2114625]"
10,6202,meta-llama/Llama-3.1-8B-mini4L,2056,4,3000000000,34419242629,31419242629,25696476605,31412898886,2114581,"[2114537, 2114581, 2114625]"
10,6274,meta-llama/Llama-3.1-8B-mini4L,2056,4,3000000000,34419242629,31419242629,25696476605,31412898886,2114581,"[2114537, 2114581, 2114625]"
10,6346,meta-llama/Llama-3.1-8B-mini4L,2056,4,3000000000,34419242629,31419242629,25696476605,31412898886,2114581,"[2114537, 2114581, 2114625]"
11,11,meta-llama/Llama-3.1-8B-mini4L,2048,4,0,166002360,166002360,1,17344229,49552710,"[48887602, 49863356, 49907173]"
11,83,meta-llama/Llama-3.1-8B-mini4L,2048,4,0,265856080,265856080,66231831,116095187,49920297,"[49907173, 49906421, 49947299]"
11,155,meta-llama/Llama-3.1-8B-mini4L,2048,4,0,315802327,315802327,116095187,166002360,49933322,"[49906421, 49947299, 49946247]"
11,227,meta-llama/Llama-3.1-8B-mini4L,2048,4,0,365747518,365747518,166002360,215908781,49946245,"[49947299, 49946247, 49945191]"
11,299,meta-llama/Llama-3.1-8B-mini4L,2048,4,0,415691653,415691653,215908781,265856080,49945191,"[49946247, 49945191, 49944135]"
11,371,meta-llama/Llama-3.1-8B-mini4L,2048,4,0,465634732,465634732,265856080,315802327,49944135,"[49945191, 49944135, 49943079]"
11,443,meta-llama/Llama-3.1-8B-mini4L,2048,4,0,515604364,515604364,315802327,365747518,49952282,"[49944135, 49943079, 49969632]"
11,515,meta-llama/Llama-3.1-8B-mini4L,2048,4,0,564079791,564079791,365747518,415691653,49462712,"[49943079, 49969632, 48475427]"
11,587,meta-llama/Llama-3.1-8B-mini4L,2048,4,0,611033268,611033268,415691653,465634732,48466178,"[49969632, 48475427, 46953477]"
11,659,meta-llama/Llama-3.1-8B-mini4L,2048,4,0,650514840,650514840,465634732,515604364,44970158,"[48475427, 46953477, 39481572]"
11,731,meta-llama/Llama-3.1-8B-mini4L,2048,4,0,694597800,694597800,515604364,564079791,43506003,"[46953477, 39481572, 44082960]"
11,803,meta-llama/Llama-3.1-8B-mini4L,2048,4,0,738504757,738504757,564079791,611033268,42490496,"[39481572, 44082960, 43906957]"
11,875,meta-llama/Llama-3.1-8B-mini4L,2048,4,0,780971673,780971673,611033268,650514840,43485611,"[44082960, 43906957, 42466916]"
11,947,meta-llama/Llama-3.1-8B-mini4L,2048,4,0,821833670,821833670,650514840,694597800,42411956,"[43906957, 42466916, 40861997]"
11,1019,meta-llama/Llama-3.1-8B-mini4L,2048,4,0,862010832,862010832,694597800,738504757,41168691,"[42466916, 40861997, 40177162]"
11,1091,meta-llama/Llama-3.1-8B-mini4L,2048,4,0,901272572,901272572,738504757,780971673,40100299,"[40861997, 40177162, 39261740]"
11,1163,meta-llama/Llama-3.1-8B-mini4L,2048,4,0,940688182,940688182,780971673,821833670,39618170,"[40177162, 39261740, 39415610]"
11,1235,meta-llama/Llama-3.1-8B-mini4L,2048,4,0,980834459,980834459,821833670,862010832,39607875,"[39261740, 39415610, 40146277]"
11,1307,meta-llama/Llama-3.1-8B-mini4L,2048,4,0,1020899085,1020899085,862010832,901272572,39875504,"[39415610, 40146277, 40064626]"
11,1379,meta-llama/Llama-3.1-8B-mini4L,2048,4,0,1060773192,1060773192,901272572,940688182,40028336,"[40146277, 40064626, 39874107]"
11,1451,meta-llama/Llama-3.1-8B-mini4L,2048,4,0,1100008732,1100008732,940688182,980834459,39724757,"[40064626, 39874107, 39235540]"
11,1523,meta-llama/Llama-3.1-8B-mini4L,2048,4,0,1139782324,1139782324,980834459,1020899085,39627746,"[39874107, 39235540, 39773592]"
11,1595,meta-llama/Llama-3.1-8B-mini4L,2048,4,0,1179852421,1179852421,1020899085,1060773192,39693076,"[39235540, 39773592, 40070097]"
11,1667,meta-llama/Llama-3.1-8B-mini4L,2048,4,0,1219841653,1219841653,1060773192,1100008732,39944307,"[39773592, 40070097, 39989232]"
11,1739,meta-llama/Llama-3.1-8B-mini4L,2048,4,0,1259507425,1259507425,1100008732,1139782324,39908367,"[40070097, 39989232, 39665772]"
11,1811,meta-llama/Llama-3.1-8B-mini4L,2048,4,0,1298970888,1298970888,1139782324,1179852421,39706155,"[39989232, 39665772, 39463463]"
11,1883,meta-llama/Llama-3.1-8B-mini4L,2048,4,0,1338752309,1338752309,1179852421,1219841653,39636885,"[39665772, 39463463, 39781421]"
11,1955,meta-llama/Llama-3.1-8B-mini4L,2048,4,0,1378800660,1378800660,1219841653,1259507425,39764411,"[39463463, 39781421, 40048351]"
11,2027,meta-llama/Llama-3.1-8B-mini4L,2048,4,0,1418582081,1418582081,1259507425,1298970888,39870397,"[39781421, 40048351, 39781421]"
11,2099,meta-llama/Llama-3.1-8B-mini4L,2048,4,0,1458043186,1458043186,1298970888,1338752309,39763625,"[40048351, 39781421, 39461105]"
11,2171,meta-llama/Llama-3.1-8B-mini4L,2048,4,0,1497757335,1497757335,1338752309,1378800660,39652225,"[39781421, 39461105, 39714149]"
11,2243,meta-llama/Llama-3.1-8B-mini4L,2048,4,0,1537613857,1537613857,1378800660,1418582081,39677258,"[39461105, 39714149, 39856522]"
11,2315,meta-llama/Llama-3.1-8B-mini4L,2048,4,0,1577406513,1577406513,1418582081,1458043186,39787775,"[39714149, 39856522, 39792656]"
11,2387,meta-llama/Llama-3.1-8B-mini4L,2048,4,0,1617168808,1617168808,1458043186,1497757335,39803824,"[39856522, 39792656, 39762295]"
11,2459,meta-llama/Llama-3.1-8B-mini4L,2048,4,0,1656878241,1656878241,1497757335,1537613857,39754794,"[39792656, 39762295, 39709433]"
11,2531,meta-llama/Llama-3.1-8B-mini4L,2048,4,0,1696614105,1696614105,1537613857,1577406513,39735864,"[39762295, 39709433, 39735864]"
11,2603,meta-llama/Llama-3.1-8B-mini4L,2048,4,0,1736360680,1736360680,1577406513,1617168808,39730624,"[39709433, 39735864, 39746575]"
11,2675,meta-llama/Llama-3.1-8B-mini4L,2048,4,0,1776103849,1776103849,1617168808,1656878241,39741869,"[39735864, 39746575, 39743169]"
11,2747,meta-llama/Llama-3.1-8B-mini4L,2048,4,0,1815768511,1815768511,1656878241,1696614105,39718135,"[39746575, 39743169, 39664662]"
11,2819,meta-llama/Llama-3.1-8B-mini4L,2048,4,0,1855433173,1855433173,1696614105,1736360680,39690831,"[39743169, 39664662, 39664662]"
11,2891,meta-llama/Llama-3.1-8B-mini4L,2048,4,0,1894499068,1894499068,1736360680,1776103849,39465073,"[39664662, 39664662, 39065895]"
11,2963,meta-llama/Llama-3.1-8B-mini4L,2048,4,0,1908317975,1908317975,1776103849,1815768511,30849821,"[39664662, 39065895, 13818907]"
11,3035,meta-llama/Llama-3.1-8B-mini4L,2048,4,0,1910538464,1910538464,1815768511,1855433173,18368430,"[39065895, 13818907, 2220489]"
11,3107,meta-llama/Llama-3.1-8B-mini4L,2048,4,0,1912627589,1912627589,1855433173,1894499068,6042840,"[13818907, 2220489, 2089125]"
11,3179,meta-llama/Llama-3.1-8B-mini4L,2048,4,0,1914714510,1914714510,1894499068,1908317975,2132178,"[2220489, 2089125, 2086921]"
11,3251,meta-llama/Llama-3.1-8B-mini4L,2056,4,3000000000,4041431645,1041431645,322129,1034784523,2215707,"[2215622, 2215706, 2215794]"
11,3323,meta-llama/Llama-3.1-8B-mini4L,2056,4,3000000000,4041431645,1041431645,322129,1034784523,2215707,"[2215622, 2215706, 2215794]"
11,3395,meta-llama/Llama-3.1-8B-mini4L,2056,4,3000000000,4041431645,1041431645,322129,1034784523,2215707,"[2215622, 2215706, 2215794]"
11,3467,meta-llama/Llama-3.1-8B-mini4L,2056,4,3000000000,4041431645,1041431645,322129,1034784523,2215707,"[2215622, 2215706, 2215794]"
11,3539,meta-llama/Llama-3.1-8B-mini4L,2056,4,3000000000,4041431645,1041431645,322129,1034784523,2215707,"[2215622, 2215706, 2215794]"
11,3611,meta-llama/Llama-3.1-8B-mini4L,2056,4,3000000000,4041431645,1041431645,322129,1034784523,2215707,"[2215622, 2215706, 2215794]"
11,3683,meta-llama/Llama-3.1-8B-mini4L,2056,4,3000000000,4041431645,1041431645,322129,1034784523,2215707,"[2215622, 2215706, 2215794]"
11,3755,meta-llama/Llama-3.1-8B-mini4L,2056,4,3000000000,4041431645,1041431645,322129,1034784523,2215707,"[2215622, 2215706, 2215794]"
11,3827,meta-llama/Llama-3.1-8B-mini4L,2056,4,3000000000,10226669405,7226669405,1041431645,7220022283,2215707,"[2215622, 2215706, 2215794]"
11,3899,meta-llama/Llama-3.1-8B-mini4L,2056,4,3000000000,10226669405,7226669405,1041431645,7220022283,2215707,"[2215622, 2215706, 2215794]"
11,3971,meta-llama/Llama-3.1-8B-mini4L,2056,4,3000000000,10226669405,7226669405,1041431645,7220022283,2215707,"[2215622, 2215706, 2215794]"
11,4043,meta-llama/Llama-3.1-8B-mini4L,2056,4,3000000000,10226669405,7226669405,1041431645,7220022283,2215707,"[2215622, 2215706, 2215794]"
11,4115,meta-llama/Llama-3.1-8B-mini4L,2056,4,3000000000,10226669405,7226669405,1041431645,7220022283,2215707,"[2215622, 2215706, 2215794]"
11,4187,meta-llama/Llama-3.1-8B-mini4L,2056,4,3000000000,10226669405,7226669405,1041431645,7220022283,2215707,"[2215622, 2215706, 2215794]"
11,4259,meta-llama/Llama-3.1-8B-mini4L,2056,4,3000000000,10226669405,7226669405,1041431645,7220022283,2215707,"[2215622, 2215706, 2215794]"
11,4331,meta-llama/Llama-3.1-8B-mini4L,2056,4,3000000000,10226669405,7226669405,1041431645,7220022283,2215707,"[2215622, 2215706, 2215794]"
11,4403,meta-llama/Llama-3.1-8B-mini4L,2056,4,3000000000,16411907165,13411907165,7226669405,13405260043,2215707,"[2215622, 2215706, 2215794]"
11,4475,meta-llama/Llama-3.1-8B-mini4L,2056,4,3000000000,16411907165,13411907165,7226669405,13405260043,2215707,"[2215622, 2215706, 2215794]"
11,4547,meta-llama/Llama-3.1-8B-mini4L,2056,4,3000000000,16411907165,13411907165,7226669405,13405260043,2215707,"[2215622, 2215706, 2215794]"
11,4619,meta-llama/Llama-3.1-8B-mini4L,2056,4,3000000000,16411907165,13411907165,7226669405,13405260043,2215707,"[2215622, 2215706, 2215794]"
11,4691,meta-llama/Llama-3.1-8B-mini4L,2056,4,3000000000,16411907165,13411907165,7226669405,13405260043,2215707,"[2215622, 2215706, 2215794]"
11,4763,meta-llama/Llama-3.1-8B-mini4L,2056,4,3000000000,16411907165,13411907165,7226669405,13405260043,2215707,"[2215622, 2215706, 2215794]"
11,4835,meta-llama/Llama-3.1-8B-mini4L,2056,4,3000000000,16411907165,13411907165,7226669405,13405260043,2215707,"[2215622, 2215706, 2215794]"
11,4907,meta-llama/Llama-3.1-8B-mini4L,2056,4,3000000000,16411907165,13411907165,7226669405,13405260043,2215707,"[2215622, 2215706, 2215794]"
11,4979,meta-llama/Llama-3.1-8B-mini4L,2056,4,3000000000,22597144925,19597144925,13411907165,19590497803,2215707,"[2215622, 2215706, 2215794]"
11,5051,meta-llama/Llama-3.1-8B-mini4L,2056,4,3000000000,22597144925,19597144925,13411907165,19590497803,2215707,"[2215622, 2215706, 2215794]"
11,5123,meta-llama/Llama-3.1-8B-mini4L,2056,4,3000000000,22597144925,19597144925,13411907165,19590497803,2215707,"[2215622, 2215706, 2215794]"
11,5195,meta-llama/Llama-3.1-8B-mini4L,2056,4,3000000000,22597144925,19597144925,13411907165,19590497803,2215707,"[2215622, 2215706, 2215794]"
11,5267,meta-llama/Llama-3.1-8B-mini4L,2056,4,3000000000,22597144925,19597144925,13411907165,19590497803,2215707,"[2215622, 2215706, 2215794]"
11,5339,meta-llama/Llama-3.1-8B-mini4L,2056,4,3000000000,22597144925,19597144925,13411907165,19590497803,2215707,"[2215622, 2215706, 2215794]"
11,5411,meta-llama/Llama-3.1-8B-mini4L,2056,4,3000000000,22597144925,19597144925,13411907165,19590497803,2215707,"[2215622, 2215706, 2215794]"
11,5483,meta-llama/Llama-3.1-8B-mini4L,2056,4,3000000000,22597144925,19597144925,13411907165,19590497803,2215707,"[2215622, 2215706, 2215794]"
11,5555,meta-llama/Llama-3.1-8B-mini4L,2056,4,3000000000,28782382685,25782382685,19597144925,25775735563,2215707,"[2215622, 2215706, 2215794]"
11,5627,meta-llama/Llama-3.1-8B-mini4L,2056,4,3000000000,28782382685,25782382685,19597144925,25775735563,2215707,"[2215622, 2215706, 2215794]"
11,5699,meta-llama/Llama-3.1-8B-mini4L,2056,4,3000000000,28782382685,25782382685,19597144925,25775735563,2215707,"[2215622, 2215706, 2215794]"
11,5771,meta-llama/Llama-3.1-8B-mini4L,2056,4,3000000000,28782382685,25782382685,19597144925,25775735563,2215707,"[2215622, 2215706, 2215794]"
11,5843,meta-llama/Llama-3.1-8B-mini4L,2056,4,3000000000,28782382685,25782382685,19597144925,25775735563,2215707,"[2215622, 2215706, 2215794]"
11,5915,meta-llama/Llama-3.1-8B-mini4L,2056,4,3000000000,28782382685,25782382685,19597144925,25775735563,2215707,"[2215622, 2215706, 2215794]"
11,5987,meta-llama/Llama-3.1-8B-mini4L,2056,4,3000000000,28782382685,25782382685,19597144925,25775735563,2215707,"[2215622, 2215706, 2215794]"
11,6059,meta-llama/Llama-3.1-8B-mini4L,2056,4,3000000000,28782382685,25782382685,19597144925,25775735563,2215707,"[2215622, 2215706, 2215794]"
11,6131,meta-llama/Llama-3.1-8B-mini4L,2056,4,3000000000,34463205669,31463205669,25782382685,31456861926,2114581,"[2114537, 2114581, 2114625]"
11,6203,meta-llama/Llama-3.1-8B-mini4L,2056,4,3000000000,34463205669,31463205669,25782382685,31456861926,2114581,"[2114537, 2114581, 2114625]"
11,6275,meta-llama/Llama-3.1-8B-mini4L,2056,4,3000000000,34463205669,31463205669,25782382685,31456861926,2114581,"[2114537, 2114581, 2114625]"
11,6347,meta-llama/Llama-3.1-8B-mini4L,2056,4,3000000000,34463205669,31463205669,25782382685,31456861926,2114581,"[2114537, 2114581, 2114625]"
12,12,meta-llama/Llama-3.1-8B-mini4L,2048,4,0,166527816,166527816,1,17869685,49552710,"[48887602, 49863356, 49907173]"
12,84,meta-llama/Llama-3.1-8B-mini4L,2048,4,0,266381536,266381536,66757287,116620643,49920297,"[49907173, 49906421, 49947299]"
12,156,meta-llama/Llama-3.1-8B-mini4L,2048,4,0,316327783,316327783,116620643,166527816,49933322,"[49906421, 49947299, 49946247]"
12,228,meta-llama/Llama-3.1-8B-mini4L,2048,4,0,366272974,366272974,166527816,216434237,49946245,"[49947299, 49946247, 49945191]"
12,300,meta-llama/Llama-3.1-8B-mini4L,2048,4,0,416217109,416217109,216434237,266381536,49945191,"[49946247, 49945191, 49944135]"
12,372,meta-llama/Llama-3.1-8B-mini4L,2048,4,0,466160188,466160188,266381536,316327783,49944135,"[49945191, 49944135, 49943079]"
12,444,meta-llama/Llama-3.1-8B-mini4L,2048,4,0,516129820,516129820,316327783,366272974,49952282,"[49944135, 49943079, 49969632]"
12,516,meta-llama/Llama-3.1-8B-mini4L,2048,4,0,564605247,564605247,366272974,416217109,49462712,"[49943079, 49969632, 48475427]"
12,588,meta-llama/Llama-3.1-8B-mini4L,2048,4,0,611586203,611586203,416217109,466160188,48475338,"[49969632, 48475427, 46980956]"
12,660,meta-llama/Llama-3.1-8B-mini4L,2048,4,0,651452481,651452481,466160188,516129820,45107553,"[48475427, 46980956, 39866278]"
12,732,meta-llama/Llama-3.1-8B-mini4L,2048,4,0,695123256,695123256,516129820,564605247,43506003,"[46980956, 39866278, 43670775]"
12,804,meta-llama/Llama-3.1-8B-mini4L,2048,4,0,739030213,739030213,564605247,611586203,42481336,"[39866278, 43670775, 43906957]"
12,876,meta-llama/Llama-3.1-8B-mini4L,2048,4,0,781497129,781497129,611586203,651452481,43348216,"[43670775, 43906957, 42466916]"
12,948,meta-llama/Llama-3.1-8B-mini4L,2048,4,0,822414084,822414084,651452481,695123256,42430276,"[43906957, 42466916, 40916955]"
12,1020,meta-llama/Llama-3.1-8B-mini4L,2048,4,0,862536288,862536288,695123256,739030213,41168691,"[42466916, 40916955, 40122204]"
12,1092,meta-llama/Llama-3.1-8B-mini4L,2048,4,0,901852986,901852986,739030213,781497129,40118619,"[40916955, 40122204, 39316698]"
12,1164,meta-llama/Llama-3.1-8B-mini4L,2048,4,0,941240855,941240855,781497129,822414084,39608923,"[40122204, 39316698, 39387869]"
12,1236,meta-llama/Llama-3.1-8B-mini4L,2048,4,0,981359915,981359915,822414084,862536288,39607875,"[39316698, 39387869, 40119060]"
12,1308,meta-llama/Llama-3.1-8B-mini4L,2048,4,0,1021424541,1021424541,862536288,901852986,39857185,"[39387869, 40119060, 40064626]"
12,1380,meta-llama/Llama-3.1-8B-mini4L,2048,4,0,1061325865,1061325865,901852986,941240855,40028336,"[40119060, 40064626, 39901324]"
12,1452,meta-llama/Llama-3.1-8B-mini4L,2048,4,0,1100642008,1100642008,941240855,981359915,39760697,"[40064626, 39901324, 39316143]"
12,1524,meta-llama/Llama-3.1-8B-mini4L,2048,4,0,1140307780,1140307780,981359915,1021424541,39627746,"[39901324, 39316143, 39665772]"
12,1596,meta-llama/Llama-3.1-8B-mini4L,2048,4,0,1180377877,1180377877,1021424541,1061325865,39684004,"[39316143, 39665772, 40070097]"
12,1668,meta-llama/Llama-3.1-8B-mini4L,2048,4,0,1220394064,1220394064,1061325865,1100642008,39917352,"[39665772, 40070097, 40016187]"
12,1740,meta-llama/Llama-3.1-8B-mini4L,2048,4,0,1260113746,1260113746,1100642008,1140307780,39935322,"[40070097, 40016187, 39719682]"
12,1812,meta-llama/Llama-3.1-8B-mini4L,2048,4,0,1299496344,1299496344,1140307780,1180377877,39706155,"[40016187, 39719682, 39382598]"
12,1884,meta-llama/Llama-3.1-8B-mini4L,2048,4,0,1339277765,1339277765,1180377877,1220394064,39627900,"[39719682, 39382598, 39781421]"
12,1956,meta-llama/Llama-3.1-8B-mini4L,2048,4,0,1379326116,1379326116,1220394064,1260113746,39737456,"[39382598, 39781421, 40048351]"
12,2028,meta-llama/Llama-3.1-8B-mini4L,2048,4,0,1419107537,1419107537,1260113746,1299496344,39870397,"[39781421, 40048351, 39781421]"
12,2100,meta-llama/Llama-3.1-8B-mini4L,2048,4,0,1458595335,1458595335,1299496344,1339277765,39772523,"[40048351, 39781421, 39487798]"
12,2172,meta-llama/Llama-3.1-8B-mini4L,2048,4,0,1498309222,1498309222,1339277765,1379326116,39661035,"[39781421, 39487798, 39713887]"
12,2244,meta-llama/Llama-3.1-8B-mini4L,2048,4,0,1538166006,1538166006,1379326116,1419107537,39686156,"[39487798, 39713887, 39856784]"
12,2316,meta-llama/Llama-3.1-8B-mini4L,2048,4,0,1577958400,1577958400,1419107537,1458595335,39787688,"[39713887, 39856784, 39792394]"
12,2388,meta-llama/Llama-3.1-8B-mini4L,2048,4,0,1617720695,1617720695,1458595335,1498309222,39803824,"[39856784, 39792394, 39762295]"
12,2460,meta-llama/Llama-3.1-8B-mini4L,2048,4,0,1657430128,1657430128,1498309222,1538166006,39754707,"[39792394, 39762295, 39709433]"
12,2532,meta-llama/Llama-3.1-8B-mini4L,2048,4,0,1697139561,1697139561,1538166006,1577958400,39727053,"[39762295, 39709433, 39709433]"
12,2604,meta-llama/Llama-3.1-8B-mini4L,2048,4,0,1736886136,1736886136,1577958400,1617720695,39721813,"[39709433, 39709433, 39746575]"
12,2676,meta-llama/Llama-3.1-8B-mini4L,2048,4,0,1776629305,1776629305,1617720695,1657430128,39733059,"[39709433, 39746575, 39743169]"
12,2748,meta-llama/Llama-3.1-8B-mini4L,2048,4,0,1816346305,1816346305,1657430128,1697139561,39735581,"[39746575, 39743169, 39717000]"
12,2820,meta-llama/Llama-3.1-8B-mini4L,2048,4,0,1856010967,1856010967,1697139561,1736886136,39708277,"[39743169, 39717000, 39664662]"
12,2892,meta-llama/Llama-3.1-8B-mini4L,2048,4,0,1895024644,1895024644,1736886136,1776629305,39465113,"[39717000, 39664662, 39013677]"
12,2964,meta-llama/Llama-3.1-8B-mini4L,2048,4,0,1908352434,1908352434,1776629305,1816346305,30668709,"[39664662, 39013677, 13327790]"
12,3036,meta-llama/Llama-3.1-8B-mini4L,2048,4,0,1910571914,1910571914,1816346305,1856010967,18186982,"[39013677, 13327790, 2219480]"
12,3108,meta-llama/Llama-3.1-8B-mini4L,2048,4,0,1912661039,1912661039,1856010967,1895024644,5878798,"[13327790, 2219480, 2089125]"
12,3180,meta-llama/Llama-3.1-8B-mini4L,2048,4,0,1914747960,1914747960,1895024644,1908352434,2131842,"[2219480, 2089125, 2086921]"
12,3252,meta-llama/Llama-3.1-8B-mini4L,2056,4,3000000000,4127337725,1127337725,322129,1120690603,2215707,"[2215622, 2215706, 2215794]"
12,3324,meta-llama/Llama-3.1-8B-mini4L,2056,4,3000000000,4127337725,1127337725,322129,1120690603,2215707,"[2215622, 2215706, 2215794]"
12,3396,meta-llama/Llama-3.1-8B-mini4L,2056,4,3000000000,4127337725,1127337725,322129,1120690603,2215707,"[2215622, 2215706, 2215794]"
12,3468,meta-llama/Llama-3.1-8B-mini4L,2056,4,3000000000,4127337725,1127337725,322129,1120690603,2215707,"[2215622, 2215706, 2215794]"
12,3540,meta-llama/Llama-3.1-8B-mini4L,2056,4,3000000000,4127337725,1127337725,322129,1120690603,2215707,"[2215622, 2215706, 2215794]"
12,3612,meta-llama/Llama-3.1-8B-mini4L,2056,4,3000000000,4127337725,1127337725,322129,1120690603,2215707,"[2215622, 2215706, 2215794]"
12,3684,meta-llama/Llama-3.1-8B-mini4L,2056,4,3000000000,4127337725,1127337725,322129,1120690603,2215707,"[2215622, 2215706, 2215794]"
12,3756,meta-llama/Llama-3.1-8B-mini4L,2056,4,3000000000,4127337725,1127337725,322129,1120690603,2215707,"[2215622, 2215706, 2215794]"
12,3828,meta-llama/Llama-3.1-8B-mini4L,2056,4,3000000000,10312575485,7312575485,1127337725,7305928363,2215707,"[2215622, 2215706, 2215794]"
12,3900,meta-llama/Llama-3.1-8B-mini4L,2056,4,3000000000,10312575485,7312575485,1127337725,7305928363,2215707,"[2215622, 2215706, 2215794]"
12,3972,meta-llama/Llama-3.1-8B-mini4L,2056,4,3000000000,10312575485,7312575485,1127337725,7305928363,2215707,"[2215622, 2215706, 2215794]"
12,4044,meta-llama/Llama-3.1-8B-mini4L,2056,4,3000000000,10312575485,7312575485,1127337725,7305928363,2215707,"[2215622, 2215706, 2215794]"
12,4116,meta-llama/Llama-3.1-8B-mini4L,2056,4,3000000000,10312575485,7312575485,1127337725,7305928363,2215707,"[2215622, 2215706, 2215794]"
12,4188,meta-llama/Llama-3.1-8B-mini4L,2056,4,3000000000,10312575485,7312575485,1127337725,7305928363,2215707,"[2215622, 2215706, 2215794]"
12,4260,meta-llama/Llama-3.1-8B-mini4L,2056,4,3000000000,10312575485,7312575485,1127337725,7305928363,2215707,"[2215622, 2215706, 2215794]"
12,4332,meta-llama/Llama-3.1-8B-mini4L,2056,4,3000000000,10312575485,7312575485,1127337725,7305928363,2215707,"[2215622, 2215706, 2215794]"
12,4404,meta-llama/Llama-3.1-8B-mini4L,2056,4,3000000000,16497813245,13497813245,7312575485,13491166123,2215707,"[2215622, 2215706, 2215794]"
12,4476,meta-llama/Llama-3.1-8B-mini4L,2056,4,3000000000,16497813245,13497813245,7312575485,13491166123,2215707,"[2215622, 2215706, 2215794]"
12,4548,meta-llama/Llama-3.1-8B-mini4L,2056,4,3000000000,16497813245,13497813245,7312575485,13491166123,2215707,"[2215622, 2215706, 2215794]"
12,4620,meta-llama/Llama-3.1-8B-mini4L,2056,4,3000000000,16497813245,13497813245,7312575485,13491166123,2215707,"[2215622, 2215706, 2215794]"
12,4692,meta-llama/Llama-3.1-8B-mini4L,2056,4,3000000000,16497813245,13497813245,7312575485,13491166123,2215707,"[2215622, 2215706, 2215794]"
12,4764,meta-llama/Llama-3.1-8B-mini4L,2056,4,3000000000,16497813245,13497813245,7312575485,13491166123,2215707,"[2215622, 2215706, 2215794]"
12,4836,meta-llama/Llama-3.1-8B-mini4L,2056,4,3000000000,16497813245,13497813245,7312575485,13491166123,2215707,"[2215622, 2215706, 2215794]"
12,4908,meta-llama/Llama-3.1-8B-mini4L,2056,4,3000000000,16497813245,13497813245,7312575485,13491166123,2215707,"[2215622, 2215706, 2215794]"
12,4980,meta-llama/Llama-3.1-8B-mini4L,2056,4,3000000000,22683051005,19683051005,13497813245,19676403883,2215707,"[2215622, 2215706, 2215794]"
12,5052,meta-llama/Llama-3.1-8B-mini4L,2056,4,3000000000,22683051005,19683051005,13497813245,19676403883,2215707,"[2215622, 2215706, 2215794]"
12,5124,meta-llama/Llama-3.1-8B-mini4L,2056,4,3000000000,22683051005,19683051005,13497813245,19676403883,2215707,"[2215622, 2215706, 2215794]"
12,5196,meta-llama/Llama-3.1-8B-mini4L,2056,4,3000000000,22683051005,19683051005,13497813245,19676403883,2215707,"[2215622, 2215706, 2215794]"
12,5268,meta-llama/Llama-3.1-8B-mini4L,2056,4,3000000000,22683051005,19683051005,13497813245,19676403883,2215707,"[2215622, 2215706, 2215794]"
12,5340,meta-llama/Llama-3.1-8B-mini4L,2056,4,3000000000,22683051005,19683051005,13497813245,19676403883,2215707,"[2215622, 2215706, 2215794]"
12,5412,meta-llama/Llama-3.1-8B-mini4L,2056,4,3000000000,22683051005,19683051005,13497813245,19676403883,2215707,"[2215622, 2215706, 2215794]"
12,5484,meta-llama/Llama-3.1-8B-mini4L,2056,4,3000000000,22683051005,19683051005,13497813245,19676403883,2215707,"[2215622, 2215706, 2215794]"
12,5556,meta-llama/Llama-3.1-8B-mini4L,2056,4,3000000000,28868288765,25868288765,19683051005,25861641643,2215707,"[2215622, 2215706, 2215794]"
12,5628,meta-llama/Llama-3.1-8B-mini4L,2056,4,3000000000,28868288765,25868288765,19683051005,25861641643,2215707,"[2215622, 2215706, 2215794]"
12,5700,meta-llama/Llama-3.1-8B-mini4L,2056,4,3000000000,28868288765,25868288765,19683051005,25861641643,2215707,"[2215622, 2215706, 2215794]"
12,5772,meta-llama/Llama-3.1-8B-mini4L,2056,4,3000000000,28868288765,25868288765,19683051005,25861641643,2215707,"[2215622, 2215706, 2215794]"
12,5844,meta-llama/Llama-3.1-8B-mini4L,2056,4,3000000000,28868288765,25868288765,19683051005,25861641643,2215707,"[2215622, 2215706, 2215794]"
12,5916,meta-llama/Llama-3.1-8B-mini4L,2056,4,3000000000,28868288765,25868288765,19683051005,25861641643,2215707,"[2215622, 2215706, 2215794]"
12,5988,meta-llama/Llama-3.1-8B-mini4L,2056,4,3000000000,28868288765,25868288765,19683051005,25861641643,2215707,"[2215622, 2215706, 2215794]"
12,6060,meta-llama/Llama-3.1-8B-mini4L,2056,4,3000000000,28868288765,25868288765,19683051005,25861641643,2215707,"[2215622, 2215706, 2215794]"
12,6132,meta-llama/Llama-3.1-8B-mini4L,2056,4,3000000000,34507168709,31507168709,25868288765,31500824966,2114581,"[2114537, 2114581, 2114625]"
12,6204,meta-llama/Llama-3.1-8B-mini4L,2056,4,3000000000,34507168709,31507168709,25868288765,31500824966,2114581,"[2114537, 2114581, 2114625]"
12,6276,meta-llama/Llama-3.1-8B-mini4L,2056,4,3000000000,34507168709,31507168709,25868288765,31500824966,2114581,"[2114537, 2114581, 2114625]"
12,6348,meta-llama/Llama-3.1-8B-mini4L,2056,4,3000000000,34507168709,31507168709,25868288765,31500824966,2114581,"[2114537, 2114581, 2114625]"
13,13,meta-llama/Llama-3.1-8B-mini4L,2048,4,0,167053272,167053272,1,18395141,49552710,"[48887602, 49863356, 49907173]"
13,85,meta-llama/Llama-3.1-8B-mini4L,2048,4,0,266906992,266906992,67282743,117146099,49920297,"[49907173, 49906421, 49947299]"
13,157,meta-llama/Llama-3.1-8B-mini4L,2048,4,0,316853239,316853239,117146099,167053272,49933322,"[49906421, 49947299, 49946247]"
13,229,meta-llama/Llama-3.1-8B-mini4L,2048,4,0,366798430,366798430,167053272,216959693,49946245,"[49947299, 49946247, 49945191]"
13,301,meta-llama/Llama-3.1-8B-mini4L,2048,4,0,416742565,416742565,216959693,266906992,49945191,"[49946247, 49945191, 49944135]"
13,373,meta-llama/Llama-3.1-8B-mini4L,2048,4,0,466685644,466685644,266906992,316853239,49944135,"[49945191, 49944135, 49943079]"
13,445,meta-llama/Llama-3.1-8B-mini4L,2048,4,0,516655276,516655276,316853239,366798430,49952282,"[49944135, 49943079, 49969632]"
13,517,meta-llama/Llama-3.1-8B-mini4L,2048,4,0,565130703,565130703,366798430,416742565,49462712,"[49943079, 49969632, 48475427]"
13,589,meta-llama/Llama-3.1-8B-mini4L,2048,4,0,612111659,612111659,416742565,466685644,48475338,"[49969632, 48475427, 46980956]"
13,661,meta-llama/Llama-3.1-8B-mini4L,2048,4,0,651977937,651977937,466685644,516655276,45107553,"[48475427, 46980956, 39866278]"
13,733,meta-llama/Llama-3.1-8B-mini4L,2048,4,0,695676191,695676191,516655276,565130703,43515162,"[46980956, 39866278, 43698254]"
13,805,meta-llama/Llama-3.1-8B-mini4L,2048,4,0,739583148,739583148,565130703,612111659,42490496,"[39866278, 43698254, 43906957]"
13,877,meta-llama/Llama-3.1-8B-mini4L,2048,4,0,782022585,782022585,612111659,651977937,43348216,"[43698254, 43906957, 42439437]"
13,949,meta-llama/Llama-3.1-8B-mini4L,2048,4,0,822939540,822939540,651977937,695676191,42421116,"[43906957, 42439437, 40916955]"
13,1021,meta-llama/Llama-3.1-8B-mini4L,2048,4,0,863061744,863061744,695676191,739583148,41159532,"[42439437, 40916955, 40122204]"
13,1093,meta-llama/Llama-3.1-8B-mini4L,2048,4,0,902515837,902515837,739583148,782022585,40164417,"[40916955, 40122204, 39454093]"
13,1165,meta-llama/Llama-3.1-8B-mini4L,2048,4,0,941766311,941766311,782022585,822939540,39608923,"[40122204, 39454093, 39250474]"
13,1237,meta-llama/Llama-3.1-8B-mini4L,2048,4,0,981912588,981912588,822939540,863061744,39616948,"[39454093, 39250474, 40146277]"
13,1309,meta-llama/Llama-3.1-8B-mini4L,2048,4,0,1022004431,1022004431,863061744,902515837,39829531,"[39250474, 40146277, 40091843]"
13,1381,meta-llama/Llama-3.1-8B-mini4L,2048,4,0,1061905755,1061905755,902515837,941766311,40046481,"[40146277, 40091843, 39901324]"
13,1453,meta-llama/Llama-3.1-8B-mini4L,2048,4,0,1101221374,1101221374,941766311,981912588,39769595,"[40091843, 39901324, 39315619]"
13,1525,meta-llama/Llama-3.1-8B-mini4L,2048,4,0,1140887146,1140887146,981912588,1022004431,39627571,"[39901324, 39315619, 39665772]"
13,1597,meta-llama/Llama-3.1-8B-mini4L,2048,4,0,1180930288,1180930288,1022004431,1061905755,39674844,"[39315619, 39665772, 40043142]"
13,1669,meta-llama/Llama-3.1-8B-mini4L,2048,4,0,1220946475,1220946475,1061905755,1101221374,39908367,"[39665772, 40043142, 40016187]"
13,1741,meta-llama/Llama-3.1-8B-mini4L,2048,4,0,1260639202,1260639202,1101221374,1140887146,39917352,"[40043142, 40016187, 39692727]"
13,1813,meta-llama/Llama-3.1-8B-mini4L,2048,4,0,1300021800,1300021800,1140887146,1180930288,39697170,"[40016187, 39692727, 39382598]"
13,1885,meta-llama/Llama-3.1-8B-mini4L,2048,4,0,1339829914,1339829914,1180930288,1220946475,39627813,"[39692727, 39382598, 39808114]"
13,1957,meta-llama/Llama-3.1-8B-mini4L,2048,4,0,1379878265,1379878265,1220946475,1260639202,39746354,"[39382598, 39808114, 40048351]"
13,2029,meta-llama/Llama-3.1-8B-mini4L,2048,4,0,1419659686,1419659686,1260639202,1300021800,39879295,"[39808114, 40048351, 39781421]"
13,2101,meta-llama/Llama-3.1-8B-mini4L,2048,4,0,1459174177,1459174177,1300021800,1339829914,39781421,"[40048351, 39781421, 39514491]"
13,2173,meta-llama/Llama-3.1-8B-mini4L,2048,4,0,1498861109,1498861109,1339829914,1379878265,39660948,"[39781421, 39514491, 39686932]"
13,2245,meta-llama/Llama-3.1-8B-mini4L,2048,4,0,1538691462,1538691462,1379878265,1419659686,39677258,"[39514491, 39686932, 39830353]"
13,2317,meta-llama/Llama-3.1-8B-mini4L,2048,4,0,1578483856,1578483856,1419659686,1459174177,39769893,"[39686932, 39830353, 39792394]"
13,2389,meta-llama/Llama-3.1-8B-mini4L,2048,4,0,1618246151,1618246151,1459174177,1498861109,39795014,"[39830353, 39792394, 39762295]"
13,2461,meta-llama/Llama-3.1-8B-mini4L,2048,4,0,1657955584,1657955584,1498861109,1538691462,39754707,"[39792394, 39762295, 39709433]"
13,2533,meta-llama/Llama-3.1-8B-mini4L,2048,4,0,1697691448,1697691448,1538691462,1578483856,39735864,"[39762295, 39709433, 39735864]"
13,2605,meta-llama/Llama-3.1-8B-mini4L,2048,4,0,1737437761,1737437761,1578483856,1618246151,39730536,"[39709433, 39735864, 39746313]"
13,2677,meta-llama/Llama-3.1-8B-mini4L,2048,4,0,1777180930,1777180930,1618246151,1657955584,39741782,"[39735864, 39746313, 39743169]"
13,2749,meta-llama/Llama-3.1-8B-mini4L,2048,4,0,1816871761,1816871761,1657955584,1697691448,39726771,"[39746313, 39743169, 39690831]"
13,2821,meta-llama/Llama-3.1-8B-mini4L,2048,4,0,1856588761,1856588761,1697691448,1737437761,39717000,"[39743169, 39690831, 39717000]"
13,2893,meta-llama/Llama-3.1-8B-mini4L,2048,4,0,1895550220,1895550220,1737437761,1777180930,39456430,"[39690831, 39717000, 38961459]"
13,2965,meta-llama/Llama-3.1-8B-mini4L,2048,4,0,1908385644,1908385644,1777180930,1816871761,30504627,"[39717000, 38961459, 12835424]"
13,3037,meta-llama/Llama-3.1-8B-mini4L,2048,4,0,1910605244,1910605244,1816871761,1856588761,18005494,"[38961459, 12835424, 2219600]"
13,3109,meta-llama/Llama-3.1-8B-mini4L,2048,4,0,1912694369,1912694369,1856588761,1895550220,5714716,"[12835424, 2219600, 2089125]"
13,3181,meta-llama/Llama-3.1-8B-mini4L,2048,4,0,1914781290,1914781290,1895550220,1908385644,2131882,"[2219600, 2089125, 2086921]"
13,3253,meta-llama/Llama-3.1-8B-mini4L,2056,4,3000000000,4213243805,1213243805,322129,1206596683,2215707,"[2215622, 2215706, 2215794]"
13,3325,meta-llama/Llama-3.1-8B-mini4L,2056,4,3000000000,4213243805,1213243805,322129,1206596683,2215707,"[2215622, 2215706, 2215794]"
13,3397,meta-llama/Llama-3.1-8B-mini4L,2056,4,3000000000,4213243805,1213243805,322129,1206596683,2215707,"[2215622, 2215706, 2215794]"
13,3469,meta-llama/Llama-3.1-8B-mini4L,2056,4,3000000000,4213243805,1213243805,322129,1206596683,2215707,"[2215622, 2215706, 2215794]"
13,3541,meta-llama/Llama-3.1-8B-mini4L,2056,4,3000000000,4213243805,1213243805,322129,1206596683,2215707,"[2215622, 2215706, 2215794]"
13,3613,meta-llama/Llama-3.1-8B-mini4L,2056,4,3000000000,4213243805,1213243805,322129,1206596683,2215707,"[2215622, 2215706, 2215794]"
13,3685,meta-llama/Llama-3.1-8B-mini4L,2056,4,3000000000,4213243805,1213243805,322129,1206596683,2215707,"[2215622, 2215706, 2215794]"
13,3757,meta-llama/Llama-3.1-8B-mini4L,2056,4,3000000000,4213243805,1213243805,322129,1206596683,2215707,"[2215622, 2215706, 2215794]"
13,3829,meta-llama/Llama-3.1-8B-mini4L,2056,4,3000000000,10398481565,7398481565,1213243805,7391834443,2215707,"[2215622, 2215706, 2215794]"
13,3901,meta-llama/Llama-3.1-8B-mini4L,2056,4,3000000000,10398481565,7398481565,1213243805,7391834443,2215707,"[2215622, 2215706, 2215794]"
13,3973,meta-llama/Llama-3.1-8B-mini4L,2056,4,3000000000,10398481565,7398481565,1213243805,7391834443,2215707,"[2215622, 2215706, 2215794]"
13,4045,meta-llama/Llama-3.1-8B-mini4L,2056,4,3000000000,10398481565,7398481565,1213243805,7391834443,2215707,"[2215622, 2215706, 2215794]"
13,4117,meta-llama/Llama-3.1-8B-mini4L,2056,4,3000000000,10398481565,7398481565,1213243805,7391834443,2215707,"[2215622, 2215706, 2215794]"
13,4189,meta-llama/Llama-3.1-8B-mini4L,2056,4,3000000000,10398481565,7398481565,1213243805,7391834443,2215707,"[2215622, 2215706, 2215794]"
13,4261,meta-llama/Llama-3.1-8B-mini4L,2056,4,3000000000,10398481565,7398481565,1213243805,7391834443,2215707,"[2215622, 2215706, 2215794]"
13,4333,meta-llama/Llama-3.1-8B-mini4L,2056,4,3000000000,10398481565,7398481565,1213243805,7391834443,2215707,"[2215622, 2215706, 2215794]"
13,4405,meta-llama/Llama-3.1-8B-mini4L,2056,4,3000000000,16583719325,13583719325,7398481565,13577072203,2215707,"[2215622, 2215706, 2215794]"
13,4477,meta-llama/Llama-3.1-8B-mini4L,2056,4,3000000000,16583719325,13583719325,7398481565,13577072203,2215707,"[2215622, 2215706, 2215794]"
13,4549,meta-llama/Llama-3.1-8B-mini4L,2056,4,3000000000,16583719325,13583719325,7398481565,13577072203,2215707,"[2215622, 2215706, 2215794]"
13,4621,meta-llama/Llama-3.1-8B-mini4L,2056,4,3000000000,16583719325,13583719325,7398481565,13577072203,2215707,"[2215622, 2215706, 2215794]"
13,4693,meta-llama/Llama-3.1-8B-mini4L,2056,4,3000000000,16583719325,13583719325,7398481565,13577072203,2215707,"[2215622, 2215706, 2215794]"
13,4765,meta-llama/Llama-3.1-8B-mini4L,2056,4,3000000000,16583719325,13583719325,7398481565,13577072203,2215707,"[2215622, 2215706, 2215794]"
13,4837,meta-llama/Llama-3.1-8B-mini4L,2056,4,3000000000,16583719325,13583719325,7398481565,13577072203,2215707,"[2215622, 2215706, 2215794]"
13,4909,meta-llama/Llama-3.1-8B-mini4L,2056,4,3000000000,16583719325,13583719325,7398481565,13577072203,2215707,"[2215622, 2215706, 2215794]"
13,4981,meta-llama/Llama-3.1-8B-mini4L,2056,4,3000000000,22768957085,19768957085,13583719325,19762309963,2215707,"[2215622, 2215706, 2215794]"
13,5053,meta-llama/Llama-3.1-8B-mini4L,2056,4,3000000000,22768957085,19768957085,13583719325,19762309963,2215707,"[2215622, 2215706, 2215794]"
13,5125,meta-llama/Llama-3.1-8B-mini4L,2056,4,3000000000,22768957085,19768957085,13583719325,19762309963,2215707,"[2215622, 2215706, 2215794]"
13,5197,meta-llama/Llama-3.1-8B-mini4L,2056,4,3000000000,22768957085,19768957085,13583719325,19762309963,2215707,"[2215622, 2215706, 2215794]"
13,5269,meta-llama/Llama-3.1-8B-mini4L,2056,4,3000000000,22768957085,19768957085,13583719325,19762309963,2215707,"[2215622, 2215706, 2215794]"
13,5341,meta-llama/Llama-3.1-8B-mini4L,2056,4,3000000000,22768957085,19768957085,13583719325,19762309963,2215707,"[2215622, 2215706, 2215794]"
13,5413,meta-llama/Llama-3.1-8B-mini4L,2056,4,3000000000,22768957085,19768957085,13583719325,19762309963,2215707,"[2215622, 2215706, 2215794]"
13,5485,meta-llama/Llama-3.1-8B-mini4L,2056,4,3000000000,22768957085,19768957085,13583719325,19762309963,2215707,"[2215622, 2215706, 2215794]"
13,5557,meta-llama/Llama-3.1-8B-mini4L,2056,4,3000000000,28954194845,25954194845,19768957085,25947547723,2215707,"[2215622, 2215706, 2215794]"
13,5629,meta-llama/Llama-3.1-8B-mini4L,2056,4,3000000000,28954194845,25954194845,19768957085,25947547723,2215707,"[2215622, 2215706, 2215794]"
13,5701,meta-llama/Llama-3.1-8B-mini4L,2056,4,3000000000,28954194845,25954194845,19768957085,25947547723,2215707,"[2215622, 2215706, 2215794]"
13,5773,meta-llama/Llama-3.1-8B-mini4L,2056,4,3000000000,28954194845,25954194845,19768957085,25947547723,2215707,"[2215622, 2215706, 2215794]"
13,5845,meta-llama/Llama-3.1-8B-mini4L,2056,4,3000000000,28954194845,25954194845,19768957085,25947547723,2215707,"[2215622, 2215706, 2215794]"
13,5917,meta-llama/Llama-3.1-8B-mini4L,2056,4,3000000000,28954194845,25954194845,19768957085,25947547723,2215707,"[2215622, 2215706, 2215794]"
13,5989,meta-llama/Llama-3.1-8B-mini4L,2056,4,3000000000,28954194845,25954194845,19768957085,25947547723,2215707,"[2215622, 2215706, 2215794]"
13,6061,meta-llama/Llama-3.1-8B-mini4L,2056,4,3000000000,28954194845,25954194845,19768957085,25947547723,2215707,"[2215622, 2215706, 2215794]"
13,6133,meta-llama/Llama-3.1-8B-mini4L,2056,4,3000000000,34551131749,31551131749,25954194845,31544788006,2114581,"[2114537, 2114581, 2114625]"
13,6205,meta-llama/Llama-3.1-8B-mini4L,2056,4,3000000000,34551131749,31551131749,25954194845,31544788006,2114581,"[2114537, 2114581, 2114625]"
13,6277,meta-llama/Llama-3.1-8B-mini4L,2056,4,3000000000,34551131749,31551131749,25954194845,31544788006,2114581,"[2114537, 2114581, 2114625]"
13,6349,meta-llama/Llama-3.1-8B-mini4L,2056,4,3000000000,34551131749,31551131749,25954194845,31544788006,2114581,"[2114537, 2114581, 2114625]"
14,14,meta-llama/Llama-3.1-8B-mini4L,2048,4,0,167578728,167578728,1,18920597,49552710,"[48887602, 49863356, 49907173]"
14,86,meta-llama/Llama-3.1-8B-mini4L,2048,4,0,267432448,267432448,67808199,117671555,49920297,"[49907173, 49906421, 49947299]"
14,158,meta-llama/Llama-3.1-8B-mini4L,2048,4,0,317378695,317378695,117671555,167578728,49933322,"[49906421, 49947299, 49946247]"
14,230,meta-llama/Llama-3.1-8B-mini4L,2048,4,0,367323886,367323886,167578728,217485149,49946245,"[49947299, 49946247, 49945191]"
14,302,meta-llama/Llama-3.1-8B-mini4L,2048,4,0,417268021,417268021,217485149,267432448,49945191,"[49946247, 49945191, 49944135]"
14,374,meta-llama/Llama-3.1-8B-mini4L,2048,4,0,467211100,467211100,267432448,317378695,49944135,"[49945191, 49944135, 49943079]"
14,446,meta-llama/Llama-3.1-8B-mini4L,2048,4,0,517180732,517180732,317378695,367323886,49952282,"[49944135, 49943079, 49969632]"
14,518,meta-llama/Llama-3.1-8B-mini4L,2048,4,0,565656159,565656159,367323886,417268021,49462712,"[49943079, 49969632, 48475427]"
14,590,meta-llama/Llama-3.1-8B-mini4L,2048,4,0,612637115,612637115,417268021,467211100,48475338,"[49969632, 48475427, 46980956]"
14,662,meta-llama/Llama-3.1-8B-mini4L,2048,4,0,652558351,652558351,467211100,517180732,45125873,"[48475427, 46980956, 39921236]"
14,734,meta-llama/Llama-3.1-8B-mini4L,2048,4,0,696201647,696201647,517180732,565656159,43515162,"[46980956, 39921236, 43643296]"
14,806,meta-llama/Llama-3.1-8B-mini4L,2048,4,0,740108604,740108604,565656159,612637115,42490496,"[39921236, 43643296, 43906957]"
14,878,meta-llama/Llama-3.1-8B-mini4L,2048,4,0,782548041,782548041,612637115,652558351,43329896,"[43643296, 43906957, 42439437]"
14,950,meta-llama/Llama-3.1-8B-mini4L,2048,4,0,823464996,823464996,652558351,696201647,42421116,"[43906957, 42439437, 40916955]"
14,1022,meta-llama/Llama-3.1-8B-mini4L,2048,4,0,863587200,863587200,696201647,740108604,41159532,"[42439437, 40916955, 40122204]"
14,1094,meta-llama/Llama-3.1-8B-mini4L,2048,4,0,903178688,903178688,740108604,782548041,40210215,"[40916955, 40122204, 39591488]"
14,1166,meta-llama/Llama-3.1-8B-mini4L,2048,4,0,942318984,942318984,782548041,823464996,39617996,"[40122204, 39591488, 39140296]"
14,1238,meta-llama/Llama-3.1-8B-mini4L,2048,4,0,982438044,982438044,823464996,863587200,39616948,"[39591488, 39140296, 40119060]"
14,1310,meta-llama/Llama-3.1-8B-mini4L,2048,4,0,1022557104,1022557104,863587200,903178688,39792805,"[39140296, 40119060, 40119060]"
14,1382,meta-llama/Llama-3.1-8B-mini4L,2048,4,0,1062539293,1062539293,903178688,942318984,40073436,"[40119060, 40119060, 39982189]"
14,1454,meta-llama/Llama-3.1-8B-mini4L,2048,4,0,1101827695,1101827695,942318984,982438044,39796550,"[40119060, 39982189, 39288402]"
14,1526,meta-llama/Llama-3.1-8B-mini4L,2048,4,0,1141466512,1141466512,982438044,1022557104,39636469,"[39982189, 39288402, 39638817]"
14,1598,meta-llama/Llama-3.1-8B-mini4L,2048,4,0,1181455744,1181455744,1022557104,1062539293,39638817,"[39288402, 39638817, 39989232]"
14,1670,meta-llama/Llama-3.1-8B-mini4L,2048,4,0,1221498886,1221498886,1062539293,1101827695,39890397,"[39638817, 39989232, 40043142]"
14,1742,meta-llama/Llama-3.1-8B-mini4L,2048,4,0,1261191613,1261191613,1101827695,1141466512,39908367,"[39989232, 40043142, 39692727]"
14,1814,meta-llama/Llama-3.1-8B-mini4L,2048,4,0,1300547256,1300547256,1141466512,1181455744,39697170,"[40043142, 39692727, 39355643]"
14,1886,meta-llama/Llama-3.1-8B-mini4L,2048,4,0,1340355370,1340355370,1181455744,1221498886,39618828,"[39692727, 39355643, 39808114]"
14,1958,meta-llama/Llama-3.1-8B-mini4L,2048,4,0,1380430414,1380430414,1221498886,1261191613,39746267,"[39355643, 39808114, 40075044]"
14,2030,meta-llama/Llama-3.1-8B-mini4L,2048,4,0,1420211835,1420211835,1261191613,1300547256,39888193,"[39808114, 40075044, 39781421]"
14,2102,meta-llama/Llama-3.1-8B-mini4L,2048,4,0,1459726326,1459726326,1300547256,1340355370,39790318,"[40075044, 39781421, 39514491]"
14,2174,meta-llama/Llama-3.1-8B-mini4L,2048,4,0,1499439427,1499439427,1340355370,1380430414,39669671,"[39781421, 39514491, 39713101]"
14,2246,meta-llama/Llama-3.1-8B-mini4L,2048,4,0,1539243611,1539243611,1380430414,1420211835,39677258,"[39514491, 39713101, 39804184]"
14,2318,meta-llama/Llama-3.1-8B-mini4L,2048,4,0,1579035743,1579035743,1420211835,1459726326,39769805,"[39713101, 39804184, 39792132]"
14,2390,meta-llama/Llama-3.1-8B-mini4L,2048,4,0,1618798038,1618798038,1459726326,1499439427,39786203,"[39804184, 39792132, 39762295]"
14,2462,meta-llama/Llama-3.1-8B-mini4L,2048,4,0,1658507471,1658507471,1499439427,1539243611,39754620,"[39792132, 39762295, 39709433]"
14,2534,meta-llama/Llama-3.1-8B-mini4L,2048,4,0,1698216904,1698216904,1539243611,1579035743,39727053,"[39762295, 39709433, 39709433]"
14,2606,meta-llama/Llama-3.1-8B-mini4L,2048,4,0,1737963217,1737963217,1579035743,1618798038,39721726,"[39709433, 39709433, 39746313]"
14,2678,meta-llama/Llama-3.1-8B-mini4L,2048,4,0,1777706386,1777706386,1618798038,1658507471,39732971,"[39709433, 39746313, 39743169]"
14,2750,meta-llama/Llama-3.1-8B-mini4L,2048,4,0,1817423386,1817423386,1658507471,1698216904,39735494,"[39746313, 39743169, 39717000]"
14,2822,meta-llama/Llama-3.1-8B-mini4L,2048,4,0,1857114217,1857114217,1698216904,1737963217,39717000,"[39743169, 39717000, 39690831]"
14,2894,meta-llama/Llama-3.1-8B-mini4L,2048,4,0,1896108356,1896108356,1737963217,1777706386,39467323,"[39717000, 39690831, 38994139]"
14,2966,meta-llama/Llama-3.1-8B-mini4L,2048,4,0,1908419094,1908419094,1777706386,1817423386,30331902,"[39690831, 38994139, 12310738]"
14,3038,meta-llama/Llama-3.1-8B-mini4L,2048,4,0,1910639463,1910639463,1817423386,1857114217,17841748,"[38994139, 12310738, 2220369]"
14,3110,meta-llama/Llama-3.1-8B-mini4L,2048,4,0,1912728588,1912728588,1857114217,1896108356,5540077,"[12310738, 2220369, 2089125]"
14,3182,meta-llama/Llama-3.1-8B-mini4L,2048,4,0,1914815509,1914815509,1896108356,1908419094,2132138,"[2220369, 2089125, 2086921]"
14,3254,meta-llama/Llama-3.1-8B-mini4L,2056,4,3000000000,4299149885,1299149885,322129,1292502763,2215707,"[2215622, 2215706, 2215794]"
14,3326,meta-llama/Llama-3.1-8B-mini4L,2056,4,3000000000,4299149885,1299149885,322129,1292502763,2215707,"[2215622, 2215706, 2215794]"
14,3398,meta-llama/Llama-3.1-8B-mini4L,2056,4,3000000000,4299149885,1299149885,322129,1292502763,2215707,"[2215622, 2215706, 2215794]"
14,3470,meta-llama/Llama-3.1-8B-mini4L,2056,4,3000000000,4299149885,1299149885,322129,1292502763,2215707,"[2215622, 2215706, 2215794]"
14,3542,meta-llama/Llama-3.1-8B-mini4L,2056,4,3000000000,4299149885,1299149885,322129,1292502763,2215707,"[2215622, 2215706, 2215794]"
14,3614,meta-llama/Llama-3.1-8B-mini4L,2056,4,3000000000,4299149885,1299149885,322129,1292502763,2215707,"[2215622, 2215706, 2215794]"
14,3686,meta-llama/Llama-3.1-8B-mini4L,2056,4,3000000000,4299149885,1299149885,322129,1292502763,2215707,"[2215622, 2215706, 2215794]"
14,3758,meta-llama/Llama-3.1-8B-mini4L,2056,4,3000000000,4299149885,1299149885,322129,1292502763,2215707,"[2215622, 2215706, 2215794]"
14,3830,meta-llama/Llama-3.1-8B-mini4L,2056,4,3000000000,10484387645,7484387645,1299149885,7477740523,2215707,"[2215622, 2215706, 2215794]"
14,3902,meta-llama/Llama-3.1-8B-mini4L,2056,4,3000000000,10484387645,7484387645,1299149885,7477740523,2215707,"[2215622, 2215706, 2215794]"
14,3974,meta-llama/Llama-3.1-8B-mini4L,2056,4,3000000000,10484387645,7484387645,1299149885,7477740523,2215707,"[2215622, 2215706, 2215794]"
14,4046,meta-llama/Llama-3.1-8B-mini4L,2056,4,3000000000,10484387645,7484387645,1299149885,7477740523,2215707,"[2215622, 2215706, 2215794]"
14,4118,meta-llama/Llama-3.1-8B-mini4L,2056,4,3000000000,10484387645,7484387645,1299149885,7477740523,2215707,"[2215622, 2215706, 2215794]"
14,4190,meta-llama/Llama-3.1-8B-mini4L,2056,4,3000000000,10484387645,7484387645,1299149885,7477740523,2215707,"[2215622, 2215706, 2215794]"
14,4262,meta-llama/Llama-3.1-8B-mini4L,2056,4,3000000000,10484387645,7484387645,1299149885,7477740523,2215707,"[2215622, 2215706, 2215794]"
14,4334,meta-llama/Llama-3.1-8B-mini4L,2056,4,3000000000,10484387645,7484387645,1299149885,7477740523,2215707,"[2215622, 2215706, 2215794]"
14,4406,meta-llama/Llama-3.1-8B-mini4L,2056,4,3000000000,16669625405,13669625405,7484387645,13662978283,2215707,"[2215622, 2215706, 2215794]"
14,4478,meta-llama/Llama-3.1-8B-mini4L,2056,4,3000000000,16669625405,13669625405,7484387645,13662978283,2215707,"[2215622, 2215706, 2215794]"
14,4550,meta-llama/Llama-3.1-8B-mini4L,2056,4,3000000000,16669625405,13669625405,7484387645,13662978283,2215707,"[2215622, 2215706, 2215794]"
14,4622,meta-llama/Llama-3.1-8B-mini4L,2056,4,3000000000,16669625405,13669625405,7484387645,13662978283,2215707,"[2215622, 2215706, 2215794]"
14,4694,meta-llama/Llama-3.1-8B-mini4L,2056,4,3000000000,16669625405,13669625405,7484387645,13662978283,2215707,"[2215622, 2215706, 2215794]"
14,4766,meta-llama/Llama-3.1-8B-mini4L,2056,4,3000000000,16669625405,13669625405,7484387645,13662978283,2215707,"[2215622, 2215706, 2215794]"
14,4838,meta-llama/Llama-3.1-8B-mini4L,2056,4,3000000000,16669625405,13669625405,7484387645,13662978283,2215707,"[2215622, 2215706, 2215794]"
14,4910,meta-llama/Llama-3.1-8B-mini4L,2056,4,3000000000,16669625405,13669625405,7484387645,13662978283,2215707,"[2215622, 2215706, 2215794]"
14,4982,meta-llama/Llama-3.1-8B-mini4L,2056,4,3000000000,22854863165,19854863165,13669625405,19848216043,2215707,"[2215622, 2215706, 2215794]"
14,5054,meta-llama/Llama-3.1-8B-mini4L,2056,4,3000000000,22854863165,19854863165,13669625405,19848216043,2215707,"[2215622, 2215706, 2215794]"
14,5126,meta-llama/Llama-3.1-8B-mini4L,2056,4,3000000000,22854863165,19854863165,13669625405,19848216043,2215707,"[2215622, 2215706, 2215794]"
14,5198,meta-llama/Llama-3.1-8B-mini4L,2056,4,3000000000,22854863165,19854863165,13669625405,19848216043,2215707,"[2215622, 2215706, 2215794]"
14,5270,meta-llama/Llama-3.1-8B-mini4L,2056,4,3000000000,22854863165,19854863165,13669625405,19848216043,2215707,"[2215622, 2215706, 2215794]"
14,5342,meta-llama/Llama-3.1-8B-mini4L,2056,4,3000000000,22854863165,19854863165,13669625405,19848216043,2215707,"[2215622, 2215706, 2215794]"
14,5414,meta-llama/Llama-3.1-8B-mini4L,2056,4,3000000000,22854863165,19854863165,13669625405,19848216043,2215707,"[2215622, 2215706, 2215794]"
14,5486,meta-llama/Llama-3.1-8B-mini4L,2056,4,3000000000,22854863165,19854863165,13669625405,19848216043,2215707,"[2215622, 2215706, 2215794]"
14,5558,meta-llama/Llama-3.1-8B-mini4L,2056,4,3000000000,29040100925,26040100925,19854863165,26033453803,2215707,"[2215622, 2215706, 2215794]"
14,5630,meta-llama/Llama-3.1-8B-mini4L,2056,4,3000000000,29040100925,26040100925,19854863165,26033453803,2215707,"[2215622, 2215706, 2215794]"
14,5702,meta-llama/Llama-3.1-8B-mini4L,2056,4,3000000000,29040100925,26040100925,19854863165,26033453803,2215707,"[2215622, 2215706, 2215794]"
14,5774,meta-llama/Llama-3.1-8B-mini4L,2056,4,3000000000,29040100925,26040100925,19854863165,26033453803,2215707,"[2215622, 2215706, 2215794]"
14,5846,meta-llama/Llama-3.1-8B-mini4L,2056,4,3000000000,29040100925,26040100925,19854863165,26033453803,2215707,"[2215622, 2215706, 2215794]"
14,5918,meta-llama/Llama-3.1-8B-mini4L,2056,4,3000000000,29040100925,26040100925,19854863165,26033453803,2215707,"[2215622, 2215706, 2215794]"
14,5990,meta-llama/Llama-3.1-8B-mini4L,2056,4,3000000000,29040100925,26040100925,19854863165,26033453803,2215707,"[2215622, 2215706, 2215794]"
14,6062,meta-llama/Llama-3.1-8B-mini4L,2056,4,3000000000,29040100925,26040100925,19854863165,26033453803,2215707,"[2215622, 2215706, 2215794]"
14,6134,meta-llama/Llama-3.1-8B-mini4L,2056,4,3000000000,34595094789,31595094789,26040100925,31588751046,2114581,"[2114537, 2114581, 2114625]"
14,6206,meta-llama/Llama-3.1-8B-mini4L,2056,4,3000000000,34595094789,31595094789,26040100925,31588751046,2114581,"[2114537, 2114581, 2114625]"
14,6278,meta-llama/Llama-3.1-8B-mini4L,2056,4,3000000000,34595094789,31595094789,26040100925,31588751046,2114581,"[2114537, 2114581, 2114625]"
14,6350,meta-llama/Llama-3.1-8B-mini4L,2056,4,3000000000,34595094789,31595094789,26040100925,31588751046,2114581,"[2114537, 2114581, 2114625]"
15,15,meta-llama/Llama-3.1-8B-mini4L,2048,4,0,168104184,168104184,1,19446053,49552710,"[48887602, 49863356, 49907173]"
15,87,meta-llama/Llama-3.1-8B-mini4L,2048,4,0,267957904,267957904,68333655,118197011,49920297,"[49907173, 49906421, 49947299]"
15,159,meta-llama/Llama-3.1-8B-mini4L,2048,4,0,317904151,317904151,118197011,168104184,49933322,"[49906421, 49947299, 49946247]"
15,231,meta-llama/Llama-3.1-8B-mini4L,2048,4,0,367849342,367849342,168104184,218010605,49946245,"[49947299, 49946247, 49945191]"
15,303,meta-llama/Llama-3.1-8B-mini4L,2048,4,0,417793477,417793477,218010605,267957904,49945191,"[49946247, 49945191, 49944135]"
15,375,meta-llama/Llama-3.1-8B-mini4L,2048,4,0,467736556,467736556,267957904,317904151,49944135,"[49945191, 49944135, 49943079]"
15,447,meta-llama/Llama-3.1-8B-mini4L,2048,4,0,517706188,517706188,317904151,367849342,49952282,"[49944135, 49943079, 49969632]"
15,519,meta-llama/Llama-3.1-8B-mini4L,2048,4,0,566181615,566181615,367849342,417793477,49462712,"[49943079, 49969632, 48475427]"
15,591,meta-llama/Llama-3.1-8B-mini4L,2048,4,0,613162571,613162571,417793477,467736556,48475338,"[49969632, 48475427, 46980956]"
15,663,meta-llama/Llama-3.1-8B-mini4L,2048,4,0,658564523,658564523,467736556,517706188,46952778,"[48475427, 46980956, 45401952]"
15,735,meta-llama/Llama-3.1-8B-mini4L,2048,4,0,697084330,697084330,517706188,566181615,43634238,"[46980956, 45401952, 38519807]"
15,807,meta-llama/Llama-3.1-8B-mini4L,2048,4,0,740634060,740634060,566181615,613162571,42490496,"[45401952, 38519807, 43549730]"
15,879,meta-llama/Llama-3.1-8B-mini4L,2048,4,0,783073497,783073497,613162571,658564523,41502991,"[38519807, 43549730, 42439437]"
15,951,meta-llama/Llama-3.1-8B-mini4L,2048,4,0,823990452,823990452,658564523,697084330,42302040,"[43549730, 42439437, 40916955]"
15,1023,meta-llama/Llama-3.1-8B-mini4L,2048,4,0,864140135,864140135,697084330,740634060,41168691,"[42439437, 40916955, 40149683]"
15,1095,meta-llama/Llama-3.1-8B-mini4L,2048,4,0,903814060,903814060,740634060,783073497,40246854,"[40916955, 40149683, 39673925]"
15,1167,meta-llama/Llama-3.1-8B-mini4L,2048,4,0,942871657,942871657,783073497,823990452,39627068,"[40149683, 39673925, 39057597]"
15,1239,meta-llama/Llama-3.1-8B-mini4L,2048,4,0,982963500,982963500,823990452,864140135,39607788,"[39673925, 39057597, 40091843]"
15,1311,meta-llama/Llama-3.1-8B-mini4L,2048,4,0,1023082560,1023082560,864140135,903814060,39756166,"[39057597, 40091843, 40119060]"
15,1383,meta-llama/Llama-3.1-8B-mini4L,2048,4,0,1063091704,1063091704,903814060,942871657,40073349,"[40091843, 40119060, 40009144]"
15,1455,meta-llama/Llama-3.1-8B-mini4L,2048,4,0,1102380106,1102380106,942871657,982963500,39805535,"[40119060, 40009144, 39288402]"
15,1527,meta-llama/Llama-3.1-8B-mini4L,2048,4,0,1142045878,1142045878,982963500,1023082560,39654439,"[40009144, 39288402, 39665772]"
15,1599,meta-llama/Llama-3.1-8B-mini4L,2048,4,0,1182008155,1182008155,1023082560,1063091704,39638817,"[39288402, 39665772, 39962277]"
15,1671,meta-llama/Llama-3.1-8B-mini4L,2048,4,0,1222051297,1222051297,1063091704,1102380106,39890397,"[39665772, 39962277, 40043142]"
15,1743,meta-llama/Llama-3.1-8B-mini4L,2048,4,0,1261744024,1261744024,1102380106,1142045878,39899382,"[39962277, 40043142, 39692727]"
15,1815,meta-llama/Llama-3.1-8B-mini4L,2048,4,0,1301099405,1301099405,1142045878,1182008155,39697083,"[40043142, 39692727, 39355381]"
15,1887,meta-llama/Llama-3.1-8B-mini4L,2048,4,0,1340880826,1340880826,1182008155,1222051297,39609843,"[39692727, 39355381, 39781421]"
15,1959,meta-llama/Llama-3.1-8B-mini4L,2048,4,0,1380955870,1380955870,1222051297,1261744024,39737282,"[39355381, 39781421, 40075044]"
15,2031,meta-llama/Llama-3.1-8B-mini4L,2048,4,0,1420737291,1420737291,1261744024,1301099405,39879295,"[39781421, 40075044, 39781421]"
15,2103,meta-llama/Llama-3.1-8B-mini4L,2048,4,0,1460358554,1460358554,1301099405,1340880826,39825909,"[40075044, 39781421, 39621263]"
15,2175,meta-llama/Llama-3.1-8B-mini4L,2048,4,0,1499991314,1499991314,1340880826,1380955870,39678481,"[39781421, 39621263, 39632760]"
15,2247,meta-llama/Llama-3.1-8B-mini4L,2048,4,0,1539769067,1539769067,1380955870,1420737291,39677258,"[39621263, 39632760, 39777753]"
15,2319,meta-llama/Llama-3.1-8B-mini4L,2048,4,0,1579587630,1579587630,1420737291,1460358554,39743025,"[39632760, 39777753, 39818563]"
15,2391,meta-llama/Llama-3.1-8B-mini4L,2048,4,0,1619349925,1619349925,1460358554,1499991314,39786203,"[39777753, 39818563, 39762295]"
15,2463,meta-llama/Llama-3.1-8B-mini4L,2048,4,0,1659032927,1659032927,1499991314,1539769067,39754620,"[39818563, 39762295, 39683002]"
15,2535,meta-llama/Llama-3.1-8B-mini4L,2048,4,0,1698768791,1698768791,1539769067,1579587630,39727053,"[39762295, 39683002, 39735864]"
15,2607,meta-llama/Llama-3.1-8B-mini4L,2048,4,0,1738514842,1738514842,1579587630,1619349925,39721639,"[39683002, 39735864, 39746051]"
15,2679,meta-llama/Llama-3.1-8B-mini4L,2048,4,0,1778258011,1778258011,1619349925,1659032927,39741694,"[39735864, 39746051, 39743169]"
15,2751,meta-llama/Llama-3.1-8B-mini4L,2048,4,0,1817948842,1817948842,1659032927,1698768791,39726683,"[39746051, 39743169, 39690831]"
15,2823,meta-llama/Llama-3.1-8B-mini4L,2048,4,0,1857665842,1857665842,1698768791,1738514842,39717000,"[39743169, 39690831, 39717000]"
15,2895,meta-llama/Llama-3.1-8B-mini4L,2048,4,0,1896633812,1896633812,1738514842,1778258011,39458600,"[39690831, 39717000, 38967970]"
15,2967,meta-llama/Llama-3.1-8B-mini4L,2048,4,0,1908453553,1908453553,1778258011,1817948842,30168237,"[39717000, 38967970, 11819741]"
15,3039,meta-llama/Llama-3.1-8B-mini4L,2048,4,0,1910641481,1910641481,1817948842,1857665842,17658546,"[38967970, 11819741, 2187928]"
15,3111,meta-llama/Llama-3.1-8B-mini4L,2048,4,0,1912730606,1912730606,1857665842,1896633812,5365598,"[11819741, 2187928, 2089125]"
15,3183,meta-llama/Llama-3.1-8B-mini4L,2048,4,0,1914817527,1914817527,1896633812,1908453553,2121324,"[2187928, 2089125, 2086921]"
15,3255,meta-llama/Llama-3.1-8B-mini4L,2056,4,3000000000,4385055965,1385055965,322129,1378408843,2215707,"[2215622, 2215706, 2215794]"
15,3327,meta-llama/Llama-3.1-8B-mini4L,2056,4,3000000000,4385055965,1385055965,322129,1378408843,2215707,"[2215622, 2215706, 2215794]"
15,3399,meta-llama/Llama-3.1-8B-mini4L,2056,4,3000000000,4385055965,1385055965,322129,1378408843,2215707,"[2215622, 2215706, 2215794]"
15,3471,meta-llama/Llama-3.1-8B-mini4L,2056,4,3000000000,4385055965,1385055965,322129,1378408843,2215707,"[2215622, 2215706, 2215794]"
15,3543,meta-llama/Llama-3.1-8B-mini4L,2056,4,3000000000,4385055965,1385055965,322129,1378408843,2215707,"[2215622, 2215706, 2215794]"
15,3615,meta-llama/Llama-3.1-8B-mini4L,2056,4,3000000000,4385055965,1385055965,322129,1378408843,2215707,"[2215622, 2215706, 2215794]"
15,3687,meta-llama/Llama-3.1-8B-mini4L,2056,4,3000000000,4385055965,1385055965,322129,1378408843,2215707,"[2215622, 2215706, 2215794]"
15,3759,meta-llama/Llama-3.1-8B-mini4L,2056,4,3000000000,4385055965,1385055965,322129,1378408843,2215707,"[2215622, 2215706, 2215794]"
15,3831,meta-llama/Llama-3.1-8B-mini4L,2056,4,3000000000,10570293725,7570293725,1385055965,7563646603,2215707,"[2215622, 2215706, 2215794]"
15,3903,meta-llama/Llama-3.1-8B-mini4L,2056,4,3000000000,10570293725,7570293725,1385055965,7563646603,2215707,"[2215622, 2215706, 2215794]"
15,3975,meta-llama/Llama-3.1-8B-mini4L,2056,4,3000000000,10570293725,7570293725,1385055965,7563646603,2215707,"[2215622, 2215706, 2215794]"
15,4047,meta-llama/Llama-3.1-8B-mini4L,2056,4,3000000000,10570293725,7570293725,1385055965,7563646603,2215707,"[2215622, 2215706, 2215794]"
15,4119,meta-llama/Llama-3.1-8B-mini4L,2056,4,3000000000,10570293725,7570293725,1385055965,7563646603,2215707,"[2215622, 2215706, 2215794]"
15,4191,meta-llama/Llama-3.1-8B-mini4L,2056,4,3000000000,10570293725,7570293725,1385055965,7563646603,2215707,"[2215622, 2215706, 2215794]"
15,4263,meta-llama/Llama-3.1-8B-mini4L,2056,4,3000000000,10570293725,7570293725,1385055965,7563646603,2215707,"[2215622, 2215706, 2215794]"
15,4335,meta-llama/Llama-3.1-8B-mini4L,2056,4,3000000000,10570293725,7570293725,1385055965,7563646603,2215707,"[2215622, 2215706, 2215794]"
15,4407,meta-llama/Llama-3.1-8B-mini4L,2056,4,3000000000,16755531485,13755531485,7570293725,13748884363,2215707,"[2215622, 2215706, 2215794]"
15,4479,meta-llama/Llama-3.1-8B-mini4L,2056,4,3000000000,16755531485,13755531485,7570293725,13748884363,2215707,"[2215622, 2215706, 2215794]"
15,4551,meta-llama/Llama-3.1-8B-mini4L,2056,4,3000000000,16755531485,13755531485,7570293725,13748884363,2215707,"[2215622, 2215706, 2215794]"
15,4623,meta-llama/Llama-3.1-8B-mini4L,2056,4,3000000000,16755531485,13755531485,7570293725,13748884363,2215707,"[2215622, 2215706, 2215794]"
15,4695,meta-llama/Llama-3.1-8B-mini4L,2056,4,3000000000,16755531485,13755531485,7570293725,13748884363,2215707,"[2215622, 2215706, 2215794]"
15,4767,meta-llama/Llama-3.1-8B-mini4L,2056,4,3000000000,16755531485,13755531485,7570293725,13748884363,2215707,"[2215622, 2215706, 2215794]"
15,4839,meta-llama/Llama-3.1-8B-mini4L,2056,4,3000000000,16755531485,13755531485,7570293725,13748884363,2215707,"[2215622, 2215706, 2215794]"
15,4911,meta-llama/Llama-3.1-8B-mini4L,2056,4,3000000000,16755531485,13755531485,7570293725,13748884363,2215707,"[2215622, 2215706, 2215794]"
15,4983,meta-llama/Llama-3.1-8B-mini4L,2056,4,3000000000,22940769245,19940769245,13755531485,19934122123,2215707,"[2215622, 2215706, 2215794]"
15,5055,meta-llama/Llama-3.1-8B-mini4L,2056,4,3000000000,22940769245,19940769245,13755531485,19934122123,2215707,"[2215622, 2215706, 2215794]"
15,5127,meta-llama/Llama-3.1-8B-mini4L,2056,4,3000000000,22940769245,19940769245,13755531485,19934122123,2215707,"[2215622, 2215706, 2215794]"
15,5199,meta-llama/Llama-3.1-8B-mini4L,2056,4,3000000000,22940769245,19940769245,13755531485,19934122123,2215707,"[2215622, 2215706, 2215794]"
15,5271,meta-llama/Llama-3.1-8B-mini4L,2056,4,3000000000,22940769245,19940769245,13755531485,19934122123,2215707,"[2215622, 2215706, 2215794]"
15,5343,meta-llama/Llama-3.1-8B-mini4L,2056,4,3000000000,22940769245,19940769245,13755531485,19934122123,2215707,"[2215622, 2215706, 2215794]"
15,5415,meta-llama/Llama-3.1-8B-mini4L,2056,4,3000000000,22940769245,19940769245,13755531485,19934122123,2215707,"[2215622, 2215706, 2215794]"
15,5487,meta-llama/Llama-3.1-8B-mini4L,2056,4,3000000000,22940769245,19940769245,13755531485,19934122123,2215707,"[2215622, 2215706, 2215794]"
15,5559,meta-llama/Llama-3.1-8B-mini4L,2056,4,3000000000,29126007005,26126007005,19940769245,26119359883,2215707,"[2215622, 2215706, 2215794]"
15,5631,meta-llama/Llama-3.1-8B-mini4L,2056,4,3000000000,29126007005,26126007005,19940769245,26119359883,2215707,"[2215622, 2215706, 2215794]"
15,5703,meta-llama/Llama-3.1-8B-mini4L,2056,4,3000000000,29126007005,26126007005,19940769245,26119359883,2215707,"[2215622, 2215706, 2215794]"
15,5775,meta-llama/Llama-3.1-8B-mini4L,2056,4,3000000000,29126007005,26126007005,19940769245,26119359883,2215707,"[2215622, 2215706, 2215794]"
15,5847,meta-llama/Llama-3.1-8B-mini4L,2056,4,3000000000,29126007005,26126007005,19940769245,26119359883,2215707,"[2215622, 2215706, 2215794]"
15,5919,meta-llama/Llama-3.1-8B-mini4L,2056,4,3000000000,29126007005,26126007005,19940769245,26119359883,2215707,"[2215622, 2215706, 2215794]"
15,5991,meta-llama/Llama-3.1-8B-mini4L,2056,4,3000000000,29126007005,26126007005,19940769245,26119359883,2215707,"[2215622, 2215706, 2215794]"
15,6063,meta-llama/Llama-3.1-8B-mini4L,2056,4,3000000000,29126007005,26126007005,19940769245,26119359883,2215707,"[2215622, 2215706, 2215794]"
15,6135,meta-llama/Llama-3.1-8B-mini4L,2056,4,3000000000,34639057829,31639057829,26126007005,31632714086,2114581,"[2114537, 2114581, 2114625]"
15,6207,meta-llama/Llama-3.1-8B-mini4L,2056,4,3000000000,34639057829,31639057829,26126007005,31632714086,2114581,"[2114537, 2114581, 2114625]"
15,6279,meta-llama/Llama-3.1-8B-mini4L,2056,4,3000000000,34639057829,31639057829,26126007005,31632714086,2114581,"[2114537, 2114581, 2114625]"
15,6351,meta-llama/Llama-3.1-8B-mini4L,2056,4,3000000000,34639057829,31639057829,26126007005,31632714086,2114581,"[2114537, 2114581, 2114625]"
16,16,meta-llama/Llama-3.1-8B-mini4L,2048,4,0,168629640,168629640,1,19971509,49552710,"[48887602, 49863356, 49907173]"
16,88,meta-llama/Llama-3.1-8B-mini4L,2048,4,0,268483360,268483360,68859111,118722467,49920297,"[49907173, 49906421, 49947299]"
16,160,meta-llama/Llama-3.1-8B-mini4L,2048,4,0,318429607,318429607,118722467,168629640,49933322,"[49906421, 49947299, 49946247]"
16,232,meta-llama/Llama-3.1-8B-mini4L,2048,4,0,368374798,368374798,168629640,218536061,49946245,"[49947299, 49946247, 49945191]"
16,304,meta-llama/Llama-3.1-8B-mini4L,2048,4,0,418318933,418318933,218536061,268483360,49945191,"[49946247, 49945191, 49944135]"
16,376,meta-llama/Llama-3.1-8B-mini4L,2048,4,0,468262012,468262012,268483360,318429607,49944135,"[49945191, 49944135, 49943079]"
16,448,meta-llama/Llama-3.1-8B-mini4L,2048,4,0,518231644,518231644,318429607,368374798,49952282,"[49944135, 49943079, 49969632]"
16,520,meta-llama/Llama-3.1-8B-mini4L,2048,4,0,566707071,566707071,368374798,418318933,49462712,"[49943079, 49969632, 48475427]"
16,592,meta-llama/Llama-3.1-8B-mini4L,2048,4,0,613688027,613688027,418318933,468262012,48475338,"[49969632, 48475427, 46980956]"
16,664,meta-llama/Llama-3.1-8B-mini4L,2048,4,0,659089979,659089979,468262012,518231644,46952778,"[48475427, 46980956, 45401952]"
16,736,meta-llama/Llama-3.1-8B-mini4L,2048,4,0,697609786,697609786,518231644,566707071,43634238,"[46980956, 45401952, 38519807]"
16,808,meta-llama/Llama-3.1-8B-mini4L,2048,4,0,741186995,741186995,566707071,613688027,42499656,"[45401952, 38519807, 43577209]"
16,880,meta-llama/Llama-3.1-8B-mini4L,2048,4,0,783626432,783626432,613688027,659089979,41512151,"[38519807, 43577209, 42439437]"
16,952,meta-llama/Llama-3.1-8B-mini4L,2048,4,0,824515908,824515908,659089979,697609786,42302040,"[43577209, 42439437, 40889476]"
16,1024,meta-llama/Llama-3.1-8B-mini4L,2048,4,0,864665591,864665591,697609786,741186995,41159532,"[42439437, 40889476, 40149683]"
16,1096,meta-llama/Llama-3.1-8B-mini4L,2048,4,0,904393950,904393950,741186995,783626432,40255839,"[40889476, 40149683, 39728359]"
16,1168,meta-llama/Llama-3.1-8B-mini4L,2048,4,0,943424330,943424330,783626432,824515908,39636140,"[40149683, 39728359, 39030380]"
16,1240,meta-llama/Llama-3.1-8B-mini4L,2048,4,0,983488956,983488956,824515908,864665591,39607788,"[39728359, 39030380, 40064626]"
16,1312,meta-llama/Llama-3.1-8B-mini4L,2048,4,0,1023608016,1023608016,864665591,904393950,39738022,"[39030380, 40064626, 40119060]"
16,1384,meta-llama/Llama-3.1-8B-mini4L,2048,4,0,1063617160,1063617160,904393950,943424330,40064276,"[40064626, 40119060, 40009144]"
16,1456,meta-llama/Llama-3.1-8B-mini4L,2048,4,0,1102905562,1102905562,943424330,983488956,39805535,"[40119060, 40009144, 39288402]"
16,1528,meta-llama/Llama-3.1-8B-mini4L,2048,4,0,1142598289,1142598289,983488956,1023608016,39663424,"[40009144, 39288402, 39692727]"
16,1600,meta-llama/Llama-3.1-8B-mini4L,2048,4,0,1182533611,1182533611,1023608016,1063617160,39638817,"[39288402, 39692727, 39935322]"
16,1672,meta-llama/Llama-3.1-8B-mini4L,2048,4,0,1222603708,1222603708,1063617160,1102905562,39899382,"[39692727, 39935322, 40070097]"
16,1744,meta-llama/Llama-3.1-8B-mini4L,2048,4,0,1262350345,1262350345,1102905562,1142598289,39917352,"[39935322, 40070097, 39746637]"
16,1816,meta-llama/Llama-3.1-8B-mini4L,2048,4,0,1301704940,1301704940,1142598289,1182533611,39723776,"[40070097, 39746637, 39354595]"
16,1888,meta-llama/Llama-3.1-8B-mini4L,2048,4,0,1341486361,1341486361,1182533611,1222603708,39627551,"[39746637, 39354595, 39781421]"
16,1960,meta-llama/Llama-3.1-8B-mini4L,2048,4,0,1381481326,1381481326,1222603708,1262350345,39710327,"[39354595, 39781421, 39994965]"
16,2032,meta-llama/Llama-3.1-8B-mini4L,2048,4,0,1421289440,1421289440,1262350345,1301704940,39861500,"[39781421, 39994965, 39808114]"
16,2104,meta-llama/Llama-3.1-8B-mini4L,2048,4,0,1460937396,1460937396,1301704940,1341486361,39817011,"[39994965, 39808114, 39647956]"
16,2176,meta-llama/Llama-3.1-8B-mini4L,2048,4,0,1500569632,1500569632,1341486361,1381481326,39696102,"[39808114, 39647956, 39632236]"
16,2248,meta-llama/Llama-3.1-8B-mini4L,2048,4,0,1540321216,1540321216,1381481326,1421289440,39677258,"[39647956, 39632236, 39751584]"
16,2320,meta-llama/Llama-3.1-8B-mini4L,2048,4,0,1580139517,1580139517,1421289440,1460937396,39734040,"[39632236, 39751584, 39818301]"
16,2392,meta-llama/Llama-3.1-8B-mini4L,2048,4,0,1619901812,1619901812,1460937396,1500569632,39777393,"[39751584, 39818301, 39762295]"
16,2464,meta-llama/Llama-3.1-8B-mini4L,2048,4,0,1659584814,1659584814,1500569632,1540321216,39754532,"[39818301, 39762295, 39683002]"
16,2536,meta-llama/Llama-3.1-8B-mini4L,2048,4,0,1699294247,1699294247,1540321216,1580139517,39718243,"[39762295, 39683002, 39709433]"
16,2608,meta-llama/Llama-3.1-8B-mini4L,2048,4,0,1739040298,1739040298,1580139517,1619901812,39712828,"[39683002, 39709433, 39746051]"
16,2680,meta-llama/Llama-3.1-8B-mini4L,2048,4,0,1778783467,1778783467,1619901812,1659584814,39732884,"[39709433, 39746051, 39743169]"
16,2752,meta-llama/Llama-3.1-8B-mini4L,2048,4,0,1818526636,1818526636,1659584814,1699294247,39744129,"[39746051, 39743169, 39743169]"
16,2824,meta-llama/Llama-3.1-8B-mini4L,2048,4,0,1858191298,1858191298,1699294247,1739040298,39717000,"[39743169, 39743169, 39664662]"
16,2896,meta-llama/Llama-3.1-8B-mini4L,2048,4,0,1897159388,1897159388,1739040298,1778783467,39458640,"[39743169, 39664662, 38968090]"
16,2968,meta-llama/Llama-3.1-8B-mini4L,2048,4,0,1908486883,1908486883,1778783467,1818526636,29986749,"[39664662, 38968090, 11327495]"
16,3040,meta-llama/Llama-3.1-8B-mini4L,2048,4,0,1910711577,1910711577,1818526636,1858191298,17506759,"[38968090, 11327495, 2224694]"
16,3112,meta-llama/Llama-3.1-8B-mini4L,2048,4,0,1912800702,1912800702,1858191298,1897159388,5213771,"[11327495, 2224694, 2089125]"
16,3184,meta-llama/Llama-3.1-8B-mini4L,2048,4,0,1914887623,1914887623,1897159388,1908486883,2133580,"[2224694, 2089125, 2086921]"
16,3256,meta-llama/Llama-3.1-8B-mini4L,2056,4,3000000000,4470962045,1470962045,322129,1464314923,2215707,"[2215622, 2215706, 2215794]"
16,3328,meta-llama/Llama-3.1-8B-mini4L,2056,4,3000000000,4470962045,1470962045,322129,1464314923,2215707,"[2215622, 2215706, 2215794]"
16,3400,meta-llama/Llama-3.1-8B-mini4L,2056,4,3000000000,4470962045,1470962045,322129,1464314923,2215707,"[2215622, 2215706, 2215794]"
16,3472,meta-llama/Llama-3.1-8B-mini4L,2056,4,3000000000,4470962045,1470962045,322129,1464314923,2215707,"[2215622, 2215706, 2215794]"
16,3544,meta-llama/Llama-3.1-8B-mini4L,2056,4,3000000000,4470962045,1470962045,322129,1464314923,2215707,"[2215622, 2215706, 2215794]"
16,3616,meta-llama/Llama-3.1-8B-mini4L,2056,4,3000000000,4470962045,1470962045,322129,1464314923,2215707,"[2215622, 2215706, 2215794]"
16,3688,meta-llama/Llama-3.1-8B-mini4L,2056,4,3000000000,4470962045,1470962045,322129,1464314923,2215707,"[2215622, 2215706, 2215794]"
16,3760,meta-llama/Llama-3.1-8B-mini4L,2056,4,3000000000,4470962045,1470962045,322129,1464314923,2215707,"[2215622, 2215706, 2215794]"
16,3832,meta-llama/Llama-3.1-8B-mini4L,2056,4,3000000000,10656199805,7656199805,1470962045,7649552683,2215707,"[2215622, 2215706, 2215794]"
16,3904,meta-llama/Llama-3.1-8B-mini4L,2056,4,3000000000,10656199805,7656199805,1470962045,7649552683,2215707,"[2215622, 2215706, 2215794]"
16,3976,meta-llama/Llama-3.1-8B-mini4L,2056,4,3000000000,10656199805,7656199805,1470962045,7649552683,2215707,"[2215622, 2215706, 2215794]"
16,4048,meta-llama/Llama-3.1-8B-mini4L,2056,4,3000000000,10656199805,7656199805,1470962045,7649552683,2215707,"[2215622, 2215706, 2215794]"
16,4120,meta-llama/Llama-3.1-8B-mini4L,2056,4,3000000000,10656199805,7656199805,1470962045,7649552683,2215707,"[2215622, 2215706, 2215794]"
16,4192,meta-llama/Llama-3.1-8B-mini4L,2056,4,3000000000,10656199805,7656199805,1470962045,7649552683,2215707,"[2215622, 2215706, 2215794]"
16,4264,meta-llama/Llama-3.1-8B-mini4L,2056,4,3000000000,10656199805,7656199805,1470962045,7649552683,2215707,"[2215622, 2215706, 2215794]"
16,4336,meta-llama/Llama-3.1-8B-mini4L,2056,4,3000000000,10656199805,7656199805,1470962045,7649552683,2215707,"[2215622, 2215706, 2215794]"
16,4408,meta-llama/Llama-3.1-8B-mini4L,2056,4,3000000000,16841437565,13841437565,7656199805,13834790443,2215707,"[2215622, 2215706, 2215794]"
16,4480,meta-llama/Llama-3.1-8B-mini4L,2056,4,3000000000,16841437565,13841437565,7656199805,13834790443,2215707,"[2215622, 2215706, 2215794]"
16,4552,meta-llama/Llama-3.1-8B-mini4L,2056,4,3000000000,16841437565,13841437565,7656199805,13834790443,2215707,"[2215622, 2215706, 2215794]"
16,4624,meta-llama/Llama-3.1-8B-mini4L,2056,4,3000000000,16841437565,13841437565,7656199805,13834790443,2215707,"[2215622, 2215706, 2215794]"
16,4696,meta-llama/Llama-3.1-8B-mini4L,2056,4,3000000000,16841437565,13841437565,7656199805,13834790443,2215707,"[2215622, 2215706, 2215794]"
16,4768,meta-llama/Llama-3.1-8B-mini4L,2056,4,3000000000,16841437565,13841437565,7656199805,13834790443,2215707,"[2215622, 2215706, 2215794]"
16,4840,meta-llama/Llama-3.1-8B-mini4L,2056,4,3000000000,16841437565,13841437565,7656199805,13834790443,2215707,"[2215622, 2215706, 2215794]"
16,4912,meta-llama/Llama-3.1-8B-mini4L,2056,4,3000000000,16841437565,13841437565,7656199805,13834790443,2215707,"[2215622, 2215706, 2215794]"
16,4984,meta-llama/Llama-3.1-8B-mini4L,2056,4,3000000000,23026675325,20026675325,13841437565,20020028203,2215707,"[2215622, 2215706, 2215794]"
16,5056,meta-llama/Llama-3.1-8B-mini4L,2056,4,3000000000,23026675325,20026675325,13841437565,20020028203,2215707,"[2215622, 2215706, 2215794]"
16,5128,meta-llama/Llama-3.1-8B-mini4L,2056,4,3000000000,23026675325,20026675325,13841437565,20020028203,2215707,"[2215622, 2215706, 2215794]"
16,5200,meta-llama/Llama-3.1-8B-mini4L,2056,4,3000000000,23026675325,20026675325,13841437565,20020028203,2215707,"[2215622, 2215706, 2215794]"
16,5272,meta-llama/Llama-3.1-8B-mini4L,2056,4,3000000000,23026675325,20026675325,13841437565,20020028203,2215707,"[2215622, 2215706, 2215794]"
16,5344,meta-llama/Llama-3.1-8B-mini4L,2056,4,3000000000,23026675325,20026675325,13841437565,20020028203,2215707,"[2215622, 2215706, 2215794]"
16,5416,meta-llama/Llama-3.1-8B-mini4L,2056,4,3000000000,23026675325,20026675325,13841437565,20020028203,2215707,"[2215622, 2215706, 2215794]"
16,5488,meta-llama/Llama-3.1-8B-mini4L,2056,4,3000000000,23026675325,20026675325,13841437565,20020028203,2215707,"[2215622, 2215706, 2215794]"
16,5560,meta-llama/Llama-3.1-8B-mini4L,2056,4,3000000000,29211913085,26211913085,20026675325,26205265963,2215707,"[2215622, 2215706, 2215794]"
16,5632,meta-llama/Llama-3.1-8B-mini4L,2056,4,3000000000,29211913085,26211913085,20026675325,26205265963,2215707,"[2215622, 2215706, 2215794]"
16,5704,meta-llama/Llama-3.1-8B-mini4L,2056,4,3000000000,29211913085,26211913085,20026675325,26205265963,2215707,"[2215622, 2215706, 2215794]"
16,5776,meta-llama/Llama-3.1-8B-mini4L,2056,4,3000000000,29211913085,26211913085,20026675325,26205265963,2215707,"[2215622, 2215706, 2215794]"
16,5848,meta-llama/Llama-3.1-8B-mini4L,2056,4,3000000000,29211913085,26211913085,20026675325,26205265963,2215707,"[2215622, 2215706, 2215794]"
16,5920,meta-llama/Llama-3.1-8B-mini4L,2056,4,3000000000,29211913085,26211913085,20026675325,26205265963,2215707,"[2215622, 2215706, 2215794]"
16,5992,meta-llama/Llama-3.1-8B-mini4L,2056,4,3000000000,29211913085,26211913085,20026675325,26205265963,2215707,"[2215622, 2215706, 2215794]"
16,6064,meta-llama/Llama-3.1-8B-mini4L,2056,4,3000000000,29211913085,26211913085,20026675325,26205265963,2215707,"[2215622, 2215706, 2215794]"
16,6136,meta-llama/Llama-3.1-8B-mini4L,2056,4,3000000000,34683020869,31683020869,26211913085,31676677126,2114581,"[2114537, 2114581, 2114625]"
16,6208,meta-llama/Llama-3.1-8B-mini4L,2056,4,3000000000,34683020869,31683020869,26211913085,31676677126,2114581,"[2114537, 2114581, 2114625]"
16,6280,meta-llama/Llama-3.1-8B-mini4L,2056,4,3000000000,34683020869,31683020869,26211913085,31676677126,2114581,"[2114537, 2114581, 2114625]"
16,6352,meta-llama/Llama-3.1-8B-mini4L,2056,4,3000000000,34683020869,31683020869,26211913085,31676677126,2114581,"[2114537, 2114581, 2114625]"
17,17,meta-llama/Llama-3.1-8B-mini4L,2048,4,0,169155096,169155096,1,20496965,49552710,"[48887602, 49863356, 49907173]"
17,89,meta-llama/Llama-3.1-8B-mini4L,2048,4,0,269008816,269008816,69384567,119247923,49920297,"[49907173, 49906421, 49947299]"
17,161,meta-llama/Llama-3.1-8B-mini4L,2048,4,0,318955063,318955063,119247923,169155096,49933322,"[49906421, 49947299, 49946247]"
17,233,meta-llama/Llama-3.1-8B-mini4L,2048,4,0,368900254,368900254,169155096,219061517,49946245,"[49947299, 49946247, 49945191]"
17,305,meta-llama/Llama-3.1-8B-mini4L,2048,4,0,418844389,418844389,219061517,269008816,49945191,"[49946247, 49945191, 49944135]"
17,377,meta-llama/Llama-3.1-8B-mini4L,2048,4,0,468787468,468787468,269008816,318955063,49944135,"[49945191, 49944135, 49943079]"
17,449,meta-llama/Llama-3.1-8B-mini4L,2048,4,0,518757100,518757100,318955063,368900254,49952282,"[49944135, 49943079, 49969632]"
17,521,meta-llama/Llama-3.1-8B-mini4L,2048,4,0,567232527,567232527,368900254,418844389,49462712,"[49943079, 49969632, 48475427]"
17,593,meta-llama/Llama-3.1-8B-mini4L,2048,4,0,614213483,614213483,418844389,468787468,48475338,"[49969632, 48475427, 46980956]"
17,665,meta-llama/Llama-3.1-8B-mini4L,2048,4,0,659615435,659615435,468787468,518757100,46952778,"[48475427, 46980956, 45401952]"
17,737,meta-llama/Llama-3.1-8B-mini4L,2048,4,0,698574906,698574906,518757100,567232527,43780793,"[46980956, 45401952, 38959471]"
17,809,meta-llama/Llama-3.1-8B-mini4L,2048,4,0,741739930,741739930,567232527,614213483,42508815,"[45401952, 38959471, 43165024]"
17,881,meta-llama/Llama-3.1-8B-mini4L,2048,4,0,784151888,784151888,614213483,659615435,41512151,"[38959471, 43165024, 42411958]"
17,953,meta-llama/Llama-3.1-8B-mini4L,2048,4,0,825041364,825041364,659615435,698574906,42155486,"[43165024, 42411958, 40889476]"
17,1025,meta-llama/Llama-3.1-8B-mini4L,2048,4,0,865191047,865191047,698574906,741739930,41150372,"[42411958, 40889476, 40149683]"
17,1097,meta-llama/Llama-3.1-8B-mini4L,2048,4,0,904946623,904946623,741739930,784151888,40264911,"[40889476, 40149683, 39755576]"
17,1169,meta-llama/Llama-3.1-8B-mini4L,2048,4,0,943949786,943949786,784151888,825041364,39636140,"[40149683, 39755576, 39003163]"
17,1241,meta-llama/Llama-3.1-8B-mini4L,2048,4,0,984014412,984014412,825041364,865191047,39607788,"[39755576, 39003163, 40064626]"
17,1313,meta-llama/Llama-3.1-8B-mini4L,2048,4,0,1024133472,1024133472,865191047,904946623,39728949,"[39003163, 40064626, 40119060]"
17,1385,meta-llama/Llama-3.1-8B-mini4L,2048,4,0,1064142616,1064142616,904946623,943949786,40064276,"[40064626, 40119060, 40009144]"
17,1457,meta-llama/Llama-3.1-8B-mini4L,2048,4,0,1103565793,1103565793,943949786,984014412,39850460,"[40119060, 40009144, 39423177]"
17,1529,meta-llama/Llama-3.1-8B-mini4L,2048,4,0,1143150700,1143150700,984014412,1024133472,39672409,"[40009144, 39423177, 39584907]"
17,1601,meta-llama/Llama-3.1-8B-mini4L,2048,4,0,1183059067,1183059067,1024133472,1064142616,39638817,"[39423177, 39584907, 39908367]"
17,1673,meta-llama/Llama-3.1-8B-mini4L,2048,4,0,1223156119,1223156119,1064142616,1103565793,39863442,"[39584907, 39908367, 40097052]"
17,1745,meta-llama/Llama-3.1-8B-mini4L,2048,4,0,1262956142,1262956142,1103565793,1143150700,39935147,"[39908367, 40097052, 39800023]"
17,1817,meta-llama/Llama-3.1-8B-mini4L,2048,4,0,1302257089,1302257089,1143150700,1183059067,39732674,"[40097052, 39800023, 39300947]"
17,1889,meta-llama/Llama-3.1-8B-mini4L,2048,4,0,1342038510,1342038510,1183059067,1223156119,39627463,"[39800023, 39300947, 39781421]"
17,1961,meta-llama/Llama-3.1-8B-mini4L,2048,4,0,1382006782,1382006782,1223156119,1262956142,39683546,"[39300947, 39781421, 39968272]"
17,2033,meta-llama/Llama-3.1-8B-mini4L,2048,4,0,1421814896,1421814896,1262956142,1302257089,39852602,"[39781421, 39968272, 39808114]"
17,2105,meta-llama/Llama-3.1-8B-mini4L,2048,4,0,1461542931,1461542931,1302257089,1342038510,39834807,"[39968272, 39808114, 39728035]"
17,2177,meta-llama/Llama-3.1-8B-mini4L,2048,4,0,1501147950,1501147950,1342038510,1382006782,39713722,"[39808114, 39728035, 39605019]"
17,2249,meta-llama/Llama-3.1-8B-mini4L,2048,4,0,1540900058,1540900058,1382006782,1421814896,39695054,"[39728035, 39605019, 39752108]"
17,2321,meta-llama/Llama-3.1-8B-mini4L,2048,4,0,1580717835,1580717835,1421814896,1461542931,39724968,"[39605019, 39752108, 39817777]"
17,2393,meta-llama/Llama-3.1-8B-mini4L,2048,4,0,1620480130,1620480130,1461542931,1501147950,39777393,"[39752108, 39817777, 39762295]"
17,2465,meta-llama/Llama-3.1-8B-mini4L,2048,4,0,1660110270,1660110270,1501147950,1540900058,39736737,"[39817777, 39762295, 39630140]"
17,2537,meta-llama/Llama-3.1-8B-mini4L,2048,4,0,1699846134,1699846134,1540900058,1580717835,39709433,"[39762295, 39630140, 39735864]"
17,2609,meta-llama/Llama-3.1-8B-mini4L,2048,4,0,1739591923,1739591923,1580717835,1620480130,39703931,"[39630140, 39735864, 39745789]"
17,2681,meta-llama/Llama-3.1-8B-mini4L,2048,4,0,1779335092,1779335092,1620480130,1660110270,39741607,"[39735864, 39745789, 39743169]"
17,2753,meta-llama/Llama-3.1-8B-mini4L,2048,4,0,1819078261,1819078261,1660110270,1699846134,39744042,"[39745789, 39743169, 39743169]"
17,2825,meta-llama/Llama-3.1-8B-mini4L,2048,4,0,1858769092,1858769092,1699846134,1739591923,39725723,"[39743169, 39743169, 39690831]"
17,2897,meta-llama/Llama-3.1-8B-mini4L,2048,4,0,1897684844,1897684844,1739591923,1779335092,39449917,"[39743169, 39690831, 38915752]"
17,2969,meta-llama/Llama-3.1-8B-mini4L,2048,4,0,1908521102,1908521102,1779335092,1819078261,29814280,"[39690831, 38915752, 10836258]"
17,3041,meta-llama/Llama-3.1-8B-mini4L,2048,4,0,1910797795,1910797795,1819078261,1858769092,17342901,"[38915752, 10836258, 2276693]"
17,3113,meta-llama/Llama-3.1-8B-mini4L,2048,4,0,1912886920,1912886920,1858769092,1897684844,5067358,"[10836258, 2276693, 2089125]"
17,3185,meta-llama/Llama-3.1-8B-mini4L,2048,4,0,1914973841,1914973841,1897684844,1908521102,2150913,"[2276693, 2089125, 2086921]"
17,3257,meta-llama/Llama-3.1-8B-mini4L,2056,4,3000000000,4556868125,1556868125,322129,1550221003,2215707,"[2215622, 2215706, 2215794]"
17,3329,meta-llama/Llama-3.1-8B-mini4L,2056,4,3000000000,4556868125,1556868125,322129,1550221003,2215707,"[2215622, 2215706, 2215794]"
17,3401,meta-llama/Llama-3.1-8B-mini4L,2056,4,3000000000,4556868125,1556868125,322129,1550221003,2215707,"[2215622, 2215706, 2215794]"
17,3473,meta-llama/Llama-3.1-8B-mini4L,2056,4,3000000000,4556868125,1556868125,322129,1550221003,2215707,"[2215622, 2215706, 2215794]"
17,3545,meta-llama/Llama-3.1-8B-mini4L,2056,4,3000000000,4556868125,1556868125,322129,1550221003,2215707,"[2215622, 2215706, 2215794]"
17,3617,meta-llama/Llama-3.1-8B-mini4L,2056,4,3000000000,4556868125,1556868125,322129,1550221003,2215707,"[2215622, 2215706, 2215794]"
17,3689,meta-llama/Llama-3.1-8B-mini4L,2056,4,3000000000,4556868125,1556868125,322129,1550221003,2215707,"[2215622, 2215706, 2215794]"
17,3761,meta-llama/Llama-3.1-8B-mini4L,2056,4,3000000000,4556868125,1556868125,322129,1550221003,2215707,"[2215622, 2215706, 2215794]"
17,3833,meta-llama/Llama-3.1-8B-mini4L,2056,4,3000000000,10742105885,7742105885,1556868125,7735458763,2215707,"[2215622, 2215706, 2215794]"
17,3905,meta-llama/Llama-3.1-8B-mini4L,2056,4,3000000000,10742105885,7742105885,1556868125,7735458763,2215707,"[2215622, 2215706, 2215794]"
17,3977,meta-llama/Llama-3.1-8B-mini4L,2056,4,3000000000,10742105885,7742105885,1556868125,7735458763,2215707,"[2215622, 2215706, 2215794]"
17,4049,meta-llama/Llama-3.1-8B-mini4L,2056,4,3000000000,10742105885,7742105885,1556868125,7735458763,2215707,"[2215622, 2215706, 2215794]"
17,4121,meta-llama/Llama-3.1-8B-mini4L,2056,4,3000000000,10742105885,7742105885,1556868125,7735458763,2215707,"[2215622, 2215706, 2215794]"
17,4193,meta-llama/Llama-3.1-8B-mini4L,2056,4,3000000000,10742105885,7742105885,1556868125,7735458763,2215707,"[2215622, 2215706, 2215794]"
17,4265,meta-llama/Llama-3.1-8B-mini4L,2056,4,3000000000,10742105885,7742105885,1556868125,7735458763,2215707,"[2215622, 2215706, 2215794]"
17,4337,meta-llama/Llama-3.1-8B-mini4L,2056,4,3000000000,10742105885,7742105885,1556868125,7735458763,2215707,"[2215622, 2215706, 2215794]"
17,4409,meta-llama/Llama-3.1-8B-mini4L,2056,4,3000000000,16927343645,13927343645,7742105885,13920696523,2215707,"[2215622, 2215706, 2215794]"
17,4481,meta-llama/Llama-3.1-8B-mini4L,2056,4,3000000000,16927343645,13927343645,7742105885,13920696523,2215707,"[2215622, 2215706, 2215794]"
17,4553,meta-llama/Llama-3.1-8B-mini4L,2056,4,3000000000,16927343645,13927343645,7742105885,13920696523,2215707,"[2215622, 2215706, 2215794]"
17,4625,meta-llama/Llama-3.1-8B-mini4L,2056,4,3000000000,16927343645,13927343645,7742105885,13920696523,2215707,"[2215622, 2215706, 2215794]"
17,4697,meta-llama/Llama-3.1-8B-mini4L,2056,4,3000000000,16927343645,13927343645,7742105885,13920696523,2215707,"[2215622, 2215706, 2215794]"
17,4769,meta-llama/Llama-3.1-8B-mini4L,2056,4,3000000000,16927343645,13927343645,7742105885,13920696523,2215707,"[2215622, 2215706, 2215794]"
17,4841,meta-llama/Llama-3.1-8B-mini4L,2056,4,3000000000,16927343645,13927343645,7742105885,13920696523,2215707,"[2215622, 2215706, 2215794]"
17,4913,meta-llama/Llama-3.1-8B-mini4L,2056,4,3000000000,16927343645,13927343645,7742105885,13920696523,2215707,"[2215622, 2215706, 2215794]"
17,4985,meta-llama/Llama-3.1-8B-mini4L,2056,4,3000000000,23112581405,20112581405,13927343645,20105934283,2215707,"[2215622, 2215706, 2215794]"
17,5057,meta-llama/Llama-3.1-8B-mini4L,2056,4,3000000000,23112581405,20112581405,13927343645,20105934283,2215707,"[2215622, 2215706, 2215794]"
17,5129,meta-llama/Llama-3.1-8B-mini4L,2056,4,3000000000,23112581405,20112581405,13927343645,20105934283,2215707,"[2215622, 2215706, 2215794]"
17,5201,meta-llama/Llama-3.1-8B-mini4L,2056,4,3000000000,23112581405,20112581405,13927343645,20105934283,2215707,"[2215622, 2215706, 2215794]"
17,5273,meta-llama/Llama-3.1-8B-mini4L,2056,4,3000000000,23112581405,20112581405,13927343645,20105934283,2215707,"[2215622, 2215706, 2215794]"
17,5345,meta-llama/Llama-3.1-8B-mini4L,2056,4,3000000000,23112581405,20112581405,13927343645,20105934283,2215707,"[2215622, 2215706, 2215794]"
17,5417,meta-llama/Llama-3.1-8B-mini4L,2056,4,3000000000,23112581405,20112581405,13927343645,20105934283,2215707,"[2215622, 2215706, 2215794]"
17,5489,meta-llama/Llama-3.1-8B-mini4L,2056,4,3000000000,23112581405,20112581405,13927343645,20105934283,2215707,"[2215622, 2215706, 2215794]"
17,5561,meta-llama/Llama-3.1-8B-mini4L,2056,4,3000000000,29297819165,26297819165,20112581405,26291172043,2215707,"[2215622, 2215706, 2215794]"
17,5633,meta-llama/Llama-3.1-8B-mini4L,2056,4,3000000000,29297819165,26297819165,20112581405,26291172043,2215707,"[2215622, 2215706, 2215794]"
17,5705,meta-llama/Llama-3.1-8B-mini4L,2056,4,3000000000,29297819165,26297819165,20112581405,26291172043,2215707,"[2215622, 2215706, 2215794]"
17,5777,meta-llama/Llama-3.1-8B-mini4L,2056,4,3000000000,29297819165,26297819165,20112581405,26291172043,2215707,"[2215622, 2215706, 2215794]"
17,5849,meta-llama/Llama-3.1-8B-mini4L,2056,4,3000000000,29297819165,26297819165,20112581405,26291172043,2215707,"[2215622, 2215706, 2215794]"
17,5921,meta-llama/Llama-3.1-8B-mini4L,2056,4,3000000000,29297819165,26297819165,20112581405,26291172043,2215707,"[2215622, 2215706, 2215794]"
17,5993,meta-llama/Llama-3.1-8B-mini4L,2056,4,3000000000,29297819165,26297819165,20112581405,26291172043,2215707,"[2215622, 2215706, 2215794]"
17,6065,meta-llama/Llama-3.1-8B-mini4L,2056,4,3000000000,29297819165,26297819165,20112581405,26291172043,2215707,"[2215622, 2215706, 2215794]"
17,6137,meta-llama/Llama-3.1-8B-mini4L,2056,4,3000000000,34726983909,31726983909,26297819165,31720640166,2114581,"[2114537, 2114581, 2114625]"
17,6209,meta-llama/Llama-3.1-8B-mini4L,2056,4,3000000000,34726983909,31726983909,26297819165,31720640166,2114581,"[2114537, 2114581, 2114625]"
17,6281,meta-llama/Llama-3.1-8B-mini4L,2056,4,3000000000,34726983909,31726983909,26297819165,31720640166,2114581,"[2114537, 2114581, 2114625]"
17,6353,meta-llama/Llama-3.1-8B-mini4L,2056,4,3000000000,34726983909,31726983909,26297819165,31720640166,2114581,"[2114537, 2114581, 2114625]"
18,18,meta-llama/Llama-3.1-8B-mini4L,2048,4,0,169680552,169680552,1,21022421,49552710,"[48887602, 49863356, 49907173]"
18,90,meta-llama/Llama-3.1-8B-mini4L,2048,4,0,269534272,269534272,69910023,119773379,49920297,"[49907173, 49906421, 49947299]"
18,162,meta-llama/Llama-3.1-8B-mini4L,2048,4,0,319480519,319480519,119773379,169680552,49933322,"[49906421, 49947299, 49946247]"
18,234,meta-llama/Llama-3.1-8B-mini4L,2048,4,0,369425710,369425710,169680552,219586973,49946245,"[49947299, 49946247, 49945191]"
18,306,meta-llama/Llama-3.1-8B-mini4L,2048,4,0,419369845,419369845,219586973,269534272,49945191,"[49946247, 49945191, 49944135]"
18,378,meta-llama/Llama-3.1-8B-mini4L,2048,4,0,469312924,469312924,269534272,319480519,49944135,"[49945191, 49944135, 49943079]"
18,450,meta-llama/Llama-3.1-8B-mini4L,2048,4,0,519282556,519282556,319480519,369425710,49952282,"[49944135, 49943079, 49969632]"
18,522,meta-llama/Llama-3.1-8B-mini4L,2048,4,0,567757983,567757983,369425710,419369845,49462712,"[49943079, 49969632, 48475427]"
18,594,meta-llama/Llama-3.1-8B-mini4L,2048,4,0,614738939,614738939,419369845,469312924,48475338,"[49969632, 48475427, 46980956]"
18,666,meta-llama/Llama-3.1-8B-mini4L,2048,4,0,660195849,660195849,469312924,519282556,46971097,"[48475427, 46980956, 45456910]"
18,738,meta-llama/Llama-3.1-8B-mini4L,2048,4,0,699182799,699182799,519282556,567757983,43808272,"[46980956, 45456910, 38986950]"
18,810,meta-llama/Llama-3.1-8B-mini4L,2048,4,0,742265386,742265386,567757983,614738939,42508815,"[45456910, 38986950, 43082587]"
18,882,meta-llama/Llama-3.1-8B-mini4L,2048,4,0,784677344,784677344,614738939,660195849,41493831,"[38986950, 43082587, 42411958]"
18,954,meta-llama/Llama-3.1-8B-mini4L,2048,4,0,825566820,825566820,660195849,699182799,42128007,"[43082587, 42411958, 40889476]"
18,1026,meta-llama/Llama-3.1-8B-mini4L,2048,4,0,865716503,865716503,699182799,742265386,41150372,"[42411958, 40889476, 40149683]"
18,1098,meta-llama/Llama-3.1-8B-mini4L,2048,4,0,905553730,905553730,742265386,784677344,40292128,"[40889476, 40149683, 39837227]"
18,1170,meta-llama/Llama-3.1-8B-mini4L,2048,4,0,944475242,944475242,784677344,825566820,39636140,"[40149683, 39837227, 38921512]"
18,1242,meta-llama/Llama-3.1-8B-mini4L,2048,4,0,984567085,984567085,825566820,865716503,39616860,"[39837227, 38921512, 40091843]"
18,1314,meta-llama/Llama-3.1-8B-mini4L,2048,4,0,1024658928,1024658928,865716503,905553730,39701732,"[38921512, 40091843, 40091843]"
18,1386,meta-llama/Llama-3.1-8B-mini4L,2048,4,0,1064748937,1064748937,905553730,944475242,40091231,"[40091843, 40091843, 40090009]"
18,1458,meta-llama/Llama-3.1-8B-mini4L,2048,4,0,1104145159,1104145159,944475242,984567085,39859358,"[40091843, 40090009, 39396222]"
18,1530,meta-llama/Llama-3.1-8B-mini4L,2048,4,0,1143703111,1143703111,984567085,1024658928,39681394,"[40090009, 39396222, 39557952]"
18,1602,meta-llama/Llama-3.1-8B-mini4L,2048,4,0,1183611478,1183611478,1024658928,1064748937,39620847,"[39396222, 39557952, 39908367]"
18,1674,meta-llama/Llama-3.1-8B-mini4L,2048,4,0,1223681575,1223681575,1064748937,1104145159,39845472,"[39557952, 39908367, 40070097]"
18,1746,meta-llama/Llama-3.1-8B-mini4L,2048,4,0,1263481598,1263481598,1104145159,1143703111,39926162,"[39908367, 40070097, 39800023]"
18,1818,meta-llama/Llama-3.1-8B-mini4L,2048,4,0,1302809238,1302809238,1143703111,1183611478,39732586,"[40070097, 39800023, 39327640]"
18,1890,meta-llama/Llama-3.1-8B-mini4L,2048,4,0,1342563966,1342563966,1183611478,1223681575,39627463,"[39800023, 39327640, 39754728]"
18,1962,meta-llama/Llama-3.1-8B-mini4L,2048,4,0,1382558931,1382558931,1223681575,1263481598,39692444,"[39327640, 39754728, 39994965]"
18,2034,meta-llama/Llama-3.1-8B-mini4L,2048,4,0,1422367045,1422367045,1263481598,1302809238,39852602,"[39754728, 39994965, 39808114]"
18,2106,meta-llama/Llama-3.1-8B-mini4L,2048,4,0,1462095080,1462095080,1302809238,1342563966,39843704,"[39994965, 39808114, 39728035]"
18,2178,meta-llama/Llama-3.1-8B-mini4L,2048,4,0,1501726268,1501726268,1342563966,1382558931,39722445,"[39808114, 39728035, 39631188]"
18,2250,meta-llama/Llama-3.1-8B-mini4L,2048,4,0,1541425514,1541425514,1382558931,1422367045,39686156,"[39728035, 39631188, 39699246]"
18,2322,meta-llama/Llama-3.1-8B-mini4L,2048,4,0,1581349015,1581349015,1422367045,1462095080,39751311,"[39631188, 39699246, 39923501]"
18,2394,meta-llama/Llama-3.1-8B-mini4L,2048,4,0,1621111310,1621111310,1462095080,1501726268,39795014,"[39699246, 39923501, 39762295]"
18,2466,meta-llama/Llama-3.1-8B-mini4L,2048,4,0,1660662157,1660662157,1501726268,1541425514,39745547,"[39923501, 39762295, 39550847]"
18,2538,meta-llama/Llama-3.1-8B-mini4L,2048,4,0,1700371590,1700371590,1541425514,1581349015,39674191,"[39762295, 39550847, 39709433]"
18,2610,meta-llama/Llama-3.1-8B-mini4L,2048,4,0,1740143548,1740143548,1581349015,1621111310,39677412,"[39550847, 39709433, 39771958]"
18,2682,meta-llama/Llama-3.1-8B-mini4L,2048,4,0,1779886717,1779886717,1621111310,1660662157,39741520,"[39709433, 39771958, 39743169]"
18,2754,meta-llama/Llama-3.1-8B-mini4L,2048,4,0,1819629886,1819629886,1660662157,1700371590,39752765,"[39771958, 39743169, 39743169]"
18,2826,meta-llama/Llama-3.1-8B-mini4L,2048,4,0,1859320717,1859320717,1700371590,1740143548,39725723,"[39743169, 39743169, 39690831]"
18,2898,meta-llama/Llama-3.1-8B-mini4L,2048,4,0,1898242980,1898242980,1740143548,1779886717,39452087,"[39743169, 39690831, 38922263]"
18,2970,meta-llama/Llama-3.1-8B-mini4L,2048,4,0,1908560006,1908560006,1779886717,1819629886,29643373,"[39690831, 38922263, 10317026]"
18,3042,meta-llama/Llama-3.1-8B-mini4L,2048,4,0,1910802191,1910802191,1819629886,1859320717,17160491,"[38922263, 10317026, 2242185]"
18,3114,meta-llama/Llama-3.1-8B-mini4L,2048,4,0,1912891316,1912891316,1859320717,1898242980,4882778,"[10317026, 2242185, 2089125]"
18,3186,meta-llama/Llama-3.1-8B-mini4L,2048,4,0,1914978237,1914978237,1898242980,1908560006,2139410,"[2242185, 2089125, 2086921]"
18,3258,meta-llama/Llama-3.1-8B-mini4L,2056,4,3000000000,4642774205,1642774205,322129,1636127083,2215707,"[2215622, 2215706, 2215794]"
18,3330,meta-llama/Llama-3.1-8B-mini4L,2056,4,3000000000,4642774205,1642774205,322129,1636127083,2215707,"[2215622, 2215706, 2215794]"
18,3402,meta-llama/Llama-3.1-8B-mini4L,2056,4,3000000000,4642774205,1642774205,322129,1636127083,2215707,"[2215622, 2215706, 2215794]"
18,3474,meta-llama/Llama-3.1-8B-mini4L,2056,4,3000000000,4642774205,1642774205,322129,1636127083,2215707,"[2215622, 2215706, 2215794]"
18,3546,meta-llama/Llama-3.1-8B-mini4L,2056,4,3000000000,4642774205,1642774205,322129,1636127083,2215707,"[2215622, 2215706, 2215794]"
18,3618,meta-llama/Llama-3.1-8B-mini4L,2056,4,3000000000,4642774205,1642774205,322129,1636127083,2215707,"[2215622, 2215706, 2215794]"
18,3690,meta-llama/Llama-3.1-8B-mini4L,2056,4,3000000000,4642774205,1642774205,322129,1636127083,2215707,"[2215622, 2215706, 2215794]"
18,3762,meta-llama/Llama-3.1-8B-mini4L,2056,4,3000000000,4642774205,1642774205,322129,1636127083,2215707,"[2215622, 2215706, 2215794]"
18,3834,meta-llama/Llama-3.1-8B-mini4L,2056,4,3000000000,10828011965,7828011965,1642774205,7821364843,2215707,"[2215622, 2215706, 2215794]"
18,3906,meta-llama/Llama-3.1-8B-mini4L,2056,4,3000000000,10828011965,7828011965,1642774205,7821364843,2215707,"[2215622, 2215706, 2215794]"
18,3978,meta-llama/Llama-3.1-8B-mini4L,2056,4,3000000000,10828011965,7828011965,1642774205,7821364843,2215707,"[2215622, 2215706, 2215794]"
18,4050,meta-llama/Llama-3.1-8B-mini4L,2056,4,3000000000,10828011965,7828011965,1642774205,7821364843,2215707,"[2215622, 2215706, 2215794]"
18,4122,meta-llama/Llama-3.1-8B-mini4L,2056,4,3000000000,10828011965,7828011965,1642774205,7821364843,2215707,"[2215622, 2215706, 2215794]"
18,4194,meta-llama/Llama-3.1-8B-mini4L,2056,4,3000000000,10828011965,7828011965,1642774205,7821364843,2215707,"[2215622, 2215706, 2215794]"
18,4266,meta-llama/Llama-3.1-8B-mini4L,2056,4,3000000000,10828011965,7828011965,1642774205,7821364843,2215707,"[2215622, 2215706, 2215794]"
18,4338,meta-llama/Llama-3.1-8B-mini4L,2056,4,3000000000,10828011965,7828011965,1642774205,7821364843,2215707,"[2215622, 2215706, 2215794]"
18,4410,meta-llama/Llama-3.1-8B-mini4L,2056,4,3000000000,17013249725,14013249725,7828011965,14006602603,2215707,"[2215622, 2215706, 2215794]"
18,4482,meta-llama/Llama-3.1-8B-mini4L,2056,4,3000000000,17013249725,14013249725,7828011965,14006602603,2215707,"[2215622, 2215706, 2215794]"
18,4554,meta-llama/Llama-3.1-8B-mini4L,2056,4,3000000000,17013249725,14013249725,7828011965,14006602603,2215707,"[2215622, 2215706, 2215794]"
18,4626,meta-llama/Llama-3.1-8B-mini4L,2056,4,3000000000,17013249725,14013249725,7828011965,14006602603,2215707,"[2215622, 2215706, 2215794]"
18,4698,meta-llama/Llama-3.1-8B-mini4L,2056,4,3000000000,17013249725,14013249725,7828011965,14006602603,2215707,"[2215622, 2215706, 2215794]"
18,4770,meta-llama/Llama-3.1-8B-mini4L,2056,4,3000000000,17013249725,14013249725,7828011965,14006602603,2215707,"[2215622, 2215706, 2215794]"
18,4842,meta-llama/Llama-3.1-8B-mini4L,2056,4,3000000000,17013249725,14013249725,7828011965,14006602603,2215707,"[2215622, 2215706, 2215794]"
18,4914,meta-llama/Llama-3.1-8B-mini4L,2056,4,3000000000,17013249725,14013249725,7828011965,14006602603,2215707,"[2215622, 2215706, 2215794]"
18,4986,meta-llama/Llama-3.1-8B-mini4L,2056,4,3000000000,23198487485,20198487485,14013249725,20191840363,2215707,"[2215622, 2215706, 2215794]"
18,5058,meta-llama/Llama-3.1-8B-mini4L,2056,4,3000000000,23198487485,20198487485,14013249725,20191840363,2215707,"[2215622, 2215706, 2215794]"
18,5130,meta-llama/Llama-3.1-8B-mini4L,2056,4,3000000000,23198487485,20198487485,14013249725,20191840363,2215707,"[2215622, 2215706, 2215794]"
18,5202,meta-llama/Llama-3.1-8B-mini4L,2056,4,3000000000,23198487485,20198487485,14013249725,20191840363,2215707,"[2215622, 2215706, 2215794]"
18,5274,meta-llama/Llama-3.1-8B-mini4L,2056,4,3000000000,23198487485,20198487485,14013249725,20191840363,2215707,"[2215622, 2215706, 2215794]"
18,5346,meta-llama/Llama-3.1-8B-mini4L,2056,4,3000000000,23198487485,20198487485,14013249725,20191840363,2215707,"[2215622, 2215706, 2215794]"
18,5418,meta-llama/Llama-3.1-8B-mini4L,2056,4,3000000000,23198487485,20198487485,14013249725,20191840363,2215707,"[2215622, 2215706, 2215794]"
18,5490,meta-llama/Llama-3.1-8B-mini4L,2056,4,3000000000,23198487485,20198487485,14013249725,20191840363,2215707,"[2215622, 2215706, 2215794]"
18,5562,meta-llama/Llama-3.1-8B-mini4L,2056,4,3000000000,29383725245,26383725245,20198487485,26377078123,2215707,"[2215622, 2215706, 2215794]"
18,5634,meta-llama/Llama-3.1-8B-mini4L,2056,4,3000000000,29383725245,26383725245,20198487485,26377078123,2215707,"[2215622, 2215706, 2215794]"
18,5706,meta-llama/Llama-3.1-8B-mini4L,2056,4,3000000000,29383725245,26383725245,20198487485,26377078123,2215707,"[2215622, 2215706, 2215794]"
18,5778,meta-llama/Llama-3.1-8B-mini4L,2056,4,3000000000,29383725245,26383725245,20198487485,26377078123,2215707,"[2215622, 2215706, 2215794]"
18,5850,meta-llama/Llama-3.1-8B-mini4L,2056,4,3000000000,29383725245,26383725245,20198487485,26377078123,2215707,"[2215622, 2215706, 2215794]"
18,5922,meta-llama/Llama-3.1-8B-mini4L,2056,4,3000000000,29383725245,26383725245,20198487485,26377078123,2215707,"[2215622, 2215706, 2215794]"
18,5994,meta-llama/Llama-3.1-8B-mini4L,2056,4,3000000000,29383725245,26383725245,20198487485,26377078123,2215707,"[2215622, 2215706, 2215794]"
18,6066,meta-llama/Llama-3.1-8B-mini4L,2056,4,3000000000,29383725245,26383725245,20198487485,26377078123,2215707,"[2215622, 2215706, 2215794]"
18,6138,meta-llama/Llama-3.1-8B-mini4L,2056,4,3000000000,34770946949,31770946949,26383725245,31764603206,2114581,"[2114537, 2114581, 2114625]"
18,6210,meta-llama/Llama-3.1-8B-mini4L,2056,4,3000000000,34770946949,31770946949,26383725245,31764603206,2114581,"[2114537, 2114581, 2114625]"
18,6282,meta-llama/Llama-3.1-8B-mini4L,2056,4,3000000000,34770946949,31770946949,26383725245,31764603206,2114581,"[2114537, 2114581, 2114625]"
18,6354,meta-llama/Llama-3.1-8B-mini4L,2056,4,3000000000,34770946949,31770946949,26383725245,31764603206,2114581,"[2114537, 2114581, 2114625]"
19,19,meta-llama/Llama-3.1-8B-mini4L,2048,4,0,170206008,170206008,1,21547877,49552710,"[48887602, 49863356, 49907173]"
19,91,meta-llama/Llama-3.1-8B-mini4L,2048,4,0,270059728,270059728,70435479,120298835,49920297,"[49907173, 49906421, 49947299]"
19,163,meta-llama/Llama-3.1-8B-mini4L,2048,4,0,320005975,320005975,120298835,170206008,49933322,"[49906421, 49947299, 49946247]"
19,235,meta-llama/Llama-3.1-8B-mini4L,2048,4,0,369951166,369951166,170206008,220112429,49946245,"[49947299, 49946247, 49945191]"
19,307,meta-llama/Llama-3.1-8B-mini4L,2048,4,0,419895301,419895301,220112429,270059728,49945191,"[49946247, 49945191, 49944135]"
19,379,meta-llama/Llama-3.1-8B-mini4L,2048,4,0,469838380,469838380,270059728,320005975,49944135,"[49945191, 49944135, 49943079]"
19,451,meta-llama/Llama-3.1-8B-mini4L,2048,4,0,519835753,519835753,320005975,369951166,49961529,"[49944135, 49943079, 49997373]"
19,523,meta-llama/Llama-3.1-8B-mini4L,2048,4,0,568283439,568283439,369951166,419895301,49462712,"[49943079, 49997373, 48447686]"
19,595,meta-llama/Llama-3.1-8B-mini4L,2048,4,0,615264395,615264395,419895301,469838380,48475338,"[49997373, 48447686, 46980956]"
19,667,meta-llama/Llama-3.1-8B-mini4L,2048,4,0,660721305,660721305,469838380,519835753,46961850,"[48447686, 46980956, 45456910]"
19,739,meta-llama/Llama-3.1-8B-mini4L,2048,4,0,700038003,700038003,519835753,568283439,43918188,"[46980956, 45456910, 39316698]"
19,811,meta-llama/Llama-3.1-8B-mini4L,2048,4,0,742790842,742790842,568283439,615264395,42508815,"[45456910, 39316698, 42752839]"
19,883,meta-llama/Llama-3.1-8B-mini4L,2048,4,0,785202800,785202800,615264395,660721305,41493831,"[39316698, 42752839, 42411958]"
19,955,meta-llama/Llama-3.1-8B-mini4L,2048,4,0,826119755,826119755,660721305,700038003,42027250,"[42752839, 42411958, 40916955]"
19,1027,meta-llama/Llama-3.1-8B-mini4L,2048,4,0,866296917,866296917,700038003,742790842,41168691,"[42411958, 40916955, 40177162]"
19,1099,meta-llama/Llama-3.1-8B-mini4L,2048,4,0,906133620,906133620,742790842,785202800,40310273,"[40916955, 40177162, 39836703]"
19,1171,meta-llama/Llama-3.1-8B-mini4L,2048,4,0,945027915,945027915,785202800,826119755,39636053,"[40177162, 39836703, 38894295]"
19,1243,meta-llama/Llama-3.1-8B-mini4L,2048,4,0,985092541,985092541,826119755,866296917,39598541,"[39836703, 38894295, 40064626]"
19,1315,meta-llama/Llama-3.1-8B-mini4L,2048,4,0,1025211601,1025211601,866296917,906133620,39692660,"[38894295, 40064626, 40119060]"
19,1387,meta-llama/Llama-3.1-8B-mini4L,2048,4,0,1065301348,1065301348,906133620,945027915,40091144,"[40064626, 40119060, 40089747]"
19,1459,meta-llama/Llama-3.1-8B-mini4L,2048,4,0,1104751480,1104751480,945027915,985092541,39886313,"[40119060, 40089747, 39450132]"
19,1531,meta-llama/Llama-3.1-8B-mini4L,2048,4,0,1144228567,1144228567,985092541,1025211601,39672322,"[40089747, 39450132, 39477087]"
19,1603,meta-llama/Llama-3.1-8B-mini4L,2048,4,0,1184163889,1184163889,1025211601,1065301348,39620847,"[39450132, 39477087, 39935322]"
19,1675,meta-llama/Llama-3.1-8B-mini4L,2048,4,0,1224233986,1224233986,1065301348,1104751480,39827502,"[39477087, 39935322, 40070097]"
19,1747,meta-llama/Llama-3.1-8B-mini4L,2048,4,0,1264033747,1264033747,1104751480,1144228567,39935060,"[39935322, 40070097, 39799761]"
19,1819,meta-llama/Llama-3.1-8B-mini4L,2048,4,0,1303361387,1303361387,1144228567,1184163889,39732499,"[40070097, 39799761, 39327640]"
19,1891,meta-llama/Llama-3.1-8B-mini4L,2048,4,0,1343089422,1343089422,1184163889,1224233986,39618478,"[39799761, 39327640, 39728035]"
19,1963,meta-llama/Llama-3.1-8B-mini4L,2048,4,0,1383084387,1383084387,1224233986,1264033747,39683546,"[39327640, 39728035, 39994965]"
19,2035,meta-llama/Llama-3.1-8B-mini4L,2048,4,0,1422892501,1422892501,1264033747,1303361387,39843704,"[39728035, 39994965, 39808114]"
19,2107,meta-llama/Llama-3.1-8B-mini4L,2048,4,0,1462620536,1462620536,1303361387,1343089422,39843704,"[39994965, 39808114, 39728035]"
19,2179,meta-llama/Llama-3.1-8B-mini4L,2048,4,0,1502278155,1502278155,1343089422,1383084387,39731256,"[39808114, 39728035, 39657619]"
19,2251,meta-llama/Llama-3.1-8B-mini4L,2048,4,0,1542004356,1542004356,1383084387,1422892501,39703951,"[39728035, 39657619, 39726201]"
19,2323,meta-llama/Llama-3.1-8B-mini4L,2048,4,0,1581900902,1581900902,1422892501,1462620536,39760122,"[39657619, 39726201, 39896546]"
19,2395,meta-llama/Llama-3.1-8B-mini4L,2048,4,0,1621663197,1621663197,1462620536,1502278155,39795014,"[39726201, 39896546, 39762295]"
19,2467,meta-llama/Llama-3.1-8B-mini4L,2048,4,0,1661266906,1661266906,1502278155,1542004356,39754183,"[39896546, 39762295, 39603709]"
19,2539,meta-llama/Llama-3.1-8B-mini4L,2048,4,0,1700923477,1700923477,1542004356,1581900902,39674191,"[39762295, 39603709, 39656571]"
19,2611,meta-llama/Llama-3.1-8B-mini4L,2048,4,0,1740695173,1740695173,1581900902,1621663197,39677325,"[39603709, 39656571, 39771696]"
19,2683,meta-llama/Llama-3.1-8B-mini4L,2048,4,0,1780438342,1780438342,1621663197,1661266906,39723812,"[39656571, 39771696, 39743169]"
19,2755,meta-llama/Llama-3.1-8B-mini4L,2048,4,0,1820181511,1820181511,1661266906,1700923477,39752678,"[39771696, 39743169, 39743169]"
19,2827,meta-llama/Llama-3.1-8B-mini4L,2048,4,0,1859898511,1859898511,1700923477,1740695173,39734446,"[39743169, 39743169, 39717000]"
19,2899,meta-llama/Llama-3.1-8B-mini4L,2048,4,0,1898833436,1898833436,1740695173,1780438342,39465031,"[39743169, 39717000, 38934925]"
19,2971,meta-llama/Llama-3.1-8B-mini4L,2048,4,0,1908593216,1908593216,1780438342,1820181511,29470568,"[39717000, 38934925, 9759780]"
19,3043,meta-llama/Llama-3.1-8B-mini4L,2048,4,0,1910835521,1910835521,1820181511,1859898511,16979003,"[38934925, 9759780, 2242305]"
19,3115,meta-llama/Llama-3.1-8B-mini4L,2048,4,0,1912924646,1912924646,1859898511,1898833436,4697070,"[9759780, 2242305, 2089125]"
19,3187,meta-llama/Llama-3.1-8B-mini4L,2048,4,0,1915011567,1915011567,1898833436,1908593216,2139450,"[2242305, 2089125, 2086921]"
19,3259,meta-llama/Llama-3.1-8B-mini4L,2056,4,3000000000,4728680285,1728680285,322129,1722033163,2215707,"[2215622, 2215706, 2215794]"
19,3331,meta-llama/Llama-3.1-8B-mini4L,2056,4,3000000000,4728680285,1728680285,322129,1722033163,2215707,"[2215622, 2215706, 2215794]"
19,3403,meta-llama/Llama-3.1-8B-mini4L,2056,4,3000000000,4728680285,1728680285,322129,1722033163,2215707,"[2215622, 2215706, 2215794]"
19,3475,meta-llama/Llama-3.1-8B-mini4L,2056,4,3000000000,4728680285,1728680285,322129,1722033163,2215707,"[2215622, 2215706, 2215794]"
19,3547,meta-llama/Llama-3.1-8B-mini4L,2056,4,3000000000,4728680285,1728680285,322129,1722033163,2215707,"[2215622, 2215706, 2215794]"
19,3619,meta-llama/Llama-3.1-8B-mini4L,2056,4,3000000000,4728680285,1728680285,322129,1722033163,2215707,"[2215622, 2215706, 2215794]"
19,3691,meta-llama/Llama-3.1-8B-mini4L,2056,4,3000000000,4728680285,1728680285,322129,1722033163,2215707,"[2215622, 2215706, 2215794]"
19,3763,meta-llama/Llama-3.1-8B-mini4L,2056,4,3000000000,4728680285,1728680285,322129,1722033163,2215707,"[2215622, 2215706, 2215794]"
19,3835,meta-llama/Llama-3.1-8B-mini4L,2056,4,3000000000,10913918045,7913918045,1728680285,7907270923,2215707,"[2215622, 2215706, 2215794]"
19,3907,meta-llama/Llama-3.1-8B-mini4L,2056,4,3000000000,10913918045,7913918045,1728680285,7907270923,2215707,"[2215622, 2215706, 2215794]"
19,3979,meta-llama/Llama-3.1-8B-mini4L,2056,4,3000000000,10913918045,7913918045,1728680285,7907270923,2215707,"[2215622, 2215706, 2215794]"
19,4051,meta-llama/Llama-3.1-8B-mini4L,2056,4,3000000000,10913918045,7913918045,1728680285,7907270923,2215707,"[2215622, 2215706, 2215794]"
19,4123,meta-llama/Llama-3.1-8B-mini4L,2056,4,3000000000,10913918045,7913918045,1728680285,7907270923,2215707,"[2215622, 2215706, 2215794]"
19,4195,meta-llama/Llama-3.1-8B-mini4L,2056,4,3000000000,10913918045,7913918045,1728680285,7907270923,2215707,"[2215622, 2215706, 2215794]"
19,4267,meta-llama/Llama-3.1-8B-mini4L,2056,4,3000000000,10913918045,7913918045,1728680285,7907270923,2215707,"[2215622, 2215706, 2215794]"
19,4339,meta-llama/Llama-3.1-8B-mini4L,2056,4,3000000000,10913918045,7913918045,1728680285,7907270923,2215707,"[2215622, 2215706, 2215794]"
19,4411,meta-llama/Llama-3.1-8B-mini4L,2056,4,3000000000,17099155805,14099155805,7913918045,14092508683,2215707,"[2215622, 2215706, 2215794]"
19,4483,meta-llama/Llama-3.1-8B-mini4L,2056,4,3000000000,17099155805,14099155805,7913918045,14092508683,2215707,"[2215622, 2215706, 2215794]"
19,4555,meta-llama/Llama-3.1-8B-mini4L,2056,4,3000000000,17099155805,14099155805,7913918045,14092508683,2215707,"[2215622, 2215706, 2215794]"
19,4627,meta-llama/Llama-3.1-8B-mini4L,2056,4,3000000000,17099155805,14099155805,7913918045,14092508683,2215707,"[2215622, 2215706, 2215794]"
19,4699,meta-llama/Llama-3.1-8B-mini4L,2056,4,3000000000,17099155805,14099155805,7913918045,14092508683,2215707,"[2215622, 2215706, 2215794]"
19,4771,meta-llama/Llama-3.1-8B-mini4L,2056,4,3000000000,17099155805,14099155805,7913918045,14092508683,2215707,"[2215622, 2215706, 2215794]"
19,4843,meta-llama/Llama-3.1-8B-mini4L,2056,4,3000000000,17099155805,14099155805,7913918045,14092508683,2215707,"[2215622, 2215706, 2215794]"
19,4915,meta-llama/Llama-3.1-8B-mini4L,2056,4,3000000000,17099155805,14099155805,7913918045,14092508683,2215707,"[2215622, 2215706, 2215794]"
19,4987,meta-llama/Llama-3.1-8B-mini4L,2056,4,3000000000,23284393565,20284393565,14099155805,20277746443,2215707,"[2215622, 2215706, 2215794]"
19,5059,meta-llama/Llama-3.1-8B-mini4L,2056,4,3000000000,23284393565,20284393565,14099155805,20277746443,2215707,"[2215622, 2215706, 2215794]"
19,5131,meta-llama/Llama-3.1-8B-mini4L,2056,4,3000000000,23284393565,20284393565,14099155805,20277746443,2215707,"[2215622, 2215706, 2215794]"
19,5203,meta-llama/Llama-3.1-8B-mini4L,2056,4,3000000000,23284393565,20284393565,14099155805,20277746443,2215707,"[2215622, 2215706, 2215794]"
19,5275,meta-llama/Llama-3.1-8B-mini4L,2056,4,3000000000,23284393565,20284393565,14099155805,20277746443,2215707,"[2215622, 2215706, 2215794]"
19,5347,meta-llama/Llama-3.1-8B-mini4L,2056,4,3000000000,23284393565,20284393565,14099155805,20277746443,2215707,"[2215622, 2215706, 2215794]"
19,5419,meta-llama/Llama-3.1-8B-mini4L,2056,4,3000000000,23284393565,20284393565,14099155805,20277746443,2215707,"[2215622, 2215706, 2215794]"
19,5491,meta-llama/Llama-3.1-8B-mini4L,2056,4,3000000000,23284393565,20284393565,14099155805,20277746443,2215707,"[2215622, 2215706, 2215794]"
19,5563,meta-llama/Llama-3.1-8B-mini4L,2056,4,3000000000,29469631325,26469631325,20284393565,26462984203,2215707,"[2215622, 2215706, 2215794]"
19,5635,meta-llama/Llama-3.1-8B-mini4L,2056,4,3000000000,29469631325,26469631325,20284393565,26462984203,2215707,"[2215622, 2215706, 2215794]"
19,5707,meta-llama/Llama-3.1-8B-mini4L,2056,4,3000000000,29469631325,26469631325,20284393565,26462984203,2215707,"[2215622, 2215706, 2215794]"
19,5779,meta-llama/Llama-3.1-8B-mini4L,2056,4,3000000000,29469631325,26469631325,20284393565,26462984203,2215707,"[2215622, 2215706, 2215794]"
19,5851,meta-llama/Llama-3.1-8B-mini4L,2056,4,3000000000,29469631325,26469631325,20284393565,26462984203,2215707,"[2215622, 2215706, 2215794]"
19,5923,meta-llama/Llama-3.1-8B-mini4L,2056,4,3000000000,29469631325,26469631325,20284393565,26462984203,2215707,"[2215622, 2215706, 2215794]"
19,5995,meta-llama/Llama-3.1-8B-mini4L,2056,4,3000000000,29469631325,26469631325,20284393565,26462984203,2215707,"[2215622, 2215706, 2215794]"
19,6067,meta-llama/Llama-3.1-8B-mini4L,2056,4,3000000000,29469631325,26469631325,20284393565,26462984203,2215707,"[2215622, 2215706, 2215794]"
19,6139,meta-llama/Llama-3.1-8B-mini4L,2056,4,3000000000,34814909989,31814909989,26469631325,31808566246,2114581,"[2114537, 2114581, 2114625]"
19,6211,meta-llama/Llama-3.1-8B-mini4L,2056,4,3000000000,34814909989,31814909989,26469631325,31808566246,2114581,"[2114537, 2114581, 2114625]"
19,6283,meta-llama/Llama-3.1-8B-mini4L,2056,4,3000000000,34814909989,31814909989,26469631325,31808566246,2114581,"[2114537, 2114581, 2114625]"
19,6355,meta-llama/Llama-3.1-8B-mini4L,2056,4,3000000000,34814909989,31814909989,26469631325,31808566246,2114581,"[2114537, 2114581, 2114625]"
20,20,meta-llama/Llama-3.1-8B-mini4L,2048,4,0,170731464,170731464,1,22073333,49552710,"[48887602, 49863356, 49907173]"
20,92,meta-llama/Llama-3.1-8B-mini4L,2048,4,0,270585184,270585184,70960935,120824291,49920297,"[49907173, 49906421, 49947299]"
20,164,meta-llama/Llama-3.1-8B-mini4L,2048,4,0,320531431,320531431,120824291,170731464,49933322,"[49906421, 49947299, 49946247]"
20,236,meta-llama/Llama-3.1-8B-mini4L,2048,4,0,370476622,370476622,170731464,220637885,49946245,"[49947299, 49946247, 49945191]"
20,308,meta-llama/Llama-3.1-8B-mini4L,2048,4,0,420420757,420420757,220637885,270585184,49945191,"[49946247, 49945191, 49944135]"
20,380,meta-llama/Llama-3.1-8B-mini4L,2048,4,0,470363836,470363836,270585184,320531431,49944135,"[49945191, 49944135, 49943079]"
20,452,meta-llama/Llama-3.1-8B-mini4L,2048,4,0,520361209,520361209,320531431,370476622,49961529,"[49944135, 49943079, 49997373]"
20,524,meta-llama/Llama-3.1-8B-mini4L,2048,4,0,568808895,568808895,370476622,420420757,49462712,"[49943079, 49997373, 48447686]"
20,596,meta-llama/Llama-3.1-8B-mini4L,2048,4,0,615789851,615789851,420420757,470363836,48475338,"[49997373, 48447686, 46980956]"
20,668,meta-llama/Llama-3.1-8B-mini4L,2048,4,0,661246761,661246761,470363836,520361209,46961850,"[48447686, 46980956, 45456910]"
20,740,meta-llama/Llama-3.1-8B-mini4L,2048,4,0,700755812,700755812,520361209,568808895,43982305,"[46980956, 45456910, 39509051]"
20,812,meta-llama/Llama-3.1-8B-mini4L,2048,4,0,743316298,743316298,568808895,615789851,42508815,"[45456910, 39509051, 42560486]"
20,884,meta-llama/Llama-3.1-8B-mini4L,2048,4,0,785728256,785728256,615789851,661246761,41493831,"[39509051, 42560486, 42411958]"
20,956,meta-llama/Llama-3.1-8B-mini4L,2048,4,0,826645211,826645211,661246761,700755812,41963133,"[42560486, 42411958, 40916955]"
20,1028,meta-llama/Llama-3.1-8B-mini4L,2048,4,0,866849852,866849852,700755812,743316298,41177851,"[42411958, 40916955, 40204641]"
20,1100,meta-llama/Llama-3.1-8B-mini4L,2048,4,0,906767944,906767944,743316298,785728256,40346562,"[40916955, 40204641, 39918092]"
20,1172,meta-llama/Llama-3.1-8B-mini4L,2048,4,0,945580588,945580588,785728256,826645211,39645125,"[40204641, 39918092, 38812644]"
20,1244,meta-llama/Llama-3.1-8B-mini4L,2048,4,0,985617997,985617997,826645211,866849852,39589381,"[39918092, 38812644, 40037409]"
20,1316,meta-llama/Llama-3.1-8B-mini4L,2048,4,0,1025737057,1025737057,866849852,906767944,39656371,"[38812644, 40037409, 40119060]"
20,1388,meta-llama/Llama-3.1-8B-mini4L,2048,4,0,1065853759,1065853759,906767944,945580588,40091057,"[40037409, 40119060, 40116702]"
20,1460,meta-llama/Llama-3.1-8B-mini4L,2048,4,0,1105303891,1105303891,945580588,985617997,39895298,"[40119060, 40116702, 39450132]"
20,1532,meta-llama/Llama-3.1-8B-mini4L,2048,4,0,1144780978,1144780978,985617997,1025737057,39681307,"[40116702, 39450132, 39477087]"
20,1604,meta-llama/Llama-3.1-8B-mini4L,2048,4,0,1184689345,1184689345,1025737057,1065853759,39611862,"[39450132, 39477087, 39908367]"
20,1676,meta-llama/Llama-3.1-8B-mini4L,2048,4,0,1224786397,1224786397,1065853759,1105303891,39827502,"[39477087, 39908367, 40097052]"
20,1748,meta-llama/Llama-3.1-8B-mini4L,2048,4,0,1264585896,1264585896,1105303891,1144780978,39934972,"[39908367, 40097052, 39799499]"
20,1820,meta-llama/Llama-3.1-8B-mini4L,2048,4,0,1303913536,1303913536,1144780978,1184689345,39741397,"[40097052, 39799499, 39327640]"
20,1892,meta-llama/Llama-3.1-8B-mini4L,2048,4,0,1343641571,1343641571,1184689345,1224786397,39618391,"[39799499, 39327640, 39728035]"
20,1964,meta-llama/Llama-3.1-8B-mini4L,2048,4,0,1383636536,1383636536,1224786397,1264585896,39683546,"[39327640, 39728035, 39994965]"
20,2036,meta-llama/Llama-3.1-8B-mini4L,2048,4,0,1423444650,1423444650,1264585896,1303913536,39843704,"[39728035, 39994965, 39808114]"
20,2108,meta-llama/Llama-3.1-8B-mini4L,2048,4,0,1463199378,1463199378,1303913536,1343641571,39852602,"[39994965, 39808114, 39754728]"
20,2180,meta-llama/Llama-3.1-8B-mini4L,2048,4,0,1502830042,1502830042,1343641571,1383636536,39731168,"[39808114, 39754728, 39630664]"
20,2252,meta-llama/Llama-3.1-8B-mini4L,2048,4,0,1542556505,1542556505,1383636536,1423444650,39703951,"[39754728, 39630664, 39726463]"
20,2324,meta-llama/Llama-3.1-8B-mini4L,2048,4,0,1582426358,1582426358,1423444650,1463199378,39742326,"[39630664, 39726463, 39869853]"
20,2396,meta-llama/Llama-3.1-8B-mini4L,2048,4,0,1622188653,1622188653,1463199378,1502830042,39786203,"[39726463, 39869853, 39762295]"
20,2468,meta-llama/Llama-3.1-8B-mini4L,2048,4,0,1661818793,1661818793,1502830042,1542556505,39754096,"[39869853, 39762295, 39630140]"
20,2540,meta-llama/Llama-3.1-8B-mini4L,2048,4,0,1701528226,1701528226,1542556505,1582426358,39700622,"[39762295, 39630140, 39709433]"
20,2612,meta-llama/Llama-3.1-8B-mini4L,2048,4,0,1741272967,1741272967,1582426358,1622188653,39694771,"[39630140, 39709433, 39744741]"
20,2684,meta-llama/Llama-3.1-8B-mini4L,2048,4,0,1781016136,1781016136,1622188653,1661818793,39732447,"[39709433, 39744741, 39743169]"
20,2756,meta-llama/Llama-3.1-8B-mini4L,2048,4,0,1820759305,1820759305,1661818793,1701528226,39743693,"[39744741, 39743169, 39743169]"
20,2828,meta-llama/Llama-3.1-8B-mini4L,2048,4,0,1860450136,1860450136,1701528226,1741272967,39725723,"[39743169, 39743169, 39690831]"
20,2900,meta-llama/Llama-3.1-8B-mini4L,2048,4,0,1899424012,1899424012,1741272967,1781016136,39469292,"[39743169, 39690831, 38973876]"
20,2972,meta-llama/Llama-3.1-8B-mini4L,2048,4,0,1908646224,1908646224,1781016136,1820759305,29295639,"[39690831, 38973876, 9222212]"
20,3044,meta-llama/Llama-3.1-8B-mini4L,2048,4,0,1910871491,1910871491,1820759305,1860450136,16807118,"[38973876, 9222212, 2225267]"
20,3116,meta-llama/Llama-3.1-8B-mini4L,2048,4,0,1912960616,1912960616,1860450136,1899424012,4512201,"[9222212, 2225267, 2089125]"
20,3188,meta-llama/Llama-3.1-8B-mini4L,2048,4,0,1915047537,1915047537,1899424012,1908646224,2133771,"[2225267, 2089125, 2086921]"
20,3260,meta-llama/Llama-3.1-8B-mini4L,2056,4,3000000000,4814586365,1814586365,322129,1807939243,2215707,"[2215622, 2215706, 2215794]"
20,3332,meta-llama/Llama-3.1-8B-mini4L,2056,4,3000000000,4814586365,1814586365,322129,1807939243,2215707,"[2215622, 2215706, 2215794]"
20,3404,meta-llama/Llama-3.1-8B-mini4L,2056,4,3000000000,4814586365,1814586365,322129,1807939243,2215707,"[2215622, 2215706, 2215794]"
20,3476,meta-llama/Llama-3.1-8B-mini4L,2056,4,3000000000,4814586365,1814586365,322129,1807939243,2215707,"[2215622, 2215706, 2215794]"
20,3548,meta-llama/Llama-3.1-8B-mini4L,2056,4,3000000000,4814586365,1814586365,322129,1807939243,2215707,"[2215622, 2215706, 2215794]"
20,3620,meta-llama/Llama-3.1-8B-mini4L,2056,4,3000000000,4814586365,1814586365,322129,1807939243,2215707,"[2215622, 2215706, 2215794]"
20,3692,meta-llama/Llama-3.1-8B-mini4L,2056,4,3000000000,4814586365,1814586365,322129,1807939243,2215707,"[2215622, 2215706, 2215794]"
20,3764,meta-llama/Llama-3.1-8B-mini4L,2056,4,3000000000,4814586365,1814586365,322129,1807939243,2215707,"[2215622, 2215706, 2215794]"
20,3836,meta-llama/Llama-3.1-8B-mini4L,2056,4,3000000000,10999824125,7999824125,1814586365,7993177003,2215707,"[2215622, 2215706, 2215794]"
20,3908,meta-llama/Llama-3.1-8B-mini4L,2056,4,3000000000,10999824125,7999824125,1814586365,7993177003,2215707,"[2215622, 2215706, 2215794]"
20,3980,meta-llama/Llama-3.1-8B-mini4L,2056,4,3000000000,10999824125,7999824125,1814586365,7993177003,2215707,"[2215622, 2215706, 2215794]"
20,4052,meta-llama/Llama-3.1-8B-mini4L,2056,4,3000000000,10999824125,7999824125,1814586365,7993177003,2215707,"[2215622, 2215706, 2215794]"
20,4124,meta-llama/Llama-3.1-8B-mini4L,2056,4,3000000000,10999824125,7999824125,1814586365,7993177003,2215707,"[2215622, 2215706, 2215794]"
20,4196,meta-llama/Llama-3.1-8B-mini4L,2056,4,3000000000,10999824125,7999824125,1814586365,7993177003,2215707,"[2215622, 2215706, 2215794]"
20,4268,meta-llama/Llama-3.1-8B-mini4L,2056,4,3000000000,10999824125,7999824125,1814586365,7993177003,2215707,"[2215622, 2215706, 2215794]"
20,4340,meta-llama/Llama-3.1-8B-mini4L,2056,4,3000000000,10999824125,7999824125,1814586365,7993177003,2215707,"[2215622, 2215706, 2215794]"
20,4412,meta-llama/Llama-3.1-8B-mini4L,2056,4,3000000000,17185061885,14185061885,7999824125,14178414763,2215707,"[2215622, 2215706, 2215794]"
20,4484,meta-llama/Llama-3.1-8B-mini4L,2056,4,3000000000,17185061885,14185061885,7999824125,14178414763,2215707,"[2215622, 2215706, 2215794]"
20,4556,meta-llama/Llama-3.1-8B-mini4L,2056,4,3000000000,17185061885,14185061885,7999824125,14178414763,2215707,"[2215622, 2215706, 2215794]"
20,4628,meta-llama/Llama-3.1-8B-mini4L,2056,4,3000000000,17185061885,14185061885,7999824125,14178414763,2215707,"[2215622, 2215706, 2215794]"
20,4700,meta-llama/Llama-3.1-8B-mini4L,2056,4,3000000000,17185061885,14185061885,7999824125,14178414763,2215707,"[2215622, 2215706, 2215794]"
20,4772,meta-llama/Llama-3.1-8B-mini4L,2056,4,3000000000,17185061885,14185061885,7999824125,14178414763,2215707,"[2215622, 2215706, 2215794]"
20,4844,meta-llama/Llama-3.1-8B-mini4L,2056,4,3000000000,17185061885,14185061885,7999824125,14178414763,2215707,"[2215622, 2215706, 2215794]"
20,4916,meta-llama/Llama-3.1-8B-mini4L,2056,4,3000000000,17185061885,14185061885,7999824125,14178414763,2215707,"[2215622, 2215706, 2215794]"
20,4988,meta-llama/Llama-3.1-8B-mini4L,2056,4,3000000000,23370299645,20370299645,14185061885,20363652523,2215707,"[2215622, 2215706, 2215794]"
20,5060,meta-llama/Llama-3.1-8B-mini4L,2056,4,3000000000,23370299645,20370299645,14185061885,20363652523,2215707,"[2215622, 2215706, 2215794]"
20,5132,meta-llama/Llama-3.1-8B-mini4L,2056,4,3000000000,23370299645,20370299645,14185061885,20363652523,2215707,"[2215622, 2215706, 2215794]"
20,5204,meta-llama/Llama-3.1-8B-mini4L,2056,4,3000000000,23370299645,20370299645,14185061885,20363652523,2215707,"[2215622, 2215706, 2215794]"
20,5276,meta-llama/Llama-3.1-8B-mini4L,2056,4,3000000000,23370299645,20370299645,14185061885,20363652523,2215707,"[2215622, 2215706, 2215794]"
20,5348,meta-llama/Llama-3.1-8B-mini4L,2056,4,3000000000,23370299645,20370299645,14185061885,20363652523,2215707,"[2215622, 2215706, 2215794]"
20,5420,meta-llama/Llama-3.1-8B-mini4L,2056,4,3000000000,23370299645,20370299645,14185061885,20363652523,2215707,"[2215622, 2215706, 2215794]"
20,5492,meta-llama/Llama-3.1-8B-mini4L,2056,4,3000000000,23370299645,20370299645,14185061885,20363652523,2215707,"[2215622, 2215706, 2215794]"
20,5564,meta-llama/Llama-3.1-8B-mini4L,2056,4,3000000000,29555537405,26555537405,20370299645,26548890283,2215707,"[2215622, 2215706, 2215794]"
20,5636,meta-llama/Llama-3.1-8B-mini4L,2056,4,3000000000,29555537405,26555537405,20370299645,26548890283,2215707,"[2215622, 2215706, 2215794]"
20,5708,meta-llama/Llama-3.1-8B-mini4L,2056,4,3000000000,29555537405,26555537405,20370299645,26548890283,2215707,"[2215622, 2215706, 2215794]"
20,5780,meta-llama/Llama-3.1-8B-mini4L,2056,4,3000000000,29555537405,26555537405,20370299645,26548890283,2215707,"[2215622, 2215706, 2215794]"
20,5852,meta-llama/Llama-3.1-8B-mini4L,2056,4,3000000000,29555537405,26555537405,20370299645,26548890283,2215707,"[2215622, 2215706, 2215794]"
20,5924,meta-llama/Llama-3.1-8B-mini4L,2056,4,3000000000,29555537405,26555537405,20370299645,26548890283,2215707,"[2215622, 2215706, 2215794]"
20,5996,meta-llama/Llama-3.1-8B-mini4L,2056,4,3000000000,29555537405,26555537405,20370299645,26548890283,2215707,"[2215622, 2215706, 2215794]"
20,6068,meta-llama/Llama-3.1-8B-mini4L,2056,4,3000000000,29555537405,26555537405,20370299645,26548890283,2215707,"[2215622, 2215706, 2215794]"
20,6140,meta-llama/Llama-3.1-8B-mini4L,2056,4,3000000000,34858873029,31858873029,26555537405,31852529286,2114581,"[2114537, 2114581, 2114625]"
20,6212,meta-llama/Llama-3.1-8B-mini4L,2056,4,3000000000,34858873029,31858873029,26555537405,31852529286,2114581,"[2114537, 2114581, 2114625]"
20,6284,meta-llama/Llama-3.1-8B-mini4L,2056,4,3000000000,34858873029,31858873029,26555537405,31852529286,2114581,"[2114537, 2114581, 2114625]"
20,6356,meta-llama/Llama-3.1-8B-mini4L,2056,4,3000000000,34858873029,31858873029,26555537405,31852529286,2114581,"[2114537, 2114581, 2114625]"
21,21,meta-llama/Llama-3.1-8B-mini4L,2048,4,0,171256920,171256920,1,22598789,49552710,"[48887602, 49863356, 49907173]"
21,93,meta-llama/Llama-3.1-8B-mini4L,2048,4,0,271110640,271110640,71486391,121349747,49920297,"[49907173, 49906421, 49947299]"
21,165,meta-llama/Llama-3.1-8B-mini4L,2048,4,0,321056887,321056887,121349747,171256920,49933322,"[49906421, 49947299, 49946247]"
21,237,meta-llama/Llama-3.1-8B-mini4L,2048,4,0,371002078,371002078,171256920,221163341,49946245,"[49947299, 49946247, 49945191]"
21,309,meta-llama/Llama-3.1-8B-mini4L,2048,4,0,420946213,420946213,221163341,271110640,49945191,"[49946247, 49945191, 49944135]"
21,381,meta-llama/Llama-3.1-8B-mini4L,2048,4,0,470889292,470889292,271110640,321056887,49944135,"[49945191, 49944135, 49943079]"
21,453,meta-llama/Llama-3.1-8B-mini4L,2048,4,0,520886665,520886665,321056887,371002078,49961529,"[49944135, 49943079, 49997373]"
21,525,meta-llama/Llama-3.1-8B-mini4L,2048,4,0,569334351,569334351,371002078,420946213,49462712,"[49943079, 49997373, 48447686]"
21,597,meta-llama/Llama-3.1-8B-mini4L,2048,4,0,616315307,616315307,420946213,470889292,48475338,"[49997373, 48447686, 46980956]"
21,669,meta-llama/Llama-3.1-8B-mini4L,2048,4,0,661772217,661772217,470889292,520886665,46961850,"[48447686, 46980956, 45456910]"
21,741,meta-llama/Llama-3.1-8B-mini4L,2048,4,0,701556058,701556058,520886665,569334351,44073902,"[46980956, 45456910, 39783841]"
21,813,meta-llama/Llama-3.1-8B-mini4L,2048,4,0,743841754,743841754,569334351,616315307,42508815,"[45456910, 39783841, 42285696]"
21,885,meta-llama/Llama-3.1-8B-mini4L,2048,4,0,786281191,786281191,616315307,661772217,41502991,"[39783841, 42285696, 42439437]"
21,957,meta-llama/Llama-3.1-8B-mini4L,2048,4,0,827170667,827170667,661772217,701556058,41871536,"[42285696, 42439437, 40889476]"
21,1029,meta-llama/Llama-3.1-8B-mini4L,2048,4,0,867375308,867375308,701556058,743841754,41177851,"[42439437, 40889476, 40204641]"
21,1101,meta-llama/Llama-3.1-8B-mini4L,2048,4,0,907347834,907347834,743841754,786281191,40355547,"[40889476, 40204641, 39972526]"
21,1173,meta-llama/Llama-3.1-8B-mini4L,2048,4,0,946133261,946133261,786281191,827170667,39654198,"[40204641, 39972526, 38785427]"
21,1245,meta-llama/Llama-3.1-8B-mini4L,2048,4,0,986143453,986143453,827170667,867375308,39589381,"[39972526, 38785427, 40010192]"
21,1317,meta-llama/Llama-3.1-8B-mini4L,2048,4,0,1026289730,1026289730,867375308,907347834,39647298,"[38785427, 40010192, 40146277]"
21,1389,meta-llama/Llama-3.1-8B-mini4L,2048,4,0,1066406170,1066406170,907347834,946133261,40090969,"[40010192, 40146277, 40116440]"
21,1461,meta-llama/Llama-3.1-8B-mini4L,2048,4,0,1105910212,1105910212,946133261,986143453,39922253,"[40146277, 40116440, 39504042]"
21,1533,meta-llama/Llama-3.1-8B-mini4L,2048,4,0,1145306434,1145306434,986143453,1026289730,39672234,"[40116440, 39504042, 39396222]"
21,1605,meta-llama/Llama-3.1-8B-mini4L,2048,4,0,1185214801,1185214801,1026289730,1066406170,39602877,"[39504042, 39396222, 39908367]"
21,1677,meta-llama/Llama-3.1-8B-mini4L,2048,4,0,1225311853,1225311853,1066406170,1105910212,39800547,"[39396222, 39908367, 40097052]"
21,1749,meta-llama/Llama-3.1-8B-mini4L,2048,4,0,1265111352,1265111352,1105910212,1145306434,39934972,"[39908367, 40097052, 39799499]"
21,1821,meta-llama/Llama-3.1-8B-mini4L,2048,4,0,1304465685,1304465685,1145306434,1185214801,39750294,"[40097052, 39799499, 39354333]"
21,1893,meta-llama/Llama-3.1-8B-mini4L,2048,4,0,1344193720,1344193720,1185214801,1225311853,39627289,"[39799499, 39354333, 39728035]"
21,1965,meta-llama/Llama-3.1-8B-mini4L,2048,4,0,1384161992,1384161992,1225311853,1265111352,39683546,"[39354333, 39728035, 39968272]"
21,2037,meta-llama/Llama-3.1-8B-mini4L,2048,4,0,1423996799,1423996799,1265111352,1304465685,39843704,"[39728035, 39968272, 39834807]"
21,2109,meta-llama/Llama-3.1-8B-mini4L,2048,4,0,1463778220,1463778220,1304465685,1344193720,39861500,"[39968272, 39834807, 39781421]"
21,2181,meta-llama/Llama-3.1-8B-mini4L,2048,4,0,1503381929,1503381929,1344193720,1384161992,39739979,"[39834807, 39781421, 39603709]"
21,2253,meta-llama/Llama-3.1-8B-mini4L,2048,4,0,1543108654,1543108654,1384161992,1423996799,39703951,"[39781421, 39603709, 39726725]"
21,2325,meta-llama/Llama-3.1-8B-mini4L,2048,4,0,1582951814,1582951814,1423996799,1463778220,39724531,"[39603709, 39726725, 39843160]"
21,2397,meta-llama/Llama-3.1-8B-mini4L,2048,4,0,1622714109,1622714109,1463778220,1503381929,39777393,"[39726725, 39843160, 39762295]"
21,2469,meta-llama/Llama-3.1-8B-mini4L,2048,4,0,1662370680,1662370680,1503381929,1543108654,39754008,"[39843160, 39762295, 39656571]"
21,2541,meta-llama/Llama-3.1-8B-mini4L,2048,4,0,1702080113,1702080113,1543108654,1582951814,39709433,"[39762295, 39656571, 39709433]"
21,2613,meta-llama/Llama-3.1-8B-mini4L,2048,4,0,1741798423,1741798423,1582951814,1622714109,39694771,"[39656571, 39709433, 39718310]"
21,2685,meta-llama/Llama-3.1-8B-mini4L,2048,4,0,1781541592,1781541592,1622714109,1662370680,39723637,"[39709433, 39718310, 39743169]"
21,2757,meta-llama/Llama-3.1-8B-mini4L,2048,4,0,1821284761,1821284761,1662370680,1702080113,39734882,"[39718310, 39743169, 39743169]"
21,2829,meta-llama/Llama-3.1-8B-mini4L,2048,4,0,1861027930,1861027930,1702080113,1741798423,39743169,"[39743169, 39743169, 39743169]"
21,2901,meta-llama/Llama-3.1-8B-mini4L,2048,4,0,1899982028,1899982028,1741798423,1781541592,39480145,"[39743169, 39743169, 38954098]"
21,2973,meta-llama/Llama-3.1-8B-mini4L,2048,4,0,1908679434,1908679434,1781541592,1821284761,29131557,"[39743169, 38954098, 8697406]"
21,3045,meta-llama/Llama-3.1-8B-mini4L,2048,4,0,1910904821,1910904821,1821284761,1861027930,16625630,"[38954098, 8697406, 2225387]"
21,3117,meta-llama/Llama-3.1-8B-mini4L,2048,4,0,1912993946,1912993946,1861027930,1899982028,4337306,"[8697406, 2225387, 2089125]"
21,3189,meta-llama/Llama-3.1-8B-mini4L,2048,4,0,1915080867,1915080867,1899982028,1908679434,2133811,"[2225387, 2089125, 2086921]"
21,3261,meta-llama/Llama-3.1-8B-mini4L,2056,4,3000000000,4900492445,1900492445,322129,1893845323,2215707,"[2215622, 2215706, 2215794]"
21,3333,meta-llama/Llama-3.1-8B-mini4L,2056,4,3000000000,4900492445,1900492445,322129,1893845323,2215707,"[2215622, 2215706, 2215794]"
21,3405,meta-llama/Llama-3.1-8B-mini4L,2056,4,3000000000,4900492445,1900492445,322129,1893845323,2215707,"[2215622, 2215706, 2215794]"
21,3477,meta-llama/Llama-3.1-8B-mini4L,2056,4,3000000000,4900492445,1900492445,322129,1893845323,2215707,"[2215622, 2215706, 2215794]"
21,3549,meta-llama/Llama-3.1-8B-mini4L,2056,4,3000000000,4900492445,1900492445,322129,1893845323,2215707,"[2215622, 2215706, 2215794]"
21,3621,meta-llama/Llama-3.1-8B-mini4L,2056,4,3000000000,4900492445,1900492445,322129,1893845323,2215707,"[2215622, 2215706, 2215794]"
21,3693,meta-llama/Llama-3.1-8B-mini4L,2056,4,3000000000,4900492445,1900492445,322129,1893845323,2215707,"[2215622, 2215706, 2215794]"
21,3765,meta-llama/Llama-3.1-8B-mini4L,2056,4,3000000000,4900492445,1900492445,322129,1893845323,2215707,"[2215622, 2215706, 2215794]"
21,3837,meta-llama/Llama-3.1-8B-mini4L,2056,4,3000000000,11085730205,8085730205,1900492445,8079083083,2215707,"[2215622, 2215706, 2215794]"
21,3909,meta-llama/Llama-3.1-8B-mini4L,2056,4,3000000000,11085730205,8085730205,1900492445,8079083083,2215707,"[2215622, 2215706, 2215794]"
21,3981,meta-llama/Llama-3.1-8B-mini4L,2056,4,3000000000,11085730205,8085730205,1900492445,8079083083,2215707,"[2215622, 2215706, 2215794]"
21,4053,meta-llama/Llama-3.1-8B-mini4L,2056,4,3000000000,11085730205,8085730205,1900492445,8079083083,2215707,"[2215622, 2215706, 2215794]"
21,4125,meta-llama/Llama-3.1-8B-mini4L,2056,4,3000000000,11085730205,8085730205,1900492445,8079083083,2215707,"[2215622, 2215706, 2215794]"
21,4197,meta-llama/Llama-3.1-8B-mini4L,2056,4,3000000000,11085730205,8085730205,1900492445,8079083083,2215707,"[2215622, 2215706, 2215794]"
21,4269,meta-llama/Llama-3.1-8B-mini4L,2056,4,3000000000,11085730205,8085730205,1900492445,8079083083,2215707,"[2215622, 2215706, 2215794]"
21,4341,meta-llama/Llama-3.1-8B-mini4L,2056,4,3000000000,11085730205,8085730205,1900492445,8079083083,2215707,"[2215622, 2215706, 2215794]"
21,4413,meta-llama/Llama-3.1-8B-mini4L,2056,4,3000000000,17270967965,14270967965,8085730205,14264320843,2215707,"[2215622, 2215706, 2215794]"
21,4485,meta-llama/Llama-3.1-8B-mini4L,2056,4,3000000000,17270967965,14270967965,8085730205,14264320843,2215707,"[2215622, 2215706, 2215794]"
21,4557,meta-llama/Llama-3.1-8B-mini4L,2056,4,3000000000,17270967965,14270967965,8085730205,14264320843,2215707,"[2215622, 2215706, 2215794]"
21,4629,meta-llama/Llama-3.1-8B-mini4L,2056,4,3000000000,17270967965,14270967965,8085730205,14264320843,2215707,"[2215622, 2215706, 2215794]"
21,4701,meta-llama/Llama-3.1-8B-mini4L,2056,4,3000000000,17270967965,14270967965,8085730205,14264320843,2215707,"[2215622, 2215706, 2215794]"
21,4773,meta-llama/Llama-3.1-8B-mini4L,2056,4,3000000000,17270967965,14270967965,8085730205,14264320843,2215707,"[2215622, 2215706, 2215794]"
21,4845,meta-llama/Llama-3.1-8B-mini4L,2056,4,3000000000,17270967965,14270967965,8085730205,14264320843,2215707,"[2215622, 2215706, 2215794]"
21,4917,meta-llama/Llama-3.1-8B-mini4L,2056,4,3000000000,17270967965,14270967965,8085730205,14264320843,2215707,"[2215622, 2215706, 2215794]"
21,4989,meta-llama/Llama-3.1-8B-mini4L,2056,4,3000000000,23456205725,20456205725,14270967965,20449558603,2215707,"[2215622, 2215706, 2215794]"
21,5061,meta-llama/Llama-3.1-8B-mini4L,2056,4,3000000000,23456205725,20456205725,14270967965,20449558603,2215707,"[2215622, 2215706, 2215794]"
21,5133,meta-llama/Llama-3.1-8B-mini4L,2056,4,3000000000,23456205725,20456205725,14270967965,20449558603,2215707,"[2215622, 2215706, 2215794]"
21,5205,meta-llama/Llama-3.1-8B-mini4L,2056,4,3000000000,23456205725,20456205725,14270967965,20449558603,2215707,"[2215622, 2215706, 2215794]"
21,5277,meta-llama/Llama-3.1-8B-mini4L,2056,4,3000000000,23456205725,20456205725,14270967965,20449558603,2215707,"[2215622, 2215706, 2215794]"
21,5349,meta-llama/Llama-3.1-8B-mini4L,2056,4,3000000000,23456205725,20456205725,14270967965,20449558603,2215707,"[2215622, 2215706, 2215794]"
21,5421,meta-llama/Llama-3.1-8B-mini4L,2056,4,3000000000,23456205725,20456205725,14270967965,20449558603,2215707,"[2215622, 2215706, 2215794]"
21,5493,meta-llama/Llama-3.1-8B-mini4L,2056,4,3000000000,23456205725,20456205725,14270967965,20449558603,2215707,"[2215622, 2215706, 2215794]"
21,5565,meta-llama/Llama-3.1-8B-mini4L,2056,4,3000000000,29641443485,26641443485,20456205725,26634796363,2215707,"[2215622, 2215706, 2215794]"
21,5637,meta-llama/Llama-3.1-8B-mini4L,2056,4,3000000000,29641443485,26641443485,20456205725,26634796363,2215707,"[2215622, 2215706, 2215794]"
21,5709,meta-llama/Llama-3.1-8B-mini4L,2056,4,3000000000,29641443485,26641443485,20456205725,26634796363,2215707,"[2215622, 2215706, 2215794]"
21,5781,meta-llama/Llama-3.1-8B-mini4L,2056,4,3000000000,29641443485,26641443485,20456205725,26634796363,2215707,"[2215622, 2215706, 2215794]"
21,5853,meta-llama/Llama-3.1-8B-mini4L,2056,4,3000000000,29641443485,26641443485,20456205725,26634796363,2215707,"[2215622, 2215706, 2215794]"
21,5925,meta-llama/Llama-3.1-8B-mini4L,2056,4,3000000000,29641443485,26641443485,20456205725,26634796363,2215707,"[2215622, 2215706, 2215794]"
21,5997,meta-llama/Llama-3.1-8B-mini4L,2056,4,3000000000,29641443485,26641443485,20456205725,26634796363,2215707,"[2215622, 2215706, 2215794]"
21,6069,meta-llama/Llama-3.1-8B-mini4L,2056,4,3000000000,29641443485,26641443485,20456205725,26634796363,2215707,"[2215622, 2215706, 2215794]"
21,6141,meta-llama/Llama-3.1-8B-mini4L,2056,4,3000000000,34902836069,31902836069,26641443485,31896492326,2114581,"[2114537, 2114581, 2114625]"
21,6213,meta-llama/Llama-3.1-8B-mini4L,2056,4,3000000000,34902836069,31902836069,26641443485,31896492326,2114581,"[2114537, 2114581, 2114625]"
21,6285,meta-llama/Llama-3.1-8B-mini4L,2056,4,3000000000,34902836069,31902836069,26641443485,31896492326,2114581,"[2114537, 2114581, 2114625]"
21,6357,meta-llama/Llama-3.1-8B-mini4L,2056,4,3000000000,34902836069,31902836069,26641443485,31896492326,2114581,"[2114537, 2114581, 2114625]"
22,22,meta-llama/Llama-3.1-8B-mini4L,2048,4,0,171782376,171782376,1,23124245,49552710,"[48887602, 49863356, 49907173]"
22,94,meta-llama/Llama-3.1-8B-mini4L,2048,4,0,271636096,271636096,72011847,121875203,49920297,"[49907173, 49906421, 49947299]"
22,166,meta-llama/Llama-3.1-8B-mini4L,2048,4,0,321582343,321582343,121875203,171782376,49933322,"[49906421, 49947299, 49946247]"
22,238,meta-llama/Llama-3.1-8B-mini4L,2048,4,0,371527534,371527534,171782376,221688797,49946245,"[49947299, 49946247, 49945191]"
22,310,meta-llama/Llama-3.1-8B-mini4L,2048,4,0,421471669,421471669,221688797,271636096,49945191,"[49946247, 49945191, 49944135]"
22,382,meta-llama/Llama-3.1-8B-mini4L,2048,4,0,471414748,471414748,271636096,321582343,49944135,"[49945191, 49944135, 49943079]"
22,454,meta-llama/Llama-3.1-8B-mini4L,2048,4,0,521412121,521412121,321582343,371527534,49961529,"[49944135, 49943079, 49997373]"
22,526,meta-llama/Llama-3.1-8B-mini4L,2048,4,0,569887548,569887548,371527534,421471669,49471959,"[49943079, 49997373, 48475427]"
22,598,meta-llama/Llama-3.1-8B-mini4L,2048,4,0,616840763,616840763,421471669,471414748,48475338,"[49997373, 48475427, 46953215]"
22,670,meta-llama/Llama-3.1-8B-mini4L,2048,4,0,662297673,662297673,471414748,521412121,46961850,"[48475427, 46953215, 45456910]"
22,742,meta-llama/Llama-3.1-8B-mini4L,2048,4,0,702108993,702108993,521412121,569887548,44073815,"[46953215, 45456910, 39811320]"
22,814,meta-llama/Llama-3.1-8B-mini4L,2048,4,0,744394689,744394689,569887548,616840763,42517975,"[45456910, 39811320, 42285696]"
22,886,meta-llama/Llama-3.1-8B-mini4L,2048,4,0,786806647,786806647,616840763,662297673,41502991,"[39811320, 42285696, 42411958]"
22,958,meta-llama/Llama-3.1-8B-mini4L,2048,4,0,827696123,827696123,662297673,702108993,41862376,"[42285696, 42411958, 40889476]"
22,1030,meta-llama/Llama-3.1-8B-mini4L,2048,4,0,867900764,867900764,702108993,744394689,41168691,"[42411958, 40889476, 40204641]"
22,1102,meta-llama/Llama-3.1-8B-mini4L,2048,4,0,907900507,907900507,744394689,786806647,40364620,"[40889476, 40204641, 39999743]"
22,1174,meta-llama/Llama-3.1-8B-mini4L,2048,4,0,946685934,946685934,786806647,827696123,39663270,"[40204641, 39999743, 38785427]"
22,1246,meta-llama/Llama-3.1-8B-mini4L,2048,4,0,986696126,986696126,827696123,867900764,39598454,"[39999743, 38785427, 40010192]"
22,1318,meta-llama/Llama-3.1-8B-mini4L,2048,4,0,1026815186,1026815186,867900764,907900507,39638226,"[38785427, 40010192, 40119060]"
22,1390,meta-llama/Llama-3.1-8B-mini4L,2048,4,0,1066958581,1066958581,907900507,946685934,40090882,"[40010192, 40119060, 40143395]"
22,1462,meta-llama/Llama-3.1-8B-mini4L,2048,4,0,1106435668,1106435668,946685934,986696126,39913180,"[40119060, 40143395, 39477087]"
22,1534,meta-llama/Llama-3.1-8B-mini4L,2048,4,0,1145831890,1145831890,986696126,1026815186,39672234,"[40143395, 39477087, 39396222]"
22,1606,meta-llama/Llama-3.1-8B-mini4L,2048,4,0,1185794167,1185794167,1026815186,1066958581,39611862,"[39477087, 39396222, 39962277]"
22,1678,meta-llama/Llama-3.1-8B-mini4L,2048,4,0,1225837309,1225837309,1066958581,1106435668,39800547,"[39396222, 39962277, 40043142]"
22,1750,meta-llama/Llama-3.1-8B-mini4L,2048,4,0,1265663501,1265663501,1106435668,1145831890,39943870,"[39962277, 40043142, 39826192]"
22,1822,meta-llama/Llama-3.1-8B-mini4L,2048,4,0,1305044527,1305044527,1145831890,1185794167,39750120,"[40043142, 39826192, 39381026]"
22,1894,meta-llama/Llama-3.1-8B-mini4L,2048,4,0,1344745869,1344745869,1185794167,1225837309,39636186,"[39826192, 39381026, 39701342]"
22,1966,meta-llama/Llama-3.1-8B-mini4L,2048,4,0,1384687448,1384687448,1225837309,1265663501,39674649,"[39381026, 39701342, 39941579]"
22,2038,meta-llama/Llama-3.1-8B-mini4L,2048,4,0,1424548948,1424548948,1265663501,1305044527,39834807,"[39701342, 39941579, 39861500]"
22,2110,meta-llama/Llama-3.1-8B-mini4L,2048,4,0,1464330107,1464330107,1305044527,1344745869,39861412,"[39941579, 39861500, 39781159]"
22,2182,meta-llama/Llama-3.1-8B-mini4L,2048,4,0,1503907385,1503907385,1344745869,1384687448,39739979,"[39861500, 39781159, 39577278]"
22,2254,meta-llama/Llama-3.1-8B-mini4L,2048,4,0,1543660803,1543660803,1384687448,1424548948,39703951,"[39781159, 39577278, 39753418]"
22,2326,meta-llama/Llama-3.1-8B-mini4L,2048,4,0,1583503701,1583503701,1424548948,1464330107,39724531,"[39577278, 39753418, 39842898]"
22,2398,meta-llama/Llama-3.1-8B-mini4L,2048,4,0,1623265996,1623265996,1464330107,1503907385,39786203,"[39753418, 39842898, 39762295]"
22,2470,meta-llama/Llama-3.1-8B-mini4L,2048,4,0,1662922567,1662922567,1503907385,1543660803,39753921,"[39842898, 39762295, 39656571]"
22,2542,meta-llama/Llama-3.1-8B-mini4L,2048,4,0,1702632000,1702632000,1543660803,1583503701,39709433,"[39762295, 39656571, 39709433]"
22,2614,meta-llama/Llama-3.1-8B-mini4L,2048,4,0,1742350048,1742350048,1583503701,1623265996,39694684,"[39656571, 39709433, 39718048]"
22,2686,meta-llama/Llama-3.1-8B-mini4L,2048,4,0,1782093217,1782093217,1623265996,1662922567,39723550,"[39709433, 39718048, 39743169]"
22,2758,meta-llama/Llama-3.1-8B-mini4L,2048,4,0,1821836386,1821836386,1662922567,1702632000,39734795,"[39718048, 39743169, 39743169]"
22,2830,meta-llama/Llama-3.1-8B-mini4L,2048,4,0,1861579555,1861579555,1702632000,1742350048,39743169,"[39743169, 39743169, 39743169]"
22,2902,meta-llama/Llama-3.1-8B-mini4L,2048,4,0,1900540164,1900540164,1742350048,1782093217,39482315,"[39743169, 39743169, 38960609]"
22,2974,meta-llama/Llama-3.1-8B-mini4L,2048,4,0,1908717160,1908717160,1782093217,1821836386,28960258,"[39743169, 38960609, 8176996]"
22,3046,meta-llama/Llama-3.1-8B-mini4L,2048,4,0,1910938631,1910938631,1821836386,1861579555,16453025,"[38960609, 8176996, 2221471]"
22,3118,meta-llama/Llama-3.1-8B-mini4L,2048,4,0,1913028645,1913028645,1861579555,1900540164,4162827,"[8176996, 2221471, 2090014]"
22,3190,meta-llama/Llama-3.1-8B-mini4L,2048,4,0,1915116199,1915116199,1900540164,1908717160,2133013,"[2221471, 2090014, 2087554]"
22,3262,meta-llama/Llama-3.1-8B-mini4L,2056,4,3000000000,4986398525,1986398525,322129,1979751403,2215707,"[2215622, 2215706, 2215794]"
22,3334,meta-llama/Llama-3.1-8B-mini4L,2056,4,3000000000,4986398525,1986398525,322129,1979751403,2215707,"[2215622, 2215706, 2215794]"
22,3406,meta-llama/Llama-3.1-8B-mini4L,2056,4,3000000000,4986398525,1986398525,322129,1979751403,2215707,"[2215622, 2215706, 2215794]"
22,3478,meta-llama/Llama-3.1-8B-mini4L,2056,4,3000000000,4986398525,1986398525,322129,1979751403,2215707,"[2215622, 2215706, 2215794]"
22,3550,meta-llama/Llama-3.1-8B-mini4L,2056,4,3000000000,4986398525,1986398525,322129,1979751403,2215707,"[2215622, 2215706, 2215794]"
22,3622,meta-llama/Llama-3.1-8B-mini4L,2056,4,3000000000,4986398525,1986398525,322129,1979751403,2215707,"[2215622, 2215706, 2215794]"
22,3694,meta-llama/Llama-3.1-8B-mini4L,2056,4,3000000000,4986398525,1986398525,322129,1979751403,2215707,"[2215622, 2215706, 2215794]"
22,3766,meta-llama/Llama-3.1-8B-mini4L,2056,4,3000000000,4986398525,1986398525,322129,1979751403,2215707,"[2215622, 2215706, 2215794]"
22,3838,meta-llama/Llama-3.1-8B-mini4L,2056,4,3000000000,11171636285,8171636285,1986398525,8164989163,2215707,"[2215622, 2215706, 2215794]"
22,3910,meta-llama/Llama-3.1-8B-mini4L,2056,4,3000000000,11171636285,8171636285,1986398525,8164989163,2215707,"[2215622, 2215706, 2215794]"
22,3982,meta-llama/Llama-3.1-8B-mini4L,2056,4,3000000000,11171636285,8171636285,1986398525,8164989163,2215707,"[2215622, 2215706, 2215794]"
22,4054,meta-llama/Llama-3.1-8B-mini4L,2056,4,3000000000,11171636285,8171636285,1986398525,8164989163,2215707,"[2215622, 2215706, 2215794]"
22,4126,meta-llama/Llama-3.1-8B-mini4L,2056,4,3000000000,11171636285,8171636285,1986398525,8164989163,2215707,"[2215622, 2215706, 2215794]"
22,4198,meta-llama/Llama-3.1-8B-mini4L,2056,4,3000000000,11171636285,8171636285,1986398525,8164989163,2215707,"[2215622, 2215706, 2215794]"
22,4270,meta-llama/Llama-3.1-8B-mini4L,2056,4,3000000000,11171636285,8171636285,1986398525,8164989163,2215707,"[2215622, 2215706, 2215794]"
22,4342,meta-llama/Llama-3.1-8B-mini4L,2056,4,3000000000,11171636285,8171636285,1986398525,8164989163,2215707,"[2215622, 2215706, 2215794]"
22,4414,meta-llama/Llama-3.1-8B-mini4L,2056,4,3000000000,17356874045,14356874045,8171636285,14350226923,2215707,"[2215622, 2215706, 2215794]"
22,4486,meta-llama/Llama-3.1-8B-mini4L,2056,4,3000000000,17356874045,14356874045,8171636285,14350226923,2215707,"[2215622, 2215706, 2215794]"
22,4558,meta-llama/Llama-3.1-8B-mini4L,2056,4,3000000000,17356874045,14356874045,8171636285,14350226923,2215707,"[2215622, 2215706, 2215794]"
22,4630,meta-llama/Llama-3.1-8B-mini4L,2056,4,3000000000,17356874045,14356874045,8171636285,14350226923,2215707,"[2215622, 2215706, 2215794]"
22,4702,meta-llama/Llama-3.1-8B-mini4L,2056,4,3000000000,17356874045,14356874045,8171636285,14350226923,2215707,"[2215622, 2215706, 2215794]"
22,4774,meta-llama/Llama-3.1-8B-mini4L,2056,4,3000000000,17356874045,14356874045,8171636285,14350226923,2215707,"[2215622, 2215706, 2215794]"
22,4846,meta-llama/Llama-3.1-8B-mini4L,2056,4,3000000000,17356874045,14356874045,8171636285,14350226923,2215707,"[2215622, 2215706, 2215794]"
22,4918,meta-llama/Llama-3.1-8B-mini4L,2056,4,3000000000,17356874045,14356874045,8171636285,14350226923,2215707,"[2215622, 2215706, 2215794]"
22,4990,meta-llama/Llama-3.1-8B-mini4L,2056,4,3000000000,23542111805,20542111805,14356874045,20535464683,2215707,"[2215622, 2215706, 2215794]"
22,5062,meta-llama/Llama-3.1-8B-mini4L,2056,4,3000000000,23542111805,20542111805,14356874045,20535464683,2215707,"[2215622, 2215706, 2215794]"
22,5134,meta-llama/Llama-3.1-8B-mini4L,2056,4,3000000000,23542111805,20542111805,14356874045,20535464683,2215707,"[2215622, 2215706, 2215794]"
22,5206,meta-llama/Llama-3.1-8B-mini4L,2056,4,3000000000,23542111805,20542111805,14356874045,20535464683,2215707,"[2215622, 2215706, 2215794]"
22,5278,meta-llama/Llama-3.1-8B-mini4L,2056,4,3000000000,23542111805,20542111805,14356874045,20535464683,2215707,"[2215622, 2215706, 2215794]"
22,5350,meta-llama/Llama-3.1-8B-mini4L,2056,4,3000000000,23542111805,20542111805,14356874045,20535464683,2215707,"[2215622, 2215706, 2215794]"
22,5422,meta-llama/Llama-3.1-8B-mini4L,2056,4,3000000000,23542111805,20542111805,14356874045,20535464683,2215707,"[2215622, 2215706, 2215794]"
22,5494,meta-llama/Llama-3.1-8B-mini4L,2056,4,3000000000,23542111805,20542111805,14356874045,20535464683,2215707,"[2215622, 2215706, 2215794]"
22,5566,meta-llama/Llama-3.1-8B-mini4L,2056,4,3000000000,29727349565,26727349565,20542111805,26720702443,2215707,"[2215622, 2215706, 2215794]"
22,5638,meta-llama/Llama-3.1-8B-mini4L,2056,4,3000000000,29727349565,26727349565,20542111805,26720702443,2215707,"[2215622, 2215706, 2215794]"
22,5710,meta-llama/Llama-3.1-8B-mini4L,2056,4,3000000000,29727349565,26727349565,20542111805,26720702443,2215707,"[2215622, 2215706, 2215794]"
22,5782,meta-llama/Llama-3.1-8B-mini4L,2056,4,3000000000,29727349565,26727349565,20542111805,26720702443,2215707,"[2215622, 2215706, 2215794]"
22,5854,meta-llama/Llama-3.1-8B-mini4L,2056,4,3000000000,29727349565,26727349565,20542111805,26720702443,2215707,"[2215622, 2215706, 2215794]"
22,5926,meta-llama/Llama-3.1-8B-mini4L,2056,4,3000000000,29727349565,26727349565,20542111805,26720702443,2215707,"[2215622, 2215706, 2215794]"
22,5998,meta-llama/Llama-3.1-8B-mini4L,2056,4,3000000000,29727349565,26727349565,20542111805,26720702443,2215707,"[2215622, 2215706, 2215794]"
22,6070,meta-llama/Llama-3.1-8B-mini4L,2056,4,3000000000,29727349565,26727349565,20542111805,26720702443,2215707,"[2215622, 2215706, 2215794]"
22,6142,meta-llama/Llama-3.1-8B-mini4L,2056,4,3000000000,34946799109,31946799109,26727349565,31940455366,2114581,"[2114537, 2114581, 2114625]"
22,6214,meta-llama/Llama-3.1-8B-mini4L,2056,4,3000000000,34946799109,31946799109,26727349565,31940455366,2114581,"[2114537, 2114581, 2114625]"
22,6286,meta-llama/Llama-3.1-8B-mini4L,2056,4,3000000000,34946799109,31946799109,26727349565,31940455366,2114581,"[2114537, 2114581, 2114625]"
22,6358,meta-llama/Llama-3.1-8B-mini4L,2056,4,3000000000,34946799109,31946799109,26727349565,31940455366,2114581,"[2114537, 2114581, 2114625]"
23,23,meta-llama/Llama-3.1-8B-mini4L,2048,4,0,172307832,172307832,1,23649701,49552710,"[48887602, 49863356, 49907173]"
23,95,meta-llama/Llama-3.1-8B-mini4L,2048,4,0,272161552,272161552,72537303,122400659,49920297,"[49907173, 49906421, 49947299]"
23,167,meta-llama/Llama-3.1-8B-mini4L,2048,4,0,322107799,322107799,122400659,172307832,49933322,"[49906421, 49947299, 49946247]"
23,239,meta-llama/Llama-3.1-8B-mini4L,2048,4,0,372052990,372052990,172307832,222214253,49946245,"[49947299, 49946247, 49945191]"
23,311,meta-llama/Llama-3.1-8B-mini4L,2048,4,0,421997125,421997125,222214253,272161552,49945191,"[49946247, 49945191, 49944135]"
23,383,meta-llama/Llama-3.1-8B-mini4L,2048,4,0,471940204,471940204,272161552,322107799,49944135,"[49945191, 49944135, 49943079]"
23,455,meta-llama/Llama-3.1-8B-mini4L,2048,4,0,521937577,521937577,322107799,372052990,49961529,"[49944135, 49943079, 49997373]"
23,527,meta-llama/Llama-3.1-8B-mini4L,2048,4,0,570413004,570413004,372052990,421997125,49471959,"[49943079, 49997373, 48475427]"
23,599,meta-llama/Llama-3.1-8B-mini4L,2048,4,0,617366219,617366219,421997125,471940204,48475338,"[49997373, 48475427, 46953215]"
23,671,meta-llama/Llama-3.1-8B-mini4L,2048,4,0,662823129,662823129,471940204,521937577,46961850,"[48475427, 46953215, 45456910]"
23,743,meta-llama/Llama-3.1-8B-mini4L,2048,4,0,702771844,702771844,521937577,570413004,44119613,"[46953215, 45456910, 39948715]"
23,815,meta-llama/Llama-3.1-8B-mini4L,2048,4,0,744920145,744920145,570413004,617366219,42517975,"[45456910, 39948715, 42148301]"
23,887,meta-llama/Llama-3.1-8B-mini4L,2048,4,0,787332103,787332103,617366219,662823129,41502991,"[39948715, 42148301, 42411958]"
23,959,meta-llama/Llama-3.1-8B-mini4L,2048,4,0,828221579,828221579,662823129,702771844,41816578,"[42148301, 42411958, 40889476]"
23,1031,meta-llama/Llama-3.1-8B-mini4L,2048,4,0,868426220,868426220,702771844,744920145,41168691,"[42411958, 40889476, 40204641]"
23,1103,meta-llama/Llama-3.1-8B-mini4L,2048,4,0,908453180,908453180,744920145,787332103,40373692,"[40889476, 40204641, 40026960]"
23,1175,meta-llama/Llama-3.1-8B-mini4L,2048,4,0,947320258,947320258,787332103,828221579,39699559,"[40204641, 40026960, 38867078]"
23,1247,meta-llama/Llama-3.1-8B-mini4L,2048,4,0,987221582,987221582,828221579,868426220,39598454,"[40026960, 38867078, 39901324]"
23,1319,meta-llama/Llama-3.1-8B-mini4L,2048,4,0,1027340642,1027340642,868426220,908453180,39629154,"[38867078, 39901324, 40119060]"
23,1391,meta-llama/Llama-3.1-8B-mini4L,2048,4,0,1067484037,1067484037,908453180,947320258,40054593,"[39901324, 40119060, 40143395]"
23,1463,meta-llama/Llama-3.1-8B-mini4L,2048,4,0,1106988079,1106988079,947320258,987221582,39922165,"[40119060, 40143395, 39504042]"
23,1535,meta-llama/Llama-3.1-8B-mini4L,2048,4,0,1146357346,1146357346,987221582,1027340642,39672234,"[40143395, 39504042, 39369267]"
23,1607,meta-llama/Llama-3.1-8B-mini4L,2048,4,0,1186346578,1186346578,1027340642,1067484037,39620847,"[39504042, 39369267, 39989232]"
23,1679,meta-llama/Llama-3.1-8B-mini4L,2048,4,0,1226362765,1226362765,1067484037,1106988079,39791562,"[39369267, 39989232, 40016187]"
23,1751,meta-llama/Llama-3.1-8B-mini4L,2048,4,0,1266188957,1266188957,1106988079,1146357346,39943870,"[39989232, 40016187, 39826192]"
23,1823,meta-llama/Llama-3.1-8B-mini4L,2048,4,0,1305596676,1305596676,1146357346,1186346578,39750032,"[40016187, 39826192, 39407719]"
23,1895,meta-llama/Llama-3.1-8B-mini4L,2048,4,0,1345324711,1345324711,1186346578,1226362765,39653982,"[39826192, 39407719, 39728035]"
23,1967,meta-llama/Llama-3.1-8B-mini4L,2048,4,0,1385239597,1385239597,1226362765,1266188957,39683546,"[39407719, 39728035, 39914886]"
23,2039,meta-llama/Llama-3.1-8B-mini4L,2048,4,0,1425127790,1425127790,1266188957,1305596676,39843704,"[39728035, 39914886, 39888193]"
23,2111,meta-llama/Llama-3.1-8B-mini4L,2048,4,0,1464908425,1464908425,1305596676,1345324711,39861238,"[39914886, 39888193, 39780635]"
23,2183,meta-llama/Llama-3.1-8B-mini4L,2048,4,0,1504459272,1504459272,1345324711,1385239597,39739891,"[39888193, 39780635, 39550847]"
23,2255,meta-llama/Llama-3.1-8B-mini4L,2048,4,0,1544186259,1544186259,1385239597,1425127790,39686156,"[39780635, 39550847, 39726987]"
23,2327,meta-llama/Llama-3.1-8B-mini4L,2048,4,0,1584055588,1584055588,1425127790,1464908425,39715721,"[39550847, 39726987, 39869329]"
23,2399,meta-llama/Llama-3.1-8B-mini4L,2048,4,0,1623817883,1623817883,1464908425,1504459272,39786203,"[39726987, 39869329, 39762295]"
23,2471,meta-llama/Llama-3.1-8B-mini4L,2048,4,0,1663474454,1663474454,1504459272,1544186259,39762731,"[39869329, 39762295, 39656571]"
23,2543,meta-llama/Llama-3.1-8B-mini4L,2048,4,0,1703183887,1703183887,1544186259,1584055588,39709433,"[39762295, 39656571, 39709433]"
23,2615,meta-llama/Llama-3.1-8B-mini4L,2048,4,0,1742901673,1742901673,1584055588,1623817883,39694596,"[39656571, 39709433, 39717786]"
23,2687,meta-llama/Llama-3.1-8B-mini4L,2048,4,0,1782644842,1782644842,1623817883,1663474454,39723462,"[39709433, 39717786, 39743169]"
23,2759,meta-llama/Llama-3.1-8B-mini4L,2048,4,0,1822388011,1822388011,1663474454,1703183887,39734708,"[39717786, 39743169, 39743169]"
23,2831,meta-llama/Llama-3.1-8B-mini4L,2048,4,0,1862105011,1862105011,1703183887,1742901673,39734446,"[39743169, 39743169, 39717000]"
23,2903,meta-llama/Llama-3.1-8B-mini4L,2048,4,0,1901098180,1901098180,1742901673,1782644842,39484446,"[39743169, 39717000, 38993169]"
23,2975,meta-llama/Llama-3.1-8B-mini4L,2048,4,0,1908752170,1908752170,1782644842,1822388011,28788053,"[39717000, 38993169, 7653990]"
23,3047,meta-llama/Llama-3.1-8B-mini4L,2048,4,0,1910939520,1910939520,1822388011,1862105011,16278169,"[38993169, 7653990, 2187350]"
23,3119,meta-llama/Llama-3.1-8B-mini4L,2048,4,0,1913029278,1913029278,1862105011,1901098180,3977032,"[7653990, 2187350, 2089758]"
23,3191,meta-llama/Llama-3.1-8B-mini4L,2048,4,0,1915116575,1915116575,1901098180,1908752170,2121468,"[2187350, 2089758, 2087297]"
23,3263,meta-llama/Llama-3.1-8B-mini4L,2056,4,3000000000,5072304605,2072304605,322129,2065657483,2215707,"[2215622, 2215706, 2215794]"
23,3335,meta-llama/Llama-3.1-8B-mini4L,2056,4,3000000000,5072304605,2072304605,322129,2065657483,2215707,"[2215622, 2215706, 2215794]"
23,3407,meta-llama/Llama-3.1-8B-mini4L,2056,4,3000000000,5072304605,2072304605,322129,2065657483,2215707,"[2215622, 2215706, 2215794]"
23,3479,meta-llama/Llama-3.1-8B-mini4L,2056,4,3000000000,5072304605,2072304605,322129,2065657483,2215707,"[2215622, 2215706, 2215794]"
23,3551,meta-llama/Llama-3.1-8B-mini4L,2056,4,3000000000,5072304605,2072304605,322129,2065657483,2215707,"[2215622, 2215706, 2215794]"
23,3623,meta-llama/Llama-3.1-8B-mini4L,2056,4,3000000000,5072304605,2072304605,322129,2065657483,2215707,"[2215622, 2215706, 2215794]"
23,3695,meta-llama/Llama-3.1-8B-mini4L,2056,4,3000000000,5072304605,2072304605,322129,2065657483,2215707,"[2215622, 2215706, 2215794]"
23,3767,meta-llama/Llama-3.1-8B-mini4L,2056,4,3000000000,5072304605,2072304605,322129,2065657483,2215707,"[2215622, 2215706, 2215794]"
23,3839,meta-llama/Llama-3.1-8B-mini4L,2056,4,3000000000,11257542365,8257542365,2072304605,8250895243,2215707,"[2215622, 2215706, 2215794]"
23,3911,meta-llama/Llama-3.1-8B-mini4L,2056,4,3000000000,11257542365,8257542365,2072304605,8250895243,2215707,"[2215622, 2215706, 2215794]"
23,3983,meta-llama/Llama-3.1-8B-mini4L,2056,4,3000000000,11257542365,8257542365,2072304605,8250895243,2215707,"[2215622, 2215706, 2215794]"
23,4055,meta-llama/Llama-3.1-8B-mini4L,2056,4,3000000000,11257542365,8257542365,2072304605,8250895243,2215707,"[2215622, 2215706, 2215794]"
23,4127,meta-llama/Llama-3.1-8B-mini4L,2056,4,3000000000,11257542365,8257542365,2072304605,8250895243,2215707,"[2215622, 2215706, 2215794]"
23,4199,meta-llama/Llama-3.1-8B-mini4L,2056,4,3000000000,11257542365,8257542365,2072304605,8250895243,2215707,"[2215622, 2215706, 2215794]"
23,4271,meta-llama/Llama-3.1-8B-mini4L,2056,4,3000000000,11257542365,8257542365,2072304605,8250895243,2215707,"[2215622, 2215706, 2215794]"
23,4343,meta-llama/Llama-3.1-8B-mini4L,2056,4,3000000000,11257542365,8257542365,2072304605,8250895243,2215707,"[2215622, 2215706, 2215794]"
23,4415,meta-llama/Llama-3.1-8B-mini4L,2056,4,3000000000,17442780125,14442780125,8257542365,14436133003,2215707,"[2215622, 2215706, 2215794]"
23,4487,meta-llama/Llama-3.1-8B-mini4L,2056,4,3000000000,17442780125,14442780125,8257542365,14436133003,2215707,"[2215622, 2215706, 2215794]"
23,4559,meta-llama/Llama-3.1-8B-mini4L,2056,4,3000000000,17442780125,14442780125,8257542365,14436133003,2215707,"[2215622, 2215706, 2215794]"
23,4631,meta-llama/Llama-3.1-8B-mini4L,2056,4,3000000000,17442780125,14442780125,8257542365,14436133003,2215707,"[2215622, 2215706, 2215794]"
23,4703,meta-llama/Llama-3.1-8B-mini4L,2056,4,3000000000,17442780125,14442780125,8257542365,14436133003,2215707,"[2215622, 2215706, 2215794]"
23,4775,meta-llama/Llama-3.1-8B-mini4L,2056,4,3000000000,17442780125,14442780125,8257542365,14436133003,2215707,"[2215622, 2215706, 2215794]"
23,4847,meta-llama/Llama-3.1-8B-mini4L,2056,4,3000000000,17442780125,14442780125,8257542365,14436133003,2215707,"[2215622, 2215706, 2215794]"
23,4919,meta-llama/Llama-3.1-8B-mini4L,2056,4,3000000000,17442780125,14442780125,8257542365,14436133003,2215707,"[2215622, 2215706, 2215794]"
23,4991,meta-llama/Llama-3.1-8B-mini4L,2056,4,3000000000,23628017885,20628017885,14442780125,20621370763,2215707,"[2215622, 2215706, 2215794]"
23,5063,meta-llama/Llama-3.1-8B-mini4L,2056,4,3000000000,23628017885,20628017885,14442780125,20621370763,2215707,"[2215622, 2215706, 2215794]"
23,5135,meta-llama/Llama-3.1-8B-mini4L,2056,4,3000000000,23628017885,20628017885,14442780125,20621370763,2215707,"[2215622, 2215706, 2215794]"
23,5207,meta-llama/Llama-3.1-8B-mini4L,2056,4,3000000000,23628017885,20628017885,14442780125,20621370763,2215707,"[2215622, 2215706, 2215794]"
23,5279,meta-llama/Llama-3.1-8B-mini4L,2056,4,3000000000,23628017885,20628017885,14442780125,20621370763,2215707,"[2215622, 2215706, 2215794]"
23,5351,meta-llama/Llama-3.1-8B-mini4L,2056,4,3000000000,23628017885,20628017885,14442780125,20621370763,2215707,"[2215622, 2215706, 2215794]"
23,5423,meta-llama/Llama-3.1-8B-mini4L,2056,4,3000000000,23628017885,20628017885,14442780125,20621370763,2215707,"[2215622, 2215706, 2215794]"
23,5495,meta-llama/Llama-3.1-8B-mini4L,2056,4,3000000000,23628017885,20628017885,14442780125,20621370763,2215707,"[2215622, 2215706, 2215794]"
23,5567,meta-llama/Llama-3.1-8B-mini4L,2056,4,3000000000,29813255645,26813255645,20628017885,26806608523,2215707,"[2215622, 2215706, 2215794]"
23,5639,meta-llama/Llama-3.1-8B-mini4L,2056,4,3000000000,29813255645,26813255645,20628017885,26806608523,2215707,"[2215622, 2215706, 2215794]"
23,5711,meta-llama/Llama-3.1-8B-mini4L,2056,4,3000000000,29813255645,26813255645,20628017885,26806608523,2215707,"[2215622, 2215706, 2215794]"
23,5783,meta-llama/Llama-3.1-8B-mini4L,2056,4,3000000000,29813255645,26813255645,20628017885,26806608523,2215707,"[2215622, 2215706, 2215794]"
23,5855,meta-llama/Llama-3.1-8B-mini4L,2056,4,3000000000,29813255645,26813255645,20628017885,26806608523,2215707,"[2215622, 2215706, 2215794]"
23,5927,meta-llama/Llama-3.1-8B-mini4L,2056,4,3000000000,29813255645,26813255645,20628017885,26806608523,2215707,"[2215622, 2215706, 2215794]"
23,5999,meta-llama/Llama-3.1-8B-mini4L,2056,4,3000000000,29813255645,26813255645,20628017885,26806608523,2215707,"[2215622, 2215706, 2215794]"
23,6071,meta-llama/Llama-3.1-8B-mini4L,2056,4,3000000000,29813255645,26813255645,20628017885,26806608523,2215707,"[2215622, 2215706, 2215794]"
23,6143,meta-llama/Llama-3.1-8B-mini4L,2056,4,3000000000,34990762149,31990762149,26813255645,31984418406,2114581,"[2114537, 2114581, 2114625]"
23,6215,meta-llama/Llama-3.1-8B-mini4L,2056,4,3000000000,34990762149,31990762149,26813255645,31984418406,2114581,"[2114537, 2114581, 2114625]"
23,6287,meta-llama/Llama-3.1-8B-mini4L,2056,4,3000000000,34990762149,31990762149,26813255645,31984418406,2114581,"[2114537, 2114581, 2114625]"
23,6359,meta-llama/Llama-3.1-8B-mini4L,2056,4,3000000000,34990762149,31990762149,26813255645,31984418406,2114581,"[2114537, 2114581, 2114625]"
24,24,meta-llama/Llama-3.1-8B-mini4L,2048,4,0,172833288,172833288,1,24175157,49552710,"[48887602, 49863356, 49907173]"
24,96,meta-llama/Llama-3.1-8B-mini4L,2048,4,0,272687008,272687008,73062759,122926115,49920297,"[49907173, 49906421, 49947299]"
24,168,meta-llama/Llama-3.1-8B-mini4L,2048,4,0,322633255,322633255,122926115,172833288,49933322,"[49906421, 49947299, 49946247]"
24,240,meta-llama/Llama-3.1-8B-mini4L,2048,4,0,372578446,372578446,172833288,222739709,49946245,"[49947299, 49946247, 49945191]"
24,312,meta-llama/Llama-3.1-8B-mini4L,2048,4,0,422522581,422522581,222739709,272687008,49945191,"[49946247, 49945191, 49944135]"
24,384,meta-llama/Llama-3.1-8B-mini4L,2048,4,0,472465660,472465660,272687008,322633255,49944135,"[49945191, 49944135, 49943079]"
24,456,meta-llama/Llama-3.1-8B-mini4L,2048,4,0,522463033,522463033,322633255,372578446,49961529,"[49944135, 49943079, 49997373]"
24,528,meta-llama/Llama-3.1-8B-mini4L,2048,4,0,570938460,570938460,372578446,422522581,49471959,"[49943079, 49997373, 48475427]"
24,600,meta-llama/Llama-3.1-8B-mini4L,2048,4,0,617891675,617891675,422522581,472465660,48475338,"[49997373, 48475427, 46953215]"
24,672,meta-llama/Llama-3.1-8B-mini4L,2048,4,0,663348585,663348585,472465660,522463033,46961850,"[48475427, 46953215, 45456910]"
24,744,meta-llama/Llama-3.1-8B-mini4L,2048,4,0,706675128,706675128,522463033,570938460,45245556,"[46953215, 45456910, 43326543]"
24,816,meta-llama/Llama-3.1-8B-mini4L,2048,4,0,745665433,745665433,570938460,617891675,42591252,"[45456910, 43326543, 38990305]"
24,888,meta-llama/Llama-3.1-8B-mini4L,2048,4,0,787857559,787857559,617891675,663348585,41502991,"[43326543, 38990305, 42192126]"
24,960,meta-llama/Llama-3.1-8B-mini4L,2048,4,0,828774514,828774514,663348585,706675128,40699795,"[38990305, 42192126, 40916955]"
24,1032,meta-llama/Llama-3.1-8B-mini4L,2048,4,0,868951676,868951676,706675128,745665433,41095414,"[42192126, 40916955, 40177162]"
24,1104,meta-llama/Llama-3.1-8B-mini4L,2048,4,0,909060287,909060287,745665433,787857559,40400909,"[40916955, 40177162, 40108611]"
24,1176,meta-llama/Llama-3.1-8B-mini4L,2048,4,0,947981799,947981799,787857559,828774514,39735761,"[40177162, 40108611, 38921512]"
24,1248,meta-llama/Llama-3.1-8B-mini4L,2048,4,0,987801472,987801472,828774514,868951676,39616598,"[40108611, 38921512, 39819673]"
24,1320,meta-llama/Llama-3.1-8B-mini4L,2048,4,0,1027893315,1027893315,868951676,909060287,39611009,"[38921512, 39819673, 40091843]"
24,1392,meta-llama/Llama-3.1-8B-mini4L,2048,4,0,1068009493,1068009493,909060287,947981799,40009231,"[39819673, 40091843, 40116178]"
24,1464,meta-llama/Llama-3.1-8B-mini4L,2048,4,0,1107540490,1107540490,947981799,987801472,39913006,"[40091843, 40116178, 39530997]"
24,1536,meta-llama/Llama-3.1-8B-mini4L,2048,4,0,1146909757,1146909757,987801472,1027893315,39672147,"[40116178, 39530997, 39369267]"
24,1608,meta-llama/Llama-3.1-8B-mini4L,2048,4,0,1186898989,1186898989,1027893315,1068009493,39629832,"[39530997, 39369267, 39989232]"
24,1680,meta-llama/Llama-3.1-8B-mini4L,2048,4,0,1226915176,1226915176,1068009493,1107540490,39791562,"[39369267, 39989232, 40016187]"
24,1752,meta-llama/Llama-3.1-8B-mini4L,2048,4,0,1266741106,1266741106,1107540490,1146909757,39943783,"[39989232, 40016187, 39825930]"
24,1824,meta-llama/Llama-3.1-8B-mini4L,2048,4,0,1306228904,1306228904,1146909757,1186898989,39776638,"[40016187, 39825930, 39487798]"
24,1896,meta-llama/Llama-3.1-8B-mini4L,2048,4,0,1345876860,1345876860,1186898989,1226915176,39653894,"[39825930, 39487798, 39647956]"
24,1968,meta-llama/Llama-3.1-8B-mini4L,2048,4,0,1385818439,1385818439,1226915176,1266741106,39692444,"[39487798, 39647956, 39941579]"
24,2040,meta-llama/Llama-3.1-8B-mini4L,2048,4,0,1425760018,1425760018,1266741106,1306228904,39843704,"[39647956, 39941579, 39941579]"
24,2112,meta-llama/Llama-3.1-8B-mini4L,2048,4,0,1465539605,1465539605,1306228904,1345876860,39887581,"[39941579, 39941579, 39779587]"
24,2184,meta-llama/Llama-3.1-8B-mini4L,2048,4,0,1504984728,1504984728,1345876860,1385818439,39722096,"[39941579, 39779587, 39445123]"
24,2256,meta-llama/Llama-3.1-8B-mini4L,2048,4,0,1544738408,1544738408,1385818439,1425760018,39659463,"[39779587, 39445123, 39753680]"
24,2328,meta-llama/Llama-3.1-8B-mini4L,2048,4,0,1584607475,1584607475,1425760018,1465539605,39689290,"[39445123, 39753680, 39869067]"
24,2400,meta-llama/Llama-3.1-8B-mini4L,2048,4,0,1624369770,1624369770,1465539605,1504984728,39795014,"[39753680, 39869067, 39762295]"
24,2472,meta-llama/Llama-3.1-8B-mini4L,2048,4,0,1664026341,1664026341,1504984728,1544738408,39762644,"[39869067, 39762295, 39656571]"
24,2544,meta-llama/Llama-3.1-8B-mini4L,2048,4,0,1703735774,1703735774,1544738408,1584607475,39709433,"[39762295, 39656571, 39709433]"
24,2616,meta-llama/Llama-3.1-8B-mini4L,2048,4,0,1743427129,1743427129,1584607475,1624369770,39685786,"[39656571, 39709433, 39691355]"
24,2688,meta-llama/Llama-3.1-8B-mini4L,2048,4,0,1783170298,1783170298,1624369770,1664026341,39714652,"[39709433, 39691355, 39743169]"
24,2760,meta-llama/Llama-3.1-8B-mini4L,2048,4,0,1822913467,1822913467,1664026341,1703735774,39725897,"[39691355, 39743169, 39743169]"
24,2832,meta-llama/Llama-3.1-8B-mini4L,2048,4,0,1862656636,1862656636,1703735774,1743427129,39743169,"[39743169, 39743169, 39743169]"
24,2904,meta-llama/Llama-3.1-8B-mini4L,2048,4,0,1901623636,1901623636,1743427129,1783170298,39484446,"[39743169, 39743169, 38967000]"
24,2976,meta-llama/Llama-3.1-8B-mini4L,2048,4,0,1908786460,1908786460,1783170298,1822913467,28624331,"[39743169, 38967000, 7162824]"
24,3048,meta-llama/Llama-3.1-8B-mini4L,2048,4,0,1910972081,1910972081,1822913467,1862656636,16105148,"[38967000, 7162824, 2185621]"
24,3120,meta-llama/Llama-3.1-8B-mini4L,2048,4,0,1913061206,1913061206,1862656636,1901623636,3812523,"[7162824, 2185621, 2089125]"
24,3192,meta-llama/Llama-3.1-8B-mini4L,2048,4,0,1915148127,1915148127,1901623636,1908786460,2120555,"[2185621, 2089125, 2086921]"
24,3264,meta-llama/Llama-3.1-8B-mini4L,2056,4,3000000000,5158210685,2158210685,322129,2151563563,2215707,"[2215622, 2215706, 2215794]"
24,3336,meta-llama/Llama-3.1-8B-mini4L,2056,4,3000000000,5158210685,2158210685,322129,2151563563,2215707,"[2215622, 2215706, 2215794]"
24,3408,meta-llama/Llama-3.1-8B-mini4L,2056,4,3000000000,5158210685,2158210685,322129,2151563563,2215707,"[2215622, 2215706, 2215794]"
24,3480,meta-llama/Llama-3.1-8B-mini4L,2056,4,3000000000,5158210685,2158210685,322129,2151563563,2215707,"[2215622, 2215706, 2215794]"
24,3552,meta-llama/Llama-3.1-8B-mini4L,2056,4,3000000000,5158210685,2158210685,322129,2151563563,2215707,"[2215622, 2215706, 2215794]"
24,3624,meta-llama/Llama-3.1-8B-mini4L,2056,4,3000000000,5158210685,2158210685,322129,2151563563,2215707,"[2215622, 2215706, 2215794]"
24,3696,meta-llama/Llama-3.1-8B-mini4L,2056,4,3000000000,5158210685,2158210685,322129,2151563563,2215707,"[2215622, 2215706, 2215794]"
24,3768,meta-llama/Llama-3.1-8B-mini4L,2056,4,3000000000,5158210685,2158210685,322129,2151563563,2215707,"[2215622, 2215706, 2215794]"
24,3840,meta-llama/Llama-3.1-8B-mini4L,2056,4,3000000000,11343448445,8343448445,2158210685,8336801323,2215707,"[2215622, 2215706, 2215794]"
24,3912,meta-llama/Llama-3.1-8B-mini4L,2056,4,3000000000,11343448445,8343448445,2158210685,8336801323,2215707,"[2215622, 2215706, 2215794]"
24,3984,meta-llama/Llama-3.1-8B-mini4L,2056,4,3000000000,11343448445,8343448445,2158210685,8336801323,2215707,"[2215622, 2215706, 2215794]"
24,4056,meta-llama/Llama-3.1-8B-mini4L,2056,4,3000000000,11343448445,8343448445,2158210685,8336801323,2215707,"[2215622, 2215706, 2215794]"
24,4128,meta-llama/Llama-3.1-8B-mini4L,2056,4,3000000000,11343448445,8343448445,2158210685,8336801323,2215707,"[2215622, 2215706, 2215794]"
24,4200,meta-llama/Llama-3.1-8B-mini4L,2056,4,3000000000,11343448445,8343448445,2158210685,8336801323,2215707,"[2215622, 2215706, 2215794]"
24,4272,meta-llama/Llama-3.1-8B-mini4L,2056,4,3000000000,11343448445,8343448445,2158210685,8336801323,2215707,"[2215622, 2215706, 2215794]"
24,4344,meta-llama/Llama-3.1-8B-mini4L,2056,4,3000000000,11343448445,8343448445,2158210685,8336801323,2215707,"[2215622, 2215706, 2215794]"
24,4416,meta-llama/Llama-3.1-8B-mini4L,2056,4,3000000000,17528686205,14528686205,8343448445,14522039083,2215707,"[2215622, 2215706, 2215794]"
24,4488,meta-llama/Llama-3.1-8B-mini4L,2056,4,3000000000,17528686205,14528686205,8343448445,14522039083,2215707,"[2215622, 2215706, 2215794]"
24,4560,meta-llama/Llama-3.1-8B-mini4L,2056,4,3000000000,17528686205,14528686205,8343448445,14522039083,2215707,"[2215622, 2215706, 2215794]"
24,4632,meta-llama/Llama-3.1-8B-mini4L,2056,4,3000000000,17528686205,14528686205,8343448445,14522039083,2215707,"[2215622, 2215706, 2215794]"
24,4704,meta-llama/Llama-3.1-8B-mini4L,2056,4,3000000000,17528686205,14528686205,8343448445,14522039083,2215707,"[2215622, 2215706, 2215794]"
24,4776,meta-llama/Llama-3.1-8B-mini4L,2056,4,3000000000,17528686205,14528686205,8343448445,14522039083,2215707,"[2215622, 2215706, 2215794]"
24,4848,meta-llama/Llama-3.1-8B-mini4L,2056,4,3000000000,17528686205,14528686205,8343448445,14522039083,2215707,"[2215622, 2215706, 2215794]"
24,4920,meta-llama/Llama-3.1-8B-mini4L,2056,4,3000000000,17528686205,14528686205,8343448445,14522039083,2215707,"[2215622, 2215706, 2215794]"
24,4992,meta-llama/Llama-3.1-8B-mini4L,2056,4,3000000000,23713923965,20713923965,14528686205,20707276843,2215707,"[2215622, 2215706, 2215794]"
24,5064,meta-llama/Llama-3.1-8B-mini4L,2056,4,3000000000,23713923965,20713923965,14528686205,20707276843,2215707,"[2215622, 2215706, 2215794]"
24,5136,meta-llama/Llama-3.1-8B-mini4L,2056,4,3000000000,23713923965,20713923965,14528686205,20707276843,2215707,"[2215622, 2215706, 2215794]"
24,5208,meta-llama/Llama-3.1-8B-mini4L,2056,4,3000000000,23713923965,20713923965,14528686205,20707276843,2215707,"[2215622, 2215706, 2215794]"
24,5280,meta-llama/Llama-3.1-8B-mini4L,2056,4,3000000000,23713923965,20713923965,14528686205,20707276843,2215707,"[2215622, 2215706, 2215794]"
24,5352,meta-llama/Llama-3.1-8B-mini4L,2056,4,3000000000,23713923965,20713923965,14528686205,20707276843,2215707,"[2215622, 2215706, 2215794]"
24,5424,meta-llama/Llama-3.1-8B-mini4L,2056,4,3000000000,23713923965,20713923965,14528686205,20707276843,2215707,"[2215622, 2215706, 2215794]"
24,5496,meta-llama/Llama-3.1-8B-mini4L,2056,4,3000000000,23713923965,20713923965,14528686205,20707276843,2215707,"[2215622, 2215706, 2215794]"
24,5568,meta-llama/Llama-3.1-8B-mini4L,2056,4,3000000000,29899161725,26899161725,20713923965,26892514603,2215707,"[2215622, 2215706, 2215794]"
24,5640,meta-llama/Llama-3.1-8B-mini4L,2056,4,3000000000,29899161725,26899161725,20713923965,26892514603,2215707,"[2215622, 2215706, 2215794]"
24,5712,meta-llama/Llama-3.1-8B-mini4L,2056,4,3000000000,29899161725,26899161725,20713923965,26892514603,2215707,"[2215622, 2215706, 2215794]"
24,5784,meta-llama/Llama-3.1-8B-mini4L,2056,4,3000000000,29899161725,26899161725,20713923965,26892514603,2215707,"[2215622, 2215706, 2215794]"
24,5856,meta-llama/Llama-3.1-8B-mini4L,2056,4,3000000000,29899161725,26899161725,20713923965,26892514603,2215707,"[2215622, 2215706, 2215794]"
24,5928,meta-llama/Llama-3.1-8B-mini4L,2056,4,3000000000,29899161725,26899161725,20713923965,26892514603,2215707,"[2215622, 2215706, 2215794]"
24,6000,meta-llama/Llama-3.1-8B-mini4L,2056,4,3000000000,29899161725,26899161725,20713923965,26892514603,2215707,"[2215622, 2215706, 2215794]"
24,6072,meta-llama/Llama-3.1-8B-mini4L,2056,4,3000000000,29899161725,26899161725,20713923965,26892514603,2215707,"[2215622, 2215706, 2215794]"
24,6144,meta-llama/Llama-3.1-8B-mini4L,2056,4,3000000000,35034725189,32034725189,26899161725,32028381446,2114581,"[2114537, 2114581, 2114625]"
24,6216,meta-llama/Llama-3.1-8B-mini4L,2056,4,3000000000,35034725189,32034725189,26899161725,32028381446,2114581,"[2114537, 2114581, 2114625]"
24,6288,meta-llama/Llama-3.1-8B-mini4L,2056,4,3000000000,35034725189,32034725189,26899161725,32028381446,2114581,"[2114537, 2114581, 2114625]"
24,6360,meta-llama/Llama-3.1-8B-mini4L,2056,4,3000000000,35034725189,32034725189,26899161725,32028381446,2114581,"[2114537, 2114581, 2114625]"
25,25,meta-llama/Llama-3.1-8B-mini4L,2048,4,0,173358744,173358744,1,24700613,49552710,"[48887602, 49863356, 49907173]"
25,97,meta-llama/Llama-3.1-8B-mini4L,2048,4,0,273212464,273212464,73588215,123451571,49920297,"[49907173, 49906421, 49947299]"
25,169,meta-llama/Llama-3.1-8B-mini4L,2048,4,0,323158711,323158711,123451571,173358744,49933322,"[49906421, 49947299, 49946247]"
25,241,meta-llama/Llama-3.1-8B-mini4L,2048,4,0,373103902,373103902,173358744,223265165,49946245,"[49947299, 49946247, 49945191]"
25,313,meta-llama/Llama-3.1-8B-mini4L,2048,4,0,423048037,423048037,223265165,273212464,49945191,"[49946247, 49945191, 49944135]"
25,385,meta-llama/Llama-3.1-8B-mini4L,2048,4,0,472991116,472991116,273212464,323158711,49944135,"[49945191, 49944135, 49943079]"
25,457,meta-llama/Llama-3.1-8B-mini4L,2048,4,0,522988489,522988489,323158711,373103902,49961529,"[49944135, 49943079, 49997373]"
25,529,meta-llama/Llama-3.1-8B-mini4L,2048,4,0,571463916,571463916,373103902,423048037,49471959,"[49943079, 49997373, 48475427]"
25,601,meta-llama/Llama-3.1-8B-mini4L,2048,4,0,618417131,618417131,423048037,472991116,48475338,"[49997373, 48475427, 46953215]"
25,673,meta-llama/Llama-3.1-8B-mini4L,2048,4,0,663874041,663874041,472991116,522988489,46961850,"[48475427, 46953215, 45456910]"
25,745,meta-llama/Llama-3.1-8B-mini4L,2048,4,0,707200584,707200584,522988489,571463916,45245556,"[46953215, 45456910, 43326543]"
25,817,meta-llama/Llama-3.1-8B-mini4L,2048,4,0,746190889,746190889,571463916,618417131,42591252,"[45456910, 43326543, 38990305]"
25,889,meta-llama/Llama-3.1-8B-mini4L,2048,4,0,788383015,788383015,618417131,663874041,41502991,"[43326543, 38990305, 42192126]"
25,961,meta-llama/Llama-3.1-8B-mini4L,2048,4,0,829299970,829299970,663874041,707200584,40699795,"[38990305, 42192126, 40916955]"
25,1033,meta-llama/Llama-3.1-8B-mini4L,2048,4,0,869477132,869477132,707200584,746190889,41095414,"[42192126, 40916955, 40177162]"
25,1105,meta-llama/Llama-3.1-8B-mini4L,2048,4,0,909612960,909612960,746190889,788383015,40409981,"[40916955, 40177162, 40135828]"
25,1177,meta-llama/Llama-3.1-8B-mini4L,2048,4,0,948616123,948616123,788383015,829299970,39772051,"[40177162, 40135828, 39003163]"
25,1249,meta-llama/Llama-3.1-8B-mini4L,2048,4,0,988354145,988354145,829299970,869477132,39625671,"[40135828, 39003163, 39738022]"
25,1321,meta-llama/Llama-3.1-8B-mini4L,2048,4,0,1028445988,1028445988,869477132,909612960,39611009,"[39003163, 39738022, 40091843]"
25,1393,meta-llama/Llama-3.1-8B-mini4L,2048,4,0,1068534949,1068534949,909612960,948616123,39972942,"[39738022, 40091843, 40088961]"
25,1465,meta-llama/Llama-3.1-8B-mini4L,2048,4,0,1108200721,1108200721,948616123,988354145,39948858,"[40091843, 40088961, 39665772]"
25,1537,meta-llama/Llama-3.1-8B-mini4L,2048,4,0,1147516078,1147516078,988354145,1028445988,39690030,"[40088961, 39665772, 39315357]"
25,1609,meta-llama/Llama-3.1-8B-mini4L,2048,4,0,1187424445,1187424445,1028445988,1068534949,39629832,"[39665772, 39315357, 39908367]"
25,1681,meta-llama/Llama-3.1-8B-mini4L,2048,4,0,1227440632,1227440632,1068534949,1108200721,39746637,"[39315357, 39908367, 40016187]"
25,1753,meta-llama/Llama-3.1-8B-mini4L,2048,4,0,1267266562,1267266562,1108200721,1147516078,39916828,"[39908367, 40016187, 39825930]"
25,1825,meta-llama/Llama-3.1-8B-mini4L,2048,4,0,1306807746,1306807746,1147516078,1187424445,39794433,"[40016187, 39825930, 39541184]"
25,1897,meta-llama/Llama-3.1-8B-mini4L,2048,4,0,1346455702,1346455702,1187424445,1227440632,39671690,"[39825930, 39541184, 39647956]"
25,1969,meta-llama/Llama-3.1-8B-mini4L,2048,4,0,1386343895,1386343895,1227440632,1267266562,39692444,"[39541184, 39647956, 39888193]"
25,2041,meta-llama/Llama-3.1-8B-mini4L,2048,4,0,1426312167,1426312167,1267266562,1306807746,39834807,"[39647956, 39888193, 39968272]"
25,2113,meta-llama/Llama-3.1-8B-mini4L,2048,4,0,1466065061,1466065061,1306807746,1346455702,39869786,"[39888193, 39968272, 39752894]"
25,2185,meta-llama/Llama-3.1-8B-mini4L,2048,4,0,1505510184,1505510184,1346455702,1386343895,39722096,"[39968272, 39752894, 39445123]"
25,2257,meta-llama/Llama-3.1-8B-mini4L,2048,4,0,1545263864,1545263864,1386343895,1426312167,39650565,"[39752894, 39445123, 39753680]"
25,2329,meta-llama/Llama-3.1-8B-mini4L,2048,4,0,1585159362,1585159362,1426312167,1466065061,39698100,"[39445123, 39753680, 39895498]"
25,2401,meta-llama/Llama-3.1-8B-mini4L,2048,4,0,1624921657,1624921657,1466065061,1505510184,39803824,"[39753680, 39895498, 39762295]"
25,2473,meta-llama/Llama-3.1-8B-mini4L,2048,4,0,1664604659,1664604659,1505510184,1545263864,39780265,"[39895498, 39762295, 39683002]"
25,2545,meta-llama/Llama-3.1-8B-mini4L,2048,4,0,1704287661,1704287661,1545263864,1585159362,39709433,"[39762295, 39683002, 39683002]"
25,2617,meta-llama/Llama-3.1-8B-mini4L,2048,4,0,1743978754,1743978754,1585159362,1624921657,39685699,"[39683002, 39683002, 39691093]"
25,2689,meta-llama/Llama-3.1-8B-mini4L,2048,4,0,1783721923,1783721923,1624921657,1664604659,39705754,"[39683002, 39691093, 39743169]"
25,2761,meta-llama/Llama-3.1-8B-mini4L,2048,4,0,1823465092,1823465092,1664604659,1704287661,39725810,"[39691093, 39743169, 39743169]"
25,2833,meta-llama/Llama-3.1-8B-mini4L,2048,4,0,1863182092,1863182092,1704287661,1743978754,39734446,"[39743169, 39743169, 39717000]"
25,2905,meta-llama/Llama-3.1-8B-mini4L,2048,4,0,1902181652,1902181652,1743978754,1783721923,39486576,"[39743169, 39717000, 38999560]"
25,2977,meta-llama/Llama-3.1-8B-mini4L,2048,4,0,1908820270,1908820270,1783721923,1823465092,28451726,"[39717000, 38999560, 6638618]"
25,3049,meta-llama/Llama-3.1-8B-mini4L,2048,4,0,1911038621,1911038621,1823465092,1863182092,15952176,"[38999560, 6638618, 2218351]"
25,3121,meta-llama/Llama-3.1-8B-mini4L,2048,4,0,1913127746,1913127746,1863182092,1902181652,3648698,"[6638618, 2218351, 2089125]"
25,3193,meta-llama/Llama-3.1-8B-mini4L,2048,4,0,1915214667,1915214667,1902181652,1908820270,2131465,"[2218351, 2089125, 2086921]"
25,3265,meta-llama/Llama-3.1-8B-mini4L,2056,4,3000000000,5244116765,2244116765,322129,2237469643,2215707,"[2215622, 2215706, 2215794]"
25,3337,meta-llama/Llama-3.1-8B-mini4L,2056,4,3000000000,5244116765,2244116765,322129,2237469643,2215707,"[2215622, 2215706, 2215794]"
25,3409,meta-llama/Llama-3.1-8B-mini4L,2056,4,3000000000,5244116765,2244116765,322129,2237469643,2215707,"[2215622, 2215706, 2215794]"
25,3481,meta-llama/Llama-3.1-8B-mini4L,2056,4,3000000000,5244116765,2244116765,322129,2237469643,2215707,"[2215622, 2215706, 2215794]"
25,3553,meta-llama/Llama-3.1-8B-mini4L,2056,4,3000000000,5244116765,2244116765,322129,2237469643,2215707,"[2215622, 2215706, 2215794]"
25,3625,meta-llama/Llama-3.1-8B-mini4L,2056,4,3000000000,5244116765,2244116765,322129,2237469643,2215707,"[2215622, 2215706, 2215794]"
25,3697,meta-llama/Llama-3.1-8B-mini4L,2056,4,3000000000,5244116765,2244116765,322129,2237469643,2215707,"[2215622, 2215706, 2215794]"
25,3769,meta-llama/Llama-3.1-8B-mini4L,2056,4,3000000000,5244116765,2244116765,322129,2237469643,2215707,"[2215622, 2215706, 2215794]"
25,3841,meta-llama/Llama-3.1-8B-mini4L,2056,4,3000000000,11429354525,8429354525,2244116765,8422707403,2215707,"[2215622, 2215706, 2215794]"
25,3913,meta-llama/Llama-3.1-8B-mini4L,2056,4,3000000000,11429354525,8429354525,2244116765,8422707403,2215707,"[2215622, 2215706, 2215794]"
25,3985,meta-llama/Llama-3.1-8B-mini4L,2056,4,3000000000,11429354525,8429354525,2244116765,8422707403,2215707,"[2215622, 2215706, 2215794]"
25,4057,meta-llama/Llama-3.1-8B-mini4L,2056,4,3000000000,11429354525,8429354525,2244116765,8422707403,2215707,"[2215622, 2215706, 2215794]"
25,4129,meta-llama/Llama-3.1-8B-mini4L,2056,4,3000000000,11429354525,8429354525,2244116765,8422707403,2215707,"[2215622, 2215706, 2215794]"
25,4201,meta-llama/Llama-3.1-8B-mini4L,2056,4,3000000000,11429354525,8429354525,2244116765,8422707403,2215707,"[2215622, 2215706, 2215794]"
25,4273,meta-llama/Llama-3.1-8B-mini4L,2056,4,3000000000,11429354525,8429354525,2244116765,8422707403,2215707,"[2215622, 2215706, 2215794]"
25,4345,meta-llama/Llama-3.1-8B-mini4L,2056,4,3000000000,11429354525,8429354525,2244116765,8422707403,2215707,"[2215622, 2215706, 2215794]"
25,4417,meta-llama/Llama-3.1-8B-mini4L,2056,4,3000000000,17614592285,14614592285,8429354525,14607945163,2215707,"[2215622, 2215706, 2215794]"
25,4489,meta-llama/Llama-3.1-8B-mini4L,2056,4,3000000000,17614592285,14614592285,8429354525,14607945163,2215707,"[2215622, 2215706, 2215794]"
25,4561,meta-llama/Llama-3.1-8B-mini4L,2056,4,3000000000,17614592285,14614592285,8429354525,14607945163,2215707,"[2215622, 2215706, 2215794]"
25,4633,meta-llama/Llama-3.1-8B-mini4L,2056,4,3000000000,17614592285,14614592285,8429354525,14607945163,2215707,"[2215622, 2215706, 2215794]"
25,4705,meta-llama/Llama-3.1-8B-mini4L,2056,4,3000000000,17614592285,14614592285,8429354525,14607945163,2215707,"[2215622, 2215706, 2215794]"
25,4777,meta-llama/Llama-3.1-8B-mini4L,2056,4,3000000000,17614592285,14614592285,8429354525,14607945163,2215707,"[2215622, 2215706, 2215794]"
25,4849,meta-llama/Llama-3.1-8B-mini4L,2056,4,3000000000,17614592285,14614592285,8429354525,14607945163,2215707,"[2215622, 2215706, 2215794]"
25,4921,meta-llama/Llama-3.1-8B-mini4L,2056,4,3000000000,17614592285,14614592285,8429354525,14607945163,2215707,"[2215622, 2215706, 2215794]"
25,4993,meta-llama/Llama-3.1-8B-mini4L,2056,4,3000000000,23799830045,20799830045,14614592285,20793182923,2215707,"[2215622, 2215706, 2215794]"
25,5065,meta-llama/Llama-3.1-8B-mini4L,2056,4,3000000000,23799830045,20799830045,14614592285,20793182923,2215707,"[2215622, 2215706, 2215794]"
25,5137,meta-llama/Llama-3.1-8B-mini4L,2056,4,3000000000,23799830045,20799830045,14614592285,20793182923,2215707,"[2215622, 2215706, 2215794]"
25,5209,meta-llama/Llama-3.1-8B-mini4L,2056,4,3000000000,23799830045,20799830045,14614592285,20793182923,2215707,"[2215622, 2215706, 2215794]"
25,5281,meta-llama/Llama-3.1-8B-mini4L,2056,4,3000000000,23799830045,20799830045,14614592285,20793182923,2215707,"[2215622, 2215706, 2215794]"
25,5353,meta-llama/Llama-3.1-8B-mini4L,2056,4,3000000000,23799830045,20799830045,14614592285,20793182923,2215707,"[2215622, 2215706, 2215794]"
25,5425,meta-llama/Llama-3.1-8B-mini4L,2056,4,3000000000,23799830045,20799830045,14614592285,20793182923,2215707,"[2215622, 2215706, 2215794]"
25,5497,meta-llama/Llama-3.1-8B-mini4L,2056,4,3000000000,23799830045,20799830045,14614592285,20793182923,2215707,"[2215622, 2215706, 2215794]"
25,5569,meta-llama/Llama-3.1-8B-mini4L,2056,4,3000000000,29985067805,26985067805,20799830045,26978420683,2215707,"[2215622, 2215706, 2215794]"
25,5641,meta-llama/Llama-3.1-8B-mini4L,2056,4,3000000000,29985067805,26985067805,20799830045,26978420683,2215707,"[2215622, 2215706, 2215794]"
25,5713,meta-llama/Llama-3.1-8B-mini4L,2056,4,3000000000,29985067805,26985067805,20799830045,26978420683,2215707,"[2215622, 2215706, 2215794]"
25,5785,meta-llama/Llama-3.1-8B-mini4L,2056,4,3000000000,29985067805,26985067805,20799830045,26978420683,2215707,"[2215622, 2215706, 2215794]"
25,5857,meta-llama/Llama-3.1-8B-mini4L,2056,4,3000000000,29985067805,26985067805,20799830045,26978420683,2215707,"[2215622, 2215706, 2215794]"
25,5929,meta-llama/Llama-3.1-8B-mini4L,2056,4,3000000000,29985067805,26985067805,20799830045,26978420683,2215707,"[2215622, 2215706, 2215794]"
25,6001,meta-llama/Llama-3.1-8B-mini4L,2056,4,3000000000,29985067805,26985067805,20799830045,26978420683,2215707,"[2215622, 2215706, 2215794]"
25,6073,meta-llama/Llama-3.1-8B-mini4L,2056,4,3000000000,29985067805,26985067805,20799830045,26978420683,2215707,"[2215622, 2215706, 2215794]"
25,6145,meta-llama/Llama-3.1-8B-mini4L,2056,4,3000000000,35078688229,32078688229,26985067805,32072344486,2114581,"[2114537, 2114581, 2114625]"
25,6217,meta-llama/Llama-3.1-8B-mini4L,2056,4,3000000000,35078688229,32078688229,26985067805,32072344486,2114581,"[2114537, 2114581, 2114625]"
25,6289,meta-llama/Llama-3.1-8B-mini4L,2056,4,3000000000,35078688229,32078688229,26985067805,32072344486,2114581,"[2114537, 2114581, 2114625]"
25,6361,meta-llama/Llama-3.1-8B-mini4L,2056,4,3000000000,35078688229,32078688229,26985067805,32072344486,2114581,"[2114537, 2114581, 2114625]"
26,26,meta-llama/Llama-3.1-8B-mini4L,2048,4,0,173884200,173884200,1,25226069,49552710,"[48887602, 49863356, 49907173]"
26,98,meta-llama/Llama-3.1-8B-mini4L,2048,4,0,273737920,273737920,74113671,123977027,49920297,"[49907173, 49906421, 49947299]"
26,170,meta-llama/Llama-3.1-8B-mini4L,2048,4,0,323684167,323684167,123977027,173884200,49933322,"[49906421, 49947299, 49946247]"
26,242,meta-llama/Llama-3.1-8B-mini4L,2048,4,0,373629358,373629358,173884200,223790621,49946245,"[49947299, 49946247, 49945191]"
26,314,meta-llama/Llama-3.1-8B-mini4L,2048,4,0,423573493,423573493,223790621,273737920,49945191,"[49946247, 49945191, 49944135]"
26,386,meta-llama/Llama-3.1-8B-mini4L,2048,4,0,473516572,473516572,273737920,323684167,49944135,"[49945191, 49944135, 49943079]"
26,458,meta-llama/Llama-3.1-8B-mini4L,2048,4,0,523513945,523513945,323684167,373629358,49961529,"[49944135, 49943079, 49997373]"
26,530,meta-llama/Llama-3.1-8B-mini4L,2048,4,0,571989372,571989372,373629358,423573493,49471959,"[49943079, 49997373, 48475427]"
26,602,meta-llama/Llama-3.1-8B-mini4L,2048,4,0,618942587,618942587,423573493,473516572,48475338,"[49997373, 48475427, 46953215]"
26,674,meta-llama/Llama-3.1-8B-mini4L,2048,4,0,664399497,664399497,473516572,523513945,46961850,"[48475427, 46953215, 45456910]"
26,746,meta-llama/Llama-3.1-8B-mini4L,2048,4,0,707780998,707780998,523513945,571989372,45263875,"[46953215, 45456910, 43381501]"
26,818,meta-llama/Llama-3.1-8B-mini4L,2048,4,0,746743824,746743824,571989372,618942587,42600412,"[45456910, 43381501, 38962826]"
26,890,meta-llama/Llama-3.1-8B-mini4L,2048,4,0,788908471,788908471,618942587,664399497,41502991,"[43381501, 38962826, 42164647]"
26,962,meta-llama/Llama-3.1-8B-mini4L,2048,4,0,829825426,829825426,664399497,707780998,40681476,"[38962826, 42164647, 40916955]"
26,1034,meta-llama/Llama-3.1-8B-mini4L,2048,4,0,870002588,870002588,707780998,746743824,41086254,"[42164647, 40916955, 40177162]"
26,1106,meta-llama/Llama-3.1-8B-mini4L,2048,4,0,910165633,910165633,746743824,788908471,40419054,"[40916955, 40177162, 40163045]"
26,1178,meta-llama/Llama-3.1-8B-mini4L,2048,4,0,949141579,949141579,788908471,829825426,39772051,"[40177162, 40163045, 38975946]"
26,1250,meta-llama/Llama-3.1-8B-mini4L,2048,4,0,988906818,988906818,829825426,870002588,39634743,"[40163045, 38975946, 39765239]"
26,1322,meta-llama/Llama-3.1-8B-mini4L,2048,4,0,1028971444,1028971444,870002588,910165633,39601937,"[38975946, 39765239, 40064626]"
26,1394,meta-llama/Llama-3.1-8B-mini4L,2048,4,0,1069087360,1069087360,910165633,949141579,39981927,"[39765239, 40064626, 40115916]"
26,1466,meta-llama/Llama-3.1-8B-mini4L,2048,4,0,1108833997,1108833997,949141579,988906818,39975726,"[40064626, 40115916, 39746637]"
26,1538,meta-llama/Llama-3.1-8B-mini4L,2048,4,0,1148041534,1148041534,988906818,1028971444,39690030,"[40115916, 39746637, 39207537]"
26,1610,meta-llama/Llama-3.1-8B-mini4L,2048,4,0,1187949901,1187949901,1028971444,1069087360,39620847,"[39746637, 39207537, 39908367]"
26,1682,meta-llama/Llama-3.1-8B-mini4L,2048,4,0,1227993043,1227993043,1069087360,1108833997,39719682,"[39207537, 39908367, 40043142]"
26,1754,meta-llama/Llama-3.1-8B-mini4L,2048,4,0,1267818711,1267818711,1108833997,1148041534,39925725,"[39908367, 40043142, 39825668]"
26,1826,meta-llama/Llama-3.1-8B-mini4L,2048,4,0,1307413281,1307413281,1148041534,1187949901,39821126,"[40043142, 39825668, 39594570]"
26,1898,meta-llama/Llama-3.1-8B-mini4L,2048,4,0,1347034544,1347034544,1187949901,1227993043,39680500,"[39825668, 39594570, 39621263]"
26,1970,meta-llama/Llama-3.1-8B-mini4L,2048,4,0,1386869351,1386869351,1227993043,1267818711,39683546,"[39594570, 39621263, 39834807]"
26,2042,meta-llama/Llama-3.1-8B-mini4L,2048,4,0,1426837623,1426837623,1267818711,1307413281,39808114,"[39621263, 39834807, 39968272]"
26,2114,meta-llama/Llama-3.1-8B-mini4L,2048,4,0,1466590517,1466590517,1307413281,1347034544,39851991,"[39834807, 39968272, 39752894]"
26,2186,meta-llama/Llama-3.1-8B-mini4L,2048,4,0,1506035640,1506035640,1347034544,1386869351,39722096,"[39968272, 39752894, 39445123]"
26,2258,meta-llama/Llama-3.1-8B-mini4L,2048,4,0,1545789320,1545789320,1386869351,1426837623,39650565,"[39752894, 39445123, 39753680]"
26,2330,meta-llama/Llama-3.1-8B-mini4L,2048,4,0,1585711249,1585711249,1426837623,1466590517,39706910,"[39445123, 39753680, 39921929]"
26,2402,meta-llama/Llama-3.1-8B-mini4L,2048,4,0,1625473544,1625473544,1466590517,1506035640,39812634,"[39753680, 39921929, 39762295]"
26,2474,meta-llama/Llama-3.1-8B-mini4L,2048,4,0,1665156546,1665156546,1506035640,1545789320,39789075,"[39921929, 39762295, 39683002]"
26,2546,meta-llama/Llama-3.1-8B-mini4L,2048,4,0,1704865717,1704865717,1545789320,1585711249,39718156,"[39762295, 39683002, 39709171]"
26,2618,meta-llama/Llama-3.1-8B-mini4L,2048,4,0,1744530379,1744530379,1585711249,1625473544,39685611,"[39683002, 39709171, 39664662]"
26,2690,meta-llama/Llama-3.1-8B-mini4L,2048,4,0,1784273548,1784273548,1625473544,1665156546,39705667,"[39709171, 39664662, 39743169]"
26,2762,meta-llama/Llama-3.1-8B-mini4L,2048,4,0,1824016717,1824016717,1665156546,1704865717,39717000,"[39664662, 39743169, 39743169]"
26,2834,meta-llama/Llama-3.1-8B-mini4L,2048,4,0,1863733717,1863733717,1704865717,1744530379,39734446,"[39743169, 39743169, 39717000]"
26,2906,meta-llama/Llama-3.1-8B-mini4L,2048,4,0,1902707108,1902707108,1744530379,1784273548,39477853,"[39743169, 39717000, 38973391]"
26,2978,meta-llama/Llama-3.1-8B-mini4L,2048,4,0,1908853720,1908853720,1784273548,1824016717,28279001,"[39717000, 38973391, 6146612]"
26,3050,meta-llama/Llama-3.1-8B-mini4L,2048,4,0,1911105161,1911105161,1824016717,1863733717,15790481,"[38973391, 6146612, 2251441]"
26,3122,meta-llama/Llama-3.1-8B-mini4L,2048,4,0,1913194286,1913194286,1863733717,1902707108,3495726,"[6146612, 2251441, 2089125]"
26,3194,meta-llama/Llama-3.1-8B-mini4L,2048,4,0,1915281207,1915281207,1902707108,1908853720,2142495,"[2251441, 2089125, 2086921]"
26,3266,meta-llama/Llama-3.1-8B-mini4L,2056,4,3000000000,5330022845,2330022845,322129,2323375723,2215707,"[2215622, 2215706, 2215794]"
26,3338,meta-llama/Llama-3.1-8B-mini4L,2056,4,3000000000,5330022845,2330022845,322129,2323375723,2215707,"[2215622, 2215706, 2215794]"
26,3410,meta-llama/Llama-3.1-8B-mini4L,2056,4,3000000000,5330022845,2330022845,322129,2323375723,2215707,"[2215622, 2215706, 2215794]"
26,3482,meta-llama/Llama-3.1-8B-mini4L,2056,4,3000000000,5330022845,2330022845,322129,2323375723,2215707,"[2215622, 2215706, 2215794]"
26,3554,meta-llama/Llama-3.1-8B-mini4L,2056,4,3000000000,5330022845,2330022845,322129,2323375723,2215707,"[2215622, 2215706, 2215794]"
26,3626,meta-llama/Llama-3.1-8B-mini4L,2056,4,3000000000,5330022845,2330022845,322129,2323375723,2215707,"[2215622, 2215706, 2215794]"
26,3698,meta-llama/Llama-3.1-8B-mini4L,2056,4,3000000000,5330022845,2330022845,322129,2323375723,2215707,"[2215622, 2215706, 2215794]"
26,3770,meta-llama/Llama-3.1-8B-mini4L,2056,4,3000000000,5330022845,2330022845,322129,2323375723,2215707,"[2215622, 2215706, 2215794]"
26,3842,meta-llama/Llama-3.1-8B-mini4L,2056,4,3000000000,11515260605,8515260605,2330022845,8508613483,2215707,"[2215622, 2215706, 2215794]"
26,3914,meta-llama/Llama-3.1-8B-mini4L,2056,4,3000000000,11515260605,8515260605,2330022845,8508613483,2215707,"[2215622, 2215706, 2215794]"
26,3986,meta-llama/Llama-3.1-8B-mini4L,2056,4,3000000000,11515260605,8515260605,2330022845,8508613483,2215707,"[2215622, 2215706, 2215794]"
26,4058,meta-llama/Llama-3.1-8B-mini4L,2056,4,3000000000,11515260605,8515260605,2330022845,8508613483,2215707,"[2215622, 2215706, 2215794]"
26,4130,meta-llama/Llama-3.1-8B-mini4L,2056,4,3000000000,11515260605,8515260605,2330022845,8508613483,2215707,"[2215622, 2215706, 2215794]"
26,4202,meta-llama/Llama-3.1-8B-mini4L,2056,4,3000000000,11515260605,8515260605,2330022845,8508613483,2215707,"[2215622, 2215706, 2215794]"
26,4274,meta-llama/Llama-3.1-8B-mini4L,2056,4,3000000000,11515260605,8515260605,2330022845,8508613483,2215707,"[2215622, 2215706, 2215794]"
26,4346,meta-llama/Llama-3.1-8B-mini4L,2056,4,3000000000,11515260605,8515260605,2330022845,8508613483,2215707,"[2215622, 2215706, 2215794]"
26,4418,meta-llama/Llama-3.1-8B-mini4L,2056,4,3000000000,17700498365,14700498365,8515260605,14693851243,2215707,"[2215622, 2215706, 2215794]"
26,4490,meta-llama/Llama-3.1-8B-mini4L,2056,4,3000000000,17700498365,14700498365,8515260605,14693851243,2215707,"[2215622, 2215706, 2215794]"
26,4562,meta-llama/Llama-3.1-8B-mini4L,2056,4,3000000000,17700498365,14700498365,8515260605,14693851243,2215707,"[2215622, 2215706, 2215794]"
26,4634,meta-llama/Llama-3.1-8B-mini4L,2056,4,3000000000,17700498365,14700498365,8515260605,14693851243,2215707,"[2215622, 2215706, 2215794]"
26,4706,meta-llama/Llama-3.1-8B-mini4L,2056,4,3000000000,17700498365,14700498365,8515260605,14693851243,2215707,"[2215622, 2215706, 2215794]"
26,4778,meta-llama/Llama-3.1-8B-mini4L,2056,4,3000000000,17700498365,14700498365,8515260605,14693851243,2215707,"[2215622, 2215706, 2215794]"
26,4850,meta-llama/Llama-3.1-8B-mini4L,2056,4,3000000000,17700498365,14700498365,8515260605,14693851243,2215707,"[2215622, 2215706, 2215794]"
26,4922,meta-llama/Llama-3.1-8B-mini4L,2056,4,3000000000,17700498365,14700498365,8515260605,14693851243,2215707,"[2215622, 2215706, 2215794]"
26,4994,meta-llama/Llama-3.1-8B-mini4L,2056,4,3000000000,23885736125,20885736125,14700498365,20879089003,2215707,"[2215622, 2215706, 2215794]"
26,5066,meta-llama/Llama-3.1-8B-mini4L,2056,4,3000000000,23885736125,20885736125,14700498365,20879089003,2215707,"[2215622, 2215706, 2215794]"
26,5138,meta-llama/Llama-3.1-8B-mini4L,2056,4,3000000000,23885736125,20885736125,14700498365,20879089003,2215707,"[2215622, 2215706, 2215794]"
26,5210,meta-llama/Llama-3.1-8B-mini4L,2056,4,3000000000,23885736125,20885736125,14700498365,20879089003,2215707,"[2215622, 2215706, 2215794]"
26,5282,meta-llama/Llama-3.1-8B-mini4L,2056,4,3000000000,23885736125,20885736125,14700498365,20879089003,2215707,"[2215622, 2215706, 2215794]"
26,5354,meta-llama/Llama-3.1-8B-mini4L,2056,4,3000000000,23885736125,20885736125,14700498365,20879089003,2215707,"[2215622, 2215706, 2215794]"
26,5426,meta-llama/Llama-3.1-8B-mini4L,2056,4,3000000000,23885736125,20885736125,14700498365,20879089003,2215707,"[2215622, 2215706, 2215794]"
26,5498,meta-llama/Llama-3.1-8B-mini4L,2056,4,3000000000,23885736125,20885736125,14700498365,20879089003,2215707,"[2215622, 2215706, 2215794]"
26,5570,meta-llama/Llama-3.1-8B-mini4L,2056,4,3000000000,30070973885,27070973885,20885736125,27064326763,2215707,"[2215622, 2215706, 2215794]"
26,5642,meta-llama/Llama-3.1-8B-mini4L,2056,4,3000000000,30070973885,27070973885,20885736125,27064326763,2215707,"[2215622, 2215706, 2215794]"
26,5714,meta-llama/Llama-3.1-8B-mini4L,2056,4,3000000000,30070973885,27070973885,20885736125,27064326763,2215707,"[2215622, 2215706, 2215794]"
26,5786,meta-llama/Llama-3.1-8B-mini4L,2056,4,3000000000,30070973885,27070973885,20885736125,27064326763,2215707,"[2215622, 2215706, 2215794]"
26,5858,meta-llama/Llama-3.1-8B-mini4L,2056,4,3000000000,30070973885,27070973885,20885736125,27064326763,2215707,"[2215622, 2215706, 2215794]"
26,5930,meta-llama/Llama-3.1-8B-mini4L,2056,4,3000000000,30070973885,27070973885,20885736125,27064326763,2215707,"[2215622, 2215706, 2215794]"
26,6002,meta-llama/Llama-3.1-8B-mini4L,2056,4,3000000000,30070973885,27070973885,20885736125,27064326763,2215707,"[2215622, 2215706, 2215794]"
26,6074,meta-llama/Llama-3.1-8B-mini4L,2056,4,3000000000,30070973885,27070973885,20885736125,27064326763,2215707,"[2215622, 2215706, 2215794]"
26,6146,meta-llama/Llama-3.1-8B-mini4L,2056,4,3000000000,35122651269,32122651269,27070973885,32116307526,2114581,"[2114537, 2114581, 2114625]"
26,6218,meta-llama/Llama-3.1-8B-mini4L,2056,4,3000000000,35122651269,32122651269,27070973885,32116307526,2114581,"[2114537, 2114581, 2114625]"
26,6290,meta-llama/Llama-3.1-8B-mini4L,2056,4,3000000000,35122651269,32122651269,27070973885,32116307526,2114581,"[2114537, 2114581, 2114625]"
26,6362,meta-llama/Llama-3.1-8B-mini4L,2056,4,3000000000,35122651269,32122651269,27070973885,32116307526,2114581,"[2114537, 2114581, 2114625]"
27,27,meta-llama/Llama-3.1-8B-mini4L,2048,4,0,174409656,174409656,1,25751525,49552710,"[48887602, 49863356, 49907173]"
27,99,meta-llama/Llama-3.1-8B-mini4L,2048,4,0,274263376,274263376,74639127,124502483,49920297,"[49907173, 49906421, 49947299]"
27,171,meta-llama/Llama-3.1-8B-mini4L,2048,4,0,324209623,324209623,124502483,174409656,49933322,"[49906421, 49947299, 49946247]"
27,243,meta-llama/Llama-3.1-8B-mini4L,2048,4,0,374154814,374154814,174409656,224316077,49946245,"[49947299, 49946247, 49945191]"
27,315,meta-llama/Llama-3.1-8B-mini4L,2048,4,0,424098949,424098949,224316077,274263376,49945191,"[49946247, 49945191, 49944135]"
27,387,meta-llama/Llama-3.1-8B-mini4L,2048,4,0,474042028,474042028,274263376,324209623,49944135,"[49945191, 49944135, 49943079]"
27,459,meta-llama/Llama-3.1-8B-mini4L,2048,4,0,524039401,524039401,324209623,374154814,49961529,"[49944135, 49943079, 49997373]"
27,531,meta-llama/Llama-3.1-8B-mini4L,2048,4,0,572514828,572514828,374154814,424098949,49471959,"[49943079, 49997373, 48475427]"
27,603,meta-llama/Llama-3.1-8B-mini4L,2048,4,0,619495522,619495522,424098949,474042028,48484498,"[49997373, 48475427, 46980694]"
27,675,meta-llama/Llama-3.1-8B-mini4L,2048,4,0,664924953,664924953,474042028,524039401,46961850,"[48475427, 46980694, 45429431]"
27,747,meta-llama/Llama-3.1-8B-mini4L,2048,4,0,708859389,708859389,524039401,572514828,45448187,"[46980694, 45429431, 43934436]"
27,819,meta-llama/Llama-3.1-8B-mini4L,2048,4,0,747653986,747653986,572514828,619495522,42719488,"[45429431, 43934436, 38794597]"
27,891,meta-llama/Llama-3.1-8B-mini4L,2048,4,0,789461406,789461406,619495522,664924953,41512151,"[43934436, 38794597, 41807420]"
27,963,meta-llama/Llama-3.1-8B-mini4L,2048,4,0,830350882,830350882,664924953,708859389,40497164,"[38794597, 41807420, 40889476]"
27,1035,meta-llama/Llama-3.1-8B-mini4L,2048,4,0,870555523,870555523,708859389,747653986,40967179,"[41807420, 40889476, 40204641]"
27,1107,meta-llama/Llama-3.1-8B-mini4L,2048,4,0,910718306,910718306,747653986,789461406,40418966,"[40889476, 40204641, 40162783]"
27,1179,meta-llama/Llama-3.1-8B-mini4L,2048,4,0,949694252,949694252,789461406,830350882,39781123,"[40204641, 40162783, 38975946]"
27,1251,meta-llama/Llama-3.1-8B-mini4L,2048,4,0,989459491,989459491,830350882,870555523,39634656,"[40162783, 38975946, 39765239]"
27,1323,meta-llama/Llama-3.1-8B-mini4L,2048,4,0,1029496900,1029496900,870555523,910718306,39592864,"[38975946, 39765239, 40037409]"
27,1395,meta-llama/Llama-3.1-8B-mini4L,2048,4,0,1069612816,1069612816,910718306,949694252,39972854,"[39765239, 40037409, 40115916]"
27,1467,meta-llama/Llama-3.1-8B-mini4L,2048,4,0,1109413363,1109413363,949694252,989459491,39984624,"[40037409, 40115916, 39800547]"
27,1539,meta-llama/Llama-3.1-8B-mini4L,2048,4,0,1148593945,1148593945,989459491,1029496900,39699015,"[40115916, 39800547, 39180582]"
27,1611,meta-llama/Llama-3.1-8B-mini4L,2048,4,0,1188475357,1188475357,1029496900,1069612816,39620847,"[39800547, 39180582, 39881412]"
27,1683,meta-llama/Llama-3.1-8B-mini4L,2048,4,0,1228518499,1228518499,1069612816,1109413363,39701712,"[39180582, 39881412, 40043142]"
27,1755,meta-llama/Llama-3.1-8B-mini4L,2048,4,0,1268370860,1268370860,1109413363,1148593945,39925638,"[39881412, 40043142, 39852361]"
27,1827,meta-llama/Llama-3.1-8B-mini4L,2048,4,0,1307965430,1307965430,1148593945,1188475357,39830024,"[40043142, 39852361, 39594570]"
27,1899,meta-llama/Llama-3.1-8B-mini4L,2048,4,0,1347613386,1347613386,1188475357,1228518499,39698295,"[39852361, 39594570, 39647956]"
27,1971,meta-llama/Llama-3.1-8B-mini4L,2048,4,0,1387394807,1387394807,1228518499,1268370860,39674649,"[39594570, 39647956, 39781421]"
27,2043,meta-llama/Llama-3.1-8B-mini4L,2048,4,0,1427363079,1427363079,1268370860,1307965430,39799216,"[39647956, 39781421, 39968272]"
27,2115,meta-llama/Llama-3.1-8B-mini4L,2048,4,0,1467142404,1467142404,1307965430,1347613386,39843006,"[39781421, 39968272, 39779325]"
27,2187,meta-llama/Llama-3.1-8B-mini4L,2048,4,0,1506587527,1506587527,1347613386,1387394807,39730906,"[39968272, 39779325, 39445123]"
27,2259,meta-llama/Llama-3.1-8B-mini4L,2048,4,0,1546314776,1546314776,1387394807,1427363079,39650565,"[39779325, 39445123, 39727249]"
27,2331,meta-llama/Llama-3.1-8B-mini4L,2048,4,0,1586263136,1586263136,1427363079,1467142404,39706910,"[39445123, 39727249, 39948360]"
27,2403,meta-llama/Llama-3.1-8B-mini4L,2048,4,0,1626025431,1626025431,1467142404,1506587527,39812634,"[39727249, 39948360, 39762295]"
27,2475,meta-llama/Llama-3.1-8B-mini4L,2048,4,0,1665734864,1665734864,1506587527,1546314776,39806696,"[39948360, 39762295, 39709433]"
27,2547,meta-llama/Llama-3.1-8B-mini4L,2048,4,0,1705417342,1705417342,1546314776,1586263136,39718068,"[39762295, 39709433, 39682478]"
27,2619,meta-llama/Llama-3.1-8B-mini4L,2048,4,0,1745108173,1745108173,1586263136,1626025431,39694247,"[39709433, 39682478, 39690831]"
27,2691,meta-llama/Llama-3.1-8B-mini4L,2048,4,0,1784799004,1784799004,1626025431,1665734864,39688046,"[39682478, 39690831, 39690831]"
27,2763,meta-llama/Llama-3.1-8B-mini4L,2048,4,0,1824542173,1824542173,1665734864,1705417342,39708277,"[39690831, 39690831, 39743169]"
27,2835,meta-llama/Llama-3.1-8B-mini4L,2048,4,0,1864259173,1864259173,1705417342,1745108173,39717000,"[39690831, 39743169, 39717000]"
27,2907,meta-llama/Llama-3.1-8B-mini4L,2048,4,0,1903265124,1903265124,1745108173,1784799004,39488706,"[39743169, 39717000, 39005951]"
27,2979,meta-llama/Llama-3.1-8B-mini4L,2048,4,0,1908887050,1908887050,1784799004,1824542173,28114959,"[39717000, 39005951, 5621926]"
27,3051,meta-llama/Llama-3.1-8B-mini4L,2048,4,0,1911138491,1911138491,1824542173,1864259173,15626439,"[39005951, 5621926, 2251441]"
27,3123,meta-llama/Llama-3.1-8B-mini4L,2048,4,0,1913231172,1913231172,1864259173,1903265124,3322016,"[5621926, 2251441, 2092681]"
27,3195,meta-llama/Llama-3.1-8B-mini4L,2048,4,0,1915320625,1915320625,1903265124,1908887050,2144525,"[2251441, 2092681, 2089453]"
27,3267,meta-llama/Llama-3.1-8B-mini4L,2056,4,3000000000,5415928925,2415928925,322129,2409281803,2215707,"[2215622, 2215706, 2215794]"
27,3339,meta-llama/Llama-3.1-8B-mini4L,2056,4,3000000000,5415928925,2415928925,322129,2409281803,2215707,"[2215622, 2215706, 2215794]"
27,3411,meta-llama/Llama-3.1-8B-mini4L,2056,4,3000000000,5415928925,2415928925,322129,2409281803,2215707,"[2215622, 2215706, 2215794]"
27,3483,meta-llama/Llama-3.1-8B-mini4L,2056,4,3000000000,5415928925,2415928925,322129,2409281803,2215707,"[2215622, 2215706, 2215794]"
27,3555,meta-llama/Llama-3.1-8B-mini4L,2056,4,3000000000,5415928925,2415928925,322129,2409281803,2215707,"[2215622, 2215706, 2215794]"
27,3627,meta-llama/Llama-3.1-8B-mini4L,2056,4,3000000000,5415928925,2415928925,322129,2409281803,2215707,"[2215622, 2215706, 2215794]"
27,3699,meta-llama/Llama-3.1-8B-mini4L,2056,4,3000000000,5415928925,2415928925,322129,2409281803,2215707,"[2215622, 2215706, 2215794]"
27,3771,meta-llama/Llama-3.1-8B-mini4L,2056,4,3000000000,5415928925,2415928925,322129,2409281803,2215707,"[2215622, 2215706, 2215794]"
27,3843,meta-llama/Llama-3.1-8B-mini4L,2056,4,3000000000,11601166685,8601166685,2415928925,8594519563,2215707,"[2215622, 2215706, 2215794]"
27,3915,meta-llama/Llama-3.1-8B-mini4L,2056,4,3000000000,11601166685,8601166685,2415928925,8594519563,2215707,"[2215622, 2215706, 2215794]"
27,3987,meta-llama/Llama-3.1-8B-mini4L,2056,4,3000000000,11601166685,8601166685,2415928925,8594519563,2215707,"[2215622, 2215706, 2215794]"
27,4059,meta-llama/Llama-3.1-8B-mini4L,2056,4,3000000000,11601166685,8601166685,2415928925,8594519563,2215707,"[2215622, 2215706, 2215794]"
27,4131,meta-llama/Llama-3.1-8B-mini4L,2056,4,3000000000,11601166685,8601166685,2415928925,8594519563,2215707,"[2215622, 2215706, 2215794]"
27,4203,meta-llama/Llama-3.1-8B-mini4L,2056,4,3000000000,11601166685,8601166685,2415928925,8594519563,2215707,"[2215622, 2215706, 2215794]"
27,4275,meta-llama/Llama-3.1-8B-mini4L,2056,4,3000000000,11601166685,8601166685,2415928925,8594519563,2215707,"[2215622, 2215706, 2215794]"
27,4347,meta-llama/Llama-3.1-8B-mini4L,2056,4,3000000000,11601166685,8601166685,2415928925,8594519563,2215707,"[2215622, 2215706, 2215794]"
27,4419,meta-llama/Llama-3.1-8B-mini4L,2056,4,3000000000,17786404445,14786404445,8601166685,14779757323,2215707,"[2215622, 2215706, 2215794]"
27,4491,meta-llama/Llama-3.1-8B-mini4L,2056,4,3000000000,17786404445,14786404445,8601166685,14779757323,2215707,"[2215622, 2215706, 2215794]"
27,4563,meta-llama/Llama-3.1-8B-mini4L,2056,4,3000000000,17786404445,14786404445,8601166685,14779757323,2215707,"[2215622, 2215706, 2215794]"
27,4635,meta-llama/Llama-3.1-8B-mini4L,2056,4,3000000000,17786404445,14786404445,8601166685,14779757323,2215707,"[2215622, 2215706, 2215794]"
27,4707,meta-llama/Llama-3.1-8B-mini4L,2056,4,3000000000,17786404445,14786404445,8601166685,14779757323,2215707,"[2215622, 2215706, 2215794]"
27,4779,meta-llama/Llama-3.1-8B-mini4L,2056,4,3000000000,17786404445,14786404445,8601166685,14779757323,2215707,"[2215622, 2215706, 2215794]"
27,4851,meta-llama/Llama-3.1-8B-mini4L,2056,4,3000000000,17786404445,14786404445,8601166685,14779757323,2215707,"[2215622, 2215706, 2215794]"
27,4923,meta-llama/Llama-3.1-8B-mini4L,2056,4,3000000000,17786404445,14786404445,8601166685,14779757323,2215707,"[2215622, 2215706, 2215794]"
27,4995,meta-llama/Llama-3.1-8B-mini4L,2056,4,3000000000,23971642205,20971642205,14786404445,20964995083,2215707,"[2215622, 2215706, 2215794]"
27,5067,meta-llama/Llama-3.1-8B-mini4L,2056,4,3000000000,23971642205,20971642205,14786404445,20964995083,2215707,"[2215622, 2215706, 2215794]"
27,5139,meta-llama/Llama-3.1-8B-mini4L,2056,4,3000000000,23971642205,20971642205,14786404445,20964995083,2215707,"[2215622, 2215706, 2215794]"
27,5211,meta-llama/Llama-3.1-8B-mini4L,2056,4,3000000000,23971642205,20971642205,14786404445,20964995083,2215707,"[2215622, 2215706, 2215794]"
27,5283,meta-llama/Llama-3.1-8B-mini4L,2056,4,3000000000,23971642205,20971642205,14786404445,20964995083,2215707,"[2215622, 2215706, 2215794]"
27,5355,meta-llama/Llama-3.1-8B-mini4L,2056,4,3000000000,23971642205,20971642205,14786404445,20964995083,2215707,"[2215622, 2215706, 2215794]"
27,5427,meta-llama/Llama-3.1-8B-mini4L,2056,4,3000000000,23971642205,20971642205,14786404445,20964995083,2215707,"[2215622, 2215706, 2215794]"
27,5499,meta-llama/Llama-3.1-8B-mini4L,2056,4,3000000000,23971642205,20971642205,14786404445,20964995083,2215707,"[2215622, 2215706, 2215794]"
27,5571,meta-llama/Llama-3.1-8B-mini4L,2056,4,3000000000,30156879965,27156879965,20971642205,27150232843,2215707,"[2215622, 2215706, 2215794]"
27,5643,meta-llama/Llama-3.1-8B-mini4L,2056,4,3000000000,30156879965,27156879965,20971642205,27150232843,2215707,"[2215622, 2215706, 2215794]"
27,5715,meta-llama/Llama-3.1-8B-mini4L,2056,4,3000000000,30156879965,27156879965,20971642205,27150232843,2215707,"[2215622, 2215706, 2215794]"
27,5787,meta-llama/Llama-3.1-8B-mini4L,2056,4,3000000000,30156879965,27156879965,20971642205,27150232843,2215707,"[2215622, 2215706, 2215794]"
27,5859,meta-llama/Llama-3.1-8B-mini4L,2056,4,3000000000,30156879965,27156879965,20971642205,27150232843,2215707,"[2215622, 2215706, 2215794]"
27,5931,meta-llama/Llama-3.1-8B-mini4L,2056,4,3000000000,30156879965,27156879965,20971642205,27150232843,2215707,"[2215622, 2215706, 2215794]"
27,6003,meta-llama/Llama-3.1-8B-mini4L,2056,4,3000000000,30156879965,27156879965,20971642205,27150232843,2215707,"[2215622, 2215706, 2215794]"
27,6075,meta-llama/Llama-3.1-8B-mini4L,2056,4,3000000000,30156879965,27156879965,20971642205,27150232843,2215707,"[2215622, 2215706, 2215794]"
27,6147,meta-llama/Llama-3.1-8B-mini4L,2056,4,3000000000,35166614309,32166614309,27156879965,32160270566,2114581,"[2114537, 2114581, 2114625]"
27,6219,meta-llama/Llama-3.1-8B-mini4L,2056,4,3000000000,35166614309,32166614309,27156879965,32160270566,2114581,"[2114537, 2114581, 2114625]"
27,6291,meta-llama/Llama-3.1-8B-mini4L,2056,4,3000000000,35166614309,32166614309,27156879965,32160270566,2114581,"[2114537, 2114581, 2114625]"
27,6363,meta-llama/Llama-3.1-8B-mini4L,2056,4,3000000000,35166614309,32166614309,27156879965,32160270566,2114581,"[2114537, 2114581, 2114625]"
28,28,meta-llama/Llama-3.1-8B-mini4L,2048,4,0,174935112,174935112,1,26276981,49552710,"[48887602, 49863356, 49907173]"
28,100,meta-llama/Llama-3.1-8B-mini4L,2048,4,0,274788832,274788832,75164583,125027939,49920297,"[49907173, 49906421, 49947299]"
28,172,meta-llama/Llama-3.1-8B-mini4L,2048,4,0,324735079,324735079,125027939,174935112,49933322,"[49906421, 49947299, 49946247]"
28,244,meta-llama/Llama-3.1-8B-mini4L,2048,4,0,374680270,374680270,174935112,224841533,49946245,"[49947299, 49946247, 49945191]"
28,316,meta-llama/Llama-3.1-8B-mini4L,2048,4,0,424624405,424624405,224841533,274788832,49945191,"[49946247, 49945191, 49944135]"
28,388,meta-llama/Llama-3.1-8B-mini4L,2048,4,0,474567484,474567484,274788832,324735079,49944135,"[49945191, 49944135, 49943079]"
28,460,meta-llama/Llama-3.1-8B-mini4L,2048,4,0,524564857,524564857,324735079,374680270,49961529,"[49944135, 49943079, 49997373]"
28,532,meta-llama/Llama-3.1-8B-mini4L,2048,4,0,573040284,573040284,374680270,424624405,49471959,"[49943079, 49997373, 48475427]"
28,604,meta-llama/Llama-3.1-8B-mini4L,2048,4,0,620020978,620020978,424624405,474567484,48484498,"[49997373, 48475427, 46980694]"
28,676,meta-llama/Llama-3.1-8B-mini4L,2048,4,0,665450409,665450409,474567484,524564857,46961850,"[48475427, 46980694, 45429431]"
28,748,meta-llama/Llama-3.1-8B-mini4L,2048,4,0,709384845,709384845,524564857,573040284,45448187,"[46980694, 45429431, 43934436]"
28,820,meta-llama/Llama-3.1-8B-mini4L,2048,4,0,748179442,748179442,573040284,620020978,42719488,"[45429431, 43934436, 38794597]"
28,892,meta-llama/Llama-3.1-8B-mini4L,2048,4,0,790014341,790014341,620020978,665450409,41521310,"[43934436, 38794597, 41834899]"
28,964,meta-llama/Llama-3.1-8B-mini4L,2048,4,0,830903817,830903817,665450409,709384845,40506324,"[38794597, 41834899, 40889476]"
28,1036,meta-llama/Llama-3.1-8B-mini4L,2048,4,0,871080979,871080979,709384845,748179442,40967179,"[41834899, 40889476, 40177162]"
28,1108,meta-llama/Llama-3.1-8B-mini4L,2048,4,0,911270979,911270979,748179442,790014341,40418879,"[40889476, 40177162, 40190000]"
28,1180,meta-llama/Llama-3.1-8B-mini4L,2048,4,0,950410227,950410227,790014341,830903817,39835470,"[40177162, 40190000, 39139248]"
28,1252,meta-llama/Llama-3.1-8B-mini4L,2048,4,0,989984947,989984947,830903817,871080979,39634656,"[40190000, 39139248, 39574720]"
28,1324,meta-llama/Llama-3.1-8B-mini4L,2048,4,0,1030076790,1030076790,871080979,911270979,39601937,"[39139248, 39574720, 40091843]"
28,1396,meta-llama/Llama-3.1-8B-mini4L,2048,4,0,1070138272,1070138272,911270979,950410227,39909348,"[39574720, 40091843, 40061482]"
28,1468,meta-llama/Llama-3.1-8B-mini4L,2048,4,0,1109965774,1109965774,950410227,989984947,39993609,"[40091843, 40061482, 39827502]"
28,1540,meta-llama/Llama-3.1-8B-mini4L,2048,4,0,1149146356,1149146356,989984947,1030076790,39689855,"[40061482, 39827502, 39180582]"
28,1612,meta-llama/Llama-3.1-8B-mini4L,2048,4,0,1189000813,1189000813,1030076790,1070138272,39620847,"[39827502, 39180582, 39854457]"
28,1684,meta-llama/Llama-3.1-8B-mini4L,2048,4,0,1229043955,1229043955,1070138272,1109965774,39692727,"[39180582, 39854457, 40043142]"
28,1756,meta-llama/Llama-3.1-8B-mini4L,2048,4,0,1268923009,1268923009,1109965774,1149146356,39925551,"[39854457, 40043142, 39879054]"
28,1828,meta-llama/Llama-3.1-8B-mini4L,2048,4,0,1308490886,1308490886,1149146356,1189000813,39830024,"[40043142, 39879054, 39567877]"
28,1900,meta-llama/Llama-3.1-8B-mini4L,2048,4,0,1348165535,1348165535,1189000813,1229043955,39707193,"[39879054, 39567877, 39674649]"
28,1972,meta-llama/Llama-3.1-8B-mini4L,2048,4,0,1387946956,1387946956,1229043955,1268923009,39674649,"[39567877, 39674649, 39781421]"
28,2044,meta-llama/Llama-3.1-8B-mini4L,2048,4,0,1427915228,1427915228,1268923009,1308490886,39808114,"[39674649, 39781421, 39968272]"
28,2116,meta-llama/Llama-3.1-8B-mini4L,2048,4,0,1467694291,1467694291,1308490886,1348165535,39842918,"[39781421, 39968272, 39779063]"
28,2188,meta-llama/Llama-3.1-8B-mini4L,2048,4,0,1507192276,1507192276,1348165535,1387946956,39748440,"[39968272, 39779063, 39497985]"
28,2260,meta-llama/Llama-3.1-8B-mini4L,2048,4,0,1546866925,1546866925,1387946956,1427915228,39650565,"[39779063, 39497985, 39674649]"
28,2332,meta-llama/Llama-3.1-8B-mini4L,2048,4,0,1586788592,1586788592,1427915228,1467694291,39698100,"[39497985, 39674649, 39921667]"
28,2404,meta-llama/Llama-3.1-8B-mini4L,2048,4,0,1626550887,1626550887,1467694291,1507192276,39786203,"[39674649, 39921667, 39762295]"
28,2476,meta-llama/Llama-3.1-8B-mini4L,2048,4,0,1666286751,1666286751,1507192276,1546866925,39806608,"[39921667, 39762295, 39735864]"
28,2548,meta-llama/Llama-3.1-8B-mini4L,2048,4,0,1705995136,1705995136,1546866925,1586788592,39735514,"[39762295, 39735864, 39708385]"
28,2620,meta-llama/Llama-3.1-8B-mini4L,2048,4,0,1745659798,1745659798,1586788592,1626550887,39702970,"[39735864, 39708385, 39664662]"
28,2692,meta-llama/Llama-3.1-8B-mini4L,2048,4,0,1785350629,1785350629,1626550887,1666286751,39687959,"[39708385, 39664662, 39690831]"
28,2764,meta-llama/Llama-3.1-8B-mini4L,2048,4,0,1825093798,1825093798,1666286751,1705995136,39699554,"[39664662, 39690831, 39743169]"
28,2836,meta-llama/Llama-3.1-8B-mini4L,2048,4,0,1864810798,1864810798,1705995136,1745659798,39717000,"[39690831, 39743169, 39717000]"
28,2908,meta-llama/Llama-3.1-8B-mini4L,2048,4,0,1903790580,1903790580,1745659798,1785350629,39479983,"[39743169, 39717000, 38979782]"
28,2980,meta-llama/Llama-3.1-8B-mini4L,2048,4,0,1908920260,1908920260,1785350629,1825093798,27942154,"[39717000, 38979782, 5129680]"
28,3052,meta-llama/Llama-3.1-8B-mini4L,2048,4,0,1911139380,1911139380,1825093798,1864810798,15442860,"[38979782, 5129680, 2219120]"
28,3124,meta-llama/Llama-3.1-8B-mini4L,2048,4,0,1913231805,1913231805,1864810798,1903790580,3147075,"[5129680, 2219120, 2092425]"
28,3196,meta-llama/Llama-3.1-8B-mini4L,2048,4,0,1915321001,1915321001,1903790580,1908920260,2133580,"[2219120, 2092425, 2089196]"
28,3268,meta-llama/Llama-3.1-8B-mini4L,2056,4,3000000000,5501835005,2501835005,322129,2495187883,2215707,"[2215622, 2215706, 2215794]"
28,3340,meta-llama/Llama-3.1-8B-mini4L,2056,4,3000000000,5501835005,2501835005,322129,2495187883,2215707,"[2215622, 2215706, 2215794]"
28,3412,meta-llama/Llama-3.1-8B-mini4L,2056,4,3000000000,5501835005,2501835005,322129,2495187883,2215707,"[2215622, 2215706, 2215794]"
28,3484,meta-llama/Llama-3.1-8B-mini4L,2056,4,3000000000,5501835005,2501835005,322129,2495187883,2215707,"[2215622, 2215706, 2215794]"
28,3556,meta-llama/Llama-3.1-8B-mini4L,2056,4,3000000000,5501835005,2501835005,322129,2495187883,2215707,"[2215622, 2215706, 2215794]"
28,3628,meta-llama/Llama-3.1-8B-mini4L,2056,4,3000000000,5501835005,2501835005,322129,2495187883,2215707,"[2215622, 2215706, 2215794]"
28,3700,meta-llama/Llama-3.1-8B-mini4L,2056,4,3000000000,5501835005,2501835005,322129,2495187883,2215707,"[2215622, 2215706, 2215794]"
28,3772,meta-llama/Llama-3.1-8B-mini4L,2056,4,3000000000,5501835005,2501835005,322129,2495187883,2215707,"[2215622, 2215706, 2215794]"
28,3844,meta-llama/Llama-3.1-8B-mini4L,2056,4,3000000000,11687072765,8687072765,2501835005,8680425643,2215707,"[2215622, 2215706, 2215794]"
28,3916,meta-llama/Llama-3.1-8B-mini4L,2056,4,3000000000,11687072765,8687072765,2501835005,8680425643,2215707,"[2215622, 2215706, 2215794]"
28,3988,meta-llama/Llama-3.1-8B-mini4L,2056,4,3000000000,11687072765,8687072765,2501835005,8680425643,2215707,"[2215622, 2215706, 2215794]"
28,4060,meta-llama/Llama-3.1-8B-mini4L,2056,4,3000000000,11687072765,8687072765,2501835005,8680425643,2215707,"[2215622, 2215706, 2215794]"
28,4132,meta-llama/Llama-3.1-8B-mini4L,2056,4,3000000000,11687072765,8687072765,2501835005,8680425643,2215707,"[2215622, 2215706, 2215794]"
28,4204,meta-llama/Llama-3.1-8B-mini4L,2056,4,3000000000,11687072765,8687072765,2501835005,8680425643,2215707,"[2215622, 2215706, 2215794]"
28,4276,meta-llama/Llama-3.1-8B-mini4L,2056,4,3000000000,11687072765,8687072765,2501835005,8680425643,2215707,"[2215622, 2215706, 2215794]"
28,4348,meta-llama/Llama-3.1-8B-mini4L,2056,4,3000000000,11687072765,8687072765,2501835005,8680425643,2215707,"[2215622, 2215706, 2215794]"
28,4420,meta-llama/Llama-3.1-8B-mini4L,2056,4,3000000000,17872310525,14872310525,8687072765,14865663403,2215707,"[2215622, 2215706, 2215794]"
28,4492,meta-llama/Llama-3.1-8B-mini4L,2056,4,3000000000,17872310525,14872310525,8687072765,14865663403,2215707,"[2215622, 2215706, 2215794]"
28,4564,meta-llama/Llama-3.1-8B-mini4L,2056,4,3000000000,17872310525,14872310525,8687072765,14865663403,2215707,"[2215622, 2215706, 2215794]"
28,4636,meta-llama/Llama-3.1-8B-mini4L,2056,4,3000000000,17872310525,14872310525,8687072765,14865663403,2215707,"[2215622, 2215706, 2215794]"
28,4708,meta-llama/Llama-3.1-8B-mini4L,2056,4,3000000000,17872310525,14872310525,8687072765,14865663403,2215707,"[2215622, 2215706, 2215794]"
28,4780,meta-llama/Llama-3.1-8B-mini4L,2056,4,3000000000,17872310525,14872310525,8687072765,14865663403,2215707,"[2215622, 2215706, 2215794]"
28,4852,meta-llama/Llama-3.1-8B-mini4L,2056,4,3000000000,17872310525,14872310525,8687072765,14865663403,2215707,"[2215622, 2215706, 2215794]"
28,4924,meta-llama/Llama-3.1-8B-mini4L,2056,4,3000000000,17872310525,14872310525,8687072765,14865663403,2215707,"[2215622, 2215706, 2215794]"
28,4996,meta-llama/Llama-3.1-8B-mini4L,2056,4,3000000000,24057548285,21057548285,14872310525,21050901163,2215707,"[2215622, 2215706, 2215794]"
28,5068,meta-llama/Llama-3.1-8B-mini4L,2056,4,3000000000,24057548285,21057548285,14872310525,21050901163,2215707,"[2215622, 2215706, 2215794]"
28,5140,meta-llama/Llama-3.1-8B-mini4L,2056,4,3000000000,24057548285,21057548285,14872310525,21050901163,2215707,"[2215622, 2215706, 2215794]"
28,5212,meta-llama/Llama-3.1-8B-mini4L,2056,4,3000000000,24057548285,21057548285,14872310525,21050901163,2215707,"[2215622, 2215706, 2215794]"
28,5284,meta-llama/Llama-3.1-8B-mini4L,2056,4,3000000000,24057548285,21057548285,14872310525,21050901163,2215707,"[2215622, 2215706, 2215794]"
28,5356,meta-llama/Llama-3.1-8B-mini4L,2056,4,3000000000,24057548285,21057548285,14872310525,21050901163,2215707,"[2215622, 2215706, 2215794]"
28,5428,meta-llama/Llama-3.1-8B-mini4L,2056,4,3000000000,24057548285,21057548285,14872310525,21050901163,2215707,"[2215622, 2215706, 2215794]"
28,5500,meta-llama/Llama-3.1-8B-mini4L,2056,4,3000000000,24057548285,21057548285,14872310525,21050901163,2215707,"[2215622, 2215706, 2215794]"
28,5572,meta-llama/Llama-3.1-8B-mini4L,2056,4,3000000000,30242786045,27242786045,21057548285,27236138923,2215707,"[2215622, 2215706, 2215794]"
28,5644,meta-llama/Llama-3.1-8B-mini4L,2056,4,3000000000,30242786045,27242786045,21057548285,27236138923,2215707,"[2215622, 2215706, 2215794]"
28,5716,meta-llama/Llama-3.1-8B-mini4L,2056,4,3000000000,30242786045,27242786045,21057548285,27236138923,2215707,"[2215622, 2215706, 2215794]"
28,5788,meta-llama/Llama-3.1-8B-mini4L,2056,4,3000000000,30242786045,27242786045,21057548285,27236138923,2215707,"[2215622, 2215706, 2215794]"
28,5860,meta-llama/Llama-3.1-8B-mini4L,2056,4,3000000000,30242786045,27242786045,21057548285,27236138923,2215707,"[2215622, 2215706, 2215794]"
28,5932,meta-llama/Llama-3.1-8B-mini4L,2056,4,3000000000,30242786045,27242786045,21057548285,27236138923,2215707,"[2215622, 2215706, 2215794]"
28,6004,meta-llama/Llama-3.1-8B-mini4L,2056,4,3000000000,30242786045,27242786045,21057548285,27236138923,2215707,"[2215622, 2215706, 2215794]"
28,6076,meta-llama/Llama-3.1-8B-mini4L,2056,4,3000000000,30242786045,27242786045,21057548285,27236138923,2215707,"[2215622, 2215706, 2215794]"
28,6148,meta-llama/Llama-3.1-8B-mini4L,2056,4,3000000000,35210577349,32210577349,27242786045,32204233606,2114581,"[2114537, 2114581, 2114625]"
28,6220,meta-llama/Llama-3.1-8B-mini4L,2056,4,3000000000,35210577349,32210577349,27242786045,32204233606,2114581,"[2114537, 2114581, 2114625]"
28,6292,meta-llama/Llama-3.1-8B-mini4L,2056,4,3000000000,35210577349,32210577349,27242786045,32204233606,2114581,"[2114537, 2114581, 2114625]"
28,6364,meta-llama/Llama-3.1-8B-mini4L,2056,4,3000000000,35210577349,32210577349,27242786045,32204233606,2114581,"[2114537, 2114581, 2114625]"
29,29,meta-llama/Llama-3.1-8B-mini4L,2048,4,0,175460568,175460568,1,26802437,49552710,"[48887602, 49863356, 49907173]"
29,101,meta-llama/Llama-3.1-8B-mini4L,2048,4,0,275314288,275314288,75690039,125553395,49920297,"[49907173, 49906421, 49947299]"
29,173,meta-llama/Llama-3.1-8B-mini4L,2048,4,0,325260535,325260535,125553395,175460568,49933322,"[49906421, 49947299, 49946247]"
29,245,meta-llama/Llama-3.1-8B-mini4L,2048,4,0,375205726,375205726,175460568,225366989,49946245,"[49947299, 49946247, 49945191]"
29,317,meta-llama/Llama-3.1-8B-mini4L,2048,4,0,425149861,425149861,225366989,275314288,49945191,"[49946247, 49945191, 49944135]"
29,389,meta-llama/Llama-3.1-8B-mini4L,2048,4,0,475092940,475092940,275314288,325260535,49944135,"[49945191, 49944135, 49943079]"
29,461,meta-llama/Llama-3.1-8B-mini4L,2048,4,0,525090313,525090313,325260535,375205726,49961529,"[49944135, 49943079, 49997373]"
29,533,meta-llama/Llama-3.1-8B-mini4L,2048,4,0,573565740,573565740,375205726,425149861,49471959,"[49943079, 49997373, 48475427]"
29,605,meta-llama/Llama-3.1-8B-mini4L,2048,4,0,620546434,620546434,425149861,475092940,48484498,"[49997373, 48475427, 46980694]"
29,677,meta-llama/Llama-3.1-8B-mini4L,2048,4,0,665975865,665975865,475092940,525090313,46961850,"[48475427, 46980694, 45429431]"
29,749,meta-llama/Llama-3.1-8B-mini4L,2048,4,0,709910301,709910301,525090313,573565740,45448187,"[46980694, 45429431, 43934436]"
29,821,meta-llama/Llama-3.1-8B-mini4L,2048,4,0,748897251,748897251,573565740,620546434,42783605,"[45429431, 43934436, 38986950]"
29,893,meta-llama/Llama-3.1-8B-mini4L,2048,4,0,790539797,790539797,620546434,665975865,41521310,"[43934436, 38986950, 41642546]"
29,965,meta-llama/Llama-3.1-8B-mini4L,2048,4,0,831429273,831429273,665975865,709910301,40506324,"[38986950, 41642546, 40889476]"
29,1037,meta-llama/Llama-3.1-8B-mini4L,2048,4,0,871606435,871606435,709910301,748897251,40903061,"[41642546, 40889476, 40177162]"
29,1109,meta-llama/Llama-3.1-8B-mini4L,2048,4,0,911796435,911796435,748897251,790539797,40418879,"[40889476, 40177162, 40190000]"
29,1181,meta-llama/Llama-3.1-8B-mini4L,2048,4,0,951044551,951044551,790539797,831429273,39871759,"[40177162, 40190000, 39248116]"
29,1253,meta-llama/Llama-3.1-8B-mini4L,2048,4,0,990537620,990537620,831429273,871606435,39643728,"[40190000, 39248116, 39493069]"
29,1325,meta-llama/Llama-3.1-8B-mini4L,2048,4,0,1030629463,1030629463,871606435,911796435,39611009,"[39248116, 39493069, 40091843]"
29,1397,meta-llama/Llama-3.1-8B-mini4L,2048,4,0,1070663728,1070663728,911796435,951044551,39873059,"[39493069, 40091843, 40034265]"
29,1469,meta-llama/Llama-3.1-8B-mini4L,2048,4,0,1110491230,1110491230,951044551,990537620,39984536,"[40091843, 40034265, 39827502]"
29,1541,meta-llama/Llama-3.1-8B-mini4L,2048,4,0,1149698767,1149698767,990537620,1030629463,39689768,"[40034265, 39827502, 39207537]"
29,1613,meta-llama/Llama-3.1-8B-mini4L,2048,4,0,1189553224,1189553224,1030629463,1070663728,39629832,"[39827502, 39207537, 39854457]"
29,1685,meta-llama/Llama-3.1-8B-mini4L,2048,4,0,1229596366,1229596366,1070663728,1110491230,39701712,"[39207537, 39854457, 40043142]"
29,1757,meta-llama/Llama-3.1-8B-mini4L,2048,4,0,1269501851,1269501851,1110491230,1149698767,39934361,"[39854457, 40043142, 39905485]"
29,1829,meta-llama/Llama-3.1-8B-mini4L,2048,4,0,1309149807,1309149807,1149698767,1189553224,39865527,"[40043142, 39905485, 39647956]"
29,1901,meta-llama/Llama-3.1-8B-mini4L,2048,4,0,1348717684,1348717684,1189553224,1229596366,39707106,"[39905485, 39647956, 39567877]"
29,1973,meta-llama/Llama-3.1-8B-mini4L,2048,4,0,1388472412,1388472412,1229596366,1269501851,39656853,"[39647956, 39567877, 39754728]"
29,2045,meta-llama/Llama-3.1-8B-mini4L,2048,4,0,1428467377,1428467377,1269501851,1309149807,39772523,"[39567877, 39754728, 39994965]"
29,2117,meta-llama/Llama-3.1-8B-mini4L,2048,4,0,1468246178,1468246178,1309149807,1348717684,39842831,"[39754728, 39994965, 39778801]"
29,2189,meta-llama/Llama-3.1-8B-mini4L,2048,4,0,1507744425,1507744425,1348717684,1388472412,39757337,"[39994965, 39778801, 39498247]"
29,2261,meta-llama/Llama-3.1-8B-mini4L,2048,4,0,1547472460,1547472460,1388472412,1428467377,39668361,"[39778801, 39498247, 39728035]"
29,2333,meta-llama/Llama-3.1-8B-mini4L,2048,4,0,1587340479,1587340479,1428467377,1468246178,39698100,"[39498247, 39728035, 39868019]"
29,2405,meta-llama/Llama-3.1-8B-mini4L,2048,4,0,1627102774,1627102774,1468246178,1507744425,39786116,"[39728035, 39868019, 39762295]"
29,2477,meta-llama/Llama-3.1-8B-mini4L,2048,4,0,1666865069,1666865069,1507744425,1547472460,39797536,"[39868019, 39762295, 39762295]"
29,2549,meta-llama/Llama-3.1-8B-mini4L,2048,4,0,1706546761,1706546761,1547472460,1587340479,39735427,"[39762295, 39762295, 39681692]"
29,2621,meta-llama/Llama-3.1-8B-mini4L,2048,4,0,1746237592,1746237592,1587340479,1627102774,39711606,"[39762295, 39681692, 39690831]"
29,2693,meta-llama/Llama-3.1-8B-mini4L,2048,4,0,1785928423,1785928423,1627102774,1666865069,39687784,"[39681692, 39690831, 39690831]"
29,2765,meta-llama/Llama-3.1-8B-mini4L,2048,4,0,1825671592,1825671592,1666865069,1706546761,39708277,"[39690831, 39690831, 39743169]"
29,2837,meta-llama/Llama-3.1-8B-mini4L,2048,4,0,1865336254,1865336254,1706546761,1746237592,39699554,"[39690831, 39743169, 39664662]"
29,2909,meta-llama/Llama-3.1-8B-mini4L,2048,4,0,1904381036,1904381036,1746237592,1785928423,39484204,"[39743169, 39664662, 39044782]"
29,2981,meta-llama/Llama-3.1-8B-mini4L,2048,4,0,1908953590,1908953590,1785928423,1825671592,27760666,"[39664662, 39044782, 4572554]"
29,3053,meta-llama/Llama-3.1-8B-mini4L,2048,4,0,1911140269,1911140269,1825671592,1865336254,15268005,"[39044782, 4572554, 2186679]"
29,3125,meta-llama/Llama-3.1-8B-mini4L,2048,4,0,1913232438,1913232438,1865336254,1904381036,2950467,"[4572554, 2186679, 2092169]"
29,3197,meta-llama/Llama-3.1-8B-mini4L,2048,4,0,1915321377,1915321377,1904381036,1908953590,2122595,"[2186679, 2092169, 2088939]"
29,3269,meta-llama/Llama-3.1-8B-mini4L,2056,4,3000000000,5587741085,2587741085,322129,2581093963,2215707,"[2215622, 2215706, 2215794]"
29,3341,meta-llama/Llama-3.1-8B-mini4L,2056,4,3000000000,5587741085,2587741085,322129,2581093963,2215707,"[2215622, 2215706, 2215794]"
29,3413,meta-llama/Llama-3.1-8B-mini4L,2056,4,3000000000,5587741085,2587741085,322129,2581093963,2215707,"[2215622, 2215706, 2215794]"
29,3485,meta-llama/Llama-3.1-8B-mini4L,2056,4,3000000000,5587741085,2587741085,322129,2581093963,2215707,"[2215622, 2215706, 2215794]"
29,3557,meta-llama/Llama-3.1-8B-mini4L,2056,4,3000000000,5587741085,2587741085,322129,2581093963,2215707,"[2215622, 2215706, 2215794]"
29,3629,meta-llama/Llama-3.1-8B-mini4L,2056,4,3000000000,5587741085,2587741085,322129,2581093963,2215707,"[2215622, 2215706, 2215794]"
29,3701,meta-llama/Llama-3.1-8B-mini4L,2056,4,3000000000,5587741085,2587741085,322129,2581093963,2215707,"[2215622, 2215706, 2215794]"
29,3773,meta-llama/Llama-3.1-8B-mini4L,2056,4,3000000000,5587741085,2587741085,322129,2581093963,2215707,"[2215622, 2215706, 2215794]"
29,3845,meta-llama/Llama-3.1-8B-mini4L,2056,4,3000000000,11772978845,8772978845,2587741085,8766331723,2215707,"[2215622, 2215706, 2215794]"
29,3917,meta-llama/Llama-3.1-8B-mini4L,2056,4,3000000000,11772978845,8772978845,2587741085,8766331723,2215707,"[2215622, 2215706, 2215794]"
29,3989,meta-llama/Llama-3.1-8B-mini4L,2056,4,3000000000,11772978845,8772978845,2587741085,8766331723,2215707,"[2215622, 2215706, 2215794]"
29,4061,meta-llama/Llama-3.1-8B-mini4L,2056,4,3000000000,11772978845,8772978845,2587741085,8766331723,2215707,"[2215622, 2215706, 2215794]"
29,4133,meta-llama/Llama-3.1-8B-mini4L,2056,4,3000000000,11772978845,8772978845,2587741085,8766331723,2215707,"[2215622, 2215706, 2215794]"
29,4205,meta-llama/Llama-3.1-8B-mini4L,2056,4,3000000000,11772978845,8772978845,2587741085,8766331723,2215707,"[2215622, 2215706, 2215794]"
29,4277,meta-llama/Llama-3.1-8B-mini4L,2056,4,3000000000,11772978845,8772978845,2587741085,8766331723,2215707,"[2215622, 2215706, 2215794]"
29,4349,meta-llama/Llama-3.1-8B-mini4L,2056,4,3000000000,11772978845,8772978845,2587741085,8766331723,2215707,"[2215622, 2215706, 2215794]"
29,4421,meta-llama/Llama-3.1-8B-mini4L,2056,4,3000000000,17958216605,14958216605,8772978845,14951569483,2215707,"[2215622, 2215706, 2215794]"
29,4493,meta-llama/Llama-3.1-8B-mini4L,2056,4,3000000000,17958216605,14958216605,8772978845,14951569483,2215707,"[2215622, 2215706, 2215794]"
29,4565,meta-llama/Llama-3.1-8B-mini4L,2056,4,3000000000,17958216605,14958216605,8772978845,14951569483,2215707,"[2215622, 2215706, 2215794]"
29,4637,meta-llama/Llama-3.1-8B-mini4L,2056,4,3000000000,17958216605,14958216605,8772978845,14951569483,2215707,"[2215622, 2215706, 2215794]"
29,4709,meta-llama/Llama-3.1-8B-mini4L,2056,4,3000000000,17958216605,14958216605,8772978845,14951569483,2215707,"[2215622, 2215706, 2215794]"
29,4781,meta-llama/Llama-3.1-8B-mini4L,2056,4,3000000000,17958216605,14958216605,8772978845,14951569483,2215707,"[2215622, 2215706, 2215794]"
29,4853,meta-llama/Llama-3.1-8B-mini4L,2056,4,3000000000,17958216605,14958216605,8772978845,14951569483,2215707,"[2215622, 2215706, 2215794]"
29,4925,meta-llama/Llama-3.1-8B-mini4L,2056,4,3000000000,17958216605,14958216605,8772978845,14951569483,2215707,"[2215622, 2215706, 2215794]"
29,4997,meta-llama/Llama-3.1-8B-mini4L,2056,4,3000000000,24143454365,21143454365,14958216605,21136807243,2215707,"[2215622, 2215706, 2215794]"
29,5069,meta-llama/Llama-3.1-8B-mini4L,2056,4,3000000000,24143454365,21143454365,14958216605,21136807243,2215707,"[2215622, 2215706, 2215794]"
29,5141,meta-llama/Llama-3.1-8B-mini4L,2056,4,3000000000,24143454365,21143454365,14958216605,21136807243,2215707,"[2215622, 2215706, 2215794]"
29,5213,meta-llama/Llama-3.1-8B-mini4L,2056,4,3000000000,24143454365,21143454365,14958216605,21136807243,2215707,"[2215622, 2215706, 2215794]"
29,5285,meta-llama/Llama-3.1-8B-mini4L,2056,4,3000000000,24143454365,21143454365,14958216605,21136807243,2215707,"[2215622, 2215706, 2215794]"
29,5357,meta-llama/Llama-3.1-8B-mini4L,2056,4,3000000000,24143454365,21143454365,14958216605,21136807243,2215707,"[2215622, 2215706, 2215794]"
29,5429,meta-llama/Llama-3.1-8B-mini4L,2056,4,3000000000,24143454365,21143454365,14958216605,21136807243,2215707,"[2215622, 2215706, 2215794]"
29,5501,meta-llama/Llama-3.1-8B-mini4L,2056,4,3000000000,24143454365,21143454365,14958216605,21136807243,2215707,"[2215622, 2215706, 2215794]"
29,5573,meta-llama/Llama-3.1-8B-mini4L,2056,4,3000000000,30328692125,27328692125,21143454365,27322045003,2215707,"[2215622, 2215706, 2215794]"
29,5645,meta-llama/Llama-3.1-8B-mini4L,2056,4,3000000000,30328692125,27328692125,21143454365,27322045003,2215707,"[2215622, 2215706, 2215794]"
29,5717,meta-llama/Llama-3.1-8B-mini4L,2056,4,3000000000,30328692125,27328692125,21143454365,27322045003,2215707,"[2215622, 2215706, 2215794]"
29,5789,meta-llama/Llama-3.1-8B-mini4L,2056,4,3000000000,30328692125,27328692125,21143454365,27322045003,2215707,"[2215622, 2215706, 2215794]"
29,5861,meta-llama/Llama-3.1-8B-mini4L,2056,4,3000000000,30328692125,27328692125,21143454365,27322045003,2215707,"[2215622, 2215706, 2215794]"
29,5933,meta-llama/Llama-3.1-8B-mini4L,2056,4,3000000000,30328692125,27328692125,21143454365,27322045003,2215707,"[2215622, 2215706, 2215794]"
29,6005,meta-llama/Llama-3.1-8B-mini4L,2056,4,3000000000,30328692125,27328692125,21143454365,27322045003,2215707,"[2215622, 2215706, 2215794]"
29,6077,meta-llama/Llama-3.1-8B-mini4L,2056,4,3000000000,30328692125,27328692125,21143454365,27322045003,2215707,"[2215622, 2215706, 2215794]"
29,6149,meta-llama/Llama-3.1-8B-mini4L,2056,4,3000000000,35254540389,32254540389,27328692125,32248196646,2114581,"[2114537, 2114581, 2114625]"
29,6221,meta-llama/Llama-3.1-8B-mini4L,2056,4,3000000000,35254540389,32254540389,27328692125,32248196646,2114581,"[2114537, 2114581, 2114625]"
29,6293,meta-llama/Llama-3.1-8B-mini4L,2056,4,3000000000,35254540389,32254540389,27328692125,32248196646,2114581,"[2114537, 2114581, 2114625]"
29,6365,meta-llama/Llama-3.1-8B-mini4L,2056,4,3000000000,35254540389,32254540389,27328692125,32248196646,2114581,"[2114537, 2114581, 2114625]"
30,30,meta-llama/Llama-3.1-8B-mini4L,2048,4,0,175986024,175986024,1,27327893,49552710,"[48887602, 49863356, 49907173]"
30,102,meta-llama/Llama-3.1-8B-mini4L,2048,4,0,275839744,275839744,76215495,126078851,49920297,"[49907173, 49906421, 49947299]"
30,174,meta-llama/Llama-3.1-8B-mini4L,2048,4,0,325785991,325785991,126078851,175986024,49933322,"[49906421, 49947299, 49946247]"
30,246,meta-llama/Llama-3.1-8B-mini4L,2048,4,0,375731182,375731182,175986024,225892445,49946245,"[49947299, 49946247, 49945191]"
30,318,meta-llama/Llama-3.1-8B-mini4L,2048,4,0,425675317,425675317,225892445,275839744,49945191,"[49946247, 49945191, 49944135]"
30,390,meta-llama/Llama-3.1-8B-mini4L,2048,4,0,475618396,475618396,275839744,325785991,49944135,"[49945191, 49944135, 49943079]"
30,462,meta-llama/Llama-3.1-8B-mini4L,2048,4,0,525615769,525615769,325785991,375731182,49961529,"[49944135, 49943079, 49997373]"
30,534,meta-llama/Llama-3.1-8B-mini4L,2048,4,0,574091196,574091196,375731182,425675317,49471959,"[49943079, 49997373, 48475427]"
30,606,meta-llama/Llama-3.1-8B-mini4L,2048,4,0,621071890,621071890,425675317,475618396,48484498,"[49997373, 48475427, 46980694]"
30,678,meta-llama/Llama-3.1-8B-mini4L,2048,4,0,666501321,666501321,475618396,525615769,46961850,"[48475427, 46980694, 45429431]"
30,750,meta-llama/Llama-3.1-8B-mini4L,2048,4,0,710435757,710435757,525615769,574091196,45448187,"[46980694, 45429431, 43934436]"
30,822,meta-llama/Llama-3.1-8B-mini4L,2048,4,0,749670018,749670018,574091196,621071890,42866042,"[45429431, 43934436, 39234261]"
30,894,meta-llama/Llama-3.1-8B-mini4L,2048,4,0,791065253,791065253,621071890,666501321,41521310,"[43934436, 39234261, 41395235]"
30,966,meta-llama/Llama-3.1-8B-mini4L,2048,4,0,831982208,831982208,666501321,710435757,40515483,"[39234261, 41395235, 40916955]"
30,1038,meta-llama/Llama-3.1-8B-mini4L,2048,4,0,872131891,872131891,710435757,749670018,40820624,"[41395235, 40916955, 40149683]"
30,1110,meta-llama/Llama-3.1-8B-mini4L,2048,4,0,912321891,912321891,749670018,791065253,40418879,"[40916955, 40149683, 40190000]"
30,1182,meta-llama/Llama-3.1-8B-mini4L,2048,4,0,951651658,951651658,791065253,831982208,39889816,"[40149683, 40190000, 39329767]"
30,1254,meta-llama/Llama-3.1-8B-mini4L,2048,4,0,991063076,991063076,831982208,872131891,39643728,"[40190000, 39329767, 39411418]"
30,1326,meta-llama/Llama-3.1-8B-mini4L,2048,4,0,1031182136,1031182136,872131891,912321891,39620081,"[39329767, 39411418, 40119060]"
30,1398,meta-llama/Llama-3.1-8B-mini4L,2048,4,0,1071216139,1071216139,912321891,951651658,39854827,"[39411418, 40119060, 40034003]"
30,1470,meta-llama/Llama-3.1-8B-mini4L,2048,4,0,1111043641,1111043641,951651658,991063076,39993521,"[40119060, 40034003, 39827502]"
30,1542,meta-llama/Llama-3.1-8B-mini4L,2048,4,0,1150251178,1150251178,991063076,1031182136,39689680,"[40034003, 39827502, 39207537]"
30,1614,meta-llama/Llama-3.1-8B-mini4L,2048,4,0,1190078680,1190078680,1031182136,1071216139,39620847,"[39827502, 39207537, 39827502]"
30,1686,meta-llama/Llama-3.1-8B-mini4L,2048,4,0,1230175732,1230175732,1071216139,1111043641,39710697,"[39207537, 39827502, 40097052]"
30,1758,meta-llama/Llama-3.1-8B-mini4L,2048,4,0,1270134079,1270134079,1111043641,1150251178,39960967,"[39827502, 40097052, 39958347]"
30,1830,meta-llama/Llama-3.1-8B-mini4L,2048,4,0,1309728649,1309728649,1150251178,1190078680,39883323,"[40097052, 39958347, 39594570]"
30,1902,meta-llama/Llama-3.1-8B-mini4L,2048,4,0,1349269833,1349269833,1190078680,1230175732,39698033,"[39958347, 39594570, 39541184]"
30,1974,meta-llama/Llama-3.1-8B-mini4L,2048,4,0,1389024561,1389024561,1230175732,1270134079,39630160,"[39594570, 39541184, 39754728]"
30,2046,meta-llama/Llama-3.1-8B-mini4L,2048,4,0,1429019526,1429019526,1270134079,1309728649,39763625,"[39541184, 39754728, 39994965]"
30,2118,meta-llama/Llama-3.1-8B-mini4L,2048,4,0,1468798065,1468798065,1309728649,1349269833,39842744,"[39754728, 39994965, 39778539]"
30,2190,meta-llama/Llama-3.1-8B-mini4L,2048,4,0,1508296574,1508296574,1349269833,1389024561,39757337,"[39994965, 39778539, 39498509]"
30,2262,meta-llama/Llama-3.1-8B-mini4L,2048,4,0,1548024347,1548024347,1389024561,1429019526,39668273,"[39778539, 39498509, 39727773]"
30,2334,meta-llama/Llama-3.1-8B-mini4L,2048,4,0,1587892366,1587892366,1429019526,1468798065,39698100,"[39498509, 39727773, 39868019]"
30,2406,meta-llama/Llama-3.1-8B-mini4L,2048,4,0,1627654661,1627654661,1468798065,1508296574,39786029,"[39727773, 39868019, 39762295]"
30,2478,meta-llama/Llama-3.1-8B-mini4L,2048,4,0,1667416956,1667416956,1508296574,1548024347,39797536,"[39868019, 39762295, 39762295]"
30,2550,meta-llama/Llama-3.1-8B-mini4L,2048,4,0,1707124555,1707124555,1548024347,1587892366,39744063,"[39762295, 39762295, 39707599]"
30,2622,meta-llama/Llama-3.1-8B-mini4L,2048,4,0,1746789217,1746789217,1587892366,1627654661,39711518,"[39762295, 39707599, 39664662]"
30,2694,meta-llama/Llama-3.1-8B-mini4L,2048,4,0,1786506217,1786506217,1627654661,1667416956,39696420,"[39707599, 39664662, 39717000]"
30,2766,meta-llama/Llama-3.1-8B-mini4L,2048,4,0,1826249386,1826249386,1667416956,1707124555,39708277,"[39664662, 39717000, 39743169]"
30,2838,meta-llama/Llama-3.1-8B-mini4L,2048,4,0,1865914048,1865914048,1707124555,1746789217,39708277,"[39717000, 39743169, 39664662]"
30,2910,meta-llama/Llama-3.1-8B-mini4L,2048,4,0,1904906492,1904906492,1746789217,1786506217,39466758,"[39743169, 39664662, 38992444]"
30,2982,meta-llama/Llama-3.1-8B-mini4L,2048,4,0,1908986800,1908986800,1786506217,1826249386,27579138,"[39664662, 38992444, 4080308]"
30,3054,meta-llama/Llama-3.1-8B-mini4L,2048,4,0,1911141158,1911141158,1826249386,1865914048,15075703,"[38992444, 4080308, 2154358]"
30,3126,meta-llama/Llama-3.1-8B-mini4L,2048,4,0,1913233071,1913233071,1865914048,1904906492,2775526,"[4080308, 2154358, 2091913]"
30,3198,meta-llama/Llama-3.1-8B-mini4L,2048,4,0,1915321753,1915321753,1904906492,1908986800,2111651,"[2154358, 2091913, 2088682]"
30,3270,meta-llama/Llama-3.1-8B-mini4L,2056,4,3000000000,5673647165,2673647165,322129,2667000043,2215707,"[2215622, 2215706, 2215794]"
30,3342,meta-llama/Llama-3.1-8B-mini4L,2056,4,3000000000,5673647165,2673647165,322129,2667000043,2215707,"[2215622, 2215706, 2215794]"
30,3414,meta-llama/Llama-3.1-8B-mini4L,2056,4,3000000000,5673647165,2673647165,322129,2667000043,2215707,"[2215622, 2215706, 2215794]"
30,3486,meta-llama/Llama-3.1-8B-mini4L,2056,4,3000000000,5673647165,2673647165,322129,2667000043,2215707,"[2215622, 2215706, 2215794]"
30,3558,meta-llama/Llama-3.1-8B-mini4L,2056,4,3000000000,5673647165,2673647165,322129,2667000043,2215707,"[2215622, 2215706, 2215794]"
30,3630,meta-llama/Llama-3.1-8B-mini4L,2056,4,3000000000,5673647165,2673647165,322129,2667000043,2215707,"[2215622, 2215706, 2215794]"
30,3702,meta-llama/Llama-3.1-8B-mini4L,2056,4,3000000000,5673647165,2673647165,322129,2667000043,2215707,"[2215622, 2215706, 2215794]"
30,3774,meta-llama/Llama-3.1-8B-mini4L,2056,4,3000000000,5673647165,2673647165,322129,2667000043,2215707,"[2215622, 2215706, 2215794]"
30,3846,meta-llama/Llama-3.1-8B-mini4L,2056,4,3000000000,11858884925,8858884925,2673647165,8852237803,2215707,"[2215622, 2215706, 2215794]"
30,3918,meta-llama/Llama-3.1-8B-mini4L,2056,4,3000000000,11858884925,8858884925,2673647165,8852237803,2215707,"[2215622, 2215706, 2215794]"
30,3990,meta-llama/Llama-3.1-8B-mini4L,2056,4,3000000000,11858884925,8858884925,2673647165,8852237803,2215707,"[2215622, 2215706, 2215794]"
30,4062,meta-llama/Llama-3.1-8B-mini4L,2056,4,3000000000,11858884925,8858884925,2673647165,8852237803,2215707,"[2215622, 2215706, 2215794]"
30,4134,meta-llama/Llama-3.1-8B-mini4L,2056,4,3000000000,11858884925,8858884925,2673647165,8852237803,2215707,"[2215622, 2215706, 2215794]"
30,4206,meta-llama/Llama-3.1-8B-mini4L,2056,4,3000000000,11858884925,8858884925,2673647165,8852237803,2215707,"[2215622, 2215706, 2215794]"
30,4278,meta-llama/Llama-3.1-8B-mini4L,2056,4,3000000000,11858884925,8858884925,2673647165,8852237803,2215707,"[2215622, 2215706, 2215794]"
30,4350,meta-llama/Llama-3.1-8B-mini4L,2056,4,3000000000,11858884925,8858884925,2673647165,8852237803,2215707,"[2215622, 2215706, 2215794]"
30,4422,meta-llama/Llama-3.1-8B-mini4L,2056,4,3000000000,18044122685,15044122685,8858884925,15037475563,2215707,"[2215622, 2215706, 2215794]"
30,4494,meta-llama/Llama-3.1-8B-mini4L,2056,4,3000000000,18044122685,15044122685,8858884925,15037475563,2215707,"[2215622, 2215706, 2215794]"
30,4566,meta-llama/Llama-3.1-8B-mini4L,2056,4,3000000000,18044122685,15044122685,8858884925,15037475563,2215707,"[2215622, 2215706, 2215794]"
30,4638,meta-llama/Llama-3.1-8B-mini4L,2056,4,3000000000,18044122685,15044122685,8858884925,15037475563,2215707,"[2215622, 2215706, 2215794]"
30,4710,meta-llama/Llama-3.1-8B-mini4L,2056,4,3000000000,18044122685,15044122685,8858884925,15037475563,2215707,"[2215622, 2215706, 2215794]"
30,4782,meta-llama/Llama-3.1-8B-mini4L,2056,4,3000000000,18044122685,15044122685,8858884925,15037475563,2215707,"[2215622, 2215706, 2215794]"
30,4854,meta-llama/Llama-3.1-8B-mini4L,2056,4,3000000000,18044122685,15044122685,8858884925,15037475563,2215707,"[2215622, 2215706, 2215794]"
30,4926,meta-llama/Llama-3.1-8B-mini4L,2056,4,3000000000,18044122685,15044122685,8858884925,15037475563,2215707,"[2215622, 2215706, 2215794]"
30,4998,meta-llama/Llama-3.1-8B-mini4L,2056,4,3000000000,24229360445,21229360445,15044122685,21222713323,2215707,"[2215622, 2215706, 2215794]"
30,5070,meta-llama/Llama-3.1-8B-mini4L,2056,4,3000000000,24229360445,21229360445,15044122685,21222713323,2215707,"[2215622, 2215706, 2215794]"
30,5142,meta-llama/Llama-3.1-8B-mini4L,2056,4,3000000000,24229360445,21229360445,15044122685,21222713323,2215707,"[2215622, 2215706, 2215794]"
30,5214,meta-llama/Llama-3.1-8B-mini4L,2056,4,3000000000,24229360445,21229360445,15044122685,21222713323,2215707,"[2215622, 2215706, 2215794]"
30,5286,meta-llama/Llama-3.1-8B-mini4L,2056,4,3000000000,24229360445,21229360445,15044122685,21222713323,2215707,"[2215622, 2215706, 2215794]"
30,5358,meta-llama/Llama-3.1-8B-mini4L,2056,4,3000000000,24229360445,21229360445,15044122685,21222713323,2215707,"[2215622, 2215706, 2215794]"
30,5430,meta-llama/Llama-3.1-8B-mini4L,2056,4,3000000000,24229360445,21229360445,15044122685,21222713323,2215707,"[2215622, 2215706, 2215794]"
30,5502,meta-llama/Llama-3.1-8B-mini4L,2056,4,3000000000,24229360445,21229360445,15044122685,21222713323,2215707,"[2215622, 2215706, 2215794]"
30,5574,meta-llama/Llama-3.1-8B-mini4L,2056,4,3000000000,30414598205,27414598205,21229360445,27407951083,2215707,"[2215622, 2215706, 2215794]"
30,5646,meta-llama/Llama-3.1-8B-mini4L,2056,4,3000000000,30414598205,27414598205,21229360445,27407951083,2215707,"[2215622, 2215706, 2215794]"
30,5718,meta-llama/Llama-3.1-8B-mini4L,2056,4,3000000000,30414598205,27414598205,21229360445,27407951083,2215707,"[2215622, 2215706, 2215794]"
30,5790,meta-llama/Llama-3.1-8B-mini4L,2056,4,3000000000,30414598205,27414598205,21229360445,27407951083,2215707,"[2215622, 2215706, 2215794]"
30,5862,meta-llama/Llama-3.1-8B-mini4L,2056,4,3000000000,30414598205,27414598205,21229360445,27407951083,2215707,"[2215622, 2215706, 2215794]"
30,5934,meta-llama/Llama-3.1-8B-mini4L,2056,4,3000000000,30414598205,27414598205,21229360445,27407951083,2215707,"[2215622, 2215706, 2215794]"
30,6006,meta-llama/Llama-3.1-8B-mini4L,2056,4,3000000000,30414598205,27414598205,21229360445,27407951083,2215707,"[2215622, 2215706, 2215794]"
30,6078,meta-llama/Llama-3.1-8B-mini4L,2056,4,3000000000,30414598205,27414598205,21229360445,27407951083,2215707,"[2215622, 2215706, 2215794]"
30,6150,meta-llama/Llama-3.1-8B-mini4L,2056,4,3000000000,35298503429,32298503429,27414598205,32292159686,2114581,"[2114537, 2114581, 2114625]"
30,6222,meta-llama/Llama-3.1-8B-mini4L,2056,4,3000000000,35298503429,32298503429,27414598205,32292159686,2114581,"[2114537, 2114581, 2114625]"
30,6294,meta-llama/Llama-3.1-8B-mini4L,2056,4,3000000000,35298503429,32298503429,27414598205,32292159686,2114581,"[2114537, 2114581, 2114625]"
30,6366,meta-llama/Llama-3.1-8B-mini4L,2056,4,3000000000,35298503429,32298503429,27414598205,32292159686,2114581,"[2114537, 2114581, 2114625]"
31,31,meta-llama/Llama-3.1-8B-mini4L,2048,4,0,176511480,176511480,1,27853349,49552710,"[48887602, 49863356, 49907173]"
31,103,meta-llama/Llama-3.1-8B-mini4L,2048,4,0,276365200,276365200,76740951,126604307,49920297,"[49907173, 49906421, 49947299]"
31,175,meta-llama/Llama-3.1-8B-mini4L,2048,4,0,326311447,326311447,126604307,176511480,49933322,"[49906421, 49947299, 49946247]"
31,247,meta-llama/Llama-3.1-8B-mini4L,2048,4,0,376256638,376256638,176511480,226417901,49946245,"[49947299, 49946247, 49945191]"
31,319,meta-llama/Llama-3.1-8B-mini4L,2048,4,0,426200773,426200773,226417901,276365200,49945191,"[49946247, 49945191, 49944135]"
31,391,meta-llama/Llama-3.1-8B-mini4L,2048,4,0,476143852,476143852,276365200,326311447,49944135,"[49945191, 49944135, 49943079]"
31,463,meta-llama/Llama-3.1-8B-mini4L,2048,4,0,526141225,526141225,326311447,376256638,49961529,"[49944135, 49943079, 49997373]"
31,535,meta-llama/Llama-3.1-8B-mini4L,2048,4,0,574616652,574616652,376256638,426200773,49471959,"[49943079, 49997373, 48475427]"
31,607,meta-llama/Llama-3.1-8B-mini4L,2048,4,0,621597346,621597346,426200773,476143852,48484498,"[49997373, 48475427, 46980694]"
31,679,meta-llama/Llama-3.1-8B-mini4L,2048,4,0,667026777,667026777,476143852,526141225,46961850,"[48475427, 46980694, 45429431]"
31,751,meta-llama/Llama-3.1-8B-mini4L,2048,4,0,710961213,710961213,526141225,574616652,45448187,"[46980694, 45429431, 43934436]"
31,823,meta-llama/Llama-3.1-8B-mini4L,2048,4,0,750277911,750277911,574616652,621597346,42893521,"[45429431, 43934436, 39316698]"
31,895,meta-llama/Llama-3.1-8B-mini4L,2048,4,0,791590709,791590709,621597346,667026777,41521310,"[43934436, 39316698, 41312798]"
31,967,meta-llama/Llama-3.1-8B-mini4L,2048,4,0,832535143,832535143,667026777,710961213,40524643,"[39316698, 41312798, 40944434]"
31,1039,meta-llama/Llama-3.1-8B-mini4L,2048,4,0,872684826,872684826,710961213,750277911,40802305,"[41312798, 40944434, 40149683]"
31,1111,meta-llama/Llama-3.1-8B-mini4L,2048,4,0,912847347,912847347,750277911,791590709,40418879,"[40944434, 40149683, 40162521]"
31,1183,meta-llama/Llama-3.1-8B-mini4L,2048,4,0,952177114,952177114,791590709,832535143,39880657,"[40149683, 40162521, 39329767]"
31,1255,meta-llama/Llama-3.1-8B-mini4L,2048,4,0,991588532,991588532,832535143,872684826,39634568,"[40162521, 39329767, 39411418]"
31,1327,meta-llama/Llama-3.1-8B-mini4L,2048,4,0,1031707592,1031707592,872684826,912847347,39620081,"[39329767, 39411418, 40119060]"
31,1399,meta-llama/Llama-3.1-8B-mini4L,2048,4,0,1071741595,1071741595,912847347,952177114,39854827,"[39411418, 40119060, 40034003]"
31,1471,meta-llama/Llama-3.1-8B-mini4L,2048,4,0,1111569097,1111569097,952177114,991588532,39993521,"[40119060, 40034003, 39827502]"
31,1543,meta-llama/Llama-3.1-8B-mini4L,2048,4,0,1150857499,1150857499,991588532,1031707592,39716635,"[40034003, 39827502, 39288402]"
31,1615,meta-llama/Llama-3.1-8B-mini4L,2048,4,0,1190604136,1190604136,1031707592,1071741595,39620847,"[39827502, 39288402, 39746637]"
31,1687,meta-llama/Llama-3.1-8B-mini4L,2048,4,0,1230701188,1230701188,1071741595,1111569097,39710697,"[39288402, 39746637, 40097052]"
31,1759,meta-llama/Llama-3.1-8B-mini4L,2048,4,0,1270686228,1270686228,1111569097,1150857499,39942909,"[39746637, 40097052, 39985040]"
31,1831,meta-llama/Llama-3.1-8B-mini4L,2048,4,0,1310307491,1310307491,1150857499,1190604136,39901118,"[40097052, 39985040, 39621263]"
31,1903,meta-llama/Llama-3.1-8B-mini4L,2048,4,0,1349795289,1349795289,1190604136,1230701188,39698033,"[39985040, 39621263, 39487798]"
31,1975,meta-llama/Llama-3.1-8B-mini4L,2048,4,0,1389550017,1389550017,1230701188,1270686228,39621263,"[39621263, 39487798, 39754728]"
31,2047,meta-llama/Llama-3.1-8B-mini4L,2048,4,0,1429571675,1429571675,1270686228,1310307491,39754728,"[39487798, 39754728, 40021658]"
31,2119,meta-llama/Llama-3.1-8B-mini4L,2048,4,0,1469349952,1469349952,1310307491,1349795289,39851554,"[39754728, 40021658, 39778277]"
31,2191,meta-llama/Llama-3.1-8B-mini4L,2048,4,0,1508848723,1508848723,1349795289,1389550017,39766235,"[40021658, 39778277, 39498771]"
31,2263,meta-llama/Llama-3.1-8B-mini4L,2048,4,0,1548576234,1548576234,1389550017,1429571675,39668186,"[39778277, 39498771, 39727511]"
31,2335,meta-llama/Llama-3.1-8B-mini4L,2048,4,0,1588417822,1588417822,1429571675,1469349952,39689290,"[39498771, 39727511, 39841588]"
31,2407,meta-llama/Llama-3.1-8B-mini4L,2048,4,0,1628180117,1628180117,1469349952,1508848723,39777131,"[39727511, 39841588, 39762295]"
31,2479,meta-llama/Llama-3.1-8B-mini4L,2048,4,0,1667942412,1667942412,1508848723,1548576234,39788726,"[39841588, 39762295, 39762295]"
31,2551,meta-llama/Llama-3.1-8B-mini4L,2048,4,0,1707676180,1707676180,1548576234,1588417822,39752786,"[39762295, 39762295, 39733768]"
31,2623,meta-llama/Llama-3.1-8B-mini4L,2048,4,0,1747367011,1747367011,1588417822,1628180117,39728964,"[39762295, 39733768, 39690831]"
31,2695,meta-llama/Llama-3.1-8B-mini4L,2048,4,0,1787084011,1787084011,1628180117,1667942412,39713866,"[39733768, 39690831, 39717000]"
31,2767,meta-llama/Llama-3.1-8B-mini4L,2048,4,0,1826827180,1826827180,1667942412,1707676180,39717000,"[39690831, 39717000, 39743169]"
31,2839,meta-llama/Llama-3.1-8B-mini4L,2048,4,0,1866491842,1866491842,1707676180,1747367011,39708277,"[39717000, 39743169, 39664662]"
31,2911,meta-llama/Llama-3.1-8B-mini4L,2048,4,0,1905561948,1905561948,1747367011,1787084011,39492645,"[39743169, 39664662, 39070106]"
31,2983,meta-llama/Llama-3.1-8B-mini4L,2048,4,0,1909020130,1909020130,1787084011,1826827180,27397650,"[39664662, 39070106, 3458182]"
31,3055,meta-llama/Llama-3.1-8B-mini4L,2048,4,0,1911142047,1911142047,1826827180,1866491842,14883401,"[39070106, 3458182, 2121917]"
31,3127,meta-llama/Llama-3.1-8B-mini4L,2048,4,0,1913233704,1913233704,1866491842,1905561948,2557252,"[3458182, 2121917, 2091657]"
31,3199,meta-llama/Llama-3.1-8B-mini4L,2048,4,0,1915322129,1915322129,1905561948,1909020130,2100666,"[2121917, 2091657, 2088425]"
31,3271,meta-llama/Llama-3.1-8B-mini4L,2056,4,3000000000,5759553245,2759553245,322129,2752906123,2215707,"[2215622, 2215706, 2215794]"
31,3343,meta-llama/Llama-3.1-8B-mini4L,2056,4,3000000000,5759553245,2759553245,322129,2752906123,2215707,"[2215622, 2215706, 2215794]"
31,3415,meta-llama/Llama-3.1-8B-mini4L,2056,4,3000000000,5759553245,2759553245,322129,2752906123,2215707,"[2215622, 2215706, 2215794]"
31,3487,meta-llama/Llama-3.1-8B-mini4L,2056,4,3000000000,5759553245,2759553245,322129,2752906123,2215707,"[2215622, 2215706, 2215794]"
31,3559,meta-llama/Llama-3.1-8B-mini4L,2056,4,3000000000,5759553245,2759553245,322129,2752906123,2215707,"[2215622, 2215706, 2215794]"
31,3631,meta-llama/Llama-3.1-8B-mini4L,2056,4,3000000000,5759553245,2759553245,322129,2752906123,2215707,"[2215622, 2215706, 2215794]"
31,3703,meta-llama/Llama-3.1-8B-mini4L,2056,4,3000000000,5759553245,2759553245,322129,2752906123,2215707,"[2215622, 2215706, 2215794]"
31,3775,meta-llama/Llama-3.1-8B-mini4L,2056,4,3000000000,5759553245,2759553245,322129,2752906123,2215707,"[2215622, 2215706, 2215794]"
31,3847,meta-llama/Llama-3.1-8B-mini4L,2056,4,3000000000,11944791005,8944791005,2759553245,8938143883,2215707,"[2215622, 2215706, 2215794]"
31,3919,meta-llama/Llama-3.1-8B-mini4L,2056,4,3000000000,11944791005,8944791005,2759553245,8938143883,2215707,"[2215622, 2215706, 2215794]"
31,3991,meta-llama/Llama-3.1-8B-mini4L,2056,4,3000000000,11944791005,8944791005,2759553245,8938143883,2215707,"[2215622, 2215706, 2215794]"
31,4063,meta-llama/Llama-3.1-8B-mini4L,2056,4,3000000000,11944791005,8944791005,2759553245,8938143883,2215707,"[2215622, 2215706, 2215794]"
31,4135,meta-llama/Llama-3.1-8B-mini4L,2056,4,3000000000,11944791005,8944791005,2759553245,8938143883,2215707,"[2215622, 2215706, 2215794]"
31,4207,meta-llama/Llama-3.1-8B-mini4L,2056,4,3000000000,11944791005,8944791005,2759553245,8938143883,2215707,"[2215622, 2215706, 2215794]"
31,4279,meta-llama/Llama-3.1-8B-mini4L,2056,4,3000000000,11944791005,8944791005,2759553245,8938143883,2215707,"[2215622, 2215706, 2215794]"
31,4351,meta-llama/Llama-3.1-8B-mini4L,2056,4,3000000000,11944791005,8944791005,2759553245,8938143883,2215707,"[2215622, 2215706, 2215794]"
31,4423,meta-llama/Llama-3.1-8B-mini4L,2056,4,3000000000,18130028765,15130028765,8944791005,15123381643,2215707,"[2215622, 2215706, 2215794]"
31,4495,meta-llama/Llama-3.1-8B-mini4L,2056,4,3000000000,18130028765,15130028765,8944791005,15123381643,2215707,"[2215622, 2215706, 2215794]"
31,4567,meta-llama/Llama-3.1-8B-mini4L,2056,4,3000000000,18130028765,15130028765,8944791005,15123381643,2215707,"[2215622, 2215706, 2215794]"
31,4639,meta-llama/Llama-3.1-8B-mini4L,2056,4,3000000000,18130028765,15130028765,8944791005,15123381643,2215707,"[2215622, 2215706, 2215794]"
31,4711,meta-llama/Llama-3.1-8B-mini4L,2056,4,3000000000,18130028765,15130028765,8944791005,15123381643,2215707,"[2215622, 2215706, 2215794]"
31,4783,meta-llama/Llama-3.1-8B-mini4L,2056,4,3000000000,18130028765,15130028765,8944791005,15123381643,2215707,"[2215622, 2215706, 2215794]"
31,4855,meta-llama/Llama-3.1-8B-mini4L,2056,4,3000000000,18130028765,15130028765,8944791005,15123381643,2215707,"[2215622, 2215706, 2215794]"
31,4927,meta-llama/Llama-3.1-8B-mini4L,2056,4,3000000000,18130028765,15130028765,8944791005,15123381643,2215707,"[2215622, 2215706, 2215794]"
31,4999,meta-llama/Llama-3.1-8B-mini4L,2056,4,3000000000,24315266525,21315266525,15130028765,21308619403,2215707,"[2215622, 2215706, 2215794]"
31,5071,meta-llama/Llama-3.1-8B-mini4L,2056,4,3000000000,24315266525,21315266525,15130028765,21308619403,2215707,"[2215622, 2215706, 2215794]"
31,5143,meta-llama/Llama-3.1-8B-mini4L,2056,4,3000000000,24315266525,21315266525,15130028765,21308619403,2215707,"[2215622, 2215706, 2215794]"
31,5215,meta-llama/Llama-3.1-8B-mini4L,2056,4,3000000000,24315266525,21315266525,15130028765,21308619403,2215707,"[2215622, 2215706, 2215794]"
31,5287,meta-llama/Llama-3.1-8B-mini4L,2056,4,3000000000,24315266525,21315266525,15130028765,21308619403,2215707,"[2215622, 2215706, 2215794]"
31,5359,meta-llama/Llama-3.1-8B-mini4L,2056,4,3000000000,24315266525,21315266525,15130028765,21308619403,2215707,"[2215622, 2215706, 2215794]"
31,5431,meta-llama/Llama-3.1-8B-mini4L,2056,4,3000000000,24315266525,21315266525,15130028765,21308619403,2215707,"[2215622, 2215706, 2215794]"
31,5503,meta-llama/Llama-3.1-8B-mini4L,2056,4,3000000000,24315266525,21315266525,15130028765,21308619403,2215707,"[2215622, 2215706, 2215794]"
31,5575,meta-llama/Llama-3.1-8B-mini4L,2056,4,3000000000,30500504285,27500504285,21315266525,27493857163,2215707,"[2215622, 2215706, 2215794]"
31,5647,meta-llama/Llama-3.1-8B-mini4L,2056,4,3000000000,30500504285,27500504285,21315266525,27493857163,2215707,"[2215622, 2215706, 2215794]"
31,5719,meta-llama/Llama-3.1-8B-mini4L,2056,4,3000000000,30500504285,27500504285,21315266525,27493857163,2215707,"[2215622, 2215706, 2215794]"
31,5791,meta-llama/Llama-3.1-8B-mini4L,2056,4,3000000000,30500504285,27500504285,21315266525,27493857163,2215707,"[2215622, 2215706, 2215794]"
31,5863,meta-llama/Llama-3.1-8B-mini4L,2056,4,3000000000,30500504285,27500504285,21315266525,27493857163,2215707,"[2215622, 2215706, 2215794]"
31,5935,meta-llama/Llama-3.1-8B-mini4L,2056,4,3000000000,30500504285,27500504285,21315266525,27493857163,2215707,"[2215622, 2215706, 2215794]"
31,6007,meta-llama/Llama-3.1-8B-mini4L,2056,4,3000000000,30500504285,27500504285,21315266525,27493857163,2215707,"[2215622, 2215706, 2215794]"
31,6079,meta-llama/Llama-3.1-8B-mini4L,2056,4,3000000000,30500504285,27500504285,21315266525,27493857163,2215707,"[2215622, 2215706, 2215794]"
31,6151,meta-llama/Llama-3.1-8B-mini4L,2056,4,3000000000,35342466469,32342466469,27500504285,32336122726,2114581,"[2114537, 2114581, 2114625]"
31,6223,meta-llama/Llama-3.1-8B-mini4L,2056,4,3000000000,35342466469,32342466469,27500504285,32336122726,2114581,"[2114537, 2114581, 2114625]"
31,6295,meta-llama/Llama-3.1-8B-mini4L,2056,4,3000000000,35342466469,32342466469,27500504285,32336122726,2114581,"[2114537, 2114581, 2114625]"
31,6367,meta-llama/Llama-3.1-8B-mini4L,2056,4,3000000000,35342466469,32342466469,27500504285,32336122726,2114581,"[2114537, 2114581, 2114625]"
32,32,meta-llama/Llama-3.1-8B-mini4L,2048,4,0,177036936,177036936,1,28378805,49552710,"[48887602, 49863356, 49907173]"
32,104,meta-llama/Llama-3.1-8B-mini4L,2048,4,0,276890656,276890656,77266407,127129763,49920297,"[49907173, 49906421, 49947299]"
32,176,meta-llama/Llama-3.1-8B-mini4L,2048,4,0,326836903,326836903,127129763,177036936,49933322,"[49906421, 49947299, 49946247]"
32,248,meta-llama/Llama-3.1-8B-mini4L,2048,4,0,376782094,376782094,177036936,226943357,49946245,"[49947299, 49946247, 49945191]"
32,320,meta-llama/Llama-3.1-8B-mini4L,2048,4,0,426726229,426726229,226943357,276890656,49945191,"[49946247, 49945191, 49944135]"
32,392,meta-llama/Llama-3.1-8B-mini4L,2048,4,0,476669308,476669308,276890656,326836903,49944135,"[49945191, 49944135, 49943079]"
32,464,meta-llama/Llama-3.1-8B-mini4L,2048,4,0,526666681,526666681,326836903,376782094,49961529,"[49944135, 49943079, 49997373]"
32,536,meta-llama/Llama-3.1-8B-mini4L,2048,4,0,575142108,575142108,376782094,426726229,49471959,"[49943079, 49997373, 48475427]"
32,608,meta-llama/Llama-3.1-8B-mini4L,2048,4,0,622122802,622122802,426726229,476669308,48484498,"[49997373, 48475427, 46980694]"
32,680,meta-llama/Llama-3.1-8B-mini4L,2048,4,0,667552233,667552233,476669308,526666681,46961850,"[48475427, 46980694, 45429431]"
32,752,meta-llama/Llama-3.1-8B-mini4L,2048,4,0,711486669,711486669,526666681,575142108,45448187,"[46980694, 45429431, 43934436]"
32,824,meta-llama/Llama-3.1-8B-mini4L,2048,4,0,750995720,750995720,575142108,622122802,42957639,"[45429431, 43934436, 39509051]"
32,896,meta-llama/Llama-3.1-8B-mini4L,2048,4,0,792116165,792116165,622122802,667552233,41521310,"[43934436, 39509051, 41120445]"
32,968,meta-llama/Llama-3.1-8B-mini4L,2048,4,0,833060599,833060599,667552233,711486669,40524643,"[39509051, 41120445, 40944434]"
32,1040,meta-llama/Llama-3.1-8B-mini4L,2048,4,0,873210282,873210282,711486669,750995720,40738187,"[41120445, 40944434, 40149683]"
32,1112,meta-llama/Llama-3.1-8B-mini4L,2048,4,0,913400020,913400020,750995720,792116165,40427951,"[40944434, 40149683, 40189738]"
32,1184,meta-llama/Llama-3.1-8B-mini4L,2048,4,0,952729787,952729787,792116165,833060599,39889729,"[40149683, 40189738, 39329767]"
32,1256,meta-llama/Llama-3.1-8B-mini4L,2048,4,0,992113988,992113988,833060599,873210282,39634568,"[40189738, 39329767, 39384201]"
32,1328,meta-llama/Llama-3.1-8B-mini4L,2048,4,0,1032233048,1032233048,873210282,913400020,39611009,"[39329767, 39384201, 40119060]"
32,1400,meta-llama/Llama-3.1-8B-mini4L,2048,4,0,1072294006,1072294006,913400020,952729787,39854739,"[39384201, 40119060, 40060958]"
32,1472,meta-llama/Llama-3.1-8B-mini4L,2048,4,0,1112121508,1112121508,952729787,992113988,40002506,"[40119060, 40060958, 39827502]"
32,1544,meta-llama/Llama-3.1-8B-mini4L,2048,4,0,1151409910,1151409910,992113988,1032233048,39725620,"[40060958, 39827502, 39288402]"
32,1616,meta-llama/Llama-3.1-8B-mini4L,2048,4,0,1191156547,1191156547,1032233048,1072294006,39620847,"[39827502, 39288402, 39746637]"
32,1688,meta-llama/Llama-3.1-8B-mini4L,2048,4,0,1231226644,1231226644,1072294006,1112121508,39701712,"[39288402, 39746637, 40070097]"
32,1760,meta-llama/Llama-3.1-8B-mini4L,2048,4,0,1271211684,1271211684,1112121508,1151409910,39933924,"[39746637, 40070097, 39985040]"
32,1832,meta-llama/Llama-3.1-8B-mini4L,2048,4,0,1310886333,1310886333,1151409910,1191156547,39909928,"[40070097, 39985040, 39674649]"
32,1904,meta-llama/Llama-3.1-8B-mini4L,2048,4,0,1350347438,1350347438,1191156547,1231226644,39706931,"[39985040, 39674649, 39461105]"
32,1976,meta-llama/Llama-3.1-8B-mini4L,2048,4,0,1390102166,1390102166,1231226644,1271211684,39630160,"[39674649, 39461105, 39754728]"
32,2048,meta-llama/Llama-3.1-8B-mini4L,2048,4,0,1430123824,1430123824,1271211684,1310886333,39745830,"[39461105, 39754728, 40021658]"
32,2120,meta-llama/Llama-3.1-8B-mini4L,2048,4,0,1469901839,1469901839,1310886333,1350347438,39851467,"[39754728, 40021658, 39778015]"
32,2192,meta-llama/Llama-3.1-8B-mini4L,2048,4,0,1509400872,1509400872,1350347438,1390102166,39766235,"[40021658, 39778015, 39499033]"
32,2264,meta-llama/Llama-3.1-8B-mini4L,2048,4,0,1549128121,1549128121,1390102166,1430123824,39668099,"[39778015, 39499033, 39727249]"
32,2336,meta-llama/Llama-3.1-8B-mini4L,2048,4,0,1588943278,1588943278,1430123824,1469901839,39680479,"[39499033, 39727249, 39815157]"
32,2408,meta-llama/Llama-3.1-8B-mini4L,2048,4,0,1628732004,1628732004,1469901839,1509400872,39777044,"[39727249, 39815157, 39788726]"
32,2480,meta-llama/Llama-3.1-8B-mini4L,2048,4,0,1668494299,1668494299,1509400872,1549128121,39788726,"[39815157, 39788726, 39762295]"
32,2552,meta-llama/Llama-3.1-8B-mini4L,2048,4,0,1708201636,1708201636,1549128121,1588943278,39752786,"[39788726, 39762295, 39707337]"
32,2624,meta-llama/Llama-3.1-8B-mini4L,2048,4,0,1747918636,1747918636,1588943278,1628732004,39728877,"[39762295, 39707337, 39717000]"
32,2696,meta-llama/Llama-3.1-8B-mini4L,2048,4,0,1787661805,1787661805,1628732004,1668494299,39722502,"[39707337, 39717000, 39743169]"
32,2768,meta-llama/Llama-3.1-8B-mini4L,2048,4,0,1827404974,1827404974,1668494299,1708201636,39734446,"[39717000, 39743169, 39743169]"
32,2840,meta-llama/Llama-3.1-8B-mini4L,2048,4,0,1867069636,1867069636,1708201636,1747918636,39717000,"[39743169, 39743169, 39664662]"
32,2912,meta-llama/Llama-3.1-8B-mini4L,2048,4,0,1895582780,1895582780,1747918636,1787661805,35973658,"[39743169, 39664662, 28513144]"
32,2984,meta-llama/Llama-3.1-8B-mini4L,2048,4,0,1907843589,1907843589,1787661805,1827404974,26812871,"[39664662, 28513144, 12260809]"
32,3056,meta-llama/Llama-3.1-8B-mini4L,2048,4,0,1909932714,1909932714,1827404974,1867069636,14287692,"[28513144, 12260809, 2089125]"
32,3128,meta-llama/Llama-3.1-8B-mini4L,2048,4,0,1912019635,1912019635,1867069636,1895582780,5478951,"[12260809, 2089125, 2086921]"
32,3200,meta-llama/Llama-3.1-8B-mini4L,2056,4,3000000000,5845459325,2845459325,322129,2838812203,2215707,"[2215622, 2215706, 2215794]"
32,3272,meta-llama/Llama-3.1-8B-mini4L,2056,4,3000000000,5845459325,2845459325,322129,2838812203,2215707,"[2215622, 2215706, 2215794]"
32,3344,meta-llama/Llama-3.1-8B-mini4L,2056,4,3000000000,5845459325,2845459325,322129,2838812203,2215707,"[2215622, 2215706, 2215794]"
32,3416,meta-llama/Llama-3.1-8B-mini4L,2056,4,3000000000,5845459325,2845459325,322129,2838812203,2215707,"[2215622, 2215706, 2215794]"
32,3488,meta-llama/Llama-3.1-8B-mini4L,2056,4,3000000000,5845459325,2845459325,322129,2838812203,2215707,"[2215622, 2215706, 2215794]"
32,3560,meta-llama/Llama-3.1-8B-mini4L,2056,4,3000000000,5845459325,2845459325,322129,2838812203,2215707,"[2215622, 2215706, 2215794]"
32,3632,meta-llama/Llama-3.1-8B-mini4L,2056,4,3000000000,5845459325,2845459325,322129,2838812203,2215707,"[2215622, 2215706, 2215794]"
32,3704,meta-llama/Llama-3.1-8B-mini4L,2056,4,3000000000,5845459325,2845459325,322129,2838812203,2215707,"[2215622, 2215706, 2215794]"
32,3776,meta-llama/Llama-3.1-8B-mini4L,2056,4,3000000000,12030697085,9030697085,2845459325,9024049963,2215707,"[2215622, 2215706, 2215794]"
32,3848,meta-llama/Llama-3.1-8B-mini4L,2056,4,3000000000,12030697085,9030697085,2845459325,9024049963,2215707,"[2215622, 2215706, 2215794]"
32,3920,meta-llama/Llama-3.1-8B-mini4L,2056,4,3000000000,12030697085,9030697085,2845459325,9024049963,2215707,"[2215622, 2215706, 2215794]"
32,3992,meta-llama/Llama-3.1-8B-mini4L,2056,4,3000000000,12030697085,9030697085,2845459325,9024049963,2215707,"[2215622, 2215706, 2215794]"
32,4064,meta-llama/Llama-3.1-8B-mini4L,2056,4,3000000000,12030697085,9030697085,2845459325,9024049963,2215707,"[2215622, 2215706, 2215794]"
32,4136,meta-llama/Llama-3.1-8B-mini4L,2056,4,3000000000,12030697085,9030697085,2845459325,9024049963,2215707,"[2215622, 2215706, 2215794]"
32,4208,meta-llama/Llama-3.1-8B-mini4L,2056,4,3000000000,12030697085,9030697085,2845459325,9024049963,2215707,"[2215622, 2215706, 2215794]"
32,4280,meta-llama/Llama-3.1-8B-mini4L,2056,4,3000000000,12030697085,9030697085,2845459325,9024049963,2215707,"[2215622, 2215706, 2215794]"
32,4352,meta-llama/Llama-3.1-8B-mini4L,2056,4,3000000000,18215934845,15215934845,9030697085,15209287723,2215707,"[2215622, 2215706, 2215794]"
32,4424,meta-llama/Llama-3.1-8B-mini4L,2056,4,3000000000,18215934845,15215934845,9030697085,15209287723,2215707,"[2215622, 2215706, 2215794]"
32,4496,meta-llama/Llama-3.1-8B-mini4L,2056,4,3000000000,18215934845,15215934845,9030697085,15209287723,2215707,"[2215622, 2215706, 2215794]"
32,4568,meta-llama/Llama-3.1-8B-mini4L,2056,4,3000000000,18215934845,15215934845,9030697085,15209287723,2215707,"[2215622, 2215706, 2215794]"
32,4640,meta-llama/Llama-3.1-8B-mini4L,2056,4,3000000000,18215934845,15215934845,9030697085,15209287723,2215707,"[2215622, 2215706, 2215794]"
32,4712,meta-llama/Llama-3.1-8B-mini4L,2056,4,3000000000,18215934845,15215934845,9030697085,15209287723,2215707,"[2215622, 2215706, 2215794]"
32,4784,meta-llama/Llama-3.1-8B-mini4L,2056,4,3000000000,18215934845,15215934845,9030697085,15209287723,2215707,"[2215622, 2215706, 2215794]"
32,4856,meta-llama/Llama-3.1-8B-mini4L,2056,4,3000000000,18215934845,15215934845,9030697085,15209287723,2215707,"[2215622, 2215706, 2215794]"
32,4928,meta-llama/Llama-3.1-8B-mini4L,2056,4,3000000000,24401172605,21401172605,15215934845,21394525483,2215707,"[2215622, 2215706, 2215794]"
32,5000,meta-llama/Llama-3.1-8B-mini4L,2056,4,3000000000,24401172605,21401172605,15215934845,21394525483,2215707,"[2215622, 2215706, 2215794]"
32,5072,meta-llama/Llama-3.1-8B-mini4L,2056,4,3000000000,24401172605,21401172605,15215934845,21394525483,2215707,"[2215622, 2215706, 2215794]"
32,5144,meta-llama/Llama-3.1-8B-mini4L,2056,4,3000000000,24401172605,21401172605,15215934845,21394525483,2215707,"[2215622, 2215706, 2215794]"
32,5216,meta-llama/Llama-3.1-8B-mini4L,2056,4,3000000000,24401172605,21401172605,15215934845,21394525483,2215707,"[2215622, 2215706, 2215794]"
32,5288,meta-llama/Llama-3.1-8B-mini4L,2056,4,3000000000,24401172605,21401172605,15215934845,21394525483,2215707,"[2215622, 2215706, 2215794]"
32,5360,meta-llama/Llama-3.1-8B-mini4L,2056,4,3000000000,24401172605,21401172605,15215934845,21394525483,2215707,"[2215622, 2215706, 2215794]"
32,5432,meta-llama/Llama-3.1-8B-mini4L,2056,4,3000000000,24401172605,21401172605,15215934845,21394525483,2215707,"[2215622, 2215706, 2215794]"
32,5504,meta-llama/Llama-3.1-8B-mini4L,2056,4,3000000000,30586410365,27586410365,21401172605,27579763243,2215707,"[2215622, 2215706, 2215794]"
32,5576,meta-llama/Llama-3.1-8B-mini4L,2056,4,3000000000,30586410365,27586410365,21401172605,27579763243,2215707,"[2215622, 2215706, 2215794]"
32,5648,meta-llama/Llama-3.1-8B-mini4L,2056,4,3000000000,30586410365,27586410365,21401172605,27579763243,2215707,"[2215622, 2215706, 2215794]"
32,5720,meta-llama/Llama-3.1-8B-mini4L,2056,4,3000000000,30586410365,27586410365,21401172605,27579763243,2215707,"[2215622, 2215706, 2215794]"
32,5792,meta-llama/Llama-3.1-8B-mini4L,2056,4,3000000000,30586410365,27586410365,21401172605,27579763243,2215707,"[2215622, 2215706, 2215794]"
32,5864,meta-llama/Llama-3.1-8B-mini4L,2056,4,3000000000,30586410365,27586410365,21401172605,27579763243,2215707,"[2215622, 2215706, 2215794]"
32,5936,meta-llama/Llama-3.1-8B-mini4L,2056,4,3000000000,30586410365,27586410365,21401172605,27579763243,2215707,"[2215622, 2215706, 2215794]"
32,6008,meta-llama/Llama-3.1-8B-mini4L,2056,4,3000000000,30586410365,27586410365,21401172605,27579763243,2215707,"[2215622, 2215706, 2215794]"
32,6080,meta-llama/Llama-3.1-8B-mini4L,2056,4,3000000000,35397237508,32397237508,27586410365,32390799526,2145994,"[2145938, 2145994, 2146050]"
32,6152,meta-llama/Llama-3.1-8B-mini4L,2056,4,3000000000,35397237508,32397237508,27586410365,32390799526,2145994,"[2145938, 2145994, 2146050]"
32,6224,meta-llama/Llama-3.1-8B-mini4L,2056,4,3000000000,35397237508,32397237508,27586410365,32390799526,2145994,"[2145938, 2145994, 2146050]"
32,6296,meta-llama/Llama-3.1-8B-mini4L,2056,4,3000000000,35397237508,32397237508,27586410365,32390799526,2145994,"[2145938, 2145994, 2146050]"
32,6368,meta-llama/Llama-3.1-8B-mini4L,2056,4,3000000000,35397237508,32397237508,27586410365,32390799526,2145994,"[2145938, 2145994, 2146050]"
33,33,meta-llama/Llama-3.1-8B-mini4L,2048,4,0,177562392,177562392,1,28904261,49552710,"[48887602, 49863356, 49907173]"
33,105,meta-llama/Llama-3.1-8B-mini4L,2048,4,0,277416112,277416112,77791863,127655219,49920297,"[49907173, 49906421, 49947299]"
33,177,meta-llama/Llama-3.1-8B-mini4L,2048,4,0,327362359,327362359,127655219,177562392,49933322,"[49906421, 49947299, 49946247]"
33,249,meta-llama/Llama-3.1-8B-mini4L,2048,4,0,377307550,377307550,177562392,227468813,49946245,"[49947299, 49946247, 49945191]"
33,321,meta-llama/Llama-3.1-8B-mini4L,2048,4,0,427251685,427251685,227468813,277416112,49945191,"[49946247, 49945191, 49944135]"
33,393,meta-llama/Llama-3.1-8B-mini4L,2048,4,0,477194764,477194764,277416112,327362359,49944135,"[49945191, 49944135, 49943079]"
33,465,meta-llama/Llama-3.1-8B-mini4L,2048,4,0,527192137,527192137,327362359,377307550,49961529,"[49944135, 49943079, 49997373]"
33,537,meta-llama/Llama-3.1-8B-mini4L,2048,4,0,575667564,575667564,377307550,427251685,49471959,"[49943079, 49997373, 48475427]"
33,609,meta-llama/Llama-3.1-8B-mini4L,2048,4,0,622648258,622648258,427251685,477194764,48484498,"[49997373, 48475427, 46980694]"
33,681,meta-llama/Llama-3.1-8B-mini4L,2048,4,0,668077689,668077689,477194764,527192137,46961850,"[48475427, 46980694, 45429431]"
33,753,meta-llama/Llama-3.1-8B-mini4L,2048,4,0,712012125,712012125,527192137,575667564,45448187,"[46980694, 45429431, 43934436]"
33,825,meta-llama/Llama-3.1-8B-mini4L,2048,4,0,751658571,751658571,575667564,622648258,43003437,"[45429431, 43934436, 39646446]"
33,897,meta-llama/Llama-3.1-8B-mini4L,2048,4,0,792669100,792669100,622648258,668077689,41530470,"[43934436, 39646446, 41010529]"
33,969,meta-llama/Llama-3.1-8B-mini4L,2048,4,0,833586055,833586055,668077689,712012125,40524643,"[39646446, 41010529, 40916955]"
33,1041,meta-llama/Llama-3.1-8B-mini4L,2048,4,0,873735738,873735738,712012125,751658571,40692389,"[41010529, 40916955, 40149683]"
33,1113,meta-llama/Llama-3.1-8B-mini4L,2048,4,0,913925476,913925476,751658571,792669100,40418792,"[40916955, 40149683, 40189738]"
33,1185,meta-llama/Llama-3.1-8B-mini4L,2048,4,0,953282460,953282460,792669100,833586055,39898801,"[40149683, 40189738, 39356984]"
33,1257,meta-llama/Llama-3.1-8B-mini4L,2048,4,0,992666661,992666661,833586055,873735738,39643641,"[40189738, 39356984, 39384201]"
33,1329,meta-llama/Llama-3.1-8B-mini4L,2048,4,0,1032758504,1032758504,873735738,913925476,39611009,"[39356984, 39384201, 40091843]"
33,1401,meta-llama/Llama-3.1-8B-mini4L,2048,4,0,1072819462,1072819462,913925476,953282460,39845667,"[39384201, 40091843, 40060958]"
33,1473,meta-llama/Llama-3.1-8B-mini4L,2048,4,0,1112673919,1112673919,953282460,992666661,40002419,"[40091843, 40060958, 39854457]"
33,1545,meta-llama/Llama-3.1-8B-mini4L,2048,4,0,1152043186,1152043186,992666661,1032758504,39761560,"[40060958, 39854457, 39369267]"
33,1617,meta-llama/Llama-3.1-8B-mini4L,2048,4,0,1191708958,1191708958,1032758504,1072819462,39629832,"[39854457, 39369267, 39665772]"
33,1689,meta-llama/Llama-3.1-8B-mini4L,2048,4,0,1231752100,1231752100,1072819462,1112673919,39692727,"[39369267, 39665772, 40043142]"
33,1761,meta-llama/Llama-3.1-8B-mini4L,2048,4,0,1271737140,1271737140,1112673919,1152043186,39897984,"[39665772, 40043142, 39985040]"
33,1833,meta-llama/Llama-3.1-8B-mini4L,2048,4,0,1311491868,1311491868,1152043186,1191708958,39927636,"[40043142, 39985040, 39754728]"
33,1905,meta-llama/Llama-3.1-8B-mini4L,2048,4,0,1350872894,1350872894,1191708958,1231752100,39706931,"[39985040, 39754728, 39381026]"
33,1977,meta-llama/Llama-3.1-8B-mini4L,2048,4,0,1390627622,1390627622,1231752100,1271737140,39630160,"[39754728, 39381026, 39754728]"
33,2049,meta-llama/Llama-3.1-8B-mini4L,2048,4,0,1430675973,1430675973,1271737140,1311491868,39728035,"[39381026, 39754728, 40048351]"
33,2121,meta-llama/Llama-3.1-8B-mini4L,2048,4,0,1470453726,1470453726,1311491868,1350872894,39860277,"[39754728, 40048351, 39777753]"
33,2193,meta-llama/Llama-3.1-8B-mini4L,2048,4,0,1509953021,1509953021,1350872894,1390627622,39775133,"[40048351, 39777753, 39499295]"
33,2265,meta-llama/Llama-3.1-8B-mini4L,2048,4,0,1549680008,1549680008,1390627622,1430675973,39668011,"[39777753, 39499295, 39726987]"
33,2337,meta-llama/Llama-3.1-8B-mini4L,2048,4,0,1589468734,1589468734,1430675973,1470453726,39671669,"[39499295, 39726987, 39788726]"
33,2409,meta-llama/Llama-3.1-8B-mini4L,2048,4,0,1629257460,1629257460,1470453726,1509953021,39768146,"[39726987, 39788726, 39788726]"
33,2481,meta-llama/Llama-3.1-8B-mini4L,2048,4,0,1669019755,1669019755,1509953021,1549680008,39779915,"[39788726, 39788726, 39762295]"
33,2553,meta-llama/Llama-3.1-8B-mini4L,2048,4,0,1708753261,1708753261,1549680008,1589468734,39761509,"[39788726, 39762295, 39733506]"
33,2625,meta-llama/Llama-3.1-8B-mini4L,2048,4,0,1748444092,1748444092,1589468734,1629257460,39728877,"[39762295, 39733506, 39690831]"
33,2697,meta-llama/Llama-3.1-8B-mini4L,2048,4,0,1788187261,1788187261,1629257460,1669019755,39722502,"[39733506, 39690831, 39743169]"
33,2769,meta-llama/Llama-3.1-8B-mini4L,2048,4,0,1827930430,1827930430,1669019755,1708753261,39725723,"[39690831, 39743169, 39743169]"
33,2841,meta-llama/Llama-3.1-8B-mini4L,2048,4,0,1867647430,1867647430,1708753261,1748444092,39734446,"[39743169, 39743169, 39717000]"
33,2913,meta-llama/Llama-3.1-8B-mini4L,2048,4,0,1897717284,1897717284,1748444092,1788187261,36510007,"[39743169, 39717000, 30069854]"
33,2985,meta-llama/Llama-3.1-8B-mini4L,2048,4,0,1908038829,1908038829,1788187261,1827930430,26702799,"[39717000, 30069854, 10321545]"
33,3057,meta-llama/Llama-3.1-8B-mini4L,2048,4,0,1910127954,1910127954,1827930430,1867647430,14160174,"[30069854, 10321545, 2089125]"
33,3129,meta-llama/Llama-3.1-8B-mini4L,2048,4,0,1912214875,1912214875,1867647430,1897717284,4832530,"[10321545, 2089125, 2086921]"
33,3201,meta-llama/Llama-3.1-8B-mini4L,2056,4,3000000000,5931365405,2931365405,322129,2924718283,2215707,"[2215622, 2215706, 2215794]"
33,3273,meta-llama/Llama-3.1-8B-mini4L,2056,4,3000000000,5931365405,2931365405,322129,2924718283,2215707,"[2215622, 2215706, 2215794]"
33,3345,meta-llama/Llama-3.1-8B-mini4L,2056,4,3000000000,5931365405,2931365405,322129,2924718283,2215707,"[2215622, 2215706, 2215794]"
33,3417,meta-llama/Llama-3.1-8B-mini4L,2056,4,3000000000,5931365405,2931365405,322129,2924718283,2215707,"[2215622, 2215706, 2215794]"
33,3489,meta-llama/Llama-3.1-8B-mini4L,2056,4,3000000000,5931365405,2931365405,322129,2924718283,2215707,"[2215622, 2215706, 2215794]"
33,3561,meta-llama/Llama-3.1-8B-mini4L,2056,4,3000000000,5931365405,2931365405,322129,2924718283,2215707,"[2215622, 2215706, 2215794]"
33,3633,meta-llama/Llama-3.1-8B-mini4L,2056,4,3000000000,5931365405,2931365405,322129,2924718283,2215707,"[2215622, 2215706, 2215794]"
33,3705,meta-llama/Llama-3.1-8B-mini4L,2056,4,3000000000,5931365405,2931365405,322129,2924718283,2215707,"[2215622, 2215706, 2215794]"
33,3777,meta-llama/Llama-3.1-8B-mini4L,2056,4,3000000000,12116603165,9116603165,2931365405,9109956043,2215707,"[2215622, 2215706, 2215794]"
33,3849,meta-llama/Llama-3.1-8B-mini4L,2056,4,3000000000,12116603165,9116603165,2931365405,9109956043,2215707,"[2215622, 2215706, 2215794]"
33,3921,meta-llama/Llama-3.1-8B-mini4L,2056,4,3000000000,12116603165,9116603165,2931365405,9109956043,2215707,"[2215622, 2215706, 2215794]"
33,3993,meta-llama/Llama-3.1-8B-mini4L,2056,4,3000000000,12116603165,9116603165,2931365405,9109956043,2215707,"[2215622, 2215706, 2215794]"
33,4065,meta-llama/Llama-3.1-8B-mini4L,2056,4,3000000000,12116603165,9116603165,2931365405,9109956043,2215707,"[2215622, 2215706, 2215794]"
33,4137,meta-llama/Llama-3.1-8B-mini4L,2056,4,3000000000,12116603165,9116603165,2931365405,9109956043,2215707,"[2215622, 2215706, 2215794]"
33,4209,meta-llama/Llama-3.1-8B-mini4L,2056,4,3000000000,12116603165,9116603165,2931365405,9109956043,2215707,"[2215622, 2215706, 2215794]"
33,4281,meta-llama/Llama-3.1-8B-mini4L,2056,4,3000000000,12116603165,9116603165,2931365405,9109956043,2215707,"[2215622, 2215706, 2215794]"
33,4353,meta-llama/Llama-3.1-8B-mini4L,2056,4,3000000000,18301840925,15301840925,9116603165,15295193803,2215707,"[2215622, 2215706, 2215794]"
33,4425,meta-llama/Llama-3.1-8B-mini4L,2056,4,3000000000,18301840925,15301840925,9116603165,15295193803,2215707,"[2215622, 2215706, 2215794]"
33,4497,meta-llama/Llama-3.1-8B-mini4L,2056,4,3000000000,18301840925,15301840925,9116603165,15295193803,2215707,"[2215622, 2215706, 2215794]"
33,4569,meta-llama/Llama-3.1-8B-mini4L,2056,4,3000000000,18301840925,15301840925,9116603165,15295193803,2215707,"[2215622, 2215706, 2215794]"
33,4641,meta-llama/Llama-3.1-8B-mini4L,2056,4,3000000000,18301840925,15301840925,9116603165,15295193803,2215707,"[2215622, 2215706, 2215794]"
33,4713,meta-llama/Llama-3.1-8B-mini4L,2056,4,3000000000,18301840925,15301840925,9116603165,15295193803,2215707,"[2215622, 2215706, 2215794]"
33,4785,meta-llama/Llama-3.1-8B-mini4L,2056,4,3000000000,18301840925,15301840925,9116603165,15295193803,2215707,"[2215622, 2215706, 2215794]"
33,4857,meta-llama/Llama-3.1-8B-mini4L,2056,4,3000000000,18301840925,15301840925,9116603165,15295193803,2215707,"[2215622, 2215706, 2215794]"
33,4929,meta-llama/Llama-3.1-8B-mini4L,2056,4,3000000000,24487078685,21487078685,15301840925,21480431563,2215707,"[2215622, 2215706, 2215794]"
33,5001,meta-llama/Llama-3.1-8B-mini4L,2056,4,3000000000,24487078685,21487078685,15301840925,21480431563,2215707,"[2215622, 2215706, 2215794]"
33,5073,meta-llama/Llama-3.1-8B-mini4L,2056,4,3000000000,24487078685,21487078685,15301840925,21480431563,2215707,"[2215622, 2215706, 2215794]"
33,5145,meta-llama/Llama-3.1-8B-mini4L,2056,4,3000000000,24487078685,21487078685,15301840925,21480431563,2215707,"[2215622, 2215706, 2215794]"
33,5217,meta-llama/Llama-3.1-8B-mini4L,2056,4,3000000000,24487078685,21487078685,15301840925,21480431563,2215707,"[2215622, 2215706, 2215794]"
33,5289,meta-llama/Llama-3.1-8B-mini4L,2056,4,3000000000,24487078685,21487078685,15301840925,21480431563,2215707,"[2215622, 2215706, 2215794]"
33,5361,meta-llama/Llama-3.1-8B-mini4L,2056,4,3000000000,24487078685,21487078685,15301840925,21480431563,2215707,"[2215622, 2215706, 2215794]"
33,5433,meta-llama/Llama-3.1-8B-mini4L,2056,4,3000000000,24487078685,21487078685,15301840925,21480431563,2215707,"[2215622, 2215706, 2215794]"
33,5505,meta-llama/Llama-3.1-8B-mini4L,2056,4,3000000000,30672316445,27672316445,21487078685,27665669323,2215707,"[2215622, 2215706, 2215794]"
33,5577,meta-llama/Llama-3.1-8B-mini4L,2056,4,3000000000,30672316445,27672316445,21487078685,27665669323,2215707,"[2215622, 2215706, 2215794]"
33,5649,meta-llama/Llama-3.1-8B-mini4L,2056,4,3000000000,30672316445,27672316445,21487078685,27665669323,2215707,"[2215622, 2215706, 2215794]"
33,5721,meta-llama/Llama-3.1-8B-mini4L,2056,4,3000000000,30672316445,27672316445,21487078685,27665669323,2215707,"[2215622, 2215706, 2215794]"
33,5793,meta-llama/Llama-3.1-8B-mini4L,2056,4,3000000000,30672316445,27672316445,21487078685,27665669323,2215707,"[2215622, 2215706, 2215794]"
33,5865,meta-llama/Llama-3.1-8B-mini4L,2056,4,3000000000,30672316445,27672316445,21487078685,27665669323,2215707,"[2215622, 2215706, 2215794]"
33,5937,meta-llama/Llama-3.1-8B-mini4L,2056,4,3000000000,30672316445,27672316445,21487078685,27665669323,2215707,"[2215622, 2215706, 2215794]"
33,6009,meta-llama/Llama-3.1-8B-mini4L,2056,4,3000000000,30672316445,27672316445,21487078685,27665669323,2215707,"[2215622, 2215706, 2215794]"
33,6081,meta-llama/Llama-3.1-8B-mini4L,2056,4,3000000000,35451686308,32451686308,27672316445,32445248326,2145994,"[2145938, 2145994, 2146050]"
33,6153,meta-llama/Llama-3.1-8B-mini4L,2056,4,3000000000,35451686308,32451686308,27672316445,32445248326,2145994,"[2145938, 2145994, 2146050]"
33,6225,meta-llama/Llama-3.1-8B-mini4L,2056,4,3000000000,35451686308,32451686308,27672316445,32445248326,2145994,"[2145938, 2145994, 2146050]"
33,6297,meta-llama/Llama-3.1-8B-mini4L,2056,4,3000000000,35451686308,32451686308,27672316445,32445248326,2145994,"[2145938, 2145994, 2146050]"
33,6369,meta-llama/Llama-3.1-8B-mini4L,2056,4,3000000000,35451686308,32451686308,27672316445,32445248326,2145994,"[2145938, 2145994, 2146050]"
34,34,meta-llama/Llama-3.1-8B-mini4L,2048,4,0,178087848,178087848,1,29429717,49552710,"[48887602, 49863356, 49907173]"
34,106,meta-llama/Llama-3.1-8B-mini4L,2048,4,0,277941568,277941568,78317319,128180675,49920297,"[49907173, 49906421, 49947299]"
34,178,meta-llama/Llama-3.1-8B-mini4L,2048,4,0,327887815,327887815,128180675,178087848,49933322,"[49906421, 49947299, 49946247]"
34,250,meta-llama/Llama-3.1-8B-mini4L,2048,4,0,377833006,377833006,178087848,227994269,49946245,"[49947299, 49946247, 49945191]"
34,322,meta-llama/Llama-3.1-8B-mini4L,2048,4,0,427777141,427777141,227994269,277941568,49945191,"[49946247, 49945191, 49944135]"
34,394,meta-llama/Llama-3.1-8B-mini4L,2048,4,0,477720220,477720220,277941568,327887815,49944135,"[49945191, 49944135, 49943079]"
34,466,meta-llama/Llama-3.1-8B-mini4L,2048,4,0,527717593,527717593,327887815,377833006,49961529,"[49944135, 49943079, 49997373]"
34,538,meta-llama/Llama-3.1-8B-mini4L,2048,4,0,576193020,576193020,377833006,427777141,49471959,"[49943079, 49997373, 48475427]"
34,610,meta-llama/Llama-3.1-8B-mini4L,2048,4,0,623173714,623173714,427777141,477720220,48484498,"[49997373, 48475427, 46980694]"
34,682,meta-llama/Llama-3.1-8B-mini4L,2048,4,0,668630624,668630624,477720220,527717593,46971010,"[48475427, 46980694, 45456910]"
34,754,meta-llama/Llama-3.1-8B-mini4L,2048,4,0,712537581,712537581,527717593,576193020,45448187,"[46980694, 45456910, 43906957]"
34,826,meta-llama/Llama-3.1-8B-mini4L,2048,4,0,752348901,752348901,576193020,623173714,43058395,"[45456910, 43906957, 39811320]"
34,898,meta-llama/Llama-3.1-8B-mini4L,2048,4,0,793194556,793194556,623173714,668630624,41521310,"[43906957, 39811320, 40845655]"
34,970,meta-llama/Llama-3.1-8B-mini4L,2048,4,0,834111511,834111511,668630624,712537581,40524643,"[39811320, 40845655, 40916955]"
34,1042,meta-llama/Llama-3.1-8B-mini4L,2048,4,0,874316152,874316152,712537581,752348901,40655750,"[40845655, 40916955, 40204641]"
34,1114,meta-llama/Llama-3.1-8B-mini4L,2048,4,0,914450932,914450932,752348901,793194556,40418792,"[40916955, 40204641, 40134780]"
34,1186,meta-llama/Llama-3.1-8B-mini4L,2048,4,0,953944001,953944001,793194556,834111511,39944163,"[40204641, 40134780, 39493069]"
34,1258,meta-llama/Llama-3.1-8B-mini4L,2048,4,0,993219334,993219334,834111511,874316152,39634394,"[40134780, 39493069, 39275333]"
34,1330,meta-llama/Llama-3.1-8B-mini4L,2048,4,0,1033283960,1033283960,874316152,914450932,39611009,"[39493069, 39275333, 40064626]"
34,1402,meta-llama/Llama-3.1-8B-mini4L,2048,4,0,1073344918,1073344918,914450932,953944001,39800305,"[39275333, 40064626, 40060958]"
34,1474,meta-llama/Llama-3.1-8B-mini4L,2048,4,0,1113226330,1113226330,953944001,993219334,40002332,"[40064626, 40060958, 39881412]"
34,1546,meta-llama/Llama-3.1-8B-mini4L,2048,4,0,1152622552,1152622552,993219334,1033283960,39779530,"[40060958, 39881412, 39396222]"
34,1618,meta-llama/Llama-3.1-8B-mini4L,2048,4,0,1192288324,1192288324,1033283960,1073344918,39647802,"[39881412, 39396222, 39665772]"
34,1690,meta-llama/Llama-3.1-8B-mini4L,2048,4,0,1232277556,1232277556,1073344918,1113226330,39683742,"[39396222, 39665772, 39989232]"
34,1762,meta-llama/Llama-3.1-8B-mini4L,2048,4,0,1272289289,1272289289,1113226330,1152622552,39888912,"[39665772, 39989232, 40011733]"
34,1834,meta-llama/Llama-3.1-8B-mini4L,2048,4,0,1312017324,1312017324,1152622552,1192288324,39909666,"[39989232, 40011733, 39728035]"
34,1906,meta-llama/Llama-3.1-8B-mini4L,2048,4,0,1351398350,1351398350,1192288324,1232277556,39706931,"[40011733, 39728035, 39381026]"
34,1978,meta-llama/Llama-3.1-8B-mini4L,2048,4,0,1391179771,1391179771,1232277556,1272289289,39630160,"[39728035, 39381026, 39781421]"
34,2050,meta-llama/Llama-3.1-8B-mini4L,2048,4,0,1431201429,1431201429,1272289289,1312017324,39728035,"[39381026, 39781421, 40021658]"
34,2122,meta-llama/Llama-3.1-8B-mini4L,2048,4,0,1470979182,1470979182,1312017324,1351398350,39860277,"[39781421, 40021658, 39777753]"
34,2194,meta-llama/Llama-3.1-8B-mini4L,2048,4,0,1510531863,1510531863,1351398350,1391179771,39784030,"[40021658, 39777753, 39552681]"
34,2266,meta-llama/Llama-3.1-8B-mini4L,2048,4,0,1550231895,1550231895,1391179771,1431201429,39676822,"[39777753, 39552681, 39700032]"
34,2338,meta-llama/Llama-3.1-8B-mini4L,2048,4,0,1590020621,1590020621,1431201429,1470979182,39680479,"[39552681, 39700032, 39788726]"
34,2410,meta-llama/Llama-3.1-8B-mini4L,2048,4,0,1629809347,1629809347,1470979182,1510531863,39759161,"[39700032, 39788726, 39788726]"
34,2482,meta-llama/Llama-3.1-8B-mini4L,2048,4,0,1669571642,1669571642,1510531863,1550231895,39779915,"[39788726, 39788726, 39762295]"
34,2554,meta-llama/Llama-3.1-8B-mini4L,2048,4,0,1709278717,1709278717,1550231895,1590020621,39752698,"[39788726, 39762295, 39707075]"
34,2626,meta-llama/Llama-3.1-8B-mini4L,2048,4,0,1748995717,1748995717,1590020621,1629809347,39728790,"[39762295, 39707075, 39717000]"
34,2698,meta-llama/Llama-3.1-8B-mini4L,2048,4,0,1788738886,1788738886,1629809347,1669571642,39722414,"[39707075, 39717000, 39743169]"
34,2770,meta-llama/Llama-3.1-8B-mini4L,2048,4,0,1828482055,1828482055,1669571642,1709278717,39734446,"[39717000, 39743169, 39743169]"
34,2842,meta-llama/Llama-3.1-8B-mini4L,2048,4,0,1868172886,1868172886,1709278717,1748995717,39725723,"[39743169, 39743169, 39690831]"
34,2914,meta-llama/Llama-3.1-8B-mini4L,2048,4,0,1898275420,1898275420,1748995717,1788738886,36512178,"[39743169, 39690831, 30102534]"
34,2986,meta-llama/Llama-3.1-8B-mini4L,2048,4,0,1908103949,1908103949,1788738886,1828482055,26540631,"[39690831, 30102534, 9828529]"
34,3058,meta-llama/Llama-3.1-8B-mini4L,2048,4,0,1910195741,1910195741,1828482055,1868172886,14007618,"[30102534, 9828529, 2091792]"
34,3130,meta-llama/Llama-3.1-8B-mini4L,2048,4,0,1912284561,1912284561,1868172886,1898275420,4669713,"[9828529, 2091792, 2088820]"
34,3202,meta-llama/Llama-3.1-8B-mini4L,2056,4,3000000000,6017271485,3017271485,322129,3010624363,2215707,"[2215622, 2215706, 2215794]"
34,3274,meta-llama/Llama-3.1-8B-mini4L,2056,4,3000000000,6017271485,3017271485,322129,3010624363,2215707,"[2215622, 2215706, 2215794]"
34,3346,meta-llama/Llama-3.1-8B-mini4L,2056,4,3000000000,6017271485,3017271485,322129,3010624363,2215707,"[2215622, 2215706, 2215794]"
34,3418,meta-llama/Llama-3.1-8B-mini4L,2056,4,3000000000,6017271485,3017271485,322129,3010624363,2215707,"[2215622, 2215706, 2215794]"
34,3490,meta-llama/Llama-3.1-8B-mini4L,2056,4,3000000000,6017271485,3017271485,322129,3010624363,2215707,"[2215622, 2215706, 2215794]"
34,3562,meta-llama/Llama-3.1-8B-mini4L,2056,4,3000000000,6017271485,3017271485,322129,3010624363,2215707,"[2215622, 2215706, 2215794]"
34,3634,meta-llama/Llama-3.1-8B-mini4L,2056,4,3000000000,6017271485,3017271485,322129,3010624363,2215707,"[2215622, 2215706, 2215794]"
34,3706,meta-llama/Llama-3.1-8B-mini4L,2056,4,3000000000,6017271485,3017271485,322129,3010624363,2215707,"[2215622, 2215706, 2215794]"
34,3778,meta-llama/Llama-3.1-8B-mini4L,2056,4,3000000000,12202509245,9202509245,3017271485,9195862123,2215707,"[2215622, 2215706, 2215794]"
34,3850,meta-llama/Llama-3.1-8B-mini4L,2056,4,3000000000,12202509245,9202509245,3017271485,9195862123,2215707,"[2215622, 2215706, 2215794]"
34,3922,meta-llama/Llama-3.1-8B-mini4L,2056,4,3000000000,12202509245,9202509245,3017271485,9195862123,2215707,"[2215622, 2215706, 2215794]"
34,3994,meta-llama/Llama-3.1-8B-mini4L,2056,4,3000000000,12202509245,9202509245,3017271485,9195862123,2215707,"[2215622, 2215706, 2215794]"
34,4066,meta-llama/Llama-3.1-8B-mini4L,2056,4,3000000000,12202509245,9202509245,3017271485,9195862123,2215707,"[2215622, 2215706, 2215794]"
34,4138,meta-llama/Llama-3.1-8B-mini4L,2056,4,3000000000,12202509245,9202509245,3017271485,9195862123,2215707,"[2215622, 2215706, 2215794]"
34,4210,meta-llama/Llama-3.1-8B-mini4L,2056,4,3000000000,12202509245,9202509245,3017271485,9195862123,2215707,"[2215622, 2215706, 2215794]"
34,4282,meta-llama/Llama-3.1-8B-mini4L,2056,4,3000000000,12202509245,9202509245,3017271485,9195862123,2215707,"[2215622, 2215706, 2215794]"
34,4354,meta-llama/Llama-3.1-8B-mini4L,2056,4,3000000000,18387747005,15387747005,9202509245,15381099883,2215707,"[2215622, 2215706, 2215794]"
34,4426,meta-llama/Llama-3.1-8B-mini4L,2056,4,3000000000,18387747005,15387747005,9202509245,15381099883,2215707,"[2215622, 2215706, 2215794]"
34,4498,meta-llama/Llama-3.1-8B-mini4L,2056,4,3000000000,18387747005,15387747005,9202509245,15381099883,2215707,"[2215622, 2215706, 2215794]"
34,4570,meta-llama/Llama-3.1-8B-mini4L,2056,4,3000000000,18387747005,15387747005,9202509245,15381099883,2215707,"[2215622, 2215706, 2215794]"
34,4642,meta-llama/Llama-3.1-8B-mini4L,2056,4,3000000000,18387747005,15387747005,9202509245,15381099883,2215707,"[2215622, 2215706, 2215794]"
34,4714,meta-llama/Llama-3.1-8B-mini4L,2056,4,3000000000,18387747005,15387747005,9202509245,15381099883,2215707,"[2215622, 2215706, 2215794]"
34,4786,meta-llama/Llama-3.1-8B-mini4L,2056,4,3000000000,18387747005,15387747005,9202509245,15381099883,2215707,"[2215622, 2215706, 2215794]"
34,4858,meta-llama/Llama-3.1-8B-mini4L,2056,4,3000000000,18387747005,15387747005,9202509245,15381099883,2215707,"[2215622, 2215706, 2215794]"
34,4930,meta-llama/Llama-3.1-8B-mini4L,2056,4,3000000000,24572984765,21572984765,15387747005,21566337643,2215707,"[2215622, 2215706, 2215794]"
34,5002,meta-llama/Llama-3.1-8B-mini4L,2056,4,3000000000,24572984765,21572984765,15387747005,21566337643,2215707,"[2215622, 2215706, 2215794]"
34,5074,meta-llama/Llama-3.1-8B-mini4L,2056,4,3000000000,24572984765,21572984765,15387747005,21566337643,2215707,"[2215622, 2215706, 2215794]"
34,5146,meta-llama/Llama-3.1-8B-mini4L,2056,4,3000000000,24572984765,21572984765,15387747005,21566337643,2215707,"[2215622, 2215706, 2215794]"
34,5218,meta-llama/Llama-3.1-8B-mini4L,2056,4,3000000000,24572984765,21572984765,15387747005,21566337643,2215707,"[2215622, 2215706, 2215794]"
34,5290,meta-llama/Llama-3.1-8B-mini4L,2056,4,3000000000,24572984765,21572984765,15387747005,21566337643,2215707,"[2215622, 2215706, 2215794]"
34,5362,meta-llama/Llama-3.1-8B-mini4L,2056,4,3000000000,24572984765,21572984765,15387747005,21566337643,2215707,"[2215622, 2215706, 2215794]"
34,5434,meta-llama/Llama-3.1-8B-mini4L,2056,4,3000000000,24572984765,21572984765,15387747005,21566337643,2215707,"[2215622, 2215706, 2215794]"
34,5506,meta-llama/Llama-3.1-8B-mini4L,2056,4,3000000000,30758222525,27758222525,21572984765,27751575403,2215707,"[2215622, 2215706, 2215794]"
34,5578,meta-llama/Llama-3.1-8B-mini4L,2056,4,3000000000,30758222525,27758222525,21572984765,27751575403,2215707,"[2215622, 2215706, 2215794]"
34,5650,meta-llama/Llama-3.1-8B-mini4L,2056,4,3000000000,30758222525,27758222525,21572984765,27751575403,2215707,"[2215622, 2215706, 2215794]"
34,5722,meta-llama/Llama-3.1-8B-mini4L,2056,4,3000000000,30758222525,27758222525,21572984765,27751575403,2215707,"[2215622, 2215706, 2215794]"
34,5794,meta-llama/Llama-3.1-8B-mini4L,2056,4,3000000000,30758222525,27758222525,21572984765,27751575403,2215707,"[2215622, 2215706, 2215794]"
34,5866,meta-llama/Llama-3.1-8B-mini4L,2056,4,3000000000,30758222525,27758222525,21572984765,27751575403,2215707,"[2215622, 2215706, 2215794]"
34,5938,meta-llama/Llama-3.1-8B-mini4L,2056,4,3000000000,30758222525,27758222525,21572984765,27751575403,2215707,"[2215622, 2215706, 2215794]"
34,6010,meta-llama/Llama-3.1-8B-mini4L,2056,4,3000000000,30758222525,27758222525,21572984765,27751575403,2215707,"[2215622, 2215706, 2215794]"
34,6082,meta-llama/Llama-3.1-8B-mini4L,2056,4,3000000000,35506135108,32506135108,27758222525,32499697126,2145994,"[2145938, 2145994, 2146050]"
34,6154,meta-llama/Llama-3.1-8B-mini4L,2056,4,3000000000,35506135108,32506135108,27758222525,32499697126,2145994,"[2145938, 2145994, 2146050]"
34,6226,meta-llama/Llama-3.1-8B-mini4L,2056,4,3000000000,35506135108,32506135108,27758222525,32499697126,2145994,"[2145938, 2145994, 2146050]"
34,6298,meta-llama/Llama-3.1-8B-mini4L,2056,4,3000000000,35506135108,32506135108,27758222525,32499697126,2145994,"[2145938, 2145994, 2146050]"
34,6370,meta-llama/Llama-3.1-8B-mini4L,2056,4,3000000000,35506135108,32506135108,27758222525,32499697126,2145994,"[2145938, 2145994, 2146050]"
35,35,meta-llama/Llama-3.1-8B-mini4L,2048,4,0,178613304,178613304,1,29955173,49552710,"[48887602, 49863356, 49907173]"
35,107,meta-llama/Llama-3.1-8B-mini4L,2048,4,0,278467024,278467024,78842775,128706131,49920297,"[49907173, 49906421, 49947299]"
35,179,meta-llama/Llama-3.1-8B-mini4L,2048,4,0,328413271,328413271,128706131,178613304,49933322,"[49906421, 49947299, 49946247]"
35,251,meta-llama/Llama-3.1-8B-mini4L,2048,4,0,378358462,378358462,178613304,228519725,49946245,"[49947299, 49946247, 49945191]"
35,323,meta-llama/Llama-3.1-8B-mini4L,2048,4,0,428302597,428302597,228519725,278467024,49945191,"[49946247, 49945191, 49944135]"
35,395,meta-llama/Llama-3.1-8B-mini4L,2048,4,0,478245676,478245676,278467024,328413271,49944135,"[49945191, 49944135, 49943079]"
35,467,meta-llama/Llama-3.1-8B-mini4L,2048,4,0,528243049,528243049,328413271,378358462,49961529,"[49944135, 49943079, 49997373]"
35,539,meta-llama/Llama-3.1-8B-mini4L,2048,4,0,576718476,576718476,378358462,428302597,49471959,"[49943079, 49997373, 48475427]"
35,611,meta-llama/Llama-3.1-8B-mini4L,2048,4,0,623699170,623699170,428302597,478245676,48484498,"[49997373, 48475427, 46980694]"
35,683,meta-llama/Llama-3.1-8B-mini4L,2048,4,0,669156080,669156080,478245676,528243049,46971010,"[48475427, 46980694, 45456910]"
35,755,meta-llama/Llama-3.1-8B-mini4L,2048,4,0,713063037,713063037,528243049,576718476,45448187,"[46980694, 45456910, 43906957]"
35,827,meta-llama/Llama-3.1-8B-mini4L,2048,4,0,753039231,753039231,576718476,623699170,43113353,"[45456910, 43906957, 39976194]"
35,899,meta-llama/Llama-3.1-8B-mini4L,2048,4,0,793747491,793747491,623699170,669156080,41530470,"[43906957, 39976194, 40708260]"
35,971,meta-llama/Llama-3.1-8B-mini4L,2048,4,0,834636967,834636967,669156080,713063037,40524643,"[39976194, 40708260, 40889476]"
35,1043,meta-llama/Llama-3.1-8B-mini4L,2048,4,0,874841608,874841608,713063037,753039231,40600792,"[40708260, 40889476, 40204641]"
35,1115,meta-llama/Llama-3.1-8B-mini4L,2048,4,0,914976388,914976388,753039231,793747491,40409632,"[40889476, 40204641, 40134780]"
35,1187,meta-llama/Llama-3.1-8B-mini4L,2048,4,0,954605542,954605542,793747491,834636967,39989525,"[40204641, 40134780, 39629154]"
35,1259,meta-llama/Llama-3.1-8B-mini4L,2048,4,0,993772007,993772007,834636967,874841608,39643466,"[40134780, 39629154, 39166465]"
35,1331,meta-llama/Llama-3.1-8B-mini4L,2048,4,0,1033836633,1033836633,874841608,914976388,39620081,"[39629154, 39166465, 40064626]"
35,1403,meta-llama/Llama-3.1-8B-mini4L,2048,4,0,1073897329,1073897329,914976388,954605542,39763929,"[39166465, 40064626, 40060696]"
35,1475,meta-llama/Llama-3.1-8B-mini4L,2048,4,0,1113805696,1113805696,954605542,993772007,40011229,"[40064626, 40060696, 39908367]"
35,1547,meta-llama/Llama-3.1-8B-mini4L,2048,4,0,1153228873,1153228873,993772007,1033836633,39797413,"[40060696, 39908367, 39423177]"
35,1619,meta-llama/Llama-3.1-8B-mini4L,2048,4,0,1192867690,1192867690,1033836633,1073897329,39656787,"[39908367, 39423177, 39638817]"
35,1691,meta-llama/Llama-3.1-8B-mini4L,2048,4,0,1232829967,1232829967,1073897329,1113805696,39674757,"[39423177, 39638817, 39962277]"
35,1763,meta-llama/Llama-3.1-8B-mini4L,2048,4,0,1272841438,1272841438,1113805696,1153228873,39870855,"[39638817, 39962277, 40011471]"
35,1835,meta-llama/Llama-3.1-8B-mini4L,2048,4,0,1312542780,1312542780,1153228873,1192867690,39891696,"[39962277, 40011471, 39701342]"
35,1907,meta-llama/Llama-3.1-8B-mini4L,2048,4,0,1351923806,1351923806,1192867690,1232829967,39697946,"[40011471, 39701342, 39381026]"
35,1979,meta-llama/Llama-3.1-8B-mini4L,2048,4,0,1391705227,1391705227,1232829967,1272841438,39621263,"[39701342, 39381026, 39781421]"
35,2051,meta-llama/Llama-3.1-8B-mini4L,2048,4,0,1431753578,1431753578,1272841438,1312542780,39736932,"[39381026, 39781421, 40048351]"
35,2123,meta-llama/Llama-3.1-8B-mini4L,2048,4,0,1471531069,1471531069,1312542780,1351923806,39869087,"[39781421, 40048351, 39777491]"
35,2195,meta-llama/Llama-3.1-8B-mini4L,2048,4,0,1511084012,1511084012,1351923806,1391705227,39792928,"[40048351, 39777491, 39552943]"
35,2267,meta-llama/Llama-3.1-8B-mini4L,2048,4,0,1550810213,1550810213,1391705227,1431753578,39685545,"[39777491, 39552943, 39726201]"
35,2339,meta-llama/Llama-3.1-8B-mini4L,2048,4,0,1590572508,1590572508,1431753578,1471531069,39680479,"[39552943, 39726201, 39762295]"
35,2411,meta-llama/Llama-3.1-8B-mini4L,2048,4,0,1630334803,1630334803,1471531069,1511084012,39750263,"[39726201, 39762295, 39762295]"
35,2483,meta-llama/Llama-3.1-8B-mini4L,2048,4,0,1670097098,1670097098,1511084012,1550810213,39762295,"[39762295, 39762295, 39762295]"
35,2555,meta-llama/Llama-3.1-8B-mini4L,2048,4,0,1709830342,1709830342,1550810213,1590572508,39752611,"[39762295, 39762295, 39733244]"
35,2627,meta-llama/Llama-3.1-8B-mini4L,2048,4,0,1749521173,1749521173,1590572508,1630334803,39728790,"[39762295, 39733244, 39690831]"
35,2699,meta-llama/Llama-3.1-8B-mini4L,2048,4,0,1789264342,1789264342,1630334803,1670097098,39722414,"[39733244, 39690831, 39743169]"
35,2771,meta-llama/Llama-3.1-8B-mini4L,2048,4,0,1829007511,1829007511,1670097098,1709830342,39725723,"[39690831, 39743169, 39743169]"
35,2843,meta-llama/Llama-3.1-8B-mini4L,2048,4,0,1868724511,1868724511,1709830342,1749521173,39734446,"[39743169, 39743169, 39717000]"
35,2915,meta-llama/Llama-3.1-8B-mini4L,2048,4,0,1898307860,1898307860,1749521173,1789264342,36347839,"[39743169, 39717000, 29583349]"
35,2987,meta-llama/Llama-3.1-8B-mini4L,2048,4,0,1908104838,1908104838,1789264342,1829007511,26365775,"[39717000, 29583349, 9796978]"
35,3059,meta-llama/Llama-3.1-8B-mini4L,2048,4,0,1910196374,1910196374,1829007511,1868724511,13823954,"[29583349, 9796978, 2091536]"
35,3131,meta-llama/Llama-3.1-8B-mini4L,2048,4,0,1912284937,1912284937,1868724511,1898307860,4659025,"[9796978, 2091536, 2088563]"
35,3203,meta-llama/Llama-3.1-8B-mini4L,2056,4,3000000000,6103177565,3103177565,322129,3096530443,2215707,"[2215622, 2215706, 2215794]"
35,3275,meta-llama/Llama-3.1-8B-mini4L,2056,4,3000000000,6103177565,3103177565,322129,3096530443,2215707,"[2215622, 2215706, 2215794]"
35,3347,meta-llama/Llama-3.1-8B-mini4L,2056,4,3000000000,6103177565,3103177565,322129,3096530443,2215707,"[2215622, 2215706, 2215794]"
35,3419,meta-llama/Llama-3.1-8B-mini4L,2056,4,3000000000,6103177565,3103177565,322129,3096530443,2215707,"[2215622, 2215706, 2215794]"
35,3491,meta-llama/Llama-3.1-8B-mini4L,2056,4,3000000000,6103177565,3103177565,322129,3096530443,2215707,"[2215622, 2215706, 2215794]"
35,3563,meta-llama/Llama-3.1-8B-mini4L,2056,4,3000000000,6103177565,3103177565,322129,3096530443,2215707,"[2215622, 2215706, 2215794]"
35,3635,meta-llama/Llama-3.1-8B-mini4L,2056,4,3000000000,6103177565,3103177565,322129,3096530443,2215707,"[2215622, 2215706, 2215794]"
35,3707,meta-llama/Llama-3.1-8B-mini4L,2056,4,3000000000,6103177565,3103177565,322129,3096530443,2215707,"[2215622, 2215706, 2215794]"
35,3779,meta-llama/Llama-3.1-8B-mini4L,2056,4,3000000000,12288415325,9288415325,3103177565,9281768203,2215707,"[2215622, 2215706, 2215794]"
35,3851,meta-llama/Llama-3.1-8B-mini4L,2056,4,3000000000,12288415325,9288415325,3103177565,9281768203,2215707,"[2215622, 2215706, 2215794]"
35,3923,meta-llama/Llama-3.1-8B-mini4L,2056,4,3000000000,12288415325,9288415325,3103177565,9281768203,2215707,"[2215622, 2215706, 2215794]"
35,3995,meta-llama/Llama-3.1-8B-mini4L,2056,4,3000000000,12288415325,9288415325,3103177565,9281768203,2215707,"[2215622, 2215706, 2215794]"
35,4067,meta-llama/Llama-3.1-8B-mini4L,2056,4,3000000000,12288415325,9288415325,3103177565,9281768203,2215707,"[2215622, 2215706, 2215794]"
35,4139,meta-llama/Llama-3.1-8B-mini4L,2056,4,3000000000,12288415325,9288415325,3103177565,9281768203,2215707,"[2215622, 2215706, 2215794]"
35,4211,meta-llama/Llama-3.1-8B-mini4L,2056,4,3000000000,12288415325,9288415325,3103177565,9281768203,2215707,"[2215622, 2215706, 2215794]"
35,4283,meta-llama/Llama-3.1-8B-mini4L,2056,4,3000000000,12288415325,9288415325,3103177565,9281768203,2215707,"[2215622, 2215706, 2215794]"
35,4355,meta-llama/Llama-3.1-8B-mini4L,2056,4,3000000000,18473653085,15473653085,9288415325,15467005963,2215707,"[2215622, 2215706, 2215794]"
35,4427,meta-llama/Llama-3.1-8B-mini4L,2056,4,3000000000,18473653085,15473653085,9288415325,15467005963,2215707,"[2215622, 2215706, 2215794]"
35,4499,meta-llama/Llama-3.1-8B-mini4L,2056,4,3000000000,18473653085,15473653085,9288415325,15467005963,2215707,"[2215622, 2215706, 2215794]"
35,4571,meta-llama/Llama-3.1-8B-mini4L,2056,4,3000000000,18473653085,15473653085,9288415325,15467005963,2215707,"[2215622, 2215706, 2215794]"
35,4643,meta-llama/Llama-3.1-8B-mini4L,2056,4,3000000000,18473653085,15473653085,9288415325,15467005963,2215707,"[2215622, 2215706, 2215794]"
35,4715,meta-llama/Llama-3.1-8B-mini4L,2056,4,3000000000,18473653085,15473653085,9288415325,15467005963,2215707,"[2215622, 2215706, 2215794]"
35,4787,meta-llama/Llama-3.1-8B-mini4L,2056,4,3000000000,18473653085,15473653085,9288415325,15467005963,2215707,"[2215622, 2215706, 2215794]"
35,4859,meta-llama/Llama-3.1-8B-mini4L,2056,4,3000000000,18473653085,15473653085,9288415325,15467005963,2215707,"[2215622, 2215706, 2215794]"
35,4931,meta-llama/Llama-3.1-8B-mini4L,2056,4,3000000000,24658890845,21658890845,15473653085,21652243723,2215707,"[2215622, 2215706, 2215794]"
35,5003,meta-llama/Llama-3.1-8B-mini4L,2056,4,3000000000,24658890845,21658890845,15473653085,21652243723,2215707,"[2215622, 2215706, 2215794]"
35,5075,meta-llama/Llama-3.1-8B-mini4L,2056,4,3000000000,24658890845,21658890845,15473653085,21652243723,2215707,"[2215622, 2215706, 2215794]"
35,5147,meta-llama/Llama-3.1-8B-mini4L,2056,4,3000000000,24658890845,21658890845,15473653085,21652243723,2215707,"[2215622, 2215706, 2215794]"
35,5219,meta-llama/Llama-3.1-8B-mini4L,2056,4,3000000000,24658890845,21658890845,15473653085,21652243723,2215707,"[2215622, 2215706, 2215794]"
35,5291,meta-llama/Llama-3.1-8B-mini4L,2056,4,3000000000,24658890845,21658890845,15473653085,21652243723,2215707,"[2215622, 2215706, 2215794]"
35,5363,meta-llama/Llama-3.1-8B-mini4L,2056,4,3000000000,24658890845,21658890845,15473653085,21652243723,2215707,"[2215622, 2215706, 2215794]"
35,5435,meta-llama/Llama-3.1-8B-mini4L,2056,4,3000000000,24658890845,21658890845,15473653085,21652243723,2215707,"[2215622, 2215706, 2215794]"
35,5507,meta-llama/Llama-3.1-8B-mini4L,2056,4,3000000000,30844128605,27844128605,21658890845,27837481483,2215707,"[2215622, 2215706, 2215794]"
35,5579,meta-llama/Llama-3.1-8B-mini4L,2056,4,3000000000,30844128605,27844128605,21658890845,27837481483,2215707,"[2215622, 2215706, 2215794]"
35,5651,meta-llama/Llama-3.1-8B-mini4L,2056,4,3000000000,30844128605,27844128605,21658890845,27837481483,2215707,"[2215622, 2215706, 2215794]"
35,5723,meta-llama/Llama-3.1-8B-mini4L,2056,4,3000000000,30844128605,27844128605,21658890845,27837481483,2215707,"[2215622, 2215706, 2215794]"
35,5795,meta-llama/Llama-3.1-8B-mini4L,2056,4,3000000000,30844128605,27844128605,21658890845,27837481483,2215707,"[2215622, 2215706, 2215794]"
35,5867,meta-llama/Llama-3.1-8B-mini4L,2056,4,3000000000,30844128605,27844128605,21658890845,27837481483,2215707,"[2215622, 2215706, 2215794]"
35,5939,meta-llama/Llama-3.1-8B-mini4L,2056,4,3000000000,30844128605,27844128605,21658890845,27837481483,2215707,"[2215622, 2215706, 2215794]"
35,6011,meta-llama/Llama-3.1-8B-mini4L,2056,4,3000000000,30844128605,27844128605,21658890845,27837481483,2215707,"[2215622, 2215706, 2215794]"
35,6083,meta-llama/Llama-3.1-8B-mini4L,2056,4,3000000000,35560583908,32560583908,27844128605,32554145926,2145994,"[2145938, 2145994, 2146050]"
35,6155,meta-llama/Llama-3.1-8B-mini4L,2056,4,3000000000,35560583908,32560583908,27844128605,32554145926,2145994,"[2145938, 2145994, 2146050]"
35,6227,meta-llama/Llama-3.1-8B-mini4L,2056,4,3000000000,35560583908,32560583908,27844128605,32554145926,2145994,"[2145938, 2145994, 2146050]"
35,6299,meta-llama/Llama-3.1-8B-mini4L,2056,4,3000000000,35560583908,32560583908,27844128605,32554145926,2145994,"[2145938, 2145994, 2146050]"
35,6371,meta-llama/Llama-3.1-8B-mini4L,2056,4,3000000000,35560583908,32560583908,27844128605,32554145926,2145994,"[2145938, 2145994, 2146050]"
36,36,meta-llama/Llama-3.1-8B-mini4L,2048,4,0,179138760,179138760,1,30480629,49552710,"[48887602, 49863356, 49907173]"
36,108,meta-llama/Llama-3.1-8B-mini4L,2048,4,0,278992480,278992480,79368231,129231587,49920297,"[49907173, 49906421, 49947299]"
36,180,meta-llama/Llama-3.1-8B-mini4L,2048,4,0,328938727,328938727,129231587,179138760,49933322,"[49906421, 49947299, 49946247]"
36,252,meta-llama/Llama-3.1-8B-mini4L,2048,4,0,378883918,378883918,179138760,229045181,49946245,"[49947299, 49946247, 49945191]"
36,324,meta-llama/Llama-3.1-8B-mini4L,2048,4,0,428828053,428828053,229045181,278992480,49945191,"[49946247, 49945191, 49944135]"
36,396,meta-llama/Llama-3.1-8B-mini4L,2048,4,0,478771132,478771132,278992480,328938727,49944135,"[49945191, 49944135, 49943079]"
36,468,meta-llama/Llama-3.1-8B-mini4L,2048,4,0,528768505,528768505,328938727,378883918,49961529,"[49944135, 49943079, 49997373]"
36,540,meta-llama/Llama-3.1-8B-mini4L,2048,4,0,577243932,577243932,378883918,428828053,49471959,"[49943079, 49997373, 48475427]"
36,612,meta-llama/Llama-3.1-8B-mini4L,2048,4,0,624224626,624224626,428828053,478771132,48484498,"[49997373, 48475427, 46980694]"
36,684,meta-llama/Llama-3.1-8B-mini4L,2048,4,0,669681536,669681536,478771132,528768505,46971010,"[48475427, 46980694, 45456910]"
36,756,meta-llama/Llama-3.1-8B-mini4L,2048,4,0,713588493,713588493,528768505,577243932,45448187,"[46980694, 45456910, 43906957]"
36,828,meta-llama/Llama-3.1-8B-mini4L,2048,4,0,753619645,753619645,577243932,624224626,43131673,"[45456910, 43906957, 40031152]"
36,900,meta-llama/Llama-3.1-8B-mini4L,2048,4,0,794300426,794300426,624224626,669681536,41539630,"[43906957, 40031152, 40680781]"
36,972,meta-llama/Llama-3.1-8B-mini4L,2048,4,0,835162423,835162423,669681536,713588493,40524643,"[40031152, 40680781, 40861997]"
36,1044,meta-llama/Llama-3.1-8B-mini4L,2048,4,0,875394543,875394543,713588493,753619645,40591632,"[40680781, 40861997, 40232120]"
36,1116,meta-llama/Llama-3.1-8B-mini4L,2048,4,0,915501844,915501844,753619645,794300426,40400472,"[40861997, 40232120, 40107301]"
36,1188,meta-llama/Llama-3.1-8B-mini4L,2048,4,0,955239866,955239866,794300426,835162423,40025814,"[40232120, 40107301, 39738022]"
36,1260,meta-llama/Llama-3.1-8B-mini4L,2048,4,0,994324680,994324680,835162423,875394543,39643379,"[40107301, 39738022, 39084814]"
36,1332,meta-llama/Llama-3.1-8B-mini4L,2048,4,0,1034362089,1034362089,875394543,915501844,39620081,"[39738022, 39084814, 40037409]"
36,1404,meta-llama/Llama-3.1-8B-mini4L,2048,4,0,1074476695,1074476695,915501844,955239866,39745609,"[39084814, 40037409, 40114606]"
36,1476,meta-llama/Llama-3.1-8B-mini4L,2048,4,0,1114438972,1114438972,955239866,994324680,40038097,"[40037409, 40114606, 39962277]"
36,1548,meta-llama/Llama-3.1-8B-mini4L,2048,4,0,1153781284,1153781284,994324680,1034362089,39806398,"[40114606, 39962277, 39342312]"
36,1620,meta-llama/Llama-3.1-8B-mini4L,2048,4,0,1193447056,1193447056,1034362089,1074476695,39656787,"[39962277, 39342312, 39665772]"
36,1692,meta-llama/Llama-3.1-8B-mini4L,2048,4,0,1233355423,1233355423,1074476695,1114438972,39638817,"[39342312, 39665772, 39908367]"
36,1764,meta-llama/Llama-3.1-8B-mini4L,2048,4,0,1273393587,1273393587,1114438972,1153781284,39870767,"[39665772, 39908367, 40038164]"
36,1836,meta-llama/Llama-3.1-8B-mini4L,2048,4,0,1313094929,1313094929,1153781284,1193447056,39882624,"[39908367, 40038164, 39701342]"
36,1908,meta-llama/Llama-3.1-8B-mini4L,2048,4,0,1352475955,1352475955,1193447056,1233355423,39706844,"[40038164, 39701342, 39381026]"
36,1980,meta-llama/Llama-3.1-8B-mini4L,2048,4,0,1392230683,1392230683,1233355423,1273393587,39612365,"[39701342, 39381026, 39754728]"
36,2052,meta-llama/Llama-3.1-8B-mini4L,2048,4,0,1432305727,1432305727,1273393587,1313094929,39736932,"[39381026, 39754728, 40075044]"
36,2124,meta-llama/Llama-3.1-8B-mini4L,2048,4,0,1472082956,1472082956,1313094929,1352475955,39869000,"[39754728, 40075044, 39777229]"
36,2196,meta-llama/Llama-3.1-8B-mini4L,2048,4,0,1511716240,1511716240,1352475955,1392230683,39828519,"[40075044, 39777229, 39633284]"
36,2268,meta-llama/Llama-3.1-8B-mini4L,2048,4,0,1551362100,1551362100,1392230683,1432305727,39685457,"[39777229, 39633284, 39645860]"
36,2340,meta-llama/Llama-3.1-8B-mini4L,2048,4,0,1591097964,1591097964,1432305727,1472082956,39671669,"[39633284, 39645860, 39735864]"
36,2412,meta-llama/Llama-3.1-8B-mini4L,2048,4,0,1630886690,1630886690,1472082956,1511716240,39723483,"[39645860, 39735864, 39788726]"
36,2484,meta-llama/Llama-3.1-8B-mini4L,2048,4,0,1670648985,1670648985,1511716240,1551362100,39762295,"[39735864, 39788726, 39762295]"
36,2556,meta-llama/Llama-3.1-8B-mini4L,2048,4,0,1710355798,1710355798,1551362100,1591097964,39752611,"[39788726, 39762295, 39706813]"
36,2628,meta-llama/Llama-3.1-8B-mini4L,2048,4,0,1750072798,1750072798,1591097964,1630886690,39728702,"[39762295, 39706813, 39717000]"
36,2700,meta-llama/Llama-3.1-8B-mini4L,2048,4,0,1789815967,1789815967,1630886690,1670648985,39722327,"[39706813, 39717000, 39743169]"
36,2772,meta-llama/Llama-3.1-8B-mini4L,2048,4,0,1829559136,1829559136,1670648985,1710355798,39734446,"[39717000, 39743169, 39743169]"
36,2844,meta-llama/Llama-3.1-8B-mini4L,2048,4,0,1869249967,1869249967,1710355798,1750072798,39725723,"[39743169, 39743169, 39690831]"
36,2916,meta-llama/Llama-3.1-8B-mini4L,2048,4,0,1898865876,1898865876,1750072798,1789815967,36349969,"[39743169, 39690831, 29615909]"
36,2988,meta-llama/Llama-3.1-8B-mini4L,2048,4,0,1908105727,1908105727,1789815967,1829559136,26182197,"[39690831, 29615909, 9239851]"
36,3060,meta-llama/Llama-3.1-8B-mini4L,2048,4,0,1910197007,1910197007,1829559136,1869249967,13649013,"[29615909, 9239851, 2091280]"
36,3132,meta-llama/Llama-3.1-8B-mini4L,2048,4,0,1912285313,1912285313,1869249967,1898865876,4473145,"[9239851, 2091280, 2088306]"
36,3204,meta-llama/Llama-3.1-8B-mini4L,2056,4,3000000000,6189083645,3189083645,322129,3182436523,2215707,"[2215622, 2215706, 2215794]"
36,3276,meta-llama/Llama-3.1-8B-mini4L,2056,4,3000000000,6189083645,3189083645,322129,3182436523,2215707,"[2215622, 2215706, 2215794]"
36,3348,meta-llama/Llama-3.1-8B-mini4L,2056,4,3000000000,6189083645,3189083645,322129,3182436523,2215707,"[2215622, 2215706, 2215794]"
36,3420,meta-llama/Llama-3.1-8B-mini4L,2056,4,3000000000,6189083645,3189083645,322129,3182436523,2215707,"[2215622, 2215706, 2215794]"
36,3492,meta-llama/Llama-3.1-8B-mini4L,2056,4,3000000000,6189083645,3189083645,322129,3182436523,2215707,"[2215622, 2215706, 2215794]"
36,3564,meta-llama/Llama-3.1-8B-mini4L,2056,4,3000000000,6189083645,3189083645,322129,3182436523,2215707,"[2215622, 2215706, 2215794]"
36,3636,meta-llama/Llama-3.1-8B-mini4L,2056,4,3000000000,6189083645,3189083645,322129,3182436523,2215707,"[2215622, 2215706, 2215794]"
36,3708,meta-llama/Llama-3.1-8B-mini4L,2056,4,3000000000,6189083645,3189083645,322129,3182436523,2215707,"[2215622, 2215706, 2215794]"
36,3780,meta-llama/Llama-3.1-8B-mini4L,2056,4,3000000000,12374321405,9374321405,3189083645,9367674283,2215707,"[2215622, 2215706, 2215794]"
36,3852,meta-llama/Llama-3.1-8B-mini4L,2056,4,3000000000,12374321405,9374321405,3189083645,9367674283,2215707,"[2215622, 2215706, 2215794]"
36,3924,meta-llama/Llama-3.1-8B-mini4L,2056,4,3000000000,12374321405,9374321405,3189083645,9367674283,2215707,"[2215622, 2215706, 2215794]"
36,3996,meta-llama/Llama-3.1-8B-mini4L,2056,4,3000000000,12374321405,9374321405,3189083645,9367674283,2215707,"[2215622, 2215706, 2215794]"
36,4068,meta-llama/Llama-3.1-8B-mini4L,2056,4,3000000000,12374321405,9374321405,3189083645,9367674283,2215707,"[2215622, 2215706, 2215794]"
36,4140,meta-llama/Llama-3.1-8B-mini4L,2056,4,3000000000,12374321405,9374321405,3189083645,9367674283,2215707,"[2215622, 2215706, 2215794]"
36,4212,meta-llama/Llama-3.1-8B-mini4L,2056,4,3000000000,12374321405,9374321405,3189083645,9367674283,2215707,"[2215622, 2215706, 2215794]"
36,4284,meta-llama/Llama-3.1-8B-mini4L,2056,4,3000000000,12374321405,9374321405,3189083645,9367674283,2215707,"[2215622, 2215706, 2215794]"
36,4356,meta-llama/Llama-3.1-8B-mini4L,2056,4,3000000000,18559559165,15559559165,9374321405,15552912043,2215707,"[2215622, 2215706, 2215794]"
36,4428,meta-llama/Llama-3.1-8B-mini4L,2056,4,3000000000,18559559165,15559559165,9374321405,15552912043,2215707,"[2215622, 2215706, 2215794]"
36,4500,meta-llama/Llama-3.1-8B-mini4L,2056,4,3000000000,18559559165,15559559165,9374321405,15552912043,2215707,"[2215622, 2215706, 2215794]"
36,4572,meta-llama/Llama-3.1-8B-mini4L,2056,4,3000000000,18559559165,15559559165,9374321405,15552912043,2215707,"[2215622, 2215706, 2215794]"
36,4644,meta-llama/Llama-3.1-8B-mini4L,2056,4,3000000000,18559559165,15559559165,9374321405,15552912043,2215707,"[2215622, 2215706, 2215794]"
36,4716,meta-llama/Llama-3.1-8B-mini4L,2056,4,3000000000,18559559165,15559559165,9374321405,15552912043,2215707,"[2215622, 2215706, 2215794]"
36,4788,meta-llama/Llama-3.1-8B-mini4L,2056,4,3000000000,18559559165,15559559165,9374321405,15552912043,2215707,"[2215622, 2215706, 2215794]"
36,4860,meta-llama/Llama-3.1-8B-mini4L,2056,4,3000000000,18559559165,15559559165,9374321405,15552912043,2215707,"[2215622, 2215706, 2215794]"
36,4932,meta-llama/Llama-3.1-8B-mini4L,2056,4,3000000000,24744796925,21744796925,15559559165,21738149803,2215707,"[2215622, 2215706, 2215794]"
36,5004,meta-llama/Llama-3.1-8B-mini4L,2056,4,3000000000,24744796925,21744796925,15559559165,21738149803,2215707,"[2215622, 2215706, 2215794]"
36,5076,meta-llama/Llama-3.1-8B-mini4L,2056,4,3000000000,24744796925,21744796925,15559559165,21738149803,2215707,"[2215622, 2215706, 2215794]"
36,5148,meta-llama/Llama-3.1-8B-mini4L,2056,4,3000000000,24744796925,21744796925,15559559165,21738149803,2215707,"[2215622, 2215706, 2215794]"
36,5220,meta-llama/Llama-3.1-8B-mini4L,2056,4,3000000000,24744796925,21744796925,15559559165,21738149803,2215707,"[2215622, 2215706, 2215794]"
36,5292,meta-llama/Llama-3.1-8B-mini4L,2056,4,3000000000,24744796925,21744796925,15559559165,21738149803,2215707,"[2215622, 2215706, 2215794]"
36,5364,meta-llama/Llama-3.1-8B-mini4L,2056,4,3000000000,24744796925,21744796925,15559559165,21738149803,2215707,"[2215622, 2215706, 2215794]"
36,5436,meta-llama/Llama-3.1-8B-mini4L,2056,4,3000000000,24744796925,21744796925,15559559165,21738149803,2215707,"[2215622, 2215706, 2215794]"
36,5508,meta-llama/Llama-3.1-8B-mini4L,2056,4,3000000000,30930034685,27930034685,21744796925,27923387563,2215707,"[2215622, 2215706, 2215794]"
36,5580,meta-llama/Llama-3.1-8B-mini4L,2056,4,3000000000,30930034685,27930034685,21744796925,27923387563,2215707,"[2215622, 2215706, 2215794]"
36,5652,meta-llama/Llama-3.1-8B-mini4L,2056,4,3000000000,30930034685,27930034685,21744796925,27923387563,2215707,"[2215622, 2215706, 2215794]"
36,5724,meta-llama/Llama-3.1-8B-mini4L,2056,4,3000000000,30930034685,27930034685,21744796925,27923387563,2215707,"[2215622, 2215706, 2215794]"
36,5796,meta-llama/Llama-3.1-8B-mini4L,2056,4,3000000000,30930034685,27930034685,21744796925,27923387563,2215707,"[2215622, 2215706, 2215794]"
36,5868,meta-llama/Llama-3.1-8B-mini4L,2056,4,3000000000,30930034685,27930034685,21744796925,27923387563,2215707,"[2215622, 2215706, 2215794]"
36,5940,meta-llama/Llama-3.1-8B-mini4L,2056,4,3000000000,30930034685,27930034685,21744796925,27923387563,2215707,"[2215622, 2215706, 2215794]"
36,6012,meta-llama/Llama-3.1-8B-mini4L,2056,4,3000000000,30930034685,27930034685,21744796925,27923387563,2215707,"[2215622, 2215706, 2215794]"
36,6084,meta-llama/Llama-3.1-8B-mini4L,2056,4,3000000000,35615032708,32615032708,27930034685,32608594726,2145994,"[2145938, 2145994, 2146050]"
36,6156,meta-llama/Llama-3.1-8B-mini4L,2056,4,3000000000,35615032708,32615032708,27930034685,32608594726,2145994,"[2145938, 2145994, 2146050]"
36,6228,meta-llama/Llama-3.1-8B-mini4L,2056,4,3000000000,35615032708,32615032708,27930034685,32608594726,2145994,"[2145938, 2145994, 2146050]"
36,6300,meta-llama/Llama-3.1-8B-mini4L,2056,4,3000000000,35615032708,32615032708,27930034685,32608594726,2145994,"[2145938, 2145994, 2146050]"
36,6372,meta-llama/Llama-3.1-8B-mini4L,2056,4,3000000000,35615032708,32615032708,27930034685,32608594726,2145994,"[2145938, 2145994, 2146050]"
37,37,meta-llama/Llama-3.1-8B-mini4L,2048,4,0,179664216,179664216,1,31006085,49552710,"[48887602, 49863356, 49907173]"
37,109,meta-llama/Llama-3.1-8B-mini4L,2048,4,0,279517936,279517936,79893687,129757043,49920297,"[49907173, 49906421, 49947299]"
37,181,meta-llama/Llama-3.1-8B-mini4L,2048,4,0,329464183,329464183,129757043,179664216,49933322,"[49906421, 49947299, 49946247]"
37,253,meta-llama/Llama-3.1-8B-mini4L,2048,4,0,379409374,379409374,179664216,229570637,49946245,"[49947299, 49946247, 49945191]"
37,325,meta-llama/Llama-3.1-8B-mini4L,2048,4,0,429353509,429353509,229570637,279517936,49945191,"[49946247, 49945191, 49944135]"
37,397,meta-llama/Llama-3.1-8B-mini4L,2048,4,0,479296588,479296588,279517936,329464183,49944135,"[49945191, 49944135, 49943079]"
37,469,meta-llama/Llama-3.1-8B-mini4L,2048,4,0,529293961,529293961,329464183,379409374,49961529,"[49944135, 49943079, 49997373]"
37,541,meta-llama/Llama-3.1-8B-mini4L,2048,4,0,577769388,577769388,379409374,429353509,49471959,"[49943079, 49997373, 48475427]"
37,613,meta-llama/Llama-3.1-8B-mini4L,2048,4,0,624750082,624750082,429353509,479296588,48484498,"[49997373, 48475427, 46980694]"
37,685,meta-llama/Llama-3.1-8B-mini4L,2048,4,0,670234471,670234471,479296588,529293961,46980170,"[48475427, 46980694, 45484389]"
37,757,meta-llama/Llama-3.1-8B-mini4L,2048,4,0,714113949,714113949,529293961,577769388,45448187,"[46980694, 45484389, 43879478]"
37,829,meta-llama/Llama-3.1-8B-mini4L,2048,4,0,754172580,754172580,577769388,624750082,43140832,"[45484389, 43879478, 40058631]"
37,901,meta-llama/Llama-3.1-8B-mini4L,2048,4,0,794825882,794825882,624750082,670234471,41530470,"[43879478, 40058631, 40653302]"
37,973,meta-llama/Llama-3.1-8B-mini4L,2048,4,0,835687879,835687879,670234471,714113949,40524643,"[40058631, 40653302, 40861997]"
37,1045,meta-llama/Llama-3.1-8B-mini4L,2048,4,0,875919999,875919999,714113949,754172580,40582473,"[40653302, 40861997, 40232120]"
37,1117,meta-llama/Llama-3.1-8B-mini4L,2048,4,0,916054517,916054517,754172580,794825882,40409545,"[40861997, 40232120, 40134518]"
37,1189,meta-llama/Llama-3.1-8B-mini4L,2048,4,0,955819756,955819756,794825882,835687879,40043959,"[40232120, 40134518, 39765239]"
37,1261,meta-llama/Llama-3.1-8B-mini4L,2048,4,0,994850136,994850136,835687879,875919999,39643379,"[40134518, 39765239, 39030380]"
37,1333,meta-llama/Llama-3.1-8B-mini4L,2048,4,0,1034887545,1034887545,875919999,916054517,39611009,"[39765239, 39030380, 40037409]"
37,1405,meta-llama/Llama-3.1-8B-mini4L,2048,4,0,1075002151,1075002151,916054517,955819756,39727465,"[39030380, 40037409, 40114606]"
37,1477,meta-llama/Llama-3.1-8B-mini4L,2048,4,0,1114991383,1114991383,955819756,994850136,40047082,"[40037409, 40114606, 39989232]"
37,1549,meta-llama/Llama-3.1-8B-mini4L,2048,4,0,1154306740,1154306740,994850136,1034887545,39806398,"[40114606, 39989232, 39315357]"
37,1621,meta-llama/Llama-3.1-8B-mini4L,2048,4,0,1193999467,1193999467,1034887545,1075002151,39665772,"[39989232, 39315357, 39692727]"
37,1693,meta-llama/Llama-3.1-8B-mini4L,2048,4,0,1233907834,1233907834,1075002151,1114991383,39638817,"[39315357, 39692727, 39908367]"
37,1765,meta-llama/Llama-3.1-8B-mini4L,2048,4,0,1273945736,1273945736,1114991383,1154306740,39879665,"[39692727, 39908367, 40037902]"
37,1837,meta-llama/Llama-3.1-8B-mini4L,2048,4,0,1313700464,1313700464,1154306740,1193999467,39900332,"[39908367, 40037902, 39754728]"
37,1909,meta-llama/Llama-3.1-8B-mini4L,2048,4,0,1353081490,1353081490,1193999467,1233907834,39724552,"[40037902, 39754728, 39381026]"
37,1981,meta-llama/Llama-3.1-8B-mini4L,2048,4,0,1392836218,1392836218,1233907834,1273945736,39630160,"[39754728, 39381026, 39754728]"
37,2053,meta-llama/Llama-3.1-8B-mini4L,2048,4,0,1432831183,1432831183,1273945736,1313700464,39710239,"[39381026, 39754728, 39994965]"
37,2125,meta-llama/Llama-3.1-8B-mini4L,2048,4,0,1472608412,1472608412,1313700464,1353081490,39842307,"[39754728, 39994965, 39777229]"
37,2197,meta-llama/Llama-3.1-8B-mini4L,2048,4,0,1512295082,1512295082,1353081490,1392836218,39819621,"[39994965, 39777229, 39686670]"
37,2269,meta-llama/Llama-3.1-8B-mini4L,2048,4,0,1551940418,1551940418,1392836218,1432831183,39703078,"[39777229, 39686670, 39645336]"
37,2341,meta-llama/Llama-3.1-8B-mini4L,2048,4,0,1591649851,1591649851,1432831183,1472608412,39680479,"[39686670, 39645336, 39709433]"
37,2413,meta-llama/Llama-3.1-8B-mini4L,2048,4,0,1631438577,1631438577,1472608412,1512295082,39714498,"[39645336, 39709433, 39788726]"
37,2485,meta-llama/Llama-3.1-8B-mini4L,2048,4,0,1671200872,1671200872,1512295082,1551940418,39753484,"[39709433, 39788726, 39762295]"
37,2557,meta-llama/Llama-3.1-8B-mini4L,2048,4,0,1710907423,1710907423,1551940418,1591649851,39752524,"[39788726, 39762295, 39706551]"
37,2629,meta-llama/Llama-3.1-8B-mini4L,2048,4,0,1750598254,1750598254,1591649851,1631438577,39719892,"[39762295, 39706551, 39690831]"
37,2701,meta-llama/Llama-3.1-8B-mini4L,2048,4,0,1790341423,1790341423,1631438577,1671200872,39713517,"[39706551, 39690831, 39743169]"
37,2773,meta-llama/Llama-3.1-8B-mini4L,2048,4,0,1830084592,1830084592,1671200872,1710907423,39725723,"[39690831, 39743169, 39743169]"
37,2845,meta-llama/Llama-3.1-8B-mini4L,2048,4,0,1869827761,1869827761,1710907423,1750598254,39743169,"[39743169, 39743169, 39743169]"
37,2917,meta-llama/Llama-3.1-8B-mini4L,2048,4,0,1898898316,1898898316,1750598254,1790341423,36185631,"[39743169, 39743169, 29070555]"
37,2989,meta-llama/Llama-3.1-8B-mini4L,2048,4,0,1908106616,1908106616,1790341423,1830084592,26007341,"[39743169, 29070555, 9208300]"
37,3061,meta-llama/Llama-3.1-8B-mini4L,2048,4,0,1910197640,1910197640,1830084592,1869827761,13456626,"[29070555, 9208300, 2091024]"
37,3133,meta-llama/Llama-3.1-8B-mini4L,2048,4,0,1912285689,1912285689,1869827761,1898898316,4462457,"[9208300, 2091024, 2088049]"
37,3205,meta-llama/Llama-3.1-8B-mini4L,2056,4,3000000000,6274989725,3274989725,322129,3268342603,2215707,"[2215622, 2215706, 2215794]"
37,3277,meta-llama/Llama-3.1-8B-mini4L,2056,4,3000000000,6274989725,3274989725,322129,3268342603,2215707,"[2215622, 2215706, 2215794]"
37,3349,meta-llama/Llama-3.1-8B-mini4L,2056,4,3000000000,6274989725,3274989725,322129,3268342603,2215707,"[2215622, 2215706, 2215794]"
37,3421,meta-llama/Llama-3.1-8B-mini4L,2056,4,3000000000,6274989725,3274989725,322129,3268342603,2215707,"[2215622, 2215706, 2215794]"
37,3493,meta-llama/Llama-3.1-8B-mini4L,2056,4,3000000000,6274989725,3274989725,322129,3268342603,2215707,"[2215622, 2215706, 2215794]"
37,3565,meta-llama/Llama-3.1-8B-mini4L,2056,4,3000000000,6274989725,3274989725,322129,3268342603,2215707,"[2215622, 2215706, 2215794]"
37,3637,meta-llama/Llama-3.1-8B-mini4L,2056,4,3000000000,6274989725,3274989725,322129,3268342603,2215707,"[2215622, 2215706, 2215794]"
37,3709,meta-llama/Llama-3.1-8B-mini4L,2056,4,3000000000,6274989725,3274989725,322129,3268342603,2215707,"[2215622, 2215706, 2215794]"
37,3781,meta-llama/Llama-3.1-8B-mini4L,2056,4,3000000000,12460227485,9460227485,3274989725,9453580363,2215707,"[2215622, 2215706, 2215794]"
37,3853,meta-llama/Llama-3.1-8B-mini4L,2056,4,3000000000,12460227485,9460227485,3274989725,9453580363,2215707,"[2215622, 2215706, 2215794]"
37,3925,meta-llama/Llama-3.1-8B-mini4L,2056,4,3000000000,12460227485,9460227485,3274989725,9453580363,2215707,"[2215622, 2215706, 2215794]"
37,3997,meta-llama/Llama-3.1-8B-mini4L,2056,4,3000000000,12460227485,9460227485,3274989725,9453580363,2215707,"[2215622, 2215706, 2215794]"
37,4069,meta-llama/Llama-3.1-8B-mini4L,2056,4,3000000000,12460227485,9460227485,3274989725,9453580363,2215707,"[2215622, 2215706, 2215794]"
37,4141,meta-llama/Llama-3.1-8B-mini4L,2056,4,3000000000,12460227485,9460227485,3274989725,9453580363,2215707,"[2215622, 2215706, 2215794]"
37,4213,meta-llama/Llama-3.1-8B-mini4L,2056,4,3000000000,12460227485,9460227485,3274989725,9453580363,2215707,"[2215622, 2215706, 2215794]"
37,4285,meta-llama/Llama-3.1-8B-mini4L,2056,4,3000000000,12460227485,9460227485,3274989725,9453580363,2215707,"[2215622, 2215706, 2215794]"
37,4357,meta-llama/Llama-3.1-8B-mini4L,2056,4,3000000000,18645465245,15645465245,9460227485,15638818123,2215707,"[2215622, 2215706, 2215794]"
37,4429,meta-llama/Llama-3.1-8B-mini4L,2056,4,3000000000,18645465245,15645465245,9460227485,15638818123,2215707,"[2215622, 2215706, 2215794]"
37,4501,meta-llama/Llama-3.1-8B-mini4L,2056,4,3000000000,18645465245,15645465245,9460227485,15638818123,2215707,"[2215622, 2215706, 2215794]"
37,4573,meta-llama/Llama-3.1-8B-mini4L,2056,4,3000000000,18645465245,15645465245,9460227485,15638818123,2215707,"[2215622, 2215706, 2215794]"
37,4645,meta-llama/Llama-3.1-8B-mini4L,2056,4,3000000000,18645465245,15645465245,9460227485,15638818123,2215707,"[2215622, 2215706, 2215794]"
37,4717,meta-llama/Llama-3.1-8B-mini4L,2056,4,3000000000,18645465245,15645465245,9460227485,15638818123,2215707,"[2215622, 2215706, 2215794]"
37,4789,meta-llama/Llama-3.1-8B-mini4L,2056,4,3000000000,18645465245,15645465245,9460227485,15638818123,2215707,"[2215622, 2215706, 2215794]"
37,4861,meta-llama/Llama-3.1-8B-mini4L,2056,4,3000000000,18645465245,15645465245,9460227485,15638818123,2215707,"[2215622, 2215706, 2215794]"
37,4933,meta-llama/Llama-3.1-8B-mini4L,2056,4,3000000000,24830703005,21830703005,15645465245,21824055883,2215707,"[2215622, 2215706, 2215794]"
37,5005,meta-llama/Llama-3.1-8B-mini4L,2056,4,3000000000,24830703005,21830703005,15645465245,21824055883,2215707,"[2215622, 2215706, 2215794]"
37,5077,meta-llama/Llama-3.1-8B-mini4L,2056,4,3000000000,24830703005,21830703005,15645465245,21824055883,2215707,"[2215622, 2215706, 2215794]"
37,5149,meta-llama/Llama-3.1-8B-mini4L,2056,4,3000000000,24830703005,21830703005,15645465245,21824055883,2215707,"[2215622, 2215706, 2215794]"
37,5221,meta-llama/Llama-3.1-8B-mini4L,2056,4,3000000000,24830703005,21830703005,15645465245,21824055883,2215707,"[2215622, 2215706, 2215794]"
37,5293,meta-llama/Llama-3.1-8B-mini4L,2056,4,3000000000,24830703005,21830703005,15645465245,21824055883,2215707,"[2215622, 2215706, 2215794]"
37,5365,meta-llama/Llama-3.1-8B-mini4L,2056,4,3000000000,24830703005,21830703005,15645465245,21824055883,2215707,"[2215622, 2215706, 2215794]"
37,5437,meta-llama/Llama-3.1-8B-mini4L,2056,4,3000000000,24830703005,21830703005,15645465245,21824055883,2215707,"[2215622, 2215706, 2215794]"
37,5509,meta-llama/Llama-3.1-8B-mini4L,2056,4,3000000000,31015940765,28015940765,21830703005,28009293643,2215707,"[2215622, 2215706, 2215794]"
37,5581,meta-llama/Llama-3.1-8B-mini4L,2056,4,3000000000,31015940765,28015940765,21830703005,28009293643,2215707,"[2215622, 2215706, 2215794]"
37,5653,meta-llama/Llama-3.1-8B-mini4L,2056,4,3000000000,31015940765,28015940765,21830703005,28009293643,2215707,"[2215622, 2215706, 2215794]"
37,5725,meta-llama/Llama-3.1-8B-mini4L,2056,4,3000000000,31015940765,28015940765,21830703005,28009293643,2215707,"[2215622, 2215706, 2215794]"
37,5797,meta-llama/Llama-3.1-8B-mini4L,2056,4,3000000000,31015940765,28015940765,21830703005,28009293643,2215707,"[2215622, 2215706, 2215794]"
37,5869,meta-llama/Llama-3.1-8B-mini4L,2056,4,3000000000,31015940765,28015940765,21830703005,28009293643,2215707,"[2215622, 2215706, 2215794]"
37,5941,meta-llama/Llama-3.1-8B-mini4L,2056,4,3000000000,31015940765,28015940765,21830703005,28009293643,2215707,"[2215622, 2215706, 2215794]"
37,6013,meta-llama/Llama-3.1-8B-mini4L,2056,4,3000000000,31015940765,28015940765,21830703005,28009293643,2215707,"[2215622, 2215706, 2215794]"
37,6085,meta-llama/Llama-3.1-8B-mini4L,2056,4,3000000000,35669481508,32669481508,28015940765,32663043526,2145994,"[2145938, 2145994, 2146050]"
37,6157,meta-llama/Llama-3.1-8B-mini4L,2056,4,3000000000,35669481508,32669481508,28015940765,32663043526,2145994,"[2145938, 2145994, 2146050]"
37,6229,meta-llama/Llama-3.1-8B-mini4L,2056,4,3000000000,35669481508,32669481508,28015940765,32663043526,2145994,"[2145938, 2145994, 2146050]"
37,6301,meta-llama/Llama-3.1-8B-mini4L,2056,4,3000000000,35669481508,32669481508,28015940765,32663043526,2145994,"[2145938, 2145994, 2146050]"
37,6373,meta-llama/Llama-3.1-8B-mini4L,2056,4,3000000000,35669481508,32669481508,28015940765,32663043526,2145994,"[2145938, 2145994, 2146050]"
38,38,meta-llama/Llama-3.1-8B-mini4L,2048,4,0,180189672,180189672,1,31531541,49552710,"[48887602, 49863356, 49907173]"
38,110,meta-llama/Llama-3.1-8B-mini4L,2048,4,0,280043392,280043392,80419143,130282499,49920297,"[49907173, 49906421, 49947299]"
38,182,meta-llama/Llama-3.1-8B-mini4L,2048,4,0,329989639,329989639,130282499,180189672,49933322,"[49906421, 49947299, 49946247]"
38,254,meta-llama/Llama-3.1-8B-mini4L,2048,4,0,379934830,379934830,180189672,230096093,49946245,"[49947299, 49946247, 49945191]"
38,326,meta-llama/Llama-3.1-8B-mini4L,2048,4,0,429878965,429878965,230096093,280043392,49945191,"[49946247, 49945191, 49944135]"
38,398,meta-llama/Llama-3.1-8B-mini4L,2048,4,0,479822044,479822044,280043392,329989639,49944135,"[49945191, 49944135, 49943079]"
38,470,meta-llama/Llama-3.1-8B-mini4L,2048,4,0,529847158,529847158,329989639,379934830,49970776,"[49944135, 49943079, 50025114]"
38,542,meta-llama/Llama-3.1-8B-mini4L,2048,4,0,578294844,578294844,379934830,429878965,49471959,"[49943079, 50025114, 48447686]"
38,614,meta-llama/Llama-3.1-8B-mini4L,2048,4,0,625275538,625275538,429878965,479822044,48484498,"[50025114, 48447686, 46980694]"
38,686,meta-llama/Llama-3.1-8B-mini4L,2048,4,0,670759927,670759927,479822044,529847158,46970923,"[48447686, 46980694, 45484389]"
38,758,meta-llama/Llama-3.1-8B-mini4L,2048,4,0,714639405,714639405,529847158,578294844,45448187,"[46980694, 45484389, 43879478]"
38,830,meta-llama/Llama-3.1-8B-mini4L,2048,4,0,756498428,756498428,578294844,625275538,43740963,"[45484389, 43879478, 41859023]"
38,902,meta-llama/Llama-3.1-8B-mini4L,2048,4,0,795461254,795461254,625275538,670759927,41567109,"[43879478, 41859023, 38962826]"
38,974,meta-llama/Llama-3.1-8B-mini4L,2048,4,0,836240814,836240814,670759927,714639405,40533803,"[41859023, 38962826, 40779560]"
38,1046,meta-llama/Llama-3.1-8B-mini4L,2048,4,0,876445455,876445455,714639405,756498428,39982342,"[38962826, 40779560, 40204641]"
38,1118,meta-llama/Llama-3.1-8B-mini4L,2048,4,0,916579973,916579973,756498428,795461254,40372906,"[40779560, 40204641, 40134518]"
38,1190,meta-llama/Llama-3.1-8B-mini4L,2048,4,0,956345212,956345212,795461254,836240814,40034799,"[40204641, 40134518, 39765239]"
38,1262,meta-llama/Llama-3.1-8B-mini4L,2048,4,0,995375592,995375592,836240814,876445455,39643379,"[40134518, 39765239, 39030380]"
38,1334,meta-llama/Llama-3.1-8B-mini4L,2048,4,0,1035413001,1035413001,876445455,916579973,39611009,"[39765239, 39030380, 40037409]"
38,1406,meta-llama/Llama-3.1-8B-mini4L,2048,4,0,1075527607,1075527607,916579973,956345212,39727465,"[39030380, 40037409, 40114606]"
38,1478,meta-llama/Llama-3.1-8B-mini4L,2048,4,0,1115516839,1115516839,956345212,995375592,40047082,"[40037409, 40114606, 39989232]"
38,1550,meta-llama/Llama-3.1-8B-mini4L,2048,4,0,1154966971,1154966971,995375592,1035413001,39851323,"[40114606, 39989232, 39450132]"
38,1622,meta-llama/Llama-3.1-8B-mini4L,2048,4,0,1194551878,1194551878,1035413001,1075527607,39674757,"[39989232, 39450132, 39584907]"
38,1694,meta-llama/Llama-3.1-8B-mini4L,2048,4,0,1234433290,1234433290,1075527607,1115516839,39638817,"[39450132, 39584907, 39881412]"
38,1766,meta-llama/Llama-3.1-8B-mini4L,2048,4,0,1274497885,1274497885,1115516839,1154966971,39843638,"[39584907, 39881412, 40064595]"
38,1838,meta-llama/Llama-3.1-8B-mini4L,2048,4,0,1314279306,1314279306,1154966971,1194551878,39909142,"[39881412, 40064595, 39781421]"
38,1910,meta-llama/Llama-3.1-8B-mini4L,2048,4,0,1353633639,1353633639,1194551878,1234433290,39733449,"[40064595, 39781421, 39354333]"
38,1982,meta-llama/Llama-3.1-8B-mini4L,2048,4,0,1393388367,1393388367,1234433290,1274497885,39630160,"[39781421, 39354333, 39754728]"
38,2054,meta-llama/Llama-3.1-8B-mini4L,2048,4,0,1433356639,1433356639,1274497885,1314279306,39692444,"[39354333, 39754728, 39968272]"
38,2126,meta-llama/Llama-3.1-8B-mini4L,2048,4,0,1473160299,1473160299,1314279306,1353633639,39842220,"[39754728, 39968272, 39803660]"
38,2198,meta-llama/Llama-3.1-8B-mini4L,2048,4,0,1512873924,1512873924,1353633639,1393388367,39828519,"[39968272, 39803660, 39713625]"
38,2270,meta-llama/Llama-3.1-8B-mini4L,2048,4,0,1552518736,1552518736,1393388367,1433356639,39720699,"[39803660, 39713625, 39644812]"
38,2342,meta-llama/Llama-3.1-8B-mini4L,2048,4,0,1592228169,1592228169,1433356639,1473160299,39689290,"[39713625, 39644812, 39709433]"
38,2414,meta-llama/Llama-3.1-8B-mini4L,2048,4,0,1631990464,1631990464,1473160299,1512873924,39705513,"[39644812, 39709433, 39762295]"
38,2486,meta-llama/Llama-3.1-8B-mini4L,2048,4,0,1671752759,1671752759,1512873924,1552518736,39744674,"[39709433, 39762295, 39762295]"
38,2558,meta-llama/Llama-3.1-8B-mini4L,2048,4,0,1711432879,1711432879,1552518736,1592228169,39734903,"[39762295, 39762295, 39680120]"
38,2630,meta-llama/Llama-3.1-8B-mini4L,2048,4,0,1751149879,1751149879,1592228169,1631990464,39719805,"[39762295, 39680120, 39717000]"
38,2702,meta-llama/Llama-3.1-8B-mini4L,2048,4,0,1790893048,1790893048,1631990464,1671752759,39713429,"[39680120, 39717000, 39743169]"
38,2774,meta-llama/Llama-3.1-8B-mini4L,2048,4,0,1830636217,1830636217,1671752759,1711432879,39734446,"[39717000, 39743169, 39743169]"
38,2846,meta-llama/Llama-3.1-8B-mini4L,2048,4,0,1870379386,1870379386,1711432879,1751149879,39743169,"[39743169, 39743169, 39743169]"
38,2918,meta-llama/Llama-3.1-8B-mini4L,2048,4,0,1899456452,1899456452,1751149879,1790893048,36187801,"[39743169, 39743169, 29077066]"
38,2990,meta-llama/Llama-3.1-8B-mini4L,2048,4,0,1908184126,1908184126,1790893048,1830636217,25849303,"[39743169, 29077066, 8727674]"
38,3062,meta-llama/Llama-3.1-8B-mini4L,2048,4,0,1910407220,1910407220,1830636217,1870379386,13342611,"[29077066, 8727674, 2223094]"
38,3134,meta-llama/Llama-3.1-8B-mini4L,2048,4,0,1912494774,1912494774,1870379386,1899456452,4346107,"[8727674, 2223094, 2087554]"
38,3206,meta-llama/Llama-3.1-8B-mini4L,2056,4,3000000000,6360895805,3360895805,322129,3354248683,2215707,"[2215622, 2215706, 2215794]"
38,3278,meta-llama/Llama-3.1-8B-mini4L,2056,4,3000000000,6360895805,3360895805,322129,3354248683,2215707,"[2215622, 2215706, 2215794]"
38,3350,meta-llama/Llama-3.1-8B-mini4L,2056,4,3000000000,6360895805,3360895805,322129,3354248683,2215707,"[2215622, 2215706, 2215794]"
38,3422,meta-llama/Llama-3.1-8B-mini4L,2056,4,3000000000,6360895805,3360895805,322129,3354248683,2215707,"[2215622, 2215706, 2215794]"
38,3494,meta-llama/Llama-3.1-8B-mini4L,2056,4,3000000000,6360895805,3360895805,322129,3354248683,2215707,"[2215622, 2215706, 2215794]"
38,3566,meta-llama/Llama-3.1-8B-mini4L,2056,4,3000000000,6360895805,3360895805,322129,3354248683,2215707,"[2215622, 2215706, 2215794]"
38,3638,meta-llama/Llama-3.1-8B-mini4L,2056,4,3000000000,6360895805,3360895805,322129,3354248683,2215707,"[2215622, 2215706, 2215794]"
38,3710,meta-llama/Llama-3.1-8B-mini4L,2056,4,3000000000,6360895805,3360895805,322129,3354248683,2215707,"[2215622, 2215706, 2215794]"
38,3782,meta-llama/Llama-3.1-8B-mini4L,2056,4,3000000000,12546133565,9546133565,3360895805,9539486443,2215707,"[2215622, 2215706, 2215794]"
38,3854,meta-llama/Llama-3.1-8B-mini4L,2056,4,3000000000,12546133565,9546133565,3360895805,9539486443,2215707,"[2215622, 2215706, 2215794]"
38,3926,meta-llama/Llama-3.1-8B-mini4L,2056,4,3000000000,12546133565,9546133565,3360895805,9539486443,2215707,"[2215622, 2215706, 2215794]"
38,3998,meta-llama/Llama-3.1-8B-mini4L,2056,4,3000000000,12546133565,9546133565,3360895805,9539486443,2215707,"[2215622, 2215706, 2215794]"
38,4070,meta-llama/Llama-3.1-8B-mini4L,2056,4,3000000000,12546133565,9546133565,3360895805,9539486443,2215707,"[2215622, 2215706, 2215794]"
38,4142,meta-llama/Llama-3.1-8B-mini4L,2056,4,3000000000,12546133565,9546133565,3360895805,9539486443,2215707,"[2215622, 2215706, 2215794]"
38,4214,meta-llama/Llama-3.1-8B-mini4L,2056,4,3000000000,12546133565,9546133565,3360895805,9539486443,2215707,"[2215622, 2215706, 2215794]"
38,4286,meta-llama/Llama-3.1-8B-mini4L,2056,4,3000000000,12546133565,9546133565,3360895805,9539486443,2215707,"[2215622, 2215706, 2215794]"
38,4358,meta-llama/Llama-3.1-8B-mini4L,2056,4,3000000000,18731371325,15731371325,9546133565,15724724203,2215707,"[2215622, 2215706, 2215794]"
38,4430,meta-llama/Llama-3.1-8B-mini4L,2056,4,3000000000,18731371325,15731371325,9546133565,15724724203,2215707,"[2215622, 2215706, 2215794]"
38,4502,meta-llama/Llama-3.1-8B-mini4L,2056,4,3000000000,18731371325,15731371325,9546133565,15724724203,2215707,"[2215622, 2215706, 2215794]"
38,4574,meta-llama/Llama-3.1-8B-mini4L,2056,4,3000000000,18731371325,15731371325,9546133565,15724724203,2215707,"[2215622, 2215706, 2215794]"
38,4646,meta-llama/Llama-3.1-8B-mini4L,2056,4,3000000000,18731371325,15731371325,9546133565,15724724203,2215707,"[2215622, 2215706, 2215794]"
38,4718,meta-llama/Llama-3.1-8B-mini4L,2056,4,3000000000,18731371325,15731371325,9546133565,15724724203,2215707,"[2215622, 2215706, 2215794]"
38,4790,meta-llama/Llama-3.1-8B-mini4L,2056,4,3000000000,18731371325,15731371325,9546133565,15724724203,2215707,"[2215622, 2215706, 2215794]"
38,4862,meta-llama/Llama-3.1-8B-mini4L,2056,4,3000000000,18731371325,15731371325,9546133565,15724724203,2215707,"[2215622, 2215706, 2215794]"
38,4934,meta-llama/Llama-3.1-8B-mini4L,2056,4,3000000000,24916609085,21916609085,15731371325,21909961963,2215707,"[2215622, 2215706, 2215794]"
38,5006,meta-llama/Llama-3.1-8B-mini4L,2056,4,3000000000,24916609085,21916609085,15731371325,21909961963,2215707,"[2215622, 2215706, 2215794]"
38,5078,meta-llama/Llama-3.1-8B-mini4L,2056,4,3000000000,24916609085,21916609085,15731371325,21909961963,2215707,"[2215622, 2215706, 2215794]"
38,5150,meta-llama/Llama-3.1-8B-mini4L,2056,4,3000000000,24916609085,21916609085,15731371325,21909961963,2215707,"[2215622, 2215706, 2215794]"
38,5222,meta-llama/Llama-3.1-8B-mini4L,2056,4,3000000000,24916609085,21916609085,15731371325,21909961963,2215707,"[2215622, 2215706, 2215794]"
38,5294,meta-llama/Llama-3.1-8B-mini4L,2056,4,3000000000,24916609085,21916609085,15731371325,21909961963,2215707,"[2215622, 2215706, 2215794]"
38,5366,meta-llama/Llama-3.1-8B-mini4L,2056,4,3000000000,24916609085,21916609085,15731371325,21909961963,2215707,"[2215622, 2215706, 2215794]"
38,5438,meta-llama/Llama-3.1-8B-mini4L,2056,4,3000000000,24916609085,21916609085,15731371325,21909961963,2215707,"[2215622, 2215706, 2215794]"
38,5510,meta-llama/Llama-3.1-8B-mini4L,2056,4,3000000000,31101846845,28101846845,21916609085,28095199723,2215707,"[2215622, 2215706, 2215794]"
38,5582,meta-llama/Llama-3.1-8B-mini4L,2056,4,3000000000,31101846845,28101846845,21916609085,28095199723,2215707,"[2215622, 2215706, 2215794]"
38,5654,meta-llama/Llama-3.1-8B-mini4L,2056,4,3000000000,31101846845,28101846845,21916609085,28095199723,2215707,"[2215622, 2215706, 2215794]"
38,5726,meta-llama/Llama-3.1-8B-mini4L,2056,4,3000000000,31101846845,28101846845,21916609085,28095199723,2215707,"[2215622, 2215706, 2215794]"
38,5798,meta-llama/Llama-3.1-8B-mini4L,2056,4,3000000000,31101846845,28101846845,21916609085,28095199723,2215707,"[2215622, 2215706, 2215794]"
38,5870,meta-llama/Llama-3.1-8B-mini4L,2056,4,3000000000,31101846845,28101846845,21916609085,28095199723,2215707,"[2215622, 2215706, 2215794]"
38,5942,meta-llama/Llama-3.1-8B-mini4L,2056,4,3000000000,31101846845,28101846845,21916609085,28095199723,2215707,"[2215622, 2215706, 2215794]"
38,6014,meta-llama/Llama-3.1-8B-mini4L,2056,4,3000000000,31101846845,28101846845,21916609085,28095199723,2215707,"[2215622, 2215706, 2215794]"
38,6086,meta-llama/Llama-3.1-8B-mini4L,2056,4,3000000000,35723930308,32723930308,28101846845,32717492326,2145994,"[2145938, 2145994, 2146050]"
38,6158,meta-llama/Llama-3.1-8B-mini4L,2056,4,3000000000,35723930308,32723930308,28101846845,32717492326,2145994,"[2145938, 2145994, 2146050]"
38,6230,meta-llama/Llama-3.1-8B-mini4L,2056,4,3000000000,35723930308,32723930308,28101846845,32717492326,2145994,"[2145938, 2145994, 2146050]"
38,6302,meta-llama/Llama-3.1-8B-mini4L,2056,4,3000000000,35723930308,32723930308,28101846845,32717492326,2145994,"[2145938, 2145994, 2146050]"
38,6374,meta-llama/Llama-3.1-8B-mini4L,2056,4,3000000000,35723930308,32723930308,28101846845,32717492326,2145994,"[2145938, 2145994, 2146050]"
39,39,meta-llama/Llama-3.1-8B-mini4L,2048,4,0,180715128,180715128,1,32056997,49552710,"[48887602, 49863356, 49907173]"
39,111,meta-llama/Llama-3.1-8B-mini4L,2048,4,0,280568848,280568848,80944599,130807955,49920297,"[49907173, 49906421, 49947299]"
39,183,meta-llama/Llama-3.1-8B-mini4L,2048,4,0,330515095,330515095,130807955,180715128,49933322,"[49906421, 49947299, 49946247]"
39,255,meta-llama/Llama-3.1-8B-mini4L,2048,4,0,380460286,380460286,180715128,230621549,49946245,"[49947299, 49946247, 49945191]"
39,327,meta-llama/Llama-3.1-8B-mini4L,2048,4,0,430404421,430404421,230621549,280568848,49945191,"[49946247, 49945191, 49944135]"
39,399,meta-llama/Llama-3.1-8B-mini4L,2048,4,0,480347500,480347500,280568848,330515095,49944135,"[49945191, 49944135, 49943079]"
39,471,meta-llama/Llama-3.1-8B-mini4L,2048,4,0,530372614,530372614,330515095,380460286,49970776,"[49944135, 49943079, 50025114]"
39,543,meta-llama/Llama-3.1-8B-mini4L,2048,4,0,578820300,578820300,380460286,430404421,49471959,"[49943079, 50025114, 48447686]"
39,615,meta-llama/Llama-3.1-8B-mini4L,2048,4,0,625800994,625800994,430404421,480347500,48484498,"[50025114, 48447686, 46980694]"
39,687,meta-llama/Llama-3.1-8B-mini4L,2048,4,0,671285383,671285383,480347500,530372614,46970923,"[48447686, 46980694, 45484389]"
39,759,meta-llama/Llama-3.1-8B-mini4L,2048,4,0,715164861,715164861,530372614,578820300,45448187,"[46980694, 45484389, 43879478]"
39,831,meta-llama/Llama-3.1-8B-mini4L,2048,4,0,757576819,757576819,578820300,625800994,43925275,"[45484389, 43879478, 42411958]"
39,903,meta-llama/Llama-3.1-8B-mini4L,2048,4,0,796234021,796234021,625800994,671285383,41649546,"[43879478, 42411958, 38657202]"
39,975,meta-llama/Llama-3.1-8B-mini4L,2048,4,0,836766270,836766270,671285383,715164861,40533803,"[42411958, 38657202, 40532249]"
39,1047,meta-llama/Llama-3.1-8B-mini4L,2048,4,0,876970911,876970911,715164861,757576819,39798030,"[38657202, 40532249, 40204641]"
39,1119,meta-llama/Llama-3.1-8B-mini4L,2048,4,0,917105429,917105429,757576819,796234021,40290469,"[40532249, 40204641, 40134518]"
39,1191,meta-llama/Llama-3.1-8B-mini4L,2048,4,0,956925102,956925102,796234021,836766270,40052944,"[40204641, 40134518, 39819673]"
39,1263,meta-llama/Llama-3.1-8B-mini4L,2048,4,0,995928265,995928265,836766270,876970911,39652451,"[40134518, 39819673, 39003163]"
39,1335,meta-llama/Llama-3.1-8B-mini4L,2048,4,0,1035938457,1035938457,876970911,917105429,39611009,"[39819673, 39003163, 40010192]"
39,1407,meta-llama/Llama-3.1-8B-mini4L,2048,4,0,1076053063,1076053063,917105429,956925102,39709320,"[39003163, 40010192, 40114606]"
39,1479,meta-llama/Llama-3.1-8B-mini4L,2048,4,0,1116042295,1116042295,956925102,995928265,40038010,"[40010192, 40114606, 39989232]"
39,1551,meta-llama/Llama-3.1-8B-mini4L,2048,4,0,1155546337,1155546337,995928265,1035938457,39869293,"[40114606, 39989232, 39504042]"
39,1623,meta-llama/Llama-3.1-8B-mini4L,2048,4,0,1195104289,1195104289,1035938457,1076053063,39683742,"[39989232, 39504042, 39557952]"
39,1695,meta-llama/Llama-3.1-8B-mini4L,2048,4,0,1234958746,1234958746,1076053063,1116042295,39638817,"[39504042, 39557952, 39854457]"
39,1767,meta-llama/Llama-3.1-8B-mini4L,2048,4,0,1275050034,1275050034,1116042295,1155546337,39834565,"[39557952, 39854457, 40091288]"
39,1839,meta-llama/Llama-3.1-8B-mini4L,2048,4,0,1314831455,1314831455,1155546337,1195104289,39909055,"[39854457, 40091288, 39781421]"
39,1911,meta-llama/Llama-3.1-8B-mini4L,2048,4,0,1354185788,1354185788,1195104289,1234958746,39742347,"[40091288, 39781421, 39354333]"
39,1983,meta-llama/Llama-3.1-8B-mini4L,2048,4,0,1393913823,1393913823,1234958746,1275050034,39621263,"[39781421, 39354333, 39728035]"
39,2055,meta-llama/Llama-3.1-8B-mini4L,2048,4,0,1433882095,1433882095,1275050034,1314831455,39683546,"[39354333, 39728035, 39968272]"
39,2127,meta-llama/Llama-3.1-8B-mini4L,2048,4,0,1473685755,1473685755,1314831455,1354185788,39833322,"[39728035, 39968272, 39803660]"
39,2199,meta-llama/Llama-3.1-8B-mini4L,2048,4,0,1513426073,1513426073,1354185788,1393913823,39837416,"[39968272, 39803660, 39740318]"
39,2271,meta-llama/Llama-3.1-8B-mini4L,2048,4,0,1553097054,1553097054,1393913823,1433882095,39738319,"[39803660, 39740318, 39670981]"
39,2343,meta-llama/Llama-3.1-8B-mini4L,2048,4,0,1592780056,1592780056,1433882095,1473685755,39698100,"[39740318, 39670981, 39683002]"
39,2415,meta-llama/Llama-3.1-8B-mini4L,2048,4,0,1632568782,1632568782,1473685755,1513426073,39714236,"[39670981, 39683002, 39788726]"
39,2487,meta-llama/Llama-3.1-8B-mini4L,2048,4,0,1672331077,1672331077,1513426073,1553097054,39744674,"[39683002, 39788726, 39762295]"
39,2559,meta-llama/Llama-3.1-8B-mini4L,2048,4,0,1712010673,1712010673,1553097054,1592780056,39743539,"[39788726, 39762295, 39679596]"
39,2631,meta-llama/Llama-3.1-8B-mini4L,2048,4,0,1751675335,1751675335,1592780056,1632568782,39702184,"[39762295, 39679596, 39664662]"
39,2703,meta-llama/Llama-3.1-8B-mini4L,2048,4,0,1791418504,1791418504,1632568782,1672331077,39695809,"[39679596, 39664662, 39743169]"
39,2775,meta-llama/Llama-3.1-8B-mini4L,2048,4,0,1831161673,1831161673,1672331077,1712010673,39717000,"[39664662, 39743169, 39743169]"
39,2847,meta-llama/Llama-3.1-8B-mini4L,2048,4,0,1870904842,1870904842,1712010673,1751675335,39743169,"[39743169, 39743169, 39743169]"
39,2919,meta-llama/Llama-3.1-8B-mini4L,2048,4,0,1900014468,1900014468,1751675335,1791418504,36198654,"[39743169, 39743169, 29109626]"
39,2991,meta-llama/Llama-3.1-8B-mini4L,2048,4,0,1908185015,1908185015,1791418504,1831161673,25674447,"[39743169, 29109626, 8170547]"
39,3063,meta-llama/Llama-3.1-8B-mini4L,2048,4,0,1910407853,1910407853,1831161673,1870904842,13167670,"[29109626, 8170547, 2222838]"
39,3135,meta-llama/Llama-3.1-8B-mini4L,2048,4,0,1912495150,1912495150,1870904842,1900014468,4160227,"[8170547, 2222838, 2087297]"
39,3207,meta-llama/Llama-3.1-8B-mini4L,2056,4,3000000000,6446801885,3446801885,322129,3440154763,2215707,"[2215622, 2215706, 2215794]"
39,3279,meta-llama/Llama-3.1-8B-mini4L,2056,4,3000000000,6446801885,3446801885,322129,3440154763,2215707,"[2215622, 2215706, 2215794]"
39,3351,meta-llama/Llama-3.1-8B-mini4L,2056,4,3000000000,6446801885,3446801885,322129,3440154763,2215707,"[2215622, 2215706, 2215794]"
39,3423,meta-llama/Llama-3.1-8B-mini4L,2056,4,3000000000,6446801885,3446801885,322129,3440154763,2215707,"[2215622, 2215706, 2215794]"
39,3495,meta-llama/Llama-3.1-8B-mini4L,2056,4,3000000000,6446801885,3446801885,322129,3440154763,2215707,"[2215622, 2215706, 2215794]"
39,3567,meta-llama/Llama-3.1-8B-mini4L,2056,4,3000000000,6446801885,3446801885,322129,3440154763,2215707,"[2215622, 2215706, 2215794]"
39,3639,meta-llama/Llama-3.1-8B-mini4L,2056,4,3000000000,6446801885,3446801885,322129,3440154763,2215707,"[2215622, 2215706, 2215794]"
39,3711,meta-llama/Llama-3.1-8B-mini4L,2056,4,3000000000,6446801885,3446801885,322129,3440154763,2215707,"[2215622, 2215706, 2215794]"
39,3783,meta-llama/Llama-3.1-8B-mini4L,2056,4,3000000000,12632039645,9632039645,3446801885,9625392523,2215707,"[2215622, 2215706, 2215794]"
39,3855,meta-llama/Llama-3.1-8B-mini4L,2056,4,3000000000,12632039645,9632039645,3446801885,9625392523,2215707,"[2215622, 2215706, 2215794]"
39,3927,meta-llama/Llama-3.1-8B-mini4L,2056,4,3000000000,12632039645,9632039645,3446801885,9625392523,2215707,"[2215622, 2215706, 2215794]"
39,3999,meta-llama/Llama-3.1-8B-mini4L,2056,4,3000000000,12632039645,9632039645,3446801885,9625392523,2215707,"[2215622, 2215706, 2215794]"
39,4071,meta-llama/Llama-3.1-8B-mini4L,2056,4,3000000000,12632039645,9632039645,3446801885,9625392523,2215707,"[2215622, 2215706, 2215794]"
39,4143,meta-llama/Llama-3.1-8B-mini4L,2056,4,3000000000,12632039645,9632039645,3446801885,9625392523,2215707,"[2215622, 2215706, 2215794]"
39,4215,meta-llama/Llama-3.1-8B-mini4L,2056,4,3000000000,12632039645,9632039645,3446801885,9625392523,2215707,"[2215622, 2215706, 2215794]"
39,4287,meta-llama/Llama-3.1-8B-mini4L,2056,4,3000000000,12632039645,9632039645,3446801885,9625392523,2215707,"[2215622, 2215706, 2215794]"
39,4359,meta-llama/Llama-3.1-8B-mini4L,2056,4,3000000000,18817277405,15817277405,9632039645,15810630283,2215707,"[2215622, 2215706, 2215794]"
39,4431,meta-llama/Llama-3.1-8B-mini4L,2056,4,3000000000,18817277405,15817277405,9632039645,15810630283,2215707,"[2215622, 2215706, 2215794]"
39,4503,meta-llama/Llama-3.1-8B-mini4L,2056,4,3000000000,18817277405,15817277405,9632039645,15810630283,2215707,"[2215622, 2215706, 2215794]"
39,4575,meta-llama/Llama-3.1-8B-mini4L,2056,4,3000000000,18817277405,15817277405,9632039645,15810630283,2215707,"[2215622, 2215706, 2215794]"
39,4647,meta-llama/Llama-3.1-8B-mini4L,2056,4,3000000000,18817277405,15817277405,9632039645,15810630283,2215707,"[2215622, 2215706, 2215794]"
39,4719,meta-llama/Llama-3.1-8B-mini4L,2056,4,3000000000,18817277405,15817277405,9632039645,15810630283,2215707,"[2215622, 2215706, 2215794]"
39,4791,meta-llama/Llama-3.1-8B-mini4L,2056,4,3000000000,18817277405,15817277405,9632039645,15810630283,2215707,"[2215622, 2215706, 2215794]"
39,4863,meta-llama/Llama-3.1-8B-mini4L,2056,4,3000000000,18817277405,15817277405,9632039645,15810630283,2215707,"[2215622, 2215706, 2215794]"
39,4935,meta-llama/Llama-3.1-8B-mini4L,2056,4,3000000000,25002515165,22002515165,15817277405,21995868043,2215707,"[2215622, 2215706, 2215794]"
39,5007,meta-llama/Llama-3.1-8B-mini4L,2056,4,3000000000,25002515165,22002515165,15817277405,21995868043,2215707,"[2215622, 2215706, 2215794]"
39,5079,meta-llama/Llama-3.1-8B-mini4L,2056,4,3000000000,25002515165,22002515165,15817277405,21995868043,2215707,"[2215622, 2215706, 2215794]"
39,5151,meta-llama/Llama-3.1-8B-mini4L,2056,4,3000000000,25002515165,22002515165,15817277405,21995868043,2215707,"[2215622, 2215706, 2215794]"
39,5223,meta-llama/Llama-3.1-8B-mini4L,2056,4,3000000000,25002515165,22002515165,15817277405,21995868043,2215707,"[2215622, 2215706, 2215794]"
39,5295,meta-llama/Llama-3.1-8B-mini4L,2056,4,3000000000,25002515165,22002515165,15817277405,21995868043,2215707,"[2215622, 2215706, 2215794]"
39,5367,meta-llama/Llama-3.1-8B-mini4L,2056,4,3000000000,25002515165,22002515165,15817277405,21995868043,2215707,"[2215622, 2215706, 2215794]"
39,5439,meta-llama/Llama-3.1-8B-mini4L,2056,4,3000000000,25002515165,22002515165,15817277405,21995868043,2215707,"[2215622, 2215706, 2215794]"
39,5511,meta-llama/Llama-3.1-8B-mini4L,2056,4,3000000000,31187752925,28187752925,22002515165,28181105803,2215707,"[2215622, 2215706, 2215794]"
39,5583,meta-llama/Llama-3.1-8B-mini4L,2056,4,3000000000,31187752925,28187752925,22002515165,28181105803,2215707,"[2215622, 2215706, 2215794]"
39,5655,meta-llama/Llama-3.1-8B-mini4L,2056,4,3000000000,31187752925,28187752925,22002515165,28181105803,2215707,"[2215622, 2215706, 2215794]"
39,5727,meta-llama/Llama-3.1-8B-mini4L,2056,4,3000000000,31187752925,28187752925,22002515165,28181105803,2215707,"[2215622, 2215706, 2215794]"
39,5799,meta-llama/Llama-3.1-8B-mini4L,2056,4,3000000000,31187752925,28187752925,22002515165,28181105803,2215707,"[2215622, 2215706, 2215794]"
39,5871,meta-llama/Llama-3.1-8B-mini4L,2056,4,3000000000,31187752925,28187752925,22002515165,28181105803,2215707,"[2215622, 2215706, 2215794]"
39,5943,meta-llama/Llama-3.1-8B-mini4L,2056,4,3000000000,31187752925,28187752925,22002515165,28181105803,2215707,"[2215622, 2215706, 2215794]"
39,6015,meta-llama/Llama-3.1-8B-mini4L,2056,4,3000000000,31187752925,28187752925,22002515165,28181105803,2215707,"[2215622, 2215706, 2215794]"
39,6087,meta-llama/Llama-3.1-8B-mini4L,2056,4,3000000000,35778379108,32778379108,28187752925,32771941126,2145994,"[2145938, 2145994, 2146050]"
39,6159,meta-llama/Llama-3.1-8B-mini4L,2056,4,3000000000,35778379108,32778379108,28187752925,32771941126,2145994,"[2145938, 2145994, 2146050]"
39,6231,meta-llama/Llama-3.1-8B-mini4L,2056,4,3000000000,35778379108,32778379108,28187752925,32771941126,2145994,"[2145938, 2145994, 2146050]"
39,6303,meta-llama/Llama-3.1-8B-mini4L,2056,4,3000000000,35778379108,32778379108,28187752925,32771941126,2145994,"[2145938, 2145994, 2146050]"
39,6375,meta-llama/Llama-3.1-8B-mini4L,2056,4,3000000000,35778379108,32778379108,28187752925,32771941126,2145994,"[2145938, 2145994, 2146050]"
40,40,meta-llama/Llama-3.1-8B-mini4L,2048,4,0,181240584,181240584,1,32582453,49552710,"[48887602, 49863356, 49907173]"
40,112,meta-llama/Llama-3.1-8B-mini4L,2048,4,0,281094304,281094304,81470055,131333411,49920297,"[49907173, 49906421, 49947299]"
40,184,meta-llama/Llama-3.1-8B-mini4L,2048,4,0,331040551,331040551,131333411,181240584,49933322,"[49906421, 49947299, 49946247]"
40,256,meta-llama/Llama-3.1-8B-mini4L,2048,4,0,380985742,380985742,181240584,231147005,49946245,"[49947299, 49946247, 49945191]"
40,328,meta-llama/Llama-3.1-8B-mini4L,2048,4,0,430929877,430929877,231147005,281094304,49945191,"[49946247, 49945191, 49944135]"
40,400,meta-llama/Llama-3.1-8B-mini4L,2048,4,0,480872956,480872956,281094304,331040551,49944135,"[49945191, 49944135, 49943079]"
40,472,meta-llama/Llama-3.1-8B-mini4L,2048,4,0,530898070,530898070,331040551,380985742,49970776,"[49944135, 49943079, 50025114]"
40,544,meta-llama/Llama-3.1-8B-mini4L,2048,4,0,579345756,579345756,380985742,430929877,49471959,"[49943079, 50025114, 48447686]"
40,616,meta-llama/Llama-3.1-8B-mini4L,2048,4,0,626326450,626326450,430929877,480872956,48484498,"[50025114, 48447686, 46980694]"
40,688,meta-llama/Llama-3.1-8B-mini4L,2048,4,0,671810839,671810839,480872956,530898070,46970923,"[48447686, 46980694, 45484389]"
40,760,meta-llama/Llama-3.1-8B-mini4L,2048,4,0,715745275,715745275,530898070,579345756,45466506,"[46980694, 45484389, 43934436]"
40,832,meta-llama/Llama-3.1-8B-mini4L,2048,4,0,758102275,758102275,579345756,626326450,43925275,"[45484389, 43934436, 42357000]"
40,904,meta-llama/Llama-3.1-8B-mini4L,2048,4,0,796759477,796759477,626326450,671810839,41649546,"[43934436, 42357000, 38657202]"
40,976,meta-llama/Llama-3.1-8B-mini4L,2048,4,0,837291726,837291726,671810839,715745275,40515483,"[42357000, 38657202, 40532249]"
40,1048,meta-llama/Llama-3.1-8B-mini4L,2048,4,0,877496367,877496367,715745275,758102275,39798030,"[38657202, 40532249, 40204641]"
40,1120,meta-llama/Llama-3.1-8B-mini4L,2048,4,0,917630885,917630885,758102275,796759477,40290469,"[40532249, 40204641, 40134518]"
40,1192,meta-llama/Llama-3.1-8B-mini4L,2048,4,0,957477775,957477775,796759477,837291726,40062016,"[40204641, 40134518, 39846890]"
40,1264,meta-llama/Llama-3.1-8B-mini4L,2048,4,0,996480938,996480938,837291726,877496367,39661523,"[40134518, 39846890, 39003163]"
40,1336,meta-llama/Llama-3.1-8B-mini4L,2048,4,0,1036491130,1036491130,877496367,917630885,39620081,"[39846890, 39003163, 40010192]"
40,1408,meta-llama/Llama-3.1-8B-mini4L,2048,4,0,1076578519,1076578519,917630885,957477775,39700248,"[39003163, 40010192, 40087389]"
40,1480,meta-llama/Llama-3.1-8B-mini4L,2048,4,0,1116621661,1116621661,957477775,996480938,40046907,"[40010192, 40087389, 40043142]"
40,1552,meta-llama/Llama-3.1-8B-mini4L,2048,4,0,1156152658,1156152658,996480938,1036491130,39887176,"[40087389, 40043142, 39530997]"
40,1624,meta-llama/Llama-3.1-8B-mini4L,2048,4,0,1195629745,1195629745,1036491130,1076578519,39683742,"[40043142, 39530997, 39477087]"
40,1696,meta-llama/Llama-3.1-8B-mini4L,2048,4,0,1235511157,1235511157,1076578519,1116621661,39629832,"[39530997, 39477087, 39881412]"
40,1768,meta-llama/Llama-3.1-8B-mini4L,2048,4,0,1275575490,1275575490,1116621661,1156152658,39807610,"[39477087, 39881412, 40064333]"
40,1840,meta-llama/Llama-3.1-8B-mini4L,2048,4,0,1315356911,1315356911,1156152658,1195629745,39909055,"[39881412, 40064333, 39781421]"
40,1912,meta-llama/Llama-3.1-8B-mini4L,2048,4,0,1354737937,1354737937,1195629745,1235511157,39742260,"[40064333, 39781421, 39381026]"
40,1984,meta-llama/Llama-3.1-8B-mini4L,2048,4,0,1394465972,1394465972,1235511157,1275575490,39630160,"[39781421, 39381026, 39728035]"
40,2056,meta-llama/Llama-3.1-8B-mini4L,2048,4,0,1434434244,1434434244,1275575490,1315356911,39692444,"[39381026, 39728035, 39968272]"
40,2128,meta-llama/Llama-3.1-8B-mini4L,2048,4,0,1474237642,1474237642,1315356911,1354737937,39833235,"[39728035, 39968272, 39803398]"
40,2200,meta-llama/Llama-3.1-8B-mini4L,2048,4,0,1513951529,1513951529,1354737937,1394465972,39828519,"[39968272, 39803398, 39713887]"
40,2272,meta-llama/Llama-3.1-8B-mini4L,2048,4,0,1553648941,1553648941,1394465972,1434434244,39738232,"[39803398, 39713887, 39697412]"
40,2344,meta-llama/Llama-3.1-8B-mini4L,2048,4,0,1593358374,1593358374,1434434244,1474237642,39706910,"[39713887, 39697412, 39709433]"
40,2416,meta-llama/Llama-3.1-8B-mini4L,2048,4,0,1633199962,1633199962,1474237642,1513951529,39749477,"[39697412, 39709433, 39841588]"
40,2488,meta-llama/Llama-3.1-8B-mini4L,2048,4,0,1672962257,1672962257,1513951529,1553648941,39771105,"[39709433, 39841588, 39762295]"
40,2560,meta-llama/Llama-3.1-8B-mini4L,2048,4,0,1712588467,1712588467,1553648941,1593358374,39743364,"[39841588, 39762295, 39626210]"
40,2632,meta-llama/Llama-3.1-8B-mini4L,2048,4,0,1752253129,1752253129,1593358374,1633199962,39684389,"[39762295, 39626210, 39664662]"
40,2704,meta-llama/Llama-3.1-8B-mini4L,2048,4,0,1791996298,1791996298,1633199962,1672962257,39678013,"[39626210, 39664662, 39743169]"
40,2776,meta-llama/Llama-3.1-8B-mini4L,2048,4,0,1831739467,1831739467,1672962257,1712588467,39717000,"[39664662, 39743169, 39743169]"
40,2848,meta-llama/Llama-3.1-8B-mini4L,2048,4,0,1871482636,1871482636,1712588467,1752253129,39743169,"[39743169, 39743169, 39743169]"
40,2920,meta-llama/Llama-3.1-8B-mini4L,2048,4,0,1900572604,1900572604,1752253129,1791996298,36192102,"[39743169, 39743169, 29089968]"
40,2992,meta-llama/Llama-3.1-8B-mini4L,2048,4,0,1908319224,1908319224,1791996298,1831739467,25526585,"[39743169, 29089968, 7746620]"
40,3064,meta-llama/Llama-3.1-8B-mini4L,2048,4,0,1910509348,1910509348,1831739467,1871482636,13008904,"[29089968, 7746620, 2190124]"
40,3136,meta-llama/Llama-3.1-8B-mini4L,2048,4,0,1912596269,1912596269,1871482636,1900572604,4007888,"[7746620, 2190124, 2086921]"
40,3208,meta-llama/Llama-3.1-8B-mini4L,2056,4,3000000000,6532707965,3532707965,322129,3526060843,2215707,"[2215622, 2215706, 2215794]"
40,3280,meta-llama/Llama-3.1-8B-mini4L,2056,4,3000000000,6532707965,3532707965,322129,3526060843,2215707,"[2215622, 2215706, 2215794]"
40,3352,meta-llama/Llama-3.1-8B-mini4L,2056,4,3000000000,6532707965,3532707965,322129,3526060843,2215707,"[2215622, 2215706, 2215794]"
40,3424,meta-llama/Llama-3.1-8B-mini4L,2056,4,3000000000,6532707965,3532707965,322129,3526060843,2215707,"[2215622, 2215706, 2215794]"
40,3496,meta-llama/Llama-3.1-8B-mini4L,2056,4,3000000000,6532707965,3532707965,322129,3526060843,2215707,"[2215622, 2215706, 2215794]"
40,3568,meta-llama/Llama-3.1-8B-mini4L,2056,4,3000000000,6532707965,3532707965,322129,3526060843,2215707,"[2215622, 2215706, 2215794]"
40,3640,meta-llama/Llama-3.1-8B-mini4L,2056,4,3000000000,6532707965,3532707965,322129,3526060843,2215707,"[2215622, 2215706, 2215794]"
40,3712,meta-llama/Llama-3.1-8B-mini4L,2056,4,3000000000,6532707965,3532707965,322129,3526060843,2215707,"[2215622, 2215706, 2215794]"
40,3784,meta-llama/Llama-3.1-8B-mini4L,2056,4,3000000000,12717945725,9717945725,3532707965,9711298603,2215707,"[2215622, 2215706, 2215794]"
40,3856,meta-llama/Llama-3.1-8B-mini4L,2056,4,3000000000,12717945725,9717945725,3532707965,9711298603,2215707,"[2215622, 2215706, 2215794]"
40,3928,meta-llama/Llama-3.1-8B-mini4L,2056,4,3000000000,12717945725,9717945725,3532707965,9711298603,2215707,"[2215622, 2215706, 2215794]"
40,4000,meta-llama/Llama-3.1-8B-mini4L,2056,4,3000000000,12717945725,9717945725,3532707965,9711298603,2215707,"[2215622, 2215706, 2215794]"
40,4072,meta-llama/Llama-3.1-8B-mini4L,2056,4,3000000000,12717945725,9717945725,3532707965,9711298603,2215707,"[2215622, 2215706, 2215794]"
40,4144,meta-llama/Llama-3.1-8B-mini4L,2056,4,3000000000,12717945725,9717945725,3532707965,9711298603,2215707,"[2215622, 2215706, 2215794]"
40,4216,meta-llama/Llama-3.1-8B-mini4L,2056,4,3000000000,12717945725,9717945725,3532707965,9711298603,2215707,"[2215622, 2215706, 2215794]"
40,4288,meta-llama/Llama-3.1-8B-mini4L,2056,4,3000000000,12717945725,9717945725,3532707965,9711298603,2215707,"[2215622, 2215706, 2215794]"
40,4360,meta-llama/Llama-3.1-8B-mini4L,2056,4,3000000000,18903183485,15903183485,9717945725,15896536363,2215707,"[2215622, 2215706, 2215794]"
40,4432,meta-llama/Llama-3.1-8B-mini4L,2056,4,3000000000,18903183485,15903183485,9717945725,15896536363,2215707,"[2215622, 2215706, 2215794]"
40,4504,meta-llama/Llama-3.1-8B-mini4L,2056,4,3000000000,18903183485,15903183485,9717945725,15896536363,2215707,"[2215622, 2215706, 2215794]"
40,4576,meta-llama/Llama-3.1-8B-mini4L,2056,4,3000000000,18903183485,15903183485,9717945725,15896536363,2215707,"[2215622, 2215706, 2215794]"
40,4648,meta-llama/Llama-3.1-8B-mini4L,2056,4,3000000000,18903183485,15903183485,9717945725,15896536363,2215707,"[2215622, 2215706, 2215794]"
40,4720,meta-llama/Llama-3.1-8B-mini4L,2056,4,3000000000,18903183485,15903183485,9717945725,15896536363,2215707,"[2215622, 2215706, 2215794]"
40,4792,meta-llama/Llama-3.1-8B-mini4L,2056,4,3000000000,18903183485,15903183485,9717945725,15896536363,2215707,"[2215622, 2215706, 2215794]"
40,4864,meta-llama/Llama-3.1-8B-mini4L,2056,4,3000000000,18903183485,15903183485,9717945725,15896536363,2215707,"[2215622, 2215706, 2215794]"
40,4936,meta-llama/Llama-3.1-8B-mini4L,2056,4,3000000000,25088421245,22088421245,15903183485,22081774123,2215707,"[2215622, 2215706, 2215794]"
40,5008,meta-llama/Llama-3.1-8B-mini4L,2056,4,3000000000,25088421245,22088421245,15903183485,22081774123,2215707,"[2215622, 2215706, 2215794]"
40,5080,meta-llama/Llama-3.1-8B-mini4L,2056,4,3000000000,25088421245,22088421245,15903183485,22081774123,2215707,"[2215622, 2215706, 2215794]"
40,5152,meta-llama/Llama-3.1-8B-mini4L,2056,4,3000000000,25088421245,22088421245,15903183485,22081774123,2215707,"[2215622, 2215706, 2215794]"
40,5224,meta-llama/Llama-3.1-8B-mini4L,2056,4,3000000000,25088421245,22088421245,15903183485,22081774123,2215707,"[2215622, 2215706, 2215794]"
40,5296,meta-llama/Llama-3.1-8B-mini4L,2056,4,3000000000,25088421245,22088421245,15903183485,22081774123,2215707,"[2215622, 2215706, 2215794]"
40,5368,meta-llama/Llama-3.1-8B-mini4L,2056,4,3000000000,25088421245,22088421245,15903183485,22081774123,2215707,"[2215622, 2215706, 2215794]"
40,5440,meta-llama/Llama-3.1-8B-mini4L,2056,4,3000000000,25088421245,22088421245,15903183485,22081774123,2215707,"[2215622, 2215706, 2215794]"
40,5512,meta-llama/Llama-3.1-8B-mini4L,2056,4,3000000000,31273659005,28273659005,22088421245,28267011883,2215707,"[2215622, 2215706, 2215794]"
40,5584,meta-llama/Llama-3.1-8B-mini4L,2056,4,3000000000,31273659005,28273659005,22088421245,28267011883,2215707,"[2215622, 2215706, 2215794]"
40,5656,meta-llama/Llama-3.1-8B-mini4L,2056,4,3000000000,31273659005,28273659005,22088421245,28267011883,2215707,"[2215622, 2215706, 2215794]"
40,5728,meta-llama/Llama-3.1-8B-mini4L,2056,4,3000000000,31273659005,28273659005,22088421245,28267011883,2215707,"[2215622, 2215706, 2215794]"
40,5800,meta-llama/Llama-3.1-8B-mini4L,2056,4,3000000000,31273659005,28273659005,22088421245,28267011883,2215707,"[2215622, 2215706, 2215794]"
40,5872,meta-llama/Llama-3.1-8B-mini4L,2056,4,3000000000,31273659005,28273659005,22088421245,28267011883,2215707,"[2215622, 2215706, 2215794]"
40,5944,meta-llama/Llama-3.1-8B-mini4L,2056,4,3000000000,31273659005,28273659005,22088421245,28267011883,2215707,"[2215622, 2215706, 2215794]"
40,6016,meta-llama/Llama-3.1-8B-mini4L,2056,4,3000000000,31273659005,28273659005,22088421245,28267011883,2215707,"[2215622, 2215706, 2215794]"
40,6088,meta-llama/Llama-3.1-8B-mini4L,2056,4,3000000000,35832827908,32832827908,28273659005,32826389926,2145994,"[2145938, 2145994, 2146050]"
40,6160,meta-llama/Llama-3.1-8B-mini4L,2056,4,3000000000,35832827908,32832827908,28273659005,32826389926,2145994,"[2145938, 2145994, 2146050]"
40,6232,meta-llama/Llama-3.1-8B-mini4L,2056,4,3000000000,35832827908,32832827908,28273659005,32826389926,2145994,"[2145938, 2145994, 2146050]"
40,6304,meta-llama/Llama-3.1-8B-mini4L,2056,4,3000000000,35832827908,32832827908,28273659005,32826389926,2145994,"[2145938, 2145994, 2146050]"
40,6376,meta-llama/Llama-3.1-8B-mini4L,2056,4,3000000000,35832827908,32832827908,28273659005,32826389926,2145994,"[2145938, 2145994, 2146050]"
41,41,meta-llama/Llama-3.1-8B-mini4L,2048,4,0,181766040,181766040,1,33107909,49552710,"[48887602, 49863356, 49907173]"
41,113,meta-llama/Llama-3.1-8B-mini4L,2048,4,0,281619760,281619760,81995511,131858867,49920297,"[49907173, 49906421, 49947299]"
41,185,meta-llama/Llama-3.1-8B-mini4L,2048,4,0,331566007,331566007,131858867,181766040,49933322,"[49906421, 49947299, 49946247]"
41,257,meta-llama/Llama-3.1-8B-mini4L,2048,4,0,381511198,381511198,181766040,231672461,49946245,"[49947299, 49946247, 49945191]"
41,329,meta-llama/Llama-3.1-8B-mini4L,2048,4,0,431455333,431455333,231672461,281619760,49945191,"[49946247, 49945191, 49944135]"
41,401,meta-llama/Llama-3.1-8B-mini4L,2048,4,0,481398412,481398412,281619760,331566007,49944135,"[49945191, 49944135, 49943079]"
41,473,meta-llama/Llama-3.1-8B-mini4L,2048,4,0,531423526,531423526,331566007,381511198,49970776,"[49944135, 49943079, 50025114]"
41,545,meta-llama/Llama-3.1-8B-mini4L,2048,4,0,579926694,579926694,381511198,431455333,49490453,"[49943079, 50025114, 48503168]"
41,617,meta-llama/Llama-3.1-8B-mini4L,2048,4,0,626851906,626851906,431455333,481398412,48484498,"[50025114, 48503168, 46925212]"
41,689,meta-llama/Llama-3.1-8B-mini4L,2048,4,0,672336295,672336295,481398412,531423526,46970923,"[48503168, 46925212, 45484389]"
41,761,meta-llama/Llama-3.1-8B-mini4L,2048,4,0,716270731,716270731,531423526,579926694,45448012,"[46925212, 45484389, 43934436]"
41,833,meta-llama/Llama-3.1-8B-mini4L,2048,4,0,758627731,758627731,579926694,626851906,43925275,"[45484389, 43934436, 42357000]"
41,905,meta-llama/Llama-3.1-8B-mini4L,2048,4,0,797312412,797312412,626851906,672336295,41658705,"[43934436, 42357000, 38684681]"
41,977,meta-llama/Llama-3.1-8B-mini4L,2048,4,0,837817182,837817182,672336295,716270731,40515483,"[42357000, 38684681, 40504770]"
41,1049,meta-llama/Llama-3.1-8B-mini4L,2048,4,0,878049302,878049302,716270731,758627731,39807190,"[38684681, 40504770, 40232120]"
41,1121,meta-llama/Llama-3.1-8B-mini4L,2048,4,0,918210775,918210775,758627731,797312412,40299454,"[40504770, 40232120, 40161473]"
41,1193,meta-llama/Llama-3.1-8B-mini4L,2048,4,0,958057665,958057665,797312412,837817182,40080161,"[40232120, 40161473, 39846890]"
41,1265,meta-llama/Llama-3.1-8B-mini4L,2048,4,0,997033611,997033611,837817182,878049302,39661436,"[40161473, 39846890, 38975946]"
41,1337,meta-llama/Llama-3.1-8B-mini4L,2048,4,0,1037016586,1037016586,878049302,918210775,39601937,"[39846890, 38975946, 39982975]"
41,1409,meta-llama/Llama-3.1-8B-mini4L,2048,4,0,1077130930,1077130930,918210775,958057665,39691088,"[38975946, 39982975, 40114344]"
41,1481,meta-llama/Llama-3.1-8B-mini4L,2048,4,0,1117174072,1117174072,958057665,997033611,40046820,"[39982975, 40114344, 40043142]"
41,1553,meta-llama/Llama-3.1-8B-mini4L,2048,4,0,1156705069,1156705069,997033611,1037016586,39896161,"[40114344, 40043142, 39530997]"
41,1625,meta-llama/Llama-3.1-8B-mini4L,2048,4,0,1196182156,1196182156,1037016586,1077130930,39683742,"[40043142, 39530997, 39477087]"
41,1697,meta-llama/Llama-3.1-8B-mini4L,2048,4,0,1236063568,1236063568,1077130930,1117174072,39629832,"[39530997, 39477087, 39881412]"
41,1769,meta-llama/Llama-3.1-8B-mini4L,2048,4,0,1276127639,1276127639,1117174072,1156705069,39807523,"[39477087, 39881412, 40064071]"
41,1841,meta-llama/Llama-3.1-8B-mini4L,2048,4,0,1315909060,1315909060,1156705069,1196182156,39908968,"[39881412, 40064071, 39781421]"
41,1913,meta-llama/Llama-3.1-8B-mini4L,2048,4,0,1355290086,1355290086,1196182156,1236063568,39742172,"[40064071, 39781421, 39381026]"
41,1985,meta-llama/Llama-3.1-8B-mini4L,2048,4,0,1395018121,1395018121,1236063568,1276127639,39630160,"[39781421, 39381026, 39728035]"
41,2057,meta-llama/Llama-3.1-8B-mini4L,2048,4,0,1434959700,1434959700,1276127639,1315909060,39683546,"[39381026, 39728035, 39941579]"
41,2129,meta-llama/Llama-3.1-8B-mini4L,2048,4,0,1474763098,1474763098,1315909060,1355290086,39824337,"[39728035, 39941579, 39803398]"
41,2201,meta-llama/Llama-3.1-8B-mini4L,2048,4,0,1514530371,1514530371,1355290086,1395018121,39837416,"[39941579, 39803398, 39767273]"
41,2273,meta-llama/Llama-3.1-8B-mini4L,2048,4,0,1554200828,1554200828,1395018121,1434959700,39747042,"[39803398, 39767273, 39670457]"
41,2345,meta-llama/Llama-3.1-8B-mini4L,2048,4,0,1593910261,1593910261,1434959700,1474763098,39715721,"[39767273, 39670457, 39709433]"
41,2417,meta-llama/Llama-3.1-8B-mini4L,2048,4,0,1633751849,1633751849,1474763098,1514530371,39740492,"[39670457, 39709433, 39841588]"
41,2489,meta-llama/Llama-3.1-8B-mini4L,2048,4,0,1673514144,1673514144,1514530371,1554200828,39771105,"[39709433, 39841588, 39762295]"
41,2561,meta-llama/Llama-3.1-8B-mini4L,2048,4,0,1713166261,1713166261,1554200828,1593910261,39752000,"[39841588, 39762295, 39652117]"
41,2633,meta-llama/Llama-3.1-8B-mini4L,2048,4,0,1752830923,1752830923,1593910261,1633751849,39693024,"[39762295, 39652117, 39664662]"
41,2705,meta-llama/Llama-3.1-8B-mini4L,2048,4,0,1792574092,1792574092,1633751849,1673514144,39686649,"[39652117, 39664662, 39743169]"
41,2777,meta-llama/Llama-3.1-8B-mini4L,2048,4,0,1832317261,1832317261,1673514144,1713166261,39717000,"[39664662, 39743169, 39743169]"
41,2849,meta-llama/Llama-3.1-8B-mini4L,2048,4,0,1872060430,1872060430,1713166261,1752830923,39743169,"[39743169, 39743169, 39743169]"
41,2921,meta-llama/Llama-3.1-8B-mini4L,2048,4,0,1901656076,1901656076,1752830923,1792574092,36360661,"[39743169, 39743169, 29595646]"
41,2993,meta-llama/Llama-3.1-8B-mini4L,2048,4,0,1908420103,1908420103,1792574092,1832317261,25367614,"[39743169, 29595646, 6764027]"
41,3065,meta-llama/Llama-3.1-8B-mini4L,2048,4,0,1910610347,1910610347,1832317261,1872060430,12849972,"[29595646, 6764027, 2190244]"
41,3137,meta-llama/Llama-3.1-8B-mini4L,2048,4,0,1912697268,1912697268,1872060430,1901656076,3680397,"[6764027, 2190244, 2086921]"
41,3209,meta-llama/Llama-3.1-8B-mini4L,2056,4,3000000000,6618614045,3618614045,322129,3611966923,2215707,"[2215622, 2215706, 2215794]"
41,3281,meta-llama/Llama-3.1-8B-mini4L,2056,4,3000000000,6618614045,3618614045,322129,3611966923,2215707,"[2215622, 2215706, 2215794]"
41,3353,meta-llama/Llama-3.1-8B-mini4L,2056,4,3000000000,6618614045,3618614045,322129,3611966923,2215707,"[2215622, 2215706, 2215794]"
41,3425,meta-llama/Llama-3.1-8B-mini4L,2056,4,3000000000,6618614045,3618614045,322129,3611966923,2215707,"[2215622, 2215706, 2215794]"
41,3497,meta-llama/Llama-3.1-8B-mini4L,2056,4,3000000000,6618614045,3618614045,322129,3611966923,2215707,"[2215622, 2215706, 2215794]"
41,3569,meta-llama/Llama-3.1-8B-mini4L,2056,4,3000000000,6618614045,3618614045,322129,3611966923,2215707,"[2215622, 2215706, 2215794]"
41,3641,meta-llama/Llama-3.1-8B-mini4L,2056,4,3000000000,6618614045,3618614045,322129,3611966923,2215707,"[2215622, 2215706, 2215794]"
41,3713,meta-llama/Llama-3.1-8B-mini4L,2056,4,3000000000,6618614045,3618614045,322129,3611966923,2215707,"[2215622, 2215706, 2215794]"
41,3785,meta-llama/Llama-3.1-8B-mini4L,2056,4,3000000000,12803851805,9803851805,3618614045,9797204683,2215707,"[2215622, 2215706, 2215794]"
41,3857,meta-llama/Llama-3.1-8B-mini4L,2056,4,3000000000,12803851805,9803851805,3618614045,9797204683,2215707,"[2215622, 2215706, 2215794]"
41,3929,meta-llama/Llama-3.1-8B-mini4L,2056,4,3000000000,12803851805,9803851805,3618614045,9797204683,2215707,"[2215622, 2215706, 2215794]"
41,4001,meta-llama/Llama-3.1-8B-mini4L,2056,4,3000000000,12803851805,9803851805,3618614045,9797204683,2215707,"[2215622, 2215706, 2215794]"
41,4073,meta-llama/Llama-3.1-8B-mini4L,2056,4,3000000000,12803851805,9803851805,3618614045,9797204683,2215707,"[2215622, 2215706, 2215794]"
41,4145,meta-llama/Llama-3.1-8B-mini4L,2056,4,3000000000,12803851805,9803851805,3618614045,9797204683,2215707,"[2215622, 2215706, 2215794]"
41,4217,meta-llama/Llama-3.1-8B-mini4L,2056,4,3000000000,12803851805,9803851805,3618614045,9797204683,2215707,"[2215622, 2215706, 2215794]"
41,4289,meta-llama/Llama-3.1-8B-mini4L,2056,4,3000000000,12803851805,9803851805,3618614045,9797204683,2215707,"[2215622, 2215706, 2215794]"
41,4361,meta-llama/Llama-3.1-8B-mini4L,2056,4,3000000000,18989089565,15989089565,9803851805,15982442443,2215707,"[2215622, 2215706, 2215794]"
41,4433,meta-llama/Llama-3.1-8B-mini4L,2056,4,3000000000,18989089565,15989089565,9803851805,15982442443,2215707,"[2215622, 2215706, 2215794]"
41,4505,meta-llama/Llama-3.1-8B-mini4L,2056,4,3000000000,18989089565,15989089565,9803851805,15982442443,2215707,"[2215622, 2215706, 2215794]"
41,4577,meta-llama/Llama-3.1-8B-mini4L,2056,4,3000000000,18989089565,15989089565,9803851805,15982442443,2215707,"[2215622, 2215706, 2215794]"
41,4649,meta-llama/Llama-3.1-8B-mini4L,2056,4,3000000000,18989089565,15989089565,9803851805,15982442443,2215707,"[2215622, 2215706, 2215794]"
41,4721,meta-llama/Llama-3.1-8B-mini4L,2056,4,3000000000,18989089565,15989089565,9803851805,15982442443,2215707,"[2215622, 2215706, 2215794]"
41,4793,meta-llama/Llama-3.1-8B-mini4L,2056,4,3000000000,18989089565,15989089565,9803851805,15982442443,2215707,"[2215622, 2215706, 2215794]"
41,4865,meta-llama/Llama-3.1-8B-mini4L,2056,4,3000000000,18989089565,15989089565,9803851805,15982442443,2215707,"[2215622, 2215706, 2215794]"
41,4937,meta-llama/Llama-3.1-8B-mini4L,2056,4,3000000000,25174327325,22174327325,15989089565,22167680203,2215707,"[2215622, 2215706, 2215794]"
41,5009,meta-llama/Llama-3.1-8B-mini4L,2056,4,3000000000,25174327325,22174327325,15989089565,22167680203,2215707,"[2215622, 2215706, 2215794]"
41,5081,meta-llama/Llama-3.1-8B-mini4L,2056,4,3000000000,25174327325,22174327325,15989089565,22167680203,2215707,"[2215622, 2215706, 2215794]"
41,5153,meta-llama/Llama-3.1-8B-mini4L,2056,4,3000000000,25174327325,22174327325,15989089565,22167680203,2215707,"[2215622, 2215706, 2215794]"
41,5225,meta-llama/Llama-3.1-8B-mini4L,2056,4,3000000000,25174327325,22174327325,15989089565,22167680203,2215707,"[2215622, 2215706, 2215794]"
41,5297,meta-llama/Llama-3.1-8B-mini4L,2056,4,3000000000,25174327325,22174327325,15989089565,22167680203,2215707,"[2215622, 2215706, 2215794]"
41,5369,meta-llama/Llama-3.1-8B-mini4L,2056,4,3000000000,25174327325,22174327325,15989089565,22167680203,2215707,"[2215622, 2215706, 2215794]"
41,5441,meta-llama/Llama-3.1-8B-mini4L,2056,4,3000000000,25174327325,22174327325,15989089565,22167680203,2215707,"[2215622, 2215706, 2215794]"
41,5513,meta-llama/Llama-3.1-8B-mini4L,2056,4,3000000000,31359565085,28359565085,22174327325,28352917963,2215707,"[2215622, 2215706, 2215794]"
41,5585,meta-llama/Llama-3.1-8B-mini4L,2056,4,3000000000,31359565085,28359565085,22174327325,28352917963,2215707,"[2215622, 2215706, 2215794]"
41,5657,meta-llama/Llama-3.1-8B-mini4L,2056,4,3000000000,31359565085,28359565085,22174327325,28352917963,2215707,"[2215622, 2215706, 2215794]"
41,5729,meta-llama/Llama-3.1-8B-mini4L,2056,4,3000000000,31359565085,28359565085,22174327325,28352917963,2215707,"[2215622, 2215706, 2215794]"
41,5801,meta-llama/Llama-3.1-8B-mini4L,2056,4,3000000000,31359565085,28359565085,22174327325,28352917963,2215707,"[2215622, 2215706, 2215794]"
41,5873,meta-llama/Llama-3.1-8B-mini4L,2056,4,3000000000,31359565085,28359565085,22174327325,28352917963,2215707,"[2215622, 2215706, 2215794]"
41,5945,meta-llama/Llama-3.1-8B-mini4L,2056,4,3000000000,31359565085,28359565085,22174327325,28352917963,2215707,"[2215622, 2215706, 2215794]"
41,6017,meta-llama/Llama-3.1-8B-mini4L,2056,4,3000000000,31359565085,28359565085,22174327325,28352917963,2215707,"[2215622, 2215706, 2215794]"
41,6089,meta-llama/Llama-3.1-8B-mini4L,2056,4,3000000000,35887276708,32887276708,28359565085,32880838726,2145994,"[2145938, 2145994, 2146050]"
41,6161,meta-llama/Llama-3.1-8B-mini4L,2056,4,3000000000,35887276708,32887276708,28359565085,32880838726,2145994,"[2145938, 2145994, 2146050]"
41,6233,meta-llama/Llama-3.1-8B-mini4L,2056,4,3000000000,35887276708,32887276708,28359565085,32880838726,2145994,"[2145938, 2145994, 2146050]"
41,6305,meta-llama/Llama-3.1-8B-mini4L,2056,4,3000000000,35887276708,32887276708,28359565085,32880838726,2145994,"[2145938, 2145994, 2146050]"
41,6377,meta-llama/Llama-3.1-8B-mini4L,2056,4,3000000000,35887276708,32887276708,28359565085,32880838726,2145994,"[2145938, 2145994, 2146050]"
42,42,meta-llama/Llama-3.1-8B-mini4L,2048,4,0,182291496,182291496,1,33633365,49552710,"[48887602, 49863356, 49907173]"
42,114,meta-llama/Llama-3.1-8B-mini4L,2048,4,0,282145216,282145216,82520967,132384323,49920297,"[49907173, 49906421, 49947299]"
42,186,meta-llama/Llama-3.1-8B-mini4L,2048,4,0,332091463,332091463,132384323,182291496,49933322,"[49906421, 49947299, 49946247]"
42,258,meta-llama/Llama-3.1-8B-mini4L,2048,4,0,382036654,382036654,182291496,232197917,49946245,"[49947299, 49946247, 49945191]"
42,330,meta-llama/Llama-3.1-8B-mini4L,2048,4,0,431980789,431980789,232197917,282145216,49945191,"[49946247, 49945191, 49944135]"
42,402,meta-llama/Llama-3.1-8B-mini4L,2048,4,0,481923868,481923868,282145216,332091463,49944135,"[49945191, 49944135, 49943079]"
42,474,meta-llama/Llama-3.1-8B-mini4L,2048,4,0,531948982,531948982,332091463,382036654,49970776,"[49944135, 49943079, 50025114]"
42,546,meta-llama/Llama-3.1-8B-mini4L,2048,4,0,580452150,580452150,382036654,431980789,49490453,"[49943079, 50025114, 48503168]"
42,618,meta-llama/Llama-3.1-8B-mini4L,2048,4,0,627377362,627377362,431980789,481923868,48484498,"[50025114, 48503168, 46925212]"
42,690,meta-llama/Llama-3.1-8B-mini4L,2048,4,0,672861751,672861751,481923868,531948982,46970923,"[48503168, 46925212, 45484389]"
42,762,meta-llama/Llama-3.1-8B-mini4L,2048,4,0,716796187,716796187,531948982,580452150,45448012,"[46925212, 45484389, 43934436]"
42,834,meta-llama/Llama-3.1-8B-mini4L,2048,4,0,759153187,759153187,580452150,627377362,43925275,"[45484389, 43934436, 42357000]"
42,906,meta-llama/Llama-3.1-8B-mini4L,2048,4,0,798140137,798140137,627377362,672861751,41759462,"[43934436, 42357000, 38986950]"
42,978,meta-llama/Llama-3.1-8B-mini4L,2048,4,0,838370117,838370117,672861751,716796187,40524643,"[42357000, 38986950, 40229980]"
42,1050,meta-llama/Llama-3.1-8B-mini4L,2048,4,0,878574758,878574758,716796187,759153187,39807190,"[38986950, 40229980, 40204641]"
42,1122,meta-llama/Llama-3.1-8B-mini4L,2048,4,0,918763448,918763448,759153187,798140137,40207770,"[40229980, 40204641, 40188690]"
42,1194,meta-llama/Llama-3.1-8B-mini4L,2048,4,0,958691989,958691989,798140137,838370117,40107290,"[40204641, 40188690, 39928541]"
42,1266,meta-llama/Llama-3.1-8B-mini4L,2048,4,0,997586284,997586284,838370117,878574758,39670508,"[40188690, 39928541, 38894295]"
42,1338,meta-llama/Llama-3.1-8B-mini4L,2048,4,0,1037542042,1037542042,878574758,918763448,39592864,"[39928541, 38894295, 39955758]"
42,1410,meta-llama/Llama-3.1-8B-mini4L,2048,4,0,1077656386,1077656386,918763448,958691989,39654799,"[38894295, 39955758, 40114344]"
42,1482,meta-llama/Llama-3.1-8B-mini4L,2048,4,0,1117726483,1117726483,958691989,997586284,40046733,"[39955758, 40114344, 40070097]"
42,1554,meta-llama/Llama-3.1-8B-mini4L,2048,4,0,1157311390,1157311390,997586284,1037542042,39923116,"[40114344, 40070097, 39584907]"
42,1626,meta-llama/Llama-3.1-8B-mini4L,2048,4,0,1196707612,1196707612,1037542042,1077656386,39683742,"[40070097, 39584907, 39396222]"
42,1698,meta-llama/Llama-3.1-8B-mini4L,2048,4,0,1236589024,1236589024,1077656386,1117726483,39620847,"[39584907, 39396222, 39881412]"
42,1770,meta-llama/Llama-3.1-8B-mini4L,2048,4,0,1276679788,1276679788,1117726483,1157311390,39789466,"[39396222, 39881412, 40090764]"
42,1842,meta-llama/Llama-3.1-8B-mini4L,2048,4,0,1316461209,1316461209,1157311390,1196707612,39917865,"[39881412, 40090764, 39781421]"
42,1914,meta-llama/Llama-3.1-8B-mini4L,2048,4,0,1355842235,1355842235,1196707612,1236589024,39751070,"[40090764, 39781421, 39381026]"
42,1986,meta-llama/Llama-3.1-8B-mini4L,2048,4,0,1395570270,1395570270,1236589024,1276679788,39630160,"[39781421, 39381026, 39728035]"
42,2058,meta-llama/Llama-3.1-8B-mini4L,2048,4,0,1435511849,1435511849,1276679788,1316461209,39683546,"[39381026, 39728035, 39941579]"
42,2130,meta-llama/Llama-3.1-8B-mini4L,2048,4,0,1475314985,1475314985,1316461209,1355842235,39824250,"[39728035, 39941579, 39803136]"
42,2202,meta-llama/Llama-3.1-8B-mini4L,2048,4,0,1515082520,1515082520,1355842235,1395570270,39837416,"[39941579, 39803136, 39767535]"
42,2274,meta-llama/Llama-3.1-8B-mini4L,2048,4,0,1554752715,1554752715,1395570270,1435511849,39746955,"[39803136, 39767535, 39670195]"
42,2346,meta-llama/Llama-3.1-8B-mini4L,2048,4,0,1594462148,1594462148,1435511849,1475314985,39715721,"[39767535, 39670195, 39709433]"
42,2418,meta-llama/Llama-3.1-8B-mini4L,2048,4,0,1634277305,1634277305,1475314985,1515082520,39731595,"[39670195, 39709433, 39815157]"
42,2490,meta-llama/Llama-3.1-8B-mini4L,2048,4,0,1674039600,1674039600,1515082520,1554752715,39762295,"[39709433, 39815157, 39762295]"
42,2562,meta-llama/Llama-3.1-8B-mini4L,2048,4,0,1713717886,1713717886,1554752715,1594462148,39751912,"[39815157, 39762295, 39678286]"
42,2634,meta-llama/Llama-3.1-8B-mini4L,2048,4,0,1753408717,1753408717,1594462148,1634277305,39710470,"[39762295, 39678286, 39690831]"
42,2706,meta-llama/Llama-3.1-8B-mini4L,2048,4,0,1793099548,1793099548,1634277305,1674039600,39686649,"[39678286, 39690831, 39690831]"
42,2778,meta-llama/Llama-3.1-8B-mini4L,2048,4,0,1832842717,1832842717,1674039600,1713717886,39708277,"[39690831, 39690831, 39743169]"
42,2850,meta-llama/Llama-3.1-8B-mini4L,2048,4,0,1872585886,1872585886,1713717886,1753408717,39725723,"[39690831, 39743169, 39743169]"
42,2922,meta-llama/Llama-3.1-8B-mini4L,2048,4,0,1902739668,1902739668,1753408717,1793099548,36546706,"[39743169, 39743169, 30153782]"
42,2994,meta-llama/Llama-3.1-8B-mini4L,2048,4,0,1908487892,1908487892,1793099548,1832842717,25215058,"[39743169, 30153782, 5748224]"
42,3066,meta-llama/Llama-3.1-8B-mini4L,2048,4,0,1910682461,1910682461,1832842717,1872585886,12698858,"[30153782, 5748224, 2194569]"
42,3138,meta-llama/Llama-3.1-8B-mini4L,2048,4,0,1912769382,1912769382,1872585886,1902739668,3343238,"[5748224, 2194569, 2086921]"
42,3210,meta-llama/Llama-3.1-8B-mini4L,2056,4,3000000000,6704520125,3704520125,322129,3697873003,2215707,"[2215622, 2215706, 2215794]"
42,3282,meta-llama/Llama-3.1-8B-mini4L,2056,4,3000000000,6704520125,3704520125,322129,3697873003,2215707,"[2215622, 2215706, 2215794]"
42,3354,meta-llama/Llama-3.1-8B-mini4L,2056,4,3000000000,6704520125,3704520125,322129,3697873003,2215707,"[2215622, 2215706, 2215794]"
42,3426,meta-llama/Llama-3.1-8B-mini4L,2056,4,3000000000,6704520125,3704520125,322129,3697873003,2215707,"[2215622, 2215706, 2215794]"
42,3498,meta-llama/Llama-3.1-8B-mini4L,2056,4,3000000000,6704520125,3704520125,322129,3697873003,2215707,"[2215622, 2215706, 2215794]"
42,3570,meta-llama/Llama-3.1-8B-mini4L,2056,4,3000000000,6704520125,3704520125,322129,3697873003,2215707,"[2215622, 2215706, 2215794]"
42,3642,meta-llama/Llama-3.1-8B-mini4L,2056,4,3000000000,6704520125,3704520125,322129,3697873003,2215707,"[2215622, 2215706, 2215794]"
42,3714,meta-llama/Llama-3.1-8B-mini4L,2056,4,3000000000,6704520125,3704520125,322129,3697873003,2215707,"[2215622, 2215706, 2215794]"
42,3786,meta-llama/Llama-3.1-8B-mini4L,2056,4,3000000000,12889757885,9889757885,3704520125,9883110763,2215707,"[2215622, 2215706, 2215794]"
42,3858,meta-llama/Llama-3.1-8B-mini4L,2056,4,3000000000,12889757885,9889757885,3704520125,9883110763,2215707,"[2215622, 2215706, 2215794]"
42,3930,meta-llama/Llama-3.1-8B-mini4L,2056,4,3000000000,12889757885,9889757885,3704520125,9883110763,2215707,"[2215622, 2215706, 2215794]"
42,4002,meta-llama/Llama-3.1-8B-mini4L,2056,4,3000000000,12889757885,9889757885,3704520125,9883110763,2215707,"[2215622, 2215706, 2215794]"
42,4074,meta-llama/Llama-3.1-8B-mini4L,2056,4,3000000000,12889757885,9889757885,3704520125,9883110763,2215707,"[2215622, 2215706, 2215794]"
42,4146,meta-llama/Llama-3.1-8B-mini4L,2056,4,3000000000,12889757885,9889757885,3704520125,9883110763,2215707,"[2215622, 2215706, 2215794]"
42,4218,meta-llama/Llama-3.1-8B-mini4L,2056,4,3000000000,12889757885,9889757885,3704520125,9883110763,2215707,"[2215622, 2215706, 2215794]"
42,4290,meta-llama/Llama-3.1-8B-mini4L,2056,4,3000000000,12889757885,9889757885,3704520125,9883110763,2215707,"[2215622, 2215706, 2215794]"
42,4362,meta-llama/Llama-3.1-8B-mini4L,2056,4,3000000000,19074995645,16074995645,9889757885,16068348523,2215707,"[2215622, 2215706, 2215794]"
42,4434,meta-llama/Llama-3.1-8B-mini4L,2056,4,3000000000,19074995645,16074995645,9889757885,16068348523,2215707,"[2215622, 2215706, 2215794]"
42,4506,meta-llama/Llama-3.1-8B-mini4L,2056,4,3000000000,19074995645,16074995645,9889757885,16068348523,2215707,"[2215622, 2215706, 2215794]"
42,4578,meta-llama/Llama-3.1-8B-mini4L,2056,4,3000000000,19074995645,16074995645,9889757885,16068348523,2215707,"[2215622, 2215706, 2215794]"
42,4650,meta-llama/Llama-3.1-8B-mini4L,2056,4,3000000000,19074995645,16074995645,9889757885,16068348523,2215707,"[2215622, 2215706, 2215794]"
42,4722,meta-llama/Llama-3.1-8B-mini4L,2056,4,3000000000,19074995645,16074995645,9889757885,16068348523,2215707,"[2215622, 2215706, 2215794]"
42,4794,meta-llama/Llama-3.1-8B-mini4L,2056,4,3000000000,19074995645,16074995645,9889757885,16068348523,2215707,"[2215622, 2215706, 2215794]"
42,4866,meta-llama/Llama-3.1-8B-mini4L,2056,4,3000000000,19074995645,16074995645,9889757885,16068348523,2215707,"[2215622, 2215706, 2215794]"
42,4938,meta-llama/Llama-3.1-8B-mini4L,2056,4,3000000000,25260233405,22260233405,16074995645,22253586283,2215707,"[2215622, 2215706, 2215794]"
42,5010,meta-llama/Llama-3.1-8B-mini4L,2056,4,3000000000,25260233405,22260233405,16074995645,22253586283,2215707,"[2215622, 2215706, 2215794]"
42,5082,meta-llama/Llama-3.1-8B-mini4L,2056,4,3000000000,25260233405,22260233405,16074995645,22253586283,2215707,"[2215622, 2215706, 2215794]"
42,5154,meta-llama/Llama-3.1-8B-mini4L,2056,4,3000000000,25260233405,22260233405,16074995645,22253586283,2215707,"[2215622, 2215706, 2215794]"
42,5226,meta-llama/Llama-3.1-8B-mini4L,2056,4,3000000000,25260233405,22260233405,16074995645,22253586283,2215707,"[2215622, 2215706, 2215794]"
42,5298,meta-llama/Llama-3.1-8B-mini4L,2056,4,3000000000,25260233405,22260233405,16074995645,22253586283,2215707,"[2215622, 2215706, 2215794]"
42,5370,meta-llama/Llama-3.1-8B-mini4L,2056,4,3000000000,25260233405,22260233405,16074995645,22253586283,2215707,"[2215622, 2215706, 2215794]"
42,5442,meta-llama/Llama-3.1-8B-mini4L,2056,4,3000000000,25260233405,22260233405,16074995645,22253586283,2215707,"[2215622, 2215706, 2215794]"
42,5514,meta-llama/Llama-3.1-8B-mini4L,2056,4,3000000000,31445471165,28445471165,22260233405,28438824043,2215707,"[2215622, 2215706, 2215794]"
42,5586,meta-llama/Llama-3.1-8B-mini4L,2056,4,3000000000,31445471165,28445471165,22260233405,28438824043,2215707,"[2215622, 2215706, 2215794]"
42,5658,meta-llama/Llama-3.1-8B-mini4L,2056,4,3000000000,31445471165,28445471165,22260233405,28438824043,2215707,"[2215622, 2215706, 2215794]"
42,5730,meta-llama/Llama-3.1-8B-mini4L,2056,4,3000000000,31445471165,28445471165,22260233405,28438824043,2215707,"[2215622, 2215706, 2215794]"
42,5802,meta-llama/Llama-3.1-8B-mini4L,2056,4,3000000000,31445471165,28445471165,22260233405,28438824043,2215707,"[2215622, 2215706, 2215794]"
42,5874,meta-llama/Llama-3.1-8B-mini4L,2056,4,3000000000,31445471165,28445471165,22260233405,28438824043,2215707,"[2215622, 2215706, 2215794]"
42,5946,meta-llama/Llama-3.1-8B-mini4L,2056,4,3000000000,31445471165,28445471165,22260233405,28438824043,2215707,"[2215622, 2215706, 2215794]"
42,6018,meta-llama/Llama-3.1-8B-mini4L,2056,4,3000000000,31445471165,28445471165,22260233405,28438824043,2215707,"[2215622, 2215706, 2215794]"
42,6090,meta-llama/Llama-3.1-8B-mini4L,2056,4,3000000000,35941725508,32941725508,28445471165,32935287526,2145994,"[2145938, 2145994, 2146050]"
42,6162,meta-llama/Llama-3.1-8B-mini4L,2056,4,3000000000,35941725508,32941725508,28445471165,32935287526,2145994,"[2145938, 2145994, 2146050]"
42,6234,meta-llama/Llama-3.1-8B-mini4L,2056,4,3000000000,35941725508,32941725508,28445471165,32935287526,2145994,"[2145938, 2145994, 2146050]"
42,6306,meta-llama/Llama-3.1-8B-mini4L,2056,4,3000000000,35941725508,32941725508,28445471165,32935287526,2145994,"[2145938, 2145994, 2146050]"
42,6378,meta-llama/Llama-3.1-8B-mini4L,2056,4,3000000000,35941725508,32941725508,28445471165,32935287526,2145994,"[2145938, 2145994, 2146050]"
43,43,meta-llama/Llama-3.1-8B-mini4L,2048,4,0,182816952,182816952,1,34158821,49552710,"[48887602, 49863356, 49907173]"
43,115,meta-llama/Llama-3.1-8B-mini4L,2048,4,0,282670672,282670672,83046423,132909779,49920297,"[49907173, 49906421, 49947299]"
43,187,meta-llama/Llama-3.1-8B-mini4L,2048,4,0,332616919,332616919,132909779,182816952,49933322,"[49906421, 49947299, 49946247]"
43,259,meta-llama/Llama-3.1-8B-mini4L,2048,4,0,382562110,382562110,182816952,232723373,49946245,"[49947299, 49946247, 49945191]"
43,331,meta-llama/Llama-3.1-8B-mini4L,2048,4,0,432506245,432506245,232723373,282670672,49945191,"[49946247, 49945191, 49944135]"
43,403,meta-llama/Llama-3.1-8B-mini4L,2048,4,0,482449324,482449324,282670672,332616919,49944135,"[49945191, 49944135, 49943079]"
43,475,meta-llama/Llama-3.1-8B-mini4L,2048,4,0,532474438,532474438,332616919,382562110,49970776,"[49944135, 49943079, 50025114]"
43,547,meta-llama/Llama-3.1-8B-mini4L,2048,4,0,580977606,580977606,382562110,432506245,49490453,"[49943079, 50025114, 48503168]"
43,619,meta-llama/Llama-3.1-8B-mini4L,2048,4,0,627902818,627902818,432506245,482449324,48484498,"[50025114, 48503168, 46925212]"
43,691,meta-llama/Llama-3.1-8B-mini4L,2048,4,0,673387207,673387207,482449324,532474438,46970923,"[48503168, 46925212, 45484389]"
43,763,meta-llama/Llama-3.1-8B-mini4L,2048,4,0,717321643,717321643,532474438,580977606,45448012,"[46925212, 45484389, 43934436]"
43,835,meta-llama/Llama-3.1-8B-mini4L,2048,4,0,759678643,759678643,580977606,627902818,43925275,"[45484389, 43934436, 42357000]"
43,907,meta-llama/Llama-3.1-8B-mini4L,2048,4,0,798748030,798748030,627902818,673387207,41786941,"[43934436, 42357000, 39069387]"
43,979,meta-llama/Llama-3.1-8B-mini4L,2048,4,0,838895573,838895573,673387207,717321643,40524643,"[42357000, 39069387, 40147543]"
43,1051,meta-llama/Llama-3.1-8B-mini4L,2048,4,0,879100214,879100214,717321643,759678643,39807190,"[39069387, 40147543, 40204641]"
43,1123,meta-llama/Llama-3.1-8B-mini4L,2048,4,0,919288904,919288904,759678643,798748030,40180291,"[40147543, 40204641, 40188690]"
43,1195,meta-llama/Llama-3.1-8B-mini4L,2048,4,0,959244662,959244662,798748030,838895573,40116363,"[40204641, 40188690, 39955758]"
43,1267,meta-llama/Llama-3.1-8B-mini4L,2048,4,0,998220608,998220608,838895573,879100214,39706798,"[40188690, 39955758, 38975946]"
43,1339,meta-llama/Llama-3.1-8B-mini4L,2048,4,0,1038067498,1038067498,879100214,919288904,39592864,"[39955758, 38975946, 39846890]"
43,1411,meta-llama/Llama-3.1-8B-mini4L,2048,4,0,1078208797,1078208797,919288904,959244662,39654711,"[38975946, 39846890, 40141299]"
43,1483,meta-llama/Llama-3.1-8B-mini4L,2048,4,0,1118278894,1118278894,959244662,998220608,40019428,"[39846890, 40141299, 40070097]"
43,1555,meta-llama/Llama-3.1-8B-mini4L,2048,4,0,1157836846,1157836846,998220608,1038067498,39923116,"[40141299, 40070097, 39557952]"
43,1627,meta-llama/Llama-3.1-8B-mini4L,2048,4,0,1197233068,1197233068,1038067498,1078208797,39674757,"[40070097, 39557952, 39396222]"
43,1699,meta-llama/Llama-3.1-8B-mini4L,2048,4,0,1237114480,1237114480,1078208797,1118278894,39611862,"[39557952, 39396222, 39881412]"
43,1771,meta-llama/Llama-3.1-8B-mini4L,2048,4,0,1277205244,1277205244,1118278894,1157836846,39789466,"[39396222, 39881412, 40090764]"
43,1843,meta-llama/Llama-3.1-8B-mini4L,2048,4,0,1316986665,1316986665,1157836846,1197233068,39917865,"[39881412, 40090764, 39781421]"
43,1915,meta-llama/Llama-3.1-8B-mini4L,2048,4,0,1356421077,1356421077,1197233068,1237114480,39768865,"[40090764, 39781421, 39434412]"
43,1987,meta-llama/Llama-3.1-8B-mini4L,2048,4,0,1396122419,1396122419,1237114480,1277205244,39639058,"[39781421, 39434412, 39701342]"
43,2059,meta-llama/Llama-3.1-8B-mini4L,2048,4,0,1436037305,1436037305,1277205244,1316986665,39683546,"[39434412, 39701342, 39914886]"
43,2131,meta-llama/Llama-3.1-8B-mini4L,2048,4,0,1475866872,1475866872,1316986665,1356421077,39815265,"[39701342, 39914886, 39829567]"
43,2203,meta-llama/Llama-3.1-8B-mini4L,2048,4,0,1515634669,1515634669,1356421077,1396122419,39837416,"[39914886, 39829567, 39767797]"
43,2275,meta-llama/Llama-3.1-8B-mini4L,2048,4,0,1555278171,1555278171,1396122419,1436037305,39746955,"[39829567, 39767797, 39643502]"
43,2347,meta-llama/Llama-3.1-8B-mini4L,2048,4,0,1595014035,1595014035,1436037305,1475866872,39715721,"[39767797, 39643502, 39735864]"
43,2419,meta-llama/Llama-3.1-8B-mini4L,2048,4,0,1634802761,1634802761,1475866872,1515634669,39722697,"[39643502, 39735864, 39788726]"
43,2491,meta-llama/Llama-3.1-8B-mini4L,2048,4,0,1674565056,1674565056,1515634669,1555278171,39762295,"[39735864, 39788726, 39762295]"
43,2563,meta-llama/Llama-3.1-8B-mini4L,2048,4,0,1714269511,1714269511,1555278171,1595014035,39751825,"[39788726, 39762295, 39704455]"
43,2635,meta-llama/Llama-3.1-8B-mini4L,2048,4,0,1753960342,1753960342,1595014035,1634802761,39719193,"[39762295, 39704455, 39690831]"
43,2707,meta-llama/Llama-3.1-8B-mini4L,2048,4,0,1793651173,1793651173,1634802761,1674565056,39695372,"[39704455, 39690831, 39690831]"
43,2779,meta-llama/Llama-3.1-8B-mini4L,2048,4,0,1833394342,1833394342,1674565056,1714269511,39708277,"[39690831, 39690831, 39743169]"
43,2851,meta-llama/Llama-3.1-8B-mini4L,2048,4,0,1873137511,1873137511,1714269511,1753960342,39725723,"[39690831, 39743169, 39743169]"
43,2923,meta-llama/Llama-3.1-8B-mini4L,2048,4,0,1903823140,1903823140,1753960342,1793651173,36723989,"[39743169, 39743169, 30685629]"
43,2995,meta-llama/Llama-3.1-8B-mini4L,2048,4,0,1908522231,1908522231,1793651173,1833394342,25042629,"[39743169, 30685629, 4699091]"
43,3067,meta-llama/Llama-3.1-8B-mini4L,2048,4,0,1910768679,1910768679,1833394342,1873137511,12543722,"[30685629, 4699091, 2246448]"
43,3139,meta-llama/Llama-3.1-8B-mini4L,2048,4,0,1912858765,1912858765,1873137511,1903823140,3011875,"[4699091, 2246448, 2090086]"
43,3211,meta-llama/Llama-3.1-8B-mini4L,2056,4,3000000000,6790426205,3790426205,322129,3783779083,2215707,"[2215622, 2215706, 2215794]"
43,3283,meta-llama/Llama-3.1-8B-mini4L,2056,4,3000000000,6790426205,3790426205,322129,3783779083,2215707,"[2215622, 2215706, 2215794]"
43,3355,meta-llama/Llama-3.1-8B-mini4L,2056,4,3000000000,6790426205,3790426205,322129,3783779083,2215707,"[2215622, 2215706, 2215794]"
43,3427,meta-llama/Llama-3.1-8B-mini4L,2056,4,3000000000,6790426205,3790426205,322129,3783779083,2215707,"[2215622, 2215706, 2215794]"
43,3499,meta-llama/Llama-3.1-8B-mini4L,2056,4,3000000000,6790426205,3790426205,322129,3783779083,2215707,"[2215622, 2215706, 2215794]"
43,3571,meta-llama/Llama-3.1-8B-mini4L,2056,4,3000000000,6790426205,3790426205,322129,3783779083,2215707,"[2215622, 2215706, 2215794]"
43,3643,meta-llama/Llama-3.1-8B-mini4L,2056,4,3000000000,6790426205,3790426205,322129,3783779083,2215707,"[2215622, 2215706, 2215794]"
43,3715,meta-llama/Llama-3.1-8B-mini4L,2056,4,3000000000,6790426205,3790426205,322129,3783779083,2215707,"[2215622, 2215706, 2215794]"
43,3787,meta-llama/Llama-3.1-8B-mini4L,2056,4,3000000000,12975663965,9975663965,3790426205,9969016843,2215707,"[2215622, 2215706, 2215794]"
43,3859,meta-llama/Llama-3.1-8B-mini4L,2056,4,3000000000,12975663965,9975663965,3790426205,9969016843,2215707,"[2215622, 2215706, 2215794]"
43,3931,meta-llama/Llama-3.1-8B-mini4L,2056,4,3000000000,12975663965,9975663965,3790426205,9969016843,2215707,"[2215622, 2215706, 2215794]"
43,4003,meta-llama/Llama-3.1-8B-mini4L,2056,4,3000000000,12975663965,9975663965,3790426205,9969016843,2215707,"[2215622, 2215706, 2215794]"
43,4075,meta-llama/Llama-3.1-8B-mini4L,2056,4,3000000000,12975663965,9975663965,3790426205,9969016843,2215707,"[2215622, 2215706, 2215794]"
43,4147,meta-llama/Llama-3.1-8B-mini4L,2056,4,3000000000,12975663965,9975663965,3790426205,9969016843,2215707,"[2215622, 2215706, 2215794]"
43,4219,meta-llama/Llama-3.1-8B-mini4L,2056,4,3000000000,12975663965,9975663965,3790426205,9969016843,2215707,"[2215622, 2215706, 2215794]"
43,4291,meta-llama/Llama-3.1-8B-mini4L,2056,4,3000000000,12975663965,9975663965,3790426205,9969016843,2215707,"[2215622, 2215706, 2215794]"
43,4363,meta-llama/Llama-3.1-8B-mini4L,2056,4,3000000000,19160901725,16160901725,9975663965,16154254603,2215707,"[2215622, 2215706, 2215794]"
43,4435,meta-llama/Llama-3.1-8B-mini4L,2056,4,3000000000,19160901725,16160901725,9975663965,16154254603,2215707,"[2215622, 2215706, 2215794]"
43,4507,meta-llama/Llama-3.1-8B-mini4L,2056,4,3000000000,19160901725,16160901725,9975663965,16154254603,2215707,"[2215622, 2215706, 2215794]"
43,4579,meta-llama/Llama-3.1-8B-mini4L,2056,4,3000000000,19160901725,16160901725,9975663965,16154254603,2215707,"[2215622, 2215706, 2215794]"
43,4651,meta-llama/Llama-3.1-8B-mini4L,2056,4,3000000000,19160901725,16160901725,9975663965,16154254603,2215707,"[2215622, 2215706, 2215794]"
43,4723,meta-llama/Llama-3.1-8B-mini4L,2056,4,3000000000,19160901725,16160901725,9975663965,16154254603,2215707,"[2215622, 2215706, 2215794]"
43,4795,meta-llama/Llama-3.1-8B-mini4L,2056,4,3000000000,19160901725,16160901725,9975663965,16154254603,2215707,"[2215622, 2215706, 2215794]"
43,4867,meta-llama/Llama-3.1-8B-mini4L,2056,4,3000000000,19160901725,16160901725,9975663965,16154254603,2215707,"[2215622, 2215706, 2215794]"
43,4939,meta-llama/Llama-3.1-8B-mini4L,2056,4,3000000000,25346139485,22346139485,16160901725,22339492363,2215707,"[2215622, 2215706, 2215794]"
43,5011,meta-llama/Llama-3.1-8B-mini4L,2056,4,3000000000,25346139485,22346139485,16160901725,22339492363,2215707,"[2215622, 2215706, 2215794]"
43,5083,meta-llama/Llama-3.1-8B-mini4L,2056,4,3000000000,25346139485,22346139485,16160901725,22339492363,2215707,"[2215622, 2215706, 2215794]"
43,5155,meta-llama/Llama-3.1-8B-mini4L,2056,4,3000000000,25346139485,22346139485,16160901725,22339492363,2215707,"[2215622, 2215706, 2215794]"
43,5227,meta-llama/Llama-3.1-8B-mini4L,2056,4,3000000000,25346139485,22346139485,16160901725,22339492363,2215707,"[2215622, 2215706, 2215794]"
43,5299,meta-llama/Llama-3.1-8B-mini4L,2056,4,3000000000,25346139485,22346139485,16160901725,22339492363,2215707,"[2215622, 2215706, 2215794]"
43,5371,meta-llama/Llama-3.1-8B-mini4L,2056,4,3000000000,25346139485,22346139485,16160901725,22339492363,2215707,"[2215622, 2215706, 2215794]"
43,5443,meta-llama/Llama-3.1-8B-mini4L,2056,4,3000000000,25346139485,22346139485,16160901725,22339492363,2215707,"[2215622, 2215706, 2215794]"
43,5515,meta-llama/Llama-3.1-8B-mini4L,2056,4,3000000000,31531377245,28531377245,22346139485,28524730123,2215707,"[2215622, 2215706, 2215794]"
43,5587,meta-llama/Llama-3.1-8B-mini4L,2056,4,3000000000,31531377245,28531377245,22346139485,28524730123,2215707,"[2215622, 2215706, 2215794]"
43,5659,meta-llama/Llama-3.1-8B-mini4L,2056,4,3000000000,31531377245,28531377245,22346139485,28524730123,2215707,"[2215622, 2215706, 2215794]"
43,5731,meta-llama/Llama-3.1-8B-mini4L,2056,4,3000000000,31531377245,28531377245,22346139485,28524730123,2215707,"[2215622, 2215706, 2215794]"
43,5803,meta-llama/Llama-3.1-8B-mini4L,2056,4,3000000000,31531377245,28531377245,22346139485,28524730123,2215707,"[2215622, 2215706, 2215794]"
43,5875,meta-llama/Llama-3.1-8B-mini4L,2056,4,3000000000,31531377245,28531377245,22346139485,28524730123,2215707,"[2215622, 2215706, 2215794]"
43,5947,meta-llama/Llama-3.1-8B-mini4L,2056,4,3000000000,31531377245,28531377245,22346139485,28524730123,2215707,"[2215622, 2215706, 2215794]"
43,6019,meta-llama/Llama-3.1-8B-mini4L,2056,4,3000000000,31531377245,28531377245,22346139485,28524730123,2215707,"[2215622, 2215706, 2215794]"
43,6091,meta-llama/Llama-3.1-8B-mini4L,2056,4,3000000000,35996174308,32996174308,28531377245,32989736326,2145994,"[2145938, 2145994, 2146050]"
43,6163,meta-llama/Llama-3.1-8B-mini4L,2056,4,3000000000,35996174308,32996174308,28531377245,32989736326,2145994,"[2145938, 2145994, 2146050]"
43,6235,meta-llama/Llama-3.1-8B-mini4L,2056,4,3000000000,35996174308,32996174308,28531377245,32989736326,2145994,"[2145938, 2145994, 2146050]"
43,6307,meta-llama/Llama-3.1-8B-mini4L,2056,4,3000000000,35996174308,32996174308,28531377245,32989736326,2145994,"[2145938, 2145994, 2146050]"
43,6379,meta-llama/Llama-3.1-8B-mini4L,2056,4,3000000000,35996174308,32996174308,28531377245,32989736326,2145994,"[2145938, 2145994, 2146050]"
44,44,meta-llama/Llama-3.1-8B-mini4L,2048,4,0,183342408,183342408,1,34684277,49552710,"[48887602, 49863356, 49907173]"
44,116,meta-llama/Llama-3.1-8B-mini4L,2048,4,0,283196128,283196128,83571879,133435235,49920297,"[49907173, 49906421, 49947299]"
44,188,meta-llama/Llama-3.1-8B-mini4L,2048,4,0,333142375,333142375,133435235,183342408,49933322,"[49906421, 49947299, 49946247]"
44,260,meta-llama/Llama-3.1-8B-mini4L,2048,4,0,383087566,383087566,183342408,233248829,49946245,"[49947299, 49946247, 49945191]"
44,332,meta-llama/Llama-3.1-8B-mini4L,2048,4,0,433031701,433031701,233248829,283196128,49945191,"[49946247, 49945191, 49944135]"
44,404,meta-llama/Llama-3.1-8B-mini4L,2048,4,0,482974780,482974780,283196128,333142375,49944135,"[49945191, 49944135, 49943079]"
44,476,meta-llama/Llama-3.1-8B-mini4L,2048,4,0,532999894,532999894,333142375,383087566,49970776,"[49944135, 49943079, 50025114]"
44,548,meta-llama/Llama-3.1-8B-mini4L,2048,4,0,581503062,581503062,383087566,433031701,49490453,"[49943079, 50025114, 48503168]"
44,620,meta-llama/Llama-3.1-8B-mini4L,2048,4,0,628455753,628455753,433031701,482974780,48493657,"[50025114, 48503168, 46952691]"
44,692,meta-llama/Llama-3.1-8B-mini4L,2048,4,0,673912663,673912663,482974780,532999894,46970923,"[48503168, 46952691, 45456910]"
44,764,meta-llama/Llama-3.1-8B-mini4L,2048,4,0,717847099,717847099,532999894,581503062,45448012,"[46952691, 45456910, 43934436]"
44,836,meta-llama/Llama-3.1-8B-mini4L,2048,4,0,760204099,760204099,581503062,628455753,43916115,"[45456910, 43934436, 42357000]"
44,908,meta-llama/Llama-3.1-8B-mini4L,2048,4,0,799273486,799273486,628455753,673912663,41786941,"[43934436, 42357000, 39069387]"
44,980,meta-llama/Llama-3.1-8B-mini4L,2048,4,0,839421029,839421029,673912663,717847099,40524643,"[42357000, 39069387, 40147543]"
44,1052,meta-llama/Llama-3.1-8B-mini4L,2048,4,0,879625670,879625670,717847099,760204099,39807190,"[39069387, 40147543, 40204641]"
44,1124,meta-llama/Llama-3.1-8B-mini4L,2048,4,0,919814360,919814360,760204099,799273486,40180291,"[40147543, 40204641, 40188690]"
44,1196,meta-llama/Llama-3.1-8B-mini4L,2048,4,0,959797335,959797335,799273486,839421029,40125435,"[40204641, 40188690, 39982975]"
44,1268,meta-llama/Llama-3.1-8B-mini4L,2048,4,0,998882149,998882149,839421029,879625670,39752159,"[40188690, 39982975, 39084814]"
44,1340,meta-llama/Llama-3.1-8B-mini4L,2048,4,0,1038647388,1038647388,879625670,919814360,39611009,"[39982975, 39084814, 39765239]"
44,1412,meta-llama/Llama-3.1-8B-mini4L,2048,4,0,1078734253,1078734253,919814360,959797335,39645639,"[39084814, 39765239, 40086865]"
44,1484,meta-llama/Llama-3.1-8B-mini4L,2048,4,0,1118831305,1118831305,959797335,998882149,39983052,"[39765239, 40086865, 40097052]"
44,1556,meta-llama/Llama-3.1-8B-mini4L,2048,4,0,1158389257,1158389257,998882149,1038647388,39913956,"[40086865, 40097052, 39557952]"
44,1628,meta-llama/Llama-3.1-8B-mini4L,2048,4,0,1197758524,1197758524,1038647388,1078734253,39674757,"[40097052, 39557952, 39369267]"
44,1700,meta-llama/Llama-3.1-8B-mini4L,2048,4,0,1237693846,1237693846,1078734253,1118831305,39620847,"[39557952, 39369267, 39935322]"
44,1772,meta-llama/Llama-3.1-8B-mini4L,2048,4,0,1277730700,1277730700,1118831305,1158389257,39780481,"[39369267, 39935322, 40036854]"
44,1844,meta-llama/Llama-3.1-8B-mini4L,2048,4,0,1317538814,1317538814,1158389257,1197758524,39926763,"[39935322, 40036854, 39808114]"
44,1916,meta-llama/Llama-3.1-8B-mini4L,2048,4,0,1356973226,1356973226,1197758524,1237693846,39759793,"[40036854, 39808114, 39434412]"
44,1988,meta-llama/Llama-3.1-8B-mini4L,2048,4,0,1396701261,1396701261,1237693846,1277730700,39656853,"[39808114, 39434412, 39728035]"
44,2060,meta-llama/Llama-3.1-8B-mini4L,2048,4,0,1436562761,1436562761,1277730700,1317538814,39674649,"[39434412, 39728035, 39861500]"
44,2132,meta-llama/Llama-3.1-8B-mini4L,2048,4,0,1476418759,1476418759,1317538814,1356973226,39815177,"[39728035, 39861500, 39855998]"
44,2204,meta-llama/Llama-3.1-8B-mini4L,2048,4,0,1516186818,1516186818,1356973226,1396701261,39828519,"[39861500, 39855998, 39768059]"
44,2276,meta-llama/Llama-3.1-8B-mini4L,2048,4,0,1555830058,1555830058,1396701261,1436562761,39755765,"[39855998, 39768059, 39643240]"
44,2348,meta-llama/Llama-3.1-8B-mini4L,2048,4,0,1595539491,1595539491,1436562761,1476418759,39706910,"[39768059, 39643240, 39709433]"
44,2420,meta-llama/Llama-3.1-8B-mini4L,2048,4,0,1635354648,1635354648,1476418759,1516186818,39722610,"[39643240, 39709433, 39815157]"
44,2492,meta-llama/Llama-3.1-8B-mini4L,2048,4,0,1675116943,1675116943,1516186818,1555830058,39762295,"[39709433, 39815157, 39762295]"
44,2564,meta-llama/Llama-3.1-8B-mini4L,2048,4,0,1714821136,1714821136,1555830058,1595539491,39760548,"[39815157, 39762295, 39704193]"
44,2636,meta-llama/Llama-3.1-8B-mini4L,2048,4,0,1754511967,1754511967,1595539491,1635354648,39719106,"[39762295, 39704193, 39690831]"
44,2708,meta-llama/Llama-3.1-8B-mini4L,2048,4,0,1794202798,1794202798,1635354648,1675116943,39695285,"[39704193, 39690831, 39690831]"
44,2780,meta-llama/Llama-3.1-8B-mini4L,2048,4,0,1833945967,1833945967,1675116943,1714821136,39708277,"[39690831, 39690831, 39743169]"
44,2852,meta-llama/Llama-3.1-8B-mini4L,2048,4,0,1873689136,1873689136,1714821136,1754511967,39725723,"[39690831, 39743169, 39743169]"
44,2924,meta-llama/Llama-3.1-8B-mini4L,2048,4,0,1903855580,1903855580,1754511967,1794202798,36550927,"[39743169, 39743169, 30166444]"
44,2996,meta-llama/Llama-3.1-8B-mini4L,2048,4,0,1908523120,1908523120,1794202798,1833945967,24859051,"[39743169, 30166444, 4667540]"
44,3068,meta-llama/Llama-3.1-8B-mini4L,2048,4,0,1910769312,1910769312,1833945967,1873689136,12360058,"[30166444, 4667540, 2246192]"
44,3140,meta-llama/Llama-3.1-8B-mini4L,2048,4,0,1912859141,1912859141,1873689136,1903855580,3001187,"[4667540, 2246192, 2089829]"
44,3212,meta-llama/Llama-3.1-8B-mini4L,2056,4,3000000000,6876332285,3876332285,322129,3869685163,2215707,"[2215622, 2215706, 2215794]"
44,3284,meta-llama/Llama-3.1-8B-mini4L,2056,4,3000000000,6876332285,3876332285,322129,3869685163,2215707,"[2215622, 2215706, 2215794]"
44,3356,meta-llama/Llama-3.1-8B-mini4L,2056,4,3000000000,6876332285,3876332285,322129,3869685163,2215707,"[2215622, 2215706, 2215794]"
44,3428,meta-llama/Llama-3.1-8B-mini4L,2056,4,3000000000,6876332285,3876332285,322129,3869685163,2215707,"[2215622, 2215706, 2215794]"
44,3500,meta-llama/Llama-3.1-8B-mini4L,2056,4,3000000000,6876332285,3876332285,322129,3869685163,2215707,"[2215622, 2215706, 2215794]"
44,3572,meta-llama/Llama-3.1-8B-mini4L,2056,4,3000000000,6876332285,3876332285,322129,3869685163,2215707,"[2215622, 2215706, 2215794]"
44,3644,meta-llama/Llama-3.1-8B-mini4L,2056,4,3000000000,6876332285,3876332285,322129,3869685163,2215707,"[2215622, 2215706, 2215794]"
44,3716,meta-llama/Llama-3.1-8B-mini4L,2056,4,3000000000,6876332285,3876332285,322129,3869685163,2215707,"[2215622, 2215706, 2215794]"
44,3788,meta-llama/Llama-3.1-8B-mini4L,2056,4,3000000000,13061570045,10061570045,3876332285,10054922923,2215707,"[2215622, 2215706, 2215794]"
44,3860,meta-llama/Llama-3.1-8B-mini4L,2056,4,3000000000,13061570045,10061570045,3876332285,10054922923,2215707,"[2215622, 2215706, 2215794]"
44,3932,meta-llama/Llama-3.1-8B-mini4L,2056,4,3000000000,13061570045,10061570045,3876332285,10054922923,2215707,"[2215622, 2215706, 2215794]"
44,4004,meta-llama/Llama-3.1-8B-mini4L,2056,4,3000000000,13061570045,10061570045,3876332285,10054922923,2215707,"[2215622, 2215706, 2215794]"
44,4076,meta-llama/Llama-3.1-8B-mini4L,2056,4,3000000000,13061570045,10061570045,3876332285,10054922923,2215707,"[2215622, 2215706, 2215794]"
44,4148,meta-llama/Llama-3.1-8B-mini4L,2056,4,3000000000,13061570045,10061570045,3876332285,10054922923,2215707,"[2215622, 2215706, 2215794]"
44,4220,meta-llama/Llama-3.1-8B-mini4L,2056,4,3000000000,13061570045,10061570045,3876332285,10054922923,2215707,"[2215622, 2215706, 2215794]"
44,4292,meta-llama/Llama-3.1-8B-mini4L,2056,4,3000000000,13061570045,10061570045,3876332285,10054922923,2215707,"[2215622, 2215706, 2215794]"
44,4364,meta-llama/Llama-3.1-8B-mini4L,2056,4,3000000000,19246807805,16246807805,10061570045,16240160683,2215707,"[2215622, 2215706, 2215794]"
44,4436,meta-llama/Llama-3.1-8B-mini4L,2056,4,3000000000,19246807805,16246807805,10061570045,16240160683,2215707,"[2215622, 2215706, 2215794]"
44,4508,meta-llama/Llama-3.1-8B-mini4L,2056,4,3000000000,19246807805,16246807805,10061570045,16240160683,2215707,"[2215622, 2215706, 2215794]"
44,4580,meta-llama/Llama-3.1-8B-mini4L,2056,4,3000000000,19246807805,16246807805,10061570045,16240160683,2215707,"[2215622, 2215706, 2215794]"
44,4652,meta-llama/Llama-3.1-8B-mini4L,2056,4,3000000000,19246807805,16246807805,10061570045,16240160683,2215707,"[2215622, 2215706, 2215794]"
44,4724,meta-llama/Llama-3.1-8B-mini4L,2056,4,3000000000,19246807805,16246807805,10061570045,16240160683,2215707,"[2215622, 2215706, 2215794]"
44,4796,meta-llama/Llama-3.1-8B-mini4L,2056,4,3000000000,19246807805,16246807805,10061570045,16240160683,2215707,"[2215622, 2215706, 2215794]"
44,4868,meta-llama/Llama-3.1-8B-mini4L,2056,4,3000000000,19246807805,16246807805,10061570045,16240160683,2215707,"[2215622, 2215706, 2215794]"
44,4940,meta-llama/Llama-3.1-8B-mini4L,2056,4,3000000000,25432045565,22432045565,16246807805,22425398443,2215707,"[2215622, 2215706, 2215794]"
44,5012,meta-llama/Llama-3.1-8B-mini4L,2056,4,3000000000,25432045565,22432045565,16246807805,22425398443,2215707,"[2215622, 2215706, 2215794]"
44,5084,meta-llama/Llama-3.1-8B-mini4L,2056,4,3000000000,25432045565,22432045565,16246807805,22425398443,2215707,"[2215622, 2215706, 2215794]"
44,5156,meta-llama/Llama-3.1-8B-mini4L,2056,4,3000000000,25432045565,22432045565,16246807805,22425398443,2215707,"[2215622, 2215706, 2215794]"
44,5228,meta-llama/Llama-3.1-8B-mini4L,2056,4,3000000000,25432045565,22432045565,16246807805,22425398443,2215707,"[2215622, 2215706, 2215794]"
44,5300,meta-llama/Llama-3.1-8B-mini4L,2056,4,3000000000,25432045565,22432045565,16246807805,22425398443,2215707,"[2215622, 2215706, 2215794]"
44,5372,meta-llama/Llama-3.1-8B-mini4L,2056,4,3000000000,25432045565,22432045565,16246807805,22425398443,2215707,"[2215622, 2215706, 2215794]"
44,5444,meta-llama/Llama-3.1-8B-mini4L,2056,4,3000000000,25432045565,22432045565,16246807805,22425398443,2215707,"[2215622, 2215706, 2215794]"
44,5516,meta-llama/Llama-3.1-8B-mini4L,2056,4,3000000000,31617283325,28617283325,22432045565,28610636203,2215707,"[2215622, 2215706, 2215794]"
44,5588,meta-llama/Llama-3.1-8B-mini4L,2056,4,3000000000,31617283325,28617283325,22432045565,28610636203,2215707,"[2215622, 2215706, 2215794]"
44,5660,meta-llama/Llama-3.1-8B-mini4L,2056,4,3000000000,31617283325,28617283325,22432045565,28610636203,2215707,"[2215622, 2215706, 2215794]"
44,5732,meta-llama/Llama-3.1-8B-mini4L,2056,4,3000000000,31617283325,28617283325,22432045565,28610636203,2215707,"[2215622, 2215706, 2215794]"
44,5804,meta-llama/Llama-3.1-8B-mini4L,2056,4,3000000000,31617283325,28617283325,22432045565,28610636203,2215707,"[2215622, 2215706, 2215794]"
44,5876,meta-llama/Llama-3.1-8B-mini4L,2056,4,3000000000,31617283325,28617283325,22432045565,28610636203,2215707,"[2215622, 2215706, 2215794]"
44,5948,meta-llama/Llama-3.1-8B-mini4L,2056,4,3000000000,31617283325,28617283325,22432045565,28610636203,2215707,"[2215622, 2215706, 2215794]"
44,6020,meta-llama/Llama-3.1-8B-mini4L,2056,4,3000000000,31617283325,28617283325,22432045565,28610636203,2215707,"[2215622, 2215706, 2215794]"
44,6092,meta-llama/Llama-3.1-8B-mini4L,2056,4,3000000000,36050623108,33050623108,28617283325,33044185126,2145994,"[2145938, 2145994, 2146050]"
44,6164,meta-llama/Llama-3.1-8B-mini4L,2056,4,3000000000,36050623108,33050623108,28617283325,33044185126,2145994,"[2145938, 2145994, 2146050]"
44,6236,meta-llama/Llama-3.1-8B-mini4L,2056,4,3000000000,36050623108,33050623108,28617283325,33044185126,2145994,"[2145938, 2145994, 2146050]"
44,6308,meta-llama/Llama-3.1-8B-mini4L,2056,4,3000000000,36050623108,33050623108,28617283325,33044185126,2145994,"[2145938, 2145994, 2146050]"
44,6380,meta-llama/Llama-3.1-8B-mini4L,2056,4,3000000000,36050623108,33050623108,28617283325,33044185126,2145994,"[2145938, 2145994, 2146050]"
45,45,meta-llama/Llama-3.1-8B-mini4L,2048,4,0,183867864,183867864,1,35209733,49552710,"[48887602, 49863356, 49907173]"
45,117,meta-llama/Llama-3.1-8B-mini4L,2048,4,0,283721584,283721584,84097335,133960691,49920297,"[49907173, 49906421, 49947299]"
45,189,meta-llama/Llama-3.1-8B-mini4L,2048,4,0,333667831,333667831,133960691,183867864,49933322,"[49906421, 49947299, 49946247]"
45,261,meta-llama/Llama-3.1-8B-mini4L,2048,4,0,383613022,383613022,183867864,233774285,49946245,"[49947299, 49946247, 49945191]"
45,333,meta-llama/Llama-3.1-8B-mini4L,2048,4,0,433557157,433557157,233774285,283721584,49945191,"[49946247, 49945191, 49944135]"
45,405,meta-llama/Llama-3.1-8B-mini4L,2048,4,0,483500236,483500236,283721584,333667831,49944135,"[49945191, 49944135, 49943079]"
45,477,meta-llama/Llama-3.1-8B-mini4L,2048,4,0,533525350,533525350,333667831,383613022,49970776,"[49944135, 49943079, 50025114]"
45,549,meta-llama/Llama-3.1-8B-mini4L,2048,4,0,582028518,582028518,383613022,433557157,49490453,"[49943079, 50025114, 48503168]"
45,621,meta-llama/Llama-3.1-8B-mini4L,2048,4,0,628981209,628981209,433557157,483500236,48493657,"[50025114, 48503168, 46952691]"
45,693,meta-llama/Llama-3.1-8B-mini4L,2048,4,0,674438119,674438119,483500236,533525350,46970923,"[48503168, 46952691, 45456910]"
45,765,meta-llama/Llama-3.1-8B-mini4L,2048,4,0,718372555,718372555,533525350,582028518,45448012,"[46952691, 45456910, 43934436]"
45,837,meta-llama/Llama-3.1-8B-mini4L,2048,4,0,760729555,760729555,582028518,628981209,43916115,"[45456910, 43934436, 42357000]"
45,909,meta-llama/Llama-3.1-8B-mini4L,2048,4,0,799991295,799991295,628981209,674438119,41851058,"[43934436, 42357000, 39261740]"
45,981,meta-llama/Llama-3.1-8B-mini4L,2048,4,0,839946485,839946485,674438119,718372555,40524643,"[42357000, 39261740, 39955190]"
45,1053,meta-llama/Llama-3.1-8B-mini4L,2048,4,0,880151126,880151126,718372555,760729555,39807190,"[39261740, 39955190, 40204641]"
45,1125,meta-llama/Llama-3.1-8B-mini4L,2048,4,0,920339816,920339816,760729555,799991295,40116173,"[39955190, 40204641, 40188690]"
45,1197,meta-llama/Llama-3.1-8B-mini4L,2048,4,0,960350008,960350008,799991295,839946485,40134507,"[40204641, 40188690, 40010192]"
45,1269,meta-llama/Llama-3.1-8B-mini4L,2048,4,0,999516473,999516473,839946485,880151126,39788449,"[40188690, 40010192, 39166465]"
45,1341,meta-llama/Llama-3.1-8B-mini4L,2048,4,0,1039227278,1039227278,880151126,920339816,39629154,"[40010192, 39166465, 39710805]"
45,1413,meta-llama/Llama-3.1-8B-mini4L,2048,4,0,1079259709,1079259709,920339816,960350008,39636567,"[39166465, 39710805, 40032431]"
45,1485,meta-llama/Llama-3.1-8B-mini4L,2048,4,0,1119356761,1119356761,960350008,999516473,39946762,"[39710805, 40032431, 40097052]"
45,1557,meta-llama/Llama-3.1-8B-mini4L,2048,4,0,1158941668,1158941668,999516473,1039227278,39904796,"[40032431, 40097052, 39584907]"
45,1629,meta-llama/Llama-3.1-8B-mini4L,2048,4,0,1198310935,1198310935,1039227278,1079259709,39683742,"[40097052, 39584907, 39369267]"
45,1701,meta-llama/Llama-3.1-8B-mini4L,2048,4,0,1238246257,1238246257,1079259709,1119356761,39629832,"[39584907, 39369267, 39935322]"
45,1773,meta-llama/Llama-3.1-8B-mini4L,2048,4,0,1278256156,1278256156,1119356761,1158941668,39771496,"[39369267, 39935322, 40009899]"
45,1845,meta-llama/Llama-3.1-8B-mini4L,2048,4,0,1318064270,1318064270,1158941668,1198310935,39917778,"[39935322, 40009899, 39808114]"
45,1917,meta-llama/Llama-3.1-8B-mini4L,2048,4,0,1357605454,1357605454,1198310935,1238246257,39786399,"[40009899, 39808114, 39541184]"
45,1989,meta-llama/Llama-3.1-8B-mini4L,2048,4,0,1397253410,1397253410,1238246257,1278256156,39665751,"[39808114, 39541184, 39647956]"
45,2061,meta-llama/Llama-3.1-8B-mini4L,2048,4,0,1437114910,1437114910,1278256156,1318064270,39683546,"[39541184, 39647956, 39861500]"
45,2133,meta-llama/Llama-3.1-8B-mini4L,2048,4,0,1476997077,1476997077,1318064270,1357605454,39797207,"[39647956, 39861500, 39882167]"
45,2205,meta-llama/Llama-3.1-8B-mini4L,2048,4,0,1516765660,1516765660,1357605454,1397253410,39837416,"[39861500, 39882167, 39768583]"
45,2277,meta-llama/Llama-3.1-8B-mini4L,2048,4,0,1556355514,1556355514,1397253410,1437114910,39746868,"[39882167, 39768583, 39589854]"
45,2349,meta-llama/Llama-3.1-8B-mini4L,2048,4,0,1596091378,1596091378,1437114910,1476997077,39698100,"[39768583, 39589854, 39735864]"
45,2421,meta-llama/Llama-3.1-8B-mini4L,2048,4,0,1635906535,1635906535,1476997077,1516765660,39713625,"[39589854, 39735864, 39815157]"
45,2493,meta-llama/Llama-3.1-8B-mini4L,2048,4,0,1675668830,1675668830,1516765660,1556355514,39771105,"[39735864, 39815157, 39762295]"
45,2565,meta-llama/Llama-3.1-8B-mini4L,2048,4,0,1715346592,1715346592,1556355514,1596091378,39751738,"[39815157, 39762295, 39677762]"
45,2637,meta-llama/Llama-3.1-8B-mini4L,2048,4,0,1755063592,1755063592,1596091378,1635906535,39719019,"[39762295, 39677762, 39717000]"
45,2709,meta-llama/Llama-3.1-8B-mini4L,2048,4,0,1794754423,1794754423,1635906535,1675668830,39695197,"[39677762, 39717000, 39690831]"
45,2781,meta-llama/Llama-3.1-8B-mini4L,2048,4,0,1834471423,1834471423,1675668830,1715346592,39708277,"[39717000, 39690831, 39717000]"
45,2853,meta-llama/Llama-3.1-8B-mini4L,2048,4,0,1874214592,1874214592,1715346592,1755063592,39717000,"[39690831, 39717000, 39743169]"
45,2925,meta-llama/Llama-3.1-8B-mini4L,2048,4,0,1904939052,1904939052,1755063592,1794754423,36728209,"[39717000, 39743169, 30724460]"
45,2997,meta-llama/Llama-3.1-8B-mini4L,2048,4,0,1908524129,1908524129,1794754423,1834471423,24684235,"[39743169, 30724460, 3585077]"
45,3069,meta-llama/Llama-3.1-8B-mini4L,2048,4,0,1910769945,1910769945,1834471423,1874214592,12185117,"[30724460, 3585077, 2245816]"
45,3141,meta-llama/Llama-3.1-8B-mini4L,2048,4,0,1912859517,1912859517,1874214592,1904939052,2640155,"[3585077, 2245816, 2089572]"
45,3213,meta-llama/Llama-3.1-8B-mini4L,2056,4,3000000000,6962238365,3962238365,322129,3955591243,2215707,"[2215622, 2215706, 2215794]"
45,3285,meta-llama/Llama-3.1-8B-mini4L,2056,4,3000000000,6962238365,3962238365,322129,3955591243,2215707,"[2215622, 2215706, 2215794]"
45,3357,meta-llama/Llama-3.1-8B-mini4L,2056,4,3000000000,6962238365,3962238365,322129,3955591243,2215707,"[2215622, 2215706, 2215794]"
45,3429,meta-llama/Llama-3.1-8B-mini4L,2056,4,3000000000,6962238365,3962238365,322129,3955591243,2215707,"[2215622, 2215706, 2215794]"
45,3501,meta-llama/Llama-3.1-8B-mini4L,2056,4,3000000000,6962238365,3962238365,322129,3955591243,2215707,"[2215622, 2215706, 2215794]"
45,3573,meta-llama/Llama-3.1-8B-mini4L,2056,4,3000000000,6962238365,3962238365,322129,3955591243,2215707,"[2215622, 2215706, 2215794]"
45,3645,meta-llama/Llama-3.1-8B-mini4L,2056,4,3000000000,6962238365,3962238365,322129,3955591243,2215707,"[2215622, 2215706, 2215794]"
45,3717,meta-llama/Llama-3.1-8B-mini4L,2056,4,3000000000,6962238365,3962238365,322129,3955591243,2215707,"[2215622, 2215706, 2215794]"
45,3789,meta-llama/Llama-3.1-8B-mini4L,2056,4,3000000000,13147476125,10147476125,3962238365,10140829003,2215707,"[2215622, 2215706, 2215794]"
45,3861,meta-llama/Llama-3.1-8B-mini4L,2056,4,3000000000,13147476125,10147476125,3962238365,10140829003,2215707,"[2215622, 2215706, 2215794]"
45,3933,meta-llama/Llama-3.1-8B-mini4L,2056,4,3000000000,13147476125,10147476125,3962238365,10140829003,2215707,"[2215622, 2215706, 2215794]"
45,4005,meta-llama/Llama-3.1-8B-mini4L,2056,4,3000000000,13147476125,10147476125,3962238365,10140829003,2215707,"[2215622, 2215706, 2215794]"
45,4077,meta-llama/Llama-3.1-8B-mini4L,2056,4,3000000000,13147476125,10147476125,3962238365,10140829003,2215707,"[2215622, 2215706, 2215794]"
45,4149,meta-llama/Llama-3.1-8B-mini4L,2056,4,3000000000,13147476125,10147476125,3962238365,10140829003,2215707,"[2215622, 2215706, 2215794]"
45,4221,meta-llama/Llama-3.1-8B-mini4L,2056,4,3000000000,13147476125,10147476125,3962238365,10140829003,2215707,"[2215622, 2215706, 2215794]"
45,4293,meta-llama/Llama-3.1-8B-mini4L,2056,4,3000000000,13147476125,10147476125,3962238365,10140829003,2215707,"[2215622, 2215706, 2215794]"
45,4365,meta-llama/Llama-3.1-8B-mini4L,2056,4,3000000000,19332713885,16332713885,10147476125,16326066763,2215707,"[2215622, 2215706, 2215794]"
45,4437,meta-llama/Llama-3.1-8B-mini4L,2056,4,3000000000,19332713885,16332713885,10147476125,16326066763,2215707,"[2215622, 2215706, 2215794]"
45,4509,meta-llama/Llama-3.1-8B-mini4L,2056,4,3000000000,19332713885,16332713885,10147476125,16326066763,2215707,"[2215622, 2215706, 2215794]"
45,4581,meta-llama/Llama-3.1-8B-mini4L,2056,4,3000000000,19332713885,16332713885,10147476125,16326066763,2215707,"[2215622, 2215706, 2215794]"
45,4653,meta-llama/Llama-3.1-8B-mini4L,2056,4,3000000000,19332713885,16332713885,10147476125,16326066763,2215707,"[2215622, 2215706, 2215794]"
45,4725,meta-llama/Llama-3.1-8B-mini4L,2056,4,3000000000,19332713885,16332713885,10147476125,16326066763,2215707,"[2215622, 2215706, 2215794]"
45,4797,meta-llama/Llama-3.1-8B-mini4L,2056,4,3000000000,19332713885,16332713885,10147476125,16326066763,2215707,"[2215622, 2215706, 2215794]"
45,4869,meta-llama/Llama-3.1-8B-mini4L,2056,4,3000000000,19332713885,16332713885,10147476125,16326066763,2215707,"[2215622, 2215706, 2215794]"
45,4941,meta-llama/Llama-3.1-8B-mini4L,2056,4,3000000000,25517951645,22517951645,16332713885,22511304523,2215707,"[2215622, 2215706, 2215794]"
45,5013,meta-llama/Llama-3.1-8B-mini4L,2056,4,3000000000,25517951645,22517951645,16332713885,22511304523,2215707,"[2215622, 2215706, 2215794]"
45,5085,meta-llama/Llama-3.1-8B-mini4L,2056,4,3000000000,25517951645,22517951645,16332713885,22511304523,2215707,"[2215622, 2215706, 2215794]"
45,5157,meta-llama/Llama-3.1-8B-mini4L,2056,4,3000000000,25517951645,22517951645,16332713885,22511304523,2215707,"[2215622, 2215706, 2215794]"
45,5229,meta-llama/Llama-3.1-8B-mini4L,2056,4,3000000000,25517951645,22517951645,16332713885,22511304523,2215707,"[2215622, 2215706, 2215794]"
45,5301,meta-llama/Llama-3.1-8B-mini4L,2056,4,3000000000,25517951645,22517951645,16332713885,22511304523,2215707,"[2215622, 2215706, 2215794]"
45,5373,meta-llama/Llama-3.1-8B-mini4L,2056,4,3000000000,25517951645,22517951645,16332713885,22511304523,2215707,"[2215622, 2215706, 2215794]"
45,5445,meta-llama/Llama-3.1-8B-mini4L,2056,4,3000000000,25517951645,22517951645,16332713885,22511304523,2215707,"[2215622, 2215706, 2215794]"
45,5517,meta-llama/Llama-3.1-8B-mini4L,2056,4,3000000000,31703189405,28703189405,22517951645,28696542283,2215707,"[2215622, 2215706, 2215794]"
45,5589,meta-llama/Llama-3.1-8B-mini4L,2056,4,3000000000,31703189405,28703189405,22517951645,28696542283,2215707,"[2215622, 2215706, 2215794]"
45,5661,meta-llama/Llama-3.1-8B-mini4L,2056,4,3000000000,31703189405,28703189405,22517951645,28696542283,2215707,"[2215622, 2215706, 2215794]"
45,5733,meta-llama/Llama-3.1-8B-mini4L,2056,4,3000000000,31703189405,28703189405,22517951645,28696542283,2215707,"[2215622, 2215706, 2215794]"
45,5805,meta-llama/Llama-3.1-8B-mini4L,2056,4,3000000000,31703189405,28703189405,22517951645,28696542283,2215707,"[2215622, 2215706, 2215794]"
45,5877,meta-llama/Llama-3.1-8B-mini4L,2056,4,3000000000,31703189405,28703189405,22517951645,28696542283,2215707,"[2215622, 2215706, 2215794]"
45,5949,meta-llama/Llama-3.1-8B-mini4L,2056,4,3000000000,31703189405,28703189405,22517951645,28696542283,2215707,"[2215622, 2215706, 2215794]"
45,6021,meta-llama/Llama-3.1-8B-mini4L,2056,4,3000000000,31703189405,28703189405,22517951645,28696542283,2215707,"[2215622, 2215706, 2215794]"
45,6093,meta-llama/Llama-3.1-8B-mini4L,2056,4,3000000000,36105071908,33105071908,28703189405,33098633926,2145994,"[2145938, 2145994, 2146050]"
45,6165,meta-llama/Llama-3.1-8B-mini4L,2056,4,3000000000,36105071908,33105071908,28703189405,33098633926,2145994,"[2145938, 2145994, 2146050]"
45,6237,meta-llama/Llama-3.1-8B-mini4L,2056,4,3000000000,36105071908,33105071908,28703189405,33098633926,2145994,"[2145938, 2145994, 2146050]"
45,6309,meta-llama/Llama-3.1-8B-mini4L,2056,4,3000000000,36105071908,33105071908,28703189405,33098633926,2145994,"[2145938, 2145994, 2146050]"
45,6381,meta-llama/Llama-3.1-8B-mini4L,2056,4,3000000000,36105071908,33105071908,28703189405,33098633926,2145994,"[2145938, 2145994, 2146050]"
46,46,meta-llama/Llama-3.1-8B-mini4L,2048,4,0,184393320,184393320,1,35735189,49552710,"[48887602, 49863356, 49907173]"
46,118,meta-llama/Llama-3.1-8B-mini4L,2048,4,0,284247040,284247040,84622791,134486147,49920297,"[49907173, 49906421, 49947299]"
46,190,meta-llama/Llama-3.1-8B-mini4L,2048,4,0,334193287,334193287,134486147,184393320,49933322,"[49906421, 49947299, 49946247]"
46,262,meta-llama/Llama-3.1-8B-mini4L,2048,4,0,384138478,384138478,184393320,234299741,49946245,"[49947299, 49946247, 49945191]"
46,334,meta-llama/Llama-3.1-8B-mini4L,2048,4,0,434082613,434082613,234299741,284247040,49945191,"[49946247, 49945191, 49944135]"
46,406,meta-llama/Llama-3.1-8B-mini4L,2048,4,0,484025692,484025692,284247040,334193287,49944135,"[49945191, 49944135, 49943079]"
46,478,meta-llama/Llama-3.1-8B-mini4L,2048,4,0,534050806,534050806,334193287,384138478,49970776,"[49944135, 49943079, 50025114]"
46,550,meta-llama/Llama-3.1-8B-mini4L,2048,4,0,582553974,582553974,384138478,434082613,49490453,"[49943079, 50025114, 48503168]"
46,622,meta-llama/Llama-3.1-8B-mini4L,2048,4,0,629534144,629534144,434082613,484025692,48502817,"[50025114, 48503168, 46980170]"
46,694,meta-llama/Llama-3.1-8B-mini4L,2048,4,0,674963575,674963575,484025692,534050806,46970923,"[48503168, 46980170, 45429431]"
46,766,meta-llama/Llama-3.1-8B-mini4L,2048,4,0,718898011,718898011,534050806,582553974,45448012,"[46980170, 45429431, 43934436]"
46,838,meta-llama/Llama-3.1-8B-mini4L,2048,4,0,761255011,761255011,582553974,629534144,43906955,"[45429431, 43934436, 42357000]"
46,910,meta-llama/Llama-3.1-8B-mini4L,2048,4,0,800764062,800764062,629534144,674963575,41933495,"[43934436, 42357000, 39509051]"
46,982,meta-llama/Llama-3.1-8B-mini4L,2048,4,0,840499420,840499420,674963575,718898011,40533803,"[42357000, 39509051, 39735358]"
46,1054,meta-llama/Llama-3.1-8B-mini4L,2048,4,0,880704061,880704061,718898011,761255011,39816350,"[39509051, 39735358, 40204641]"
46,1126,meta-llama/Llama-3.1-8B-mini4L,2048,4,0,920865272,920865272,761255011,800764062,40033736,"[39735358, 40204641, 40161211]"
46,1198,meta-llama/Llama-3.1-8B-mini4L,2048,4,0,960957115,960957115,800764062,840499420,40152565,"[40204641, 40161211, 40091843]"
46,1270,meta-llama/Llama-3.1-8B-mini4L,2048,4,0,1000041929,1000041929,840499420,880704061,39779289,"[40161211, 40091843, 39084814]"
46,1342,meta-llama/Llama-3.1-8B-mini4L,2048,4,0,1039779951,1039779951,880704061,920865272,39638226,"[40091843, 39084814, 39738022]"
46,1414,meta-llama/Llama-3.1-8B-mini4L,2048,4,0,1079812120,1079812120,920865272,960957115,39618335,"[39084814, 39738022, 40032169]"
46,1486,meta-llama/Llama-3.1-8B-mini4L,2048,4,0,1119882217,1119882217,960957115,1000041929,39946762,"[39738022, 40032169, 40070097]"
46,1558,meta-llama/Llama-3.1-8B-mini4L,2048,4,0,1159601899,1159601899,1000041929,1039779951,39940649,"[40032169, 40070097, 39719682]"
46,1630,meta-llama/Llama-3.1-8B-mini4L,2048,4,0,1198917256,1198917256,1039779951,1079812120,39701712,"[40070097, 39719682, 39315357]"
46,1702,meta-llama/Llama-3.1-8B-mini4L,2048,4,0,1238798668,1238798668,1079812120,1119882217,39638817,"[39719682, 39315357, 39881412]"
46,1774,meta-llama/Llama-3.1-8B-mini4L,2048,4,0,1278808305,1278808305,1119882217,1159601899,39735468,"[39315357, 39881412, 40009637]"
46,1846,meta-llama/Llama-3.1-8B-mini4L,2048,4,0,1318616419,1318616419,1159601899,1198917256,39899721,"[39881412, 40009637, 39808114]"
46,1918,meta-llama/Llama-3.1-8B-mini4L,2048,4,0,1358184296,1358184296,1198917256,1238798668,39795209,"[40009637, 39808114, 39567877]"
46,1990,meta-llama/Llama-3.1-8B-mini4L,2048,4,0,1397832252,1397832252,1238798668,1278808305,39674649,"[39808114, 39567877, 39647956]"
46,2062,meta-llama/Llama-3.1-8B-mini4L,2048,4,0,1437693752,1437693752,1278808305,1318616419,39692444,"[39567877, 39647956, 39861500]"
46,2134,meta-llama/Llama-3.1-8B-mini4L,2048,4,0,1477628257,1477628257,1318616419,1358184296,39814653,"[39647956, 39861500, 39934505]"
46,2206,meta-llama/Llama-3.1-8B-mini4L,2048,4,0,1517397888,1517397888,1358184296,1397832252,39855212,"[39861500, 39934505, 39769631]"
46,2278,meta-llama/Llama-3.1-8B-mini4L,2048,4,0,1556880970,1556880970,1397832252,1437693752,39729072,"[39934505, 39769631, 39483082]"
46,2350,meta-llama/Llama-3.1-8B-mini4L,2048,4,0,1596616834,1596616834,1437693752,1477628257,39662859,"[39769631, 39483082, 39735864]"
46,2422,meta-llama/Llama-3.1-8B-mini4L,2048,4,0,1636458422,1636458422,1477628257,1517397888,39686844,"[39483082, 39735864, 39841588]"
46,2494,meta-llama/Llama-3.1-8B-mini4L,2048,4,0,1676220717,1676220717,1517397888,1556880970,39779915,"[39735864, 39841588, 39762295]"
46,2566,meta-llama/Llama-3.1-8B-mini4L,2048,4,0,1715924386,1715924386,1556880970,1596616834,39769184,"[39841588, 39762295, 39703669]"
46,2638,meta-llama/Llama-3.1-8B-mini4L,2048,4,0,1755589048,1755589048,1596616834,1636458422,39710208,"[39762295, 39703669, 39664662]"
46,2710,meta-llama/Llama-3.1-8B-mini4L,2048,4,0,1795306048,1795306048,1636458422,1676220717,39695110,"[39703669, 39664662, 39717000]"
46,2782,meta-llama/Llama-3.1-8B-mini4L,2048,4,0,1835023048,1835023048,1676220717,1715924386,39699554,"[39664662, 39717000, 39717000]"
46,2854,meta-llama/Llama-3.1-8B-mini4L,2048,4,0,1874766217,1874766217,1715924386,1755589048,39725723,"[39717000, 39717000, 39743169]"
46,2926,meta-llama/Llama-3.1-8B-mini4L,2048,4,0,1904971492,1904971492,1755589048,1795306048,36555148,"[39717000, 39743169, 30205275]"
46,2998,meta-llama/Llama-3.1-8B-mini4L,2048,4,0,1908525018,1908525018,1795306048,1835023048,24500656,"[39743169, 30205275, 3553526]"
46,3070,meta-llama/Llama-3.1-8B-mini4L,2048,4,0,1910770578,1910770578,1835023048,1874766217,12001453,"[30205275, 3553526, 2245560]"
46,3142,meta-llama/Llama-3.1-8B-mini4L,2048,4,0,1912859893,1912859893,1874766217,1904971492,2629467,"[3553526, 2245560, 2089315]"
46,3214,meta-llama/Llama-3.1-8B-mini4L,2056,4,3000000000,7048144445,4048144445,322129,4041497323,2215707,"[2215622, 2215706, 2215794]"
46,3286,meta-llama/Llama-3.1-8B-mini4L,2056,4,3000000000,7048144445,4048144445,322129,4041497323,2215707,"[2215622, 2215706, 2215794]"
46,3358,meta-llama/Llama-3.1-8B-mini4L,2056,4,3000000000,7048144445,4048144445,322129,4041497323,2215707,"[2215622, 2215706, 2215794]"
46,3430,meta-llama/Llama-3.1-8B-mini4L,2056,4,3000000000,7048144445,4048144445,322129,4041497323,2215707,"[2215622, 2215706, 2215794]"
46,3502,meta-llama/Llama-3.1-8B-mini4L,2056,4,3000000000,7048144445,4048144445,322129,4041497323,2215707,"[2215622, 2215706, 2215794]"
46,3574,meta-llama/Llama-3.1-8B-mini4L,2056,4,3000000000,7048144445,4048144445,322129,4041497323,2215707,"[2215622, 2215706, 2215794]"
46,3646,meta-llama/Llama-3.1-8B-mini4L,2056,4,3000000000,7048144445,4048144445,322129,4041497323,2215707,"[2215622, 2215706, 2215794]"
46,3718,meta-llama/Llama-3.1-8B-mini4L,2056,4,3000000000,7048144445,4048144445,322129,4041497323,2215707,"[2215622, 2215706, 2215794]"
46,3790,meta-llama/Llama-3.1-8B-mini4L,2056,4,3000000000,13233382205,10233382205,4048144445,10226735083,2215707,"[2215622, 2215706, 2215794]"
46,3862,meta-llama/Llama-3.1-8B-mini4L,2056,4,3000000000,13233382205,10233382205,4048144445,10226735083,2215707,"[2215622, 2215706, 2215794]"
46,3934,meta-llama/Llama-3.1-8B-mini4L,2056,4,3000000000,13233382205,10233382205,4048144445,10226735083,2215707,"[2215622, 2215706, 2215794]"
46,4006,meta-llama/Llama-3.1-8B-mini4L,2056,4,3000000000,13233382205,10233382205,4048144445,10226735083,2215707,"[2215622, 2215706, 2215794]"
46,4078,meta-llama/Llama-3.1-8B-mini4L,2056,4,3000000000,13233382205,10233382205,4048144445,10226735083,2215707,"[2215622, 2215706, 2215794]"
46,4150,meta-llama/Llama-3.1-8B-mini4L,2056,4,3000000000,13233382205,10233382205,4048144445,10226735083,2215707,"[2215622, 2215706, 2215794]"
46,4222,meta-llama/Llama-3.1-8B-mini4L,2056,4,3000000000,13233382205,10233382205,4048144445,10226735083,2215707,"[2215622, 2215706, 2215794]"
46,4294,meta-llama/Llama-3.1-8B-mini4L,2056,4,3000000000,13233382205,10233382205,4048144445,10226735083,2215707,"[2215622, 2215706, 2215794]"
46,4366,meta-llama/Llama-3.1-8B-mini4L,2056,4,3000000000,19418619965,16418619965,10233382205,16411972843,2215707,"[2215622, 2215706, 2215794]"
46,4438,meta-llama/Llama-3.1-8B-mini4L,2056,4,3000000000,19418619965,16418619965,10233382205,16411972843,2215707,"[2215622, 2215706, 2215794]"
46,4510,meta-llama/Llama-3.1-8B-mini4L,2056,4,3000000000,19418619965,16418619965,10233382205,16411972843,2215707,"[2215622, 2215706, 2215794]"
46,4582,meta-llama/Llama-3.1-8B-mini4L,2056,4,3000000000,19418619965,16418619965,10233382205,16411972843,2215707,"[2215622, 2215706, 2215794]"
46,4654,meta-llama/Llama-3.1-8B-mini4L,2056,4,3000000000,19418619965,16418619965,10233382205,16411972843,2215707,"[2215622, 2215706, 2215794]"
46,4726,meta-llama/Llama-3.1-8B-mini4L,2056,4,3000000000,19418619965,16418619965,10233382205,16411972843,2215707,"[2215622, 2215706, 2215794]"
46,4798,meta-llama/Llama-3.1-8B-mini4L,2056,4,3000000000,19418619965,16418619965,10233382205,16411972843,2215707,"[2215622, 2215706, 2215794]"
46,4870,meta-llama/Llama-3.1-8B-mini4L,2056,4,3000000000,19418619965,16418619965,10233382205,16411972843,2215707,"[2215622, 2215706, 2215794]"
46,4942,meta-llama/Llama-3.1-8B-mini4L,2056,4,3000000000,25603857725,22603857725,16418619965,22597210603,2215707,"[2215622, 2215706, 2215794]"
46,5014,meta-llama/Llama-3.1-8B-mini4L,2056,4,3000000000,25603857725,22603857725,16418619965,22597210603,2215707,"[2215622, 2215706, 2215794]"
46,5086,meta-llama/Llama-3.1-8B-mini4L,2056,4,3000000000,25603857725,22603857725,16418619965,22597210603,2215707,"[2215622, 2215706, 2215794]"
46,5158,meta-llama/Llama-3.1-8B-mini4L,2056,4,3000000000,25603857725,22603857725,16418619965,22597210603,2215707,"[2215622, 2215706, 2215794]"
46,5230,meta-llama/Llama-3.1-8B-mini4L,2056,4,3000000000,25603857725,22603857725,16418619965,22597210603,2215707,"[2215622, 2215706, 2215794]"
46,5302,meta-llama/Llama-3.1-8B-mini4L,2056,4,3000000000,25603857725,22603857725,16418619965,22597210603,2215707,"[2215622, 2215706, 2215794]"
46,5374,meta-llama/Llama-3.1-8B-mini4L,2056,4,3000000000,25603857725,22603857725,16418619965,22597210603,2215707,"[2215622, 2215706, 2215794]"
46,5446,meta-llama/Llama-3.1-8B-mini4L,2056,4,3000000000,25603857725,22603857725,16418619965,22597210603,2215707,"[2215622, 2215706, 2215794]"
46,5518,meta-llama/Llama-3.1-8B-mini4L,2056,4,3000000000,31789095485,28789095485,22603857725,28782448363,2215707,"[2215622, 2215706, 2215794]"
46,5590,meta-llama/Llama-3.1-8B-mini4L,2056,4,3000000000,31789095485,28789095485,22603857725,28782448363,2215707,"[2215622, 2215706, 2215794]"
46,5662,meta-llama/Llama-3.1-8B-mini4L,2056,4,3000000000,31789095485,28789095485,22603857725,28782448363,2215707,"[2215622, 2215706, 2215794]"
46,5734,meta-llama/Llama-3.1-8B-mini4L,2056,4,3000000000,31789095485,28789095485,22603857725,28782448363,2215707,"[2215622, 2215706, 2215794]"
46,5806,meta-llama/Llama-3.1-8B-mini4L,2056,4,3000000000,31789095485,28789095485,22603857725,28782448363,2215707,"[2215622, 2215706, 2215794]"
46,5878,meta-llama/Llama-3.1-8B-mini4L,2056,4,3000000000,31789095485,28789095485,22603857725,28782448363,2215707,"[2215622, 2215706, 2215794]"
46,5950,meta-llama/Llama-3.1-8B-mini4L,2056,4,3000000000,31789095485,28789095485,22603857725,28782448363,2215707,"[2215622, 2215706, 2215794]"
46,6022,meta-llama/Llama-3.1-8B-mini4L,2056,4,3000000000,31789095485,28789095485,22603857725,28782448363,2215707,"[2215622, 2215706, 2215794]"
46,6094,meta-llama/Llama-3.1-8B-mini4L,2056,4,3000000000,36159520708,33159520708,28789095485,33153082726,2145994,"[2145938, 2145994, 2146050]"
46,6166,meta-llama/Llama-3.1-8B-mini4L,2056,4,3000000000,36159520708,33159520708,28789095485,33153082726,2145994,"[2145938, 2145994, 2146050]"
46,6238,meta-llama/Llama-3.1-8B-mini4L,2056,4,3000000000,36159520708,33159520708,28789095485,33153082726,2145994,"[2145938, 2145994, 2146050]"
46,6310,meta-llama/Llama-3.1-8B-mini4L,2056,4,3000000000,36159520708,33159520708,28789095485,33153082726,2145994,"[2145938, 2145994, 2146050]"
46,6382,meta-llama/Llama-3.1-8B-mini4L,2056,4,3000000000,36159520708,33159520708,28789095485,33153082726,2145994,"[2145938, 2145994, 2146050]"
47,47,meta-llama/Llama-3.1-8B-mini4L,2048,4,0,184918776,184918776,1,36260645,49552710,"[48887602, 49863356, 49907173]"
47,119,meta-llama/Llama-3.1-8B-mini4L,2048,4,0,284772496,284772496,85148247,135011603,49920297,"[49907173, 49906421, 49947299]"
47,191,meta-llama/Llama-3.1-8B-mini4L,2048,4,0,334718743,334718743,135011603,184918776,49933322,"[49906421, 49947299, 49946247]"
47,263,meta-llama/Llama-3.1-8B-mini4L,2048,4,0,384663934,384663934,184918776,234825197,49946245,"[49947299, 49946247, 49945191]"
47,335,meta-llama/Llama-3.1-8B-mini4L,2048,4,0,434608069,434608069,234825197,284772496,49945191,"[49946247, 49945191, 49944135]"
47,407,meta-llama/Llama-3.1-8B-mini4L,2048,4,0,484551148,484551148,284772496,334718743,49944135,"[49945191, 49944135, 49943079]"
47,479,meta-llama/Llama-3.1-8B-mini4L,2048,4,0,534576262,534576262,334718743,384663934,49970776,"[49944135, 49943079, 50025114]"
47,551,meta-llama/Llama-3.1-8B-mini4L,2048,4,0,583079430,583079430,384663934,434608069,49490453,"[49943079, 50025114, 48503168]"
47,623,meta-llama/Llama-3.1-8B-mini4L,2048,4,0,630059600,630059600,434608069,484551148,48502817,"[50025114, 48503168, 46980170]"
47,695,meta-llama/Llama-3.1-8B-mini4L,2048,4,0,675489031,675489031,484551148,534576262,46970923,"[48503168, 46980170, 45429431]"
47,767,meta-llama/Llama-3.1-8B-mini4L,2048,4,0,719450946,719450946,534576262,583079430,45457172,"[46980170, 45429431, 43961915]"
47,839,meta-llama/Llama-3.1-8B-mini4L,2048,4,0,761835425,761835425,583079430,630059600,43925275,"[45429431, 43961915, 42384479]"
47,911,meta-llama/Llama-3.1-8B-mini4L,2048,4,0,801344476,801344476,630059600,675489031,41951815,"[43961915, 42384479, 39509051]"
47,983,meta-llama/Llama-3.1-8B-mini4L,2048,4,0,841052093,841052093,675489031,719450946,40533715,"[42384479, 39509051, 39707617]"
47,1055,meta-llama/Llama-3.1-8B-mini4L,2048,4,0,881229517,881229517,719450946,761835425,39798030,"[39509051, 39707617, 40177424]"
47,1127,meta-llama/Llama-3.1-8B-mini4L,2048,4,0,921390728,921390728,761835425,801344476,40015417,"[39707617, 40177424, 40161211]"
47,1199,meta-llama/Llama-3.1-8B-mini4L,2048,4,0,961509788,961509788,801344476,841052093,40152565,"[40177424, 40161211, 40119060]"
47,1271,meta-llama/Llama-3.1-8B-mini4L,2048,4,0,1000594602,1000594602,841052093,881229517,39788361,"[40161211, 40119060, 39084814]"
47,1343,meta-llama/Llama-3.1-8B-mini4L,2048,4,0,1040332624,1040332624,881229517,921390728,39647298,"[40119060, 39084814, 39738022]"
47,1415,meta-llama/Llama-3.1-8B-mini4L,2048,4,0,1080364531,1080364531,921390728,961509788,39618247,"[39084814, 39738022, 40031907]"
47,1487,meta-llama/Llama-3.1-8B-mini4L,2048,4,0,1120434628,1120434628,961509788,1000594602,39946675,"[39738022, 40031907, 40070097]"
47,1559,meta-llama/Llama-3.1-8B-mini4L,2048,4,0,1160208220,1160208220,1000594602,1040332624,39958532,"[40031907, 40070097, 39773592]"
47,1631,meta-llama/Llama-3.1-8B-mini4L,2048,4,0,1199469667,1199469667,1040332624,1080364531,39701712,"[40070097, 39773592, 39261447]"
47,1703,meta-llama/Llama-3.1-8B-mini4L,2048,4,0,1239324124,1239324124,1080364531,1120434628,39629832,"[39773592, 39261447, 39854457]"
47,1775,meta-llama/Llama-3.1-8B-mini4L,2048,4,0,1279333761,1279333761,1120434628,1160208220,39708513,"[39261447, 39854457, 40009637]"
47,1847,meta-llama/Llama-3.1-8B-mini4L,2048,4,0,1319141875,1319141875,1160208220,1199469667,39890736,"[39854457, 40009637, 39808114]"
47,1919,meta-llama/Llama-3.1-8B-mini4L,2048,4,0,1358789831,1358789831,1199469667,1239324124,39821902,"[40009637, 39808114, 39647956]"
47,1991,meta-llama/Llama-3.1-8B-mini4L,2048,4,0,1398411094,1398411094,1239324124,1279333761,39692444,"[39808114, 39647956, 39621263]"
47,2063,meta-llama/Llama-3.1-8B-mini4L,2048,4,0,1438219208,1438219208,1279333761,1319141875,39692444,"[39647956, 39621263, 39808114]"
47,2135,meta-llama/Llama-3.1-8B-mini4L,2048,4,0,1478180144,1478180144,1319141875,1358789831,39796771,"[39621263, 39808114, 39960936]"
47,2207,meta-llama/Llama-3.1-8B-mini4L,2048,4,0,1517923344,1517923344,1358789831,1398411094,39837416,"[39808114, 39960936, 39743200]"
47,2279,meta-llama/Llama-3.1-8B-mini4L,2048,4,0,1557406426,1557406426,1398411094,1438219208,39729072,"[39960936, 39743200, 39483082]"
47,2351,meta-llama/Llama-3.1-8B-mini4L,2048,4,0,1597142290,1597142290,1438219208,1478180144,39654048,"[39743200, 39483082, 39735864]"
47,2423,meta-llama/Llama-3.1-8B-mini4L,2048,4,0,1637010309,1637010309,1478180144,1517923344,39695655,"[39483082, 39735864, 39868019]"
47,2495,meta-llama/Llama-3.1-8B-mini4L,2048,4,0,1676772604,1676772604,1517923344,1557406426,39788726,"[39735864, 39868019, 39762295]"
47,2567,meta-llama/Llama-3.1-8B-mini4L,2048,4,0,1716476011,1716476011,1557406426,1597142290,39777907,"[39868019, 39762295, 39703407]"
47,2639,meta-llama/Llama-3.1-8B-mini4L,2048,4,0,1756166842,1756166842,1597142290,1637010309,39718844,"[39762295, 39703407, 39690831]"
47,2711,meta-llama/Llama-3.1-8B-mini4L,2048,4,0,1795831504,1795831504,1637010309,1676772604,39686300,"[39703407, 39690831, 39664662]"
47,2783,meta-llama/Llama-3.1-8B-mini4L,2048,4,0,1835574673,1835574673,1676772604,1716476011,39699554,"[39690831, 39664662, 39743169]"
47,2855,meta-llama/Llama-3.1-8B-mini4L,2048,4,0,1875317842,1875317842,1716476011,1756166842,39717000,"[39664662, 39743169, 39743169]"
47,2927,meta-llama/Llama-3.1-8B-mini4L,2048,4,0,1905004052,1905004052,1756166842,1795831504,36390849,"[39743169, 39743169, 29686210]"
47,2999,meta-llama/Llama-3.1-8B-mini4L,2048,4,0,1908525907,1908525907,1795831504,1835574673,24317078,"[39743169, 29686210, 3521855]"
47,3071,meta-llama/Llama-3.1-8B-mini4L,2048,4,0,1910771211,1910771211,1835574673,1875317842,11817789,"[29686210, 3521855, 2245304]"
47,3143,meta-llama/Llama-3.1-8B-mini4L,2048,4,0,1912860269,1912860269,1875317842,1905004052,2618739,"[3521855, 2245304, 2089058]"
47,3215,meta-llama/Llama-3.1-8B-mini4L,2056,4,3000000000,7134050525,4134050525,322129,4127403403,2215707,"[2215622, 2215706, 2215794]"
47,3287,meta-llama/Llama-3.1-8B-mini4L,2056,4,3000000000,7134050525,4134050525,322129,4127403403,2215707,"[2215622, 2215706, 2215794]"
47,3359,meta-llama/Llama-3.1-8B-mini4L,2056,4,3000000000,7134050525,4134050525,322129,4127403403,2215707,"[2215622, 2215706, 2215794]"
47,3431,meta-llama/Llama-3.1-8B-mini4L,2056,4,3000000000,7134050525,4134050525,322129,4127403403,2215707,"[2215622, 2215706, 2215794]"
47,3503,meta-llama/Llama-3.1-8B-mini4L,2056,4,3000000000,7134050525,4134050525,322129,4127403403,2215707,"[2215622, 2215706, 2215794]"
47,3575,meta-llama/Llama-3.1-8B-mini4L,2056,4,3000000000,7134050525,4134050525,322129,4127403403,2215707,"[2215622, 2215706, 2215794]"
47,3647,meta-llama/Llama-3.1-8B-mini4L,2056,4,3000000000,7134050525,4134050525,322129,4127403403,2215707,"[2215622, 2215706, 2215794]"
47,3719,meta-llama/Llama-3.1-8B-mini4L,2056,4,3000000000,7134050525,4134050525,322129,4127403403,2215707,"[2215622, 2215706, 2215794]"
47,3791,meta-llama/Llama-3.1-8B-mini4L,2056,4,3000000000,13319288285,10319288285,4134050525,10312641163,2215707,"[2215622, 2215706, 2215794]"
47,3863,meta-llama/Llama-3.1-8B-mini4L,2056,4,3000000000,13319288285,10319288285,4134050525,10312641163,2215707,"[2215622, 2215706, 2215794]"
47,3935,meta-llama/Llama-3.1-8B-mini4L,2056,4,3000000000,13319288285,10319288285,4134050525,10312641163,2215707,"[2215622, 2215706, 2215794]"
47,4007,meta-llama/Llama-3.1-8B-mini4L,2056,4,3000000000,13319288285,10319288285,4134050525,10312641163,2215707,"[2215622, 2215706, 2215794]"
47,4079,meta-llama/Llama-3.1-8B-mini4L,2056,4,3000000000,13319288285,10319288285,4134050525,10312641163,2215707,"[2215622, 2215706, 2215794]"
47,4151,meta-llama/Llama-3.1-8B-mini4L,2056,4,3000000000,13319288285,10319288285,4134050525,10312641163,2215707,"[2215622, 2215706, 2215794]"
47,4223,meta-llama/Llama-3.1-8B-mini4L,2056,4,3000000000,13319288285,10319288285,4134050525,10312641163,2215707,"[2215622, 2215706, 2215794]"
47,4295,meta-llama/Llama-3.1-8B-mini4L,2056,4,3000000000,13319288285,10319288285,4134050525,10312641163,2215707,"[2215622, 2215706, 2215794]"
47,4367,meta-llama/Llama-3.1-8B-mini4L,2056,4,3000000000,19504526045,16504526045,10319288285,16497878923,2215707,"[2215622, 2215706, 2215794]"
47,4439,meta-llama/Llama-3.1-8B-mini4L,2056,4,3000000000,19504526045,16504526045,10319288285,16497878923,2215707,"[2215622, 2215706, 2215794]"
47,4511,meta-llama/Llama-3.1-8B-mini4L,2056,4,3000000000,19504526045,16504526045,10319288285,16497878923,2215707,"[2215622, 2215706, 2215794]"
47,4583,meta-llama/Llama-3.1-8B-mini4L,2056,4,3000000000,19504526045,16504526045,10319288285,16497878923,2215707,"[2215622, 2215706, 2215794]"
47,4655,meta-llama/Llama-3.1-8B-mini4L,2056,4,3000000000,19504526045,16504526045,10319288285,16497878923,2215707,"[2215622, 2215706, 2215794]"
47,4727,meta-llama/Llama-3.1-8B-mini4L,2056,4,3000000000,19504526045,16504526045,10319288285,16497878923,2215707,"[2215622, 2215706, 2215794]"
47,4799,meta-llama/Llama-3.1-8B-mini4L,2056,4,3000000000,19504526045,16504526045,10319288285,16497878923,2215707,"[2215622, 2215706, 2215794]"
47,4871,meta-llama/Llama-3.1-8B-mini4L,2056,4,3000000000,19504526045,16504526045,10319288285,16497878923,2215707,"[2215622, 2215706, 2215794]"
47,4943,meta-llama/Llama-3.1-8B-mini4L,2056,4,3000000000,25689763805,22689763805,16504526045,22683116683,2215707,"[2215622, 2215706, 2215794]"
47,5015,meta-llama/Llama-3.1-8B-mini4L,2056,4,3000000000,25689763805,22689763805,16504526045,22683116683,2215707,"[2215622, 2215706, 2215794]"
47,5087,meta-llama/Llama-3.1-8B-mini4L,2056,4,3000000000,25689763805,22689763805,16504526045,22683116683,2215707,"[2215622, 2215706, 2215794]"
47,5159,meta-llama/Llama-3.1-8B-mini4L,2056,4,3000000000,25689763805,22689763805,16504526045,22683116683,2215707,"[2215622, 2215706, 2215794]"
47,5231,meta-llama/Llama-3.1-8B-mini4L,2056,4,3000000000,25689763805,22689763805,16504526045,22683116683,2215707,"[2215622, 2215706, 2215794]"
47,5303,meta-llama/Llama-3.1-8B-mini4L,2056,4,3000000000,25689763805,22689763805,16504526045,22683116683,2215707,"[2215622, 2215706, 2215794]"
47,5375,meta-llama/Llama-3.1-8B-mini4L,2056,4,3000000000,25689763805,22689763805,16504526045,22683116683,2215707,"[2215622, 2215706, 2215794]"
47,5447,meta-llama/Llama-3.1-8B-mini4L,2056,4,3000000000,25689763805,22689763805,16504526045,22683116683,2215707,"[2215622, 2215706, 2215794]"
47,5519,meta-llama/Llama-3.1-8B-mini4L,2056,4,3000000000,31875001565,28875001565,22689763805,28868354443,2215707,"[2215622, 2215706, 2215794]"
47,5591,meta-llama/Llama-3.1-8B-mini4L,2056,4,3000000000,31875001565,28875001565,22689763805,28868354443,2215707,"[2215622, 2215706, 2215794]"
47,5663,meta-llama/Llama-3.1-8B-mini4L,2056,4,3000000000,31875001565,28875001565,22689763805,28868354443,2215707,"[2215622, 2215706, 2215794]"
47,5735,meta-llama/Llama-3.1-8B-mini4L,2056,4,3000000000,31875001565,28875001565,22689763805,28868354443,2215707,"[2215622, 2215706, 2215794]"
47,5807,meta-llama/Llama-3.1-8B-mini4L,2056,4,3000000000,31875001565,28875001565,22689763805,28868354443,2215707,"[2215622, 2215706, 2215794]"
47,5879,meta-llama/Llama-3.1-8B-mini4L,2056,4,3000000000,31875001565,28875001565,22689763805,28868354443,2215707,"[2215622, 2215706, 2215794]"
47,5951,meta-llama/Llama-3.1-8B-mini4L,2056,4,3000000000,31875001565,28875001565,22689763805,28868354443,2215707,"[2215622, 2215706, 2215794]"
47,6023,meta-llama/Llama-3.1-8B-mini4L,2056,4,3000000000,31875001565,28875001565,22689763805,28868354443,2215707,"[2215622, 2215706, 2215794]"
47,6095,meta-llama/Llama-3.1-8B-mini4L,2056,4,3000000000,36213969508,33213969508,28875001565,33207531526,2145994,"[2145938, 2145994, 2146050]"
47,6167,meta-llama/Llama-3.1-8B-mini4L,2056,4,3000000000,36213969508,33213969508,28875001565,33207531526,2145994,"[2145938, 2145994, 2146050]"
47,6239,meta-llama/Llama-3.1-8B-mini4L,2056,4,3000000000,36213969508,33213969508,28875001565,33207531526,2145994,"[2145938, 2145994, 2146050]"
47,6311,meta-llama/Llama-3.1-8B-mini4L,2056,4,3000000000,36213969508,33213969508,28875001565,33207531526,2145994,"[2145938, 2145994, 2146050]"
47,6383,meta-llama/Llama-3.1-8B-mini4L,2056,4,3000000000,36213969508,33213969508,28875001565,33207531526,2145994,"[2145938, 2145994, 2146050]"
48,48,meta-llama/Llama-3.1-8B-mini4L,2048,4,0,185444232,185444232,1,36786101,49552710,"[48887602, 49863356, 49907173]"
48,120,meta-llama/Llama-3.1-8B-mini4L,2048,4,0,285297952,285297952,85673703,135537059,49920297,"[49907173, 49906421, 49947299]"
48,192,meta-llama/Llama-3.1-8B-mini4L,2048,4,0,335244199,335244199,135537059,185444232,49933322,"[49906421, 49947299, 49946247]"
48,264,meta-llama/Llama-3.1-8B-mini4L,2048,4,0,385189390,385189390,185444232,235350653,49946245,"[49947299, 49946247, 49945191]"
48,336,meta-llama/Llama-3.1-8B-mini4L,2048,4,0,435133525,435133525,235350653,285297952,49945191,"[49946247, 49945191, 49944135]"
48,408,meta-llama/Llama-3.1-8B-mini4L,2048,4,0,485076604,485076604,285297952,335244199,49944135,"[49945191, 49944135, 49943079]"
48,480,meta-llama/Llama-3.1-8B-mini4L,2048,4,0,535101718,535101718,335244199,385189390,49970776,"[49944135, 49943079, 50025114]"
48,552,meta-llama/Llama-3.1-8B-mini4L,2048,4,0,583604886,583604886,385189390,435133525,49490453,"[49943079, 50025114, 48503168]"
48,624,meta-llama/Llama-3.1-8B-mini4L,2048,4,0,630585056,630585056,435133525,485076604,48502817,"[50025114, 48503168, 46980170]"
48,696,meta-llama/Llama-3.1-8B-mini4L,2048,4,0,676014487,676014487,485076604,535101718,46970923,"[48503168, 46980170, 45429431]"
48,768,meta-llama/Llama-3.1-8B-mini4L,2048,4,0,719976402,719976402,535101718,583604886,45457172,"[46980170, 45429431, 43961915]"
48,840,meta-llama/Llama-3.1-8B-mini4L,2048,4,0,762388360,762388360,583604886,630585056,43934434,"[45429431, 43961915, 42411958]"
48,912,meta-llama/Llama-3.1-8B-mini4L,2048,4,0,801897411,801897411,630585056,676014487,41960974,"[43961915, 42411958, 39509051]"
48,984,meta-llama/Llama-3.1-8B-mini4L,2048,4,0,841604766,841604766,676014487,719976402,40542788,"[42411958, 39509051, 39707355]"
48,1056,meta-llama/Llama-3.1-8B-mini4L,2048,4,0,881754973,881754973,719976402,762388360,39788871,"[39509051, 39707355, 40150207]"
48,1128,meta-llama/Llama-3.1-8B-mini4L,2048,4,0,921916184,921916184,762388360,801897411,40006257,"[39707355, 40150207, 40161211]"
48,1200,meta-llama/Llama-3.1-8B-mini4L,2048,4,0,962062461,962062461,801897411,841604766,40152565,"[40150207, 40161211, 40146277]"
48,1272,meta-llama/Llama-3.1-8B-mini4L,2048,4,0,1001310577,1001310577,841604766,881754973,39851868,"[40161211, 40146277, 39248116]"
48,1344,meta-llama/Llama-3.1-8B-mini4L,2048,4,0,1040885297,1040885297,881754973,921916184,39656371,"[40146277, 39248116, 39574720]"
48,1416,meta-llama/Llama-3.1-8B-mini4L,2048,4,0,1080889987,1080889987,921916184,962062461,39609175,"[39248116, 39574720, 40004690]"
48,1488,meta-llama/Llama-3.1-8B-mini4L,2048,4,0,1120987039,1120987039,962062461,1001310577,39892154,"[39574720, 40004690, 40097052]"
48,1560,meta-llama/Llama-3.1-8B-mini4L,2048,4,0,1160787586,1160787586,1001310577,1040885297,39967429,"[40004690, 40097052, 39800547]"
48,1632,meta-llama/Llama-3.1-8B-mini4L,2048,4,0,1200022078,1200022078,1040885297,1080889987,39710697,"[40097052, 39800547, 39234492]"
48,1704,meta-llama/Llama-3.1-8B-mini4L,2048,4,0,1239849580,1239849580,1080889987,1120987039,39620847,"[39800547, 39234492, 39827502]"
48,1776,meta-llama/Llama-3.1-8B-mini4L,2048,4,0,1279885910,1279885910,1120987039,1160787586,39699441,"[39234492, 39827502, 40036330]"
48,1848,meta-llama/Llama-3.1-8B-mini4L,2048,4,0,1319694024,1319694024,1160787586,1200022078,39890648,"[39827502, 40036330, 39808114]"
48,1920,meta-llama/Llama-3.1-8B-mini4L,2048,4,0,1359341980,1359341980,1200022078,1239849580,39830800,"[40036330, 39808114, 39647956]"
48,1992,meta-llama/Llama-3.1-8B-mini4L,2048,4,0,1398989936,1398989936,1239849580,1279885910,39701342,"[39808114, 39647956, 39647956]"
48,2064,meta-llama/Llama-3.1-8B-mini4L,2048,4,0,1438744664,1438744664,1279885910,1319694024,39683546,"[39647956, 39647956, 39754728]"
48,2136,meta-llama/Llama-3.1-8B-mini4L,2048,4,0,1478705600,1478705600,1319694024,1359341980,39787873,"[39647956, 39754728, 39960936]"
48,2208,meta-llama/Llama-3.1-8B-mini4L,2048,4,0,1518475493,1518475493,1359341980,1398989936,39828519,"[39754728, 39960936, 39769893]"
48,2280,meta-llama/Llama-3.1-8B-mini4L,2048,4,0,1557958313,1557958313,1398989936,1438744664,39737883,"[39960936, 39769893, 39482820]"
48,2352,meta-llama/Llama-3.1-8B-mini4L,2048,4,0,1597667746,1597667746,1438744664,1478705600,39654048,"[39769893, 39482820, 39709433]"
48,2424,meta-llama/Llama-3.1-8B-mini4L,2048,4,0,1637562196,1637562196,1478705600,1518475493,39695567,"[39482820, 39709433, 39894450]"
48,2496,meta-llama/Llama-3.1-8B-mini4L,2048,4,0,1677324491,1677324491,1518475493,1557958313,39788726,"[39709433, 39894450, 39762295]"
48,2568,meta-llama/Llama-3.1-8B-mini4L,2048,4,0,1717053805,1717053805,1557958313,1597667746,39795353,"[39894450, 39762295, 39729314]"
48,2640,meta-llama/Llama-3.1-8B-mini4L,2048,4,0,1756718467,1756718467,1597667746,1637562196,39718757,"[39762295, 39729314, 39664662]"
48,2712,meta-llama/Llama-3.1-8B-mini4L,2048,4,0,1796409298,1796409298,1637562196,1677324491,39694935,"[39729314, 39664662, 39690831]"
48,2784,meta-llama/Llama-3.1-8B-mini4L,2048,4,0,1836100129,1836100129,1677324491,1717053805,39682108,"[39664662, 39690831, 39690831]"
48,2856,meta-llama/Llama-3.1-8B-mini4L,2048,4,0,1875843298,1875843298,1717053805,1756718467,39708277,"[39690831, 39690831, 39743169]"
48,2928,meta-llama/Llama-3.1-8B-mini4L,2048,4,0,1905036492,1905036492,1756718467,1796409298,36209064,"[39690831, 39743169, 29193194]"
48,3000,meta-llama/Llama-3.1-8B-mini4L,2048,4,0,1908526796,1908526796,1796409298,1836100129,24142222,"[39743169, 29193194, 3490304]"
48,3072,meta-llama/Llama-3.1-8B-mini4L,2048,4,0,1910771844,1910771844,1836100129,1875843298,11642848,"[29193194, 3490304, 2245048]"
48,3144,meta-llama/Llama-3.1-8B-mini4L,2048,4,0,1912860645,1912860645,1875843298,1905036492,2608051,"[3490304, 2245048, 2088801]"
48,3216,meta-llama/Llama-3.1-8B-mini4L,2056,4,3000000000,7219956605,4219956605,322129,4213309483,2215707,"[2215622, 2215706, 2215794]"
48,3288,meta-llama/Llama-3.1-8B-mini4L,2056,4,3000000000,7219956605,4219956605,322129,4213309483,2215707,"[2215622, 2215706, 2215794]"
48,3360,meta-llama/Llama-3.1-8B-mini4L,2056,4,3000000000,7219956605,4219956605,322129,4213309483,2215707,"[2215622, 2215706, 2215794]"
48,3432,meta-llama/Llama-3.1-8B-mini4L,2056,4,3000000000,7219956605,4219956605,322129,4213309483,2215707,"[2215622, 2215706, 2215794]"
48,3504,meta-llama/Llama-3.1-8B-mini4L,2056,4,3000000000,7219956605,4219956605,322129,4213309483,2215707,"[2215622, 2215706, 2215794]"
48,3576,meta-llama/Llama-3.1-8B-mini4L,2056,4,3000000000,7219956605,4219956605,322129,4213309483,2215707,"[2215622, 2215706, 2215794]"
48,3648,meta-llama/Llama-3.1-8B-mini4L,2056,4,3000000000,7219956605,4219956605,322129,4213309483,2215707,"[2215622, 2215706, 2215794]"
48,3720,meta-llama/Llama-3.1-8B-mini4L,2056,4,3000000000,7219956605,4219956605,322129,4213309483,2215707,"[2215622, 2215706, 2215794]"
48,3792,meta-llama/Llama-3.1-8B-mini4L,2056,4,3000000000,13405194365,10405194365,4219956605,10398547243,2215707,"[2215622, 2215706, 2215794]"
48,3864,meta-llama/Llama-3.1-8B-mini4L,2056,4,3000000000,13405194365,10405194365,4219956605,10398547243,2215707,"[2215622, 2215706, 2215794]"
48,3936,meta-llama/Llama-3.1-8B-mini4L,2056,4,3000000000,13405194365,10405194365,4219956605,10398547243,2215707,"[2215622, 2215706, 2215794]"
48,4008,meta-llama/Llama-3.1-8B-mini4L,2056,4,3000000000,13405194365,10405194365,4219956605,10398547243,2215707,"[2215622, 2215706, 2215794]"
48,4080,meta-llama/Llama-3.1-8B-mini4L,2056,4,3000000000,13405194365,10405194365,4219956605,10398547243,2215707,"[2215622, 2215706, 2215794]"
48,4152,meta-llama/Llama-3.1-8B-mini4L,2056,4,3000000000,13405194365,10405194365,4219956605,10398547243,2215707,"[2215622, 2215706, 2215794]"
48,4224,meta-llama/Llama-3.1-8B-mini4L,2056,4,3000000000,13405194365,10405194365,4219956605,10398547243,2215707,"[2215622, 2215706, 2215794]"
48,4296,meta-llama/Llama-3.1-8B-mini4L,2056,4,3000000000,13405194365,10405194365,4219956605,10398547243,2215707,"[2215622, 2215706, 2215794]"
48,4368,meta-llama/Llama-3.1-8B-mini4L,2056,4,3000000000,19590432125,16590432125,10405194365,16583785003,2215707,"[2215622, 2215706, 2215794]"
48,4440,meta-llama/Llama-3.1-8B-mini4L,2056,4,3000000000,19590432125,16590432125,10405194365,16583785003,2215707,"[2215622, 2215706, 2215794]"
48,4512,meta-llama/Llama-3.1-8B-mini4L,2056,4,3000000000,19590432125,16590432125,10405194365,16583785003,2215707,"[2215622, 2215706, 2215794]"
48,4584,meta-llama/Llama-3.1-8B-mini4L,2056,4,3000000000,19590432125,16590432125,10405194365,16583785003,2215707,"[2215622, 2215706, 2215794]"
48,4656,meta-llama/Llama-3.1-8B-mini4L,2056,4,3000000000,19590432125,16590432125,10405194365,16583785003,2215707,"[2215622, 2215706, 2215794]"
48,4728,meta-llama/Llama-3.1-8B-mini4L,2056,4,3000000000,19590432125,16590432125,10405194365,16583785003,2215707,"[2215622, 2215706, 2215794]"
48,4800,meta-llama/Llama-3.1-8B-mini4L,2056,4,3000000000,19590432125,16590432125,10405194365,16583785003,2215707,"[2215622, 2215706, 2215794]"
48,4872,meta-llama/Llama-3.1-8B-mini4L,2056,4,3000000000,19590432125,16590432125,10405194365,16583785003,2215707,"[2215622, 2215706, 2215794]"
48,4944,meta-llama/Llama-3.1-8B-mini4L,2056,4,3000000000,25775669885,22775669885,16590432125,22769022763,2215707,"[2215622, 2215706, 2215794]"
48,5016,meta-llama/Llama-3.1-8B-mini4L,2056,4,3000000000,25775669885,22775669885,16590432125,22769022763,2215707,"[2215622, 2215706, 2215794]"
48,5088,meta-llama/Llama-3.1-8B-mini4L,2056,4,3000000000,25775669885,22775669885,16590432125,22769022763,2215707,"[2215622, 2215706, 2215794]"
48,5160,meta-llama/Llama-3.1-8B-mini4L,2056,4,3000000000,25775669885,22775669885,16590432125,22769022763,2215707,"[2215622, 2215706, 2215794]"
48,5232,meta-llama/Llama-3.1-8B-mini4L,2056,4,3000000000,25775669885,22775669885,16590432125,22769022763,2215707,"[2215622, 2215706, 2215794]"
48,5304,meta-llama/Llama-3.1-8B-mini4L,2056,4,3000000000,25775669885,22775669885,16590432125,22769022763,2215707,"[2215622, 2215706, 2215794]"
48,5376,meta-llama/Llama-3.1-8B-mini4L,2056,4,3000000000,25775669885,22775669885,16590432125,22769022763,2215707,"[2215622, 2215706, 2215794]"
48,5448,meta-llama/Llama-3.1-8B-mini4L,2056,4,3000000000,25775669885,22775669885,16590432125,22769022763,2215707,"[2215622, 2215706, 2215794]"
48,5520,meta-llama/Llama-3.1-8B-mini4L,2056,4,3000000000,31960907645,28960907645,22775669885,28954260523,2215707,"[2215622, 2215706, 2215794]"
48,5592,meta-llama/Llama-3.1-8B-mini4L,2056,4,3000000000,31960907645,28960907645,22775669885,28954260523,2215707,"[2215622, 2215706, 2215794]"
48,5664,meta-llama/Llama-3.1-8B-mini4L,2056,4,3000000000,31960907645,28960907645,22775669885,28954260523,2215707,"[2215622, 2215706, 2215794]"
48,5736,meta-llama/Llama-3.1-8B-mini4L,2056,4,3000000000,31960907645,28960907645,22775669885,28954260523,2215707,"[2215622, 2215706, 2215794]"
48,5808,meta-llama/Llama-3.1-8B-mini4L,2056,4,3000000000,31960907645,28960907645,22775669885,28954260523,2215707,"[2215622, 2215706, 2215794]"
48,5880,meta-llama/Llama-3.1-8B-mini4L,2056,4,3000000000,31960907645,28960907645,22775669885,28954260523,2215707,"[2215622, 2215706, 2215794]"
48,5952,meta-llama/Llama-3.1-8B-mini4L,2056,4,3000000000,31960907645,28960907645,22775669885,28954260523,2215707,"[2215622, 2215706, 2215794]"
48,6024,meta-llama/Llama-3.1-8B-mini4L,2056,4,3000000000,31960907645,28960907645,22775669885,28954260523,2215707,"[2215622, 2215706, 2215794]"
48,6096,meta-llama/Llama-3.1-8B-mini4L,2056,4,3000000000,36268418308,33268418308,28960907645,33261980326,2145994,"[2145938, 2145994, 2146050]"
48,6168,meta-llama/Llama-3.1-8B-mini4L,2056,4,3000000000,36268418308,33268418308,28960907645,33261980326,2145994,"[2145938, 2145994, 2146050]"
48,6240,meta-llama/Llama-3.1-8B-mini4L,2056,4,3000000000,36268418308,33268418308,28960907645,33261980326,2145994,"[2145938, 2145994, 2146050]"
48,6312,meta-llama/Llama-3.1-8B-mini4L,2056,4,3000000000,36268418308,33268418308,28960907645,33261980326,2145994,"[2145938, 2145994, 2146050]"
48,6384,meta-llama/Llama-3.1-8B-mini4L,2056,4,3000000000,36268418308,33268418308,28960907645,33261980326,2145994,"[2145938, 2145994, 2146050]"
49,49,meta-llama/Llama-3.1-8B-mini4L,2048,4,0,185969688,185969688,1,37311557,49552710,"[48887602, 49863356, 49907173]"
49,121,meta-llama/Llama-3.1-8B-mini4L,2048,4,0,285823408,285823408,86199159,136062515,49920297,"[49907173, 49906421, 49947299]"
49,193,meta-llama/Llama-3.1-8B-mini4L,2048,4,0,335769655,335769655,136062515,185969688,49933322,"[49906421, 49947299, 49946247]"
49,265,meta-llama/Llama-3.1-8B-mini4L,2048,4,0,385714846,385714846,185969688,235876109,49946245,"[49947299, 49946247, 49945191]"
49,337,meta-llama/Llama-3.1-8B-mini4L,2048,4,0,435658981,435658981,235876109,285823408,49945191,"[49946247, 49945191, 49944135]"
49,409,meta-llama/Llama-3.1-8B-mini4L,2048,4,0,485602060,485602060,285823408,335769655,49944135,"[49945191, 49944135, 49943079]"
49,481,meta-llama/Llama-3.1-8B-mini4L,2048,4,0,535627174,535627174,335769655,385714846,49970776,"[49944135, 49943079, 50025114]"
49,553,meta-llama/Llama-3.1-8B-mini4L,2048,4,0,584130342,584130342,385714846,435658981,49490453,"[49943079, 50025114, 48503168]"
49,625,meta-llama/Llama-3.1-8B-mini4L,2048,4,0,631110512,631110512,435658981,485602060,48502817,"[50025114, 48503168, 46980170]"
49,697,meta-llama/Llama-3.1-8B-mini4L,2048,4,0,676567422,676567422,485602060,535627174,46980082,"[48503168, 46980170, 45456910]"
49,769,meta-llama/Llama-3.1-8B-mini4L,2048,4,0,720501858,720501858,535627174,584130342,45457172,"[46980170, 45456910, 43934436]"
49,841,meta-llama/Llama-3.1-8B-mini4L,2048,4,0,762913816,762913816,584130342,631110512,43934434,"[45456910, 43934436, 42411958]"
49,913,meta-llama/Llama-3.1-8B-mini4L,2048,4,0,802615220,802615220,631110512,676567422,42015932,"[43934436, 42411958, 39701404]"
49,985,meta-llama/Llama-3.1-8B-mini4L,2048,4,0,842130222,842130222,676567422,720501858,40542788,"[42411958, 39701404, 39515002]"
49,1057,meta-llama/Llama-3.1-8B-mini4L,2048,4,0,882280429,882280429,720501858,762913816,39788871,"[39701404, 39515002, 40150207]"
49,1129,meta-llama/Llama-3.1-8B-mini4L,2048,4,0,922468857,922468857,762913816,802615220,39951212,"[39515002, 40150207, 40188428]"
49,1201,meta-llama/Llama-3.1-8B-mini4L,2048,4,0,962615134,962615134,802615220,842130222,40161637,"[40150207, 40188428, 40146277]"
49,1273,meta-llama/Llama-3.1-8B-mini4L,2048,4,0,1001917684,1001917684,842130222,882280429,39879085,"[40188428, 40146277, 39302550]"
49,1345,meta-llama/Llama-3.1-8B-mini4L,2048,4,0,1041410753,1041410753,882280429,922468857,39647298,"[40146277, 39302550, 39493069]"
49,1417,meta-llama/Llama-3.1-8B-mini4L,2048,4,0,1081415443,1081415443,922468857,962615134,39600103,"[39302550, 39493069, 40004690]"
49,1489,meta-llama/Llama-3.1-8B-mini4L,2048,4,0,1121512495,1121512495,962615134,1001917684,39864937,"[39493069, 40004690, 40097052]"
49,1561,meta-llama/Llama-3.1-8B-mini4L,2048,4,0,1161313042,1161313042,1001917684,1041410753,39967429,"[40004690, 40097052, 39800547]"
49,1633,meta-llama/Llama-3.1-8B-mini4L,2048,4,0,1200574489,1200574489,1041410753,1081415443,39719682,"[40097052, 39800547, 39261447]"
49,1705,meta-llama/Llama-3.1-8B-mini4L,2048,4,0,1240375036,1240375036,1081415443,1121512495,39620847,"[39800547, 39261447, 39800547]"
49,1777,meta-llama/Llama-3.1-8B-mini4L,2048,4,0,1280411366,1280411366,1121512495,1161313042,39699441,"[39261447, 39800547, 40036330]"
49,1849,meta-llama/Llama-3.1-8B-mini4L,2048,4,0,1320246173,1320246173,1161313042,1200574489,39890561,"[39800547, 40036330, 39834807]"
49,1921,meta-llama/Llama-3.1-8B-mini4L,2048,4,0,1359867436,1359867436,1200574489,1240375036,39830800,"[40036330, 39834807, 39621263]"
49,1993,meta-llama/Llama-3.1-8B-mini4L,2048,4,0,1399542085,1399542085,1240375036,1280411366,39710239,"[39834807, 39621263, 39674649]"
49,2065,meta-llama/Llama-3.1-8B-mini4L,2048,4,0,1439296813,1439296813,1280411366,1320246173,39683546,"[39621263, 39674649, 39754728]"
49,2137,meta-llama/Llama-3.1-8B-mini4L,2048,4,0,1479231056,1479231056,1320246173,1359867436,39787873,"[39674649, 39754728, 39934243]"
49,2209,meta-llama/Llama-3.1-8B-mini4L,2048,4,0,1519000949,1519000949,1359867436,1399542085,39819621,"[39754728, 39934243, 39769893]"
49,2281,meta-llama/Llama-3.1-8B-mini4L,2048,4,0,1558563062,1558563062,1399542085,1439296813,39755416,"[39934243, 39769893, 39562113]"
49,2353,meta-llama/Llama-3.1-8B-mini4L,2048,4,0,1598219633,1598219633,1439296813,1479231056,39662859,"[39769893, 39562113, 39656571]"
49,2425,meta-llama/Llama-3.1-8B-mini4L,2048,4,0,1638114083,1638114083,1479231056,1519000949,39704378,"[39562113, 39656571, 39894450]"
49,2497,meta-llama/Llama-3.1-8B-mini4L,2048,4,0,1677876378,1677876378,1519000949,1558563062,39771105,"[39656571, 39894450, 39762295]"
49,2569,meta-llama/Llama-3.1-8B-mini4L,2048,4,0,1717605430,1717605430,1558563062,1598219633,39795265,"[39894450, 39762295, 39729052]"
49,2641,meta-llama/Llama-3.1-8B-mini4L,2048,4,0,1757296261,1757296261,1598219633,1638114083,39727392,"[39762295, 39729052, 39690831]"
49,2713,meta-llama/Llama-3.1-8B-mini4L,2048,4,0,1796960923,1796960923,1638114083,1677876378,39694848,"[39729052, 39690831, 39664662]"
49,2785,meta-llama/Llama-3.1-8B-mini4L,2048,4,0,1836651754,1836651754,1677876378,1717605430,39682108,"[39690831, 39664662, 39690831]"
49,2857,meta-llama/Llama-3.1-8B-mini4L,2048,4,0,1876394923,1876394923,1717605430,1757296261,39699554,"[39664662, 39690831, 39743169]"
49,2929,meta-llama/Llama-3.1-8B-mini4L,2048,4,0,1905594508,1905594508,1757296261,1796960923,36211195,"[39690831, 39743169, 29199585]"
49,3001,meta-llama/Llama-3.1-8B-mini4L,2048,4,0,1908594345,1908594345,1796960923,1836651754,23980863,"[39743169, 29199585, 2999837]"
49,3073,meta-llama/Llama-3.1-8B-mini4L,2048,4,0,1910806405,1910806405,1836651754,1876394923,11470494,"[29199585, 2999837, 2212060]"
49,3145,meta-llama/Llama-3.1-8B-mini4L,2048,4,0,1912896491,1912896491,1876394923,1905594508,2433994,"[2999837, 2212060, 2090086]"
49,3217,meta-llama/Llama-3.1-8B-mini4L,2056,4,3000000000,7305862685,4305862685,322129,4299215563,2215707,"[2215622, 2215706, 2215794]"
49,3289,meta-llama/Llama-3.1-8B-mini4L,2056,4,3000000000,7305862685,4305862685,322129,4299215563,2215707,"[2215622, 2215706, 2215794]"
49,3361,meta-llama/Llama-3.1-8B-mini4L,2056,4,3000000000,7305862685,4305862685,322129,4299215563,2215707,"[2215622, 2215706, 2215794]"
49,3433,meta-llama/Llama-3.1-8B-mini4L,2056,4,3000000000,7305862685,4305862685,322129,4299215563,2215707,"[2215622, 2215706, 2215794]"
49,3505,meta-llama/Llama-3.1-8B-mini4L,2056,4,3000000000,7305862685,4305862685,322129,4299215563,2215707,"[2215622, 2215706, 2215794]"
49,3577,meta-llama/Llama-3.1-8B-mini4L,2056,4,3000000000,7305862685,4305862685,322129,4299215563,2215707,"[2215622, 2215706, 2215794]"
49,3649,meta-llama/Llama-3.1-8B-mini4L,2056,4,3000000000,7305862685,4305862685,322129,4299215563,2215707,"[2215622, 2215706, 2215794]"
49,3721,meta-llama/Llama-3.1-8B-mini4L,2056,4,3000000000,7305862685,4305862685,322129,4299215563,2215707,"[2215622, 2215706, 2215794]"
49,3793,meta-llama/Llama-3.1-8B-mini4L,2056,4,3000000000,13491100445,10491100445,4305862685,10484453323,2215707,"[2215622, 2215706, 2215794]"
49,3865,meta-llama/Llama-3.1-8B-mini4L,2056,4,3000000000,13491100445,10491100445,4305862685,10484453323,2215707,"[2215622, 2215706, 2215794]"
49,3937,meta-llama/Llama-3.1-8B-mini4L,2056,4,3000000000,13491100445,10491100445,4305862685,10484453323,2215707,"[2215622, 2215706, 2215794]"
49,4009,meta-llama/Llama-3.1-8B-mini4L,2056,4,3000000000,13491100445,10491100445,4305862685,10484453323,2215707,"[2215622, 2215706, 2215794]"
49,4081,meta-llama/Llama-3.1-8B-mini4L,2056,4,3000000000,13491100445,10491100445,4305862685,10484453323,2215707,"[2215622, 2215706, 2215794]"
49,4153,meta-llama/Llama-3.1-8B-mini4L,2056,4,3000000000,13491100445,10491100445,4305862685,10484453323,2215707,"[2215622, 2215706, 2215794]"
49,4225,meta-llama/Llama-3.1-8B-mini4L,2056,4,3000000000,13491100445,10491100445,4305862685,10484453323,2215707,"[2215622, 2215706, 2215794]"
49,4297,meta-llama/Llama-3.1-8B-mini4L,2056,4,3000000000,13491100445,10491100445,4305862685,10484453323,2215707,"[2215622, 2215706, 2215794]"
49,4369,meta-llama/Llama-3.1-8B-mini4L,2056,4,3000000000,19676338205,16676338205,10491100445,16669691083,2215707,"[2215622, 2215706, 2215794]"
49,4441,meta-llama/Llama-3.1-8B-mini4L,2056,4,3000000000,19676338205,16676338205,10491100445,16669691083,2215707,"[2215622, 2215706, 2215794]"
49,4513,meta-llama/Llama-3.1-8B-mini4L,2056,4,3000000000,19676338205,16676338205,10491100445,16669691083,2215707,"[2215622, 2215706, 2215794]"
49,4585,meta-llama/Llama-3.1-8B-mini4L,2056,4,3000000000,19676338205,16676338205,10491100445,16669691083,2215707,"[2215622, 2215706, 2215794]"
49,4657,meta-llama/Llama-3.1-8B-mini4L,2056,4,3000000000,19676338205,16676338205,10491100445,16669691083,2215707,"[2215622, 2215706, 2215794]"
49,4729,meta-llama/Llama-3.1-8B-mini4L,2056,4,3000000000,19676338205,16676338205,10491100445,16669691083,2215707,"[2215622, 2215706, 2215794]"
49,4801,meta-llama/Llama-3.1-8B-mini4L,2056,4,3000000000,19676338205,16676338205,10491100445,16669691083,2215707,"[2215622, 2215706, 2215794]"
49,4873,meta-llama/Llama-3.1-8B-mini4L,2056,4,3000000000,19676338205,16676338205,10491100445,16669691083,2215707,"[2215622, 2215706, 2215794]"
49,4945,meta-llama/Llama-3.1-8B-mini4L,2056,4,3000000000,25861575965,22861575965,16676338205,22854928843,2215707,"[2215622, 2215706, 2215794]"
49,5017,meta-llama/Llama-3.1-8B-mini4L,2056,4,3000000000,25861575965,22861575965,16676338205,22854928843,2215707,"[2215622, 2215706, 2215794]"
49,5089,meta-llama/Llama-3.1-8B-mini4L,2056,4,3000000000,25861575965,22861575965,16676338205,22854928843,2215707,"[2215622, 2215706, 2215794]"
49,5161,meta-llama/Llama-3.1-8B-mini4L,2056,4,3000000000,25861575965,22861575965,16676338205,22854928843,2215707,"[2215622, 2215706, 2215794]"
49,5233,meta-llama/Llama-3.1-8B-mini4L,2056,4,3000000000,25861575965,22861575965,16676338205,22854928843,2215707,"[2215622, 2215706, 2215794]"
49,5305,meta-llama/Llama-3.1-8B-mini4L,2056,4,3000000000,25861575965,22861575965,16676338205,22854928843,2215707,"[2215622, 2215706, 2215794]"
49,5377,meta-llama/Llama-3.1-8B-mini4L,2056,4,3000000000,25861575965,22861575965,16676338205,22854928843,2215707,"[2215622, 2215706, 2215794]"
49,5449,meta-llama/Llama-3.1-8B-mini4L,2056,4,3000000000,25861575965,22861575965,16676338205,22854928843,2215707,"[2215622, 2215706, 2215794]"
49,5521,meta-llama/Llama-3.1-8B-mini4L,2056,4,3000000000,32046813725,29046813725,22861575965,29040166603,2215707,"[2215622, 2215706, 2215794]"
49,5593,meta-llama/Llama-3.1-8B-mini4L,2056,4,3000000000,32046813725,29046813725,22861575965,29040166603,2215707,"[2215622, 2215706, 2215794]"
49,5665,meta-llama/Llama-3.1-8B-mini4L,2056,4,3000000000,32046813725,29046813725,22861575965,29040166603,2215707,"[2215622, 2215706, 2215794]"
49,5737,meta-llama/Llama-3.1-8B-mini4L,2056,4,3000000000,32046813725,29046813725,22861575965,29040166603,2215707,"[2215622, 2215706, 2215794]"
49,5809,meta-llama/Llama-3.1-8B-mini4L,2056,4,3000000000,32046813725,29046813725,22861575965,29040166603,2215707,"[2215622, 2215706, 2215794]"
49,5881,meta-llama/Llama-3.1-8B-mini4L,2056,4,3000000000,32046813725,29046813725,22861575965,29040166603,2215707,"[2215622, 2215706, 2215794]"
49,5953,meta-llama/Llama-3.1-8B-mini4L,2056,4,3000000000,32046813725,29046813725,22861575965,29040166603,2215707,"[2215622, 2215706, 2215794]"
49,6025,meta-llama/Llama-3.1-8B-mini4L,2056,4,3000000000,32046813725,29046813725,22861575965,29040166603,2215707,"[2215622, 2215706, 2215794]"
49,6097,meta-llama/Llama-3.1-8B-mini4L,2056,4,3000000000,36322867108,33322867108,29046813725,33316429126,2145994,"[2145938, 2145994, 2146050]"
49,6169,meta-llama/Llama-3.1-8B-mini4L,2056,4,3000000000,36322867108,33322867108,29046813725,33316429126,2145994,"[2145938, 2145994, 2146050]"
49,6241,meta-llama/Llama-3.1-8B-mini4L,2056,4,3000000000,36322867108,33322867108,29046813725,33316429126,2145994,"[2145938, 2145994, 2146050]"
49,6313,meta-llama/Llama-3.1-8B-mini4L,2056,4,3000000000,36322867108,33322867108,29046813725,33316429126,2145994,"[2145938, 2145994, 2146050]"
49,6385,meta-llama/Llama-3.1-8B-mini4L,2056,4,3000000000,36322867108,33322867108,29046813725,33316429126,2145994,"[2145938, 2145994, 2146050]"
50,50,meta-llama/Llama-3.1-8B-mini4L,2048,4,0,186495144,186495144,1,37837013,49552710,"[48887602, 49863356, 49907173]"
50,122,meta-llama/Llama-3.1-8B-mini4L,2048,4,0,286348864,286348864,86724615,136587971,49920297,"[49907173, 49906421, 49947299]"
50,194,meta-llama/Llama-3.1-8B-mini4L,2048,4,0,336295111,336295111,136587971,186495144,49933322,"[49906421, 49947299, 49946247]"
50,266,meta-llama/Llama-3.1-8B-mini4L,2048,4,0,386240302,386240302,186495144,236401565,49946245,"[49947299, 49946247, 49945191]"
50,338,meta-llama/Llama-3.1-8B-mini4L,2048,4,0,436184437,436184437,236401565,286348864,49945191,"[49946247, 49945191, 49944135]"
50,410,meta-llama/Llama-3.1-8B-mini4L,2048,4,0,486127516,486127516,286348864,336295111,49944135,"[49945191, 49944135, 49943079]"
50,482,meta-llama/Llama-3.1-8B-mini4L,2048,4,0,536152630,536152630,336295111,386240302,49970776,"[49944135, 49943079, 50025114]"
50,554,meta-llama/Llama-3.1-8B-mini4L,2048,4,0,584655798,584655798,386240302,436184437,49490453,"[49943079, 50025114, 48503168]"
50,626,meta-llama/Llama-3.1-8B-mini4L,2048,4,0,631635968,631635968,436184437,486127516,48502817,"[50025114, 48503168, 46980170]"
50,698,meta-llama/Llama-3.1-8B-mini4L,2048,4,0,677092878,677092878,486127516,536152630,46980082,"[48503168, 46980170, 45456910]"
50,770,meta-llama/Llama-3.1-8B-mini4L,2048,4,0,721027314,721027314,536152630,584655798,45457172,"[46980170, 45456910, 43934436]"
50,842,meta-llama/Llama-3.1-8B-mini4L,2048,4,0,763439272,763439272,584655798,631635968,43934434,"[45456910, 43934436, 42411958]"
50,914,meta-llama/Llama-3.1-8B-mini4L,2048,4,0,803250592,803250592,631635968,677092878,42052571,"[43934436, 42411958, 39811320]"
50,986,meta-llama/Llama-3.1-8B-mini4L,2048,4,0,842655678,842655678,677092878,721027314,40542788,"[42411958, 39811320, 39405086]"
50,1058,meta-llama/Llama-3.1-8B-mini4L,2048,4,0,882833364,882833364,721027314,763439272,39798030,"[39811320, 39405086, 40177686]"
50,1130,meta-llama/Llama-3.1-8B-mini4L,2048,4,0,922994313,922994313,763439272,803250592,39914573,"[39405086, 40177686, 40160949]"
50,1202,meta-llama/Llama-3.1-8B-mini4L,2048,4,0,963167807,963167807,803250592,842655678,40170709,"[40177686, 40160949, 40173494]"
50,1274,meta-llama/Llama-3.1-8B-mini4L,2048,4,0,1002470357,1002470357,842655678,882833364,39878997,"[40160949, 40173494, 39302550]"
50,1346,meta-llama/Llama-3.1-8B-mini4L,2048,4,0,1041963426,1041963426,882833364,922994313,39656371,"[40173494, 39302550, 39493069]"
50,1418,meta-llama/Llama-3.1-8B-mini4L,2048,4,0,1081994809,1081994809,922994313,963167807,39609000,"[39302550, 39493069, 40031383]"
50,1490,meta-llama/Llama-3.1-8B-mini4L,2048,4,0,1122037951,1122037951,963167807,1002470357,39855864,"[39493069, 40031383, 40043142]"
50,1562,meta-llama/Llama-3.1-8B-mini4L,2048,4,0,1161865453,1161865453,1002470357,1041963426,39967342,"[40031383, 40043142, 39827502]"
50,1634,meta-llama/Llama-3.1-8B-mini4L,2048,4,0,1201126900,1201126900,1041963426,1081994809,39710697,"[40043142, 39827502, 39261447]"
50,1706,meta-llama/Llama-3.1-8B-mini4L,2048,4,0,1240927447,1240927447,1081994809,1122037951,39629832,"[39827502, 39261447, 39800547]"
50,1778,meta-llama/Llama-3.1-8B-mini4L,2048,4,0,1280936822,1280936822,1122037951,1161865453,39690456,"[39261447, 39800547, 40009375]"
50,1850,meta-llama/Llama-3.1-8B-mini4L,2048,4,0,1320798322,1320798322,1161865453,1201126900,39890474,"[39800547, 40009375, 39861500]"
50,1922,meta-llama/Llama-3.1-8B-mini4L,2048,4,0,1360499664,1360499664,1201126900,1240927447,39857405,"[40009375, 39861500, 39701342]"
50,1994,meta-llama/Llama-3.1-8B-mini4L,2048,4,0,1400094234,1400094234,1240927447,1280936822,39719137,"[39861500, 39701342, 39594570]"
50,2066,meta-llama/Llama-3.1-8B-mini4L,2048,4,0,1439822269,1439822269,1280936822,1320798322,39674649,"[39701342, 39594570, 39728035]"
50,2138,meta-llama/Llama-3.1-8B-mini4L,2048,4,0,1479782943,1479782943,1320798322,1360499664,39761093,"[39594570, 39728035, 39960674]"
50,2210,meta-llama/Llama-3.1-8B-mini4L,2048,4,0,1519553098,1519553098,1360499664,1400094234,39819621,"[39728035, 39960674, 39770155]"
50,2282,meta-llama/Llama-3.1-8B-mini4L,2048,4,0,1559114949,1559114949,1400094234,1439822269,39764226,"[39960674, 39770155, 39561851]"
50,2354,meta-llama/Llama-3.1-8B-mini4L,2048,4,0,1598824382,1598824382,1439822269,1479782943,39680479,"[39770155, 39561851, 39709433]"
50,2426,meta-llama/Llama-3.1-8B-mini4L,2048,4,0,1638639539,1638639539,1479782943,1519553098,39695480,"[39561851, 39709433, 39815157]"
50,2498,meta-llama/Llama-3.1-8B-mini4L,2048,4,0,1678401834,1678401834,1519553098,1559114949,39762295,"[39709433, 39815157, 39762295]"
50,2570,meta-llama/Llama-3.1-8B-mini4L,2048,4,0,1718157055,1718157055,1559114949,1598824382,39777557,"[39815157, 39762295, 39755221]"
50,2642,meta-llama/Llama-3.1-8B-mini4L,2048,4,0,1757847886,1757847886,1598824382,1638639539,39736115,"[39762295, 39755221, 39690831]"
50,2714,meta-llama/Llama-3.1-8B-mini4L,2048,4,0,1797538717,1797538717,1638639539,1678401834,39712294,"[39755221, 39690831, 39690831]"
50,2786,meta-llama/Llama-3.1-8B-mini4L,2048,4,0,1837229548,1837229548,1678401834,1718157055,39690831,"[39690831, 39690831, 39690831]"
50,2858,meta-llama/Llama-3.1-8B-mini4L,2048,4,0,1876972717,1876972717,1718157055,1757847886,39708277,"[39690831, 39690831, 39743169]"
50,2930,meta-llama/Llama-3.1-8B-mini4L,2048,4,0,1905626948,1905626948,1757847886,1797538717,36029410,"[39690831, 39743169, 28654231]"
50,3002,meta-llama/Llama-3.1-8B-mini4L,2048,4,0,1908595234,1908595234,1797538717,1837229548,23788562,"[39743169, 28654231, 2968286]"
50,3074,meta-llama/Llama-3.1-8B-mini4L,2048,4,0,1910807038,1910807038,1837229548,1876972717,11278107,"[28654231, 2968286, 2211804]"
50,3146,meta-llama/Llama-3.1-8B-mini4L,2048,4,0,1912899776,1912899776,1876972717,1905626948,2424276,"[2968286, 2211804, 2092738]"
50,3218,meta-llama/Llama-3.1-8B-mini4L,2056,4,3000000000,7391768765,4391768765,322129,4385121643,2215707,"[2215622, 2215706, 2215794]"
50,3290,meta-llama/Llama-3.1-8B-mini4L,2056,4,3000000000,7391768765,4391768765,322129,4385121643,2215707,"[2215622, 2215706, 2215794]"
50,3362,meta-llama/Llama-3.1-8B-mini4L,2056,4,3000000000,7391768765,4391768765,322129,4385121643,2215707,"[2215622, 2215706, 2215794]"
50,3434,meta-llama/Llama-3.1-8B-mini4L,2056,4,3000000000,7391768765,4391768765,322129,4385121643,2215707,"[2215622, 2215706, 2215794]"
50,3506,meta-llama/Llama-3.1-8B-mini4L,2056,4,3000000000,7391768765,4391768765,322129,4385121643,2215707,"[2215622, 2215706, 2215794]"
50,3578,meta-llama/Llama-3.1-8B-mini4L,2056,4,3000000000,7391768765,4391768765,322129,4385121643,2215707,"[2215622, 2215706, 2215794]"
50,3650,meta-llama/Llama-3.1-8B-mini4L,2056,4,3000000000,7391768765,4391768765,322129,4385121643,2215707,"[2215622, 2215706, 2215794]"
50,3722,meta-llama/Llama-3.1-8B-mini4L,2056,4,3000000000,7391768765,4391768765,322129,4385121643,2215707,"[2215622, 2215706, 2215794]"
50,3794,meta-llama/Llama-3.1-8B-mini4L,2056,4,3000000000,13577006525,10577006525,4391768765,10570359403,2215707,"[2215622, 2215706, 2215794]"
50,3866,meta-llama/Llama-3.1-8B-mini4L,2056,4,3000000000,13577006525,10577006525,4391768765,10570359403,2215707,"[2215622, 2215706, 2215794]"
50,3938,meta-llama/Llama-3.1-8B-mini4L,2056,4,3000000000,13577006525,10577006525,4391768765,10570359403,2215707,"[2215622, 2215706, 2215794]"
50,4010,meta-llama/Llama-3.1-8B-mini4L,2056,4,3000000000,13577006525,10577006525,4391768765,10570359403,2215707,"[2215622, 2215706, 2215794]"
50,4082,meta-llama/Llama-3.1-8B-mini4L,2056,4,3000000000,13577006525,10577006525,4391768765,10570359403,2215707,"[2215622, 2215706, 2215794]"
50,4154,meta-llama/Llama-3.1-8B-mini4L,2056,4,3000000000,13577006525,10577006525,4391768765,10570359403,2215707,"[2215622, 2215706, 2215794]"
50,4226,meta-llama/Llama-3.1-8B-mini4L,2056,4,3000000000,13577006525,10577006525,4391768765,10570359403,2215707,"[2215622, 2215706, 2215794]"
50,4298,meta-llama/Llama-3.1-8B-mini4L,2056,4,3000000000,13577006525,10577006525,4391768765,10570359403,2215707,"[2215622, 2215706, 2215794]"
50,4370,meta-llama/Llama-3.1-8B-mini4L,2056,4,3000000000,19762244285,16762244285,10577006525,16755597163,2215707,"[2215622, 2215706, 2215794]"
50,4442,meta-llama/Llama-3.1-8B-mini4L,2056,4,3000000000,19762244285,16762244285,10577006525,16755597163,2215707,"[2215622, 2215706, 2215794]"
50,4514,meta-llama/Llama-3.1-8B-mini4L,2056,4,3000000000,19762244285,16762244285,10577006525,16755597163,2215707,"[2215622, 2215706, 2215794]"
50,4586,meta-llama/Llama-3.1-8B-mini4L,2056,4,3000000000,19762244285,16762244285,10577006525,16755597163,2215707,"[2215622, 2215706, 2215794]"
50,4658,meta-llama/Llama-3.1-8B-mini4L,2056,4,3000000000,19762244285,16762244285,10577006525,16755597163,2215707,"[2215622, 2215706, 2215794]"
50,4730,meta-llama/Llama-3.1-8B-mini4L,2056,4,3000000000,19762244285,16762244285,10577006525,16755597163,2215707,"[2215622, 2215706, 2215794]"
50,4802,meta-llama/Llama-3.1-8B-mini4L,2056,4,3000000000,19762244285,16762244285,10577006525,16755597163,2215707,"[2215622, 2215706, 2215794]"
50,4874,meta-llama/Llama-3.1-8B-mini4L,2056,4,3000000000,19762244285,16762244285,10577006525,16755597163,2215707,"[2215622, 2215706, 2215794]"
50,4946,meta-llama/Llama-3.1-8B-mini4L,2056,4,3000000000,25947482045,22947482045,16762244285,22940834923,2215707,"[2215622, 2215706, 2215794]"
50,5018,meta-llama/Llama-3.1-8B-mini4L,2056,4,3000000000,25947482045,22947482045,16762244285,22940834923,2215707,"[2215622, 2215706, 2215794]"
50,5090,meta-llama/Llama-3.1-8B-mini4L,2056,4,3000000000,25947482045,22947482045,16762244285,22940834923,2215707,"[2215622, 2215706, 2215794]"
50,5162,meta-llama/Llama-3.1-8B-mini4L,2056,4,3000000000,25947482045,22947482045,16762244285,22940834923,2215707,"[2215622, 2215706, 2215794]"
50,5234,meta-llama/Llama-3.1-8B-mini4L,2056,4,3000000000,25947482045,22947482045,16762244285,22940834923,2215707,"[2215622, 2215706, 2215794]"
50,5306,meta-llama/Llama-3.1-8B-mini4L,2056,4,3000000000,25947482045,22947482045,16762244285,22940834923,2215707,"[2215622, 2215706, 2215794]"
50,5378,meta-llama/Llama-3.1-8B-mini4L,2056,4,3000000000,25947482045,22947482045,16762244285,22940834923,2215707,"[2215622, 2215706, 2215794]"
50,5450,meta-llama/Llama-3.1-8B-mini4L,2056,4,3000000000,25947482045,22947482045,16762244285,22940834923,2215707,"[2215622, 2215706, 2215794]"
50,5522,meta-llama/Llama-3.1-8B-mini4L,2056,4,3000000000,32132719805,29132719805,22947482045,29126072683,2215707,"[2215622, 2215706, 2215794]"
50,5594,meta-llama/Llama-3.1-8B-mini4L,2056,4,3000000000,32132719805,29132719805,22947482045,29126072683,2215707,"[2215622, 2215706, 2215794]"
50,5666,meta-llama/Llama-3.1-8B-mini4L,2056,4,3000000000,32132719805,29132719805,22947482045,29126072683,2215707,"[2215622, 2215706, 2215794]"
50,5738,meta-llama/Llama-3.1-8B-mini4L,2056,4,3000000000,32132719805,29132719805,22947482045,29126072683,2215707,"[2215622, 2215706, 2215794]"
50,5810,meta-llama/Llama-3.1-8B-mini4L,2056,4,3000000000,32132719805,29132719805,22947482045,29126072683,2215707,"[2215622, 2215706, 2215794]"
50,5882,meta-llama/Llama-3.1-8B-mini4L,2056,4,3000000000,32132719805,29132719805,22947482045,29126072683,2215707,"[2215622, 2215706, 2215794]"
50,5954,meta-llama/Llama-3.1-8B-mini4L,2056,4,3000000000,32132719805,29132719805,22947482045,29126072683,2215707,"[2215622, 2215706, 2215794]"
50,6026,meta-llama/Llama-3.1-8B-mini4L,2056,4,3000000000,32132719805,29132719805,22947482045,29126072683,2215707,"[2215622, 2215706, 2215794]"
50,6098,meta-llama/Llama-3.1-8B-mini4L,2056,4,3000000000,36377315908,33377315908,29132719805,33370877926,2145994,"[2145938, 2145994, 2146050]"
50,6170,meta-llama/Llama-3.1-8B-mini4L,2056,4,3000000000,36377315908,33377315908,29132719805,33370877926,2145994,"[2145938, 2145994, 2146050]"
50,6242,meta-llama/Llama-3.1-8B-mini4L,2056,4,3000000000,36377315908,33377315908,29132719805,33370877926,2145994,"[2145938, 2145994, 2146050]"
50,6314,meta-llama/Llama-3.1-8B-mini4L,2056,4,3000000000,36377315908,33377315908,29132719805,33370877926,2145994,"[2145938, 2145994, 2146050]"
50,6386,meta-llama/Llama-3.1-8B-mini4L,2056,4,3000000000,36377315908,33377315908,29132719805,33370877926,2145994,"[2145938, 2145994, 2146050]"
51,51,meta-llama/Llama-3.1-8B-mini4L,2048,4,0,187020600,187020600,1,38362469,49552710,"[48887602, 49863356, 49907173]"
51,123,meta-llama/Llama-3.1-8B-mini4L,2048,4,0,286874320,286874320,87250071,137113427,49920297,"[49907173, 49906421, 49947299]"
51,195,meta-llama/Llama-3.1-8B-mini4L,2048,4,0,336820567,336820567,137113427,187020600,49933322,"[49906421, 49947299, 49946247]"
51,267,meta-llama/Llama-3.1-8B-mini4L,2048,4,0,386765758,386765758,187020600,236927021,49946245,"[49947299, 49946247, 49945191]"
51,339,meta-llama/Llama-3.1-8B-mini4L,2048,4,0,436709893,436709893,236927021,286874320,49945191,"[49946247, 49945191, 49944135]"
51,411,meta-llama/Llama-3.1-8B-mini4L,2048,4,0,486652972,486652972,286874320,336820567,49944135,"[49945191, 49944135, 49943079]"
51,483,meta-llama/Llama-3.1-8B-mini4L,2048,4,0,536678086,536678086,336820567,386765758,49970776,"[49944135, 49943079, 50025114]"
51,555,meta-llama/Llama-3.1-8B-mini4L,2048,4,0,585181254,585181254,386765758,436709893,49490453,"[49943079, 50025114, 48503168]"
51,627,meta-llama/Llama-3.1-8B-mini4L,2048,4,0,632161424,632161424,436709893,486652972,48502817,"[50025114, 48503168, 46980170]"
51,699,meta-llama/Llama-3.1-8B-mini4L,2048,4,0,677618334,677618334,486652972,536678086,46980082,"[48503168, 46980170, 45456910]"
51,771,meta-llama/Llama-3.1-8B-mini4L,2048,4,0,721552770,721552770,536678086,585181254,45457172,"[46980170, 45456910, 43934436]"
51,843,meta-llama/Llama-3.1-8B-mini4L,2048,4,0,763964728,763964728,585181254,632161424,43934434,"[45456910, 43934436, 42411958]"
51,915,meta-llama/Llama-3.1-8B-mini4L,2048,4,0,803913443,803913443,632161424,677618334,42098369,"[43934436, 42411958, 39948715]"
51,987,meta-llama/Llama-3.1-8B-mini4L,2048,4,0,843181134,843181134,677618334,721552770,40542788,"[42411958, 39948715, 39267691]"
51,1059,meta-llama/Llama-3.1-8B-mini4L,2048,4,0,883358820,883358820,721552770,763964728,39798030,"[39948715, 39267691, 40177686]"
51,1131,meta-llama/Llama-3.1-8B-mini4L,2048,4,0,923519769,923519769,763964728,803913443,39868775,"[39267691, 40177686, 40160949]"
51,1203,meta-llama/Llama-3.1-8B-mini4L,2048,4,0,963693263,963693263,803913443,843181134,40170709,"[40177686, 40160949, 40173494]"
51,1275,meta-llama/Llama-3.1-8B-mini4L,2048,4,0,1003077464,1003077464,843181134,883358820,39906214,"[40160949, 40173494, 39384201]"
51,1347,meta-llama/Llama-3.1-8B-mini4L,2048,4,0,1042488882,1042488882,883358820,923519769,39656371,"[40173494, 39384201, 39411418]"
51,1419,meta-llama/Llama-3.1-8B-mini4L,2048,4,0,1082547220,1082547220,923519769,963693263,39617985,"[39384201, 39411418, 40058338]"
51,1491,meta-llama/Llama-3.1-8B-mini4L,2048,4,0,1122563407,1122563407,963693263,1003077464,39828647,"[39411418, 40058338, 40016187]"
51,1563,meta-llama/Llama-3.1-8B-mini4L,2048,4,0,1162390909,1162390909,1003077464,1042488882,39967342,"[40058338, 40016187, 39827502]"
51,1635,meta-llama/Llama-3.1-8B-mini4L,2048,4,0,1201679311,1201679311,1042488882,1082547220,39710697,"[40016187, 39827502, 39288402]"
51,1707,meta-llama/Llama-3.1-8B-mini4L,2048,4,0,1241452903,1241452903,1082547220,1122563407,39629832,"[39827502, 39288402, 39773592]"
51,1779,meta-llama/Llama-3.1-8B-mini4L,2048,4,0,1281488971,1281488971,1122563407,1162390909,39699354,"[39288402, 39773592, 40036068]"
51,1851,meta-llama/Llama-3.1-8B-mini4L,2048,4,0,1321377164,1321377164,1162390909,1201679311,39899284,"[39773592, 40036068, 39888193]"
51,1923,meta-llama/Llama-3.1-8B-mini4L,2048,4,0,1361078506,1361078506,1201679311,1241452903,39875201,"[40036068, 39888193, 39701342]"
51,1995,meta-llama/Llama-3.1-8B-mini4L,2048,4,0,1400646383,1400646383,1241452903,1281488971,39719137,"[39888193, 39701342, 39567877]"
51,2067,meta-llama/Llama-3.1-8B-mini4L,2048,4,0,1440374418,1440374418,1281488971,1321377164,39665751,"[39701342, 39567877, 39728035]"
51,2139,meta-llama/Llama-3.1-8B-mini4L,2048,4,0,1480334830,1480334830,1321377164,1361078506,39752108,"[39567877, 39728035, 39960412]"
51,2211,meta-llama/Llama-3.1-8B-mini4L,2048,4,0,1520105247,1520105247,1361078506,1400646383,39819621,"[39728035, 39960412, 39770417]"
51,2283,meta-llama/Llama-3.1-8B-mini4L,2048,4,0,1559666836,1559666836,1400646383,1440374418,39764139,"[39960412, 39770417, 39561589]"
51,2355,meta-llama/Llama-3.1-8B-mini4L,2048,4,0,1599376269,1599376269,1440374418,1480334830,39680479,"[39770417, 39561589, 39709433]"
51,2427,meta-llama/Llama-3.1-8B-mini4L,2048,4,0,1639191426,1639191426,1480334830,1520105247,39695393,"[39561589, 39709433, 39815157]"
51,2499,meta-llama/Llama-3.1-8B-mini4L,2048,4,0,1678953721,1678953721,1520105247,1559666836,39762295,"[39709433, 39815157, 39762295]"
51,2571,meta-llama/Llama-3.1-8B-mini4L,2048,4,0,1718708680,1718708680,1559666836,1599376269,39777470,"[39815157, 39762295, 39754959]"
51,2643,meta-llama/Llama-3.1-8B-mini4L,2048,4,0,1758425680,1758425680,1599376269,1639191426,39744751,"[39762295, 39754959, 39717000]"
51,2715,meta-llama/Llama-3.1-8B-mini4L,2048,4,0,1798090342,1798090342,1639191426,1678953721,39712207,"[39754959, 39717000, 39664662]"
51,2787,meta-llama/Llama-3.1-8B-mini4L,2048,4,0,1837807342,1837807342,1678953721,1718708680,39699554,"[39717000, 39664662, 39717000]"
51,2859,meta-llama/Llama-3.1-8B-mini4L,2048,4,0,1877550511,1877550511,1718708680,1758425680,39708277,"[39664662, 39717000, 39743169]"
51,2931,meta-llama/Llama-3.1-8B-mini4L,2048,4,0,1905659628,1905659628,1758425680,1798090342,35856428,"[39717000, 39743169, 28109117]"
51,3003,meta-llama/Llama-3.1-8B-mini4L,2048,4,0,1908596123,1908596123,1798090342,1837807342,23596260,"[39743169, 28109117, 2936495]"
51,3075,meta-llama/Llama-3.1-8B-mini4L,2048,4,0,1910807671,1910807671,1837807342,1877550511,11085720,"[28109117, 2936495, 2211548]"
51,3147,meta-llama/Llama-3.1-8B-mini4L,2048,4,0,1912901795,1912901795,1877550511,1905659628,2414055,"[2936495, 2211548, 2094124]"
51,3219,meta-llama/Llama-3.1-8B-mini4L,2056,4,3000000000,7477674845,4477674845,322129,4471027723,2215707,"[2215622, 2215706, 2215794]"
51,3291,meta-llama/Llama-3.1-8B-mini4L,2056,4,3000000000,7477674845,4477674845,322129,4471027723,2215707,"[2215622, 2215706, 2215794]"
51,3363,meta-llama/Llama-3.1-8B-mini4L,2056,4,3000000000,7477674845,4477674845,322129,4471027723,2215707,"[2215622, 2215706, 2215794]"
51,3435,meta-llama/Llama-3.1-8B-mini4L,2056,4,3000000000,7477674845,4477674845,322129,4471027723,2215707,"[2215622, 2215706, 2215794]"
51,3507,meta-llama/Llama-3.1-8B-mini4L,2056,4,3000000000,7477674845,4477674845,322129,4471027723,2215707,"[2215622, 2215706, 2215794]"
51,3579,meta-llama/Llama-3.1-8B-mini4L,2056,4,3000000000,7477674845,4477674845,322129,4471027723,2215707,"[2215622, 2215706, 2215794]"
51,3651,meta-llama/Llama-3.1-8B-mini4L,2056,4,3000000000,7477674845,4477674845,322129,4471027723,2215707,"[2215622, 2215706, 2215794]"
51,3723,meta-llama/Llama-3.1-8B-mini4L,2056,4,3000000000,7477674845,4477674845,322129,4471027723,2215707,"[2215622, 2215706, 2215794]"
51,3795,meta-llama/Llama-3.1-8B-mini4L,2056,4,3000000000,13662912605,10662912605,4477674845,10656265483,2215707,"[2215622, 2215706, 2215794]"
51,3867,meta-llama/Llama-3.1-8B-mini4L,2056,4,3000000000,13662912605,10662912605,4477674845,10656265483,2215707,"[2215622, 2215706, 2215794]"
51,3939,meta-llama/Llama-3.1-8B-mini4L,2056,4,3000000000,13662912605,10662912605,4477674845,10656265483,2215707,"[2215622, 2215706, 2215794]"
51,4011,meta-llama/Llama-3.1-8B-mini4L,2056,4,3000000000,13662912605,10662912605,4477674845,10656265483,2215707,"[2215622, 2215706, 2215794]"
51,4083,meta-llama/Llama-3.1-8B-mini4L,2056,4,3000000000,13662912605,10662912605,4477674845,10656265483,2215707,"[2215622, 2215706, 2215794]"
51,4155,meta-llama/Llama-3.1-8B-mini4L,2056,4,3000000000,13662912605,10662912605,4477674845,10656265483,2215707,"[2215622, 2215706, 2215794]"
51,4227,meta-llama/Llama-3.1-8B-mini4L,2056,4,3000000000,13662912605,10662912605,4477674845,10656265483,2215707,"[2215622, 2215706, 2215794]"
51,4299,meta-llama/Llama-3.1-8B-mini4L,2056,4,3000000000,13662912605,10662912605,4477674845,10656265483,2215707,"[2215622, 2215706, 2215794]"
51,4371,meta-llama/Llama-3.1-8B-mini4L,2056,4,3000000000,19848150365,16848150365,10662912605,16841503243,2215707,"[2215622, 2215706, 2215794]"
51,4443,meta-llama/Llama-3.1-8B-mini4L,2056,4,3000000000,19848150365,16848150365,10662912605,16841503243,2215707,"[2215622, 2215706, 2215794]"
51,4515,meta-llama/Llama-3.1-8B-mini4L,2056,4,3000000000,19848150365,16848150365,10662912605,16841503243,2215707,"[2215622, 2215706, 2215794]"
51,4587,meta-llama/Llama-3.1-8B-mini4L,2056,4,3000000000,19848150365,16848150365,10662912605,16841503243,2215707,"[2215622, 2215706, 2215794]"
51,4659,meta-llama/Llama-3.1-8B-mini4L,2056,4,3000000000,19848150365,16848150365,10662912605,16841503243,2215707,"[2215622, 2215706, 2215794]"
51,4731,meta-llama/Llama-3.1-8B-mini4L,2056,4,3000000000,19848150365,16848150365,10662912605,16841503243,2215707,"[2215622, 2215706, 2215794]"
51,4803,meta-llama/Llama-3.1-8B-mini4L,2056,4,3000000000,19848150365,16848150365,10662912605,16841503243,2215707,"[2215622, 2215706, 2215794]"
51,4875,meta-llama/Llama-3.1-8B-mini4L,2056,4,3000000000,19848150365,16848150365,10662912605,16841503243,2215707,"[2215622, 2215706, 2215794]"
51,4947,meta-llama/Llama-3.1-8B-mini4L,2056,4,3000000000,26033388125,23033388125,16848150365,23026741003,2215707,"[2215622, 2215706, 2215794]"
51,5019,meta-llama/Llama-3.1-8B-mini4L,2056,4,3000000000,26033388125,23033388125,16848150365,23026741003,2215707,"[2215622, 2215706, 2215794]"
51,5091,meta-llama/Llama-3.1-8B-mini4L,2056,4,3000000000,26033388125,23033388125,16848150365,23026741003,2215707,"[2215622, 2215706, 2215794]"
51,5163,meta-llama/Llama-3.1-8B-mini4L,2056,4,3000000000,26033388125,23033388125,16848150365,23026741003,2215707,"[2215622, 2215706, 2215794]"
51,5235,meta-llama/Llama-3.1-8B-mini4L,2056,4,3000000000,26033388125,23033388125,16848150365,23026741003,2215707,"[2215622, 2215706, 2215794]"
51,5307,meta-llama/Llama-3.1-8B-mini4L,2056,4,3000000000,26033388125,23033388125,16848150365,23026741003,2215707,"[2215622, 2215706, 2215794]"
51,5379,meta-llama/Llama-3.1-8B-mini4L,2056,4,3000000000,26033388125,23033388125,16848150365,23026741003,2215707,"[2215622, 2215706, 2215794]"
51,5451,meta-llama/Llama-3.1-8B-mini4L,2056,4,3000000000,26033388125,23033388125,16848150365,23026741003,2215707,"[2215622, 2215706, 2215794]"
51,5523,meta-llama/Llama-3.1-8B-mini4L,2056,4,3000000000,32218625885,29218625885,23033388125,29211978763,2215707,"[2215622, 2215706, 2215794]"
51,5595,meta-llama/Llama-3.1-8B-mini4L,2056,4,3000000000,32218625885,29218625885,23033388125,29211978763,2215707,"[2215622, 2215706, 2215794]"
51,5667,meta-llama/Llama-3.1-8B-mini4L,2056,4,3000000000,32218625885,29218625885,23033388125,29211978763,2215707,"[2215622, 2215706, 2215794]"
51,5739,meta-llama/Llama-3.1-8B-mini4L,2056,4,3000000000,32218625885,29218625885,23033388125,29211978763,2215707,"[2215622, 2215706, 2215794]"
51,5811,meta-llama/Llama-3.1-8B-mini4L,2056,4,3000000000,32218625885,29218625885,23033388125,29211978763,2215707,"[2215622, 2215706, 2215794]"
51,5883,meta-llama/Llama-3.1-8B-mini4L,2056,4,3000000000,32218625885,29218625885,23033388125,29211978763,2215707,"[2215622, 2215706, 2215794]"
51,5955,meta-llama/Llama-3.1-8B-mini4L,2056,4,3000000000,32218625885,29218625885,23033388125,29211978763,2215707,"[2215622, 2215706, 2215794]"
51,6027,meta-llama/Llama-3.1-8B-mini4L,2056,4,3000000000,32218625885,29218625885,23033388125,29211978763,2215707,"[2215622, 2215706, 2215794]"
51,6099,meta-llama/Llama-3.1-8B-mini4L,2056,4,3000000000,36431764708,33431764708,29218625885,33425326726,2145994,"[2145938, 2145994, 2146050]"
51,6171,meta-llama/Llama-3.1-8B-mini4L,2056,4,3000000000,36431764708,33431764708,29218625885,33425326726,2145994,"[2145938, 2145994, 2146050]"
51,6243,meta-llama/Llama-3.1-8B-mini4L,2056,4,3000000000,36431764708,33431764708,29218625885,33425326726,2145994,"[2145938, 2145994, 2146050]"
51,6315,meta-llama/Llama-3.1-8B-mini4L,2056,4,3000000000,36431764708,33431764708,29218625885,33425326726,2145994,"[2145938, 2145994, 2146050]"
51,6387,meta-llama/Llama-3.1-8B-mini4L,2056,4,3000000000,36431764708,33431764708,29218625885,33425326726,2145994,"[2145938, 2145994, 2146050]"
52,52,meta-llama/Llama-3.1-8B-mini4L,2048,4,0,187546056,187546056,1,38887925,49552710,"[48887602, 49863356, 49907173]"
52,124,meta-llama/Llama-3.1-8B-mini4L,2048,4,0,287399776,287399776,87775527,137638883,49920297,"[49907173, 49906421, 49947299]"
52,196,meta-llama/Llama-3.1-8B-mini4L,2048,4,0,337346023,337346023,137638883,187546056,49933322,"[49906421, 49947299, 49946247]"
52,268,meta-llama/Llama-3.1-8B-mini4L,2048,4,0,387291214,387291214,187546056,237452477,49946245,"[49947299, 49946247, 49945191]"
52,340,meta-llama/Llama-3.1-8B-mini4L,2048,4,0,437235349,437235349,237452477,287399776,49945191,"[49946247, 49945191, 49944135]"
52,412,meta-llama/Llama-3.1-8B-mini4L,2048,4,0,487178428,487178428,287399776,337346023,49944135,"[49945191, 49944135, 49943079]"
52,484,meta-llama/Llama-3.1-8B-mini4L,2048,4,0,537203542,537203542,337346023,387291214,49970776,"[49944135, 49943079, 50025114]"
52,556,meta-llama/Llama-3.1-8B-mini4L,2048,4,0,585706710,585706710,387291214,437235349,49490453,"[49943079, 50025114, 48503168]"
52,628,meta-llama/Llama-3.1-8B-mini4L,2048,4,0,632686880,632686880,437235349,487178428,48502817,"[50025114, 48503168, 46980170]"
52,700,meta-llama/Llama-3.1-8B-mini4L,2048,4,0,678143790,678143790,487178428,537203542,46980082,"[48503168, 46980170, 45456910]"
52,772,meta-llama/Llama-3.1-8B-mini4L,2048,4,0,722078226,722078226,537203542,585706710,45457172,"[46980170, 45456910, 43934436]"
52,844,meta-llama/Llama-3.1-8B-mini4L,2048,4,0,764490184,764490184,585706710,632686880,43934434,"[45456910, 43934436, 42411958]"
52,916,meta-llama/Llama-3.1-8B-mini4L,2048,4,0,804466378,804466378,632686880,678143790,42107529,"[43934436, 42411958, 39976194]"
52,988,meta-llama/Llama-3.1-8B-mini4L,2048,4,0,843733807,843733807,678143790,722078226,40551860,"[42411958, 39976194, 39267429]"
52,1060,meta-llama/Llama-3.1-8B-mini4L,2048,4,0,883911755,883911755,722078226,764490184,39807190,"[39976194, 39267429, 40177948]"
52,1132,meta-llama/Llama-3.1-8B-mini4L,2048,4,0,924045225,924045225,764490184,804466378,39859615,"[39267429, 40177948, 40133470]"
52,1204,meta-llama/Llama-3.1-8B-mini4L,2048,4,0,964218719,964218719,804466378,843733807,40161637,"[40177948, 40133470, 40173494]"
52,1276,meta-llama/Llama-3.1-8B-mini4L,2048,4,0,1003602920,1003602920,843733807,883911755,39897055,"[40133470, 40173494, 39384201]"
52,1348,meta-llama/Llama-3.1-8B-mini4L,2048,4,0,1043014338,1043014338,883911755,924045225,39656371,"[40173494, 39384201, 39411418]"
52,1420,meta-llama/Llama-3.1-8B-mini4L,2048,4,0,1083099631,1083099631,924045225,964218719,39626970,"[39384201, 39411418, 40085293]"
52,1492,meta-llama/Llama-3.1-8B-mini4L,2048,4,0,1123115818,1123115818,964218719,1003602920,39837632,"[39411418, 40085293, 40016187]"
52,1564,meta-llama/Llama-3.1-8B-mini4L,2048,4,0,1162943320,1162943320,1003602920,1043014338,39976327,"[40085293, 40016187, 39827502]"
52,1636,meta-llama/Llama-3.1-8B-mini4L,2048,4,0,1202258677,1202258677,1043014338,1083099631,39719682,"[40016187, 39827502, 39315357]"
52,1708,meta-llama/Llama-3.1-8B-mini4L,2048,4,0,1241978359,1241978359,1083099631,1123115818,39620847,"[39827502, 39315357, 39719682]"
52,1780,meta-llama/Llama-3.1-8B-mini4L,2048,4,0,1282067813,1282067813,1123115818,1162943320,39708164,"[39315357, 39719682, 40089454]"
52,1852,meta-llama/Llama-3.1-8B-mini4L,2048,4,0,1322009392,1322009392,1162943320,1202258677,39916905,"[39719682, 40089454, 39941579]"
52,1924,meta-llama/Llama-3.1-8B-mini4L,2048,4,0,1361657348,1361657348,1202258677,1241978359,39892996,"[40089454, 39941579, 39647956]"
52,1996,meta-llama/Llama-3.1-8B-mini4L,2048,4,0,1401171839,1401171839,1241978359,1282067813,39701342,"[39941579, 39647956, 39514491]"
52,2068,meta-llama/Llama-3.1-8B-mini4L,2048,4,0,1440926567,1440926567,1282067813,1322009392,39639058,"[39647956, 39514491, 39754728]"
52,2140,meta-llama/Llama-3.1-8B-mini4L,2048,4,0,1480886717,1480886717,1322009392,1361657348,39743123,"[39514491, 39754728, 39960150]"
52,2212,meta-llama/Llama-3.1-8B-mini4L,2048,4,0,1520657396,1520657396,1361657348,1401171839,39828519,"[39754728, 39960150, 39770679]"
52,2284,meta-llama/Llama-3.1-8B-mini4L,2048,4,0,1560218723,1560218723,1401171839,1440926567,39764052,"[39960150, 39770679, 39561327]"
52,2356,meta-llama/Llama-3.1-8B-mini4L,2048,4,0,1599928156,1599928156,1440926567,1480886717,39680479,"[39770679, 39561327, 39709433]"
52,2428,meta-llama/Llama-3.1-8B-mini4L,2048,4,0,1639743313,1639743313,1480886717,1520657396,39695305,"[39561327, 39709433, 39815157]"
52,2500,meta-llama/Llama-3.1-8B-mini4L,2048,4,0,1679505608,1679505608,1520657396,1560218723,39762295,"[39709433, 39815157, 39762295]"
52,2572,meta-llama/Llama-3.1-8B-mini4L,2048,4,0,1719260305,1719260305,1560218723,1599928156,39777383,"[39815157, 39762295, 39754697]"
52,2644,meta-llama/Llama-3.1-8B-mini4L,2048,4,0,1758977305,1758977305,1599928156,1639743313,39744664,"[39762295, 39754697, 39717000]"
52,2716,meta-llama/Llama-3.1-8B-mini4L,2048,4,0,1798668136,1798668136,1639743313,1679505608,39720842,"[39754697, 39717000, 39690831]"
52,2788,meta-llama/Llama-3.1-8B-mini4L,2048,4,0,1838385136,1838385136,1679505608,1719260305,39708277,"[39717000, 39690831, 39717000]"
52,2860,meta-llama/Llama-3.1-8B-mini4L,2048,4,0,1878128305,1878128305,1719260305,1758977305,39717000,"[39690831, 39717000, 39743169]"
52,2932,meta-llama/Llama-3.1-8B-mini4L,2048,4,0,1905692308,1905692308,1758977305,1798668136,35674724,"[39717000, 39743169, 27564003]"
52,3004,meta-llama/Llama-3.1-8B-mini4L,2048,4,0,1908597012,1908597012,1798668136,1838385136,23403958,"[39743169, 27564003, 2904704]"
52,3076,meta-llama/Llama-3.1-8B-mini4L,2048,4,0,1910808304,1910808304,1838385136,1878128305,10893333,"[27564003, 2904704, 2211292]"
52,3148,meta-llama/Llama-3.1-8B-mini4L,2048,4,0,1912902171,1912902171,1878128305,1905692308,2403287,"[2904704, 2211292, 2093867]"
52,3220,meta-llama/Llama-3.1-8B-mini4L,2056,4,3000000000,7563580925,4563580925,322129,4556933803,2215707,"[2215622, 2215706, 2215794]"
52,3292,meta-llama/Llama-3.1-8B-mini4L,2056,4,3000000000,7563580925,4563580925,322129,4556933803,2215707,"[2215622, 2215706, 2215794]"
52,3364,meta-llama/Llama-3.1-8B-mini4L,2056,4,3000000000,7563580925,4563580925,322129,4556933803,2215707,"[2215622, 2215706, 2215794]"
52,3436,meta-llama/Llama-3.1-8B-mini4L,2056,4,3000000000,7563580925,4563580925,322129,4556933803,2215707,"[2215622, 2215706, 2215794]"
52,3508,meta-llama/Llama-3.1-8B-mini4L,2056,4,3000000000,7563580925,4563580925,322129,4556933803,2215707,"[2215622, 2215706, 2215794]"
52,3580,meta-llama/Llama-3.1-8B-mini4L,2056,4,3000000000,7563580925,4563580925,322129,4556933803,2215707,"[2215622, 2215706, 2215794]"
52,3652,meta-llama/Llama-3.1-8B-mini4L,2056,4,3000000000,7563580925,4563580925,322129,4556933803,2215707,"[2215622, 2215706, 2215794]"
52,3724,meta-llama/Llama-3.1-8B-mini4L,2056,4,3000000000,7563580925,4563580925,322129,4556933803,2215707,"[2215622, 2215706, 2215794]"
52,3796,meta-llama/Llama-3.1-8B-mini4L,2056,4,3000000000,13748818685,10748818685,4563580925,10742171563,2215707,"[2215622, 2215706, 2215794]"
52,3868,meta-llama/Llama-3.1-8B-mini4L,2056,4,3000000000,13748818685,10748818685,4563580925,10742171563,2215707,"[2215622, 2215706, 2215794]"
52,3940,meta-llama/Llama-3.1-8B-mini4L,2056,4,3000000000,13748818685,10748818685,4563580925,10742171563,2215707,"[2215622, 2215706, 2215794]"
52,4012,meta-llama/Llama-3.1-8B-mini4L,2056,4,3000000000,13748818685,10748818685,4563580925,10742171563,2215707,"[2215622, 2215706, 2215794]"
52,4084,meta-llama/Llama-3.1-8B-mini4L,2056,4,3000000000,13748818685,10748818685,4563580925,10742171563,2215707,"[2215622, 2215706, 2215794]"
52,4156,meta-llama/Llama-3.1-8B-mini4L,2056,4,3000000000,13748818685,10748818685,4563580925,10742171563,2215707,"[2215622, 2215706, 2215794]"
52,4228,meta-llama/Llama-3.1-8B-mini4L,2056,4,3000000000,13748818685,10748818685,4563580925,10742171563,2215707,"[2215622, 2215706, 2215794]"
52,4300,meta-llama/Llama-3.1-8B-mini4L,2056,4,3000000000,13748818685,10748818685,4563580925,10742171563,2215707,"[2215622, 2215706, 2215794]"
52,4372,meta-llama/Llama-3.1-8B-mini4L,2056,4,3000000000,19934056445,16934056445,10748818685,16927409323,2215707,"[2215622, 2215706, 2215794]"
52,4444,meta-llama/Llama-3.1-8B-mini4L,2056,4,3000000000,19934056445,16934056445,10748818685,16927409323,2215707,"[2215622, 2215706, 2215794]"
52,4516,meta-llama/Llama-3.1-8B-mini4L,2056,4,3000000000,19934056445,16934056445,10748818685,16927409323,2215707,"[2215622, 2215706, 2215794]"
52,4588,meta-llama/Llama-3.1-8B-mini4L,2056,4,3000000000,19934056445,16934056445,10748818685,16927409323,2215707,"[2215622, 2215706, 2215794]"
52,4660,meta-llama/Llama-3.1-8B-mini4L,2056,4,3000000000,19934056445,16934056445,10748818685,16927409323,2215707,"[2215622, 2215706, 2215794]"
52,4732,meta-llama/Llama-3.1-8B-mini4L,2056,4,3000000000,19934056445,16934056445,10748818685,16927409323,2215707,"[2215622, 2215706, 2215794]"
52,4804,meta-llama/Llama-3.1-8B-mini4L,2056,4,3000000000,19934056445,16934056445,10748818685,16927409323,2215707,"[2215622, 2215706, 2215794]"
52,4876,meta-llama/Llama-3.1-8B-mini4L,2056,4,3000000000,19934056445,16934056445,10748818685,16927409323,2215707,"[2215622, 2215706, 2215794]"
52,4948,meta-llama/Llama-3.1-8B-mini4L,2056,4,3000000000,26119294205,23119294205,16934056445,23112647083,2215707,"[2215622, 2215706, 2215794]"
52,5020,meta-llama/Llama-3.1-8B-mini4L,2056,4,3000000000,26119294205,23119294205,16934056445,23112647083,2215707,"[2215622, 2215706, 2215794]"
52,5092,meta-llama/Llama-3.1-8B-mini4L,2056,4,3000000000,26119294205,23119294205,16934056445,23112647083,2215707,"[2215622, 2215706, 2215794]"
52,5164,meta-llama/Llama-3.1-8B-mini4L,2056,4,3000000000,26119294205,23119294205,16934056445,23112647083,2215707,"[2215622, 2215706, 2215794]"
52,5236,meta-llama/Llama-3.1-8B-mini4L,2056,4,3000000000,26119294205,23119294205,16934056445,23112647083,2215707,"[2215622, 2215706, 2215794]"
52,5308,meta-llama/Llama-3.1-8B-mini4L,2056,4,3000000000,26119294205,23119294205,16934056445,23112647083,2215707,"[2215622, 2215706, 2215794]"
52,5380,meta-llama/Llama-3.1-8B-mini4L,2056,4,3000000000,26119294205,23119294205,16934056445,23112647083,2215707,"[2215622, 2215706, 2215794]"
52,5452,meta-llama/Llama-3.1-8B-mini4L,2056,4,3000000000,26119294205,23119294205,16934056445,23112647083,2215707,"[2215622, 2215706, 2215794]"
52,5524,meta-llama/Llama-3.1-8B-mini4L,2056,4,3000000000,32304531965,29304531965,23119294205,29297884843,2215707,"[2215622, 2215706, 2215794]"
52,5596,meta-llama/Llama-3.1-8B-mini4L,2056,4,3000000000,32304531965,29304531965,23119294205,29297884843,2215707,"[2215622, 2215706, 2215794]"
52,5668,meta-llama/Llama-3.1-8B-mini4L,2056,4,3000000000,32304531965,29304531965,23119294205,29297884843,2215707,"[2215622, 2215706, 2215794]"
52,5740,meta-llama/Llama-3.1-8B-mini4L,2056,4,3000000000,32304531965,29304531965,23119294205,29297884843,2215707,"[2215622, 2215706, 2215794]"
52,5812,meta-llama/Llama-3.1-8B-mini4L,2056,4,3000000000,32304531965,29304531965,23119294205,29297884843,2215707,"[2215622, 2215706, 2215794]"
52,5884,meta-llama/Llama-3.1-8B-mini4L,2056,4,3000000000,32304531965,29304531965,23119294205,29297884843,2215707,"[2215622, 2215706, 2215794]"
52,5956,meta-llama/Llama-3.1-8B-mini4L,2056,4,3000000000,32304531965,29304531965,23119294205,29297884843,2215707,"[2215622, 2215706, 2215794]"
52,6028,meta-llama/Llama-3.1-8B-mini4L,2056,4,3000000000,32304531965,29304531965,23119294205,29297884843,2215707,"[2215622, 2215706, 2215794]"
52,6100,meta-llama/Llama-3.1-8B-mini4L,2056,4,3000000000,36486213508,33486213508,29304531965,33479775526,2145994,"[2145938, 2145994, 2146050]"
52,6172,meta-llama/Llama-3.1-8B-mini4L,2056,4,3000000000,36486213508,33486213508,29304531965,33479775526,2145994,"[2145938, 2145994, 2146050]"
52,6244,meta-llama/Llama-3.1-8B-mini4L,2056,4,3000000000,36486213508,33486213508,29304531965,33479775526,2145994,"[2145938, 2145994, 2146050]"
52,6316,meta-llama/Llama-3.1-8B-mini4L,2056,4,3000000000,36486213508,33486213508,29304531965,33479775526,2145994,"[2145938, 2145994, 2146050]"
52,6388,meta-llama/Llama-3.1-8B-mini4L,2056,4,3000000000,36486213508,33486213508,29304531965,33479775526,2145994,"[2145938, 2145994, 2146050]"
53,53,meta-llama/Llama-3.1-8B-mini4L,2048,4,0,188071512,188071512,1,39413381,49552710,"[48887602, 49863356, 49907173]"
53,125,meta-llama/Llama-3.1-8B-mini4L,2048,4,0,287925232,287925232,88300983,138164339,49920297,"[49907173, 49906421, 49947299]"
53,197,meta-llama/Llama-3.1-8B-mini4L,2048,4,0,337871479,337871479,138164339,188071512,49933322,"[49906421, 49947299, 49946247]"
53,269,meta-llama/Llama-3.1-8B-mini4L,2048,4,0,387816670,387816670,188071512,237977933,49946245,"[49947299, 49946247, 49945191]"
53,341,meta-llama/Llama-3.1-8B-mini4L,2048,4,0,437760805,437760805,237977933,287925232,49945191,"[49946247, 49945191, 49944135]"
53,413,meta-llama/Llama-3.1-8B-mini4L,2048,4,0,487703884,487703884,287925232,337871479,49944135,"[49945191, 49944135, 49943079]"
53,485,meta-llama/Llama-3.1-8B-mini4L,2048,4,0,537728998,537728998,337871479,387816670,49970776,"[49944135, 49943079, 50025114]"
53,557,meta-llama/Llama-3.1-8B-mini4L,2048,4,0,586232166,586232166,387816670,437760805,49490453,"[49943079, 50025114, 48503168]"
53,629,meta-llama/Llama-3.1-8B-mini4L,2048,4,0,633212336,633212336,437760805,487703884,48502817,"[50025114, 48503168, 46980170]"
53,701,meta-llama/Llama-3.1-8B-mini4L,2048,4,0,678669246,678669246,487703884,537728998,46980082,"[48503168, 46980170, 45456910]"
53,773,meta-llama/Llama-3.1-8B-mini4L,2048,4,0,722603682,722603682,537728998,586232166,45457172,"[46980170, 45456910, 43934436]"
53,845,meta-llama/Llama-3.1-8B-mini4L,2048,4,0,765015640,765015640,586232166,633212336,43934434,"[45456910, 43934436, 42411958]"
53,917,meta-llama/Llama-3.1-8B-mini4L,2048,4,0,805101750,805101750,633212336,678669246,42144168,"[43934436, 42411958, 40086110]"
53,989,meta-llama/Llama-3.1-8B-mini4L,2048,4,0,844259263,844259263,678669246,722603682,40551860,"[42411958, 40086110, 39157513]"
53,1061,meta-llama/Llama-3.1-8B-mini4L,2048,4,0,884464690,884464690,722603682,765015640,39816350,"[40086110, 39157513, 40205427]"
53,1133,meta-llama/Llama-3.1-8B-mini4L,2048,4,0,924597898,924597898,765015640,805101750,39832049,"[39157513, 40205427, 40133208]"
53,1205,meta-llama/Llama-3.1-8B-mini4L,2048,4,0,964744175,964744175,805101750,844259263,40161637,"[40205427, 40133208, 40146277]"
53,1277,meta-llama/Llama-3.1-8B-mini4L,2048,4,0,1004155593,1004155593,844259263,884464690,39896967,"[40133208, 40146277, 39411418]"
53,1349,meta-llama/Llama-3.1-8B-mini4L,2048,4,0,1043539794,1043539794,884464690,924597898,39647298,"[40146277, 39411418, 39384201]"
53,1421,meta-llama/Llama-3.1-8B-mini4L,2048,4,0,1083625087,1083625087,924597898,964744175,39626970,"[39411418, 39384201, 40085293]"
53,1493,meta-llama/Llama-3.1-8B-mini4L,2048,4,0,1123641274,1123641274,964744175,1004155593,39828560,"[39384201, 40085293, 40016187]"
53,1565,meta-llama/Llama-3.1-8B-mini4L,2048,4,0,1163468776,1163468776,1004155593,1043539794,39976327,"[40085293, 40016187, 39827502]"
53,1637,meta-llama/Llama-3.1-8B-mini4L,2048,4,0,1202811088,1202811088,1043539794,1083625087,39728667,"[40016187, 39827502, 39342312]"
53,1709,meta-llama/Llama-3.1-8B-mini4L,2048,4,0,1242557725,1242557725,1083625087,1123641274,39638817,"[39827502, 39342312, 39746637]"
53,1781,meta-llama/Llama-3.1-8B-mini4L,2048,4,0,1282593269,1282593269,1123641274,1163468776,39708164,"[39342312, 39746637, 40035544]"
53,1853,meta-llama/Llama-3.1-8B-mini4L,2048,4,0,1322561541,1322561541,1163468776,1202811088,39916817,"[39746637, 40035544, 39968272]"
53,1925,meta-llama/Llama-3.1-8B-mini4L,2048,4,0,1362236190,1362236190,1202811088,1242557725,39892821,"[40035544, 39968272, 39674649]"
53,1997,meta-llama/Llama-3.1-8B-mini4L,2048,4,0,1401723988,1401723988,1242557725,1282593269,39710239,"[39968272, 39674649, 39487798]"
53,2069,meta-llama/Llama-3.1-8B-mini4L,2048,4,0,1441452023,1441452023,1282593269,1322561541,39630160,"[39674649, 39487798, 39728035]"
53,2141,meta-llama/Llama-3.1-8B-mini4L,2048,4,0,1481438604,1481438604,1322561541,1362236190,39734138,"[39487798, 39728035, 39986581]"
53,2213,meta-llama/Llama-3.1-8B-mini4L,2048,4,0,1521209545,1521209545,1362236190,1401723988,39828519,"[39728035, 39986581, 39770941]"
53,2285,meta-llama/Llama-3.1-8B-mini4L,2048,4,0,1560770610,1560770610,1401723988,1441452023,39772862,"[39986581, 39770941, 39561065]"
53,2357,meta-llama/Llama-3.1-8B-mini4L,2048,4,0,1600480043,1600480043,1441452023,1481438604,39680479,"[39770941, 39561065, 39709433]"
53,2429,meta-llama/Llama-3.1-8B-mini4L,2048,4,0,1640268769,1640268769,1481438604,1521209545,39686408,"[39561065, 39709433, 39788726]"
53,2501,meta-llama/Llama-3.1-8B-mini4L,2048,4,0,1680031064,1680031064,1521209545,1560770610,39753484,"[39709433, 39788726, 39762295]"
53,2573,meta-llama/Llama-3.1-8B-mini4L,2048,4,0,1719785761,1719785761,1560770610,1600480043,39768572,"[39788726, 39762295, 39754697]"
53,2645,meta-llama/Llama-3.1-8B-mini4L,2048,4,0,1759502761,1759502761,1600480043,1640268769,39744664,"[39762295, 39754697, 39717000]"
53,2717,meta-llama/Llama-3.1-8B-mini4L,2048,4,0,1799219761,1799219761,1640268769,1680031064,39729565,"[39754697, 39717000, 39717000]"
53,2789,meta-llama/Llama-3.1-8B-mini4L,2048,4,0,1838962930,1838962930,1680031064,1719785761,39725723,"[39717000, 39717000, 39743169]"
53,2861,meta-llama/Llama-3.1-8B-mini4L,2048,4,0,1878706099,1878706099,1719785761,1759502761,39734446,"[39717000, 39743169, 39743169]"
53,2933,meta-llama/Llama-3.1-8B-mini4L,2048,4,0,1905724988,1905724988,1759502761,1799219761,35501742,"[39743169, 39743169, 27018889]"
53,3005,meta-llama/Llama-3.1-8B-mini4L,2048,4,0,1908597901,1908597901,1799219761,1838962930,23211657,"[39743169, 27018889, 2872913]"
53,3077,meta-llama/Llama-3.1-8B-mini4L,2048,4,0,1910808937,1910808937,1838962930,1878706099,10700946,"[27018889, 2872913, 2211036]"
53,3149,meta-llama/Llama-3.1-8B-mini4L,2048,4,0,1912902547,1912902547,1878706099,1905724988,2392519,"[2872913, 2211036, 2093610]"
53,3221,meta-llama/Llama-3.1-8B-mini4L,2056,4,3000000000,7649487005,4649487005,322129,4642839883,2215707,"[2215622, 2215706, 2215794]"
53,3293,meta-llama/Llama-3.1-8B-mini4L,2056,4,3000000000,7649487005,4649487005,322129,4642839883,2215707,"[2215622, 2215706, 2215794]"
53,3365,meta-llama/Llama-3.1-8B-mini4L,2056,4,3000000000,7649487005,4649487005,322129,4642839883,2215707,"[2215622, 2215706, 2215794]"
53,3437,meta-llama/Llama-3.1-8B-mini4L,2056,4,3000000000,7649487005,4649487005,322129,4642839883,2215707,"[2215622, 2215706, 2215794]"
53,3509,meta-llama/Llama-3.1-8B-mini4L,2056,4,3000000000,7649487005,4649487005,322129,4642839883,2215707,"[2215622, 2215706, 2215794]"
53,3581,meta-llama/Llama-3.1-8B-mini4L,2056,4,3000000000,7649487005,4649487005,322129,4642839883,2215707,"[2215622, 2215706, 2215794]"
53,3653,meta-llama/Llama-3.1-8B-mini4L,2056,4,3000000000,7649487005,4649487005,322129,4642839883,2215707,"[2215622, 2215706, 2215794]"
53,3725,meta-llama/Llama-3.1-8B-mini4L,2056,4,3000000000,7649487005,4649487005,322129,4642839883,2215707,"[2215622, 2215706, 2215794]"
53,3797,meta-llama/Llama-3.1-8B-mini4L,2056,4,3000000000,13834724765,10834724765,4649487005,10828077643,2215707,"[2215622, 2215706, 2215794]"
53,3869,meta-llama/Llama-3.1-8B-mini4L,2056,4,3000000000,13834724765,10834724765,4649487005,10828077643,2215707,"[2215622, 2215706, 2215794]"
53,3941,meta-llama/Llama-3.1-8B-mini4L,2056,4,3000000000,13834724765,10834724765,4649487005,10828077643,2215707,"[2215622, 2215706, 2215794]"
53,4013,meta-llama/Llama-3.1-8B-mini4L,2056,4,3000000000,13834724765,10834724765,4649487005,10828077643,2215707,"[2215622, 2215706, 2215794]"
53,4085,meta-llama/Llama-3.1-8B-mini4L,2056,4,3000000000,13834724765,10834724765,4649487005,10828077643,2215707,"[2215622, 2215706, 2215794]"
53,4157,meta-llama/Llama-3.1-8B-mini4L,2056,4,3000000000,13834724765,10834724765,4649487005,10828077643,2215707,"[2215622, 2215706, 2215794]"
53,4229,meta-llama/Llama-3.1-8B-mini4L,2056,4,3000000000,13834724765,10834724765,4649487005,10828077643,2215707,"[2215622, 2215706, 2215794]"
53,4301,meta-llama/Llama-3.1-8B-mini4L,2056,4,3000000000,13834724765,10834724765,4649487005,10828077643,2215707,"[2215622, 2215706, 2215794]"
53,4373,meta-llama/Llama-3.1-8B-mini4L,2056,4,3000000000,20019962525,17019962525,10834724765,17013315403,2215707,"[2215622, 2215706, 2215794]"
53,4445,meta-llama/Llama-3.1-8B-mini4L,2056,4,3000000000,20019962525,17019962525,10834724765,17013315403,2215707,"[2215622, 2215706, 2215794]"
53,4517,meta-llama/Llama-3.1-8B-mini4L,2056,4,3000000000,20019962525,17019962525,10834724765,17013315403,2215707,"[2215622, 2215706, 2215794]"
53,4589,meta-llama/Llama-3.1-8B-mini4L,2056,4,3000000000,20019962525,17019962525,10834724765,17013315403,2215707,"[2215622, 2215706, 2215794]"
53,4661,meta-llama/Llama-3.1-8B-mini4L,2056,4,3000000000,20019962525,17019962525,10834724765,17013315403,2215707,"[2215622, 2215706, 2215794]"
53,4733,meta-llama/Llama-3.1-8B-mini4L,2056,4,3000000000,20019962525,17019962525,10834724765,17013315403,2215707,"[2215622, 2215706, 2215794]"
53,4805,meta-llama/Llama-3.1-8B-mini4L,2056,4,3000000000,20019962525,17019962525,10834724765,17013315403,2215707,"[2215622, 2215706, 2215794]"
53,4877,meta-llama/Llama-3.1-8B-mini4L,2056,4,3000000000,20019962525,17019962525,10834724765,17013315403,2215707,"[2215622, 2215706, 2215794]"
53,4949,meta-llama/Llama-3.1-8B-mini4L,2056,4,3000000000,26205200285,23205200285,17019962525,23198553163,2215707,"[2215622, 2215706, 2215794]"
53,5021,meta-llama/Llama-3.1-8B-mini4L,2056,4,3000000000,26205200285,23205200285,17019962525,23198553163,2215707,"[2215622, 2215706, 2215794]"
53,5093,meta-llama/Llama-3.1-8B-mini4L,2056,4,3000000000,26205200285,23205200285,17019962525,23198553163,2215707,"[2215622, 2215706, 2215794]"
53,5165,meta-llama/Llama-3.1-8B-mini4L,2056,4,3000000000,26205200285,23205200285,17019962525,23198553163,2215707,"[2215622, 2215706, 2215794]"
53,5237,meta-llama/Llama-3.1-8B-mini4L,2056,4,3000000000,26205200285,23205200285,17019962525,23198553163,2215707,"[2215622, 2215706, 2215794]"
53,5309,meta-llama/Llama-3.1-8B-mini4L,2056,4,3000000000,26205200285,23205200285,17019962525,23198553163,2215707,"[2215622, 2215706, 2215794]"
53,5381,meta-llama/Llama-3.1-8B-mini4L,2056,4,3000000000,26205200285,23205200285,17019962525,23198553163,2215707,"[2215622, 2215706, 2215794]"
53,5453,meta-llama/Llama-3.1-8B-mini4L,2056,4,3000000000,26205200285,23205200285,17019962525,23198553163,2215707,"[2215622, 2215706, 2215794]"
53,5525,meta-llama/Llama-3.1-8B-mini4L,2056,4,3000000000,32390438045,29390438045,23205200285,29383790923,2215707,"[2215622, 2215706, 2215794]"
53,5597,meta-llama/Llama-3.1-8B-mini4L,2056,4,3000000000,32390438045,29390438045,23205200285,29383790923,2215707,"[2215622, 2215706, 2215794]"
53,5669,meta-llama/Llama-3.1-8B-mini4L,2056,4,3000000000,32390438045,29390438045,23205200285,29383790923,2215707,"[2215622, 2215706, 2215794]"
53,5741,meta-llama/Llama-3.1-8B-mini4L,2056,4,3000000000,32390438045,29390438045,23205200285,29383790923,2215707,"[2215622, 2215706, 2215794]"
53,5813,meta-llama/Llama-3.1-8B-mini4L,2056,4,3000000000,32390438045,29390438045,23205200285,29383790923,2215707,"[2215622, 2215706, 2215794]"
53,5885,meta-llama/Llama-3.1-8B-mini4L,2056,4,3000000000,32390438045,29390438045,23205200285,29383790923,2215707,"[2215622, 2215706, 2215794]"
53,5957,meta-llama/Llama-3.1-8B-mini4L,2056,4,3000000000,32390438045,29390438045,23205200285,29383790923,2215707,"[2215622, 2215706, 2215794]"
53,6029,meta-llama/Llama-3.1-8B-mini4L,2056,4,3000000000,32390438045,29390438045,23205200285,29383790923,2215707,"[2215622, 2215706, 2215794]"
53,6101,meta-llama/Llama-3.1-8B-mini4L,2056,4,3000000000,36540662308,33540662308,29390438045,33534224326,2145994,"[2145938, 2145994, 2146050]"
53,6173,meta-llama/Llama-3.1-8B-mini4L,2056,4,3000000000,36540662308,33540662308,29390438045,33534224326,2145994,"[2145938, 2145994, 2146050]"
53,6245,meta-llama/Llama-3.1-8B-mini4L,2056,4,3000000000,36540662308,33540662308,29390438045,33534224326,2145994,"[2145938, 2145994, 2146050]"
53,6317,meta-llama/Llama-3.1-8B-mini4L,2056,4,3000000000,36540662308,33540662308,29390438045,33534224326,2145994,"[2145938, 2145994, 2146050]"
53,6389,meta-llama/Llama-3.1-8B-mini4L,2056,4,3000000000,36540662308,33540662308,29390438045,33534224326,2145994,"[2145938, 2145994, 2146050]"
54,54,meta-llama/Llama-3.1-8B-mini4L,2048,4,0,188596968,188596968,1,39938837,49552710,"[48887602, 49863356, 49907173]"
54,126,meta-llama/Llama-3.1-8B-mini4L,2048,4,0,288450688,288450688,88826439,138689795,49920297,"[49907173, 49906421, 49947299]"
54,198,meta-llama/Llama-3.1-8B-mini4L,2048,4,0,338396935,338396935,138689795,188596968,49933322,"[49906421, 49947299, 49946247]"
54,270,meta-llama/Llama-3.1-8B-mini4L,2048,4,0,388342126,388342126,188596968,238503389,49946245,"[49947299, 49946247, 49945191]"
54,342,meta-llama/Llama-3.1-8B-mini4L,2048,4,0,438286261,438286261,238503389,288450688,49945191,"[49946247, 49945191, 49944135]"
54,414,meta-llama/Llama-3.1-8B-mini4L,2048,4,0,488229340,488229340,288450688,338396935,49944135,"[49945191, 49944135, 49943079]"
54,486,meta-llama/Llama-3.1-8B-mini4L,2048,4,0,538254454,538254454,338396935,388342126,49970776,"[49944135, 49943079, 50025114]"
54,558,meta-llama/Llama-3.1-8B-mini4L,2048,4,0,586757622,586757622,388342126,438286261,49490453,"[49943079, 50025114, 48503168]"
54,630,meta-llama/Llama-3.1-8B-mini4L,2048,4,0,633737792,633737792,438286261,488229340,48502817,"[50025114, 48503168, 46980170]"
54,702,meta-llama/Llama-3.1-8B-mini4L,2048,4,0,679194702,679194702,488229340,538254454,46980082,"[48503168, 46980170, 45456910]"
54,774,meta-llama/Llama-3.1-8B-mini4L,2048,4,0,723129138,723129138,538254454,586757622,45457172,"[46980170, 45456910, 43934436]"
54,846,meta-llama/Llama-3.1-8B-mini4L,2048,4,0,765541096,765541096,586757622,633737792,43934434,"[45456910, 43934436, 42411958]"
54,918,meta-llama/Llama-3.1-8B-mini4L,2048,4,0,805850158,805850158,633737792,679194702,42218485,"[43934436, 42411958, 40309062]"
54,990,meta-llama/Llama-3.1-8B-mini4L,2048,4,0,844811936,844811936,679194702,723129138,40560932,"[42411958, 40309062, 38961778]"
54,1062,meta-llama/Llama-3.1-8B-mini4L,2048,4,0,884990146,884990146,723129138,765541096,39816350,"[40309062, 38961778, 40178210]"
54,1134,meta-llama/Llama-3.1-8B-mini4L,2048,4,0,925123354,925123354,765541096,805850158,39757732,"[38961778, 40178210, 40133208]"
54,1206,meta-llama/Llama-3.1-8B-mini4L,2048,4,0,965296848,965296848,805850158,844811936,40161637,"[40178210, 40133208, 40173494]"
54,1278,meta-llama/Llama-3.1-8B-mini4L,2048,4,0,1004708266,1004708266,844811936,884990146,39906040,"[40133208, 40173494, 39411418]"
54,1350,meta-llama/Llama-3.1-8B-mini4L,2048,4,0,1044092467,1044092467,884990146,925123354,39656371,"[40173494, 39411418, 39384201]"
54,1422,meta-llama/Llama-3.1-8B-mini4L,2048,4,0,1084150543,1084150543,925123354,965296848,39617898,"[39411418, 39384201, 40058076]"
54,1494,meta-llama/Llama-3.1-8B-mini4L,2048,4,0,1124193685,1124193685,965296848,1004708266,39828473,"[39384201, 40058076, 40043142]"
54,1566,meta-llama/Llama-3.1-8B-mini4L,2048,4,0,1164021187,1164021187,1004708266,1044092467,39976240,"[40058076, 40043142, 39827502]"
54,1638,meta-llama/Llama-3.1-8B-mini4L,2048,4,0,1203444364,1203444364,1044092467,1084150543,39764607,"[40043142, 39827502, 39423177]"
54,1710,meta-llama/Llama-3.1-8B-mini4L,2048,4,0,1243110136,1243110136,1084150543,1124193685,39638817,"[39827502, 39423177, 39665772]"
54,1782,meta-llama/Llama-3.1-8B-mini4L,2048,4,0,1283118725,1283118725,1124193685,1164021187,39699179,"[39423177, 39665772, 40008589]"
54,1854,meta-llama/Llama-3.1-8B-mini4L,2048,4,0,1323086997,1323086997,1164021187,1203444364,39880877,"[39665772, 40008589, 39968272]"
54,1926,meta-llama/Llama-3.1-8B-mini4L,2048,4,0,1362841725,1362841725,1203444364,1243110136,39910529,"[40008589, 39968272, 39754728]"
54,1998,meta-llama/Llama-3.1-8B-mini4L,2048,4,0,1402249444,1402249444,1243110136,1283118725,39710239,"[39968272, 39754728, 39407719]"
54,2070,meta-llama/Llama-3.1-8B-mini4L,2048,4,0,1442004172,1442004172,1283118725,1323086997,39639058,"[39754728, 39407719, 39754728]"
54,2142,meta-llama/Llama-3.1-8B-mini4L,2048,4,0,1481990491,1481990491,1323086997,1362841725,39716255,"[39407719, 39754728, 39986319]"
54,2214,meta-llama/Llama-3.1-8B-mini4L,2048,4,0,1521761694,1521761694,1362841725,1402249444,39837416,"[39754728, 39986319, 39771203]"
54,2286,meta-llama/Llama-3.1-8B-mini4L,2048,4,0,1561322497,1561322497,1402249444,1442004172,39772775,"[39986319, 39771203, 39560803]"
54,2358,meta-llama/Llama-3.1-8B-mini4L,2048,4,0,1601031930,1601031930,1442004172,1481990491,39680479,"[39771203, 39560803, 39709433]"
54,2430,meta-llama/Llama-3.1-8B-mini4L,2048,4,0,1640794225,1640794225,1481990491,1521761694,39677510,"[39560803, 39709433, 39762295]"
54,2502,meta-llama/Llama-3.1-8B-mini4L,2048,4,0,1680582951,1680582951,1521761694,1561322497,39753484,"[39709433, 39762295, 39788726]"
54,2574,meta-llama/Llama-3.1-8B-mini4L,2048,4,0,1720337386,1720337386,1561322497,1601031930,39768485,"[39762295, 39788726, 39754435]"
54,2646,meta-llama/Llama-3.1-8B-mini4L,2048,4,0,1760054386,1760054386,1601031930,1640794225,39753387,"[39788726, 39754435, 39717000]"
54,2718,meta-llama/Llama-3.1-8B-mini4L,2048,4,0,1799745217,1799745217,1640794225,1680582951,39720755,"[39754435, 39717000, 39690831]"
54,2790,meta-llama/Llama-3.1-8B-mini4L,2048,4,0,1839488386,1839488386,1680582951,1720337386,39717000,"[39717000, 39690831, 39743169]"
54,2862,meta-llama/Llama-3.1-8B-mini4L,2048,4,0,1879231555,1879231555,1720337386,1760054386,39725723,"[39690831, 39743169, 39743169]"
54,2934,meta-llama/Llama-3.1-8B-mini4L,2048,4,0,1905757788,1905757788,1760054386,1799745217,35337523,"[39743169, 39743169, 26526233]"
54,3006,meta-llama/Llama-3.1-8B-mini4L,2048,4,0,1908598790,1908598790,1799745217,1839488386,23036801,"[39743169, 26526233, 2841002]"
54,3078,meta-llama/Llama-3.1-8B-mini4L,2048,4,0,1910809570,1910809570,1839488386,1879231555,10526005,"[26526233, 2841002, 2210780]"
54,3150,meta-llama/Llama-3.1-8B-mini4L,2048,4,0,1912902923,1912902923,1879231555,1905757788,2381711,"[2841002, 2210780, 2093353]"
54,3222,meta-llama/Llama-3.1-8B-mini4L,2056,4,3000000000,7735393085,4735393085,322129,4728745963,2215707,"[2215622, 2215706, 2215794]"
54,3294,meta-llama/Llama-3.1-8B-mini4L,2056,4,3000000000,7735393085,4735393085,322129,4728745963,2215707,"[2215622, 2215706, 2215794]"
54,3366,meta-llama/Llama-3.1-8B-mini4L,2056,4,3000000000,7735393085,4735393085,322129,4728745963,2215707,"[2215622, 2215706, 2215794]"
54,3438,meta-llama/Llama-3.1-8B-mini4L,2056,4,3000000000,7735393085,4735393085,322129,4728745963,2215707,"[2215622, 2215706, 2215794]"
54,3510,meta-llama/Llama-3.1-8B-mini4L,2056,4,3000000000,7735393085,4735393085,322129,4728745963,2215707,"[2215622, 2215706, 2215794]"
54,3582,meta-llama/Llama-3.1-8B-mini4L,2056,4,3000000000,7735393085,4735393085,322129,4728745963,2215707,"[2215622, 2215706, 2215794]"
54,3654,meta-llama/Llama-3.1-8B-mini4L,2056,4,3000000000,7735393085,4735393085,322129,4728745963,2215707,"[2215622, 2215706, 2215794]"
54,3726,meta-llama/Llama-3.1-8B-mini4L,2056,4,3000000000,7735393085,4735393085,322129,4728745963,2215707,"[2215622, 2215706, 2215794]"
54,3798,meta-llama/Llama-3.1-8B-mini4L,2056,4,3000000000,13920630845,10920630845,4735393085,10913983723,2215707,"[2215622, 2215706, 2215794]"
54,3870,meta-llama/Llama-3.1-8B-mini4L,2056,4,3000000000,13920630845,10920630845,4735393085,10913983723,2215707,"[2215622, 2215706, 2215794]"
54,3942,meta-llama/Llama-3.1-8B-mini4L,2056,4,3000000000,13920630845,10920630845,4735393085,10913983723,2215707,"[2215622, 2215706, 2215794]"
54,4014,meta-llama/Llama-3.1-8B-mini4L,2056,4,3000000000,13920630845,10920630845,4735393085,10913983723,2215707,"[2215622, 2215706, 2215794]"
54,4086,meta-llama/Llama-3.1-8B-mini4L,2056,4,3000000000,13920630845,10920630845,4735393085,10913983723,2215707,"[2215622, 2215706, 2215794]"
54,4158,meta-llama/Llama-3.1-8B-mini4L,2056,4,3000000000,13920630845,10920630845,4735393085,10913983723,2215707,"[2215622, 2215706, 2215794]"
54,4230,meta-llama/Llama-3.1-8B-mini4L,2056,4,3000000000,13920630845,10920630845,4735393085,10913983723,2215707,"[2215622, 2215706, 2215794]"
54,4302,meta-llama/Llama-3.1-8B-mini4L,2056,4,3000000000,13920630845,10920630845,4735393085,10913983723,2215707,"[2215622, 2215706, 2215794]"
54,4374,meta-llama/Llama-3.1-8B-mini4L,2056,4,3000000000,20105868605,17105868605,10920630845,17099221483,2215707,"[2215622, 2215706, 2215794]"
54,4446,meta-llama/Llama-3.1-8B-mini4L,2056,4,3000000000,20105868605,17105868605,10920630845,17099221483,2215707,"[2215622, 2215706, 2215794]"
54,4518,meta-llama/Llama-3.1-8B-mini4L,2056,4,3000000000,20105868605,17105868605,10920630845,17099221483,2215707,"[2215622, 2215706, 2215794]"
54,4590,meta-llama/Llama-3.1-8B-mini4L,2056,4,3000000000,20105868605,17105868605,10920630845,17099221483,2215707,"[2215622, 2215706, 2215794]"
54,4662,meta-llama/Llama-3.1-8B-mini4L,2056,4,3000000000,20105868605,17105868605,10920630845,17099221483,2215707,"[2215622, 2215706, 2215794]"
54,4734,meta-llama/Llama-3.1-8B-mini4L,2056,4,3000000000,20105868605,17105868605,10920630845,17099221483,2215707,"[2215622, 2215706, 2215794]"
54,4806,meta-llama/Llama-3.1-8B-mini4L,2056,4,3000000000,20105868605,17105868605,10920630845,17099221483,2215707,"[2215622, 2215706, 2215794]"
54,4878,meta-llama/Llama-3.1-8B-mini4L,2056,4,3000000000,20105868605,17105868605,10920630845,17099221483,2215707,"[2215622, 2215706, 2215794]"
54,4950,meta-llama/Llama-3.1-8B-mini4L,2056,4,3000000000,26291106365,23291106365,17105868605,23284459243,2215707,"[2215622, 2215706, 2215794]"
54,5022,meta-llama/Llama-3.1-8B-mini4L,2056,4,3000000000,26291106365,23291106365,17105868605,23284459243,2215707,"[2215622, 2215706, 2215794]"
54,5094,meta-llama/Llama-3.1-8B-mini4L,2056,4,3000000000,26291106365,23291106365,17105868605,23284459243,2215707,"[2215622, 2215706, 2215794]"
54,5166,meta-llama/Llama-3.1-8B-mini4L,2056,4,3000000000,26291106365,23291106365,17105868605,23284459243,2215707,"[2215622, 2215706, 2215794]"
54,5238,meta-llama/Llama-3.1-8B-mini4L,2056,4,3000000000,26291106365,23291106365,17105868605,23284459243,2215707,"[2215622, 2215706, 2215794]"
54,5310,meta-llama/Llama-3.1-8B-mini4L,2056,4,3000000000,26291106365,23291106365,17105868605,23284459243,2215707,"[2215622, 2215706, 2215794]"
54,5382,meta-llama/Llama-3.1-8B-mini4L,2056,4,3000000000,26291106365,23291106365,17105868605,23284459243,2215707,"[2215622, 2215706, 2215794]"
54,5454,meta-llama/Llama-3.1-8B-mini4L,2056,4,3000000000,26291106365,23291106365,17105868605,23284459243,2215707,"[2215622, 2215706, 2215794]"
54,5526,meta-llama/Llama-3.1-8B-mini4L,2056,4,3000000000,32476344125,29476344125,23291106365,29469697003,2215707,"[2215622, 2215706, 2215794]"
54,5598,meta-llama/Llama-3.1-8B-mini4L,2056,4,3000000000,32476344125,29476344125,23291106365,29469697003,2215707,"[2215622, 2215706, 2215794]"
54,5670,meta-llama/Llama-3.1-8B-mini4L,2056,4,3000000000,32476344125,29476344125,23291106365,29469697003,2215707,"[2215622, 2215706, 2215794]"
54,5742,meta-llama/Llama-3.1-8B-mini4L,2056,4,3000000000,32476344125,29476344125,23291106365,29469697003,2215707,"[2215622, 2215706, 2215794]"
54,5814,meta-llama/Llama-3.1-8B-mini4L,2056,4,3000000000,32476344125,29476344125,23291106365,29469697003,2215707,"[2215622, 2215706, 2215794]"
54,5886,meta-llama/Llama-3.1-8B-mini4L,2056,4,3000000000,32476344125,29476344125,23291106365,29469697003,2215707,"[2215622, 2215706, 2215794]"
54,5958,meta-llama/Llama-3.1-8B-mini4L,2056,4,3000000000,32476344125,29476344125,23291106365,29469697003,2215707,"[2215622, 2215706, 2215794]"
54,6030,meta-llama/Llama-3.1-8B-mini4L,2056,4,3000000000,32476344125,29476344125,23291106365,29469697003,2215707,"[2215622, 2215706, 2215794]"
54,6102,meta-llama/Llama-3.1-8B-mini4L,2056,4,3000000000,36595111108,33595111108,29476344125,33588673126,2145994,"[2145938, 2145994, 2146050]"
54,6174,meta-llama/Llama-3.1-8B-mini4L,2056,4,3000000000,36595111108,33595111108,29476344125,33588673126,2145994,"[2145938, 2145994, 2146050]"
54,6246,meta-llama/Llama-3.1-8B-mini4L,2056,4,3000000000,36595111108,33595111108,29476344125,33588673126,2145994,"[2145938, 2145994, 2146050]"
54,6318,meta-llama/Llama-3.1-8B-mini4L,2056,4,3000000000,36595111108,33595111108,29476344125,33588673126,2145994,"[2145938, 2145994, 2146050]"
54,6390,meta-llama/Llama-3.1-8B-mini4L,2056,4,3000000000,36595111108,33595111108,29476344125,33588673126,2145994,"[2145938, 2145994, 2146050]"
55,55,meta-llama/Llama-3.1-8B-mini4L,2048,4,0,189122424,189122424,1,40464293,49552710,"[48887602, 49863356, 49907173]"
55,127,meta-llama/Llama-3.1-8B-mini4L,2048,4,0,288976144,288976144,89351895,139215251,49920297,"[49907173, 49906421, 49947299]"
55,199,meta-llama/Llama-3.1-8B-mini4L,2048,4,0,338922391,338922391,139215251,189122424,49933322,"[49906421, 49947299, 49946247]"
55,271,meta-llama/Llama-3.1-8B-mini4L,2048,4,0,388867582,388867582,189122424,239028845,49946245,"[49947299, 49946247, 49945191]"
55,343,meta-llama/Llama-3.1-8B-mini4L,2048,4,0,438811717,438811717,239028845,288976144,49945191,"[49946247, 49945191, 49944135]"
55,415,meta-llama/Llama-3.1-8B-mini4L,2048,4,0,488754796,488754796,288976144,338922391,49944135,"[49945191, 49944135, 49943079]"
55,487,meta-llama/Llama-3.1-8B-mini4L,2048,4,0,538779910,538779910,338922391,388867582,49970776,"[49944135, 49943079, 50025114]"
55,559,meta-llama/Llama-3.1-8B-mini4L,2048,4,0,587283078,587283078,388867582,438811717,49490453,"[49943079, 50025114, 48503168]"
55,631,meta-llama/Llama-3.1-8B-mini4L,2048,4,0,634263248,634263248,438811717,488754796,48502817,"[50025114, 48503168, 46980170]"
55,703,meta-llama/Llama-3.1-8B-mini4L,2048,4,0,679720158,679720158,488754796,538779910,46980082,"[48503168, 46980170, 45456910]"
55,775,meta-llama/Llama-3.1-8B-mini4L,2048,4,0,723654594,723654594,538779910,587283078,45457172,"[46980170, 45456910, 43934436]"
55,847,meta-llama/Llama-3.1-8B-mini4L,2048,4,0,766066552,766066552,587283078,634263248,43934434,"[45456910, 43934436, 42411958]"
55,919,meta-llama/Llama-3.1-8B-mini4L,2048,4,0,806403093,806403093,634263248,679720158,42227645,"[43934436, 42411958, 40336541]"
55,991,meta-llama/Llama-3.1-8B-mini4L,2048,4,0,845364609,845364609,679720158,723654594,40570005,"[42411958, 40336541, 38961516]"
55,1063,meta-llama/Llama-3.1-8B-mini4L,2048,4,0,885515602,885515602,723654594,766066552,39816350,"[40336541, 38961516, 40150993]"
55,1135,meta-llama/Llama-3.1-8B-mini4L,2048,4,0,925648810,925648810,766066552,806403093,39748572,"[38961516, 40150993, 40133208]"
55,1207,meta-llama/Llama-3.1-8B-mini4L,2048,4,0,965822304,965822304,806403093,845364609,40152565,"[40150993, 40133208, 40173494]"
55,1279,meta-llama/Llama-3.1-8B-mini4L,2048,4,0,1005369807,1005369807,845364609,885515602,39951401,"[40133208, 40173494, 39547503]"
55,1351,meta-llama/Llama-3.1-8B-mini4L,2048,4,0,1044672357,1044672357,885515602,925648810,39674515,"[40173494, 39547503, 39302550]"
55,1423,meta-llama/Llama-3.1-8B-mini4L,2048,4,0,1084675999,1084675999,925648810,965822304,39617898,"[39547503, 39302550, 40003642]"
55,1495,meta-llama/Llama-3.1-8B-mini4L,2048,4,0,1124719141,1124719141,965822304,1005369807,39783111,"[39302550, 40003642, 40043142]"
55,1567,meta-llama/Llama-3.1-8B-mini4L,2048,4,0,1164573598,1164573598,1005369807,1044672357,39967080,"[40003642, 40043142, 39854457]"
55,1639,meta-llama/Llama-3.1-8B-mini4L,2048,4,0,1204023730,1204023730,1044672357,1084675999,39782577,"[40043142, 39854457, 39450132]"
55,1711,meta-llama/Llama-3.1-8B-mini4L,2048,4,0,1243689502,1243689502,1084675999,1124719141,39656787,"[39854457, 39450132, 39665772]"
55,1783,meta-llama/Llama-3.1-8B-mini4L,2048,4,0,1283644181,1283644181,1124719141,1164573598,39690194,"[39450132, 39665772, 39954679]"
55,1855,meta-llama/Llama-3.1-8B-mini4L,2048,4,0,1323612453,1323612453,1164573598,1204023730,39862907,"[39665772, 39954679, 39968272]"
55,1927,meta-llama/Llama-3.1-8B-mini4L,2048,4,0,1363367181,1363367181,1204023730,1243689502,39892559,"[39954679, 39968272, 39754728]"
55,1999,meta-llama/Llama-3.1-8B-mini4L,2048,4,0,1402774900,1402774900,1243689502,1283644181,39710239,"[39968272, 39754728, 39407719]"
55,2071,meta-llama/Llama-3.1-8B-mini4L,2048,4,0,1442529628,1442529628,1283644181,1323612453,39639058,"[39754728, 39407719, 39754728]"
55,2143,meta-llama/Llama-3.1-8B-mini4L,2048,4,0,1482542378,1482542378,1323612453,1363367181,39725065,"[39407719, 39754728, 40012750]"
55,2215,meta-llama/Llama-3.1-8B-mini4L,2048,4,0,1522313843,1522313843,1363367181,1402774900,39846314,"[39754728, 40012750, 39771465]"
55,2287,meta-llama/Llama-3.1-8B-mini4L,2048,4,0,1561900815,1561900815,1402774900,1442529628,39790395,"[40012750, 39771465, 39586972]"
55,2359,meta-llama/Llama-3.1-8B-mini4L,2048,4,0,1601583817,1601583817,1442529628,1482542378,39680479,"[39771465, 39586972, 39683002]"
55,2431,meta-llama/Llama-3.1-8B-mini4L,2048,4,0,1641346112,1641346112,1482542378,1522313843,39677423,"[39586972, 39683002, 39762295]"
55,2503,meta-llama/Llama-3.1-8B-mini4L,2048,4,0,1681108407,1681108407,1522313843,1561900815,39735864,"[39683002, 39762295, 39762295]"
55,2575,meta-llama/Llama-3.1-8B-mini4L,2048,4,0,1720862842,1720862842,1561900815,1601583817,39759675,"[39762295, 39762295, 39754435]"
55,2647,meta-llama/Llama-3.1-8B-mini4L,2048,4,0,1760579842,1760579842,1601583817,1641346112,39744576,"[39762295, 39754435, 39717000]"
55,2719,meta-llama/Llama-3.1-8B-mini4L,2048,4,0,1800296842,1800296842,1641346112,1681108407,39729478,"[39754435, 39717000, 39717000]"
55,2791,meta-llama/Llama-3.1-8B-mini4L,2048,4,0,1840040011,1840040011,1681108407,1720862842,39725723,"[39717000, 39717000, 39743169]"
55,2863,meta-llama/Llama-3.1-8B-mini4L,2048,4,0,1879783180,1879783180,1720862842,1760579842,39734446,"[39717000, 39743169, 39743169]"
55,2935,meta-llama/Llama-3.1-8B-mini4L,2048,4,0,1905790228,1905790228,1760579842,1800296842,35164462,"[39743169, 39743169, 26007048]"
55,3007,meta-llama/Llama-3.1-8B-mini4L,2048,4,0,1908599679,1908599679,1800296842,1840040011,22853222,"[39743169, 26007048, 2809451]"
55,3079,meta-llama/Llama-3.1-8B-mini4L,2048,4,0,1910810323,1910810323,1840040011,1879783180,10342381,"[26007048, 2809451, 2210644]"
55,3151,meta-llama/Llama-3.1-8B-mini4L,2048,4,0,1912903299,1912903299,1879783180,1905790228,2371023,"[2809451, 2210644, 2092976]"
55,3223,meta-llama/Llama-3.1-8B-mini4L,2056,4,3000000000,7821299165,4821299165,322129,4814652043,2215707,"[2215622, 2215706, 2215794]"
55,3295,meta-llama/Llama-3.1-8B-mini4L,2056,4,3000000000,7821299165,4821299165,322129,4814652043,2215707,"[2215622, 2215706, 2215794]"
55,3367,meta-llama/Llama-3.1-8B-mini4L,2056,4,3000000000,7821299165,4821299165,322129,4814652043,2215707,"[2215622, 2215706, 2215794]"
55,3439,meta-llama/Llama-3.1-8B-mini4L,2056,4,3000000000,7821299165,4821299165,322129,4814652043,2215707,"[2215622, 2215706, 2215794]"
55,3511,meta-llama/Llama-3.1-8B-mini4L,2056,4,3000000000,7821299165,4821299165,322129,4814652043,2215707,"[2215622, 2215706, 2215794]"
55,3583,meta-llama/Llama-3.1-8B-mini4L,2056,4,3000000000,7821299165,4821299165,322129,4814652043,2215707,"[2215622, 2215706, 2215794]"
55,3655,meta-llama/Llama-3.1-8B-mini4L,2056,4,3000000000,7821299165,4821299165,322129,4814652043,2215707,"[2215622, 2215706, 2215794]"
55,3727,meta-llama/Llama-3.1-8B-mini4L,2056,4,3000000000,7821299165,4821299165,322129,4814652043,2215707,"[2215622, 2215706, 2215794]"
55,3799,meta-llama/Llama-3.1-8B-mini4L,2056,4,3000000000,14006536925,11006536925,4821299165,10999889803,2215707,"[2215622, 2215706, 2215794]"
55,3871,meta-llama/Llama-3.1-8B-mini4L,2056,4,3000000000,14006536925,11006536925,4821299165,10999889803,2215707,"[2215622, 2215706, 2215794]"
55,3943,meta-llama/Llama-3.1-8B-mini4L,2056,4,3000000000,14006536925,11006536925,4821299165,10999889803,2215707,"[2215622, 2215706, 2215794]"
55,4015,meta-llama/Llama-3.1-8B-mini4L,2056,4,3000000000,14006536925,11006536925,4821299165,10999889803,2215707,"[2215622, 2215706, 2215794]"
55,4087,meta-llama/Llama-3.1-8B-mini4L,2056,4,3000000000,14006536925,11006536925,4821299165,10999889803,2215707,"[2215622, 2215706, 2215794]"
55,4159,meta-llama/Llama-3.1-8B-mini4L,2056,4,3000000000,14006536925,11006536925,4821299165,10999889803,2215707,"[2215622, 2215706, 2215794]"
55,4231,meta-llama/Llama-3.1-8B-mini4L,2056,4,3000000000,14006536925,11006536925,4821299165,10999889803,2215707,"[2215622, 2215706, 2215794]"
55,4303,meta-llama/Llama-3.1-8B-mini4L,2056,4,3000000000,14006536925,11006536925,4821299165,10999889803,2215707,"[2215622, 2215706, 2215794]"
55,4375,meta-llama/Llama-3.1-8B-mini4L,2056,4,3000000000,20191774685,17191774685,11006536925,17185127563,2215707,"[2215622, 2215706, 2215794]"
55,4447,meta-llama/Llama-3.1-8B-mini4L,2056,4,3000000000,20191774685,17191774685,11006536925,17185127563,2215707,"[2215622, 2215706, 2215794]"
55,4519,meta-llama/Llama-3.1-8B-mini4L,2056,4,3000000000,20191774685,17191774685,11006536925,17185127563,2215707,"[2215622, 2215706, 2215794]"
55,4591,meta-llama/Llama-3.1-8B-mini4L,2056,4,3000000000,20191774685,17191774685,11006536925,17185127563,2215707,"[2215622, 2215706, 2215794]"
55,4663,meta-llama/Llama-3.1-8B-mini4L,2056,4,3000000000,20191774685,17191774685,11006536925,17185127563,2215707,"[2215622, 2215706, 2215794]"
55,4735,meta-llama/Llama-3.1-8B-mini4L,2056,4,3000000000,20191774685,17191774685,11006536925,17185127563,2215707,"[2215622, 2215706, 2215794]"
55,4807,meta-llama/Llama-3.1-8B-mini4L,2056,4,3000000000,20191774685,17191774685,11006536925,17185127563,2215707,"[2215622, 2215706, 2215794]"
55,4879,meta-llama/Llama-3.1-8B-mini4L,2056,4,3000000000,20191774685,17191774685,11006536925,17185127563,2215707,"[2215622, 2215706, 2215794]"
55,4951,meta-llama/Llama-3.1-8B-mini4L,2056,4,3000000000,26377012445,23377012445,17191774685,23370365323,2215707,"[2215622, 2215706, 2215794]"
55,5023,meta-llama/Llama-3.1-8B-mini4L,2056,4,3000000000,26377012445,23377012445,17191774685,23370365323,2215707,"[2215622, 2215706, 2215794]"
55,5095,meta-llama/Llama-3.1-8B-mini4L,2056,4,3000000000,26377012445,23377012445,17191774685,23370365323,2215707,"[2215622, 2215706, 2215794]"
55,5167,meta-llama/Llama-3.1-8B-mini4L,2056,4,3000000000,26377012445,23377012445,17191774685,23370365323,2215707,"[2215622, 2215706, 2215794]"
55,5239,meta-llama/Llama-3.1-8B-mini4L,2056,4,3000000000,26377012445,23377012445,17191774685,23370365323,2215707,"[2215622, 2215706, 2215794]"
55,5311,meta-llama/Llama-3.1-8B-mini4L,2056,4,3000000000,26377012445,23377012445,17191774685,23370365323,2215707,"[2215622, 2215706, 2215794]"
55,5383,meta-llama/Llama-3.1-8B-mini4L,2056,4,3000000000,26377012445,23377012445,17191774685,23370365323,2215707,"[2215622, 2215706, 2215794]"
55,5455,meta-llama/Llama-3.1-8B-mini4L,2056,4,3000000000,26377012445,23377012445,17191774685,23370365323,2215707,"[2215622, 2215706, 2215794]"
55,5527,meta-llama/Llama-3.1-8B-mini4L,2056,4,3000000000,32562250205,29562250205,23377012445,29555603083,2215707,"[2215622, 2215706, 2215794]"
55,5599,meta-llama/Llama-3.1-8B-mini4L,2056,4,3000000000,32562250205,29562250205,23377012445,29555603083,2215707,"[2215622, 2215706, 2215794]"
55,5671,meta-llama/Llama-3.1-8B-mini4L,2056,4,3000000000,32562250205,29562250205,23377012445,29555603083,2215707,"[2215622, 2215706, 2215794]"
55,5743,meta-llama/Llama-3.1-8B-mini4L,2056,4,3000000000,32562250205,29562250205,23377012445,29555603083,2215707,"[2215622, 2215706, 2215794]"
55,5815,meta-llama/Llama-3.1-8B-mini4L,2056,4,3000000000,32562250205,29562250205,23377012445,29555603083,2215707,"[2215622, 2215706, 2215794]"
55,5887,meta-llama/Llama-3.1-8B-mini4L,2056,4,3000000000,32562250205,29562250205,23377012445,29555603083,2215707,"[2215622, 2215706, 2215794]"
55,5959,meta-llama/Llama-3.1-8B-mini4L,2056,4,3000000000,32562250205,29562250205,23377012445,29555603083,2215707,"[2215622, 2215706, 2215794]"
55,6031,meta-llama/Llama-3.1-8B-mini4L,2056,4,3000000000,32562250205,29562250205,23377012445,29555603083,2215707,"[2215622, 2215706, 2215794]"
55,6103,meta-llama/Llama-3.1-8B-mini4L,2056,4,3000000000,36649559908,33649559908,29562250205,33643121926,2145994,"[2145938, 2145994, 2146050]"
55,6175,meta-llama/Llama-3.1-8B-mini4L,2056,4,3000000000,36649559908,33649559908,29562250205,33643121926,2145994,"[2145938, 2145994, 2146050]"
55,6247,meta-llama/Llama-3.1-8B-mini4L,2056,4,3000000000,36649559908,33649559908,29562250205,33643121926,2145994,"[2145938, 2145994, 2146050]"
55,6319,meta-llama/Llama-3.1-8B-mini4L,2056,4,3000000000,36649559908,33649559908,29562250205,33643121926,2145994,"[2145938, 2145994, 2146050]"
55,6391,meta-llama/Llama-3.1-8B-mini4L,2056,4,3000000000,36649559908,33649559908,29562250205,33643121926,2145994,"[2145938, 2145994, 2146050]"
56,56,meta-llama/Llama-3.1-8B-mini4L,2048,4,0,189647880,189647880,1,40989749,49552710,"[48887602, 49863356, 49907173]"
56,128,meta-llama/Llama-3.1-8B-mini4L,2048,4,0,289501600,289501600,89877351,139740707,49920297,"[49907173, 49906421, 49947299]"
56,200,meta-llama/Llama-3.1-8B-mini4L,2048,4,0,339447847,339447847,139740707,189647880,49933322,"[49906421, 49947299, 49946247]"
56,272,meta-llama/Llama-3.1-8B-mini4L,2048,4,0,389393038,389393038,189647880,239554301,49946245,"[49947299, 49946247, 49945191]"
56,344,meta-llama/Llama-3.1-8B-mini4L,2048,4,0,439337173,439337173,239554301,289501600,49945191,"[49946247, 49945191, 49944135]"
56,416,meta-llama/Llama-3.1-8B-mini4L,2048,4,0,489280252,489280252,289501600,339447847,49944135,"[49945191, 49944135, 49943079]"
56,488,meta-llama/Llama-3.1-8B-mini4L,2048,4,0,539305366,539305366,339447847,389393038,49970776,"[49944135, 49943079, 50025114]"
56,560,meta-llama/Llama-3.1-8B-mini4L,2048,4,0,587808534,587808534,389393038,439337173,49490453,"[49943079, 50025114, 48503168]"
56,632,meta-llama/Llama-3.1-8B-mini4L,2048,4,0,634788704,634788704,439337173,489280252,48502817,"[50025114, 48503168, 46980170]"
56,704,meta-llama/Llama-3.1-8B-mini4L,2048,4,0,680273093,680273093,489280252,539305366,46989242,"[48503168, 46980170, 45484389]"
56,776,meta-llama/Llama-3.1-8B-mini4L,2048,4,0,724207529,724207529,539305366,587808534,45466331,"[46980170, 45484389, 43934436]"
56,848,meta-llama/Llama-3.1-8B-mini4L,2048,4,0,766592008,766592008,587808534,634788704,43934434,"[45484389, 43934436, 42384479]"
56,920,meta-llama/Llama-3.1-8B-mini4L,2048,4,0,807481484,807481484,634788704,680273093,42402797,"[43934436, 42384479, 40889476]"
56,992,meta-llama/Llama-3.1-8B-mini4L,2048,4,0,846026150,846026150,680273093,724207529,40606207,"[42384479, 40889476, 38544666]"
56,1064,meta-llama/Llama-3.1-8B-mini4L,2048,4,0,886041058,886041058,724207529,766592008,39816350,"[40889476, 38544666, 40014908]"
56,1136,meta-llama/Llama-3.1-8B-mini4L,2048,4,0,926228700,926228700,766592008,807481484,39582405,"[38544666, 40014908, 40187642]"
56,1208,meta-llama/Llama-3.1-8B-mini4L,2048,4,0,966347760,966347760,807481484,846026150,40107203,"[40014908, 40187642, 40119060]"
56,1280,meta-llama/Llama-3.1-8B-mini4L,2048,4,0,1006031348,1006031348,846026150,886041058,39996763,"[40187642, 40119060, 39683588]"
56,1352,meta-llama/Llama-3.1-8B-mini4L,2048,4,0,1045225030,1045225030,886041058,926228700,39665443,"[40119060, 39683588, 39193682]"
56,1424,meta-llama/Llama-3.1-8B-mini4L,2048,4,0,1085201455,1085201455,926228700,966347760,39617898,"[39683588, 39193682, 39976425]"
56,1496,meta-llama/Llama-3.1-8B-mini4L,2048,4,0,1125244597,1125244597,966347760,1006031348,39737749,"[39193682, 39976425, 40043142]"
56,1568,meta-llama/Llama-3.1-8B-mini4L,2048,4,0,1165126009,1165126009,1006031348,1045225030,39966993,"[39976425, 40043142, 39881412]"
56,1640,meta-llama/Llama-3.1-8B-mini4L,2048,4,0,1204630051,1204630051,1045225030,1085201455,39809532,"[40043142, 39881412, 39504042]"
56,1712,meta-llama/Llama-3.1-8B-mini4L,2048,4,0,1244268868,1244268868,1085201455,1125244597,39674757,"[39881412, 39504042, 39638817]"
56,1784,meta-llama/Llama-3.1-8B-mini4L,2048,4,0,1284169637,1284169637,1125244597,1165126009,39681209,"[39504042, 39638817, 39900769]"
56,1856,meta-llama/Llama-3.1-8B-mini4L,2048,4,0,1324164602,1324164602,1165126009,1204630051,39844850,"[39638817, 39900769, 39994965]"
56,1928,meta-llama/Llama-3.1-8B-mini4L,2048,4,0,1363892637,1363892637,1204630051,1244268868,39874589,"[39900769, 39994965, 39728035]"
56,2000,meta-llama/Llama-3.1-8B-mini4L,2048,4,0,1403300356,1403300356,1244268868,1284169637,39710239,"[39994965, 39728035, 39407719]"
56,2072,meta-llama/Llama-3.1-8B-mini4L,2048,4,0,1443055084,1443055084,1284169637,1324164602,39630160,"[39728035, 39407719, 39754728]"
56,2144,meta-llama/Llama-3.1-8B-mini4L,2048,4,0,1483067834,1483067834,1324164602,1363892637,39725065,"[39407719, 39754728, 40012750]"
56,2216,meta-llama/Llama-3.1-8B-mini4L,2048,4,0,1522839299,1522839299,1363892637,1403300356,39846314,"[39754728, 40012750, 39771465]"
56,2288,meta-llama/Llama-3.1-8B-mini4L,2048,4,0,1562452702,1562452702,1403300356,1443055084,39799206,"[40012750, 39771465, 39613403]"
56,2360,meta-llama/Llama-3.1-8B-mini4L,2048,4,0,1602162135,1602162135,1443055084,1483067834,39698100,"[39771465, 39613403, 39709433]"
56,2432,meta-llama/Llama-3.1-8B-mini4L,2048,4,0,1641897999,1641897999,1483067834,1522839299,39686233,"[39613403, 39709433, 39735864]"
56,2504,meta-llama/Llama-3.1-8B-mini4L,2048,4,0,1681660294,1681660294,1522839299,1562452702,39735864,"[39709433, 39735864, 39762295]"
56,2576,meta-llama/Llama-3.1-8B-mini4L,2048,4,0,1721414467,1721414467,1562452702,1602162135,39750777,"[39735864, 39762295, 39754173]"
56,2648,meta-llama/Llama-3.1-8B-mini4L,2048,4,0,1761131467,1761131467,1602162135,1641897999,39744489,"[39762295, 39754173, 39717000]"
56,2720,meta-llama/Llama-3.1-8B-mini4L,2048,4,0,1800822298,1800822298,1641897999,1681660294,39720668,"[39754173, 39717000, 39690831]"
56,2792,meta-llama/Llama-3.1-8B-mini4L,2048,4,0,1840565467,1840565467,1681660294,1721414467,39717000,"[39717000, 39690831, 39743169]"
56,2864,meta-llama/Llama-3.1-8B-mini4L,2048,4,0,1880308636,1880308636,1721414467,1761131467,39725723,"[39690831, 39743169, 39743169]"
56,2936,meta-llama/Llama-3.1-8B-mini4L,2048,4,0,1905822788,1905822788,1761131467,1800822298,35000163,"[39743169, 39743169, 25514152]"
56,3008,meta-llama/Llama-3.1-8B-mini4L,2048,4,0,1908600568,1908600568,1800822298,1840565467,22678367,"[39743169, 25514152, 2777780]"
56,3080,meta-llama/Llama-3.1-8B-mini4L,2048,4,0,1910810956,1910810956,1840565467,1880308636,10167440,"[25514152, 2777780, 2210388]"
56,3152,meta-llama/Llama-3.1-8B-mini4L,2048,4,0,1912903675,1912903675,1880308636,1905822788,2360295,"[2777780, 2210388, 2092719]"
56,3224,meta-llama/Llama-3.1-8B-mini4L,2056,4,3000000000,7907205245,4907205245,322129,4900558123,2215707,"[2215622, 2215706, 2215794]"
56,3296,meta-llama/Llama-3.1-8B-mini4L,2056,4,3000000000,7907205245,4907205245,322129,4900558123,2215707,"[2215622, 2215706, 2215794]"
56,3368,meta-llama/Llama-3.1-8B-mini4L,2056,4,3000000000,7907205245,4907205245,322129,4900558123,2215707,"[2215622, 2215706, 2215794]"
56,3440,meta-llama/Llama-3.1-8B-mini4L,2056,4,3000000000,7907205245,4907205245,322129,4900558123,2215707,"[2215622, 2215706, 2215794]"
56,3512,meta-llama/Llama-3.1-8B-mini4L,2056,4,3000000000,7907205245,4907205245,322129,4900558123,2215707,"[2215622, 2215706, 2215794]"
56,3584,meta-llama/Llama-3.1-8B-mini4L,2056,4,3000000000,7907205245,4907205245,322129,4900558123,2215707,"[2215622, 2215706, 2215794]"
56,3656,meta-llama/Llama-3.1-8B-mini4L,2056,4,3000000000,7907205245,4907205245,322129,4900558123,2215707,"[2215622, 2215706, 2215794]"
56,3728,meta-llama/Llama-3.1-8B-mini4L,2056,4,3000000000,7907205245,4907205245,322129,4900558123,2215707,"[2215622, 2215706, 2215794]"
56,3800,meta-llama/Llama-3.1-8B-mini4L,2056,4,3000000000,14092443005,11092443005,4907205245,11085795883,2215707,"[2215622, 2215706, 2215794]"
56,3872,meta-llama/Llama-3.1-8B-mini4L,2056,4,3000000000,14092443005,11092443005,4907205245,11085795883,2215707,"[2215622, 2215706, 2215794]"
56,3944,meta-llama/Llama-3.1-8B-mini4L,2056,4,3000000000,14092443005,11092443005,4907205245,11085795883,2215707,"[2215622, 2215706, 2215794]"
56,4016,meta-llama/Llama-3.1-8B-mini4L,2056,4,3000000000,14092443005,11092443005,4907205245,11085795883,2215707,"[2215622, 2215706, 2215794]"
56,4088,meta-llama/Llama-3.1-8B-mini4L,2056,4,3000000000,14092443005,11092443005,4907205245,11085795883,2215707,"[2215622, 2215706, 2215794]"
56,4160,meta-llama/Llama-3.1-8B-mini4L,2056,4,3000000000,14092443005,11092443005,4907205245,11085795883,2215707,"[2215622, 2215706, 2215794]"
56,4232,meta-llama/Llama-3.1-8B-mini4L,2056,4,3000000000,14092443005,11092443005,4907205245,11085795883,2215707,"[2215622, 2215706, 2215794]"
56,4304,meta-llama/Llama-3.1-8B-mini4L,2056,4,3000000000,14092443005,11092443005,4907205245,11085795883,2215707,"[2215622, 2215706, 2215794]"
56,4376,meta-llama/Llama-3.1-8B-mini4L,2056,4,3000000000,20277680765,17277680765,11092443005,17271033643,2215707,"[2215622, 2215706, 2215794]"
56,4448,meta-llama/Llama-3.1-8B-mini4L,2056,4,3000000000,20277680765,17277680765,11092443005,17271033643,2215707,"[2215622, 2215706, 2215794]"
56,4520,meta-llama/Llama-3.1-8B-mini4L,2056,4,3000000000,20277680765,17277680765,11092443005,17271033643,2215707,"[2215622, 2215706, 2215794]"
56,4592,meta-llama/Llama-3.1-8B-mini4L,2056,4,3000000000,20277680765,17277680765,11092443005,17271033643,2215707,"[2215622, 2215706, 2215794]"
56,4664,meta-llama/Llama-3.1-8B-mini4L,2056,4,3000000000,20277680765,17277680765,11092443005,17271033643,2215707,"[2215622, 2215706, 2215794]"
56,4736,meta-llama/Llama-3.1-8B-mini4L,2056,4,3000000000,20277680765,17277680765,11092443005,17271033643,2215707,"[2215622, 2215706, 2215794]"
56,4808,meta-llama/Llama-3.1-8B-mini4L,2056,4,3000000000,20277680765,17277680765,11092443005,17271033643,2215707,"[2215622, 2215706, 2215794]"
56,4880,meta-llama/Llama-3.1-8B-mini4L,2056,4,3000000000,20277680765,17277680765,11092443005,17271033643,2215707,"[2215622, 2215706, 2215794]"
56,4952,meta-llama/Llama-3.1-8B-mini4L,2056,4,3000000000,26462918525,23462918525,17277680765,23456271403,2215707,"[2215622, 2215706, 2215794]"
56,5024,meta-llama/Llama-3.1-8B-mini4L,2056,4,3000000000,26462918525,23462918525,17277680765,23456271403,2215707,"[2215622, 2215706, 2215794]"
56,5096,meta-llama/Llama-3.1-8B-mini4L,2056,4,3000000000,26462918525,23462918525,17277680765,23456271403,2215707,"[2215622, 2215706, 2215794]"
56,5168,meta-llama/Llama-3.1-8B-mini4L,2056,4,3000000000,26462918525,23462918525,17277680765,23456271403,2215707,"[2215622, 2215706, 2215794]"
56,5240,meta-llama/Llama-3.1-8B-mini4L,2056,4,3000000000,26462918525,23462918525,17277680765,23456271403,2215707,"[2215622, 2215706, 2215794]"
56,5312,meta-llama/Llama-3.1-8B-mini4L,2056,4,3000000000,26462918525,23462918525,17277680765,23456271403,2215707,"[2215622, 2215706, 2215794]"
56,5384,meta-llama/Llama-3.1-8B-mini4L,2056,4,3000000000,26462918525,23462918525,17277680765,23456271403,2215707,"[2215622, 2215706, 2215794]"
56,5456,meta-llama/Llama-3.1-8B-mini4L,2056,4,3000000000,26462918525,23462918525,17277680765,23456271403,2215707,"[2215622, 2215706, 2215794]"
56,5528,meta-llama/Llama-3.1-8B-mini4L,2056,4,3000000000,32648156285,29648156285,23462918525,29641509163,2215707,"[2215622, 2215706, 2215794]"
56,5600,meta-llama/Llama-3.1-8B-mini4L,2056,4,3000000000,32648156285,29648156285,23462918525,29641509163,2215707,"[2215622, 2215706, 2215794]"
56,5672,meta-llama/Llama-3.1-8B-mini4L,2056,4,3000000000,32648156285,29648156285,23462918525,29641509163,2215707,"[2215622, 2215706, 2215794]"
56,5744,meta-llama/Llama-3.1-8B-mini4L,2056,4,3000000000,32648156285,29648156285,23462918525,29641509163,2215707,"[2215622, 2215706, 2215794]"
56,5816,meta-llama/Llama-3.1-8B-mini4L,2056,4,3000000000,32648156285,29648156285,23462918525,29641509163,2215707,"[2215622, 2215706, 2215794]"
56,5888,meta-llama/Llama-3.1-8B-mini4L,2056,4,3000000000,32648156285,29648156285,23462918525,29641509163,2215707,"[2215622, 2215706, 2215794]"
56,5960,meta-llama/Llama-3.1-8B-mini4L,2056,4,3000000000,32648156285,29648156285,23462918525,29641509163,2215707,"[2215622, 2215706, 2215794]"
56,6032,meta-llama/Llama-3.1-8B-mini4L,2056,4,3000000000,32648156285,29648156285,23462918525,29641509163,2215707,"[2215622, 2215706, 2215794]"
56,6104,meta-llama/Llama-3.1-8B-mini4L,2056,4,3000000000,36704008708,33704008708,29648156285,33697570726,2145994,"[2145938, 2145994, 2146050]"
56,6176,meta-llama/Llama-3.1-8B-mini4L,2056,4,3000000000,36704008708,33704008708,29648156285,33697570726,2145994,"[2145938, 2145994, 2146050]"
56,6248,meta-llama/Llama-3.1-8B-mini4L,2056,4,3000000000,36704008708,33704008708,29648156285,33697570726,2145994,"[2145938, 2145994, 2146050]"
56,6320,meta-llama/Llama-3.1-8B-mini4L,2056,4,3000000000,36704008708,33704008708,29648156285,33697570726,2145994,"[2145938, 2145994, 2146050]"
56,6392,meta-llama/Llama-3.1-8B-mini4L,2056,4,3000000000,36704008708,33704008708,29648156285,33697570726,2145994,"[2145938, 2145994, 2146050]"
57,57,meta-llama/Llama-3.1-8B-mini4L,2048,4,0,190173336,190173336,1,41515205,49552710,"[48887602, 49863356, 49907173]"
57,129,meta-llama/Llama-3.1-8B-mini4L,2048,4,0,290027056,290027056,90402807,140266163,49920297,"[49907173, 49906421, 49947299]"
57,201,meta-llama/Llama-3.1-8B-mini4L,2048,4,0,339973303,339973303,140266163,190173336,49933322,"[49906421, 49947299, 49946247]"
57,273,meta-llama/Llama-3.1-8B-mini4L,2048,4,0,389918494,389918494,190173336,240079757,49946245,"[49947299, 49946247, 49945191]"
57,345,meta-llama/Llama-3.1-8B-mini4L,2048,4,0,439862629,439862629,240079757,290027056,49945191,"[49946247, 49945191, 49944135]"
57,417,meta-llama/Llama-3.1-8B-mini4L,2048,4,0,489805708,489805708,290027056,339973303,49944135,"[49945191, 49944135, 49943079]"
57,489,meta-llama/Llama-3.1-8B-mini4L,2048,4,0,539858563,539858563,339973303,389918494,49980023,"[49944135, 49943079, 50052855]"
57,561,meta-llama/Llama-3.1-8B-mini4L,2048,4,0,588333990,588333990,389918494,439862629,49490453,"[49943079, 50052855, 48475427]"
57,633,meta-llama/Llama-3.1-8B-mini4L,2048,4,0,635314160,635314160,439862629,489805708,48502817,"[50052855, 48475427, 46980170]"
57,705,meta-llama/Llama-3.1-8B-mini4L,2048,4,0,680798549,680798549,489805708,539858563,46979995,"[48475427, 46980170, 45484389]"
57,777,meta-llama/Llama-3.1-8B-mini4L,2048,4,0,724732985,724732985,539858563,588333990,45466331,"[46980170, 45484389, 43934436]"
57,849,meta-llama/Llama-3.1-8B-mini4L,2048,4,0,767117464,767117464,588333990,635314160,43934434,"[45484389, 43934436, 42384479]"
57,921,meta-llama/Llama-3.1-8B-mini4L,2048,4,0,808006940,808006940,635314160,680798549,42402797,"[43934436, 42384479, 40889476]"
57,993,meta-llama/Llama-3.1-8B-mini4L,2048,4,0,846796559,846796559,680798549,724732985,40687858,"[42384479, 40889476, 38789619]"
57,1065,meta-llama/Llama-3.1-8B-mini4L,2048,4,0,886593993,886593993,724732985,767117464,39825509,"[40889476, 38789619, 39797434]"
57,1137,meta-llama/Llama-3.1-8B-mini4L,2048,4,0,926781373,926781373,767117464,808006940,39591477,"[38789619, 39797434, 40187380]"
57,1209,meta-llama/Llama-3.1-8B-mini4L,2048,4,0,966873216,966873216,808006940,846796559,40025552,"[39797434, 40187380, 40091843]"
57,1281,meta-llama/Llama-3.1-8B-mini4L,2048,4,0,1006665672,1006665672,846796559,886593993,40023893,"[40187380, 40091843, 39792456]"
57,1353,meta-llama/Llama-3.1-8B-mini4L,2048,4,0,1045750486,1045750486,886593993,926781373,39656371,"[40091843, 39792456, 39084814]"
57,1425,meta-llama/Llama-3.1-8B-mini4L,2048,4,0,1085753866,1085753866,926781373,966873216,39626883,"[39792456, 39084814, 40003380]"
57,1497,meta-llama/Llama-3.1-8B-mini4L,2048,4,0,1125797008,1125797008,966873216,1006665672,39710445,"[39084814, 40003380, 40043142]"
57,1569,meta-llama/Llama-3.1-8B-mini4L,2048,4,0,1165705375,1165705375,1006665672,1045750486,39984963,"[40003380, 40043142, 39908367]"
57,1641,meta-llama/Llama-3.1-8B-mini4L,2048,4,0,1205182462,1205182462,1045750486,1085753866,39809532,"[40043142, 39908367, 39477087]"
57,1713,meta-llama/Llama-3.1-8B-mini4L,2048,4,0,1244848234,1244848234,1085753866,1125797008,39683742,"[39908367, 39477087, 39665772]"
57,1785,meta-llama/Llama-3.1-8B-mini4L,2048,4,0,1284721786,1284721786,1125797008,1165705375,39672137,"[39477087, 39665772, 39873552]"
57,1857,meta-llama/Llama-3.1-8B-mini4L,2048,4,0,1324716751,1324716751,1165705375,1205182462,39844763,"[39665772, 39873552, 39994965]"
57,1929,meta-llama/Llama-3.1-8B-mini4L,2048,4,0,1364444786,1364444786,1205182462,1244848234,39865517,"[39873552, 39994965, 39728035]"
57,2001,meta-llama/Llama-3.1-8B-mini4L,2048,4,0,1403852505,1403852505,1244848234,1284721786,39710239,"[39994965, 39728035, 39407719]"
57,2073,meta-llama/Llama-3.1-8B-mini4L,2048,4,0,1443580540,1443580540,1284721786,1324716751,39621263,"[39728035, 39407719, 39728035]"
57,2145,meta-llama/Llama-3.1-8B-mini4L,2048,4,0,1483619721,1483619721,1324716751,1364444786,39724978,"[39407719, 39728035, 40039181]"
57,2217,meta-llama/Llama-3.1-8B-mini4L,2048,4,0,1523391448,1523391448,1364444786,1403852505,39846314,"[39728035, 40039181, 39771727]"
57,2289,meta-llama/Llama-3.1-8B-mini4L,2048,4,0,1563083882,1563083882,1403852505,1443580540,39834447,"[40039181, 39771727, 39692434]"
57,2361,meta-llama/Llama-3.1-8B-mini4L,2048,4,0,1602714022,1602714022,1443580540,1483619721,39698100,"[39771727, 39692434, 39630140]"
57,2433,meta-llama/Llama-3.1-8B-mini4L,2048,4,0,1642423455,1642423455,1483619721,1523391448,39677335,"[39692434, 39630140, 39709433]"
57,2505,meta-llama/Llama-3.1-8B-mini4L,2048,4,0,1682185750,1682185750,1523391448,1563083882,39700622,"[39630140, 39709433, 39762295]"
57,2577,meta-llama/Llama-3.1-8B-mini4L,2048,4,0,1721939923,1721939923,1563083882,1602714022,39741967,"[39709433, 39762295, 39754173]"
57,2649,meta-llama/Llama-3.1-8B-mini4L,2048,4,0,1761656923,1761656923,1602714022,1642423455,39744489,"[39762295, 39754173, 39717000]"
57,2721,meta-llama/Llama-3.1-8B-mini4L,2048,4,0,1801373923,1801373923,1642423455,1682185750,39729391,"[39754173, 39717000, 39717000]"
57,2793,meta-llama/Llama-3.1-8B-mini4L,2048,4,0,1841117092,1841117092,1682185750,1721939923,39725723,"[39717000, 39717000, 39743169]"
57,2865,meta-llama/Llama-3.1-8B-mini4L,2048,4,0,1880834212,1880834212,1721939923,1761656923,39725763,"[39717000, 39743169, 39717120]"
57,2937,meta-llama/Llama-3.1-8B-mini4L,2048,4,0,1905855228,1905855228,1761656923,1801373923,34827101,"[39743169, 39717120, 25021016]"
57,3009,meta-llama/Llama-3.1-8B-mini4L,2048,4,0,1908601457,1908601457,1801373923,1841117092,22494788,"[39717120, 25021016, 2746229]"
57,3081,meta-llama/Llama-3.1-8B-mini4L,2048,4,0,1910811589,1910811589,1841117092,1880834212,9992459,"[25021016, 2746229, 2210132]"
57,3153,meta-llama/Llama-3.1-8B-mini4L,2048,4,0,1912904051,1912904051,1880834212,1905855228,2349607,"[2746229, 2210132, 2092462]"
57,3225,meta-llama/Llama-3.1-8B-mini4L,2056,4,3000000000,7993111325,4993111325,322129,4986464203,2215707,"[2215622, 2215706, 2215794]"
57,3297,meta-llama/Llama-3.1-8B-mini4L,2056,4,3000000000,7993111325,4993111325,322129,4986464203,2215707,"[2215622, 2215706, 2215794]"
57,3369,meta-llama/Llama-3.1-8B-mini4L,2056,4,3000000000,7993111325,4993111325,322129,4986464203,2215707,"[2215622, 2215706, 2215794]"
57,3441,meta-llama/Llama-3.1-8B-mini4L,2056,4,3000000000,7993111325,4993111325,322129,4986464203,2215707,"[2215622, 2215706, 2215794]"
57,3513,meta-llama/Llama-3.1-8B-mini4L,2056,4,3000000000,7993111325,4993111325,322129,4986464203,2215707,"[2215622, 2215706, 2215794]"
57,3585,meta-llama/Llama-3.1-8B-mini4L,2056,4,3000000000,7993111325,4993111325,322129,4986464203,2215707,"[2215622, 2215706, 2215794]"
57,3657,meta-llama/Llama-3.1-8B-mini4L,2056,4,3000000000,7993111325,4993111325,322129,4986464203,2215707,"[2215622, 2215706, 2215794]"
57,3729,meta-llama/Llama-3.1-8B-mini4L,2056,4,3000000000,7993111325,4993111325,322129,4986464203,2215707,"[2215622, 2215706, 2215794]"
57,3801,meta-llama/Llama-3.1-8B-mini4L,2056,4,3000000000,14178349085,11178349085,4993111325,11171701963,2215707,"[2215622, 2215706, 2215794]"
57,3873,meta-llama/Llama-3.1-8B-mini4L,2056,4,3000000000,14178349085,11178349085,4993111325,11171701963,2215707,"[2215622, 2215706, 2215794]"
57,3945,meta-llama/Llama-3.1-8B-mini4L,2056,4,3000000000,14178349085,11178349085,4993111325,11171701963,2215707,"[2215622, 2215706, 2215794]"
57,4017,meta-llama/Llama-3.1-8B-mini4L,2056,4,3000000000,14178349085,11178349085,4993111325,11171701963,2215707,"[2215622, 2215706, 2215794]"
57,4089,meta-llama/Llama-3.1-8B-mini4L,2056,4,3000000000,14178349085,11178349085,4993111325,11171701963,2215707,"[2215622, 2215706, 2215794]"
57,4161,meta-llama/Llama-3.1-8B-mini4L,2056,4,3000000000,14178349085,11178349085,4993111325,11171701963,2215707,"[2215622, 2215706, 2215794]"
57,4233,meta-llama/Llama-3.1-8B-mini4L,2056,4,3000000000,14178349085,11178349085,4993111325,11171701963,2215707,"[2215622, 2215706, 2215794]"
57,4305,meta-llama/Llama-3.1-8B-mini4L,2056,4,3000000000,14178349085,11178349085,4993111325,11171701963,2215707,"[2215622, 2215706, 2215794]"
57,4377,meta-llama/Llama-3.1-8B-mini4L,2056,4,3000000000,20363586845,17363586845,11178349085,17356939723,2215707,"[2215622, 2215706, 2215794]"
57,4449,meta-llama/Llama-3.1-8B-mini4L,2056,4,3000000000,20363586845,17363586845,11178349085,17356939723,2215707,"[2215622, 2215706, 2215794]"
57,4521,meta-llama/Llama-3.1-8B-mini4L,2056,4,3000000000,20363586845,17363586845,11178349085,17356939723,2215707,"[2215622, 2215706, 2215794]"
57,4593,meta-llama/Llama-3.1-8B-mini4L,2056,4,3000000000,20363586845,17363586845,11178349085,17356939723,2215707,"[2215622, 2215706, 2215794]"
57,4665,meta-llama/Llama-3.1-8B-mini4L,2056,4,3000000000,20363586845,17363586845,11178349085,17356939723,2215707,"[2215622, 2215706, 2215794]"
57,4737,meta-llama/Llama-3.1-8B-mini4L,2056,4,3000000000,20363586845,17363586845,11178349085,17356939723,2215707,"[2215622, 2215706, 2215794]"
57,4809,meta-llama/Llama-3.1-8B-mini4L,2056,4,3000000000,20363586845,17363586845,11178349085,17356939723,2215707,"[2215622, 2215706, 2215794]"
57,4881,meta-llama/Llama-3.1-8B-mini4L,2056,4,3000000000,20363586845,17363586845,11178349085,17356939723,2215707,"[2215622, 2215706, 2215794]"
57,4953,meta-llama/Llama-3.1-8B-mini4L,2056,4,3000000000,26548824605,23548824605,17363586845,23542177483,2215707,"[2215622, 2215706, 2215794]"
57,5025,meta-llama/Llama-3.1-8B-mini4L,2056,4,3000000000,26548824605,23548824605,17363586845,23542177483,2215707,"[2215622, 2215706, 2215794]"
57,5097,meta-llama/Llama-3.1-8B-mini4L,2056,4,3000000000,26548824605,23548824605,17363586845,23542177483,2215707,"[2215622, 2215706, 2215794]"
57,5169,meta-llama/Llama-3.1-8B-mini4L,2056,4,3000000000,26548824605,23548824605,17363586845,23542177483,2215707,"[2215622, 2215706, 2215794]"
57,5241,meta-llama/Llama-3.1-8B-mini4L,2056,4,3000000000,26548824605,23548824605,17363586845,23542177483,2215707,"[2215622, 2215706, 2215794]"
57,5313,meta-llama/Llama-3.1-8B-mini4L,2056,4,3000000000,26548824605,23548824605,17363586845,23542177483,2215707,"[2215622, 2215706, 2215794]"
57,5385,meta-llama/Llama-3.1-8B-mini4L,2056,4,3000000000,26548824605,23548824605,17363586845,23542177483,2215707,"[2215622, 2215706, 2215794]"
57,5457,meta-llama/Llama-3.1-8B-mini4L,2056,4,3000000000,26548824605,23548824605,17363586845,23542177483,2215707,"[2215622, 2215706, 2215794]"
57,5529,meta-llama/Llama-3.1-8B-mini4L,2056,4,3000000000,32734062365,29734062365,23548824605,29727415243,2215707,"[2215622, 2215706, 2215794]"
57,5601,meta-llama/Llama-3.1-8B-mini4L,2056,4,3000000000,32734062365,29734062365,23548824605,29727415243,2215707,"[2215622, 2215706, 2215794]"
57,5673,meta-llama/Llama-3.1-8B-mini4L,2056,4,3000000000,32734062365,29734062365,23548824605,29727415243,2215707,"[2215622, 2215706, 2215794]"
57,5745,meta-llama/Llama-3.1-8B-mini4L,2056,4,3000000000,32734062365,29734062365,23548824605,29727415243,2215707,"[2215622, 2215706, 2215794]"
57,5817,meta-llama/Llama-3.1-8B-mini4L,2056,4,3000000000,32734062365,29734062365,23548824605,29727415243,2215707,"[2215622, 2215706, 2215794]"
57,5889,meta-llama/Llama-3.1-8B-mini4L,2056,4,3000000000,32734062365,29734062365,23548824605,29727415243,2215707,"[2215622, 2215706, 2215794]"
57,5961,meta-llama/Llama-3.1-8B-mini4L,2056,4,3000000000,32734062365,29734062365,23548824605,29727415243,2215707,"[2215622, 2215706, 2215794]"
57,6033,meta-llama/Llama-3.1-8B-mini4L,2056,4,3000000000,32734062365,29734062365,23548824605,29727415243,2215707,"[2215622, 2215706, 2215794]"
57,6105,meta-llama/Llama-3.1-8B-mini4L,2056,4,3000000000,36758457508,33758457508,29734062365,33752019526,2145994,"[2145938, 2145994, 2146050]"
57,6177,meta-llama/Llama-3.1-8B-mini4L,2056,4,3000000000,36758457508,33758457508,29734062365,33752019526,2145994,"[2145938, 2145994, 2146050]"
57,6249,meta-llama/Llama-3.1-8B-mini4L,2056,4,3000000000,36758457508,33758457508,29734062365,33752019526,2145994,"[2145938, 2145994, 2146050]"
57,6321,meta-llama/Llama-3.1-8B-mini4L,2056,4,3000000000,36758457508,33758457508,29734062365,33752019526,2145994,"[2145938, 2145994, 2146050]"
57,6393,meta-llama/Llama-3.1-8B-mini4L,2056,4,3000000000,36758457508,33758457508,29734062365,33752019526,2145994,"[2145938, 2145994, 2146050]"
58,58,meta-llama/Llama-3.1-8B-mini4L,2048,4,0,190698792,190698792,1,42040661,49552710,"[48887602, 49863356, 49907173]"
58,130,meta-llama/Llama-3.1-8B-mini4L,2048,4,0,290552512,290552512,90928263,140791619,49920297,"[49907173, 49906421, 49947299]"
58,202,meta-llama/Llama-3.1-8B-mini4L,2048,4,0,340498759,340498759,140791619,190698792,49933322,"[49906421, 49947299, 49946247]"
58,274,meta-llama/Llama-3.1-8B-mini4L,2048,4,0,390443950,390443950,190698792,240605213,49946245,"[49947299, 49946247, 49945191]"
58,346,meta-llama/Llama-3.1-8B-mini4L,2048,4,0,440388085,440388085,240605213,290552512,49945191,"[49946247, 49945191, 49944135]"
58,418,meta-llama/Llama-3.1-8B-mini4L,2048,4,0,490331164,490331164,290552512,340498759,49944135,"[49945191, 49944135, 49943079]"
58,490,meta-llama/Llama-3.1-8B-mini4L,2048,4,0,540384019,540384019,340498759,390443950,49980023,"[49944135, 49943079, 50052855]"
58,562,meta-llama/Llama-3.1-8B-mini4L,2048,4,0,588859446,588859446,390443950,440388085,49490453,"[49943079, 50052855, 48475427]"
58,634,meta-llama/Llama-3.1-8B-mini4L,2048,4,0,635839616,635839616,440388085,490331164,48502817,"[50052855, 48475427, 46980170]"
58,706,meta-llama/Llama-3.1-8B-mini4L,2048,4,0,681324005,681324005,490331164,540384019,46979995,"[48475427, 46980170, 45484389]"
58,778,meta-llama/Llama-3.1-8B-mini4L,2048,4,0,725258441,725258441,540384019,588859446,45466331,"[46980170, 45484389, 43934436]"
58,850,meta-llama/Llama-3.1-8B-mini4L,2048,4,0,767642920,767642920,588859446,635839616,43934434,"[45484389, 43934436, 42384479]"
58,922,meta-llama/Llama-3.1-8B-mini4L,2048,4,0,808532396,808532396,635839616,681324005,42402797,"[43934436, 42384479, 40889476]"
58,994,meta-llama/Llama-3.1-8B-mini4L,2048,4,0,847322015,847322015,681324005,725258441,40687858,"[42384479, 40889476, 38789619]"
58,1066,meta-llama/Llama-3.1-8B-mini4L,2048,4,0,887119449,887119449,725258441,767642920,39825509,"[40889476, 38789619, 39797434]"
58,1138,meta-llama/Llama-3.1-8B-mini4L,2048,4,0,927334046,927334046,767642920,808532396,39600550,"[38789619, 39797434, 40214597]"
58,1210,meta-llama/Llama-3.1-8B-mini4L,2048,4,0,967398672,967398672,808532396,847322015,40025552,"[39797434, 40214597, 40064626]"
58,1282,meta-llama/Llama-3.1-8B-mini4L,2048,4,0,1007218345,1007218345,847322015,887119449,40032965,"[40214597, 40064626, 39819673]"
58,1354,meta-llama/Llama-3.1-8B-mini4L,2048,4,0,1046275942,1046275942,887119449,927334046,39647298,"[40064626, 39819673, 39057597]"
58,1426,meta-llama/Llama-3.1-8B-mini4L,2048,4,0,1086279322,1086279322,927334046,967398672,39626883,"[39819673, 39057597, 40003380]"
58,1498,meta-llama/Llama-3.1-8B-mini4L,2048,4,0,1126376374,1126376374,967398672,1007218345,39719343,"[39057597, 40003380, 40097052]"
58,1570,meta-llama/Llama-3.1-8B-mini4L,2048,4,0,1166338651,1166338651,1007218345,1046275942,40020903,"[40003380, 40097052, 39962277]"
58,1642,meta-llama/Llama-3.1-8B-mini4L,2048,4,0,1205707918,1205707918,1046275942,1086279322,39809532,"[40097052, 39962277, 39369267]"
58,1714,meta-llama/Llama-3.1-8B-mini4L,2048,4,0,1245400645,1245400645,1086279322,1126376374,39674757,"[39962277, 39369267, 39692727]"
58,1786,meta-llama/Llama-3.1-8B-mini4L,2048,4,0,1285247242,1285247242,1126376374,1166338651,39636197,"[39369267, 39692727, 39846597]"
58,1858,meta-llama/Llama-3.1-8B-mini4L,2048,4,0,1325268900,1325268900,1166338651,1205707918,39853660,"[39692727, 39846597, 40021658]"
58,1930,meta-llama/Llama-3.1-8B-mini4L,2048,4,0,1365050321,1365050321,1205707918,1245400645,39883225,"[39846597, 40021658, 39781421]"
58,2002,meta-llama/Llama-3.1-8B-mini4L,2048,4,0,1404458040,1404458040,1245400645,1285247242,39736932,"[40021658, 39781421, 39407719]"
58,2074,meta-llama/Llama-3.1-8B-mini4L,2048,4,0,1444186075,1444186075,1285247242,1325268900,39639058,"[39781421, 39407719, 39728035]"
58,2146,meta-llama/Llama-3.1-8B-mini4L,2048,4,0,1484171608,1484171608,1325268900,1365050321,39707095,"[39407719, 39728035, 39985533]"
58,2218,meta-llama/Llama-3.1-8B-mini4L,2048,4,0,1523943597,1523943597,1365050321,1404458040,39828519,"[39728035, 39985533, 39771989]"
58,2290,meta-llama/Llama-3.1-8B-mini4L,2048,4,0,1563635769,1563635769,1404458040,1444186075,39816564,"[39985533, 39771989, 39692172]"
58,2362,meta-llama/Llama-3.1-8B-mini4L,2048,4,0,1603292340,1603292340,1444186075,1484171608,39706910,"[39771989, 39692172, 39656571]"
58,2434,meta-llama/Llama-3.1-8B-mini4L,2048,4,0,1642975342,1642975342,1484171608,1523943597,39677248,"[39692172, 39656571, 39683002]"
58,2506,meta-llama/Llama-3.1-8B-mini4L,2048,4,0,1682737637,1682737637,1523943597,1563635769,39700622,"[39656571, 39683002, 39762295]"
58,2578,meta-llama/Llama-3.1-8B-mini4L,2048,4,0,1722491548,1722491548,1563635769,1603292340,39733069,"[39683002, 39762295, 39753911]"
58,2650,meta-llama/Llama-3.1-8B-mini4L,2048,4,0,1762208548,1762208548,1603292340,1642975342,39744402,"[39762295, 39753911, 39717000]"
58,2722,meta-llama/Llama-3.1-8B-mini4L,2048,4,0,1801899379,1801899379,1642975342,1682737637,39720580,"[39753911, 39717000, 39690831]"
58,2794,meta-llama/Llama-3.1-8B-mini4L,2048,4,0,1841642548,1841642548,1682737637,1722491548,39717000,"[39717000, 39690831, 39743169]"
58,2866,meta-llama/Llama-3.1-8B-mini4L,2048,4,0,1881359668,1881359668,1722491548,1762208548,39717040,"[39690831, 39743169, 39717120]"
58,2938,meta-llama/Llama-3.1-8B-mini4L,2048,4,0,1905887788,1905887788,1762208548,1801899379,34662803,"[39743169, 39717120, 24528120]"
58,3010,meta-llama/Llama-3.1-8B-mini4L,2048,4,0,1908602346,1908602346,1801899379,1841642548,22319932,"[39717120, 24528120, 2714558]"
58,3082,meta-llama/Llama-3.1-8B-mini4L,2048,4,0,1910812222,1910812222,1841642548,1881359668,9817518,"[24528120, 2714558, 2209876]"
58,3154,meta-llama/Llama-3.1-8B-mini4L,2048,4,0,1912904427,1912904427,1881359668,1905887788,2338879,"[2714558, 2209876, 2092205]"
58,3226,meta-llama/Llama-3.1-8B-mini4L,2056,4,3000000000,8079017405,5079017405,322129,5072370283,2215707,"[2215622, 2215706, 2215794]"
58,3298,meta-llama/Llama-3.1-8B-mini4L,2056,4,3000000000,8079017405,5079017405,322129,5072370283,2215707,"[2215622, 2215706, 2215794]"
58,3370,meta-llama/Llama-3.1-8B-mini4L,2056,4,3000000000,8079017405,5079017405,322129,5072370283,2215707,"[2215622, 2215706, 2215794]"
58,3442,meta-llama/Llama-3.1-8B-mini4L,2056,4,3000000000,8079017405,5079017405,322129,5072370283,2215707,"[2215622, 2215706, 2215794]"
58,3514,meta-llama/Llama-3.1-8B-mini4L,2056,4,3000000000,8079017405,5079017405,322129,5072370283,2215707,"[2215622, 2215706, 2215794]"
58,3586,meta-llama/Llama-3.1-8B-mini4L,2056,4,3000000000,8079017405,5079017405,322129,5072370283,2215707,"[2215622, 2215706, 2215794]"
58,3658,meta-llama/Llama-3.1-8B-mini4L,2056,4,3000000000,8079017405,5079017405,322129,5072370283,2215707,"[2215622, 2215706, 2215794]"
58,3730,meta-llama/Llama-3.1-8B-mini4L,2056,4,3000000000,8079017405,5079017405,322129,5072370283,2215707,"[2215622, 2215706, 2215794]"
58,3802,meta-llama/Llama-3.1-8B-mini4L,2056,4,3000000000,14264255165,11264255165,5079017405,11257608043,2215707,"[2215622, 2215706, 2215794]"
58,3874,meta-llama/Llama-3.1-8B-mini4L,2056,4,3000000000,14264255165,11264255165,5079017405,11257608043,2215707,"[2215622, 2215706, 2215794]"
58,3946,meta-llama/Llama-3.1-8B-mini4L,2056,4,3000000000,14264255165,11264255165,5079017405,11257608043,2215707,"[2215622, 2215706, 2215794]"
58,4018,meta-llama/Llama-3.1-8B-mini4L,2056,4,3000000000,14264255165,11264255165,5079017405,11257608043,2215707,"[2215622, 2215706, 2215794]"
58,4090,meta-llama/Llama-3.1-8B-mini4L,2056,4,3000000000,14264255165,11264255165,5079017405,11257608043,2215707,"[2215622, 2215706, 2215794]"
58,4162,meta-llama/Llama-3.1-8B-mini4L,2056,4,3000000000,14264255165,11264255165,5079017405,11257608043,2215707,"[2215622, 2215706, 2215794]"
58,4234,meta-llama/Llama-3.1-8B-mini4L,2056,4,3000000000,14264255165,11264255165,5079017405,11257608043,2215707,"[2215622, 2215706, 2215794]"
58,4306,meta-llama/Llama-3.1-8B-mini4L,2056,4,3000000000,14264255165,11264255165,5079017405,11257608043,2215707,"[2215622, 2215706, 2215794]"
58,4378,meta-llama/Llama-3.1-8B-mini4L,2056,4,3000000000,20449492925,17449492925,11264255165,17442845803,2215707,"[2215622, 2215706, 2215794]"
58,4450,meta-llama/Llama-3.1-8B-mini4L,2056,4,3000000000,20449492925,17449492925,11264255165,17442845803,2215707,"[2215622, 2215706, 2215794]"
58,4522,meta-llama/Llama-3.1-8B-mini4L,2056,4,3000000000,20449492925,17449492925,11264255165,17442845803,2215707,"[2215622, 2215706, 2215794]"
58,4594,meta-llama/Llama-3.1-8B-mini4L,2056,4,3000000000,20449492925,17449492925,11264255165,17442845803,2215707,"[2215622, 2215706, 2215794]"
58,4666,meta-llama/Llama-3.1-8B-mini4L,2056,4,3000000000,20449492925,17449492925,11264255165,17442845803,2215707,"[2215622, 2215706, 2215794]"
58,4738,meta-llama/Llama-3.1-8B-mini4L,2056,4,3000000000,20449492925,17449492925,11264255165,17442845803,2215707,"[2215622, 2215706, 2215794]"
58,4810,meta-llama/Llama-3.1-8B-mini4L,2056,4,3000000000,20449492925,17449492925,11264255165,17442845803,2215707,"[2215622, 2215706, 2215794]"
58,4882,meta-llama/Llama-3.1-8B-mini4L,2056,4,3000000000,20449492925,17449492925,11264255165,17442845803,2215707,"[2215622, 2215706, 2215794]"
58,4954,meta-llama/Llama-3.1-8B-mini4L,2056,4,3000000000,26634730685,23634730685,17449492925,23628083563,2215707,"[2215622, 2215706, 2215794]"
58,5026,meta-llama/Llama-3.1-8B-mini4L,2056,4,3000000000,26634730685,23634730685,17449492925,23628083563,2215707,"[2215622, 2215706, 2215794]"
58,5098,meta-llama/Llama-3.1-8B-mini4L,2056,4,3000000000,26634730685,23634730685,17449492925,23628083563,2215707,"[2215622, 2215706, 2215794]"
58,5170,meta-llama/Llama-3.1-8B-mini4L,2056,4,3000000000,26634730685,23634730685,17449492925,23628083563,2215707,"[2215622, 2215706, 2215794]"
58,5242,meta-llama/Llama-3.1-8B-mini4L,2056,4,3000000000,26634730685,23634730685,17449492925,23628083563,2215707,"[2215622, 2215706, 2215794]"
58,5314,meta-llama/Llama-3.1-8B-mini4L,2056,4,3000000000,26634730685,23634730685,17449492925,23628083563,2215707,"[2215622, 2215706, 2215794]"
58,5386,meta-llama/Llama-3.1-8B-mini4L,2056,4,3000000000,26634730685,23634730685,17449492925,23628083563,2215707,"[2215622, 2215706, 2215794]"
58,5458,meta-llama/Llama-3.1-8B-mini4L,2056,4,3000000000,26634730685,23634730685,17449492925,23628083563,2215707,"[2215622, 2215706, 2215794]"
58,5530,meta-llama/Llama-3.1-8B-mini4L,2056,4,3000000000,32819968445,29819968445,23634730685,29813321323,2215707,"[2215622, 2215706, 2215794]"
58,5602,meta-llama/Llama-3.1-8B-mini4L,2056,4,3000000000,32819968445,29819968445,23634730685,29813321323,2215707,"[2215622, 2215706, 2215794]"
58,5674,meta-llama/Llama-3.1-8B-mini4L,2056,4,3000000000,32819968445,29819968445,23634730685,29813321323,2215707,"[2215622, 2215706, 2215794]"
58,5746,meta-llama/Llama-3.1-8B-mini4L,2056,4,3000000000,32819968445,29819968445,23634730685,29813321323,2215707,"[2215622, 2215706, 2215794]"
58,5818,meta-llama/Llama-3.1-8B-mini4L,2056,4,3000000000,32819968445,29819968445,23634730685,29813321323,2215707,"[2215622, 2215706, 2215794]"
58,5890,meta-llama/Llama-3.1-8B-mini4L,2056,4,3000000000,32819968445,29819968445,23634730685,29813321323,2215707,"[2215622, 2215706, 2215794]"
58,5962,meta-llama/Llama-3.1-8B-mini4L,2056,4,3000000000,32819968445,29819968445,23634730685,29813321323,2215707,"[2215622, 2215706, 2215794]"
58,6034,meta-llama/Llama-3.1-8B-mini4L,2056,4,3000000000,32819968445,29819968445,23634730685,29813321323,2215707,"[2215622, 2215706, 2215794]"
58,6106,meta-llama/Llama-3.1-8B-mini4L,2056,4,3000000000,36812906308,33812906308,29819968445,33806468326,2145994,"[2145938, 2145994, 2146050]"
58,6178,meta-llama/Llama-3.1-8B-mini4L,2056,4,3000000000,36812906308,33812906308,29819968445,33806468326,2145994,"[2145938, 2145994, 2146050]"
58,6250,meta-llama/Llama-3.1-8B-mini4L,2056,4,3000000000,36812906308,33812906308,29819968445,33806468326,2145994,"[2145938, 2145994, 2146050]"
58,6322,meta-llama/Llama-3.1-8B-mini4L,2056,4,3000000000,36812906308,33812906308,29819968445,33806468326,2145994,"[2145938, 2145994, 2146050]"
58,6394,meta-llama/Llama-3.1-8B-mini4L,2056,4,3000000000,36812906308,33812906308,29819968445,33806468326,2145994,"[2145938, 2145994, 2146050]"
59,59,meta-llama/Llama-3.1-8B-mini4L,2048,4,0,191224248,191224248,1,42566117,49552710,"[48887602, 49863356, 49907173]"
59,131,meta-llama/Llama-3.1-8B-mini4L,2048,4,0,291077968,291077968,91453719,141317075,49920297,"[49907173, 49906421, 49947299]"
59,203,meta-llama/Llama-3.1-8B-mini4L,2048,4,0,341024215,341024215,141317075,191224248,49933322,"[49906421, 49947299, 49946247]"
59,275,meta-llama/Llama-3.1-8B-mini4L,2048,4,0,390969406,390969406,191224248,241130669,49946245,"[49947299, 49946247, 49945191]"
59,347,meta-llama/Llama-3.1-8B-mini4L,2048,4,0,440913541,440913541,241130669,291077968,49945191,"[49946247, 49945191, 49944135]"
59,419,meta-llama/Llama-3.1-8B-mini4L,2048,4,0,490856620,490856620,291077968,341024215,49944135,"[49945191, 49944135, 49943079]"
59,491,meta-llama/Llama-3.1-8B-mini4L,2048,4,0,540909475,540909475,341024215,390969406,49980023,"[49944135, 49943079, 50052855]"
59,563,meta-llama/Llama-3.1-8B-mini4L,2048,4,0,589384902,589384902,390969406,440913541,49490453,"[49943079, 50052855, 48475427]"
59,635,meta-llama/Llama-3.1-8B-mini4L,2048,4,0,636365072,636365072,440913541,490856620,48502817,"[50052855, 48475427, 46980170]"
59,707,meta-llama/Llama-3.1-8B-mini4L,2048,4,0,681849461,681849461,490856620,540909475,46979995,"[48475427, 46980170, 45484389]"
59,779,meta-llama/Llama-3.1-8B-mini4L,2048,4,0,725811376,725811376,540909475,589384902,45475491,"[46980170, 45484389, 43961915]"
59,851,meta-llama/Llama-3.1-8B-mini4L,2048,4,0,768195855,768195855,589384902,636365072,43943594,"[45484389, 43961915, 42384479]"
59,923,meta-llama/Llama-3.1-8B-mini4L,2048,4,0,809057852,809057852,636365072,681849461,42402797,"[43961915, 42384479, 40861997]"
59,995,meta-llama/Llama-3.1-8B-mini4L,2048,4,0,847874688,847874688,681849461,725811376,40687770,"[42384479, 40861997, 38816836]"
59,1067,meta-llama/Llama-3.1-8B-mini4L,2048,4,0,887672384,887672384,725811376,768195855,39825509,"[40861997, 38816836, 39797696]"
59,1139,meta-llama/Llama-3.1-8B-mini4L,2048,4,0,927859502,927859502,768195855,809057852,39600550,"[38816836, 39797696, 40187118]"
59,1211,meta-llama/Llama-3.1-8B-mini4L,2048,4,0,967951345,967951345,809057852,847874688,40025552,"[39797696, 40187118, 40091843]"
59,1283,meta-llama/Llama-3.1-8B-mini4L,2048,4,0,1007743801,1007743801,847874688,887672384,40023805,"[40187118, 40091843, 39792456]"
59,1355,meta-llama/Llama-3.1-8B-mini4L,2048,4,0,1046828615,1046828615,887672384,927859502,39656371,"[40091843, 39792456, 39084814]"
59,1427,meta-llama/Llama-3.1-8B-mini4L,2048,4,0,1086804778,1086804778,927859502,967951345,39617811,"[39792456, 39084814, 39976163]"
59,1499,meta-llama/Llama-3.1-8B-mini4L,2048,4,0,1126901830,1126901830,967951345,1007743801,39719343,"[39084814, 39976163, 40097052]"
59,1571,meta-llama/Llama-3.1-8B-mini4L,2048,4,0,1166891062,1166891062,1007743801,1046828615,40020815,"[39976163, 40097052, 39989232]"
59,1643,meta-llama/Llama-3.1-8B-mini4L,2048,4,0,1206368149,1206368149,1046828615,1086804778,39854457,"[40097052, 39989232, 39477087]"
59,1715,meta-llama/Llama-3.1-8B-mini4L,2048,4,0,1245953056,1245953056,1086804778,1126901830,39683742,"[39989232, 39477087, 39584907]"
59,1787,meta-llama/Llama-3.1-8B-mini4L,2048,4,0,1285799391,1285799391,1126901830,1166891062,39636109,"[39477087, 39584907, 39846335]"
59,1859,meta-llama/Llama-3.1-8B-mini4L,2048,4,0,1325821049,1325821049,1166891062,1206368149,39817633,"[39584907, 39846335, 40021658]"
59,1931,meta-llama/Llama-3.1-8B-mini4L,2048,4,0,1365602470,1365602470,1206368149,1245953056,39883138,"[39846335, 40021658, 39781421]"
59,2003,meta-llama/Llama-3.1-8B-mini4L,2048,4,0,1405010189,1405010189,1245953056,1285799391,39736932,"[40021658, 39781421, 39407719]"
59,2075,meta-llama/Llama-3.1-8B-mini4L,2048,4,0,1444738224,1444738224,1285799391,1325821049,39639058,"[39781421, 39407719, 39728035]"
59,2147,meta-llama/Llama-3.1-8B-mini4L,2048,4,0,1484697064,1484697064,1325821049,1365602470,39698198,"[39407719, 39728035, 39958840]"
59,2219,meta-llama/Llama-3.1-8B-mini4L,2048,4,0,1524469053,1524469053,1365602470,1405010189,39819621,"[39728035, 39958840, 39771989]"
59,2291,meta-llama/Llama-3.1-8B-mini4L,2048,4,0,1564214087,1564214087,1405010189,1444738224,39825287,"[39958840, 39771989, 39745034]"
59,2363,meta-llama/Llama-3.1-8B-mini4L,2048,4,0,1603870658,1603870658,1444738224,1484697064,39724531,"[39771989, 39745034, 39656571]"
59,2435,meta-llama/Llama-3.1-8B-mini4L,2048,4,0,1643553660,1643553660,1484697064,1524469053,39694869,"[39745034, 39656571, 39683002]"
59,2507,meta-llama/Llama-3.1-8B-mini4L,2048,4,0,1683315955,1683315955,1524469053,1564214087,39700622,"[39656571, 39683002, 39762295]"
59,2579,meta-llama/Llama-3.1-8B-mini4L,2048,4,0,1723069342,1723069342,1564214087,1603870658,39732894,"[39683002, 39762295, 39753387]"
59,2651,meta-llama/Llama-3.1-8B-mini4L,2048,4,0,1762734004,1762734004,1603870658,1643553660,39726781,"[39762295, 39753387, 39664662]"
59,2723,meta-llama/Llama-3.1-8B-mini4L,2048,4,0,1802451004,1802451004,1643553660,1683315955,39711683,"[39753387, 39664662, 39717000]"
59,2795,meta-llama/Llama-3.1-8B-mini4L,2048,4,0,1842194173,1842194173,1683315955,1723069342,39708277,"[39664662, 39717000, 39743169]"
59,2867,meta-llama/Llama-3.1-8B-mini4L,2048,4,0,1881885244,1881885244,1723069342,1762734004,39717080,"[39717000, 39743169, 39691071]"
59,2939,meta-llama/Llama-3.1-8B-mini4L,2048,4,0,1905920348,1905920348,1762734004,1802451004,34489781,"[39743169, 39691071, 24035104]"
59,3011,meta-llama/Llama-3.1-8B-mini4L,2048,4,0,1908603235,1908603235,1802451004,1842194173,22136354,"[39691071, 24035104, 2682887]"
59,3083,meta-llama/Llama-3.1-8B-mini4L,2048,4,0,1910812855,1910812855,1842194173,1881885244,9642537,"[24035104, 2682887, 2209620]"
59,3155,meta-llama/Llama-3.1-8B-mini4L,2048,4,0,1912904803,1912904803,1881885244,1905920348,2328151,"[2682887, 2209620, 2091948]"
59,3227,meta-llama/Llama-3.1-8B-mini4L,2056,4,3000000000,8164923485,5164923485,322129,5158276363,2215707,"[2215622, 2215706, 2215794]"
59,3299,meta-llama/Llama-3.1-8B-mini4L,2056,4,3000000000,8164923485,5164923485,322129,5158276363,2215707,"[2215622, 2215706, 2215794]"
59,3371,meta-llama/Llama-3.1-8B-mini4L,2056,4,3000000000,8164923485,5164923485,322129,5158276363,2215707,"[2215622, 2215706, 2215794]"
59,3443,meta-llama/Llama-3.1-8B-mini4L,2056,4,3000000000,8164923485,5164923485,322129,5158276363,2215707,"[2215622, 2215706, 2215794]"
59,3515,meta-llama/Llama-3.1-8B-mini4L,2056,4,3000000000,8164923485,5164923485,322129,5158276363,2215707,"[2215622, 2215706, 2215794]"
59,3587,meta-llama/Llama-3.1-8B-mini4L,2056,4,3000000000,8164923485,5164923485,322129,5158276363,2215707,"[2215622, 2215706, 2215794]"
59,3659,meta-llama/Llama-3.1-8B-mini4L,2056,4,3000000000,8164923485,5164923485,322129,5158276363,2215707,"[2215622, 2215706, 2215794]"
59,3731,meta-llama/Llama-3.1-8B-mini4L,2056,4,3000000000,8164923485,5164923485,322129,5158276363,2215707,"[2215622, 2215706, 2215794]"
59,3803,meta-llama/Llama-3.1-8B-mini4L,2056,4,3000000000,14350161245,11350161245,5164923485,11343514123,2215707,"[2215622, 2215706, 2215794]"
59,3875,meta-llama/Llama-3.1-8B-mini4L,2056,4,3000000000,14350161245,11350161245,5164923485,11343514123,2215707,"[2215622, 2215706, 2215794]"
59,3947,meta-llama/Llama-3.1-8B-mini4L,2056,4,3000000000,14350161245,11350161245,5164923485,11343514123,2215707,"[2215622, 2215706, 2215794]"
59,4019,meta-llama/Llama-3.1-8B-mini4L,2056,4,3000000000,14350161245,11350161245,5164923485,11343514123,2215707,"[2215622, 2215706, 2215794]"
59,4091,meta-llama/Llama-3.1-8B-mini4L,2056,4,3000000000,14350161245,11350161245,5164923485,11343514123,2215707,"[2215622, 2215706, 2215794]"
59,4163,meta-llama/Llama-3.1-8B-mini4L,2056,4,3000000000,14350161245,11350161245,5164923485,11343514123,2215707,"[2215622, 2215706, 2215794]"
59,4235,meta-llama/Llama-3.1-8B-mini4L,2056,4,3000000000,14350161245,11350161245,5164923485,11343514123,2215707,"[2215622, 2215706, 2215794]"
59,4307,meta-llama/Llama-3.1-8B-mini4L,2056,4,3000000000,14350161245,11350161245,5164923485,11343514123,2215707,"[2215622, 2215706, 2215794]"
59,4379,meta-llama/Llama-3.1-8B-mini4L,2056,4,3000000000,20535399005,17535399005,11350161245,17528751883,2215707,"[2215622, 2215706, 2215794]"
59,4451,meta-llama/Llama-3.1-8B-mini4L,2056,4,3000000000,20535399005,17535399005,11350161245,17528751883,2215707,"[2215622, 2215706, 2215794]"
59,4523,meta-llama/Llama-3.1-8B-mini4L,2056,4,3000000000,20535399005,17535399005,11350161245,17528751883,2215707,"[2215622, 2215706, 2215794]"
59,4595,meta-llama/Llama-3.1-8B-mini4L,2056,4,3000000000,20535399005,17535399005,11350161245,17528751883,2215707,"[2215622, 2215706, 2215794]"
59,4667,meta-llama/Llama-3.1-8B-mini4L,2056,4,3000000000,20535399005,17535399005,11350161245,17528751883,2215707,"[2215622, 2215706, 2215794]"
59,4739,meta-llama/Llama-3.1-8B-mini4L,2056,4,3000000000,20535399005,17535399005,11350161245,17528751883,2215707,"[2215622, 2215706, 2215794]"
59,4811,meta-llama/Llama-3.1-8B-mini4L,2056,4,3000000000,20535399005,17535399005,11350161245,17528751883,2215707,"[2215622, 2215706, 2215794]"
59,4883,meta-llama/Llama-3.1-8B-mini4L,2056,4,3000000000,20535399005,17535399005,11350161245,17528751883,2215707,"[2215622, 2215706, 2215794]"
59,4955,meta-llama/Llama-3.1-8B-mini4L,2056,4,3000000000,26720636765,23720636765,17535399005,23713989643,2215707,"[2215622, 2215706, 2215794]"
59,5027,meta-llama/Llama-3.1-8B-mini4L,2056,4,3000000000,26720636765,23720636765,17535399005,23713989643,2215707,"[2215622, 2215706, 2215794]"
59,5099,meta-llama/Llama-3.1-8B-mini4L,2056,4,3000000000,26720636765,23720636765,17535399005,23713989643,2215707,"[2215622, 2215706, 2215794]"
59,5171,meta-llama/Llama-3.1-8B-mini4L,2056,4,3000000000,26720636765,23720636765,17535399005,23713989643,2215707,"[2215622, 2215706, 2215794]"
59,5243,meta-llama/Llama-3.1-8B-mini4L,2056,4,3000000000,26720636765,23720636765,17535399005,23713989643,2215707,"[2215622, 2215706, 2215794]"
59,5315,meta-llama/Llama-3.1-8B-mini4L,2056,4,3000000000,26720636765,23720636765,17535399005,23713989643,2215707,"[2215622, 2215706, 2215794]"
59,5387,meta-llama/Llama-3.1-8B-mini4L,2056,4,3000000000,26720636765,23720636765,17535399005,23713989643,2215707,"[2215622, 2215706, 2215794]"
59,5459,meta-llama/Llama-3.1-8B-mini4L,2056,4,3000000000,26720636765,23720636765,17535399005,23713989643,2215707,"[2215622, 2215706, 2215794]"
59,5531,meta-llama/Llama-3.1-8B-mini4L,2056,4,3000000000,32905874525,29905874525,23720636765,29899227403,2215707,"[2215622, 2215706, 2215794]"
59,5603,meta-llama/Llama-3.1-8B-mini4L,2056,4,3000000000,32905874525,29905874525,23720636765,29899227403,2215707,"[2215622, 2215706, 2215794]"
59,5675,meta-llama/Llama-3.1-8B-mini4L,2056,4,3000000000,32905874525,29905874525,23720636765,29899227403,2215707,"[2215622, 2215706, 2215794]"
59,5747,meta-llama/Llama-3.1-8B-mini4L,2056,4,3000000000,32905874525,29905874525,23720636765,29899227403,2215707,"[2215622, 2215706, 2215794]"
59,5819,meta-llama/Llama-3.1-8B-mini4L,2056,4,3000000000,32905874525,29905874525,23720636765,29899227403,2215707,"[2215622, 2215706, 2215794]"
59,5891,meta-llama/Llama-3.1-8B-mini4L,2056,4,3000000000,32905874525,29905874525,23720636765,29899227403,2215707,"[2215622, 2215706, 2215794]"
59,5963,meta-llama/Llama-3.1-8B-mini4L,2056,4,3000000000,32905874525,29905874525,23720636765,29899227403,2215707,"[2215622, 2215706, 2215794]"
59,6035,meta-llama/Llama-3.1-8B-mini4L,2056,4,3000000000,32905874525,29905874525,23720636765,29899227403,2215707,"[2215622, 2215706, 2215794]"
59,6107,meta-llama/Llama-3.1-8B-mini4L,2056,4,3000000000,36867355108,33867355108,29905874525,33860917126,2145994,"[2145938, 2145994, 2146050]"
59,6179,meta-llama/Llama-3.1-8B-mini4L,2056,4,3000000000,36867355108,33867355108,29905874525,33860917126,2145994,"[2145938, 2145994, 2146050]"
59,6251,meta-llama/Llama-3.1-8B-mini4L,2056,4,3000000000,36867355108,33867355108,29905874525,33860917126,2145994,"[2145938, 2145994, 2146050]"
59,6323,meta-llama/Llama-3.1-8B-mini4L,2056,4,3000000000,36867355108,33867355108,29905874525,33860917126,2145994,"[2145938, 2145994, 2146050]"
59,6395,meta-llama/Llama-3.1-8B-mini4L,2056,4,3000000000,36867355108,33867355108,29905874525,33860917126,2145994,"[2145938, 2145994, 2146050]"
60,60,meta-llama/Llama-3.1-8B-mini4L,2048,4,0,191749704,191749704,1,43091573,49552710,"[48887602, 49863356, 49907173]"
60,132,meta-llama/Llama-3.1-8B-mini4L,2048,4,0,291603424,291603424,91979175,141842531,49920297,"[49907173, 49906421, 49947299]"
60,204,meta-llama/Llama-3.1-8B-mini4L,2048,4,0,341549671,341549671,141842531,191749704,49933322,"[49906421, 49947299, 49946247]"
60,276,meta-llama/Llama-3.1-8B-mini4L,2048,4,0,391494862,391494862,191749704,241656125,49946245,"[49947299, 49946247, 49945191]"
60,348,meta-llama/Llama-3.1-8B-mini4L,2048,4,0,441438997,441438997,241656125,291603424,49945191,"[49946247, 49945191, 49944135]"
60,420,meta-llama/Llama-3.1-8B-mini4L,2048,4,0,491382076,491382076,291603424,341549671,49944135,"[49945191, 49944135, 49943079]"
60,492,meta-llama/Llama-3.1-8B-mini4L,2048,4,0,541434931,541434931,341549671,391494862,49980023,"[49944135, 49943079, 50052855]"
60,564,meta-llama/Llama-3.1-8B-mini4L,2048,4,0,589965840,589965840,391494862,441438997,49508947,"[49943079, 50052855, 48530909]"
60,636,meta-llama/Llama-3.1-8B-mini4L,2048,4,0,636890528,636890528,441438997,491382076,48502817,"[50052855, 48530909, 46924688]"
60,708,meta-llama/Llama-3.1-8B-mini4L,2048,4,0,682374917,682374917,491382076,541434931,46979995,"[48530909, 46924688, 45484389]"
60,780,meta-llama/Llama-3.1-8B-mini4L,2048,4,0,726336832,726336832,541434931,589965840,45456997,"[46924688, 45484389, 43961915]"
60,852,meta-llama/Llama-3.1-8B-mini4L,2048,4,0,768721311,768721311,589965840,636890528,43943594,"[45484389, 43961915, 42384479]"
60,924,meta-llama/Llama-3.1-8B-mini4L,2048,4,0,809610787,809610787,636890528,682374917,42411956,"[43961915, 42384479, 40889476]"
60,996,meta-llama/Llama-3.1-8B-mini4L,2048,4,0,848590663,848590663,682374917,726336832,40751277,"[42384479, 40889476, 38979876]"
60,1068,meta-llama/Llama-3.1-8B-mini4L,2048,4,0,888197840,888197840,726336832,768721311,39825509,"[40889476, 38979876, 39607177]"
60,1140,meta-llama/Llama-3.1-8B-mini4L,2048,4,0,928384958,928384958,768721311,809610787,39591390,"[38979876, 39607177, 40187118]"
60,1212,meta-llama/Llama-3.1-8B-mini4L,2048,4,0,968476801,968476801,809610787,848590663,39962046,"[39607177, 40187118, 40091843]"
60,1284,meta-llama/Llama-3.1-8B-mini4L,2048,4,0,1008296474,1008296474,848590663,888197840,40032878,"[40187118, 40091843, 39819673]"
60,1356,meta-llama/Llama-3.1-8B-mini4L,2048,4,0,1047381288,1047381288,888197840,928384958,39665443,"[40091843, 39819673, 39084814]"
60,1428,meta-llama/Llama-3.1-8B-mini4L,2048,4,0,1087330234,1087330234,928384958,968476801,39617811,"[39819673, 39084814, 39948946]"
60,1500,meta-llama/Llama-3.1-8B-mini4L,2048,4,0,1127427286,1127427286,968476801,1008296474,39710270,"[39084814, 39948946, 40097052]"
60,1572,meta-llama/Llama-3.1-8B-mini4L,2048,4,0,1167416518,1167416518,1008296474,1047381288,40011743,"[39948946, 40097052, 39989232]"
60,1644,meta-llama/Llama-3.1-8B-mini4L,2048,4,0,1206947515,1206947515,1047381288,1087330234,39872427,"[40097052, 39989232, 39530997]"
60,1716,meta-llama/Llama-3.1-8B-mini4L,2048,4,0,1246505467,1246505467,1087330234,1127427286,39692727,"[39989232, 39530997, 39557952]"
60,1788,meta-llama/Llama-3.1-8B-mini4L,2048,4,0,1286324847,1286324847,1127427286,1167416518,39636109,"[39530997, 39557952, 39819380]"
60,1860,meta-llama/Llama-3.1-8B-mini4L,2048,4,0,1326373198,1326373198,1167416518,1206947515,39808561,"[39557952, 39819380, 40048351]"
60,1932,meta-llama/Llama-3.1-8B-mini4L,2048,4,0,1366154619,1366154619,1206947515,1246505467,39883050,"[39819380, 40048351, 39781421]"
60,2004,meta-llama/Llama-3.1-8B-mini4L,2048,4,0,1405562338,1405562338,1246505467,1286324847,39745830,"[40048351, 39781421, 39407719]"
60,2076,meta-llama/Llama-3.1-8B-mini4L,2048,4,0,1445290373,1445290373,1286324847,1326373198,39639058,"[39781421, 39407719, 39728035]"
60,2148,meta-llama/Llama-3.1-8B-mini4L,2048,4,0,1485222520,1485222520,1326373198,1366154619,39689300,"[39407719, 39728035, 39932147]"
60,2220,meta-llama/Llama-3.1-8B-mini4L,2048,4,0,1525021202,1525021202,1366154619,1405562338,39819621,"[39728035, 39932147, 39798682]"
60,2292,meta-llama/Llama-3.1-8B-mini4L,2048,4,0,1564765974,1564765974,1405562338,1445290373,39825200,"[39932147, 39798682, 39744772]"
60,2364,meta-llama/Llama-3.1-8B-mini4L,2048,4,0,1604448976,1604448976,1445290373,1485222520,39742152,"[39798682, 39744772, 39683002]"
60,2436,meta-llama/Llama-3.1-8B-mini4L,2048,4,0,1644131978,1644131978,1485222520,1525021202,39703592,"[39744772, 39683002, 39683002]"
60,2508,meta-llama/Llama-3.1-8B-mini4L,2048,4,0,1683894273,1683894273,1525021202,1564765974,39709433,"[39683002, 39683002, 39762295]"
60,2580,meta-llama/Llama-3.1-8B-mini4L,2048,4,0,1723647136,1723647136,1564765974,1604448976,39732720,"[39683002, 39762295, 39752863]"
60,2652,meta-llama/Llama-3.1-8B-mini4L,2048,4,0,1763311798,1763311798,1604448976,1644131978,39726606,"[39762295, 39752863, 39664662]"
60,2724,meta-llama/Llama-3.1-8B-mini4L,2048,4,0,1802976460,1802976460,1644131978,1683894273,39694062,"[39752863, 39664662, 39664662]"
60,2796,meta-llama/Llama-3.1-8B-mini4L,2048,4,0,1842719629,1842719629,1683894273,1723647136,39690831,"[39664662, 39664662, 39743169]"
60,2868,meta-llama/Llama-3.1-8B-mini4L,2048,4,0,1882410700,1882410700,1723647136,1763311798,39699634,"[39664662, 39743169, 39691071]"
60,2940,meta-llama/Llama-3.1-8B-mini4L,2048,4,0,1905953028,1905953028,1763311798,1802976460,34325522,"[39743169, 39691071, 23542328]"
60,3012,meta-llama/Llama-3.1-8B-mini4L,2048,4,0,1908604124,1908604124,1802976460,1842719629,21961498,"[39691071, 23542328, 2651096]"
60,3084,meta-llama/Llama-3.1-8B-mini4L,2048,4,0,1910813608,1910813608,1842719629,1882410700,9467636,"[23542328, 2651096, 2209484]"
60,3156,meta-llama/Llama-3.1-8B-mini4L,2048,4,0,1912905179,1912905179,1882410700,1905953028,2317383,"[2651096, 2209484, 2091571]"
60,3228,meta-llama/Llama-3.1-8B-mini4L,2056,4,3000000000,8250829565,5250829565,322129,5244182443,2215707,"[2215622, 2215706, 2215794]"
60,3300,meta-llama/Llama-3.1-8B-mini4L,2056,4,3000000000,8250829565,5250829565,322129,5244182443,2215707,"[2215622, 2215706, 2215794]"
60,3372,meta-llama/Llama-3.1-8B-mini4L,2056,4,3000000000,8250829565,5250829565,322129,5244182443,2215707,"[2215622, 2215706, 2215794]"
60,3444,meta-llama/Llama-3.1-8B-mini4L,2056,4,3000000000,8250829565,5250829565,322129,5244182443,2215707,"[2215622, 2215706, 2215794]"
60,3516,meta-llama/Llama-3.1-8B-mini4L,2056,4,3000000000,8250829565,5250829565,322129,5244182443,2215707,"[2215622, 2215706, 2215794]"
60,3588,meta-llama/Llama-3.1-8B-mini4L,2056,4,3000000000,8250829565,5250829565,322129,5244182443,2215707,"[2215622, 2215706, 2215794]"
60,3660,meta-llama/Llama-3.1-8B-mini4L,2056,4,3000000000,8250829565,5250829565,322129,5244182443,2215707,"[2215622, 2215706, 2215794]"
60,3732,meta-llama/Llama-3.1-8B-mini4L,2056,4,3000000000,8250829565,5250829565,322129,5244182443,2215707,"[2215622, 2215706, 2215794]"
60,3804,meta-llama/Llama-3.1-8B-mini4L,2056,4,3000000000,14436067325,11436067325,5250829565,11429420203,2215707,"[2215622, 2215706, 2215794]"
60,3876,meta-llama/Llama-3.1-8B-mini4L,2056,4,3000000000,14436067325,11436067325,5250829565,11429420203,2215707,"[2215622, 2215706, 2215794]"
60,3948,meta-llama/Llama-3.1-8B-mini4L,2056,4,3000000000,14436067325,11436067325,5250829565,11429420203,2215707,"[2215622, 2215706, 2215794]"
60,4020,meta-llama/Llama-3.1-8B-mini4L,2056,4,3000000000,14436067325,11436067325,5250829565,11429420203,2215707,"[2215622, 2215706, 2215794]"
60,4092,meta-llama/Llama-3.1-8B-mini4L,2056,4,3000000000,14436067325,11436067325,5250829565,11429420203,2215707,"[2215622, 2215706, 2215794]"
60,4164,meta-llama/Llama-3.1-8B-mini4L,2056,4,3000000000,14436067325,11436067325,5250829565,11429420203,2215707,"[2215622, 2215706, 2215794]"
60,4236,meta-llama/Llama-3.1-8B-mini4L,2056,4,3000000000,14436067325,11436067325,5250829565,11429420203,2215707,"[2215622, 2215706, 2215794]"
60,4308,meta-llama/Llama-3.1-8B-mini4L,2056,4,3000000000,14436067325,11436067325,5250829565,11429420203,2215707,"[2215622, 2215706, 2215794]"
60,4380,meta-llama/Llama-3.1-8B-mini4L,2056,4,3000000000,20621305085,17621305085,11436067325,17614657963,2215707,"[2215622, 2215706, 2215794]"
60,4452,meta-llama/Llama-3.1-8B-mini4L,2056,4,3000000000,20621305085,17621305085,11436067325,17614657963,2215707,"[2215622, 2215706, 2215794]"
60,4524,meta-llama/Llama-3.1-8B-mini4L,2056,4,3000000000,20621305085,17621305085,11436067325,17614657963,2215707,"[2215622, 2215706, 2215794]"
60,4596,meta-llama/Llama-3.1-8B-mini4L,2056,4,3000000000,20621305085,17621305085,11436067325,17614657963,2215707,"[2215622, 2215706, 2215794]"
60,4668,meta-llama/Llama-3.1-8B-mini4L,2056,4,3000000000,20621305085,17621305085,11436067325,17614657963,2215707,"[2215622, 2215706, 2215794]"
60,4740,meta-llama/Llama-3.1-8B-mini4L,2056,4,3000000000,20621305085,17621305085,11436067325,17614657963,2215707,"[2215622, 2215706, 2215794]"
60,4812,meta-llama/Llama-3.1-8B-mini4L,2056,4,3000000000,20621305085,17621305085,11436067325,17614657963,2215707,"[2215622, 2215706, 2215794]"
60,4884,meta-llama/Llama-3.1-8B-mini4L,2056,4,3000000000,20621305085,17621305085,11436067325,17614657963,2215707,"[2215622, 2215706, 2215794]"
60,4956,meta-llama/Llama-3.1-8B-mini4L,2056,4,3000000000,26806542845,23806542845,17621305085,23799895723,2215707,"[2215622, 2215706, 2215794]"
60,5028,meta-llama/Llama-3.1-8B-mini4L,2056,4,3000000000,26806542845,23806542845,17621305085,23799895723,2215707,"[2215622, 2215706, 2215794]"
60,5100,meta-llama/Llama-3.1-8B-mini4L,2056,4,3000000000,26806542845,23806542845,17621305085,23799895723,2215707,"[2215622, 2215706, 2215794]"
60,5172,meta-llama/Llama-3.1-8B-mini4L,2056,4,3000000000,26806542845,23806542845,17621305085,23799895723,2215707,"[2215622, 2215706, 2215794]"
60,5244,meta-llama/Llama-3.1-8B-mini4L,2056,4,3000000000,26806542845,23806542845,17621305085,23799895723,2215707,"[2215622, 2215706, 2215794]"
60,5316,meta-llama/Llama-3.1-8B-mini4L,2056,4,3000000000,26806542845,23806542845,17621305085,23799895723,2215707,"[2215622, 2215706, 2215794]"
60,5388,meta-llama/Llama-3.1-8B-mini4L,2056,4,3000000000,26806542845,23806542845,17621305085,23799895723,2215707,"[2215622, 2215706, 2215794]"
60,5460,meta-llama/Llama-3.1-8B-mini4L,2056,4,3000000000,26806542845,23806542845,17621305085,23799895723,2215707,"[2215622, 2215706, 2215794]"
60,5532,meta-llama/Llama-3.1-8B-mini4L,2056,4,3000000000,32991780605,29991780605,23806542845,29985133483,2215707,"[2215622, 2215706, 2215794]"
60,5604,meta-llama/Llama-3.1-8B-mini4L,2056,4,3000000000,32991780605,29991780605,23806542845,29985133483,2215707,"[2215622, 2215706, 2215794]"
60,5676,meta-llama/Llama-3.1-8B-mini4L,2056,4,3000000000,32991780605,29991780605,23806542845,29985133483,2215707,"[2215622, 2215706, 2215794]"
60,5748,meta-llama/Llama-3.1-8B-mini4L,2056,4,3000000000,32991780605,29991780605,23806542845,29985133483,2215707,"[2215622, 2215706, 2215794]"
60,5820,meta-llama/Llama-3.1-8B-mini4L,2056,4,3000000000,32991780605,29991780605,23806542845,29985133483,2215707,"[2215622, 2215706, 2215794]"
60,5892,meta-llama/Llama-3.1-8B-mini4L,2056,4,3000000000,32991780605,29991780605,23806542845,29985133483,2215707,"[2215622, 2215706, 2215794]"
60,5964,meta-llama/Llama-3.1-8B-mini4L,2056,4,3000000000,32991780605,29991780605,23806542845,29985133483,2215707,"[2215622, 2215706, 2215794]"
60,6036,meta-llama/Llama-3.1-8B-mini4L,2056,4,3000000000,32991780605,29991780605,23806542845,29985133483,2215707,"[2215622, 2215706, 2215794]"
60,6108,meta-llama/Llama-3.1-8B-mini4L,2056,4,3000000000,36921803908,33921803908,29991780605,33915365926,2145994,"[2145938, 2145994, 2146050]"
60,6180,meta-llama/Llama-3.1-8B-mini4L,2056,4,3000000000,36921803908,33921803908,29991780605,33915365926,2145994,"[2145938, 2145994, 2146050]"
60,6252,meta-llama/Llama-3.1-8B-mini4L,2056,4,3000000000,36921803908,33921803908,29991780605,33915365926,2145994,"[2145938, 2145994, 2146050]"
60,6324,meta-llama/Llama-3.1-8B-mini4L,2056,4,3000000000,36921803908,33921803908,29991780605,33915365926,2145994,"[2145938, 2145994, 2146050]"
60,6396,meta-llama/Llama-3.1-8B-mini4L,2056,4,3000000000,36921803908,33921803908,29991780605,33915365926,2145994,"[2145938, 2145994, 2146050]"
61,61,meta-llama/Llama-3.1-8B-mini4L,2048,4,0,192275160,192275160,1,43617029,49552710,"[48887602, 49863356, 49907173]"
61,133,meta-llama/Llama-3.1-8B-mini4L,2048,4,0,292128880,292128880,92504631,142367987,49920297,"[49907173, 49906421, 49947299]"
61,205,meta-llama/Llama-3.1-8B-mini4L,2048,4,0,342075127,342075127,142367987,192275160,49933322,"[49906421, 49947299, 49946247]"
61,277,meta-llama/Llama-3.1-8B-mini4L,2048,4,0,392020318,392020318,192275160,242181581,49946245,"[49947299, 49946247, 49945191]"
61,349,meta-llama/Llama-3.1-8B-mini4L,2048,4,0,441964453,441964453,242181581,292128880,49945191,"[49946247, 49945191, 49944135]"
61,421,meta-llama/Llama-3.1-8B-mini4L,2048,4,0,491907532,491907532,292128880,342075127,49944135,"[49945191, 49944135, 49943079]"
61,493,meta-llama/Llama-3.1-8B-mini4L,2048,4,0,541960387,541960387,342075127,392020318,49980023,"[49944135, 49943079, 50052855]"
61,565,meta-llama/Llama-3.1-8B-mini4L,2048,4,0,590491296,590491296,392020318,441964453,49508947,"[49943079, 50052855, 48530909]"
61,637,meta-llama/Llama-3.1-8B-mini4L,2048,4,0,637415984,637415984,441964453,491907532,48502817,"[50052855, 48530909, 46924688]"
61,709,meta-llama/Llama-3.1-8B-mini4L,2048,4,0,682900373,682900373,491907532,541960387,46979995,"[48530909, 46924688, 45484389]"
61,781,meta-llama/Llama-3.1-8B-mini4L,2048,4,0,726862288,726862288,541960387,590491296,45456997,"[46924688, 45484389, 43961915]"
61,853,meta-llama/Llama-3.1-8B-mini4L,2048,4,0,769246767,769246767,590491296,637415984,43943594,"[45484389, 43961915, 42384479]"
61,925,meta-llama/Llama-3.1-8B-mini4L,2048,4,0,810136243,810136243,637415984,682900373,42411956,"[43961915, 42384479, 40889476]"
61,997,meta-llama/Llama-3.1-8B-mini4L,2048,4,0,849224987,849224987,682900373,726862288,40787566,"[42384479, 40889476, 39088744]"
61,1069,meta-llama/Llama-3.1-8B-mini4L,2048,4,0,888723296,888723296,726862288,769246767,39825509,"[40889476, 39088744, 39498309]"
61,1141,meta-llama/Llama-3.1-8B-mini4L,2048,4,0,928910414,928910414,769246767,810136243,39591390,"[39088744, 39498309, 40187118]"
61,1213,meta-llama/Llama-3.1-8B-mini4L,2048,4,0,969002257,969002257,810136243,849224987,39925756,"[39498309, 40187118, 40091843]"
61,1285,meta-llama/Llama-3.1-8B-mini4L,2048,4,0,1008849147,1008849147,849224987,888723296,40041950,"[40187118, 40091843, 39846890]"
61,1357,meta-llama/Llama-3.1-8B-mini4L,2048,4,0,1047933961,1047933961,888723296,928910414,39674515,"[40091843, 39846890, 39084814]"
61,1429,meta-llama/Llama-3.1-8B-mini4L,2048,4,0,1087855690,1087855690,928910414,969002257,39617811,"[39846890, 39084814, 39921729]"
61,1501,meta-llama/Llama-3.1-8B-mini4L,2048,4,0,1127952742,1127952742,969002257,1008849147,39701198,"[39084814, 39921729, 40097052]"
61,1573,meta-llama/Llama-3.1-8B-mini4L,2048,4,0,1167941974,1167941974,1008849147,1047933961,40002671,"[39921729, 40097052, 39989232]"
61,1645,meta-llama/Llama-3.1-8B-mini4L,2048,4,0,1207553836,1207553836,1047933961,1087855690,39899382,"[40097052, 39989232, 39611862]"
61,1717,meta-llama/Llama-3.1-8B-mini4L,2048,4,0,1247030923,1247030923,1087855690,1127952742,39692727,"[39989232, 39611862, 39477087]"
61,1789,meta-llama/Llama-3.1-8B-mini4L,2048,4,0,1286850303,1286850303,1127952742,1167941974,39636109,"[39611862, 39477087, 39819380]"
61,1861,meta-llama/Llama-3.1-8B-mini4L,2048,4,0,1326925347,1326925347,1167941974,1207553836,39790503,"[39477087, 39819380, 40075044]"
61,1933,meta-llama/Llama-3.1-8B-mini4L,2048,4,0,1366706768,1366706768,1207553836,1247030923,39891948,"[39819380, 40075044, 39781421]"
61,2005,meta-llama/Llama-3.1-8B-mini4L,2048,4,0,1406114487,1406114487,1247030923,1286850303,39754728,"[40075044, 39781421, 39407719]"
61,2077,meta-llama/Llama-3.1-8B-mini4L,2048,4,0,1445842522,1445842522,1286850303,1326925347,39639058,"[39781421, 39407719, 39728035]"
61,2149,meta-llama/Llama-3.1-8B-mini4L,2048,4,0,1485747976,1485747976,1326925347,1366706768,39680402,"[39407719, 39728035, 39905454]"
61,2221,meta-llama/Llama-3.1-8B-mini4L,2048,4,0,1525546658,1525546658,1366706768,1406114487,39810723,"[39728035, 39905454, 39798682]"
61,2293,meta-llama/Llama-3.1-8B-mini4L,2048,4,0,1565291430,1565291430,1406114487,1445842522,39816302,"[39905454, 39798682, 39744772]"
61,2365,meta-llama/Llama-3.1-8B-mini4L,2048,4,0,1605000863,1605000863,1445842522,1485747976,39750962,"[39798682, 39744772, 39709433]"
61,2437,meta-llama/Llama-3.1-8B-mini4L,2048,4,0,1644710296,1644710296,1485747976,1525546658,39721212,"[39744772, 39709433, 39709433]"
61,2509,meta-llama/Llama-3.1-8B-mini4L,2048,4,0,1684472591,1684472591,1525546658,1565291430,39727053,"[39709433, 39709433, 39762295]"
61,2581,meta-llama/Llama-3.1-8B-mini4L,2048,4,0,1724224930,1724224930,1565291430,1605000863,39741355,"[39709433, 39762295, 39752339]"
61,2653,meta-llama/Llama-3.1-8B-mini4L,2048,4,0,1763889592,1763889592,1605000863,1644710296,39726432,"[39762295, 39752339, 39664662]"
61,2725,meta-llama/Llama-3.1-8B-mini4L,2048,4,0,1803554254,1803554254,1644710296,1684472591,39693887,"[39752339, 39664662, 39664662]"
61,2797,meta-llama/Llama-3.1-8B-mini4L,2048,4,0,1843297423,1843297423,1684472591,1724224930,39690831,"[39664662, 39664662, 39743169]"
61,2869,meta-llama/Llama-3.1-8B-mini4L,2048,4,0,1882936396,1882936396,1724224930,1763889592,39682268,"[39664662, 39743169, 39638973]"
61,2941,meta-llama/Llama-3.1-8B-mini4L,2048,4,0,1905985468,1905985468,1763889592,1803554254,34143738,"[39743169, 39638973, 23049072]"
61,3013,meta-llama/Llama-3.1-8B-mini4L,2048,4,0,1908605013,1908605013,1803554254,1843297423,21769196,"[39638973, 23049072, 2619545]"
61,3085,meta-llama/Llama-3.1-8B-mini4L,2048,4,0,1910814241,1910814241,1843297423,1882936396,9292615,"[23049072, 2619545, 2209228]"
61,3157,meta-llama/Llama-3.1-8B-mini4L,2048,4,0,1912905555,1912905555,1882936396,1905985468,2306695,"[2619545, 2209228, 2091314]"
61,3229,meta-llama/Llama-3.1-8B-mini4L,2056,4,3000000000,8336735645,5336735645,322129,5330088523,2215707,"[2215622, 2215706, 2215794]"
61,3301,meta-llama/Llama-3.1-8B-mini4L,2056,4,3000000000,8336735645,5336735645,322129,5330088523,2215707,"[2215622, 2215706, 2215794]"
61,3373,meta-llama/Llama-3.1-8B-mini4L,2056,4,3000000000,8336735645,5336735645,322129,5330088523,2215707,"[2215622, 2215706, 2215794]"
61,3445,meta-llama/Llama-3.1-8B-mini4L,2056,4,3000000000,8336735645,5336735645,322129,5330088523,2215707,"[2215622, 2215706, 2215794]"
61,3517,meta-llama/Llama-3.1-8B-mini4L,2056,4,3000000000,8336735645,5336735645,322129,5330088523,2215707,"[2215622, 2215706, 2215794]"
61,3589,meta-llama/Llama-3.1-8B-mini4L,2056,4,3000000000,8336735645,5336735645,322129,5330088523,2215707,"[2215622, 2215706, 2215794]"
61,3661,meta-llama/Llama-3.1-8B-mini4L,2056,4,3000000000,8336735645,5336735645,322129,5330088523,2215707,"[2215622, 2215706, 2215794]"
61,3733,meta-llama/Llama-3.1-8B-mini4L,2056,4,3000000000,8336735645,5336735645,322129,5330088523,2215707,"[2215622, 2215706, 2215794]"
61,3805,meta-llama/Llama-3.1-8B-mini4L,2056,4,3000000000,14521973405,11521973405,5336735645,11515326283,2215707,"[2215622, 2215706, 2215794]"
61,3877,meta-llama/Llama-3.1-8B-mini4L,2056,4,3000000000,14521973405,11521973405,5336735645,11515326283,2215707,"[2215622, 2215706, 2215794]"
61,3949,meta-llama/Llama-3.1-8B-mini4L,2056,4,3000000000,14521973405,11521973405,5336735645,11515326283,2215707,"[2215622, 2215706, 2215794]"
61,4021,meta-llama/Llama-3.1-8B-mini4L,2056,4,3000000000,14521973405,11521973405,5336735645,11515326283,2215707,"[2215622, 2215706, 2215794]"
61,4093,meta-llama/Llama-3.1-8B-mini4L,2056,4,3000000000,14521973405,11521973405,5336735645,11515326283,2215707,"[2215622, 2215706, 2215794]"
61,4165,meta-llama/Llama-3.1-8B-mini4L,2056,4,3000000000,14521973405,11521973405,5336735645,11515326283,2215707,"[2215622, 2215706, 2215794]"
61,4237,meta-llama/Llama-3.1-8B-mini4L,2056,4,3000000000,14521973405,11521973405,5336735645,11515326283,2215707,"[2215622, 2215706, 2215794]"
61,4309,meta-llama/Llama-3.1-8B-mini4L,2056,4,3000000000,14521973405,11521973405,5336735645,11515326283,2215707,"[2215622, 2215706, 2215794]"
61,4381,meta-llama/Llama-3.1-8B-mini4L,2056,4,3000000000,20707211165,17707211165,11521973405,17700564043,2215707,"[2215622, 2215706, 2215794]"
61,4453,meta-llama/Llama-3.1-8B-mini4L,2056,4,3000000000,20707211165,17707211165,11521973405,17700564043,2215707,"[2215622, 2215706, 2215794]"
61,4525,meta-llama/Llama-3.1-8B-mini4L,2056,4,3000000000,20707211165,17707211165,11521973405,17700564043,2215707,"[2215622, 2215706, 2215794]"
61,4597,meta-llama/Llama-3.1-8B-mini4L,2056,4,3000000000,20707211165,17707211165,11521973405,17700564043,2215707,"[2215622, 2215706, 2215794]"
61,4669,meta-llama/Llama-3.1-8B-mini4L,2056,4,3000000000,20707211165,17707211165,11521973405,17700564043,2215707,"[2215622, 2215706, 2215794]"
61,4741,meta-llama/Llama-3.1-8B-mini4L,2056,4,3000000000,20707211165,17707211165,11521973405,17700564043,2215707,"[2215622, 2215706, 2215794]"
61,4813,meta-llama/Llama-3.1-8B-mini4L,2056,4,3000000000,20707211165,17707211165,11521973405,17700564043,2215707,"[2215622, 2215706, 2215794]"
61,4885,meta-llama/Llama-3.1-8B-mini4L,2056,4,3000000000,20707211165,17707211165,11521973405,17700564043,2215707,"[2215622, 2215706, 2215794]"
61,4957,meta-llama/Llama-3.1-8B-mini4L,2056,4,3000000000,26892448925,23892448925,17707211165,23885801803,2215707,"[2215622, 2215706, 2215794]"
61,5029,meta-llama/Llama-3.1-8B-mini4L,2056,4,3000000000,26892448925,23892448925,17707211165,23885801803,2215707,"[2215622, 2215706, 2215794]"
61,5101,meta-llama/Llama-3.1-8B-mini4L,2056,4,3000000000,26892448925,23892448925,17707211165,23885801803,2215707,"[2215622, 2215706, 2215794]"
61,5173,meta-llama/Llama-3.1-8B-mini4L,2056,4,3000000000,26892448925,23892448925,17707211165,23885801803,2215707,"[2215622, 2215706, 2215794]"
61,5245,meta-llama/Llama-3.1-8B-mini4L,2056,4,3000000000,26892448925,23892448925,17707211165,23885801803,2215707,"[2215622, 2215706, 2215794]"
61,5317,meta-llama/Llama-3.1-8B-mini4L,2056,4,3000000000,26892448925,23892448925,17707211165,23885801803,2215707,"[2215622, 2215706, 2215794]"
61,5389,meta-llama/Llama-3.1-8B-mini4L,2056,4,3000000000,26892448925,23892448925,17707211165,23885801803,2215707,"[2215622, 2215706, 2215794]"
61,5461,meta-llama/Llama-3.1-8B-mini4L,2056,4,3000000000,26892448925,23892448925,17707211165,23885801803,2215707,"[2215622, 2215706, 2215794]"
61,5533,meta-llama/Llama-3.1-8B-mini4L,2056,4,3000000000,33077686685,30077686685,23892448925,30071039563,2215707,"[2215622, 2215706, 2215794]"
61,5605,meta-llama/Llama-3.1-8B-mini4L,2056,4,3000000000,33077686685,30077686685,23892448925,30071039563,2215707,"[2215622, 2215706, 2215794]"
61,5677,meta-llama/Llama-3.1-8B-mini4L,2056,4,3000000000,33077686685,30077686685,23892448925,30071039563,2215707,"[2215622, 2215706, 2215794]"
61,5749,meta-llama/Llama-3.1-8B-mini4L,2056,4,3000000000,33077686685,30077686685,23892448925,30071039563,2215707,"[2215622, 2215706, 2215794]"
61,5821,meta-llama/Llama-3.1-8B-mini4L,2056,4,3000000000,33077686685,30077686685,23892448925,30071039563,2215707,"[2215622, 2215706, 2215794]"
61,5893,meta-llama/Llama-3.1-8B-mini4L,2056,4,3000000000,33077686685,30077686685,23892448925,30071039563,2215707,"[2215622, 2215706, 2215794]"
61,5965,meta-llama/Llama-3.1-8B-mini4L,2056,4,3000000000,33077686685,30077686685,23892448925,30071039563,2215707,"[2215622, 2215706, 2215794]"
61,6037,meta-llama/Llama-3.1-8B-mini4L,2056,4,3000000000,33077686685,30077686685,23892448925,30071039563,2215707,"[2215622, 2215706, 2215794]"
61,6109,meta-llama/Llama-3.1-8B-mini4L,2056,4,3000000000,36976252708,33976252708,30077686685,33969814726,2145994,"[2145938, 2145994, 2146050]"
61,6181,meta-llama/Llama-3.1-8B-mini4L,2056,4,3000000000,36976252708,33976252708,30077686685,33969814726,2145994,"[2145938, 2145994, 2146050]"
61,6253,meta-llama/Llama-3.1-8B-mini4L,2056,4,3000000000,36976252708,33976252708,30077686685,33969814726,2145994,"[2145938, 2145994, 2146050]"
61,6325,meta-llama/Llama-3.1-8B-mini4L,2056,4,3000000000,36976252708,33976252708,30077686685,33969814726,2145994,"[2145938, 2145994, 2146050]"
61,6397,meta-llama/Llama-3.1-8B-mini4L,2056,4,3000000000,36976252708,33976252708,30077686685,33969814726,2145994,"[2145938, 2145994, 2146050]"
62,62,meta-llama/Llama-3.1-8B-mini4L,2048,4,0,192800616,192800616,1,44142485,49552710,"[48887602, 49863356, 49907173]"
62,134,meta-llama/Llama-3.1-8B-mini4L,2048,4,0,292654336,292654336,93030087,142893443,49920297,"[49907173, 49906421, 49947299]"
62,206,meta-llama/Llama-3.1-8B-mini4L,2048,4,0,342600583,342600583,142893443,192800616,49933322,"[49906421, 49947299, 49946247]"
62,278,meta-llama/Llama-3.1-8B-mini4L,2048,4,0,392545774,392545774,192800616,242707037,49946245,"[49947299, 49946247, 49945191]"
62,350,meta-llama/Llama-3.1-8B-mini4L,2048,4,0,442489909,442489909,242707037,292654336,49945191,"[49946247, 49945191, 49944135]"
62,422,meta-llama/Llama-3.1-8B-mini4L,2048,4,0,492432988,492432988,292654336,342600583,49944135,"[49945191, 49944135, 49943079]"
62,494,meta-llama/Llama-3.1-8B-mini4L,2048,4,0,542485843,542485843,342600583,392545774,49980023,"[49944135, 49943079, 50052855]"
62,566,meta-llama/Llama-3.1-8B-mini4L,2048,4,0,591016752,591016752,392545774,442489909,49508947,"[49943079, 50052855, 48530909]"
62,638,meta-llama/Llama-3.1-8B-mini4L,2048,4,0,637941440,637941440,442489909,492432988,48502817,"[50052855, 48530909, 46924688]"
62,710,meta-llama/Llama-3.1-8B-mini4L,2048,4,0,683425829,683425829,492432988,542485843,46979995,"[48530909, 46924688, 45484389]"
62,782,meta-llama/Llama-3.1-8B-mini4L,2048,4,0,727387744,727387744,542485843,591016752,45456997,"[46924688, 45484389, 43961915]"
62,854,meta-llama/Llama-3.1-8B-mini4L,2048,4,0,769827181,769827181,591016752,637941440,43961913,"[45484389, 43961915, 42439437]"
62,926,meta-llama/Llama-3.1-8B-mini4L,2048,4,0,810661699,810661699,637941440,683425829,42411956,"[43961915, 42439437, 40834518]"
62,998,meta-llama/Llama-3.1-8B-mini4L,2048,4,0,849832094,849832094,683425829,727387744,40814783,"[42439437, 40834518, 39170395]"
62,1070,meta-llama/Llama-3.1-8B-mini4L,2048,4,0,889248752,889248752,727387744,769827181,39807190,"[40834518, 39170395, 39416658]"
62,1142,meta-llama/Llama-3.1-8B-mini4L,2048,4,0,929435870,929435870,769827181,810661699,39591390,"[39170395, 39416658, 40187118]"
62,1214,meta-llama/Llama-3.1-8B-mini4L,2048,4,0,969527713,969527713,810661699,849832094,39898539,"[39416658, 40187118, 40091843]"
62,1286,meta-llama/Llama-3.1-8B-mini4L,2048,4,0,1009401820,1009401820,849832094,889248752,40051022,"[40187118, 40091843, 39874107]"
62,1358,meta-llama/Llama-3.1-8B-mini4L,2048,4,0,1048486634,1048486634,889248752,929435870,39683588,"[40091843, 39874107, 39084814]"
62,1430,meta-llama/Llama-3.1-8B-mini4L,2048,4,0,1088408101,1088408101,929435870,969527713,39626796,"[39874107, 39084814, 39921467]"
62,1502,meta-llama/Llama-3.1-8B-mini4L,2048,4,0,1128478198,1128478198,969527713,1009401820,39692126,"[39084814, 39921467, 40070097]"
62,1574,meta-llama/Llama-3.1-8B-mini4L,2048,4,0,1168494385,1168494385,1009401820,1048486634,40002583,"[39921467, 40070097, 40016187]"
62,1646,meta-llama/Llama-3.1-8B-mini4L,2048,4,0,1208106247,1208106247,1048486634,1088408101,39899382,"[40070097, 40016187, 39611862]"
62,1718,meta-llama/Llama-3.1-8B-mini4L,2048,4,0,1247583334,1247583334,1088408101,1128478198,39701712,"[40016187, 39611862, 39477087]"
62,1790,meta-llama/Llama-3.1-8B-mini4L,2048,4,0,1287402452,1287402452,1128478198,1168494385,39636022,"[39611862, 39477087, 39819118]"
62,1862,meta-llama/Llama-3.1-8B-mini4L,2048,4,0,1327450803,1327450803,1168494385,1208106247,39781518,"[39477087, 39819118, 40048351]"
62,1934,meta-llama/Llama-3.1-8B-mini4L,2048,4,0,1367232224,1367232224,1208106247,1247583334,39882963,"[39819118, 40048351, 39781421]"
62,2006,meta-llama/Llama-3.1-8B-mini4L,2048,4,0,1406666636,1406666636,1247583334,1287402452,39754728,"[40048351, 39781421, 39434412]"
62,2078,meta-llama/Llama-3.1-8B-mini4L,2048,4,0,1446394671,1446394671,1287402452,1327450803,39647956,"[39781421, 39434412, 39728035]"
62,2150,meta-llama/Llama-3.1-8B-mini4L,2048,4,0,1486299863,1486299863,1327450803,1367232224,39689213,"[39434412, 39728035, 39905192]"
62,2222,meta-llama/Llama-3.1-8B-mini4L,2048,4,0,1526098807,1526098807,1367232224,1406666636,39810723,"[39728035, 39905192, 39798944]"
62,2294,meta-llama/Llama-3.1-8B-mini4L,2048,4,0,1565869748,1565869748,1406666636,1446394671,39825025,"[39905192, 39798944, 39770941]"
62,2366,meta-llama/Llama-3.1-8B-mini4L,2048,4,0,1605552750,1605552750,1446394671,1486299863,39750962,"[39798944, 39770941, 39683002]"
62,2438,meta-llama/Llama-3.1-8B-mini4L,2048,4,0,1645262183,1645262183,1486299863,1526098807,39721125,"[39770941, 39683002, 39709433]"
62,2510,meta-llama/Llama-3.1-8B-mini4L,2048,4,0,1685050909,1685050909,1526098807,1565869748,39727053,"[39683002, 39709433, 39788726]"
62,2582,meta-llama/Llama-3.1-8B-mini4L,2048,4,0,1724802724,1724802724,1565869748,1605552750,39749991,"[39709433, 39788726, 39751815]"
62,2654,meta-llama/Llama-3.1-8B-mini4L,2048,4,0,1764467386,1764467386,1605552750,1645262183,39735067,"[39788726, 39751815, 39664662]"
62,2726,meta-llama/Llama-3.1-8B-mini4L,2048,4,0,1804132048,1804132048,1645262183,1685050909,39693713,"[39751815, 39664662, 39664662]"
62,2798,meta-llama/Llama-3.1-8B-mini4L,2048,4,0,1843875217,1843875217,1685050909,1724802724,39690831,"[39664662, 39664662, 39743169]"
62,2870,meta-llama/Llama-3.1-8B-mini4L,2048,4,0,1883462092,1883462092,1724802724,1764467386,39664902,"[39664662, 39743169, 39586875]"
62,2942,meta-llama/Llama-3.1-8B-mini4L,2048,4,0,1906018628,1906018628,1764467386,1804132048,33962193,"[39743169, 39586875, 22556536]"
62,3014,meta-llama/Llama-3.1-8B-mini4L,2048,4,0,1908605902,1908605902,1804132048,1843875217,21576895,"[39586875, 22556536, 2587274]"
62,3086,meta-llama/Llama-3.1-8B-mini4L,2048,4,0,1910814874,1910814874,1843875217,1883462092,9117594,"[22556536, 2587274, 2208972]"
62,3158,meta-llama/Llama-3.1-8B-mini4L,2048,4,0,1912905931,1912905931,1883462092,1906018628,2295767,"[2587274, 2208972, 2091057]"
62,3230,meta-llama/Llama-3.1-8B-mini4L,2056,4,3000000000,8422641725,5422641725,322129,5415994603,2215707,"[2215622, 2215706, 2215794]"
62,3302,meta-llama/Llama-3.1-8B-mini4L,2056,4,3000000000,8422641725,5422641725,322129,5415994603,2215707,"[2215622, 2215706, 2215794]"
62,3374,meta-llama/Llama-3.1-8B-mini4L,2056,4,3000000000,8422641725,5422641725,322129,5415994603,2215707,"[2215622, 2215706, 2215794]"
62,3446,meta-llama/Llama-3.1-8B-mini4L,2056,4,3000000000,8422641725,5422641725,322129,5415994603,2215707,"[2215622, 2215706, 2215794]"
62,3518,meta-llama/Llama-3.1-8B-mini4L,2056,4,3000000000,8422641725,5422641725,322129,5415994603,2215707,"[2215622, 2215706, 2215794]"
62,3590,meta-llama/Llama-3.1-8B-mini4L,2056,4,3000000000,8422641725,5422641725,322129,5415994603,2215707,"[2215622, 2215706, 2215794]"
62,3662,meta-llama/Llama-3.1-8B-mini4L,2056,4,3000000000,8422641725,5422641725,322129,5415994603,2215707,"[2215622, 2215706, 2215794]"
62,3734,meta-llama/Llama-3.1-8B-mini4L,2056,4,3000000000,8422641725,5422641725,322129,5415994603,2215707,"[2215622, 2215706, 2215794]"
62,3806,meta-llama/Llama-3.1-8B-mini4L,2056,4,3000000000,14607879485,11607879485,5422641725,11601232363,2215707,"[2215622, 2215706, 2215794]"
62,3878,meta-llama/Llama-3.1-8B-mini4L,2056,4,3000000000,14607879485,11607879485,5422641725,11601232363,2215707,"[2215622, 2215706, 2215794]"
62,3950,meta-llama/Llama-3.1-8B-mini4L,2056,4,3000000000,14607879485,11607879485,5422641725,11601232363,2215707,"[2215622, 2215706, 2215794]"
62,4022,meta-llama/Llama-3.1-8B-mini4L,2056,4,3000000000,14607879485,11607879485,5422641725,11601232363,2215707,"[2215622, 2215706, 2215794]"
62,4094,meta-llama/Llama-3.1-8B-mini4L,2056,4,3000000000,14607879485,11607879485,5422641725,11601232363,2215707,"[2215622, 2215706, 2215794]"
62,4166,meta-llama/Llama-3.1-8B-mini4L,2056,4,3000000000,14607879485,11607879485,5422641725,11601232363,2215707,"[2215622, 2215706, 2215794]"
62,4238,meta-llama/Llama-3.1-8B-mini4L,2056,4,3000000000,14607879485,11607879485,5422641725,11601232363,2215707,"[2215622, 2215706, 2215794]"
62,4310,meta-llama/Llama-3.1-8B-mini4L,2056,4,3000000000,14607879485,11607879485,5422641725,11601232363,2215707,"[2215622, 2215706, 2215794]"
62,4382,meta-llama/Llama-3.1-8B-mini4L,2056,4,3000000000,20793117245,17793117245,11607879485,17786470123,2215707,"[2215622, 2215706, 2215794]"
62,4454,meta-llama/Llama-3.1-8B-mini4L,2056,4,3000000000,20793117245,17793117245,11607879485,17786470123,2215707,"[2215622, 2215706, 2215794]"
62,4526,meta-llama/Llama-3.1-8B-mini4L,2056,4,3000000000,20793117245,17793117245,11607879485,17786470123,2215707,"[2215622, 2215706, 2215794]"
62,4598,meta-llama/Llama-3.1-8B-mini4L,2056,4,3000000000,20793117245,17793117245,11607879485,17786470123,2215707,"[2215622, 2215706, 2215794]"
62,4670,meta-llama/Llama-3.1-8B-mini4L,2056,4,3000000000,20793117245,17793117245,11607879485,17786470123,2215707,"[2215622, 2215706, 2215794]"
62,4742,meta-llama/Llama-3.1-8B-mini4L,2056,4,3000000000,20793117245,17793117245,11607879485,17786470123,2215707,"[2215622, 2215706, 2215794]"
62,4814,meta-llama/Llama-3.1-8B-mini4L,2056,4,3000000000,20793117245,17793117245,11607879485,17786470123,2215707,"[2215622, 2215706, 2215794]"
62,4886,meta-llama/Llama-3.1-8B-mini4L,2056,4,3000000000,20793117245,17793117245,11607879485,17786470123,2215707,"[2215622, 2215706, 2215794]"
62,4958,meta-llama/Llama-3.1-8B-mini4L,2056,4,3000000000,26978355005,23978355005,17793117245,23971707883,2215707,"[2215622, 2215706, 2215794]"
62,5030,meta-llama/Llama-3.1-8B-mini4L,2056,4,3000000000,26978355005,23978355005,17793117245,23971707883,2215707,"[2215622, 2215706, 2215794]"
62,5102,meta-llama/Llama-3.1-8B-mini4L,2056,4,3000000000,26978355005,23978355005,17793117245,23971707883,2215707,"[2215622, 2215706, 2215794]"
62,5174,meta-llama/Llama-3.1-8B-mini4L,2056,4,3000000000,26978355005,23978355005,17793117245,23971707883,2215707,"[2215622, 2215706, 2215794]"
62,5246,meta-llama/Llama-3.1-8B-mini4L,2056,4,3000000000,26978355005,23978355005,17793117245,23971707883,2215707,"[2215622, 2215706, 2215794]"
62,5318,meta-llama/Llama-3.1-8B-mini4L,2056,4,3000000000,26978355005,23978355005,17793117245,23971707883,2215707,"[2215622, 2215706, 2215794]"
62,5390,meta-llama/Llama-3.1-8B-mini4L,2056,4,3000000000,26978355005,23978355005,17793117245,23971707883,2215707,"[2215622, 2215706, 2215794]"
62,5462,meta-llama/Llama-3.1-8B-mini4L,2056,4,3000000000,26978355005,23978355005,17793117245,23971707883,2215707,"[2215622, 2215706, 2215794]"
62,5534,meta-llama/Llama-3.1-8B-mini4L,2056,4,3000000000,33163592765,30163592765,23978355005,30156945643,2215707,"[2215622, 2215706, 2215794]"
62,5606,meta-llama/Llama-3.1-8B-mini4L,2056,4,3000000000,33163592765,30163592765,23978355005,30156945643,2215707,"[2215622, 2215706, 2215794]"
62,5678,meta-llama/Llama-3.1-8B-mini4L,2056,4,3000000000,33163592765,30163592765,23978355005,30156945643,2215707,"[2215622, 2215706, 2215794]"
62,5750,meta-llama/Llama-3.1-8B-mini4L,2056,4,3000000000,33163592765,30163592765,23978355005,30156945643,2215707,"[2215622, 2215706, 2215794]"
62,5822,meta-llama/Llama-3.1-8B-mini4L,2056,4,3000000000,33163592765,30163592765,23978355005,30156945643,2215707,"[2215622, 2215706, 2215794]"
62,5894,meta-llama/Llama-3.1-8B-mini4L,2056,4,3000000000,33163592765,30163592765,23978355005,30156945643,2215707,"[2215622, 2215706, 2215794]"
62,5966,meta-llama/Llama-3.1-8B-mini4L,2056,4,3000000000,33163592765,30163592765,23978355005,30156945643,2215707,"[2215622, 2215706, 2215794]"
62,6038,meta-llama/Llama-3.1-8B-mini4L,2056,4,3000000000,33163592765,30163592765,23978355005,30156945643,2215707,"[2215622, 2215706, 2215794]"
62,6110,meta-llama/Llama-3.1-8B-mini4L,2056,4,3000000000,37030701508,34030701508,30163592765,34024263526,2145994,"[2145938, 2145994, 2146050]"
62,6182,meta-llama/Llama-3.1-8B-mini4L,2056,4,3000000000,37030701508,34030701508,30163592765,34024263526,2145994,"[2145938, 2145994, 2146050]"
62,6254,meta-llama/Llama-3.1-8B-mini4L,2056,4,3000000000,37030701508,34030701508,30163592765,34024263526,2145994,"[2145938, 2145994, 2146050]"
62,6326,meta-llama/Llama-3.1-8B-mini4L,2056,4,3000000000,37030701508,34030701508,30163592765,34024263526,2145994,"[2145938, 2145994, 2146050]"
62,6398,meta-llama/Llama-3.1-8B-mini4L,2056,4,3000000000,37030701508,34030701508,30163592765,34024263526,2145994,"[2145938, 2145994, 2146050]"
63,63,meta-llama/Llama-3.1-8B-mini4L,2048,4,0,193326072,193326072,1,44667941,49552710,"[48887602, 49863356, 49907173]"
63,135,meta-llama/Llama-3.1-8B-mini4L,2048,4,0,293179792,293179792,93555543,143418899,49920297,"[49907173, 49906421, 49947299]"
63,207,meta-llama/Llama-3.1-8B-mini4L,2048,4,0,343126039,343126039,143418899,193326072,49933322,"[49906421, 49947299, 49946247]"
63,279,meta-llama/Llama-3.1-8B-mini4L,2048,4,0,393071230,393071230,193326072,243232493,49946245,"[49947299, 49946247, 49945191]"
63,351,meta-llama/Llama-3.1-8B-mini4L,2048,4,0,443015365,443015365,243232493,293179792,49945191,"[49946247, 49945191, 49944135]"
63,423,meta-llama/Llama-3.1-8B-mini4L,2048,4,0,492958444,492958444,293179792,343126039,49944135,"[49945191, 49944135, 49943079]"
63,495,meta-llama/Llama-3.1-8B-mini4L,2048,4,0,543011299,543011299,343126039,393071230,49980023,"[49944135, 49943079, 50052855]"
63,567,meta-llama/Llama-3.1-8B-mini4L,2048,4,0,591542208,591542208,393071230,443015365,49508947,"[49943079, 50052855, 48530909]"
63,639,meta-llama/Llama-3.1-8B-mini4L,2048,4,0,638521854,638521854,443015365,492958444,48521136,"[50052855, 48530909, 46979646]"
63,711,meta-llama/Llama-3.1-8B-mini4L,2048,4,0,683951285,683951285,492958444,543011299,46979995,"[48530909, 46979646, 45429431]"
63,783,meta-llama/Llama-3.1-8B-mini4L,2048,4,0,727913200,727913200,543011299,591542208,45456997,"[46979646, 45429431, 43961915]"
63,855,meta-llama/Llama-3.1-8B-mini4L,2048,4,0,770352637,770352637,591542208,638521854,43943594,"[45429431, 43961915, 42439437]"
63,927,meta-llama/Llama-3.1-8B-mini4L,2048,4,0,811187155,811187155,638521854,683951285,42411956,"[43961915, 42439437, 40834518]"
63,999,meta-llama/Llama-3.1-8B-mini4L,2048,4,0,850357550,850357550,683951285,727913200,40814783,"[42439437, 40834518, 39170395]"
63,1071,meta-llama/Llama-3.1-8B-mini4L,2048,4,0,889801687,889801687,727913200,770352637,39816350,"[40834518, 39170395, 39444137]"
63,1143,meta-llama/Llama-3.1-8B-mini4L,2048,4,0,929988543,929988543,770352637,811187155,39600462,"[39170395, 39444137, 40186856]"
63,1215,meta-llama/Llama-3.1-8B-mini4L,2048,4,0,970107603,970107603,811187155,850357550,39916684,"[39444137, 40186856, 40119060]"
63,1287,meta-llama/Llama-3.1-8B-mini4L,2048,4,0,1009981710,1009981710,850357550,889801687,40060007,"[40186856, 40119060, 39874107]"
63,1359,meta-llama/Llama-3.1-8B-mini4L,2048,4,0,1049120958,1049120958,889801687,929988543,39710805,"[40119060, 39874107, 39139248]"
63,1431,meta-llama/Llama-3.1-8B-mini4L,2048,4,0,1088933557,1088933557,929988543,970107603,39608651,"[39874107, 39139248, 39812599]"
63,1503,meta-llama/Llama-3.1-8B-mini4L,2048,4,0,1129030609,1129030609,970107603,1009981710,39682966,"[39139248, 39812599, 40097052]"
63,1575,meta-llama/Llama-3.1-8B-mini4L,2048,4,0,1169046796,1169046796,1009981710,1049120958,39975279,"[39812599, 40097052, 40016187]"
63,1647,meta-llama/Llama-3.1-8B-mini4L,2048,4,0,1208712568,1208712568,1049120958,1088933557,39926337,"[40097052, 40016187, 39665772]"
63,1719,meta-llama/Llama-3.1-8B-mini4L,2048,4,0,1248108790,1248108790,1088933557,1129030609,39692727,"[40016187, 39665772, 39396222]"
63,1791,meta-llama/Llama-3.1-8B-mini4L,2048,4,0,1287954601,1287954601,1129030609,1169046796,39635935,"[39665772, 39396222, 39845811]"
63,1863,meta-llama/Llama-3.1-8B-mini4L,2048,4,0,1328002952,1328002952,1169046796,1208712568,39763461,"[39396222, 39845811, 40048351]"
63,1935,meta-llama/Llama-3.1-8B-mini4L,2048,4,0,1367784373,1367784373,1208712568,1248108790,39891861,"[39845811, 40048351, 39781421]"
63,2007,meta-llama/Llama-3.1-8B-mini4L,2048,4,0,1407218785,1407218785,1248108790,1287954601,39754728,"[40048351, 39781421, 39434412]"
63,2079,meta-llama/Llama-3.1-8B-mini4L,2048,4,0,1446946820,1446946820,1287954601,1328002952,39647956,"[39781421, 39434412, 39728035]"
63,2151,meta-llama/Llama-3.1-8B-mini4L,2048,4,0,1486825319,1486825319,1328002952,1367784373,39680315,"[39434412, 39728035, 39878499]"
63,2223,meta-llama/Llama-3.1-8B-mini4L,2048,4,0,1526624263,1526624263,1367784373,1407218785,39801826,"[39728035, 39878499, 39798944]"
63,2295,meta-llama/Llama-3.1-8B-mini4L,2048,4,0,1566395204,1566395204,1407218785,1446946820,39816128,"[39878499, 39798944, 39770941]"
63,2367,meta-llama/Llama-3.1-8B-mini4L,2048,4,0,1606104637,1606104637,1446946820,1486825319,39759772,"[39798944, 39770941, 39709433]"
63,2439,meta-llama/Llama-3.1-8B-mini4L,2048,4,0,1645814070,1645814070,1486825319,1526624263,39729935,"[39770941, 39709433, 39709433]"
63,2511,meta-llama/Llama-3.1-8B-mini4L,2048,4,0,1685602796,1685602796,1526624263,1566395204,39735864,"[39709433, 39709433, 39788726]"
63,2583,meta-llama/Llama-3.1-8B-mini4L,2048,4,0,1725354349,1725354349,1566395204,1606104637,39749904,"[39709433, 39788726, 39751553]"
63,2655,meta-llama/Llama-3.1-8B-mini4L,2048,4,0,1765045180,1765045180,1606104637,1645814070,39743703,"[39788726, 39751553, 39690831]"
63,2727,meta-llama/Llama-3.1-8B-mini4L,2048,4,0,1804709842,1804709842,1645814070,1685602796,39702348,"[39751553, 39690831, 39664662]"
63,2799,meta-llama/Llama-3.1-8B-mini4L,2048,4,0,1844400673,1844400673,1685602796,1725354349,39682108,"[39690831, 39664662, 39690831]"
63,2871,meta-llama/Llama-3.1-8B-mini4L,2048,4,0,1883987548,1883987548,1725354349,1765045180,39647456,"[39664662, 39690831, 39586875]"
63,2943,meta-llama/Llama-3.1-8B-mini4L,2048,4,0,1906051548,1906051548,1765045180,1804709842,33780568,"[39690831, 39586875, 22064000]"
63,3015,meta-llama/Llama-3.1-8B-mini4L,2048,4,0,1908606791,1908606791,1804709842,1844400673,21402039,"[39586875, 22064000, 2555243]"
63,3087,meta-llama/Llama-3.1-8B-mini4L,2048,4,0,1910841295,1910841295,1844400673,1883987548,8951249,"[22064000, 2555243, 2234504]"
63,3159,meta-llama/Llama-3.1-8B-mini4L,2048,4,0,1912931381,1912931381,1883987548,1906051548,2293277,"[2555243, 2234504, 2090086]"
63,3231,meta-llama/Llama-3.1-8B-mini4L,2056,4,3000000000,8508547805,5508547805,322129,5501900683,2215707,"[2215622, 2215706, 2215794]"
63,3303,meta-llama/Llama-3.1-8B-mini4L,2056,4,3000000000,8508547805,5508547805,322129,5501900683,2215707,"[2215622, 2215706, 2215794]"
63,3375,meta-llama/Llama-3.1-8B-mini4L,2056,4,3000000000,8508547805,5508547805,322129,5501900683,2215707,"[2215622, 2215706, 2215794]"
63,3447,meta-llama/Llama-3.1-8B-mini4L,2056,4,3000000000,8508547805,5508547805,322129,5501900683,2215707,"[2215622, 2215706, 2215794]"
63,3519,meta-llama/Llama-3.1-8B-mini4L,2056,4,3000000000,8508547805,5508547805,322129,5501900683,2215707,"[2215622, 2215706, 2215794]"
63,3591,meta-llama/Llama-3.1-8B-mini4L,2056,4,3000000000,8508547805,5508547805,322129,5501900683,2215707,"[2215622, 2215706, 2215794]"
63,3663,meta-llama/Llama-3.1-8B-mini4L,2056,4,3000000000,8508547805,5508547805,322129,5501900683,2215707,"[2215622, 2215706, 2215794]"
63,3735,meta-llama/Llama-3.1-8B-mini4L,2056,4,3000000000,8508547805,5508547805,322129,5501900683,2215707,"[2215622, 2215706, 2215794]"
63,3807,meta-llama/Llama-3.1-8B-mini4L,2056,4,3000000000,14693785565,11693785565,5508547805,11687138443,2215707,"[2215622, 2215706, 2215794]"
63,3879,meta-llama/Llama-3.1-8B-mini4L,2056,4,3000000000,14693785565,11693785565,5508547805,11687138443,2215707,"[2215622, 2215706, 2215794]"
63,3951,meta-llama/Llama-3.1-8B-mini4L,2056,4,3000000000,14693785565,11693785565,5508547805,11687138443,2215707,"[2215622, 2215706, 2215794]"
63,4023,meta-llama/Llama-3.1-8B-mini4L,2056,4,3000000000,14693785565,11693785565,5508547805,11687138443,2215707,"[2215622, 2215706, 2215794]"
63,4095,meta-llama/Llama-3.1-8B-mini4L,2056,4,3000000000,14693785565,11693785565,5508547805,11687138443,2215707,"[2215622, 2215706, 2215794]"
63,4167,meta-llama/Llama-3.1-8B-mini4L,2056,4,3000000000,14693785565,11693785565,5508547805,11687138443,2215707,"[2215622, 2215706, 2215794]"
63,4239,meta-llama/Llama-3.1-8B-mini4L,2056,4,3000000000,14693785565,11693785565,5508547805,11687138443,2215707,"[2215622, 2215706, 2215794]"
63,4311,meta-llama/Llama-3.1-8B-mini4L,2056,4,3000000000,14693785565,11693785565,5508547805,11687138443,2215707,"[2215622, 2215706, 2215794]"
63,4383,meta-llama/Llama-3.1-8B-mini4L,2056,4,3000000000,20879023325,17879023325,11693785565,17872376203,2215707,"[2215622, 2215706, 2215794]"
63,4455,meta-llama/Llama-3.1-8B-mini4L,2056,4,3000000000,20879023325,17879023325,11693785565,17872376203,2215707,"[2215622, 2215706, 2215794]"
63,4527,meta-llama/Llama-3.1-8B-mini4L,2056,4,3000000000,20879023325,17879023325,11693785565,17872376203,2215707,"[2215622, 2215706, 2215794]"
63,4599,meta-llama/Llama-3.1-8B-mini4L,2056,4,3000000000,20879023325,17879023325,11693785565,17872376203,2215707,"[2215622, 2215706, 2215794]"
63,4671,meta-llama/Llama-3.1-8B-mini4L,2056,4,3000000000,20879023325,17879023325,11693785565,17872376203,2215707,"[2215622, 2215706, 2215794]"
63,4743,meta-llama/Llama-3.1-8B-mini4L,2056,4,3000000000,20879023325,17879023325,11693785565,17872376203,2215707,"[2215622, 2215706, 2215794]"
63,4815,meta-llama/Llama-3.1-8B-mini4L,2056,4,3000000000,20879023325,17879023325,11693785565,17872376203,2215707,"[2215622, 2215706, 2215794]"
63,4887,meta-llama/Llama-3.1-8B-mini4L,2056,4,3000000000,20879023325,17879023325,11693785565,17872376203,2215707,"[2215622, 2215706, 2215794]"
63,4959,meta-llama/Llama-3.1-8B-mini4L,2056,4,3000000000,27064261085,24064261085,17879023325,24057613963,2215707,"[2215622, 2215706, 2215794]"
63,5031,meta-llama/Llama-3.1-8B-mini4L,2056,4,3000000000,27064261085,24064261085,17879023325,24057613963,2215707,"[2215622, 2215706, 2215794]"
63,5103,meta-llama/Llama-3.1-8B-mini4L,2056,4,3000000000,27064261085,24064261085,17879023325,24057613963,2215707,"[2215622, 2215706, 2215794]"
63,5175,meta-llama/Llama-3.1-8B-mini4L,2056,4,3000000000,27064261085,24064261085,17879023325,24057613963,2215707,"[2215622, 2215706, 2215794]"
63,5247,meta-llama/Llama-3.1-8B-mini4L,2056,4,3000000000,27064261085,24064261085,17879023325,24057613963,2215707,"[2215622, 2215706, 2215794]"
63,5319,meta-llama/Llama-3.1-8B-mini4L,2056,4,3000000000,27064261085,24064261085,17879023325,24057613963,2215707,"[2215622, 2215706, 2215794]"
63,5391,meta-llama/Llama-3.1-8B-mini4L,2056,4,3000000000,27064261085,24064261085,17879023325,24057613963,2215707,"[2215622, 2215706, 2215794]"
63,5463,meta-llama/Llama-3.1-8B-mini4L,2056,4,3000000000,27064261085,24064261085,17879023325,24057613963,2215707,"[2215622, 2215706, 2215794]"
63,5535,meta-llama/Llama-3.1-8B-mini4L,2056,4,3000000000,33249498845,30249498845,24064261085,30242851723,2215707,"[2215622, 2215706, 2215794]"
63,5607,meta-llama/Llama-3.1-8B-mini4L,2056,4,3000000000,33249498845,30249498845,24064261085,30242851723,2215707,"[2215622, 2215706, 2215794]"
63,5679,meta-llama/Llama-3.1-8B-mini4L,2056,4,3000000000,33249498845,30249498845,24064261085,30242851723,2215707,"[2215622, 2215706, 2215794]"
63,5751,meta-llama/Llama-3.1-8B-mini4L,2056,4,3000000000,33249498845,30249498845,24064261085,30242851723,2215707,"[2215622, 2215706, 2215794]"
63,5823,meta-llama/Llama-3.1-8B-mini4L,2056,4,3000000000,33249498845,30249498845,24064261085,30242851723,2215707,"[2215622, 2215706, 2215794]"
63,5895,meta-llama/Llama-3.1-8B-mini4L,2056,4,3000000000,33249498845,30249498845,24064261085,30242851723,2215707,"[2215622, 2215706, 2215794]"
63,5967,meta-llama/Llama-3.1-8B-mini4L,2056,4,3000000000,33249498845,30249498845,24064261085,30242851723,2215707,"[2215622, 2215706, 2215794]"
63,6039,meta-llama/Llama-3.1-8B-mini4L,2056,4,3000000000,33249498845,30249498845,24064261085,30242851723,2215707,"[2215622, 2215706, 2215794]"
63,6111,meta-llama/Llama-3.1-8B-mini4L,2056,4,3000000000,37085150308,34085150308,30249498845,34078712326,2145994,"[2145938, 2145994, 2146050]"
63,6183,meta-llama/Llama-3.1-8B-mini4L,2056,4,3000000000,37085150308,34085150308,30249498845,34078712326,2145994,"[2145938, 2145994, 2146050]"
63,6255,meta-llama/Llama-3.1-8B-mini4L,2056,4,3000000000,37085150308,34085150308,30249498845,34078712326,2145994,"[2145938, 2145994, 2146050]"
63,6327,meta-llama/Llama-3.1-8B-mini4L,2056,4,3000000000,37085150308,34085150308,30249498845,34078712326,2145994,"[2145938, 2145994, 2146050]"
63,6399,meta-llama/Llama-3.1-8B-mini4L,2056,4,3000000000,37085150308,34085150308,30249498845,34078712326,2145994,"[2145938, 2145994, 2146050]"
64,64,meta-llama/Llama-3.1-8B-mini4L,2048,4,0,193851528,193851528,1,45193397,49552710,"[48887602, 49863356, 49907173]"
64,136,meta-llama/Llama-3.1-8B-mini4L,2048,4,0,293705248,293705248,94080999,143944355,49920297,"[49907173, 49906421, 49947299]"
64,208,meta-llama/Llama-3.1-8B-mini4L,2048,4,0,343651495,343651495,143944355,193851528,49933322,"[49906421, 49947299, 49946247]"
64,280,meta-llama/Llama-3.1-8B-mini4L,2048,4,0,393596686,393596686,193851528,243757949,49946245,"[49947299, 49946247, 49945191]"
64,352,meta-llama/Llama-3.1-8B-mini4L,2048,4,0,443540821,443540821,243757949,293705248,49945191,"[49946247, 49945191, 49944135]"
64,424,meta-llama/Llama-3.1-8B-mini4L,2048,4,0,493483900,493483900,293705248,343651495,49944135,"[49945191, 49944135, 49943079]"
64,496,meta-llama/Llama-3.1-8B-mini4L,2048,4,0,543536755,543536755,343651495,393596686,49980023,"[49944135, 49943079, 50052855]"
64,568,meta-llama/Llama-3.1-8B-mini4L,2048,4,0,592067664,592067664,393596686,443540821,49508947,"[49943079, 50052855, 48530909]"
64,640,meta-llama/Llama-3.1-8B-mini4L,2048,4,0,639047310,639047310,443540821,493483900,48521136,"[50052855, 48530909, 46979646]"
64,712,meta-llama/Llama-3.1-8B-mini4L,2048,4,0,684476741,684476741,493483900,543536755,46979995,"[48530909, 46979646, 45429431]"
64,784,meta-llama/Llama-3.1-8B-mini4L,2048,4,0,728438656,728438656,543536755,592067664,45456997,"[46979646, 45429431, 43961915]"
64,856,meta-llama/Llama-3.1-8B-mini4L,2048,4,0,770878093,770878093,592067664,639047310,43943594,"[45429431, 43961915, 42439437]"
64,928,meta-llama/Llama-3.1-8B-mini4L,2048,4,0,811712611,811712611,639047310,684476741,42411956,"[43961915, 42439437, 40834518]"
64,1000,meta-llama/Llama-3.1-8B-mini4L,2048,4,0,851073525,851073525,684476741,728438656,40878289,"[42439437, 40834518, 39360914]"
64,1072,meta-llama/Llama-3.1-8B-mini4L,2048,4,0,890327143,890327143,728438656,770878093,39816350,"[40834518, 39360914, 39253618]"
64,1144,meta-llama/Llama-3.1-8B-mini4L,2048,4,0,930513999,930513999,770878093,811712611,39600462,"[39360914, 39253618, 40186856]"
64,1216,meta-llama/Llama-3.1-8B-mini4L,2048,4,0,970660276,970660276,811712611,851073525,39862250,"[39253618, 40186856, 40146277]"
64,1288,meta-llama/Llama-3.1-8B-mini4L,2048,4,0,1010616034,1010616034,851073525,890327143,40096297,"[40186856, 40146277, 39955758]"
64,1360,meta-llama/Llama-3.1-8B-mini4L,2048,4,0,1049782499,1049782499,890327143,930513999,39756166,"[40146277, 39955758, 39166465]"
64,1432,meta-llama/Llama-3.1-8B-mini4L,2048,4,0,1089485968,1089485968,930513999,970660276,39608564,"[39955758, 39166465, 39703469]"
64,1504,meta-llama/Llama-3.1-8B-mini4L,2048,4,0,1129556065,1129556065,970660276,1010616034,39646677,"[39166465, 39703469, 40070097]"
64,1576,meta-llama/Llama-3.1-8B-mini4L,2048,4,0,1169599207,1169599207,1010616034,1049782499,39938902,"[39703469, 40070097, 40043142]"
64,1648,meta-llama/Llama-3.1-8B-mini4L,2048,4,0,1209238024,1209238024,1049782499,1089485968,39917352,"[40070097, 40043142, 39638817]"
64,1720,meta-llama/Llama-3.1-8B-mini4L,2048,4,0,1248634246,1248634246,1089485968,1129556065,39692727,"[40043142, 39638817, 39396222]"
64,1792,meta-llama/Llama-3.1-8B-mini4L,2048,4,0,1288480057,1288480057,1129556065,1169599207,39626950,"[39638817, 39396222, 39845811]"
64,1864,meta-llama/Llama-3.1-8B-mini4L,2048,4,0,1328555101,1328555101,1169599207,1209238024,39772359,"[39396222, 39845811, 40075044]"
64,1936,meta-llama/Llama-3.1-8B-mini4L,2048,4,0,1368336522,1368336522,1209238024,1248634246,39900758,"[39845811, 40075044, 39781421]"
64,2008,meta-llama/Llama-3.1-8B-mini4L,2048,4,0,1407797627,1407797627,1248634246,1288480057,39772523,"[40075044, 39781421, 39461105]"
64,2080,meta-llama/Llama-3.1-8B-mini4L,2048,4,0,1447498969,1447498969,1288480057,1328555101,39647956,"[39781421, 39461105, 39701342]"
64,2152,meta-llama/Llama-3.1-8B-mini4L,2048,4,0,1487377206,1487377206,1328555101,1368336522,39680228,"[39461105, 39701342, 39878237]"
64,2224,meta-llama/Llama-3.1-8B-mini4L,2048,4,0,1527176412,1527176412,1368336522,1407797627,39792928,"[39701342, 39878237, 39799206]"
64,2296,meta-llama/Llama-3.1-8B-mini4L,2048,4,0,1566947091,1566947091,1407797627,1447498969,39816040,"[39878237, 39799206, 39770679]"
64,2368,meta-llama/Llama-3.1-8B-mini4L,2048,4,0,1606630093,1606630093,1447498969,1487377206,39750962,"[39799206, 39770679, 39683002]"
64,2440,meta-llama/Llama-3.1-8B-mini4L,2048,4,0,1646365957,1646365957,1487377206,1527176412,39729848,"[39770679, 39683002, 39735864]"
64,2512,meta-llama/Llama-3.1-8B-mini4L,2048,4,0,1686128252,1686128252,1527176412,1566947091,39727053,"[39683002, 39735864, 39762295]"
64,2584,meta-llama/Llama-3.1-8B-mini4L,2048,4,0,1725879805,1725879805,1566947091,1606630093,39749904,"[39735864, 39762295, 39751553]"
64,2656,meta-llama/Llama-3.1-8B-mini4L,2048,4,0,1765570636,1765570636,1606630093,1646365957,39734893,"[39762295, 39751553, 39690831]"
64,2728,meta-llama/Llama-3.1-8B-mini4L,2048,4,0,1805287636,1805287636,1646365957,1686128252,39719794,"[39751553, 39690831, 39717000]"
64,2800,meta-llama/Llama-3.1-8B-mini4L,2048,4,0,1844952298,1844952298,1686128252,1725879805,39690831,"[39690831, 39717000, 39664662]"
64,2872,meta-llama/Llama-3.1-8B-mini4L,2048,4,0,1884513124,1884513124,1725879805,1765570636,39647496,"[39717000, 39664662, 39560826]"
64,2944,meta-llama/Llama-3.1-8B-mini4L,2048,4,0,1906083988,1906083988,1765570636,1805287636,33598784,"[39664662, 39560826, 21570864]"
64,3016,meta-llama/Llama-3.1-8B-mini4L,2048,4,0,1908607680,1908607680,1805287636,1844952298,21218460,"[39560826, 21570864, 2523692]"
64,3088,meta-llama/Llama-3.1-8B-mini4L,2048,4,0,1910841928,1910841928,1844952298,1884513124,8776268,"[21570864, 2523692, 2234248]"
64,3160,meta-llama/Llama-3.1-8B-mini4L,2048,4,0,1912932767,1912932767,1884513124,1906083988,2282926,"[2523692, 2234248, 2090839]"
64,3232,meta-llama/Llama-3.1-8B-mini4L,2056,4,3000000000,8594453885,5594453885,322129,5587806763,2215707,"[2215622, 2215706, 2215794]"
64,3304,meta-llama/Llama-3.1-8B-mini4L,2056,4,3000000000,8594453885,5594453885,322129,5587806763,2215707,"[2215622, 2215706, 2215794]"
64,3376,meta-llama/Llama-3.1-8B-mini4L,2056,4,3000000000,8594453885,5594453885,322129,5587806763,2215707,"[2215622, 2215706, 2215794]"
64,3448,meta-llama/Llama-3.1-8B-mini4L,2056,4,3000000000,8594453885,5594453885,322129,5587806763,2215707,"[2215622, 2215706, 2215794]"
64,3520,meta-llama/Llama-3.1-8B-mini4L,2056,4,3000000000,8594453885,5594453885,322129,5587806763,2215707,"[2215622, 2215706, 2215794]"
64,3592,meta-llama/Llama-3.1-8B-mini4L,2056,4,3000000000,8594453885,5594453885,322129,5587806763,2215707,"[2215622, 2215706, 2215794]"
64,3664,meta-llama/Llama-3.1-8B-mini4L,2056,4,3000000000,8594453885,5594453885,322129,5587806763,2215707,"[2215622, 2215706, 2215794]"
64,3736,meta-llama/Llama-3.1-8B-mini4L,2056,4,3000000000,8594453885,5594453885,322129,5587806763,2215707,"[2215622, 2215706, 2215794]"
64,3808,meta-llama/Llama-3.1-8B-mini4L,2056,4,3000000000,14779691645,11779691645,5594453885,11773044523,2215707,"[2215622, 2215706, 2215794]"
64,3880,meta-llama/Llama-3.1-8B-mini4L,2056,4,3000000000,14779691645,11779691645,5594453885,11773044523,2215707,"[2215622, 2215706, 2215794]"
64,3952,meta-llama/Llama-3.1-8B-mini4L,2056,4,3000000000,14779691645,11779691645,5594453885,11773044523,2215707,"[2215622, 2215706, 2215794]"
64,4024,meta-llama/Llama-3.1-8B-mini4L,2056,4,3000000000,14779691645,11779691645,5594453885,11773044523,2215707,"[2215622, 2215706, 2215794]"
64,4096,meta-llama/Llama-3.1-8B-mini4L,2056,4,3000000000,14779691645,11779691645,5594453885,11773044523,2215707,"[2215622, 2215706, 2215794]"
64,4168,meta-llama/Llama-3.1-8B-mini4L,2056,4,3000000000,14779691645,11779691645,5594453885,11773044523,2215707,"[2215622, 2215706, 2215794]"
64,4240,meta-llama/Llama-3.1-8B-mini4L,2056,4,3000000000,14779691645,11779691645,5594453885,11773044523,2215707,"[2215622, 2215706, 2215794]"
64,4312,meta-llama/Llama-3.1-8B-mini4L,2056,4,3000000000,14779691645,11779691645,5594453885,11773044523,2215707,"[2215622, 2215706, 2215794]"
64,4384,meta-llama/Llama-3.1-8B-mini4L,2056,4,3000000000,20964929405,17964929405,11779691645,17958282283,2215707,"[2215622, 2215706, 2215794]"
64,4456,meta-llama/Llama-3.1-8B-mini4L,2056,4,3000000000,20964929405,17964929405,11779691645,17958282283,2215707,"[2215622, 2215706, 2215794]"
64,4528,meta-llama/Llama-3.1-8B-mini4L,2056,4,3000000000,20964929405,17964929405,11779691645,17958282283,2215707,"[2215622, 2215706, 2215794]"
64,4600,meta-llama/Llama-3.1-8B-mini4L,2056,4,3000000000,20964929405,17964929405,11779691645,17958282283,2215707,"[2215622, 2215706, 2215794]"
64,4672,meta-llama/Llama-3.1-8B-mini4L,2056,4,3000000000,20964929405,17964929405,11779691645,17958282283,2215707,"[2215622, 2215706, 2215794]"
64,4744,meta-llama/Llama-3.1-8B-mini4L,2056,4,3000000000,20964929405,17964929405,11779691645,17958282283,2215707,"[2215622, 2215706, 2215794]"
64,4816,meta-llama/Llama-3.1-8B-mini4L,2056,4,3000000000,20964929405,17964929405,11779691645,17958282283,2215707,"[2215622, 2215706, 2215794]"
64,4888,meta-llama/Llama-3.1-8B-mini4L,2056,4,3000000000,20964929405,17964929405,11779691645,17958282283,2215707,"[2215622, 2215706, 2215794]"
64,4960,meta-llama/Llama-3.1-8B-mini4L,2056,4,3000000000,27150167165,24150167165,17964929405,24143520043,2215707,"[2215622, 2215706, 2215794]"
64,5032,meta-llama/Llama-3.1-8B-mini4L,2056,4,3000000000,27150167165,24150167165,17964929405,24143520043,2215707,"[2215622, 2215706, 2215794]"
64,5104,meta-llama/Llama-3.1-8B-mini4L,2056,4,3000000000,27150167165,24150167165,17964929405,24143520043,2215707,"[2215622, 2215706, 2215794]"
64,5176,meta-llama/Llama-3.1-8B-mini4L,2056,4,3000000000,27150167165,24150167165,17964929405,24143520043,2215707,"[2215622, 2215706, 2215794]"
64,5248,meta-llama/Llama-3.1-8B-mini4L,2056,4,3000000000,27150167165,24150167165,17964929405,24143520043,2215707,"[2215622, 2215706, 2215794]"
64,5320,meta-llama/Llama-3.1-8B-mini4L,2056,4,3000000000,27150167165,24150167165,17964929405,24143520043,2215707,"[2215622, 2215706, 2215794]"
64,5392,meta-llama/Llama-3.1-8B-mini4L,2056,4,3000000000,27150167165,24150167165,17964929405,24143520043,2215707,"[2215622, 2215706, 2215794]"
64,5464,meta-llama/Llama-3.1-8B-mini4L,2056,4,3000000000,27150167165,24150167165,17964929405,24143520043,2215707,"[2215622, 2215706, 2215794]"
64,5536,meta-llama/Llama-3.1-8B-mini4L,2056,4,3000000000,33335404925,30335404925,24150167165,30328757803,2215707,"[2215622, 2215706, 2215794]"
64,5608,meta-llama/Llama-3.1-8B-mini4L,2056,4,3000000000,33335404925,30335404925,24150167165,30328757803,2215707,"[2215622, 2215706, 2215794]"
64,5680,meta-llama/Llama-3.1-8B-mini4L,2056,4,3000000000,33335404925,30335404925,24150167165,30328757803,2215707,"[2215622, 2215706, 2215794]"
64,5752,meta-llama/Llama-3.1-8B-mini4L,2056,4,3000000000,33335404925,30335404925,24150167165,30328757803,2215707,"[2215622, 2215706, 2215794]"
64,5824,meta-llama/Llama-3.1-8B-mini4L,2056,4,3000000000,33335404925,30335404925,24150167165,30328757803,2215707,"[2215622, 2215706, 2215794]"
64,5896,meta-llama/Llama-3.1-8B-mini4L,2056,4,3000000000,33335404925,30335404925,24150167165,30328757803,2215707,"[2215622, 2215706, 2215794]"
64,5968,meta-llama/Llama-3.1-8B-mini4L,2056,4,3000000000,33335404925,30335404925,24150167165,30328757803,2215707,"[2215622, 2215706, 2215794]"
64,6040,meta-llama/Llama-3.1-8B-mini4L,2056,4,3000000000,33335404925,30335404925,24150167165,30328757803,2215707,"[2215622, 2215706, 2215794]"
64,6112,meta-llama/Llama-3.1-8B-mini4L,2056,4,3000000000,37128791109,34128791109,30335404925,34122447366,2114581,"[2114537, 2114581, 2114625]"
64,6184,meta-llama/Llama-3.1-8B-mini4L,2056,4,3000000000,37128791109,34128791109,30335404925,34122447366,2114581,"[2114537, 2114581, 2114625]"
64,6256,meta-llama/Llama-3.1-8B-mini4L,2056,4,3000000000,37128791109,34128791109,30335404925,34122447366,2114581,"[2114537, 2114581, 2114625]"
64,6328,meta-llama/Llama-3.1-8B-mini4L,2056,4,3000000000,37128791109,34128791109,30335404925,34122447366,2114581,"[2114537, 2114581, 2114625]"
65,65,meta-llama/Llama-3.1-8B-mini4L,2048,4,0,194376984,194376984,1,45718853,49552710,"[48887602, 49863356, 49907173]"
65,137,meta-llama/Llama-3.1-8B-mini4L,2048,4,0,294230704,294230704,94606455,144469811,49920297,"[49907173, 49906421, 49947299]"
65,209,meta-llama/Llama-3.1-8B-mini4L,2048,4,0,344176951,344176951,144469811,194376984,49933322,"[49906421, 49947299, 49946247]"
65,281,meta-llama/Llama-3.1-8B-mini4L,2048,4,0,394122142,394122142,194376984,244283405,49946245,"[49947299, 49946247, 49945191]"
65,353,meta-llama/Llama-3.1-8B-mini4L,2048,4,0,444066277,444066277,244283405,294230704,49945191,"[49946247, 49945191, 49944135]"
65,425,meta-llama/Llama-3.1-8B-mini4L,2048,4,0,494009356,494009356,294230704,344176951,49944135,"[49945191, 49944135, 49943079]"
65,497,meta-llama/Llama-3.1-8B-mini4L,2048,4,0,544062211,544062211,344176951,394122142,49980023,"[49944135, 49943079, 50052855]"
65,569,meta-llama/Llama-3.1-8B-mini4L,2048,4,0,592593120,592593120,394122142,444066277,49508947,"[49943079, 50052855, 48530909]"
65,641,meta-llama/Llama-3.1-8B-mini4L,2048,4,0,639572766,639572766,444066277,494009356,48521136,"[50052855, 48530909, 46979646]"
65,713,meta-llama/Llama-3.1-8B-mini4L,2048,4,0,685002197,685002197,494009356,544062211,46979995,"[48530909, 46979646, 45429431]"
65,785,meta-llama/Llama-3.1-8B-mini4L,2048,4,0,728964112,728964112,544062211,592593120,45456997,"[46979646, 45429431, 43961915]"
65,857,meta-llama/Llama-3.1-8B-mini4L,2048,4,0,771403549,771403549,592593120,639572766,43943594,"[45429431, 43961915, 42439437]"
65,929,meta-llama/Llama-3.1-8B-mini4L,2048,4,0,812238067,812238067,639572766,685002197,42411956,"[43961915, 42439437, 40834518]"
65,1001,meta-llama/Llama-3.1-8B-mini4L,2048,4,0,851735066,851735066,685002197,728964112,40923651,"[42439437, 40834518, 39496999]"
65,1073,meta-llama/Llama-3.1-8B-mini4L,2048,4,0,890852599,890852599,728964112,771403549,39816350,"[40834518, 39496999, 39117533]"
65,1145,meta-llama/Llama-3.1-8B-mini4L,2048,4,0,931039455,931039455,771403549,812238067,39600462,"[39496999, 39117533, 40186856]"
65,1217,meta-llama/Llama-3.1-8B-mini4L,2048,4,0,971185732,971185732,812238067,851735066,39816888,"[39117533, 40186856, 40146277]"
65,1289,meta-llama/Llama-3.1-8B-mini4L,2048,4,0,1011168707,1011168707,851735066,890852599,40105369,"[40186856, 40146277, 39982975]"
65,1361,meta-llama/Llama-3.1-8B-mini4L,2048,4,0,1050416823,1050416823,890852599,931039455,39792456,"[40146277, 39982975, 39248116]"
65,1433,meta-llama/Llama-3.1-8B-mini4L,2048,4,0,1090065334,1090065334,931039455,971185732,39626534,"[39982975, 39248116, 39648511]"
65,1505,meta-llama/Llama-3.1-8B-mini4L,2048,4,0,1130108476,1130108476,971185732,1011168707,39646589,"[39248116, 39648511, 40043142]"
65,1577,meta-llama/Llama-3.1-8B-mini4L,2048,4,0,1170151618,1170151618,1011168707,1050416823,39911598,"[39648511, 40043142, 40043142]"
65,1649,meta-llama/Llama-3.1-8B-mini4L,2048,4,0,1209790435,1209790435,1050416823,1090065334,39908367,"[40043142, 40043142, 39638817]"
65,1721,meta-llama/Llama-3.1-8B-mini4L,2048,4,0,1249159702,1249159702,1090065334,1130108476,39683742,"[40043142, 39638817, 39369267]"
65,1793,meta-llama/Llama-3.1-8B-mini4L,2048,4,0,1289005513,1289005513,1130108476,1170151618,39617965,"[39638817, 39369267, 39845811]"
65,1865,meta-llama/Llama-3.1-8B-mini4L,2048,4,0,1329080557,1329080557,1170151618,1209790435,39763374,"[39369267, 39845811, 40075044]"
65,1937,meta-llama/Llama-3.1-8B-mini4L,2048,4,0,1368861978,1368861978,1209790435,1249159702,39900758,"[39845811, 40075044, 39781421]"
65,2009,meta-llama/Llama-3.1-8B-mini4L,2048,4,0,1408349776,1408349776,1249159702,1289005513,39781421,"[40075044, 39781421, 39487798]"
65,2081,meta-llama/Llama-3.1-8B-mini4L,2048,4,0,1448077811,1448077811,1289005513,1329080557,39665751,"[39781421, 39487798, 39728035]"
65,2153,meta-llama/Llama-3.1-8B-mini4L,2048,4,0,1487902662,1487902662,1329080557,1368861978,39680228,"[39487798, 39728035, 39824851]"
65,2225,meta-llama/Llama-3.1-8B-mini4L,2048,4,0,1527728561,1527728561,1368861978,1408349776,39792928,"[39728035, 39824851, 39825899]"
65,2297,meta-llama/Llama-3.1-8B-mini4L,2048,4,0,1567498978,1567498978,1408349776,1448077811,39807055,"[39824851, 39825899, 39770417]"
65,2369,meta-llama/Llama-3.1-8B-mini4L,2048,4,0,1607181980,1607181980,1448077811,1487902662,39759772,"[39825899, 39770417, 39683002]"
65,2441,meta-llama/Llama-3.1-8B-mini4L,2048,4,0,1646891413,1646891413,1487902662,1527728561,39720950,"[39770417, 39683002, 39709433]"
65,2513,meta-llama/Llama-3.1-8B-mini4L,2048,4,0,1686653708,1686653708,1527728561,1567498978,39718243,"[39683002, 39709433, 39762295]"
65,2585,meta-llama/Llama-3.1-8B-mini4L,2048,4,0,1726405261,1726405261,1567498978,1607181980,39741093,"[39709433, 39762295, 39751553]"
65,2657,meta-llama/Llama-3.1-8B-mini4L,2048,4,0,1766122261,1766122261,1607181980,1646891413,39743616,"[39762295, 39751553, 39717000]"
65,2729,meta-llama/Llama-3.1-8B-mini4L,2048,4,0,1805813092,1805813092,1646891413,1686653708,39719794,"[39751553, 39717000, 39690831]"
65,2801,meta-llama/Llama-3.1-8B-mini4L,2048,4,0,1845530092,1845530092,1686653708,1726405261,39708277,"[39717000, 39690831, 39717000]"
65,2873,meta-llama/Llama-3.1-8B-mini4L,2048,4,0,1885038700,1885038700,1726405261,1766122261,39638813,"[39690831, 39717000, 39508608]"
65,2945,meta-llama/Llama-3.1-8B-mini4L,2048,4,0,1906116668,1906116668,1766122261,1805813092,33434525,"[39717000, 39508608, 21077968]"
65,3017,meta-llama/Llama-3.1-8B-mini4L,2048,4,0,1908608569,1908608569,1805813092,1845530092,21026159,"[39508608, 21077968, 2491901]"
65,3089,meta-llama/Llama-3.1-8B-mini4L,2048,4,0,1910842561,1910842561,1845530092,1885038700,8601287,"[21077968, 2491901, 2233992]"
65,3161,meta-llama/Llama-3.1-8B-mini4L,2048,4,0,1912933143,1912933143,1885038700,1906116668,2272158,"[2491901, 2233992, 2090582]"
65,3233,meta-llama/Llama-3.1-8B-mini4L,2056,4,3000000000,8680359965,5680359965,322129,5673712843,2215707,"[2215622, 2215706, 2215794]"
65,3305,meta-llama/Llama-3.1-8B-mini4L,2056,4,3000000000,8680359965,5680359965,322129,5673712843,2215707,"[2215622, 2215706, 2215794]"
65,3377,meta-llama/Llama-3.1-8B-mini4L,2056,4,3000000000,8680359965,5680359965,322129,5673712843,2215707,"[2215622, 2215706, 2215794]"
65,3449,meta-llama/Llama-3.1-8B-mini4L,2056,4,3000000000,8680359965,5680359965,322129,5673712843,2215707,"[2215622, 2215706, 2215794]"
65,3521,meta-llama/Llama-3.1-8B-mini4L,2056,4,3000000000,8680359965,5680359965,322129,5673712843,2215707,"[2215622, 2215706, 2215794]"
65,3593,meta-llama/Llama-3.1-8B-mini4L,2056,4,3000000000,8680359965,5680359965,322129,5673712843,2215707,"[2215622, 2215706, 2215794]"
65,3665,meta-llama/Llama-3.1-8B-mini4L,2056,4,3000000000,8680359965,5680359965,322129,5673712843,2215707,"[2215622, 2215706, 2215794]"
65,3737,meta-llama/Llama-3.1-8B-mini4L,2056,4,3000000000,8680359965,5680359965,322129,5673712843,2215707,"[2215622, 2215706, 2215794]"
65,3809,meta-llama/Llama-3.1-8B-mini4L,2056,4,3000000000,14865597725,11865597725,5680359965,11858950603,2215707,"[2215622, 2215706, 2215794]"
65,3881,meta-llama/Llama-3.1-8B-mini4L,2056,4,3000000000,14865597725,11865597725,5680359965,11858950603,2215707,"[2215622, 2215706, 2215794]"
65,3953,meta-llama/Llama-3.1-8B-mini4L,2056,4,3000000000,14865597725,11865597725,5680359965,11858950603,2215707,"[2215622, 2215706, 2215794]"
65,4025,meta-llama/Llama-3.1-8B-mini4L,2056,4,3000000000,14865597725,11865597725,5680359965,11858950603,2215707,"[2215622, 2215706, 2215794]"
65,4097,meta-llama/Llama-3.1-8B-mini4L,2056,4,3000000000,14865597725,11865597725,5680359965,11858950603,2215707,"[2215622, 2215706, 2215794]"
65,4169,meta-llama/Llama-3.1-8B-mini4L,2056,4,3000000000,14865597725,11865597725,5680359965,11858950603,2215707,"[2215622, 2215706, 2215794]"
65,4241,meta-llama/Llama-3.1-8B-mini4L,2056,4,3000000000,14865597725,11865597725,5680359965,11858950603,2215707,"[2215622, 2215706, 2215794]"
65,4313,meta-llama/Llama-3.1-8B-mini4L,2056,4,3000000000,14865597725,11865597725,5680359965,11858950603,2215707,"[2215622, 2215706, 2215794]"
65,4385,meta-llama/Llama-3.1-8B-mini4L,2056,4,3000000000,21050835485,18050835485,11865597725,18044188363,2215707,"[2215622, 2215706, 2215794]"
65,4457,meta-llama/Llama-3.1-8B-mini4L,2056,4,3000000000,21050835485,18050835485,11865597725,18044188363,2215707,"[2215622, 2215706, 2215794]"
65,4529,meta-llama/Llama-3.1-8B-mini4L,2056,4,3000000000,21050835485,18050835485,11865597725,18044188363,2215707,"[2215622, 2215706, 2215794]"
65,4601,meta-llama/Llama-3.1-8B-mini4L,2056,4,3000000000,21050835485,18050835485,11865597725,18044188363,2215707,"[2215622, 2215706, 2215794]"
65,4673,meta-llama/Llama-3.1-8B-mini4L,2056,4,3000000000,21050835485,18050835485,11865597725,18044188363,2215707,"[2215622, 2215706, 2215794]"
65,4745,meta-llama/Llama-3.1-8B-mini4L,2056,4,3000000000,21050835485,18050835485,11865597725,18044188363,2215707,"[2215622, 2215706, 2215794]"
65,4817,meta-llama/Llama-3.1-8B-mini4L,2056,4,3000000000,21050835485,18050835485,11865597725,18044188363,2215707,"[2215622, 2215706, 2215794]"
65,4889,meta-llama/Llama-3.1-8B-mini4L,2056,4,3000000000,21050835485,18050835485,11865597725,18044188363,2215707,"[2215622, 2215706, 2215794]"
65,4961,meta-llama/Llama-3.1-8B-mini4L,2056,4,3000000000,27236073245,24236073245,18050835485,24229426123,2215707,"[2215622, 2215706, 2215794]"
65,5033,meta-llama/Llama-3.1-8B-mini4L,2056,4,3000000000,27236073245,24236073245,18050835485,24229426123,2215707,"[2215622, 2215706, 2215794]"
65,5105,meta-llama/Llama-3.1-8B-mini4L,2056,4,3000000000,27236073245,24236073245,18050835485,24229426123,2215707,"[2215622, 2215706, 2215794]"
65,5177,meta-llama/Llama-3.1-8B-mini4L,2056,4,3000000000,27236073245,24236073245,18050835485,24229426123,2215707,"[2215622, 2215706, 2215794]"
65,5249,meta-llama/Llama-3.1-8B-mini4L,2056,4,3000000000,27236073245,24236073245,18050835485,24229426123,2215707,"[2215622, 2215706, 2215794]"
65,5321,meta-llama/Llama-3.1-8B-mini4L,2056,4,3000000000,27236073245,24236073245,18050835485,24229426123,2215707,"[2215622, 2215706, 2215794]"
65,5393,meta-llama/Llama-3.1-8B-mini4L,2056,4,3000000000,27236073245,24236073245,18050835485,24229426123,2215707,"[2215622, 2215706, 2215794]"
65,5465,meta-llama/Llama-3.1-8B-mini4L,2056,4,3000000000,27236073245,24236073245,18050835485,24229426123,2215707,"[2215622, 2215706, 2215794]"
65,5537,meta-llama/Llama-3.1-8B-mini4L,2056,4,3000000000,33421311005,30421311005,24236073245,30414663883,2215707,"[2215622, 2215706, 2215794]"
65,5609,meta-llama/Llama-3.1-8B-mini4L,2056,4,3000000000,33421311005,30421311005,24236073245,30414663883,2215707,"[2215622, 2215706, 2215794]"
65,5681,meta-llama/Llama-3.1-8B-mini4L,2056,4,3000000000,33421311005,30421311005,24236073245,30414663883,2215707,"[2215622, 2215706, 2215794]"
65,5753,meta-llama/Llama-3.1-8B-mini4L,2056,4,3000000000,33421311005,30421311005,24236073245,30414663883,2215707,"[2215622, 2215706, 2215794]"
65,5825,meta-llama/Llama-3.1-8B-mini4L,2056,4,3000000000,33421311005,30421311005,24236073245,30414663883,2215707,"[2215622, 2215706, 2215794]"
65,5897,meta-llama/Llama-3.1-8B-mini4L,2056,4,3000000000,33421311005,30421311005,24236073245,30414663883,2215707,"[2215622, 2215706, 2215794]"
65,5969,meta-llama/Llama-3.1-8B-mini4L,2056,4,3000000000,33421311005,30421311005,24236073245,30414663883,2215707,"[2215622, 2215706, 2215794]"
65,6041,meta-llama/Llama-3.1-8B-mini4L,2056,4,3000000000,33421311005,30421311005,24236073245,30414663883,2215707,"[2215622, 2215706, 2215794]"
65,6113,meta-llama/Llama-3.1-8B-mini4L,2056,4,3000000000,37172754149,34172754149,30421311005,34166410406,2114581,"[2114537, 2114581, 2114625]"
65,6185,meta-llama/Llama-3.1-8B-mini4L,2056,4,3000000000,37172754149,34172754149,30421311005,34166410406,2114581,"[2114537, 2114581, 2114625]"
65,6257,meta-llama/Llama-3.1-8B-mini4L,2056,4,3000000000,37172754149,34172754149,30421311005,34166410406,2114581,"[2114537, 2114581, 2114625]"
65,6329,meta-llama/Llama-3.1-8B-mini4L,2056,4,3000000000,37172754149,34172754149,30421311005,34166410406,2114581,"[2114537, 2114581, 2114625]"
66,66,meta-llama/Llama-3.1-8B-mini4L,2048,4,0,194902440,194902440,1,46244309,49552710,"[48887602, 49863356, 49907173]"
66,138,meta-llama/Llama-3.1-8B-mini4L,2048,4,0,294756160,294756160,95131911,144995267,49920297,"[49907173, 49906421, 49947299]"
66,210,meta-llama/Llama-3.1-8B-mini4L,2048,4,0,344702407,344702407,144995267,194902440,49933322,"[49906421, 49947299, 49946247]"
66,282,meta-llama/Llama-3.1-8B-mini4L,2048,4,0,394647598,394647598,194902440,244808861,49946245,"[49947299, 49946247, 49945191]"
66,354,meta-llama/Llama-3.1-8B-mini4L,2048,4,0,444591733,444591733,244808861,294756160,49945191,"[49946247, 49945191, 49944135]"
66,426,meta-llama/Llama-3.1-8B-mini4L,2048,4,0,494534812,494534812,294756160,344702407,49944135,"[49945191, 49944135, 49943079]"
66,498,meta-llama/Llama-3.1-8B-mini4L,2048,4,0,544587667,544587667,344702407,394647598,49980023,"[49944135, 49943079, 50052855]"
66,570,meta-llama/Llama-3.1-8B-mini4L,2048,4,0,593118576,593118576,394647598,444591733,49508947,"[49943079, 50052855, 48530909]"
66,642,meta-llama/Llama-3.1-8B-mini4L,2048,4,0,640125701,640125701,444591733,494534812,48530296,"[50052855, 48530909, 47007125]"
66,714,meta-llama/Llama-3.1-8B-mini4L,2048,4,0,685555132,685555132,494534812,544587667,46989155,"[48530909, 47007125, 45429431]"
66,786,meta-llama/Llama-3.1-8B-mini4L,2048,4,0,729517047,729517047,544587667,593118576,45466157,"[47007125, 45429431, 43961915]"
66,858,meta-llama/Llama-3.1-8B-mini4L,2048,4,0,771929005,771929005,593118576,640125701,43934434,"[45429431, 43961915, 42411958]"
66,930,meta-llama/Llama-3.1-8B-mini4L,2048,4,0,812763523,812763523,640125701,685555132,42402797,"[43961915, 42411958, 40834518]"
66,1002,meta-llama/Llama-3.1-8B-mini4L,2048,4,0,852369390,852369390,685555132,729517047,40950781,"[42411958, 40834518, 39605867]"
66,1074,meta-llama/Llama-3.1-8B-mini4L,2048,4,0,891405534,891405534,729517047,771929005,39825509,"[40834518, 39605867, 39036144]"
66,1146,meta-llama/Llama-3.1-8B-mini4L,2048,4,0,931564911,931564911,771929005,812763523,39600462,"[39605867, 39036144, 40159377]"
66,1218,meta-llama/Llama-3.1-8B-mini4L,2048,4,0,971711188,971711188,812763523,852369390,39780599,"[39036144, 40159377, 40146277]"
66,1290,meta-llama/Llama-3.1-8B-mini4L,2048,4,0,1011694163,1011694163,852369390,891405534,40096209,"[40159377, 40146277, 39982975]"
66,1362,meta-llama/Llama-3.1-8B-mini4L,2048,4,0,1050942279,1050942279,891405534,931564911,39792456,"[40146277, 39982975, 39248116]"
66,1434,meta-llama/Llama-3.1-8B-mini4L,2048,4,0,1090644700,1090644700,931564911,971711188,39644504,"[39982975, 39248116, 39702421]"
66,1506,meta-llama/Llama-3.1-8B-mini4L,2048,4,0,1130633932,1130633932,971711188,1011694163,39646589,"[39248116, 39702421, 39989232]"
66,1578,meta-llama/Llama-3.1-8B-mini4L,2048,4,0,1170704029,1170704029,1011694163,1050942279,39920583,"[39702421, 39989232, 40070097]"
66,1650,meta-llama/Llama-3.1-8B-mini4L,2048,4,0,1210342846,1210342846,1050942279,1090644700,39899382,"[39989232, 40070097, 39638817]"
66,1722,meta-llama/Llama-3.1-8B-mini4L,2048,4,0,1249712113,1249712113,1090644700,1130633932,39692727,"[40070097, 39638817, 39369267]"
66,1794,meta-llama/Llama-3.1-8B-mini4L,2048,4,0,1289584355,1289584355,1130633932,1170704029,39626775,"[39638817, 39369267, 39872242]"
66,1866,meta-llama/Llama-3.1-8B-mini4L,2048,4,0,1329606013,1329606013,1170704029,1210342846,39754389,"[39369267, 39872242, 40021658]"
66,1938,meta-llama/Llama-3.1-8B-mini4L,2048,4,0,1369414127,1369414127,1210342846,1249712113,39900671,"[39872242, 40021658, 39808114]"
66,2010,meta-llama/Llama-3.1-8B-mini4L,2048,4,0,1408982004,1408982004,1249712113,1289584355,39799216,"[40021658, 39808114, 39567877]"
66,2082,meta-llama/Llama-3.1-8B-mini4L,2048,4,0,1448629960,1448629960,1289584355,1329606013,39674649,"[39808114, 39567877, 39647956]"
66,2154,meta-llama/Llama-3.1-8B-mini4L,2048,4,0,1488428118,1488428118,1329606013,1369414127,39671330,"[39567877, 39647956, 39798158]"
66,2226,meta-llama/Llama-3.1-8B-mini4L,2048,4,0,1528280710,1528280710,1369414127,1408982004,39766235,"[39647956, 39798158, 39852592]"
66,2298,meta-llama/Llama-3.1-8B-mini4L,2048,4,0,1568050865,1568050865,1408982004,1448629960,39806968,"[39798158, 39852592, 39770155]"
66,2370,meta-llama/Llama-3.1-8B-mini4L,2048,4,0,1607707436,1607707436,1448629960,1488428118,39759772,"[39852592, 39770155, 39656571]"
66,2442,meta-llama/Llama-3.1-8B-mini4L,2048,4,0,1647443300,1647443300,1488428118,1528280710,39720863,"[39770155, 39656571, 39735864]"
66,2514,meta-llama/Llama-3.1-8B-mini4L,2048,4,0,1687205595,1687205595,1528280710,1568050865,39718243,"[39656571, 39735864, 39762295]"
66,2586,meta-llama/Llama-3.1-8B-mini4L,2048,4,0,1726956886,1726956886,1568050865,1607707436,39749816,"[39735864, 39762295, 39751291]"
66,2658,meta-llama/Llama-3.1-8B-mini4L,2048,4,0,1766647717,1766647717,1607707436,1647443300,39734805,"[39762295, 39751291, 39690831]"
66,2730,meta-llama/Llama-3.1-8B-mini4L,2048,4,0,1806364717,1806364717,1647443300,1687205595,39719707,"[39751291, 39690831, 39717000]"
66,2802,meta-llama/Llama-3.1-8B-mini4L,2048,4,0,1846055548,1846055548,1687205595,1726956886,39699554,"[39690831, 39717000, 39690831]"
66,2874,meta-llama/Llama-3.1-8B-mini4L,2048,4,0,1885564156,1885564156,1726956886,1766647717,39638813,"[39717000, 39690831, 39508608]"
66,2946,meta-llama/Llama-3.1-8B-mini4L,2048,4,0,1906149228,1906149228,1766647717,1806364717,33261503,"[39690831, 39508608, 20585072]"
66,3018,meta-llama/Llama-3.1-8B-mini4L,2048,4,0,1908609458,1908609458,1806364717,1846055548,20851303,"[39508608, 20585072, 2460230]"
66,3090,meta-llama/Llama-3.1-8B-mini4L,2048,4,0,1910843194,1910843194,1846055548,1885564156,8426346,"[20585072, 2460230, 2233736]"
66,3162,meta-llama/Llama-3.1-8B-mini4L,2048,4,0,1912933519,1912933519,1885564156,1906149228,2261430,"[2460230, 2233736, 2090325]"
66,3234,meta-llama/Llama-3.1-8B-mini4L,2056,4,3000000000,8766266045,5766266045,322129,5759618923,2215707,"[2215622, 2215706, 2215794]"
66,3306,meta-llama/Llama-3.1-8B-mini4L,2056,4,3000000000,8766266045,5766266045,322129,5759618923,2215707,"[2215622, 2215706, 2215794]"
66,3378,meta-llama/Llama-3.1-8B-mini4L,2056,4,3000000000,8766266045,5766266045,322129,5759618923,2215707,"[2215622, 2215706, 2215794]"
66,3450,meta-llama/Llama-3.1-8B-mini4L,2056,4,3000000000,8766266045,5766266045,322129,5759618923,2215707,"[2215622, 2215706, 2215794]"
66,3522,meta-llama/Llama-3.1-8B-mini4L,2056,4,3000000000,8766266045,5766266045,322129,5759618923,2215707,"[2215622, 2215706, 2215794]"
66,3594,meta-llama/Llama-3.1-8B-mini4L,2056,4,3000000000,8766266045,5766266045,322129,5759618923,2215707,"[2215622, 2215706, 2215794]"
66,3666,meta-llama/Llama-3.1-8B-mini4L,2056,4,3000000000,8766266045,5766266045,322129,5759618923,2215707,"[2215622, 2215706, 2215794]"
66,3738,meta-llama/Llama-3.1-8B-mini4L,2056,4,3000000000,8766266045,5766266045,322129,5759618923,2215707,"[2215622, 2215706, 2215794]"
66,3810,meta-llama/Llama-3.1-8B-mini4L,2056,4,3000000000,14951503805,11951503805,5766266045,11944856683,2215707,"[2215622, 2215706, 2215794]"
66,3882,meta-llama/Llama-3.1-8B-mini4L,2056,4,3000000000,14951503805,11951503805,5766266045,11944856683,2215707,"[2215622, 2215706, 2215794]"
66,3954,meta-llama/Llama-3.1-8B-mini4L,2056,4,3000000000,14951503805,11951503805,5766266045,11944856683,2215707,"[2215622, 2215706, 2215794]"
66,4026,meta-llama/Llama-3.1-8B-mini4L,2056,4,3000000000,14951503805,11951503805,5766266045,11944856683,2215707,"[2215622, 2215706, 2215794]"
66,4098,meta-llama/Llama-3.1-8B-mini4L,2056,4,3000000000,14951503805,11951503805,5766266045,11944856683,2215707,"[2215622, 2215706, 2215794]"
66,4170,meta-llama/Llama-3.1-8B-mini4L,2056,4,3000000000,14951503805,11951503805,5766266045,11944856683,2215707,"[2215622, 2215706, 2215794]"
66,4242,meta-llama/Llama-3.1-8B-mini4L,2056,4,3000000000,14951503805,11951503805,5766266045,11944856683,2215707,"[2215622, 2215706, 2215794]"
66,4314,meta-llama/Llama-3.1-8B-mini4L,2056,4,3000000000,14951503805,11951503805,5766266045,11944856683,2215707,"[2215622, 2215706, 2215794]"
66,4386,meta-llama/Llama-3.1-8B-mini4L,2056,4,3000000000,21136741565,18136741565,11951503805,18130094443,2215707,"[2215622, 2215706, 2215794]"
66,4458,meta-llama/Llama-3.1-8B-mini4L,2056,4,3000000000,21136741565,18136741565,11951503805,18130094443,2215707,"[2215622, 2215706, 2215794]"
66,4530,meta-llama/Llama-3.1-8B-mini4L,2056,4,3000000000,21136741565,18136741565,11951503805,18130094443,2215707,"[2215622, 2215706, 2215794]"
66,4602,meta-llama/Llama-3.1-8B-mini4L,2056,4,3000000000,21136741565,18136741565,11951503805,18130094443,2215707,"[2215622, 2215706, 2215794]"
66,4674,meta-llama/Llama-3.1-8B-mini4L,2056,4,3000000000,21136741565,18136741565,11951503805,18130094443,2215707,"[2215622, 2215706, 2215794]"
66,4746,meta-llama/Llama-3.1-8B-mini4L,2056,4,3000000000,21136741565,18136741565,11951503805,18130094443,2215707,"[2215622, 2215706, 2215794]"
66,4818,meta-llama/Llama-3.1-8B-mini4L,2056,4,3000000000,21136741565,18136741565,11951503805,18130094443,2215707,"[2215622, 2215706, 2215794]"
66,4890,meta-llama/Llama-3.1-8B-mini4L,2056,4,3000000000,21136741565,18136741565,11951503805,18130094443,2215707,"[2215622, 2215706, 2215794]"
66,4962,meta-llama/Llama-3.1-8B-mini4L,2056,4,3000000000,27321979325,24321979325,18136741565,24315332203,2215707,"[2215622, 2215706, 2215794]"
66,5034,meta-llama/Llama-3.1-8B-mini4L,2056,4,3000000000,27321979325,24321979325,18136741565,24315332203,2215707,"[2215622, 2215706, 2215794]"
66,5106,meta-llama/Llama-3.1-8B-mini4L,2056,4,3000000000,27321979325,24321979325,18136741565,24315332203,2215707,"[2215622, 2215706, 2215794]"
66,5178,meta-llama/Llama-3.1-8B-mini4L,2056,4,3000000000,27321979325,24321979325,18136741565,24315332203,2215707,"[2215622, 2215706, 2215794]"
66,5250,meta-llama/Llama-3.1-8B-mini4L,2056,4,3000000000,27321979325,24321979325,18136741565,24315332203,2215707,"[2215622, 2215706, 2215794]"
66,5322,meta-llama/Llama-3.1-8B-mini4L,2056,4,3000000000,27321979325,24321979325,18136741565,24315332203,2215707,"[2215622, 2215706, 2215794]"
66,5394,meta-llama/Llama-3.1-8B-mini4L,2056,4,3000000000,27321979325,24321979325,18136741565,24315332203,2215707,"[2215622, 2215706, 2215794]"
66,5466,meta-llama/Llama-3.1-8B-mini4L,2056,4,3000000000,27321979325,24321979325,18136741565,24315332203,2215707,"[2215622, 2215706, 2215794]"
66,5538,meta-llama/Llama-3.1-8B-mini4L,2056,4,3000000000,33507217085,30507217085,24321979325,30500569963,2215707,"[2215622, 2215706, 2215794]"
66,5610,meta-llama/Llama-3.1-8B-mini4L,2056,4,3000000000,33507217085,30507217085,24321979325,30500569963,2215707,"[2215622, 2215706, 2215794]"
66,5682,meta-llama/Llama-3.1-8B-mini4L,2056,4,3000000000,33507217085,30507217085,24321979325,30500569963,2215707,"[2215622, 2215706, 2215794]"
66,5754,meta-llama/Llama-3.1-8B-mini4L,2056,4,3000000000,33507217085,30507217085,24321979325,30500569963,2215707,"[2215622, 2215706, 2215794]"
66,5826,meta-llama/Llama-3.1-8B-mini4L,2056,4,3000000000,33507217085,30507217085,24321979325,30500569963,2215707,"[2215622, 2215706, 2215794]"
66,5898,meta-llama/Llama-3.1-8B-mini4L,2056,4,3000000000,33507217085,30507217085,24321979325,30500569963,2215707,"[2215622, 2215706, 2215794]"
66,5970,meta-llama/Llama-3.1-8B-mini4L,2056,4,3000000000,33507217085,30507217085,24321979325,30500569963,2215707,"[2215622, 2215706, 2215794]"
66,6042,meta-llama/Llama-3.1-8B-mini4L,2056,4,3000000000,33507217085,30507217085,24321979325,30500569963,2215707,"[2215622, 2215706, 2215794]"
66,6114,meta-llama/Llama-3.1-8B-mini4L,2056,4,3000000000,37216717189,34216717189,30507217085,34210373446,2114581,"[2114537, 2114581, 2114625]"
66,6186,meta-llama/Llama-3.1-8B-mini4L,2056,4,3000000000,37216717189,34216717189,30507217085,34210373446,2114581,"[2114537, 2114581, 2114625]"
66,6258,meta-llama/Llama-3.1-8B-mini4L,2056,4,3000000000,37216717189,34216717189,30507217085,34210373446,2114581,"[2114537, 2114581, 2114625]"
66,6330,meta-llama/Llama-3.1-8B-mini4L,2056,4,3000000000,37216717189,34216717189,30507217085,34210373446,2114581,"[2114537, 2114581, 2114625]"
67,67,meta-llama/Llama-3.1-8B-mini4L,2048,4,0,195427896,195427896,1,46769765,49552710,"[48887602, 49863356, 49907173]"
67,139,meta-llama/Llama-3.1-8B-mini4L,2048,4,0,295281616,295281616,95657367,145520723,49920297,"[49907173, 49906421, 49947299]"
67,211,meta-llama/Llama-3.1-8B-mini4L,2048,4,0,345227863,345227863,145520723,195427896,49933322,"[49906421, 49947299, 49946247]"
67,283,meta-llama/Llama-3.1-8B-mini4L,2048,4,0,395173054,395173054,195427896,245334317,49946245,"[49947299, 49946247, 49945191]"
67,355,meta-llama/Llama-3.1-8B-mini4L,2048,4,0,445117189,445117189,245334317,295281616,49945191,"[49946247, 49945191, 49944135]"
67,427,meta-llama/Llama-3.1-8B-mini4L,2048,4,0,495060268,495060268,295281616,345227863,49944135,"[49945191, 49944135, 49943079]"
67,499,meta-llama/Llama-3.1-8B-mini4L,2048,4,0,545113123,545113123,345227863,395173054,49980023,"[49944135, 49943079, 50052855]"
67,571,meta-llama/Llama-3.1-8B-mini4L,2048,4,0,593644032,593644032,395173054,445117189,49508947,"[49943079, 50052855, 48530909]"
67,643,meta-llama/Llama-3.1-8B-mini4L,2048,4,0,640651157,640651157,445117189,495060268,48530296,"[50052855, 48530909, 47007125]"
67,715,meta-llama/Llama-3.1-8B-mini4L,2048,4,0,686080588,686080588,495060268,545113123,46989155,"[48530909, 47007125, 45429431]"
67,787,meta-llama/Llama-3.1-8B-mini4L,2048,4,0,730042503,730042503,545113123,593644032,45466157,"[47007125, 45429431, 43961915]"
67,859,meta-llama/Llama-3.1-8B-mini4L,2048,4,0,772454461,772454461,593644032,640651157,43934434,"[45429431, 43961915, 42411958]"
67,931,meta-llama/Llama-3.1-8B-mini4L,2048,4,0,813288979,813288979,640651157,686080588,42402797,"[43961915, 42411958, 40834518]"
67,1003,meta-llama/Llama-3.1-8B-mini4L,2048,4,0,852949280,852949280,686080588,730042503,40968925,"[42411958, 40834518, 39660301]"
67,1075,meta-llama/Llama-3.1-8B-mini4L,2048,4,0,891958469,891958469,730042503,772454461,39834669,"[40834518, 39660301, 39009189]"
67,1147,meta-llama/Llama-3.1-8B-mini4L,2048,4,0,932090367,932090367,772454461,813288979,39600462,"[39660301, 39009189, 40131898]"
67,1219,meta-llama/Llama-3.1-8B-mini4L,2048,4,0,972236644,972236644,813288979,852949280,39762454,"[39009189, 40131898, 40146277]"
67,1291,meta-llama/Llama-3.1-8B-mini4L,2048,4,0,1012246836,1012246836,852949280,891958469,40096122,"[40131898, 40146277, 40010192]"
67,1363,meta-llama/Llama-3.1-8B-mini4L,2048,4,0,1051494952,1051494952,891958469,932090367,39801528,"[40146277, 40010192, 39248116]"
67,1435,meta-llama/Llama-3.1-8B-mini4L,2048,4,0,1091197111,1091197111,932090367,972236644,39653489,"[40010192, 39248116, 39702159]"
67,1507,meta-llama/Llama-3.1-8B-mini4L,2048,4,0,1131159388,1131159388,972236644,1012246836,39637517,"[39248116, 39702159, 39962277]"
67,1579,meta-llama/Llama-3.1-8B-mini4L,2048,4,0,1171256440,1171256440,1012246836,1051494952,39920496,"[39702159, 39962277, 40097052]"
67,1651,meta-llama/Llama-3.1-8B-mini4L,2048,4,0,1210976122,1210976122,1051494952,1091197111,39926337,"[39962277, 40097052, 39719682]"
67,1723,meta-llama/Llama-3.1-8B-mini4L,2048,4,0,1250318434,1250318434,1091197111,1131159388,39719682,"[40097052, 39719682, 39342312]"
67,1795,meta-llama/Llama-3.1-8B-mini4L,2048,4,0,1290136504,1290136504,1131159388,1171256440,39626688,"[39719682, 39342312, 39818070]"
67,1867,meta-llama/Llama-3.1-8B-mini4L,2048,4,0,1330131469,1330131469,1171256440,1210976122,39718449,"[39342312, 39818070, 39994965]"
67,1939,meta-llama/Llama-3.1-8B-mini4L,2048,4,0,1369939583,1369939583,1210976122,1250318434,39873716,"[39818070, 39994965, 39808114]"
67,2011,meta-llama/Llama-3.1-8B-mini4L,2048,4,0,1409560846,1409560846,1250318434,1290136504,39808114,"[39994965, 39808114, 39621263]"
67,2083,meta-llama/Llama-3.1-8B-mini4L,2048,4,0,1449208802,1449208802,1290136504,1330131469,39692444,"[39808114, 39621263, 39647956]"
67,2155,meta-llama/Llama-3.1-8B-mini4L,2048,4,0,1488980005,1488980005,1330131469,1369939583,39680140,"[39621263, 39647956, 39771203]"
67,2227,meta-llama/Llama-3.1-8B-mini4L,2048,4,0,1528859552,1528859552,1369939583,1409560846,39766235,"[39647956, 39771203, 39879547]"
67,2299,meta-llama/Llama-3.1-8B-mini4L,2048,4,0,1568629183,1568629183,1409560846,1449208802,39806793,"[39771203, 39879547, 39769631]"
67,2371,meta-llama/Llama-3.1-8B-mini4L,2048,4,0,1608232892,1608232892,1449208802,1488980005,39750962,"[39879547, 39769631, 39603709]"
67,2443,meta-llama/Llama-3.1-8B-mini4L,2048,4,0,1647968756,1647968756,1488980005,1528859552,39703068,"[39769631, 39603709, 39735864]"
67,2515,meta-llama/Llama-3.1-8B-mini4L,2048,4,0,1687757482,1687757482,1528859552,1568629183,39709433,"[39603709, 39735864, 39788726]"
67,2587,meta-llama/Llama-3.1-8B-mini4L,2048,4,0,1727508511,1727508511,1568629183,1608232892,39758539,"[39735864, 39788726, 39751029]"
67,2659,meta-llama/Llama-3.1-8B-mini4L,2048,4,0,1767225511,1767225511,1608232892,1647968756,39752251,"[39788726, 39751029, 39717000]"
67,2731,meta-llama/Llama-3.1-8B-mini4L,2048,4,0,1806890173,1806890173,1647968756,1687757482,39710897,"[39751029, 39717000, 39664662]"
67,2803,meta-llama/Llama-3.1-8B-mini4L,2048,4,0,1846607173,1846607173,1687757482,1727508511,39699554,"[39717000, 39664662, 39717000]"
67,2875,meta-llama/Llama-3.1-8B-mini4L,2048,4,0,1886089732,1886089732,1727508511,1767225511,39621407,"[39664662, 39717000, 39482559]"
67,2947,meta-llama/Llama-3.1-8B-mini4L,2048,4,0,1906181668,1906181668,1767225511,1806890173,33097165,"[39717000, 39482559, 20091936]"
67,3019,meta-llama/Llama-3.1-8B-mini4L,2048,4,0,1908610347,1908610347,1806890173,1846607173,20667724,"[39482559, 20091936, 2428679]"
67,3091,meta-llama/Llama-3.1-8B-mini4L,2048,4,0,1910843827,1910843827,1846607173,1886089732,8251365,"[20091936, 2428679, 2233480]"
67,3163,meta-llama/Llama-3.1-8B-mini4L,2048,4,0,1912933895,1912933895,1886089732,1906181668,2250742,"[2428679, 2233480, 2090068]"
67,3235,meta-llama/Llama-3.1-8B-mini4L,2056,4,3000000000,8852172125,5852172125,322129,5845525003,2215707,"[2215622, 2215706, 2215794]"
67,3307,meta-llama/Llama-3.1-8B-mini4L,2056,4,3000000000,8852172125,5852172125,322129,5845525003,2215707,"[2215622, 2215706, 2215794]"
67,3379,meta-llama/Llama-3.1-8B-mini4L,2056,4,3000000000,8852172125,5852172125,322129,5845525003,2215707,"[2215622, 2215706, 2215794]"
67,3451,meta-llama/Llama-3.1-8B-mini4L,2056,4,3000000000,8852172125,5852172125,322129,5845525003,2215707,"[2215622, 2215706, 2215794]"
67,3523,meta-llama/Llama-3.1-8B-mini4L,2056,4,3000000000,8852172125,5852172125,322129,5845525003,2215707,"[2215622, 2215706, 2215794]"
67,3595,meta-llama/Llama-3.1-8B-mini4L,2056,4,3000000000,8852172125,5852172125,322129,5845525003,2215707,"[2215622, 2215706, 2215794]"
67,3667,meta-llama/Llama-3.1-8B-mini4L,2056,4,3000000000,8852172125,5852172125,322129,5845525003,2215707,"[2215622, 2215706, 2215794]"
67,3739,meta-llama/Llama-3.1-8B-mini4L,2056,4,3000000000,8852172125,5852172125,322129,5845525003,2215707,"[2215622, 2215706, 2215794]"
67,3811,meta-llama/Llama-3.1-8B-mini4L,2056,4,3000000000,15037409885,12037409885,5852172125,12030762763,2215707,"[2215622, 2215706, 2215794]"
67,3883,meta-llama/Llama-3.1-8B-mini4L,2056,4,3000000000,15037409885,12037409885,5852172125,12030762763,2215707,"[2215622, 2215706, 2215794]"
67,3955,meta-llama/Llama-3.1-8B-mini4L,2056,4,3000000000,15037409885,12037409885,5852172125,12030762763,2215707,"[2215622, 2215706, 2215794]"
67,4027,meta-llama/Llama-3.1-8B-mini4L,2056,4,3000000000,15037409885,12037409885,5852172125,12030762763,2215707,"[2215622, 2215706, 2215794]"
67,4099,meta-llama/Llama-3.1-8B-mini4L,2056,4,3000000000,15037409885,12037409885,5852172125,12030762763,2215707,"[2215622, 2215706, 2215794]"
67,4171,meta-llama/Llama-3.1-8B-mini4L,2056,4,3000000000,15037409885,12037409885,5852172125,12030762763,2215707,"[2215622, 2215706, 2215794]"
67,4243,meta-llama/Llama-3.1-8B-mini4L,2056,4,3000000000,15037409885,12037409885,5852172125,12030762763,2215707,"[2215622, 2215706, 2215794]"
67,4315,meta-llama/Llama-3.1-8B-mini4L,2056,4,3000000000,15037409885,12037409885,5852172125,12030762763,2215707,"[2215622, 2215706, 2215794]"
67,4387,meta-llama/Llama-3.1-8B-mini4L,2056,4,3000000000,21222647645,18222647645,12037409885,18216000523,2215707,"[2215622, 2215706, 2215794]"
67,4459,meta-llama/Llama-3.1-8B-mini4L,2056,4,3000000000,21222647645,18222647645,12037409885,18216000523,2215707,"[2215622, 2215706, 2215794]"
67,4531,meta-llama/Llama-3.1-8B-mini4L,2056,4,3000000000,21222647645,18222647645,12037409885,18216000523,2215707,"[2215622, 2215706, 2215794]"
67,4603,meta-llama/Llama-3.1-8B-mini4L,2056,4,3000000000,21222647645,18222647645,12037409885,18216000523,2215707,"[2215622, 2215706, 2215794]"
67,4675,meta-llama/Llama-3.1-8B-mini4L,2056,4,3000000000,21222647645,18222647645,12037409885,18216000523,2215707,"[2215622, 2215706, 2215794]"
67,4747,meta-llama/Llama-3.1-8B-mini4L,2056,4,3000000000,21222647645,18222647645,12037409885,18216000523,2215707,"[2215622, 2215706, 2215794]"
67,4819,meta-llama/Llama-3.1-8B-mini4L,2056,4,3000000000,21222647645,18222647645,12037409885,18216000523,2215707,"[2215622, 2215706, 2215794]"
67,4891,meta-llama/Llama-3.1-8B-mini4L,2056,4,3000000000,21222647645,18222647645,12037409885,18216000523,2215707,"[2215622, 2215706, 2215794]"
67,4963,meta-llama/Llama-3.1-8B-mini4L,2056,4,3000000000,27407885405,24407885405,18222647645,24401238283,2215707,"[2215622, 2215706, 2215794]"
67,5035,meta-llama/Llama-3.1-8B-mini4L,2056,4,3000000000,27407885405,24407885405,18222647645,24401238283,2215707,"[2215622, 2215706, 2215794]"
67,5107,meta-llama/Llama-3.1-8B-mini4L,2056,4,3000000000,27407885405,24407885405,18222647645,24401238283,2215707,"[2215622, 2215706, 2215794]"
67,5179,meta-llama/Llama-3.1-8B-mini4L,2056,4,3000000000,27407885405,24407885405,18222647645,24401238283,2215707,"[2215622, 2215706, 2215794]"
67,5251,meta-llama/Llama-3.1-8B-mini4L,2056,4,3000000000,27407885405,24407885405,18222647645,24401238283,2215707,"[2215622, 2215706, 2215794]"
67,5323,meta-llama/Llama-3.1-8B-mini4L,2056,4,3000000000,27407885405,24407885405,18222647645,24401238283,2215707,"[2215622, 2215706, 2215794]"
67,5395,meta-llama/Llama-3.1-8B-mini4L,2056,4,3000000000,27407885405,24407885405,18222647645,24401238283,2215707,"[2215622, 2215706, 2215794]"
67,5467,meta-llama/Llama-3.1-8B-mini4L,2056,4,3000000000,27407885405,24407885405,18222647645,24401238283,2215707,"[2215622, 2215706, 2215794]"
67,5539,meta-llama/Llama-3.1-8B-mini4L,2056,4,3000000000,33593123165,30593123165,24407885405,30586476043,2215707,"[2215622, 2215706, 2215794]"
67,5611,meta-llama/Llama-3.1-8B-mini4L,2056,4,3000000000,33593123165,30593123165,24407885405,30586476043,2215707,"[2215622, 2215706, 2215794]"
67,5683,meta-llama/Llama-3.1-8B-mini4L,2056,4,3000000000,33593123165,30593123165,24407885405,30586476043,2215707,"[2215622, 2215706, 2215794]"
67,5755,meta-llama/Llama-3.1-8B-mini4L,2056,4,3000000000,33593123165,30593123165,24407885405,30586476043,2215707,"[2215622, 2215706, 2215794]"
67,5827,meta-llama/Llama-3.1-8B-mini4L,2056,4,3000000000,33593123165,30593123165,24407885405,30586476043,2215707,"[2215622, 2215706, 2215794]"
67,5899,meta-llama/Llama-3.1-8B-mini4L,2056,4,3000000000,33593123165,30593123165,24407885405,30586476043,2215707,"[2215622, 2215706, 2215794]"
67,5971,meta-llama/Llama-3.1-8B-mini4L,2056,4,3000000000,33593123165,30593123165,24407885405,30586476043,2215707,"[2215622, 2215706, 2215794]"
67,6043,meta-llama/Llama-3.1-8B-mini4L,2056,4,3000000000,33593123165,30593123165,24407885405,30586476043,2215707,"[2215622, 2215706, 2215794]"
67,6115,meta-llama/Llama-3.1-8B-mini4L,2056,4,3000000000,37260680229,34260680229,30593123165,34254336486,2114581,"[2114537, 2114581, 2114625]"
67,6187,meta-llama/Llama-3.1-8B-mini4L,2056,4,3000000000,37260680229,34260680229,30593123165,34254336486,2114581,"[2114537, 2114581, 2114625]"
67,6259,meta-llama/Llama-3.1-8B-mini4L,2056,4,3000000000,37260680229,34260680229,30593123165,34254336486,2114581,"[2114537, 2114581, 2114625]"
67,6331,meta-llama/Llama-3.1-8B-mini4L,2056,4,3000000000,37260680229,34260680229,30593123165,34254336486,2114581,"[2114537, 2114581, 2114625]"
68,68,meta-llama/Llama-3.1-8B-mini4L,2048,4,0,195953352,195953352,1,47295221,49552710,"[48887602, 49863356, 49907173]"
68,140,meta-llama/Llama-3.1-8B-mini4L,2048,4,0,295807072,295807072,96182823,146046179,49920297,"[49907173, 49906421, 49947299]"
68,212,meta-llama/Llama-3.1-8B-mini4L,2048,4,0,345753319,345753319,146046179,195953352,49933322,"[49906421, 49947299, 49946247]"
68,284,meta-llama/Llama-3.1-8B-mini4L,2048,4,0,395698510,395698510,195953352,245859773,49946245,"[49947299, 49946247, 49945191]"
68,356,meta-llama/Llama-3.1-8B-mini4L,2048,4,0,445642645,445642645,245859773,295807072,49945191,"[49946247, 49945191, 49944135]"
68,428,meta-llama/Llama-3.1-8B-mini4L,2048,4,0,495585724,495585724,295807072,345753319,49944135,"[49945191, 49944135, 49943079]"
68,500,meta-llama/Llama-3.1-8B-mini4L,2048,4,0,545638579,545638579,345753319,395698510,49980023,"[49944135, 49943079, 50052855]"
68,572,meta-llama/Llama-3.1-8B-mini4L,2048,4,0,594169488,594169488,395698510,445642645,49508947,"[49943079, 50052855, 48530909]"
68,644,meta-llama/Llama-3.1-8B-mini4L,2048,4,0,641176613,641176613,445642645,495585724,48530296,"[50052855, 48530909, 47007125]"
68,716,meta-llama/Llama-3.1-8B-mini4L,2048,4,0,686633523,686633523,495585724,545638579,46998314,"[48530909, 47007125, 45456910]"
68,788,meta-llama/Llama-3.1-8B-mini4L,2048,4,0,730567959,730567959,545638579,594169488,45466157,"[47007125, 45456910, 43934436]"
68,860,meta-llama/Llama-3.1-8B-mini4L,2048,4,0,772979917,772979917,594169488,641176613,43934434,"[45456910, 43934436, 42411958]"
68,932,meta-llama/Llama-3.1-8B-mini4L,2048,4,0,813814435,813814435,641176613,686633523,42393637,"[43934436, 42411958, 40834518]"
68,1004,meta-llama/Llama-3.1-8B-mini4L,2048,4,0,853501953,853501953,686633523,730567959,40977998,"[42411958, 40834518, 39687518]"
68,1076,meta-llama/Llama-3.1-8B-mini4L,2048,4,0,892511404,892511404,730567959,772979917,39843829,"[40834518, 39687518, 39009451]"
68,1148,meta-llama/Llama-3.1-8B-mini4L,2048,4,0,932643040,932643040,772979917,813814435,39609535,"[39687518, 39009451, 40131636]"
68,1220,meta-llama/Llama-3.1-8B-mini4L,2048,4,0,972762100,972762100,813814435,853501953,39753382,"[39009451, 40131636, 40119060]"
68,1292,meta-llama/Llama-3.1-8B-mini4L,2048,4,0,1012853943,1012853943,853501953,892511404,40114179,"[40131636, 40119060, 40091843]"
68,1364,meta-llama/Llama-3.1-8B-mini4L,2048,4,0,1052156493,1052156493,892511404,932643040,39837817,"[40119060, 40091843, 39302550]"
68,1436,meta-llama/Llama-3.1-8B-mini4L,2048,4,0,1091749522,1091749522,932643040,972762100,39662474,"[40091843, 39302550, 39593029]"
68,1508,meta-llama/Llama-3.1-8B-mini4L,2048,4,0,1131711799,1131711799,972762100,1012853943,39619285,"[39302550, 39593029, 39962277]"
68,1580,meta-llama/Llama-3.1-8B-mini4L,2048,4,0,1171781896,1171781896,1012853943,1052156493,39875134,"[39593029, 39962277, 40070097]"
68,1652,meta-llama/Llama-3.1-8B-mini4L,2048,4,0,1211582443,1211582443,1052156493,1091749522,39944307,"[39962277, 40070097, 39800547]"
68,1724,meta-llama/Llama-3.1-8B-mini4L,2048,4,0,1250870845,1250870845,1091749522,1131711799,39719682,"[40070097, 39800547, 39288402]"
68,1796,meta-llama/Llama-3.1-8B-mini4L,2048,4,0,1290688653,1290688653,1131711799,1171781896,39635585,"[39800547, 39288402, 39817808]"
68,1868,meta-llama/Llama-3.1-8B-mini4L,2048,4,0,1330683618,1330683618,1171781896,1211582443,39700391,"[39288402, 39817808, 39994965]"
68,1940,meta-llama/Llama-3.1-8B-mini4L,2048,4,0,1370491732,1370491732,1211582443,1250870845,39873629,"[39817808, 39994965, 39808114]"
68,2012,meta-llama/Llama-3.1-8B-mini4L,2048,4,0,1410166381,1410166381,1250870845,1290688653,39825909,"[39994965, 39808114, 39674649]"
68,2084,meta-llama/Llama-3.1-8B-mini4L,2048,4,0,1449787644,1449787644,1290688653,1330683618,39701342,"[39808114, 39674649, 39621263]"
68,2156,meta-llama/Llama-3.1-8B-mini4L,2048,4,0,1489558323,1489558323,1330683618,1370491732,39688863,"[39674649, 39621263, 39770679]"
68,2228,meta-llama/Llama-3.1-8B-mini4L,2048,4,0,1529491780,1529491780,1370491732,1410166381,39775133,"[39621263, 39770679, 39933457]"
68,2300,meta-llama/Llama-3.1-8B-mini4L,2048,4,0,1569260363,1569260363,1410166381,1449787644,39824239,"[39770679, 39933457, 39768583]"
68,2372,meta-llama/Llama-3.1-8B-mini4L,2048,4,0,1608758348,1608758348,1449787644,1489558323,39733341,"[39933457, 39768583, 39497985]"
68,2444,meta-llama/Llama-3.1-8B-mini4L,2048,4,0,1648494212,1648494212,1489558323,1529491780,39667477,"[39768583, 39497985, 39735864]"
68,2516,meta-llama/Llama-3.1-8B-mini4L,2048,4,0,1688309369,1688309369,1529491780,1569260363,39683002,"[39497985, 39735864, 39815157]"
68,2588,meta-llama/Llama-3.1-8B-mini4L,2048,4,0,1728060136,1728060136,1569260363,1608758348,39767262,"[39735864, 39815157, 39750767]"
68,2660,meta-llama/Llama-3.1-8B-mini4L,2048,4,0,1767777136,1767777136,1608758348,1648494212,39760974,"[39815157, 39750767, 39717000]"
68,2732,meta-llama/Llama-3.1-8B-mini4L,2048,4,0,1807467967,1807467967,1648494212,1688309369,39719532,"[39750767, 39717000, 39690831]"
68,2804,meta-llama/Llama-3.1-8B-mini4L,2048,4,0,1847132629,1847132629,1688309369,1728060136,39690831,"[39717000, 39690831, 39664662]"
68,2876,meta-llama/Llama-3.1-8B-mini4L,2048,4,0,1886615308,1886615308,1728060136,1767777136,39612724,"[39690831, 39664662, 39482679]"
68,2948,meta-llama/Llama-3.1-8B-mini4L,2048,4,0,1906214348,1906214348,1767777136,1807467967,32915460,"[39664662, 39482679, 19599040]"
68,3020,meta-llama/Llama-3.1-8B-mini4L,2048,4,0,1908611236,1908611236,1807467967,1847132629,20492869,"[39482679, 19599040, 2396888]"
68,3092,meta-llama/Llama-3.1-8B-mini4L,2048,4,0,1910844460,1910844460,1847132629,1886615308,8076384,"[19599040, 2396888, 2233224]"
68,3164,meta-llama/Llama-3.1-8B-mini4L,2048,4,0,1912934271,1912934271,1886615308,1906214348,2239974,"[2396888, 2233224, 2089811]"
68,3236,meta-llama/Llama-3.1-8B-mini4L,2056,4,3000000000,8938078205,5938078205,322129,5931431083,2215707,"[2215622, 2215706, 2215794]"
68,3308,meta-llama/Llama-3.1-8B-mini4L,2056,4,3000000000,8938078205,5938078205,322129,5931431083,2215707,"[2215622, 2215706, 2215794]"
68,3380,meta-llama/Llama-3.1-8B-mini4L,2056,4,3000000000,8938078205,5938078205,322129,5931431083,2215707,"[2215622, 2215706, 2215794]"
68,3452,meta-llama/Llama-3.1-8B-mini4L,2056,4,3000000000,8938078205,5938078205,322129,5931431083,2215707,"[2215622, 2215706, 2215794]"
68,3524,meta-llama/Llama-3.1-8B-mini4L,2056,4,3000000000,8938078205,5938078205,322129,5931431083,2215707,"[2215622, 2215706, 2215794]"
68,3596,meta-llama/Llama-3.1-8B-mini4L,2056,4,3000000000,8938078205,5938078205,322129,5931431083,2215707,"[2215622, 2215706, 2215794]"
68,3668,meta-llama/Llama-3.1-8B-mini4L,2056,4,3000000000,8938078205,5938078205,322129,5931431083,2215707,"[2215622, 2215706, 2215794]"
68,3740,meta-llama/Llama-3.1-8B-mini4L,2056,4,3000000000,8938078205,5938078205,322129,5931431083,2215707,"[2215622, 2215706, 2215794]"
68,3812,meta-llama/Llama-3.1-8B-mini4L,2056,4,3000000000,15123315965,12123315965,5938078205,12116668843,2215707,"[2215622, 2215706, 2215794]"
68,3884,meta-llama/Llama-3.1-8B-mini4L,2056,4,3000000000,15123315965,12123315965,5938078205,12116668843,2215707,"[2215622, 2215706, 2215794]"
68,3956,meta-llama/Llama-3.1-8B-mini4L,2056,4,3000000000,15123315965,12123315965,5938078205,12116668843,2215707,"[2215622, 2215706, 2215794]"
68,4028,meta-llama/Llama-3.1-8B-mini4L,2056,4,3000000000,15123315965,12123315965,5938078205,12116668843,2215707,"[2215622, 2215706, 2215794]"
68,4100,meta-llama/Llama-3.1-8B-mini4L,2056,4,3000000000,15123315965,12123315965,5938078205,12116668843,2215707,"[2215622, 2215706, 2215794]"
68,4172,meta-llama/Llama-3.1-8B-mini4L,2056,4,3000000000,15123315965,12123315965,5938078205,12116668843,2215707,"[2215622, 2215706, 2215794]"
68,4244,meta-llama/Llama-3.1-8B-mini4L,2056,4,3000000000,15123315965,12123315965,5938078205,12116668843,2215707,"[2215622, 2215706, 2215794]"
68,4316,meta-llama/Llama-3.1-8B-mini4L,2056,4,3000000000,15123315965,12123315965,5938078205,12116668843,2215707,"[2215622, 2215706, 2215794]"
68,4388,meta-llama/Llama-3.1-8B-mini4L,2056,4,3000000000,21308553725,18308553725,12123315965,18301906603,2215707,"[2215622, 2215706, 2215794]"
68,4460,meta-llama/Llama-3.1-8B-mini4L,2056,4,3000000000,21308553725,18308553725,12123315965,18301906603,2215707,"[2215622, 2215706, 2215794]"
68,4532,meta-llama/Llama-3.1-8B-mini4L,2056,4,3000000000,21308553725,18308553725,12123315965,18301906603,2215707,"[2215622, 2215706, 2215794]"
68,4604,meta-llama/Llama-3.1-8B-mini4L,2056,4,3000000000,21308553725,18308553725,12123315965,18301906603,2215707,"[2215622, 2215706, 2215794]"
68,4676,meta-llama/Llama-3.1-8B-mini4L,2056,4,3000000000,21308553725,18308553725,12123315965,18301906603,2215707,"[2215622, 2215706, 2215794]"
68,4748,meta-llama/Llama-3.1-8B-mini4L,2056,4,3000000000,21308553725,18308553725,12123315965,18301906603,2215707,"[2215622, 2215706, 2215794]"
68,4820,meta-llama/Llama-3.1-8B-mini4L,2056,4,3000000000,21308553725,18308553725,12123315965,18301906603,2215707,"[2215622, 2215706, 2215794]"
68,4892,meta-llama/Llama-3.1-8B-mini4L,2056,4,3000000000,21308553725,18308553725,12123315965,18301906603,2215707,"[2215622, 2215706, 2215794]"
68,4964,meta-llama/Llama-3.1-8B-mini4L,2056,4,3000000000,27493791485,24493791485,18308553725,24487144363,2215707,"[2215622, 2215706, 2215794]"
68,5036,meta-llama/Llama-3.1-8B-mini4L,2056,4,3000000000,27493791485,24493791485,18308553725,24487144363,2215707,"[2215622, 2215706, 2215794]"
68,5108,meta-llama/Llama-3.1-8B-mini4L,2056,4,3000000000,27493791485,24493791485,18308553725,24487144363,2215707,"[2215622, 2215706, 2215794]"
68,5180,meta-llama/Llama-3.1-8B-mini4L,2056,4,3000000000,27493791485,24493791485,18308553725,24487144363,2215707,"[2215622, 2215706, 2215794]"
68,5252,meta-llama/Llama-3.1-8B-mini4L,2056,4,3000000000,27493791485,24493791485,18308553725,24487144363,2215707,"[2215622, 2215706, 2215794]"
68,5324,meta-llama/Llama-3.1-8B-mini4L,2056,4,3000000000,27493791485,24493791485,18308553725,24487144363,2215707,"[2215622, 2215706, 2215794]"
68,5396,meta-llama/Llama-3.1-8B-mini4L,2056,4,3000000000,27493791485,24493791485,18308553725,24487144363,2215707,"[2215622, 2215706, 2215794]"
68,5468,meta-llama/Llama-3.1-8B-mini4L,2056,4,3000000000,27493791485,24493791485,18308553725,24487144363,2215707,"[2215622, 2215706, 2215794]"
68,5540,meta-llama/Llama-3.1-8B-mini4L,2056,4,3000000000,33679029245,30679029245,24493791485,30672382123,2215707,"[2215622, 2215706, 2215794]"
68,5612,meta-llama/Llama-3.1-8B-mini4L,2056,4,3000000000,33679029245,30679029245,24493791485,30672382123,2215707,"[2215622, 2215706, 2215794]"
68,5684,meta-llama/Llama-3.1-8B-mini4L,2056,4,3000000000,33679029245,30679029245,24493791485,30672382123,2215707,"[2215622, 2215706, 2215794]"
68,5756,meta-llama/Llama-3.1-8B-mini4L,2056,4,3000000000,33679029245,30679029245,24493791485,30672382123,2215707,"[2215622, 2215706, 2215794]"
68,5828,meta-llama/Llama-3.1-8B-mini4L,2056,4,3000000000,33679029245,30679029245,24493791485,30672382123,2215707,"[2215622, 2215706, 2215794]"
68,5900,meta-llama/Llama-3.1-8B-mini4L,2056,4,3000000000,33679029245,30679029245,24493791485,30672382123,2215707,"[2215622, 2215706, 2215794]"
68,5972,meta-llama/Llama-3.1-8B-mini4L,2056,4,3000000000,33679029245,30679029245,24493791485,30672382123,2215707,"[2215622, 2215706, 2215794]"
68,6044,meta-llama/Llama-3.1-8B-mini4L,2056,4,3000000000,33679029245,30679029245,24493791485,30672382123,2215707,"[2215622, 2215706, 2215794]"
68,6116,meta-llama/Llama-3.1-8B-mini4L,2056,4,3000000000,37304643269,34304643269,30679029245,34298299526,2114581,"[2114537, 2114581, 2114625]"
68,6188,meta-llama/Llama-3.1-8B-mini4L,2056,4,3000000000,37304643269,34304643269,30679029245,34298299526,2114581,"[2114537, 2114581, 2114625]"
68,6260,meta-llama/Llama-3.1-8B-mini4L,2056,4,3000000000,37304643269,34304643269,30679029245,34298299526,2114581,"[2114537, 2114581, 2114625]"
68,6332,meta-llama/Llama-3.1-8B-mini4L,2056,4,3000000000,37304643269,34304643269,30679029245,34298299526,2114581,"[2114537, 2114581, 2114625]"
69,69,meta-llama/Llama-3.1-8B-mini4L,2048,4,0,196478808,196478808,1,47820677,49552710,"[48887602, 49863356, 49907173]"
69,141,meta-llama/Llama-3.1-8B-mini4L,2048,4,0,296332528,296332528,96708279,146571635,49920297,"[49907173, 49906421, 49947299]"
69,213,meta-llama/Llama-3.1-8B-mini4L,2048,4,0,346278775,346278775,146571635,196478808,49933322,"[49906421, 49947299, 49946247]"
69,285,meta-llama/Llama-3.1-8B-mini4L,2048,4,0,396223966,396223966,196478808,246385229,49946245,"[49947299, 49946247, 49945191]"
69,357,meta-llama/Llama-3.1-8B-mini4L,2048,4,0,446168101,446168101,246385229,296332528,49945191,"[49946247, 49945191, 49944135]"
69,429,meta-llama/Llama-3.1-8B-mini4L,2048,4,0,496111180,496111180,296332528,346278775,49944135,"[49945191, 49944135, 49943079]"
69,501,meta-llama/Llama-3.1-8B-mini4L,2048,4,0,546164035,546164035,346278775,396223966,49980023,"[49944135, 49943079, 50052855]"
69,573,meta-llama/Llama-3.1-8B-mini4L,2048,4,0,594694944,594694944,396223966,446168101,49508947,"[49943079, 50052855, 48530909]"
69,645,meta-llama/Llama-3.1-8B-mini4L,2048,4,0,641702069,641702069,446168101,496111180,48530296,"[50052855, 48530909, 47007125]"
69,717,meta-llama/Llama-3.1-8B-mini4L,2048,4,0,687158979,687158979,496111180,546164035,46998314,"[48530909, 47007125, 45456910]"
69,789,meta-llama/Llama-3.1-8B-mini4L,2048,4,0,731093415,731093415,546164035,594694944,45466157,"[47007125, 45456910, 43934436]"
69,861,meta-llama/Llama-3.1-8B-mini4L,2048,4,0,773532852,773532852,594694944,641702069,43943594,"[45456910, 43934436, 42439437]"
69,933,meta-llama/Llama-3.1-8B-mini4L,2048,4,0,814394849,814394849,641702069,687158979,42411956,"[43934436, 42439437, 40861997]"
69,1005,meta-llama/Llama-3.1-8B-mini4L,2048,4,0,854190711,854190711,687158979,731093415,41032432,"[42439437, 40861997, 39795862]"
69,1077,meta-llama/Llama-3.1-8B-mini4L,2048,4,0,893036860,893036860,731093415,773532852,39834669,"[40861997, 39795862, 38846149]"
69,1149,meta-llama/Llama-3.1-8B-mini4L,2048,4,0,933168496,933168496,773532852,814394849,39591215,"[39795862, 38846149, 40131636]"
69,1221,meta-llama/Llama-3.1-8B-mini4L,2048,4,0,973287556,973287556,814394849,854190711,39698948,"[38846149, 40131636, 40119060]"
69,1293,meta-llama/Llama-3.1-8B-mini4L,2048,4,0,1013406616,1013406616,854190711,893036860,40123252,"[40131636, 40119060, 40119060]"
69,1365,meta-llama/Llama-3.1-8B-mini4L,2048,4,0,1052736383,1052736383,893036860,933168496,39855962,"[40119060, 40119060, 39329767]"
69,1437,meta-llama/Llama-3.1-8B-mini4L,2048,4,0,1092301933,1092301933,933168496,973287556,39671459,"[40119060, 39329767, 39565550]"
69,1509,meta-llama/Llama-3.1-8B-mini4L,2048,4,0,1132264210,1132264210,973287556,1013406616,39619198,"[39329767, 39565550, 39962277]"
69,1581,meta-llama/Llama-3.1-8B-mini4L,2048,4,0,1172334307,1172334307,1013406616,1052736383,39865974,"[39565550, 39962277, 40070097]"
69,1653,meta-llama/Llama-3.1-8B-mini4L,2048,4,0,1212134854,1212134854,1052736383,1092301933,39944307,"[39962277, 40070097, 39800547]"
69,1725,meta-llama/Llama-3.1-8B-mini4L,2048,4,0,1251423256,1251423256,1092301933,1132264210,39719682,"[40070097, 39800547, 39288402]"
69,1797,meta-llama/Llama-3.1-8B-mini4L,2048,4,0,1291214109,1291214109,1132264210,1172334307,39626600,"[39800547, 39288402, 39790853]"
69,1869,meta-llama/Llama-3.1-8B-mini4L,2048,4,0,1331209074,1331209074,1172334307,1212134854,39691406,"[39288402, 39790853, 39994965]"
69,1941,meta-llama/Llama-3.1-8B-mini4L,2048,4,0,1371017188,1371017188,1212134854,1251423256,39864644,"[39790853, 39994965, 39808114]"
69,2013,meta-llama/Llama-3.1-8B-mini4L,2048,4,0,1410718530,1410718530,1251423256,1291214109,39834807,"[39994965, 39808114, 39701342]"
69,2085,meta-llama/Llama-3.1-8B-mini4L,2048,4,0,1450366486,1450366486,1291214109,1331209074,39719137,"[39808114, 39701342, 39647956]"
69,2157,meta-llama/Llama-3.1-8B-mini4L,2048,4,0,1490083779,1490083779,1331209074,1371017188,39688863,"[39701342, 39647956, 39717293]"
69,2229,meta-llama/Llama-3.1-8B-mini4L,2048,4,0,1530043929,1530043929,1371017188,1410718530,39775133,"[39647956, 39717293, 39960150]"
69,2301,meta-llama/Llama-3.1-8B-mini4L,2048,4,0,1569812250,1569812250,1410718530,1450366486,39815254,"[39717293, 39960150, 39768321]"
69,2373,meta-llama/Llama-3.1-8B-mini4L,2048,4,0,1609310235,1609310235,1450366486,1490083779,39742152,"[39960150, 39768321, 39497985]"
69,2445,meta-llama/Llama-3.1-8B-mini4L,2048,4,0,1649019668,1649019668,1490083779,1530043929,39658579,"[39768321, 39497985, 39709433]"
69,2517,meta-llama/Llama-3.1-8B-mini4L,2048,4,0,1688861256,1688861256,1530043929,1569812250,39683002,"[39497985, 39709433, 39841588]"
69,2589,meta-llama/Llama-3.1-8B-mini4L,2048,4,0,1728611761,1728611761,1569812250,1609310235,39767175,"[39709433, 39841588, 39750505]"
69,2661,meta-llama/Llama-3.1-8B-mini4L,2048,4,0,1768354930,1768354930,1609310235,1649019668,39778420,"[39841588, 39750505, 39743169]"
69,2733,meta-llama/Llama-3.1-8B-mini4L,2048,4,0,1808019592,1808019592,1649019668,1688861256,39719445,"[39750505, 39743169, 39664662]"
69,2805,meta-llama/Llama-3.1-8B-mini4L,2048,4,0,1847710423,1847710423,1688861256,1728611761,39699554,"[39743169, 39664662, 39690831]"
69,2877,meta-llama/Llama-3.1-8B-mini4L,2048,4,0,1887140764,1887140764,1728611761,1768354930,39595278,"[39664662, 39690831, 39430341]"
69,2949,meta-llama/Llama-3.1-8B-mini4L,2048,4,0,1906246908,1906246908,1768354930,1808019592,32742438,"[39690831, 39430341, 19106144]"
69,3021,meta-llama/Llama-3.1-8B-mini4L,2048,4,0,1908612125,1908612125,1808019592,1847710423,20300567,"[39430341, 19106144, 2365217]"
69,3093,meta-llama/Llama-3.1-8B-mini4L,2048,4,0,1910845213,1910845213,1847710423,1887140764,7901483,"[19106144, 2365217, 2233088]"
69,3165,meta-llama/Llama-3.1-8B-mini4L,2048,4,0,1912934647,1912934647,1887140764,1906246908,2229246,"[2365217, 2233088, 2089434]"
69,3237,meta-llama/Llama-3.1-8B-mini4L,2056,4,3000000000,9023984285,6023984285,322129,6017337163,2215707,"[2215622, 2215706, 2215794]"
69,3309,meta-llama/Llama-3.1-8B-mini4L,2056,4,3000000000,9023984285,6023984285,322129,6017337163,2215707,"[2215622, 2215706, 2215794]"
69,3381,meta-llama/Llama-3.1-8B-mini4L,2056,4,3000000000,9023984285,6023984285,322129,6017337163,2215707,"[2215622, 2215706, 2215794]"
69,3453,meta-llama/Llama-3.1-8B-mini4L,2056,4,3000000000,9023984285,6023984285,322129,6017337163,2215707,"[2215622, 2215706, 2215794]"
69,3525,meta-llama/Llama-3.1-8B-mini4L,2056,4,3000000000,9023984285,6023984285,322129,6017337163,2215707,"[2215622, 2215706, 2215794]"
69,3597,meta-llama/Llama-3.1-8B-mini4L,2056,4,3000000000,9023984285,6023984285,322129,6017337163,2215707,"[2215622, 2215706, 2215794]"
69,3669,meta-llama/Llama-3.1-8B-mini4L,2056,4,3000000000,9023984285,6023984285,322129,6017337163,2215707,"[2215622, 2215706, 2215794]"
69,3741,meta-llama/Llama-3.1-8B-mini4L,2056,4,3000000000,9023984285,6023984285,322129,6017337163,2215707,"[2215622, 2215706, 2215794]"
69,3813,meta-llama/Llama-3.1-8B-mini4L,2056,4,3000000000,15209222045,12209222045,6023984285,12202574923,2215707,"[2215622, 2215706, 2215794]"
69,3885,meta-llama/Llama-3.1-8B-mini4L,2056,4,3000000000,15209222045,12209222045,6023984285,12202574923,2215707,"[2215622, 2215706, 2215794]"
69,3957,meta-llama/Llama-3.1-8B-mini4L,2056,4,3000000000,15209222045,12209222045,6023984285,12202574923,2215707,"[2215622, 2215706, 2215794]"
69,4029,meta-llama/Llama-3.1-8B-mini4L,2056,4,3000000000,15209222045,12209222045,6023984285,12202574923,2215707,"[2215622, 2215706, 2215794]"
69,4101,meta-llama/Llama-3.1-8B-mini4L,2056,4,3000000000,15209222045,12209222045,6023984285,12202574923,2215707,"[2215622, 2215706, 2215794]"
69,4173,meta-llama/Llama-3.1-8B-mini4L,2056,4,3000000000,15209222045,12209222045,6023984285,12202574923,2215707,"[2215622, 2215706, 2215794]"
69,4245,meta-llama/Llama-3.1-8B-mini4L,2056,4,3000000000,15209222045,12209222045,6023984285,12202574923,2215707,"[2215622, 2215706, 2215794]"
69,4317,meta-llama/Llama-3.1-8B-mini4L,2056,4,3000000000,15209222045,12209222045,6023984285,12202574923,2215707,"[2215622, 2215706, 2215794]"
69,4389,meta-llama/Llama-3.1-8B-mini4L,2056,4,3000000000,21394459805,18394459805,12209222045,18387812683,2215707,"[2215622, 2215706, 2215794]"
69,4461,meta-llama/Llama-3.1-8B-mini4L,2056,4,3000000000,21394459805,18394459805,12209222045,18387812683,2215707,"[2215622, 2215706, 2215794]"
69,4533,meta-llama/Llama-3.1-8B-mini4L,2056,4,3000000000,21394459805,18394459805,12209222045,18387812683,2215707,"[2215622, 2215706, 2215794]"
69,4605,meta-llama/Llama-3.1-8B-mini4L,2056,4,3000000000,21394459805,18394459805,12209222045,18387812683,2215707,"[2215622, 2215706, 2215794]"
69,4677,meta-llama/Llama-3.1-8B-mini4L,2056,4,3000000000,21394459805,18394459805,12209222045,18387812683,2215707,"[2215622, 2215706, 2215794]"
69,4749,meta-llama/Llama-3.1-8B-mini4L,2056,4,3000000000,21394459805,18394459805,12209222045,18387812683,2215707,"[2215622, 2215706, 2215794]"
69,4821,meta-llama/Llama-3.1-8B-mini4L,2056,4,3000000000,21394459805,18394459805,12209222045,18387812683,2215707,"[2215622, 2215706, 2215794]"
69,4893,meta-llama/Llama-3.1-8B-mini4L,2056,4,3000000000,21394459805,18394459805,12209222045,18387812683,2215707,"[2215622, 2215706, 2215794]"
69,4965,meta-llama/Llama-3.1-8B-mini4L,2056,4,3000000000,27579697565,24579697565,18394459805,24573050443,2215707,"[2215622, 2215706, 2215794]"
69,5037,meta-llama/Llama-3.1-8B-mini4L,2056,4,3000000000,27579697565,24579697565,18394459805,24573050443,2215707,"[2215622, 2215706, 2215794]"
69,5109,meta-llama/Llama-3.1-8B-mini4L,2056,4,3000000000,27579697565,24579697565,18394459805,24573050443,2215707,"[2215622, 2215706, 2215794]"
69,5181,meta-llama/Llama-3.1-8B-mini4L,2056,4,3000000000,27579697565,24579697565,18394459805,24573050443,2215707,"[2215622, 2215706, 2215794]"
69,5253,meta-llama/Llama-3.1-8B-mini4L,2056,4,3000000000,27579697565,24579697565,18394459805,24573050443,2215707,"[2215622, 2215706, 2215794]"
69,5325,meta-llama/Llama-3.1-8B-mini4L,2056,4,3000000000,27579697565,24579697565,18394459805,24573050443,2215707,"[2215622, 2215706, 2215794]"
69,5397,meta-llama/Llama-3.1-8B-mini4L,2056,4,3000000000,27579697565,24579697565,18394459805,24573050443,2215707,"[2215622, 2215706, 2215794]"
69,5469,meta-llama/Llama-3.1-8B-mini4L,2056,4,3000000000,27579697565,24579697565,18394459805,24573050443,2215707,"[2215622, 2215706, 2215794]"
69,5541,meta-llama/Llama-3.1-8B-mini4L,2056,4,3000000000,33764935325,30764935325,24579697565,30758288203,2215707,"[2215622, 2215706, 2215794]"
69,5613,meta-llama/Llama-3.1-8B-mini4L,2056,4,3000000000,33764935325,30764935325,24579697565,30758288203,2215707,"[2215622, 2215706, 2215794]"
69,5685,meta-llama/Llama-3.1-8B-mini4L,2056,4,3000000000,33764935325,30764935325,24579697565,30758288203,2215707,"[2215622, 2215706, 2215794]"
69,5757,meta-llama/Llama-3.1-8B-mini4L,2056,4,3000000000,33764935325,30764935325,24579697565,30758288203,2215707,"[2215622, 2215706, 2215794]"
69,5829,meta-llama/Llama-3.1-8B-mini4L,2056,4,3000000000,33764935325,30764935325,24579697565,30758288203,2215707,"[2215622, 2215706, 2215794]"
69,5901,meta-llama/Llama-3.1-8B-mini4L,2056,4,3000000000,33764935325,30764935325,24579697565,30758288203,2215707,"[2215622, 2215706, 2215794]"
69,5973,meta-llama/Llama-3.1-8B-mini4L,2056,4,3000000000,33764935325,30764935325,24579697565,30758288203,2215707,"[2215622, 2215706, 2215794]"
69,6045,meta-llama/Llama-3.1-8B-mini4L,2056,4,3000000000,33764935325,30764935325,24579697565,30758288203,2215707,"[2215622, 2215706, 2215794]"
69,6117,meta-llama/Llama-3.1-8B-mini4L,2056,4,3000000000,37348606309,34348606309,30764935325,34342262566,2114581,"[2114537, 2114581, 2114625]"
69,6189,meta-llama/Llama-3.1-8B-mini4L,2056,4,3000000000,37348606309,34348606309,30764935325,34342262566,2114581,"[2114537, 2114581, 2114625]"
69,6261,meta-llama/Llama-3.1-8B-mini4L,2056,4,3000000000,37348606309,34348606309,30764935325,34342262566,2114581,"[2114537, 2114581, 2114625]"
69,6333,meta-llama/Llama-3.1-8B-mini4L,2056,4,3000000000,37348606309,34348606309,30764935325,34342262566,2114581,"[2114537, 2114581, 2114625]"
70,70,meta-llama/Llama-3.1-8B-mini4L,2048,4,0,197004264,197004264,1,48346133,49552710,"[48887602, 49863356, 49907173]"
70,142,meta-llama/Llama-3.1-8B-mini4L,2048,4,0,296857984,296857984,97233735,147097091,49920297,"[49907173, 49906421, 49947299]"
70,214,meta-llama/Llama-3.1-8B-mini4L,2048,4,0,346804231,346804231,147097091,197004264,49933322,"[49906421, 49947299, 49946247]"
70,286,meta-llama/Llama-3.1-8B-mini4L,2048,4,0,396749422,396749422,197004264,246910685,49946245,"[49947299, 49946247, 49945191]"
70,358,meta-llama/Llama-3.1-8B-mini4L,2048,4,0,446693557,446693557,246910685,296857984,49945191,"[49946247, 49945191, 49944135]"
70,430,meta-llama/Llama-3.1-8B-mini4L,2048,4,0,496636636,496636636,296857984,346804231,49944135,"[49945191, 49944135, 49943079]"
70,502,meta-llama/Llama-3.1-8B-mini4L,2048,4,0,546689491,546689491,346804231,396749422,49980023,"[49944135, 49943079, 50052855]"
70,574,meta-llama/Llama-3.1-8B-mini4L,2048,4,0,595220400,595220400,396749422,446693557,49508947,"[49943079, 50052855, 48530909]"
70,646,meta-llama/Llama-3.1-8B-mini4L,2048,4,0,642227525,642227525,446693557,496636636,48530296,"[50052855, 48530909, 47007125]"
70,718,meta-llama/Llama-3.1-8B-mini4L,2048,4,0,687684435,687684435,496636636,546689491,46998314,"[48530909, 47007125, 45456910]"
70,790,meta-llama/Llama-3.1-8B-mini4L,2048,4,0,731618871,731618871,546689491,595220400,45466157,"[47007125, 45456910, 43934436]"
70,862,meta-llama/Llama-3.1-8B-mini4L,2048,4,0,774058308,774058308,595220400,642227525,43943594,"[45456910, 43934436, 42439437]"
70,934,meta-llama/Llama-3.1-8B-mini4L,2048,4,0,814947784,814947784,642227525,687684435,42421116,"[43934436, 42439437, 40889476]"
70,1006,meta-llama/Llama-3.1-8B-mini4L,2048,4,0,854825035,854825035,687684435,731618871,41068721,"[42439437, 40889476, 39877251]"
70,1078,meta-llama/Llama-3.1-8B-mini4L,2048,4,0,893562316,893562316,731618871,774058308,39834669,"[40889476, 39877251, 38737281]"
70,1150,meta-llama/Llama-3.1-8B-mini4L,2048,4,0,933693952,933693952,774058308,814947784,39582056,"[39877251, 38737281, 40131636]"
70,1222,meta-llama/Llama-3.1-8B-mini4L,2048,4,0,973813012,973813012,814947784,854825035,39662659,"[38737281, 40131636, 40119060]"
70,1294,meta-llama/Llama-3.1-8B-mini4L,2048,4,0,1013959289,1013959289,854825035,893562316,40132324,"[40131636, 40119060, 40146277]"
70,1366,meta-llama/Llama-3.1-8B-mini4L,2048,4,0,1053343490,1053343490,893562316,933693952,39883179,"[40119060, 40146277, 39384201]"
70,1438,meta-llama/Llama-3.1-8B-mini4L,2048,4,0,1092827389,1092827389,933693952,973813012,39671459,"[40146277, 39384201, 39483899]"
70,1510,meta-llama/Llama-3.1-8B-mini4L,2048,4,0,1132789666,1132789666,973813012,1013959289,39610125,"[39384201, 39483899, 39962277]"
70,1582,meta-llama/Llama-3.1-8B-mini4L,2048,4,0,1172886718,1172886718,1013959289,1053343490,39847742,"[39483899, 39962277, 40097052]"
70,1654,meta-llama/Llama-3.1-8B-mini4L,2048,4,0,1212687265,1212687265,1053343490,1092827389,39953292,"[39962277, 40097052, 39800547]"
70,1726,meta-llama/Llama-3.1-8B-mini4L,2048,4,0,1251975667,1251975667,1092827389,1132789666,39728667,"[40097052, 39800547, 39288402]"
70,1798,meta-llama/Llama-3.1-8B-mini4L,2048,4,0,1291739565,1291739565,1132789666,1172886718,39617615,"[39800547, 39288402, 39763898]"
70,1870,meta-llama/Llama-3.1-8B-mini4L,2048,4,0,1331761223,1331761223,1172886718,1212687265,39691319,"[39288402, 39763898, 40021658]"
70,1942,meta-llama/Llama-3.1-8B-mini4L,2048,4,0,1371569337,1371569337,1212687265,1251975667,39864556,"[39763898, 40021658, 39808114]"
70,2014,meta-llama/Llama-3.1-8B-mini4L,2048,4,0,1411243986,1411243986,1251975667,1291739565,39834807,"[40021658, 39808114, 39674649]"
70,2086,meta-llama/Llama-3.1-8B-mini4L,2048,4,0,1450918635,1450918635,1291739565,1331761223,39719137,"[39808114, 39674649, 39674649]"
70,2158,meta-llama/Llama-3.1-8B-mini4L,2048,4,0,1490635666,1490635666,1331761223,1371569337,39688776,"[39674649, 39674649, 39717031]"
70,2230,meta-llama/Llama-3.1-8B-mini4L,2048,4,0,1530569385,1530569385,1371569337,1411243986,39775133,"[39674649, 39717031, 39933719]"
70,2302,meta-llama/Llama-3.1-8B-mini4L,2048,4,0,1570337706,1570337706,1411243986,1450918635,39806357,"[39717031, 39933719, 39768321]"
70,2374,meta-llama/Llama-3.1-8B-mini4L,2048,4,0,1609914984,1609914984,1450918635,1490635666,39759772,"[39933719, 39768321, 39577278]"
70,2446,meta-llama/Llama-3.1-8B-mini4L,2048,4,0,1649571555,1649571555,1490635666,1530569385,39667390,"[39768321, 39577278, 39656571]"
70,2518,meta-llama/Llama-3.1-8B-mini4L,2048,4,0,1689413143,1689413143,1530569385,1570337706,39691812,"[39577278, 39656571, 39841588]"
70,2590,meta-llama/Llama-3.1-8B-mini4L,2048,4,0,1729163386,1729163386,1570337706,1609914984,39749467,"[39656571, 39841588, 39750243]"
70,2662,meta-llama/Llama-3.1-8B-mini4L,2048,4,0,1768906555,1768906555,1609914984,1649571555,39778333,"[39841588, 39750243, 39743169]"
70,2734,meta-llama/Llama-3.1-8B-mini4L,2048,4,0,1808597386,1808597386,1649571555,1689413143,39728081,"[39750243, 39743169, 39690831]"
70,2806,meta-llama/Llama-3.1-8B-mini4L,2048,4,0,1848262048,1848262048,1689413143,1729163386,39699554,"[39743169, 39690831, 39664662]"
70,2878,meta-llama/Llama-3.1-8B-mini4L,2048,4,0,1887666340,1887666340,1729163386,1768906555,39586595,"[39690831, 39664662, 39404292]"
70,2950,meta-llama/Llama-3.1-8B-mini4L,2048,4,0,1906279348,1906279348,1768906555,1808597386,32560654,"[39664662, 39404292, 18613008]"
70,3022,meta-llama/Llama-3.1-8B-mini4L,2048,4,0,1908613014,1908613014,1808597386,1848262048,20116988,"[39404292, 18613008, 2333666]"
70,3094,meta-llama/Llama-3.1-8B-mini4L,2048,4,0,1910845846,1910845846,1848262048,1887666340,7726502,"[18613008, 2333666, 2232832]"
70,3166,meta-llama/Llama-3.1-8B-mini4L,2048,4,0,1912935023,1912935023,1887666340,1906279348,2218558,"[2333666, 2232832, 2089177]"
70,3238,meta-llama/Llama-3.1-8B-mini4L,2056,4,3000000000,9109890365,6109890365,322129,6103243243,2215707,"[2215622, 2215706, 2215794]"
70,3310,meta-llama/Llama-3.1-8B-mini4L,2056,4,3000000000,9109890365,6109890365,322129,6103243243,2215707,"[2215622, 2215706, 2215794]"
70,3382,meta-llama/Llama-3.1-8B-mini4L,2056,4,3000000000,9109890365,6109890365,322129,6103243243,2215707,"[2215622, 2215706, 2215794]"
70,3454,meta-llama/Llama-3.1-8B-mini4L,2056,4,3000000000,9109890365,6109890365,322129,6103243243,2215707,"[2215622, 2215706, 2215794]"
70,3526,meta-llama/Llama-3.1-8B-mini4L,2056,4,3000000000,9109890365,6109890365,322129,6103243243,2215707,"[2215622, 2215706, 2215794]"
70,3598,meta-llama/Llama-3.1-8B-mini4L,2056,4,3000000000,9109890365,6109890365,322129,6103243243,2215707,"[2215622, 2215706, 2215794]"
70,3670,meta-llama/Llama-3.1-8B-mini4L,2056,4,3000000000,9109890365,6109890365,322129,6103243243,2215707,"[2215622, 2215706, 2215794]"
70,3742,meta-llama/Llama-3.1-8B-mini4L,2056,4,3000000000,9109890365,6109890365,322129,6103243243,2215707,"[2215622, 2215706, 2215794]"
70,3814,meta-llama/Llama-3.1-8B-mini4L,2056,4,3000000000,15295128125,12295128125,6109890365,12288481003,2215707,"[2215622, 2215706, 2215794]"
70,3886,meta-llama/Llama-3.1-8B-mini4L,2056,4,3000000000,15295128125,12295128125,6109890365,12288481003,2215707,"[2215622, 2215706, 2215794]"
70,3958,meta-llama/Llama-3.1-8B-mini4L,2056,4,3000000000,15295128125,12295128125,6109890365,12288481003,2215707,"[2215622, 2215706, 2215794]"
70,4030,meta-llama/Llama-3.1-8B-mini4L,2056,4,3000000000,15295128125,12295128125,6109890365,12288481003,2215707,"[2215622, 2215706, 2215794]"
70,4102,meta-llama/Llama-3.1-8B-mini4L,2056,4,3000000000,15295128125,12295128125,6109890365,12288481003,2215707,"[2215622, 2215706, 2215794]"
70,4174,meta-llama/Llama-3.1-8B-mini4L,2056,4,3000000000,15295128125,12295128125,6109890365,12288481003,2215707,"[2215622, 2215706, 2215794]"
70,4246,meta-llama/Llama-3.1-8B-mini4L,2056,4,3000000000,15295128125,12295128125,6109890365,12288481003,2215707,"[2215622, 2215706, 2215794]"
70,4318,meta-llama/Llama-3.1-8B-mini4L,2056,4,3000000000,15295128125,12295128125,6109890365,12288481003,2215707,"[2215622, 2215706, 2215794]"
70,4390,meta-llama/Llama-3.1-8B-mini4L,2056,4,3000000000,21480365885,18480365885,12295128125,18473718763,2215707,"[2215622, 2215706, 2215794]"
70,4462,meta-llama/Llama-3.1-8B-mini4L,2056,4,3000000000,21480365885,18480365885,12295128125,18473718763,2215707,"[2215622, 2215706, 2215794]"
70,4534,meta-llama/Llama-3.1-8B-mini4L,2056,4,3000000000,21480365885,18480365885,12295128125,18473718763,2215707,"[2215622, 2215706, 2215794]"
70,4606,meta-llama/Llama-3.1-8B-mini4L,2056,4,3000000000,21480365885,18480365885,12295128125,18473718763,2215707,"[2215622, 2215706, 2215794]"
70,4678,meta-llama/Llama-3.1-8B-mini4L,2056,4,3000000000,21480365885,18480365885,12295128125,18473718763,2215707,"[2215622, 2215706, 2215794]"
70,4750,meta-llama/Llama-3.1-8B-mini4L,2056,4,3000000000,21480365885,18480365885,12295128125,18473718763,2215707,"[2215622, 2215706, 2215794]"
70,4822,meta-llama/Llama-3.1-8B-mini4L,2056,4,3000000000,21480365885,18480365885,12295128125,18473718763,2215707,"[2215622, 2215706, 2215794]"
70,4894,meta-llama/Llama-3.1-8B-mini4L,2056,4,3000000000,21480365885,18480365885,12295128125,18473718763,2215707,"[2215622, 2215706, 2215794]"
70,4966,meta-llama/Llama-3.1-8B-mini4L,2056,4,3000000000,27665603645,24665603645,18480365885,24658956523,2215707,"[2215622, 2215706, 2215794]"
70,5038,meta-llama/Llama-3.1-8B-mini4L,2056,4,3000000000,27665603645,24665603645,18480365885,24658956523,2215707,"[2215622, 2215706, 2215794]"
70,5110,meta-llama/Llama-3.1-8B-mini4L,2056,4,3000000000,27665603645,24665603645,18480365885,24658956523,2215707,"[2215622, 2215706, 2215794]"
70,5182,meta-llama/Llama-3.1-8B-mini4L,2056,4,3000000000,27665603645,24665603645,18480365885,24658956523,2215707,"[2215622, 2215706, 2215794]"
70,5254,meta-llama/Llama-3.1-8B-mini4L,2056,4,3000000000,27665603645,24665603645,18480365885,24658956523,2215707,"[2215622, 2215706, 2215794]"
70,5326,meta-llama/Llama-3.1-8B-mini4L,2056,4,3000000000,27665603645,24665603645,18480365885,24658956523,2215707,"[2215622, 2215706, 2215794]"
70,5398,meta-llama/Llama-3.1-8B-mini4L,2056,4,3000000000,27665603645,24665603645,18480365885,24658956523,2215707,"[2215622, 2215706, 2215794]"
70,5470,meta-llama/Llama-3.1-8B-mini4L,2056,4,3000000000,27665603645,24665603645,18480365885,24658956523,2215707,"[2215622, 2215706, 2215794]"
70,5542,meta-llama/Llama-3.1-8B-mini4L,2056,4,3000000000,33850841405,30850841405,24665603645,30844194283,2215707,"[2215622, 2215706, 2215794]"
70,5614,meta-llama/Llama-3.1-8B-mini4L,2056,4,3000000000,33850841405,30850841405,24665603645,30844194283,2215707,"[2215622, 2215706, 2215794]"
70,5686,meta-llama/Llama-3.1-8B-mini4L,2056,4,3000000000,33850841405,30850841405,24665603645,30844194283,2215707,"[2215622, 2215706, 2215794]"
70,5758,meta-llama/Llama-3.1-8B-mini4L,2056,4,3000000000,33850841405,30850841405,24665603645,30844194283,2215707,"[2215622, 2215706, 2215794]"
70,5830,meta-llama/Llama-3.1-8B-mini4L,2056,4,3000000000,33850841405,30850841405,24665603645,30844194283,2215707,"[2215622, 2215706, 2215794]"
70,5902,meta-llama/Llama-3.1-8B-mini4L,2056,4,3000000000,33850841405,30850841405,24665603645,30844194283,2215707,"[2215622, 2215706, 2215794]"
70,5974,meta-llama/Llama-3.1-8B-mini4L,2056,4,3000000000,33850841405,30850841405,24665603645,30844194283,2215707,"[2215622, 2215706, 2215794]"
70,6046,meta-llama/Llama-3.1-8B-mini4L,2056,4,3000000000,33850841405,30850841405,24665603645,30844194283,2215707,"[2215622, 2215706, 2215794]"
70,6118,meta-llama/Llama-3.1-8B-mini4L,2056,4,3000000000,37392569349,34392569349,30850841405,34386225606,2114581,"[2114537, 2114581, 2114625]"
70,6190,meta-llama/Llama-3.1-8B-mini4L,2056,4,3000000000,37392569349,34392569349,30850841405,34386225606,2114581,"[2114537, 2114581, 2114625]"
70,6262,meta-llama/Llama-3.1-8B-mini4L,2056,4,3000000000,37392569349,34392569349,30850841405,34386225606,2114581,"[2114537, 2114581, 2114625]"
70,6334,meta-llama/Llama-3.1-8B-mini4L,2056,4,3000000000,37392569349,34392569349,30850841405,34386225606,2114581,"[2114537, 2114581, 2114625]"
71,71,meta-llama/Llama-3.1-8B-mini4L,2048,4,0,197529720,197529720,1,48871589,49552710,"[48887602, 49863356, 49907173]"
71,143,meta-llama/Llama-3.1-8B-mini4L,2048,4,0,297383440,297383440,97759191,147622547,49920297,"[49907173, 49906421, 49947299]"
71,215,meta-llama/Llama-3.1-8B-mini4L,2048,4,0,347329687,347329687,147622547,197529720,49933322,"[49906421, 49947299, 49946247]"
71,287,meta-llama/Llama-3.1-8B-mini4L,2048,4,0,397274878,397274878,197529720,247436141,49946245,"[49947299, 49946247, 49945191]"
71,359,meta-llama/Llama-3.1-8B-mini4L,2048,4,0,447219013,447219013,247436141,297383440,49945191,"[49946247, 49945191, 49944135]"
71,431,meta-llama/Llama-3.1-8B-mini4L,2048,4,0,497162092,497162092,297383440,347329687,49944135,"[49945191, 49944135, 49943079]"
71,503,meta-llama/Llama-3.1-8B-mini4L,2048,4,0,547214947,547214947,347329687,397274878,49980023,"[49944135, 49943079, 50052855]"
71,575,meta-llama/Llama-3.1-8B-mini4L,2048,4,0,595745856,595745856,397274878,447219013,49508947,"[49943079, 50052855, 48530909]"
71,647,meta-llama/Llama-3.1-8B-mini4L,2048,4,0,642752981,642752981,447219013,497162092,48530296,"[50052855, 48530909, 47007125]"
71,719,meta-llama/Llama-3.1-8B-mini4L,2048,4,0,688209891,688209891,497162092,547214947,46998314,"[48530909, 47007125, 45456910]"
71,791,meta-llama/Llama-3.1-8B-mini4L,2048,4,0,732171806,732171806,547214947,595745856,45475316,"[47007125, 45456910, 43961915]"
71,863,meta-llama/Llama-3.1-8B-mini4L,2048,4,0,774583764,774583764,595745856,642752981,43943594,"[45456910, 43961915, 42411958]"
71,935,meta-llama/Llama-3.1-8B-mini4L,2048,4,0,815473240,815473240,642752981,688209891,42421116,"[43961915, 42411958, 40889476]"
71,1007,meta-llama/Llama-3.1-8B-mini4L,2048,4,0,855432142,855432142,688209891,732171806,41086778,"[42411958, 40889476, 39958902]"
71,1079,meta-llama/Llama-3.1-8B-mini4L,2048,4,0,894115251,894115251,732171806,774583764,39843829,"[40889476, 39958902, 38683109]"
71,1151,meta-llama/Llama-3.1-8B-mini4L,2048,4,0,934219408,934219408,774583764,815473240,39582056,"[39958902, 38683109, 40104157]"
71,1223,meta-llama/Llama-3.1-8B-mini4L,2048,4,0,974365685,974365685,815473240,855432142,39644514,"[38683109, 40104157, 40146277]"
71,1295,meta-llama/Llama-3.1-8B-mini4L,2048,4,0,1014511962,1014511962,855432142,894115251,40132237,"[40104157, 40146277, 40146277]"
71,1367,meta-llama/Llama-3.1-8B-mini4L,2048,4,0,1053896163,1053896163,894115251,934219408,39892251,"[40146277, 40146277, 39384201]"
71,1439,meta-llama/Llama-3.1-8B-mini4L,2048,4,0,1093379800,1093379800,934219408,974365685,39671371,"[40146277, 39384201, 39483637]"
71,1511,meta-llama/Llama-3.1-8B-mini4L,2048,4,0,1133315122,1133315122,974365685,1014511962,39601053,"[39384201, 39483637, 39935322]"
71,1583,meta-llama/Llama-3.1-8B-mini4L,2048,4,0,1173412174,1173412174,1014511962,1053896163,39838670,"[39483637, 39935322, 40097052]"
71,1655,meta-llama/Llama-3.1-8B-mini4L,2048,4,0,1213212721,1213212721,1053896163,1093379800,39944307,"[39935322, 40097052, 39800547]"
71,1727,meta-llama/Llama-3.1-8B-mini4L,2048,4,0,1252528078,1252528078,1093379800,1133315122,39737652,"[40097052, 39800547, 39315357]"
71,1799,meta-llama/Llama-3.1-8B-mini4L,2048,4,0,1292291714,1292291714,1133315122,1173412174,39626513,"[39800547, 39315357, 39763636]"
71,1871,meta-llama/Llama-3.1-8B-mini4L,2048,4,0,1332286679,1332286679,1173412174,1213212721,39691319,"[39315357, 39763636, 39994965]"
71,1943,meta-llama/Llama-3.1-8B-mini4L,2048,4,0,1372121486,1372121486,1213212721,1252528078,39864469,"[39763636, 39994965, 39834807]"
71,2015,meta-llama/Llama-3.1-8B-mini4L,2048,4,0,1411849521,1411849521,1252528078,1292291714,39852602,"[39994965, 39834807, 39728035]"
71,2087,meta-llama/Llama-3.1-8B-mini4L,2048,4,0,1451470784,1451470784,1292291714,1332286679,39728035,"[39834807, 39728035, 39621263]"
71,2159,meta-llama/Llama-3.1-8B-mini4L,2048,4,0,1491187553,1491187553,1332286679,1372121486,39688689,"[39728035, 39621263, 39716769]"
71,2231,meta-llama/Llama-3.1-8B-mini4L,2048,4,0,1531094841,1531094841,1372121486,1411849521,39748440,"[39621263, 39716769, 39907288]"
71,2303,meta-llama/Llama-3.1-8B-mini4L,2048,4,0,1570863162,1570863162,1411849521,1451470784,39797459,"[39716769, 39907288, 39768321]"
71,2375,meta-llama/Llama-3.1-8B-mini4L,2048,4,0,1610466871,1610466871,1451470784,1491187553,39759772,"[39907288, 39768321, 39603709]"
71,2447,meta-llama/Llama-3.1-8B-mini4L,2048,4,0,1650176304,1650176304,1491187553,1531094841,39693821,"[39768321, 39603709, 39709433]"
71,2519,meta-llama/Llama-3.1-8B-mini4L,2048,4,0,1689965030,1689965030,1531094841,1570863162,39700622,"[39603709, 39709433, 39788726]"
71,2591,meta-llama/Llama-3.1-8B-mini4L,2048,4,0,1729715011,1729715011,1570863162,1610466871,39749380,"[39709433, 39788726, 39749981]"
71,2663,meta-llama/Llama-3.1-8B-mini4L,2048,4,0,1769458180,1769458180,1610466871,1650176304,39760625,"[39788726, 39749981, 39743169]"
71,2735,meta-llama/Llama-3.1-8B-mini4L,2048,4,0,1809149011,1809149011,1650176304,1689965030,39727993,"[39749981, 39743169, 39690831]"
71,2807,meta-llama/Llama-3.1-8B-mini4L,2048,4,0,1848839842,1848839842,1689965030,1729715011,39708277,"[39743169, 39690831, 39690831]"
71,2879,meta-llama/Llama-3.1-8B-mini4L,2048,4,0,1888192036,1888192036,1729715011,1769458180,39577952,"[39690831, 39690831, 39352194]"
71,2951,meta-llama/Llama-3.1-8B-mini4L,2048,4,0,1906312028,1906312028,1769458180,1809149011,32387672,"[39690831, 39352194, 18119992]"
71,3023,meta-llama/Llama-3.1-8B-mini4L,2048,4,0,1908681163,1908681163,1809149011,1848839842,19947107,"[39352194, 18119992, 2369135]"
71,3095,meta-llama/Llama-3.1-8B-mini4L,2048,4,0,1910875705,1910875705,1848839842,1888192036,7561223,"[18119992, 2369135, 2194542]"
71,3167,meta-llama/Llama-3.1-8B-mini4L,2048,4,0,1912964525,1912964525,1888192036,1906312028,2217499,"[2369135, 2194542, 2088820]"
71,3239,meta-llama/Llama-3.1-8B-mini4L,2056,4,3000000000,9195796445,6195796445,322129,6189149323,2215707,"[2215622, 2215706, 2215794]"
71,3311,meta-llama/Llama-3.1-8B-mini4L,2056,4,3000000000,9195796445,6195796445,322129,6189149323,2215707,"[2215622, 2215706, 2215794]"
71,3383,meta-llama/Llama-3.1-8B-mini4L,2056,4,3000000000,9195796445,6195796445,322129,6189149323,2215707,"[2215622, 2215706, 2215794]"
71,3455,meta-llama/Llama-3.1-8B-mini4L,2056,4,3000000000,9195796445,6195796445,322129,6189149323,2215707,"[2215622, 2215706, 2215794]"
71,3527,meta-llama/Llama-3.1-8B-mini4L,2056,4,3000000000,9195796445,6195796445,322129,6189149323,2215707,"[2215622, 2215706, 2215794]"
71,3599,meta-llama/Llama-3.1-8B-mini4L,2056,4,3000000000,9195796445,6195796445,322129,6189149323,2215707,"[2215622, 2215706, 2215794]"
71,3671,meta-llama/Llama-3.1-8B-mini4L,2056,4,3000000000,9195796445,6195796445,322129,6189149323,2215707,"[2215622, 2215706, 2215794]"
71,3743,meta-llama/Llama-3.1-8B-mini4L,2056,4,3000000000,9195796445,6195796445,322129,6189149323,2215707,"[2215622, 2215706, 2215794]"
71,3815,meta-llama/Llama-3.1-8B-mini4L,2056,4,3000000000,15381034205,12381034205,6195796445,12374387083,2215707,"[2215622, 2215706, 2215794]"
71,3887,meta-llama/Llama-3.1-8B-mini4L,2056,4,3000000000,15381034205,12381034205,6195796445,12374387083,2215707,"[2215622, 2215706, 2215794]"
71,3959,meta-llama/Llama-3.1-8B-mini4L,2056,4,3000000000,15381034205,12381034205,6195796445,12374387083,2215707,"[2215622, 2215706, 2215794]"
71,4031,meta-llama/Llama-3.1-8B-mini4L,2056,4,3000000000,15381034205,12381034205,6195796445,12374387083,2215707,"[2215622, 2215706, 2215794]"
71,4103,meta-llama/Llama-3.1-8B-mini4L,2056,4,3000000000,15381034205,12381034205,6195796445,12374387083,2215707,"[2215622, 2215706, 2215794]"
71,4175,meta-llama/Llama-3.1-8B-mini4L,2056,4,3000000000,15381034205,12381034205,6195796445,12374387083,2215707,"[2215622, 2215706, 2215794]"
71,4247,meta-llama/Llama-3.1-8B-mini4L,2056,4,3000000000,15381034205,12381034205,6195796445,12374387083,2215707,"[2215622, 2215706, 2215794]"
71,4319,meta-llama/Llama-3.1-8B-mini4L,2056,4,3000000000,15381034205,12381034205,6195796445,12374387083,2215707,"[2215622, 2215706, 2215794]"
71,4391,meta-llama/Llama-3.1-8B-mini4L,2056,4,3000000000,21566271965,18566271965,12381034205,18559624843,2215707,"[2215622, 2215706, 2215794]"
71,4463,meta-llama/Llama-3.1-8B-mini4L,2056,4,3000000000,21566271965,18566271965,12381034205,18559624843,2215707,"[2215622, 2215706, 2215794]"
71,4535,meta-llama/Llama-3.1-8B-mini4L,2056,4,3000000000,21566271965,18566271965,12381034205,18559624843,2215707,"[2215622, 2215706, 2215794]"
71,4607,meta-llama/Llama-3.1-8B-mini4L,2056,4,3000000000,21566271965,18566271965,12381034205,18559624843,2215707,"[2215622, 2215706, 2215794]"
71,4679,meta-llama/Llama-3.1-8B-mini4L,2056,4,3000000000,21566271965,18566271965,12381034205,18559624843,2215707,"[2215622, 2215706, 2215794]"
71,4751,meta-llama/Llama-3.1-8B-mini4L,2056,4,3000000000,21566271965,18566271965,12381034205,18559624843,2215707,"[2215622, 2215706, 2215794]"
71,4823,meta-llama/Llama-3.1-8B-mini4L,2056,4,3000000000,21566271965,18566271965,12381034205,18559624843,2215707,"[2215622, 2215706, 2215794]"
71,4895,meta-llama/Llama-3.1-8B-mini4L,2056,4,3000000000,21566271965,18566271965,12381034205,18559624843,2215707,"[2215622, 2215706, 2215794]"
71,4967,meta-llama/Llama-3.1-8B-mini4L,2056,4,3000000000,27751509725,24751509725,18566271965,24744862603,2215707,"[2215622, 2215706, 2215794]"
71,5039,meta-llama/Llama-3.1-8B-mini4L,2056,4,3000000000,27751509725,24751509725,18566271965,24744862603,2215707,"[2215622, 2215706, 2215794]"
71,5111,meta-llama/Llama-3.1-8B-mini4L,2056,4,3000000000,27751509725,24751509725,18566271965,24744862603,2215707,"[2215622, 2215706, 2215794]"
71,5183,meta-llama/Llama-3.1-8B-mini4L,2056,4,3000000000,27751509725,24751509725,18566271965,24744862603,2215707,"[2215622, 2215706, 2215794]"
71,5255,meta-llama/Llama-3.1-8B-mini4L,2056,4,3000000000,27751509725,24751509725,18566271965,24744862603,2215707,"[2215622, 2215706, 2215794]"
71,5327,meta-llama/Llama-3.1-8B-mini4L,2056,4,3000000000,27751509725,24751509725,18566271965,24744862603,2215707,"[2215622, 2215706, 2215794]"
71,5399,meta-llama/Llama-3.1-8B-mini4L,2056,4,3000000000,27751509725,24751509725,18566271965,24744862603,2215707,"[2215622, 2215706, 2215794]"
71,5471,meta-llama/Llama-3.1-8B-mini4L,2056,4,3000000000,27751509725,24751509725,18566271965,24744862603,2215707,"[2215622, 2215706, 2215794]"
71,5543,meta-llama/Llama-3.1-8B-mini4L,2056,4,3000000000,33936747485,30936747485,24751509725,30930100363,2215707,"[2215622, 2215706, 2215794]"
71,5615,meta-llama/Llama-3.1-8B-mini4L,2056,4,3000000000,33936747485,30936747485,24751509725,30930100363,2215707,"[2215622, 2215706, 2215794]"
71,5687,meta-llama/Llama-3.1-8B-mini4L,2056,4,3000000000,33936747485,30936747485,24751509725,30930100363,2215707,"[2215622, 2215706, 2215794]"
71,5759,meta-llama/Llama-3.1-8B-mini4L,2056,4,3000000000,33936747485,30936747485,24751509725,30930100363,2215707,"[2215622, 2215706, 2215794]"
71,5831,meta-llama/Llama-3.1-8B-mini4L,2056,4,3000000000,33936747485,30936747485,24751509725,30930100363,2215707,"[2215622, 2215706, 2215794]"
71,5903,meta-llama/Llama-3.1-8B-mini4L,2056,4,3000000000,33936747485,30936747485,24751509725,30930100363,2215707,"[2215622, 2215706, 2215794]"
71,5975,meta-llama/Llama-3.1-8B-mini4L,2056,4,3000000000,33936747485,30936747485,24751509725,30930100363,2215707,"[2215622, 2215706, 2215794]"
71,6047,meta-llama/Llama-3.1-8B-mini4L,2056,4,3000000000,33936747485,30936747485,24751509725,30930100363,2215707,"[2215622, 2215706, 2215794]"
71,6119,meta-llama/Llama-3.1-8B-mini4L,2056,4,3000000000,37436532389,34436532389,30936747485,34430188646,2114581,"[2114537, 2114581, 2114625]"
71,6191,meta-llama/Llama-3.1-8B-mini4L,2056,4,3000000000,37436532389,34436532389,30936747485,34430188646,2114581,"[2114537, 2114581, 2114625]"
71,6263,meta-llama/Llama-3.1-8B-mini4L,2056,4,3000000000,37436532389,34436532389,30936747485,34430188646,2114581,"[2114537, 2114581, 2114625]"
71,6335,meta-llama/Llama-3.1-8B-mini4L,2056,4,3000000000,37436532389,34436532389,30936747485,34430188646,2114581,"[2114537, 2114581, 2114625]"
