instance id,request id,model,input,output,arrival,end_time,latency,queuing_delay,TTFT,TPOT,ITL
0,0,meta-llama/Llama-3.1-8B,512,4,0,340791563,340791563,1,83446470,85781697,"[159065888, 86702351, 11576854]"
0,144,meta-llama/Llama-3.1-8B,512,4,0,340791563,340791563,1,83446470,85781697,"[159065888, 86702351, 11576854]"
0,288,meta-llama/Llama-3.1-8B,512,4,0,340791563,340791563,1,83446470,85781697,"[159065888, 86702351, 11576854]"
0,432,meta-llama/Llama-3.1-8B,512,4,0,340791563,340791563,1,83446470,85781697,"[159065888, 86702351, 11576854]"
0,576,meta-llama/Llama-3.1-8B,512,4,0,424718011,424718011,83446470,242512358,60735217,"[86702351, 11576854, 83926448]"
0,720,meta-llama/Llama-3.1-8B,512,4,0,424718011,424718011,83446470,242512358,60735217,"[86702351, 11576854, 83926448]"
0,864,meta-llama/Llama-3.1-8B,512,4,0,424718011,424718011,83446470,242512358,60735217,"[86702351, 11576854, 83926448]"
0,1008,meta-llama/Llama-3.1-8B,512,4,0,500271781,500271781,242512358,329214709,57019024,"[11576854, 83926448, 75553770]"
0,1152,meta-llama/Llama-3.1-8B,512,4,0,537234265,537234265,340791563,424718011,37505418,"[75553770, 25456214, 11506270]"
0,1296,meta-llama/Llama-3.1-8B,512,4,0,537234265,537234265,340791563,424718011,37505418,"[75553770, 25456214, 11506270]"
0,1440,meta-llama/Llama-3.1-8B,512,4,0,537234265,537234265,340791563,424718011,37505418,"[75553770, 25456214, 11506270]"
0,1584,meta-llama/Llama-3.1-8B,512,4,0,625020013,625020013,424718011,500271781,41582744,"[25456214, 11506270, 87785748]"
0,1728,meta-llama/Llama-3.1-8B,512,4,0,625020013,625020013,424718011,500271781,41582744,"[25456214, 11506270, 87785748]"
0,1872,meta-llama/Llama-3.1-8B,512,4,0,625020013,625020013,424718011,500271781,41582744,"[25456214, 11506270, 87785748]"
0,2016,meta-llama/Llama-3.1-8B,512,4,0,625020013,625020013,424718011,500271781,41582744,"[25456214, 11506270, 87785748]"
0,2160,meta-llama/Llama-3.1-8B,512,4,0,649781618,649781618,500271781,525727995,41351207,"[11506270, 87785748, 24761605]"
0,2304,meta-llama/Llama-3.1-8B,512,4,0,680310338,680310338,537234265,625020013,18430108,"[24761605, 19088856, 11439864]"
0,2448,meta-llama/Llama-3.1-8B,512,4,0,680310338,680310338,537234265,625020013,18430108,"[24761605, 19088856, 11439864]"
0,2592,meta-llama/Llama-3.1-8B,512,4,0,680310338,680310338,537234265,625020013,18430108,"[24761605, 19088856, 11439864]"
0,2736,meta-llama/Llama-3.1-8B,512,4,0,702343351,702343351,625020013,649781618,17520577,"[19088856, 11439864, 22033013]"
0,2880,meta-llama/Llama-3.1-8B,520,4,3000000000,3056580020,56580020,252018,22035098,11514974,"[11513918, 11514974, 11516030]"
0,3024,meta-llama/Llama-3.1-8B,520,4,3000000000,3056580020,56580020,252018,22035098,11514974,"[11513918, 11514974, 11516030]"
0,3168,meta-llama/Llama-3.1-8B,520,4,3000000000,3056580020,56580020,252018,22035098,11514974,"[11513918, 11514974, 11516030]"
0,3312,meta-llama/Llama-3.1-8B,520,4,3000000000,3056580020,56580020,252018,22035098,11514974,"[11513918, 11514974, 11516030]"
0,3456,meta-llama/Llama-3.1-8B,520,4,3000000000,3056580020,56580020,252018,22035098,11514974,"[11513918, 11514974, 11516030]"
0,3600,meta-llama/Llama-3.1-8B,520,4,3000000000,3056580020,56580020,252018,22035098,11514974,"[11513918, 11514974, 11516030]"
0,3744,meta-llama/Llama-3.1-8B,520,4,3000000000,3056580020,56580020,252018,22035098,11514974,"[11513918, 11514974, 11516030]"
0,3888,meta-llama/Llama-3.1-8B,520,4,3000000000,3056580020,56580020,252018,22035098,11514974,"[11513918, 11514974, 11516030]"
0,4032,meta-llama/Llama-3.1-8B,520,4,3000000000,4059058772,1059058772,56580020,1024513850,11514974,"[11513918, 11514974, 11516030]"
0,4176,meta-llama/Llama-3.1-8B,520,4,3000000000,4059058772,1059058772,56580020,1024513850,11514974,"[11513918, 11514974, 11516030]"
0,4320,meta-llama/Llama-3.1-8B,520,4,3000000000,4059058772,1059058772,56580020,1024513850,11514974,"[11513918, 11514974, 11516030]"
0,4464,meta-llama/Llama-3.1-8B,520,4,3000000000,4059058772,1059058772,56580020,1024513850,11514974,"[11513918, 11514974, 11516030]"
0,4608,meta-llama/Llama-3.1-8B,520,4,3000000000,4059058772,1059058772,56580020,1024513850,11514974,"[11513918, 11514974, 11516030]"
0,4752,meta-llama/Llama-3.1-8B,520,4,3000000000,4059058772,1059058772,56580020,1024513850,11514974,"[11513918, 11514974, 11516030]"
0,4896,meta-llama/Llama-3.1-8B,520,4,3000000000,4059058772,1059058772,56580020,1024513850,11514974,"[11513918, 11514974, 11516030]"
0,5040,meta-llama/Llama-3.1-8B,520,4,3000000000,4059058772,1059058772,56580020,1024513850,11514974,"[11513918, 11514974, 11516030]"
0,5184,meta-llama/Llama-3.1-8B,520,4,3000000000,5058948776,2058948776,1059058772,2025106037,11280913,"[11280401, 11280913, 11281425]"
0,5328,meta-llama/Llama-3.1-8B,520,4,3000000000,5058948776,2058948776,1059058772,2025106037,11280913,"[11280401, 11280913, 11281425]"
0,5472,meta-llama/Llama-3.1-8B,520,4,3000000000,5058948776,2058948776,1059058772,2025106037,11280913,"[11280401, 11280913, 11281425]"
0,5616,meta-llama/Llama-3.1-8B,520,4,3000000000,5058948776,2058948776,1059058772,2025106037,11280913,"[11280401, 11280913, 11281425]"
1,1,meta-llama/Llama-3.1-8B,512,4,0,340865208,340865208,1,83971926,85631094,"[159065888, 86179836, 11647558]"
1,145,meta-llama/Llama-3.1-8B,512,4,0,340865208,340865208,1,83971926,85631094,"[159065888, 86179836, 11647558]"
1,289,meta-llama/Llama-3.1-8B,512,4,0,340865208,340865208,1,83971926,85631094,"[159065888, 86179836, 11647558]"
1,433,meta-llama/Llama-3.1-8B,512,4,0,340865208,340865208,1,83971926,85631094,"[159065888, 86179836, 11647558]"
1,577,meta-llama/Llama-3.1-8B,512,4,0,425243467,425243467,83971926,243037814,60735217,"[86179836, 11647558, 84378259]"
1,721,meta-llama/Llama-3.1-8B,512,4,0,425243467,425243467,83971926,243037814,60735217,"[86179836, 11647558, 84378259]"
1,865,meta-llama/Llama-3.1-8B,512,4,0,425243467,425243467,83971926,243037814,60735217,"[86179836, 11647558, 84378259]"
1,1009,meta-llama/Llama-3.1-8B,512,4,0,568356799,568356799,243037814,329217650,79713049,"[11647558, 84378259, 143113332]"
1,1153,meta-llama/Llama-3.1-8B,512,4,0,668867648,668867648,340865208,425243467,81208060,"[143113332, 79335122, 21175727]"
1,1297,meta-llama/Llama-3.1-8B,512,4,0,668867648,668867648,340865208,425243467,81208060,"[143113332, 79335122, 21175727]"
1,1441,meta-llama/Llama-3.1-8B,512,4,0,668867648,668867648,340865208,425243467,81208060,"[143113332, 79335122, 21175727]"
1,1585,meta-llama/Llama-3.1-8B,512,4,0,736132639,736132639,425243467,568356799,55925280,"[79335122, 21175727, 67264991]"
1,1729,meta-llama/Llama-3.1-8B,512,4,0,736132639,736132639,425243467,568356799,55925280,"[79335122, 21175727, 67264991]"
1,1873,meta-llama/Llama-3.1-8B,512,4,0,736132639,736132639,425243467,568356799,55925280,"[79335122, 21175727, 67264991]"
1,2017,meta-llama/Llama-3.1-8B,512,4,0,736132639,736132639,425243467,568356799,55925280,"[79335122, 21175727, 67264991]"
1,2161,meta-llama/Llama-3.1-8B,512,4,0,781929644,781929644,568356799,647691921,44745907,"[21175727, 67264991, 45797005]"
1,2305,meta-llama/Llama-3.1-8B,512,4,0,828996047,828996047,668867648,736132639,30954469,"[45797005, 35675805, 11390598]"
1,2449,meta-llama/Llama-3.1-8B,512,4,0,828996047,828996047,668867648,736132639,30954469,"[45797005, 35675805, 11390598]"
1,2593,meta-llama/Llama-3.1-8B,512,4,0,828996047,828996047,668867648,736132639,30954469,"[45797005, 35675805, 11390598]"
1,2737,meta-llama/Llama-3.1-8B,512,4,0,840811160,840811160,736132639,781929644,19627172,"[35675805, 11390598, 11815113]"
1,2881,meta-llama/Llama-3.1-8B,520,4,3000000000,3063541678,63541678,252018,28996756,11514974,"[11513918, 11514974, 11516030]"
1,3025,meta-llama/Llama-3.1-8B,520,4,3000000000,3063541678,63541678,252018,28996756,11514974,"[11513918, 11514974, 11516030]"
1,3169,meta-llama/Llama-3.1-8B,520,4,3000000000,3063541678,63541678,252018,28996756,11514974,"[11513918, 11514974, 11516030]"
1,3313,meta-llama/Llama-3.1-8B,520,4,3000000000,3063541678,63541678,252018,28996756,11514974,"[11513918, 11514974, 11516030]"
1,3457,meta-llama/Llama-3.1-8B,520,4,3000000000,3063541678,63541678,252018,28996756,11514974,"[11513918, 11514974, 11516030]"
1,3601,meta-llama/Llama-3.1-8B,520,4,3000000000,3063541678,63541678,252018,28996756,11514974,"[11513918, 11514974, 11516030]"
1,3745,meta-llama/Llama-3.1-8B,520,4,3000000000,3063541678,63541678,252018,28996756,11514974,"[11513918, 11514974, 11516030]"
1,3889,meta-llama/Llama-3.1-8B,520,4,3000000000,3063541678,63541678,252018,28996756,11514974,"[11513918, 11514974, 11516030]"
1,4033,meta-llama/Llama-3.1-8B,520,4,3000000000,4066020430,1066020430,63541678,1031475508,11514974,"[11513918, 11514974, 11516030]"
1,4177,meta-llama/Llama-3.1-8B,520,4,3000000000,4066020430,1066020430,63541678,1031475508,11514974,"[11513918, 11514974, 11516030]"
1,4321,meta-llama/Llama-3.1-8B,520,4,3000000000,4066020430,1066020430,63541678,1031475508,11514974,"[11513918, 11514974, 11516030]"
1,4465,meta-llama/Llama-3.1-8B,520,4,3000000000,4066020430,1066020430,63541678,1031475508,11514974,"[11513918, 11514974, 11516030]"
1,4609,meta-llama/Llama-3.1-8B,520,4,3000000000,4066020430,1066020430,63541678,1031475508,11514974,"[11513918, 11514974, 11516030]"
1,4753,meta-llama/Llama-3.1-8B,520,4,3000000000,4066020430,1066020430,63541678,1031475508,11514974,"[11513918, 11514974, 11516030]"
1,4897,meta-llama/Llama-3.1-8B,520,4,3000000000,4066020430,1066020430,63541678,1031475508,11514974,"[11513918, 11514974, 11516030]"
1,5041,meta-llama/Llama-3.1-8B,520,4,3000000000,4066020430,1066020430,63541678,1031475508,11514974,"[11513918, 11514974, 11516030]"
1,5185,meta-llama/Llama-3.1-8B,520,4,3000000000,5065910434,2065910434,1066020430,2032067695,11280913,"[11280401, 11280913, 11281425]"
1,5329,meta-llama/Llama-3.1-8B,520,4,3000000000,5065910434,2065910434,1066020430,2032067695,11280913,"[11280401, 11280913, 11281425]"
1,5473,meta-llama/Llama-3.1-8B,520,4,3000000000,5065910434,2065910434,1066020430,2032067695,11280913,"[11280401, 11280913, 11281425]"
1,5617,meta-llama/Llama-3.1-8B,520,4,3000000000,5065910434,2065910434,1066020430,2032067695,11280913,"[11280401, 11280913, 11281425]"
2,2,meta-llama/Llama-3.1-8B,512,4,0,340935912,340935912,1,84497382,85479510,"[159065888, 85657321, 11715321]"
2,146,meta-llama/Llama-3.1-8B,512,4,0,340935912,340935912,1,84497382,85479510,"[159065888, 85657321, 11715321]"
2,290,meta-llama/Llama-3.1-8B,512,4,0,340935912,340935912,1,84497382,85479510,"[159065888, 85657321, 11715321]"
2,434,meta-llama/Llama-3.1-8B,512,4,0,340935912,340935912,1,84497382,85479510,"[159065888, 85657321, 11715321]"
2,578,meta-llama/Llama-3.1-8B,512,4,0,425768923,425768923,84497382,243563270,60735217,"[85657321, 11715321, 84833011]"
2,722,meta-llama/Llama-3.1-8B,512,4,0,425768923,425768923,84497382,243563270,60735217,"[85657321, 11715321, 84833011]"
2,866,meta-llama/Llama-3.1-8B,512,4,0,425768923,425768923,84497382,243563270,60735217,"[85657321, 11715321, 84833011]"
2,1010,meta-llama/Llama-3.1-8B,512,4,0,568752973,568752973,243563270,329220591,79844127,"[11715321, 84833011, 142984050]"
2,1154,meta-llama/Llama-3.1-8B,512,4,0,673434518,673434518,340935912,425768923,82555198,"[142984050, 81316114, 23365431]"
2,1298,meta-llama/Llama-3.1-8B,512,4,0,673434518,673434518,340935912,425768923,82555198,"[142984050, 81316114, 23365431]"
2,1442,meta-llama/Llama-3.1-8B,512,4,0,673434518,673434518,340935912,425768923,82555198,"[142984050, 81316114, 23365431]"
2,1586,meta-llama/Llama-3.1-8B,512,4,0,740693947,740693947,425768923,568752973,57313658,"[81316114, 23365431, 67259429]"
2,1730,meta-llama/Llama-3.1-8B,512,4,0,740693947,740693947,425768923,568752973,57313658,"[81316114, 23365431, 67259429]"
2,1874,meta-llama/Llama-3.1-8B,512,4,0,740693947,740693947,425768923,568752973,57313658,"[81316114, 23365431, 67259429]"
2,2018,meta-llama/Llama-3.1-8B,512,4,0,740693947,740693947,425768923,568752973,57313658,"[81316114, 23365431, 67259429]"
2,2162,meta-llama/Llama-3.1-8B,512,4,0,796265745,796265745,568752973,650069087,48732219,"[23365431, 67259429, 55571798]"
2,2306,meta-llama/Llama-3.1-8B,512,4,0,834435071,834435071,673434518,740693947,31247041,"[55571798, 24200486, 13968840]"
2,2450,meta-llama/Llama-3.1-8B,512,4,0,834435071,834435071,673434518,740693947,31247041,"[55571798, 24200486, 13968840]"
2,2594,meta-llama/Llama-3.1-8B,512,4,0,834435071,834435071,673434518,740693947,31247041,"[55571798, 24200486, 13968840]"
2,2738,meta-llama/Llama-3.1-8B,512,4,0,850141730,850141730,740693947,796265745,17958661,"[24200486, 13968840, 15706659]"
2,2882,meta-llama/Llama-3.1-8B,520,4,3000000000,3070503336,70503336,252018,35958414,11514974,"[11513918, 11514974, 11516030]"
2,3026,meta-llama/Llama-3.1-8B,520,4,3000000000,3070503336,70503336,252018,35958414,11514974,"[11513918, 11514974, 11516030]"
2,3170,meta-llama/Llama-3.1-8B,520,4,3000000000,3070503336,70503336,252018,35958414,11514974,"[11513918, 11514974, 11516030]"
2,3314,meta-llama/Llama-3.1-8B,520,4,3000000000,3070503336,70503336,252018,35958414,11514974,"[11513918, 11514974, 11516030]"
2,3458,meta-llama/Llama-3.1-8B,520,4,3000000000,3070503336,70503336,252018,35958414,11514974,"[11513918, 11514974, 11516030]"
2,3602,meta-llama/Llama-3.1-8B,520,4,3000000000,3070503336,70503336,252018,35958414,11514974,"[11513918, 11514974, 11516030]"
2,3746,meta-llama/Llama-3.1-8B,520,4,3000000000,3070503336,70503336,252018,35958414,11514974,"[11513918, 11514974, 11516030]"
2,3890,meta-llama/Llama-3.1-8B,520,4,3000000000,3070503336,70503336,252018,35958414,11514974,"[11513918, 11514974, 11516030]"
2,4034,meta-llama/Llama-3.1-8B,520,4,3000000000,4072982088,1072982088,70503336,1038437166,11514974,"[11513918, 11514974, 11516030]"
2,4178,meta-llama/Llama-3.1-8B,520,4,3000000000,4072982088,1072982088,70503336,1038437166,11514974,"[11513918, 11514974, 11516030]"
2,4322,meta-llama/Llama-3.1-8B,520,4,3000000000,4072982088,1072982088,70503336,1038437166,11514974,"[11513918, 11514974, 11516030]"
2,4466,meta-llama/Llama-3.1-8B,520,4,3000000000,4072982088,1072982088,70503336,1038437166,11514974,"[11513918, 11514974, 11516030]"
2,4610,meta-llama/Llama-3.1-8B,520,4,3000000000,4072982088,1072982088,70503336,1038437166,11514974,"[11513918, 11514974, 11516030]"
2,4754,meta-llama/Llama-3.1-8B,520,4,3000000000,4072982088,1072982088,70503336,1038437166,11514974,"[11513918, 11514974, 11516030]"
2,4898,meta-llama/Llama-3.1-8B,520,4,3000000000,4072982088,1072982088,70503336,1038437166,11514974,"[11513918, 11514974, 11516030]"
2,5042,meta-llama/Llama-3.1-8B,520,4,3000000000,4072982088,1072982088,70503336,1038437166,11514974,"[11513918, 11514974, 11516030]"
2,5186,meta-llama/Llama-3.1-8B,520,4,3000000000,5072872092,2072872092,1072982088,2039029353,11280913,"[11280401, 11280913, 11281425]"
2,5330,meta-llama/Llama-3.1-8B,520,4,3000000000,5072872092,2072872092,1072982088,2039029353,11280913,"[11280401, 11280913, 11281425]"
2,5474,meta-llama/Llama-3.1-8B,520,4,3000000000,5072872092,2072872092,1072982088,2039029353,11280913,"[11280401, 11280913, 11281425]"
2,5618,meta-llama/Llama-3.1-8B,520,4,3000000000,5072872092,2072872092,1072982088,2039029353,11280913,"[11280401, 11280913, 11281425]"
3,3,meta-llama/Llama-3.1-8B,512,4,0,341009557,341009557,1,85022838,85328906,"[159065888, 85134806, 11786025]"
3,147,meta-llama/Llama-3.1-8B,512,4,0,341009557,341009557,1,85022838,85328906,"[159065888, 85134806, 11786025]"
3,291,meta-llama/Llama-3.1-8B,512,4,0,341009557,341009557,1,85022838,85328906,"[159065888, 85134806, 11786025]"
3,435,meta-llama/Llama-3.1-8B,512,4,0,341009557,341009557,1,85022838,85328906,"[159065888, 85134806, 11786025]"
3,579,meta-llama/Llama-3.1-8B,512,4,0,426294379,426294379,85022838,244088726,60735217,"[85134806, 11786025, 85284822]"
3,723,meta-llama/Llama-3.1-8B,512,4,0,426294379,426294379,85022838,244088726,60735217,"[85134806, 11786025, 85284822]"
3,867,meta-llama/Llama-3.1-8B,512,4,0,426294379,426294379,85022838,244088726,60735217,"[85134806, 11786025, 85284822]"
3,1011,meta-llama/Llama-3.1-8B,512,4,0,569149147,569149147,244088726,329223532,79975205,"[11786025, 85284822, 142854768]"
3,1155,meta-llama/Llama-3.1-8B,512,4,0,673436690,673436690,341009557,426294379,82380770,"[142854768, 81053189, 23234354]"
3,1299,meta-llama/Llama-3.1-8B,512,4,0,673436690,673436690,341009557,426294379,82380770,"[142854768, 81053189, 23234354]"
3,1443,meta-llama/Llama-3.1-8B,512,4,0,673436690,673436690,341009557,426294379,82380770,"[142854768, 81053189, 23234354]"
3,1587,meta-llama/Llama-3.1-8B,512,4,0,741089351,741089351,426294379,569149147,57313401,"[81053189, 23234354, 67652661]"
3,1731,meta-llama/Llama-3.1-8B,512,4,0,741089351,741089351,426294379,569149147,57313401,"[81053189, 23234354, 67652661]"
3,1875,meta-llama/Llama-3.1-8B,512,4,0,741089351,741089351,426294379,569149147,57313401,"[81053189, 23234354, 67652661]"
3,2019,meta-llama/Llama-3.1-8B,512,4,0,741089351,741089351,426294379,569149147,57313401,"[81053189, 23234354, 67652661]"
3,2163,meta-llama/Llama-3.1-8B,512,4,0,796398225,796398225,569149147,650202336,48731963,"[23234354, 67652661, 55308874]"
3,2307,meta-llama/Llama-3.1-8B,512,4,0,834436217,834436217,673436690,741089351,31115622,"[55308874, 24069152, 13968840]"
3,2451,meta-llama/Llama-3.1-8B,512,4,0,834436217,834436217,673436690,741089351,31115622,"[55308874, 24069152, 13968840]"
3,2595,meta-llama/Llama-3.1-8B,512,4,0,834436217,834436217,673436690,741089351,31115622,"[55308874, 24069152, 13968840]"
3,2739,meta-llama/Llama-3.1-8B,512,4,0,850142106,850142106,741089351,796398225,17914627,"[24069152, 13968840, 15705889]"
3,2883,meta-llama/Llama-3.1-8B,520,4,3000000000,3077464994,77464994,252018,42920072,11514974,"[11513918, 11514974, 11516030]"
3,3027,meta-llama/Llama-3.1-8B,520,4,3000000000,3077464994,77464994,252018,42920072,11514974,"[11513918, 11514974, 11516030]"
3,3171,meta-llama/Llama-3.1-8B,520,4,3000000000,3077464994,77464994,252018,42920072,11514974,"[11513918, 11514974, 11516030]"
3,3315,meta-llama/Llama-3.1-8B,520,4,3000000000,3077464994,77464994,252018,42920072,11514974,"[11513918, 11514974, 11516030]"
3,3459,meta-llama/Llama-3.1-8B,520,4,3000000000,3077464994,77464994,252018,42920072,11514974,"[11513918, 11514974, 11516030]"
3,3603,meta-llama/Llama-3.1-8B,520,4,3000000000,3077464994,77464994,252018,42920072,11514974,"[11513918, 11514974, 11516030]"
3,3747,meta-llama/Llama-3.1-8B,520,4,3000000000,3077464994,77464994,252018,42920072,11514974,"[11513918, 11514974, 11516030]"
3,3891,meta-llama/Llama-3.1-8B,520,4,3000000000,3077464994,77464994,252018,42920072,11514974,"[11513918, 11514974, 11516030]"
3,4035,meta-llama/Llama-3.1-8B,520,4,3000000000,4079943746,1079943746,77464994,1045398824,11514974,"[11513918, 11514974, 11516030]"
3,4179,meta-llama/Llama-3.1-8B,520,4,3000000000,4079943746,1079943746,77464994,1045398824,11514974,"[11513918, 11514974, 11516030]"
3,4323,meta-llama/Llama-3.1-8B,520,4,3000000000,4079943746,1079943746,77464994,1045398824,11514974,"[11513918, 11514974, 11516030]"
3,4467,meta-llama/Llama-3.1-8B,520,4,3000000000,4079943746,1079943746,77464994,1045398824,11514974,"[11513918, 11514974, 11516030]"
3,4611,meta-llama/Llama-3.1-8B,520,4,3000000000,4079943746,1079943746,77464994,1045398824,11514974,"[11513918, 11514974, 11516030]"
3,4755,meta-llama/Llama-3.1-8B,520,4,3000000000,4079943746,1079943746,77464994,1045398824,11514974,"[11513918, 11514974, 11516030]"
3,4899,meta-llama/Llama-3.1-8B,520,4,3000000000,4079943746,1079943746,77464994,1045398824,11514974,"[11513918, 11514974, 11516030]"
3,5043,meta-llama/Llama-3.1-8B,520,4,3000000000,4079943746,1079943746,77464994,1045398824,11514974,"[11513918, 11514974, 11516030]"
3,5187,meta-llama/Llama-3.1-8B,520,4,3000000000,5079833750,2079833750,1079943746,2045991011,11280913,"[11280401, 11280913, 11281425]"
3,5331,meta-llama/Llama-3.1-8B,520,4,3000000000,5079833750,2079833750,1079943746,2045991011,11280913,"[11280401, 11280913, 11281425]"
3,5475,meta-llama/Llama-3.1-8B,520,4,3000000000,5079833750,2079833750,1079943746,2045991011,11280913,"[11280401, 11280913, 11281425]"
3,5619,meta-llama/Llama-3.1-8B,520,4,3000000000,5079833750,2079833750,1079943746,2045991011,11280913,"[11280401, 11280913, 11281425]"
4,4,meta-llama/Llama-3.1-8B,512,4,0,341080261,341080261,1,85548294,85177322,"[159065888, 84612291, 11853788]"
4,148,meta-llama/Llama-3.1-8B,512,4,0,341080261,341080261,1,85548294,85177322,"[159065888, 84612291, 11853788]"
4,292,meta-llama/Llama-3.1-8B,512,4,0,341080261,341080261,1,85548294,85177322,"[159065888, 84612291, 11853788]"
4,436,meta-llama/Llama-3.1-8B,512,4,0,341080261,341080261,1,85548294,85177322,"[159065888, 84612291, 11853788]"
4,580,meta-llama/Llama-3.1-8B,512,4,0,426819835,426819835,85548294,244614182,60735217,"[84612291, 11853788, 85739574]"
4,724,meta-llama/Llama-3.1-8B,512,4,0,426819835,426819835,85548294,244614182,60735217,"[84612291, 11853788, 85739574]"
4,868,meta-llama/Llama-3.1-8B,512,4,0,426819835,426819835,85548294,244614182,60735217,"[84612291, 11853788, 85739574]"
4,1012,meta-llama/Llama-3.1-8B,512,4,0,569545321,569545321,244614182,329226473,80106282,"[11853788, 85739574, 142725486]"
4,1156,meta-llama/Llama-3.1-8B,512,4,0,673438862,673438862,341080261,426819835,82206342,"[142725486, 80790264, 23103277]"
4,1300,meta-llama/Llama-3.1-8B,512,4,0,673438862,673438862,341080261,426819835,82206342,"[142725486, 80790264, 23103277]"
4,1444,meta-llama/Llama-3.1-8B,512,4,0,673438862,673438862,341080261,426819835,82206342,"[142725486, 80790264, 23103277]"
4,1588,meta-llama/Llama-3.1-8B,512,4,0,741484755,741484755,426819835,569545321,57313144,"[80790264, 23103277, 68045893]"
4,1732,meta-llama/Llama-3.1-8B,512,4,0,741484755,741484755,426819835,569545321,57313144,"[80790264, 23103277, 68045893]"
4,1876,meta-llama/Llama-3.1-8B,512,4,0,741484755,741484755,426819835,569545321,57313144,"[80790264, 23103277, 68045893]"
4,2020,meta-llama/Llama-3.1-8B,512,4,0,741484755,741484755,426819835,569545321,57313144,"[80790264, 23103277, 68045893]"
4,2164,meta-llama/Llama-3.1-8B,512,4,0,796530705,796530705,569545321,650335585,48731706,"[23103277, 68045893, 55045950]"
4,2308,meta-llama/Llama-3.1-8B,512,4,0,834437363,834437363,673438862,741484755,30984202,"[55045950, 23937818, 13968840]"
4,2452,meta-llama/Llama-3.1-8B,512,4,0,834437363,834437363,673438862,741484755,30984202,"[55045950, 23937818, 13968840]"
4,2596,meta-llama/Llama-3.1-8B,512,4,0,834437363,834437363,673438862,741484755,30984202,"[55045950, 23937818, 13968840]"
4,2740,meta-llama/Llama-3.1-8B,512,4,0,850142482,850142482,741484755,796530705,17870592,"[23937818, 13968840, 15705119]"
4,2884,meta-llama/Llama-3.1-8B,520,4,3000000000,3084426652,84426652,252018,49881730,11514974,"[11513918, 11514974, 11516030]"
4,3028,meta-llama/Llama-3.1-8B,520,4,3000000000,3084426652,84426652,252018,49881730,11514974,"[11513918, 11514974, 11516030]"
4,3172,meta-llama/Llama-3.1-8B,520,4,3000000000,3084426652,84426652,252018,49881730,11514974,"[11513918, 11514974, 11516030]"
4,3316,meta-llama/Llama-3.1-8B,520,4,3000000000,3084426652,84426652,252018,49881730,11514974,"[11513918, 11514974, 11516030]"
4,3460,meta-llama/Llama-3.1-8B,520,4,3000000000,3084426652,84426652,252018,49881730,11514974,"[11513918, 11514974, 11516030]"
4,3604,meta-llama/Llama-3.1-8B,520,4,3000000000,3084426652,84426652,252018,49881730,11514974,"[11513918, 11514974, 11516030]"
4,3748,meta-llama/Llama-3.1-8B,520,4,3000000000,3084426652,84426652,252018,49881730,11514974,"[11513918, 11514974, 11516030]"
4,3892,meta-llama/Llama-3.1-8B,520,4,3000000000,3084426652,84426652,252018,49881730,11514974,"[11513918, 11514974, 11516030]"
4,4036,meta-llama/Llama-3.1-8B,520,4,3000000000,4086905404,1086905404,84426652,1052360482,11514974,"[11513918, 11514974, 11516030]"
4,4180,meta-llama/Llama-3.1-8B,520,4,3000000000,4086905404,1086905404,84426652,1052360482,11514974,"[11513918, 11514974, 11516030]"
4,4324,meta-llama/Llama-3.1-8B,520,4,3000000000,4086905404,1086905404,84426652,1052360482,11514974,"[11513918, 11514974, 11516030]"
4,4468,meta-llama/Llama-3.1-8B,520,4,3000000000,4086905404,1086905404,84426652,1052360482,11514974,"[11513918, 11514974, 11516030]"
4,4612,meta-llama/Llama-3.1-8B,520,4,3000000000,4086905404,1086905404,84426652,1052360482,11514974,"[11513918, 11514974, 11516030]"
4,4756,meta-llama/Llama-3.1-8B,520,4,3000000000,4086905404,1086905404,84426652,1052360482,11514974,"[11513918, 11514974, 11516030]"
4,4900,meta-llama/Llama-3.1-8B,520,4,3000000000,4086905404,1086905404,84426652,1052360482,11514974,"[11513918, 11514974, 11516030]"
4,5044,meta-llama/Llama-3.1-8B,520,4,3000000000,4086905404,1086905404,84426652,1052360482,11514974,"[11513918, 11514974, 11516030]"
4,5188,meta-llama/Llama-3.1-8B,520,4,3000000000,5086795408,2086795408,1086905404,2052952669,11280913,"[11280401, 11280913, 11281425]"
4,5332,meta-llama/Llama-3.1-8B,520,4,3000000000,5086795408,2086795408,1086905404,2052952669,11280913,"[11280401, 11280913, 11281425]"
4,5476,meta-llama/Llama-3.1-8B,520,4,3000000000,5086795408,2086795408,1086905404,2052952669,11280913,"[11280401, 11280913, 11281425]"
4,5620,meta-llama/Llama-3.1-8B,520,4,3000000000,5086795408,2086795408,1086905404,2052952669,11280913,"[11280401, 11280913, 11281425]"
5,5,meta-llama/Llama-3.1-8B,512,4,0,341142142,341142142,1,86073750,85022797,"[159065888, 84089776, 11912728]"
5,149,meta-llama/Llama-3.1-8B,512,4,0,341142142,341142142,1,86073750,85022797,"[159065888, 84089776, 11912728]"
5,293,meta-llama/Llama-3.1-8B,512,4,0,341142142,341142142,1,86073750,85022797,"[159065888, 84089776, 11912728]"
5,437,meta-llama/Llama-3.1-8B,512,4,0,341142142,341142142,1,86073750,85022797,"[159065888, 84089776, 11912728]"
5,581,meta-llama/Llama-3.1-8B,512,4,0,427345291,427345291,86073750,245139638,60735217,"[84089776, 11912728, 86203149]"
5,725,meta-llama/Llama-3.1-8B,512,4,0,427345291,427345291,86073750,245139638,60735217,"[84089776, 11912728, 86203149]"
5,869,meta-llama/Llama-3.1-8B,512,4,0,427345291,427345291,86073750,245139638,60735217,"[84089776, 11912728, 86203149]"
5,1013,meta-llama/Llama-3.1-8B,512,4,0,569941495,569941495,245139638,329229414,80237360,"[11912728, 86203149, 142596204]"
5,1157,meta-llama/Llama-3.1-8B,512,4,0,680363826,680363826,341142142,427345291,84339511,"[142596204, 80527339, 29894992]"
5,1301,meta-llama/Llama-3.1-8B,512,4,0,680363826,680363826,341142142,427345291,84339511,"[142596204, 80527339, 29894992]"
5,1445,meta-llama/Llama-3.1-8B,512,4,0,680363826,680363826,341142142,427345291,84339511,"[142596204, 80527339, 29894992]"
5,1589,meta-llama/Llama-3.1-8B,512,4,0,747658007,747658007,427345291,569941495,59238837,"[80527339, 29894992, 67294181]"
5,1733,meta-llama/Llama-3.1-8B,512,4,0,747658007,747658007,427345291,569941495,59238837,"[80527339, 29894992, 67294181]"
5,1877,meta-llama/Llama-3.1-8B,512,4,0,747658007,747658007,427345291,569941495,59238837,"[80527339, 29894992, 67294181]"
5,2021,meta-llama/Llama-3.1-8B,512,4,0,747658007,747658007,427345291,569941495,59238837,"[80527339, 29894992, 67294181]"
5,2165,meta-llama/Llama-3.1-8B,512,4,0,804652490,804652490,569941495,650468834,51394552,"[29894992, 67294181, 56994483]"
5,2309,meta-llama/Llama-3.1-8B,512,4,0,836958335,836958335,680363826,747658007,29766776,"[56994483, 17381997, 14923848]"
5,2453,meta-llama/Llama-3.1-8B,512,4,0,836958335,836958335,680363826,747658007,29766776,"[56994483, 17381997, 14923848]"
5,2597,meta-llama/Llama-3.1-8B,512,4,0,836958335,836958335,680363826,747658007,29766776,"[56994483, 17381997, 14923848]"
5,2741,meta-llama/Llama-3.1-8B,512,4,0,851625106,851625106,747658007,804652490,15657538,"[17381997, 14923848, 14666771]"
5,2885,meta-llama/Llama-3.1-8B,520,4,3000000000,3091388310,91388310,252018,56843388,11514974,"[11513918, 11514974, 11516030]"
5,3029,meta-llama/Llama-3.1-8B,520,4,3000000000,3091388310,91388310,252018,56843388,11514974,"[11513918, 11514974, 11516030]"
5,3173,meta-llama/Llama-3.1-8B,520,4,3000000000,3091388310,91388310,252018,56843388,11514974,"[11513918, 11514974, 11516030]"
5,3317,meta-llama/Llama-3.1-8B,520,4,3000000000,3091388310,91388310,252018,56843388,11514974,"[11513918, 11514974, 11516030]"
5,3461,meta-llama/Llama-3.1-8B,520,4,3000000000,3091388310,91388310,252018,56843388,11514974,"[11513918, 11514974, 11516030]"
5,3605,meta-llama/Llama-3.1-8B,520,4,3000000000,3091388310,91388310,252018,56843388,11514974,"[11513918, 11514974, 11516030]"
5,3749,meta-llama/Llama-3.1-8B,520,4,3000000000,3091388310,91388310,252018,56843388,11514974,"[11513918, 11514974, 11516030]"
5,3893,meta-llama/Llama-3.1-8B,520,4,3000000000,3091388310,91388310,252018,56843388,11514974,"[11513918, 11514974, 11516030]"
5,4037,meta-llama/Llama-3.1-8B,520,4,3000000000,4093867062,1093867062,91388310,1059322140,11514974,"[11513918, 11514974, 11516030]"
5,4181,meta-llama/Llama-3.1-8B,520,4,3000000000,4093867062,1093867062,91388310,1059322140,11514974,"[11513918, 11514974, 11516030]"
5,4325,meta-llama/Llama-3.1-8B,520,4,3000000000,4093867062,1093867062,91388310,1059322140,11514974,"[11513918, 11514974, 11516030]"
5,4469,meta-llama/Llama-3.1-8B,520,4,3000000000,4093867062,1093867062,91388310,1059322140,11514974,"[11513918, 11514974, 11516030]"
5,4613,meta-llama/Llama-3.1-8B,520,4,3000000000,4093867062,1093867062,91388310,1059322140,11514974,"[11513918, 11514974, 11516030]"
5,4757,meta-llama/Llama-3.1-8B,520,4,3000000000,4093867062,1093867062,91388310,1059322140,11514974,"[11513918, 11514974, 11516030]"
5,4901,meta-llama/Llama-3.1-8B,520,4,3000000000,4093867062,1093867062,91388310,1059322140,11514974,"[11513918, 11514974, 11516030]"
5,5045,meta-llama/Llama-3.1-8B,520,4,3000000000,4093867062,1093867062,91388310,1059322140,11514974,"[11513918, 11514974, 11516030]"
5,5189,meta-llama/Llama-3.1-8B,520,4,3000000000,5093757066,2093757066,1093867062,2059914327,11280913,"[11280401, 11280913, 11281425]"
5,5333,meta-llama/Llama-3.1-8B,520,4,3000000000,5093757066,2093757066,1093867062,2059914327,11280913,"[11280401, 11280913, 11281425]"
5,5477,meta-llama/Llama-3.1-8B,520,4,3000000000,5093757066,2093757066,1093867062,2059914327,11280913,"[11280401, 11280913, 11281425]"
5,5621,meta-llama/Llama-3.1-8B,520,4,3000000000,5093757066,2093757066,1093867062,2059914327,11280913,"[11280401, 11280913, 11281425]"
6,6,meta-llama/Llama-3.1-8B,512,4,0,341144314,341144314,1,86599206,84848369,"[159065888, 83567261, 11911959]"
6,150,meta-llama/Llama-3.1-8B,512,4,0,341144314,341144314,1,86599206,84848369,"[159065888, 83567261, 11911959]"
6,294,meta-llama/Llama-3.1-8B,512,4,0,341144314,341144314,1,86599206,84848369,"[159065888, 83567261, 11911959]"
6,438,meta-llama/Llama-3.1-8B,512,4,0,341144314,341144314,1,86599206,84848369,"[159065888, 83567261, 11911959]"
6,582,meta-llama/Llama-3.1-8B,512,4,0,427870747,427870747,86599206,245665094,60735217,"[83567261, 11911959, 86726433]"
6,726,meta-llama/Llama-3.1-8B,512,4,0,427870747,427870747,86599206,245665094,60735217,"[83567261, 11911959, 86726433]"
6,870,meta-llama/Llama-3.1-8B,512,4,0,427870747,427870747,86599206,245665094,60735217,"[83567261, 11911959, 86726433]"
6,1014,meta-llama/Llama-3.1-8B,512,4,0,570337669,570337669,245665094,329232355,80368438,"[11911959, 86726433, 142466922]"
6,1158,meta-llama/Llama-3.1-8B,512,4,0,680365998,680365998,341144314,427870747,84165083,"[142466922, 80264414, 29763915]"
6,1302,meta-llama/Llama-3.1-8B,512,4,0,680365998,680365998,341144314,427870747,84165083,"[142466922, 80264414, 29763915]"
6,1446,meta-llama/Llama-3.1-8B,512,4,0,680365998,680365998,341144314,427870747,84165083,"[142466922, 80264414, 29763915]"
6,1590,meta-llama/Llama-3.1-8B,512,4,0,748053411,748053411,427870747,570337669,59238580,"[80264414, 29763915, 67687413]"
6,1734,meta-llama/Llama-3.1-8B,512,4,0,748053411,748053411,427870747,570337669,59238580,"[80264414, 29763915, 67687413]"
6,1878,meta-llama/Llama-3.1-8B,512,4,0,748053411,748053411,427870747,570337669,59238580,"[80264414, 29763915, 67687413]"
6,2022,meta-llama/Llama-3.1-8B,512,4,0,748053411,748053411,427870747,570337669,59238580,"[80264414, 29763915, 67687413]"
6,2166,meta-llama/Llama-3.1-8B,512,4,0,804841044,804841044,570337669,650602083,51412987,"[29763915, 67687413, 56787633]"
6,2310,meta-llama/Llama-3.1-8B,512,4,0,836959481,836959481,680365998,748053411,29635356,"[56787633, 17194589, 14923848]"
6,2454,meta-llama/Llama-3.1-8B,512,4,0,836959481,836959481,680365998,748053411,29635356,"[56787633, 17194589, 14923848]"
6,2598,meta-llama/Llama-3.1-8B,512,4,0,836959481,836959481,680365998,748053411,29635356,"[56787633, 17194589, 14923848]"
6,2742,meta-llama/Llama-3.1-8B,512,4,0,851625482,851625482,748053411,804841044,15594812,"[17194589, 14923848, 14666001]"
6,2886,meta-llama/Llama-3.1-8B,520,4,3000000000,3098349968,98349968,252018,63805046,11514974,"[11513918, 11514974, 11516030]"
6,3030,meta-llama/Llama-3.1-8B,520,4,3000000000,3098349968,98349968,252018,63805046,11514974,"[11513918, 11514974, 11516030]"
6,3174,meta-llama/Llama-3.1-8B,520,4,3000000000,3098349968,98349968,252018,63805046,11514974,"[11513918, 11514974, 11516030]"
6,3318,meta-llama/Llama-3.1-8B,520,4,3000000000,3098349968,98349968,252018,63805046,11514974,"[11513918, 11514974, 11516030]"
6,3462,meta-llama/Llama-3.1-8B,520,4,3000000000,3098349968,98349968,252018,63805046,11514974,"[11513918, 11514974, 11516030]"
6,3606,meta-llama/Llama-3.1-8B,520,4,3000000000,3098349968,98349968,252018,63805046,11514974,"[11513918, 11514974, 11516030]"
6,3750,meta-llama/Llama-3.1-8B,520,4,3000000000,3098349968,98349968,252018,63805046,11514974,"[11513918, 11514974, 11516030]"
6,3894,meta-llama/Llama-3.1-8B,520,4,3000000000,3098349968,98349968,252018,63805046,11514974,"[11513918, 11514974, 11516030]"
6,4038,meta-llama/Llama-3.1-8B,520,4,3000000000,4100828720,1100828720,98349968,1066283798,11514974,"[11513918, 11514974, 11516030]"
6,4182,meta-llama/Llama-3.1-8B,520,4,3000000000,4100828720,1100828720,98349968,1066283798,11514974,"[11513918, 11514974, 11516030]"
6,4326,meta-llama/Llama-3.1-8B,520,4,3000000000,4100828720,1100828720,98349968,1066283798,11514974,"[11513918, 11514974, 11516030]"
6,4470,meta-llama/Llama-3.1-8B,520,4,3000000000,4100828720,1100828720,98349968,1066283798,11514974,"[11513918, 11514974, 11516030]"
6,4614,meta-llama/Llama-3.1-8B,520,4,3000000000,4100828720,1100828720,98349968,1066283798,11514974,"[11513918, 11514974, 11516030]"
6,4758,meta-llama/Llama-3.1-8B,520,4,3000000000,4100828720,1100828720,98349968,1066283798,11514974,"[11513918, 11514974, 11516030]"
6,4902,meta-llama/Llama-3.1-8B,520,4,3000000000,4100828720,1100828720,98349968,1066283798,11514974,"[11513918, 11514974, 11516030]"
6,5046,meta-llama/Llama-3.1-8B,520,4,3000000000,4100828720,1100828720,98349968,1066283798,11514974,"[11513918, 11514974, 11516030]"
6,5190,meta-llama/Llama-3.1-8B,520,4,3000000000,5100718724,2100718724,1100828720,2066875985,11280913,"[11280401, 11280913, 11281425]"
6,5334,meta-llama/Llama-3.1-8B,520,4,3000000000,5100718724,2100718724,1100828720,2066875985,11280913,"[11280401, 11280913, 11281425]"
6,5478,meta-llama/Llama-3.1-8B,520,4,3000000000,5100718724,2100718724,1100828720,2066875985,11280913,"[11280401, 11280913, 11281425]"
6,5622,meta-llama/Llama-3.1-8B,520,4,3000000000,5100718724,2100718724,1100828720,2066875985,11280913,"[11280401, 11280913, 11281425]"
7,7,meta-llama/Llama-3.1-8B,512,4,0,341146486,341146486,1,87124662,84673941,"[159065888, 83044746, 11911190]"
7,151,meta-llama/Llama-3.1-8B,512,4,0,341146486,341146486,1,87124662,84673941,"[159065888, 83044746, 11911190]"
7,295,meta-llama/Llama-3.1-8B,512,4,0,341146486,341146486,1,87124662,84673941,"[159065888, 83044746, 11911190]"
7,439,meta-llama/Llama-3.1-8B,512,4,0,341146486,341146486,1,87124662,84673941,"[159065888, 83044746, 11911190]"
7,583,meta-llama/Llama-3.1-8B,512,4,0,428396203,428396203,87124662,246190550,60735217,"[83044746, 11911190, 87249717]"
7,727,meta-llama/Llama-3.1-8B,512,4,0,428396203,428396203,87124662,246190550,60735217,"[83044746, 11911190, 87249717]"
7,871,meta-llama/Llama-3.1-8B,512,4,0,428396203,428396203,87124662,246190550,60735217,"[83044746, 11911190, 87249717]"
7,1015,meta-llama/Llama-3.1-8B,512,4,0,570733843,570733843,246190550,329235296,80499515,"[11911190, 87249717, 142337640]"
7,1159,meta-llama/Llama-3.1-8B,512,4,0,680368170,680368170,341146486,428396203,83990655,"[142337640, 80001489, 29632838]"
7,1303,meta-llama/Llama-3.1-8B,512,4,0,680368170,680368170,341146486,428396203,83990655,"[142337640, 80001489, 29632838]"
7,1447,meta-llama/Llama-3.1-8B,512,4,0,680368170,680368170,341146486,428396203,83990655,"[142337640, 80001489, 29632838]"
7,1591,meta-llama/Llama-3.1-8B,512,4,0,748448815,748448815,428396203,570733843,59238324,"[80001489, 29632838, 68080645]"
7,1735,meta-llama/Llama-3.1-8B,512,4,0,748448815,748448815,428396203,570733843,59238324,"[80001489, 29632838, 68080645]"
7,1879,meta-llama/Llama-3.1-8B,512,4,0,748448815,748448815,428396203,570733843,59238324,"[80001489, 29632838, 68080645]"
7,2023,meta-llama/Llama-3.1-8B,512,4,0,748448815,748448815,428396203,570733843,59238324,"[80001489, 29632838, 68080645]"
7,2167,meta-llama/Llama-3.1-8B,512,4,0,805029598,805029598,570733843,650735332,51431422,"[29632838, 68080645, 56580783]"
7,2311,meta-llama/Llama-3.1-8B,512,4,0,836960627,836960627,680368170,748448815,29503937,"[56580783, 17007181, 14923848]"
7,2455,meta-llama/Llama-3.1-8B,512,4,0,836960627,836960627,680368170,748448815,29503937,"[56580783, 17007181, 14923848]"
7,2599,meta-llama/Llama-3.1-8B,512,4,0,836960627,836960627,680368170,748448815,29503937,"[56580783, 17007181, 14923848]"
7,2743,meta-llama/Llama-3.1-8B,512,4,0,851625858,851625858,748448815,805029598,15532086,"[17007181, 14923848, 14665231]"
7,2887,meta-llama/Llama-3.1-8B,520,4,3000000000,3105311626,105311626,252018,70766704,11514974,"[11513918, 11514974, 11516030]"
7,3031,meta-llama/Llama-3.1-8B,520,4,3000000000,3105311626,105311626,252018,70766704,11514974,"[11513918, 11514974, 11516030]"
7,3175,meta-llama/Llama-3.1-8B,520,4,3000000000,3105311626,105311626,252018,70766704,11514974,"[11513918, 11514974, 11516030]"
7,3319,meta-llama/Llama-3.1-8B,520,4,3000000000,3105311626,105311626,252018,70766704,11514974,"[11513918, 11514974, 11516030]"
7,3463,meta-llama/Llama-3.1-8B,520,4,3000000000,3105311626,105311626,252018,70766704,11514974,"[11513918, 11514974, 11516030]"
7,3607,meta-llama/Llama-3.1-8B,520,4,3000000000,3105311626,105311626,252018,70766704,11514974,"[11513918, 11514974, 11516030]"
7,3751,meta-llama/Llama-3.1-8B,520,4,3000000000,3105311626,105311626,252018,70766704,11514974,"[11513918, 11514974, 11516030]"
7,3895,meta-llama/Llama-3.1-8B,520,4,3000000000,3105311626,105311626,252018,70766704,11514974,"[11513918, 11514974, 11516030]"
7,4039,meta-llama/Llama-3.1-8B,520,4,3000000000,4107790378,1107790378,105311626,1073245456,11514974,"[11513918, 11514974, 11516030]"
7,4183,meta-llama/Llama-3.1-8B,520,4,3000000000,4107790378,1107790378,105311626,1073245456,11514974,"[11513918, 11514974, 11516030]"
7,4327,meta-llama/Llama-3.1-8B,520,4,3000000000,4107790378,1107790378,105311626,1073245456,11514974,"[11513918, 11514974, 11516030]"
7,4471,meta-llama/Llama-3.1-8B,520,4,3000000000,4107790378,1107790378,105311626,1073245456,11514974,"[11513918, 11514974, 11516030]"
7,4615,meta-llama/Llama-3.1-8B,520,4,3000000000,4107790378,1107790378,105311626,1073245456,11514974,"[11513918, 11514974, 11516030]"
7,4759,meta-llama/Llama-3.1-8B,520,4,3000000000,4107790378,1107790378,105311626,1073245456,11514974,"[11513918, 11514974, 11516030]"
7,4903,meta-llama/Llama-3.1-8B,520,4,3000000000,4107790378,1107790378,105311626,1073245456,11514974,"[11513918, 11514974, 11516030]"
7,5047,meta-llama/Llama-3.1-8B,520,4,3000000000,4107790378,1107790378,105311626,1073245456,11514974,"[11513918, 11514974, 11516030]"
7,5191,meta-llama/Llama-3.1-8B,520,4,3000000000,5107680382,2107680382,1107790378,2073837643,11280913,"[11280401, 11280913, 11281425]"
7,5335,meta-llama/Llama-3.1-8B,520,4,3000000000,5107680382,2107680382,1107790378,2073837643,11280913,"[11280401, 11280913, 11281425]"
7,5479,meta-llama/Llama-3.1-8B,520,4,3000000000,5107680382,2107680382,1107790378,2073837643,11280913,"[11280401, 11280913, 11281425]"
7,5623,meta-llama/Llama-3.1-8B,520,4,3000000000,5107680382,2107680382,1107790378,2073837643,11280913,"[11280401, 11280913, 11281425]"
8,8,meta-llama/Llama-3.1-8B,512,4,0,341148658,341148658,1,87650118,84499513,"[159065888, 82522231, 11910421]"
8,152,meta-llama/Llama-3.1-8B,512,4,0,341148658,341148658,1,87650118,84499513,"[159065888, 82522231, 11910421]"
8,296,meta-llama/Llama-3.1-8B,512,4,0,341148658,341148658,1,87650118,84499513,"[159065888, 82522231, 11910421]"
8,440,meta-llama/Llama-3.1-8B,512,4,0,341148658,341148658,1,87650118,84499513,"[159065888, 82522231, 11910421]"
8,584,meta-llama/Llama-3.1-8B,512,4,0,428921659,428921659,87650118,246716006,60735217,"[82522231, 11910421, 87773001]"
8,728,meta-llama/Llama-3.1-8B,512,4,0,428921659,428921659,87650118,246716006,60735217,"[82522231, 11910421, 87773001]"
8,872,meta-llama/Llama-3.1-8B,512,4,0,428921659,428921659,87650118,246716006,60735217,"[82522231, 11910421, 87773001]"
8,1016,meta-llama/Llama-3.1-8B,512,4,0,571130017,571130017,246716006,329238237,80630593,"[11910421, 87773001, 142208358]"
8,1160,meta-llama/Llama-3.1-8B,512,4,0,680370342,680370342,341148658,428921659,83816227,"[142208358, 79738564, 29501761]"
8,1304,meta-llama/Llama-3.1-8B,512,4,0,680370342,680370342,341148658,428921659,83816227,"[142208358, 79738564, 29501761]"
8,1448,meta-llama/Llama-3.1-8B,512,4,0,680370342,680370342,341148658,428921659,83816227,"[142208358, 79738564, 29501761]"
8,1592,meta-llama/Llama-3.1-8B,512,4,0,748872256,748872256,428921659,571130017,59247413,"[79738564, 29501761, 68501914]"
8,1736,meta-llama/Llama-3.1-8B,512,4,0,748872256,748872256,428921659,571130017,59247413,"[79738564, 29501761, 68501914]"
8,1880,meta-llama/Llama-3.1-8B,512,4,0,748872256,748872256,428921659,571130017,59247413,"[79738564, 29501761, 68501914]"
8,2024,meta-llama/Llama-3.1-8B,512,4,0,748872256,748872256,428921659,571130017,59247413,"[79738564, 29501761, 68501914]"
8,2168,meta-llama/Llama-3.1-8B,512,4,0,805218152,805218152,571130017,650868581,51449857,"[29501761, 68501914, 56345896]"
8,2312,meta-llama/Llama-3.1-8B,512,4,0,837226853,837226853,680370342,748872256,29451532,"[56345896, 16949175, 15059526]"
8,2456,meta-llama/Llama-3.1-8B,512,4,0,837226853,837226853,680370342,748872256,29451532,"[56345896, 16949175, 15059526]"
8,2600,meta-llama/Llama-3.1-8B,512,4,0,837226853,837226853,680370342,748872256,29451532,"[56345896, 16949175, 15059526]"
8,2744,meta-llama/Llama-3.1-8B,512,4,0,851626234,851626234,748872256,805218152,15469360,"[16949175, 15059526, 14399381]"
8,2888,meta-llama/Llama-3.1-8B,520,4,3000000000,3112273284,112273284,252018,77728362,11514974,"[11513918, 11514974, 11516030]"
8,3032,meta-llama/Llama-3.1-8B,520,4,3000000000,3112273284,112273284,252018,77728362,11514974,"[11513918, 11514974, 11516030]"
8,3176,meta-llama/Llama-3.1-8B,520,4,3000000000,3112273284,112273284,252018,77728362,11514974,"[11513918, 11514974, 11516030]"
8,3320,meta-llama/Llama-3.1-8B,520,4,3000000000,3112273284,112273284,252018,77728362,11514974,"[11513918, 11514974, 11516030]"
8,3464,meta-llama/Llama-3.1-8B,520,4,3000000000,3112273284,112273284,252018,77728362,11514974,"[11513918, 11514974, 11516030]"
8,3608,meta-llama/Llama-3.1-8B,520,4,3000000000,3112273284,112273284,252018,77728362,11514974,"[11513918, 11514974, 11516030]"
8,3752,meta-llama/Llama-3.1-8B,520,4,3000000000,3112273284,112273284,252018,77728362,11514974,"[11513918, 11514974, 11516030]"
8,3896,meta-llama/Llama-3.1-8B,520,4,3000000000,3112273284,112273284,252018,77728362,11514974,"[11513918, 11514974, 11516030]"
8,4040,meta-llama/Llama-3.1-8B,520,4,3000000000,4114752036,1114752036,112273284,1080207114,11514974,"[11513918, 11514974, 11516030]"
8,4184,meta-llama/Llama-3.1-8B,520,4,3000000000,4114752036,1114752036,112273284,1080207114,11514974,"[11513918, 11514974, 11516030]"
8,4328,meta-llama/Llama-3.1-8B,520,4,3000000000,4114752036,1114752036,112273284,1080207114,11514974,"[11513918, 11514974, 11516030]"
8,4472,meta-llama/Llama-3.1-8B,520,4,3000000000,4114752036,1114752036,112273284,1080207114,11514974,"[11513918, 11514974, 11516030]"
8,4616,meta-llama/Llama-3.1-8B,520,4,3000000000,4114752036,1114752036,112273284,1080207114,11514974,"[11513918, 11514974, 11516030]"
8,4760,meta-llama/Llama-3.1-8B,520,4,3000000000,4114752036,1114752036,112273284,1080207114,11514974,"[11513918, 11514974, 11516030]"
8,4904,meta-llama/Llama-3.1-8B,520,4,3000000000,4114752036,1114752036,112273284,1080207114,11514974,"[11513918, 11514974, 11516030]"
8,5048,meta-llama/Llama-3.1-8B,520,4,3000000000,4114752036,1114752036,112273284,1080207114,11514974,"[11513918, 11514974, 11516030]"
8,5192,meta-llama/Llama-3.1-8B,520,4,3000000000,5114642040,2114642040,1114752036,2080799301,11280913,"[11280401, 11280913, 11281425]"
8,5336,meta-llama/Llama-3.1-8B,520,4,3000000000,5114642040,2114642040,1114752036,2080799301,11280913,"[11280401, 11280913, 11281425]"
8,5480,meta-llama/Llama-3.1-8B,520,4,3000000000,5114642040,2114642040,1114752036,2080799301,11280913,"[11280401, 11280913, 11281425]"
8,5624,meta-llama/Llama-3.1-8B,520,4,3000000000,5114642040,2114642040,1114752036,2080799301,11280913,"[11280401, 11280913, 11281425]"
9,9,meta-llama/Llama-3.1-8B,512,4,0,341150830,341150830,1,88175574,84325085,"[159065888, 81999716, 11909652]"
9,153,meta-llama/Llama-3.1-8B,512,4,0,341150830,341150830,1,88175574,84325085,"[159065888, 81999716, 11909652]"
9,297,meta-llama/Llama-3.1-8B,512,4,0,341150830,341150830,1,88175574,84325085,"[159065888, 81999716, 11909652]"
9,441,meta-llama/Llama-3.1-8B,512,4,0,341150830,341150830,1,88175574,84325085,"[159065888, 81999716, 11909652]"
9,585,meta-llama/Llama-3.1-8B,512,4,0,429447241,429447241,88175574,247241462,60735259,"[81999716, 11909652, 88296411]"
9,729,meta-llama/Llama-3.1-8B,512,4,0,429447241,429447241,88175574,247241462,60735259,"[81999716, 11909652, 88296411]"
9,873,meta-llama/Llama-3.1-8B,512,4,0,429447241,429447241,88175574,247241462,60735259,"[81999716, 11909652, 88296411]"
9,1017,meta-llama/Llama-3.1-8B,512,4,0,571526191,571526191,247241462,329241178,80761671,"[11909652, 88296411, 142078950]"
9,1161,meta-llama/Llama-3.1-8B,512,4,0,680372514,680372514,341150830,429447241,83641757,"[142078950, 79475639, 29370684]"
9,1305,meta-llama/Llama-3.1-8B,512,4,0,680372514,680372514,341150830,429447241,83641757,"[142078950, 79475639, 29370684]"
9,1449,meta-llama/Llama-3.1-8B,512,4,0,680372514,680372514,341150830,429447241,83641757,"[142078950, 79475639, 29370684]"
9,1593,meta-llama/Llama-3.1-8B,512,4,0,749267660,749267660,429447241,571526191,59247156,"[79475639, 29370684, 68895146]"
9,1737,meta-llama/Llama-3.1-8B,512,4,0,749267660,749267660,429447241,571526191,59247156,"[79475639, 29370684, 68895146]"
9,1881,meta-llama/Llama-3.1-8B,512,4,0,749267660,749267660,429447241,571526191,59247156,"[79475639, 29370684, 68895146]"
9,2025,meta-llama/Llama-3.1-8B,512,4,0,749267660,749267660,429447241,571526191,59247156,"[79475639, 29370684, 68895146]"
9,2169,meta-llama/Llama-3.1-8B,512,4,0,805434743,805434743,571526191,651001830,51477637,"[29370684, 68895146, 56167083]"
9,2313,meta-llama/Llama-3.1-8B,512,4,0,837227999,837227999,680372514,749267660,29320113,"[56167083, 16733730, 15059526]"
9,2457,meta-llama/Llama-3.1-8B,512,4,0,837227999,837227999,680372514,749267660,29320113,"[56167083, 16733730, 15059526]"
9,2601,meta-llama/Llama-3.1-8B,512,4,0,837227999,837227999,680372514,749267660,29320113,"[56167083, 16733730, 15059526]"
9,2745,meta-llama/Llama-3.1-8B,512,4,0,851626730,851626730,749267660,805434743,15397329,"[16733730, 15059526, 14398731]"
9,2889,meta-llama/Llama-3.1-8B,520,4,3000000000,3119234942,119234942,252018,84690020,11514974,"[11513918, 11514974, 11516030]"
9,3033,meta-llama/Llama-3.1-8B,520,4,3000000000,3119234942,119234942,252018,84690020,11514974,"[11513918, 11514974, 11516030]"
9,3177,meta-llama/Llama-3.1-8B,520,4,3000000000,3119234942,119234942,252018,84690020,11514974,"[11513918, 11514974, 11516030]"
9,3321,meta-llama/Llama-3.1-8B,520,4,3000000000,3119234942,119234942,252018,84690020,11514974,"[11513918, 11514974, 11516030]"
9,3465,meta-llama/Llama-3.1-8B,520,4,3000000000,3119234942,119234942,252018,84690020,11514974,"[11513918, 11514974, 11516030]"
9,3609,meta-llama/Llama-3.1-8B,520,4,3000000000,3119234942,119234942,252018,84690020,11514974,"[11513918, 11514974, 11516030]"
9,3753,meta-llama/Llama-3.1-8B,520,4,3000000000,3119234942,119234942,252018,84690020,11514974,"[11513918, 11514974, 11516030]"
9,3897,meta-llama/Llama-3.1-8B,520,4,3000000000,3119234942,119234942,252018,84690020,11514974,"[11513918, 11514974, 11516030]"
9,4041,meta-llama/Llama-3.1-8B,520,4,3000000000,4121713694,1121713694,119234942,1087168772,11514974,"[11513918, 11514974, 11516030]"
9,4185,meta-llama/Llama-3.1-8B,520,4,3000000000,4121713694,1121713694,119234942,1087168772,11514974,"[11513918, 11514974, 11516030]"
9,4329,meta-llama/Llama-3.1-8B,520,4,3000000000,4121713694,1121713694,119234942,1087168772,11514974,"[11513918, 11514974, 11516030]"
9,4473,meta-llama/Llama-3.1-8B,520,4,3000000000,4121713694,1121713694,119234942,1087168772,11514974,"[11513918, 11514974, 11516030]"
9,4617,meta-llama/Llama-3.1-8B,520,4,3000000000,4121713694,1121713694,119234942,1087168772,11514974,"[11513918, 11514974, 11516030]"
9,4761,meta-llama/Llama-3.1-8B,520,4,3000000000,4121713694,1121713694,119234942,1087168772,11514974,"[11513918, 11514974, 11516030]"
9,4905,meta-llama/Llama-3.1-8B,520,4,3000000000,4121713694,1121713694,119234942,1087168772,11514974,"[11513918, 11514974, 11516030]"
9,5049,meta-llama/Llama-3.1-8B,520,4,3000000000,4121713694,1121713694,119234942,1087168772,11514974,"[11513918, 11514974, 11516030]"
9,5193,meta-llama/Llama-3.1-8B,520,4,3000000000,5121603698,2121603698,1121713694,2087760959,11280913,"[11280401, 11280913, 11281425]"
9,5337,meta-llama/Llama-3.1-8B,520,4,3000000000,5121603698,2121603698,1121713694,2087760959,11280913,"[11280401, 11280913, 11281425]"
9,5481,meta-llama/Llama-3.1-8B,520,4,3000000000,5121603698,2121603698,1121713694,2087760959,11280913,"[11280401, 11280913, 11281425]"
9,5625,meta-llama/Llama-3.1-8B,520,4,3000000000,5121603698,2121603698,1121713694,2087760959,11280913,"[11280401, 11280913, 11281425]"
10,10,meta-llama/Llama-3.1-8B,512,4,0,341153002,341153002,1,88701030,84150657,"[159065888, 81477201, 11908883]"
10,154,meta-llama/Llama-3.1-8B,512,4,0,341153002,341153002,1,88701030,84150657,"[159065888, 81477201, 11908883]"
10,298,meta-llama/Llama-3.1-8B,512,4,0,341153002,341153002,1,88701030,84150657,"[159065888, 81477201, 11908883]"
10,442,meta-llama/Llama-3.1-8B,512,4,0,341153002,341153002,1,88701030,84150657,"[159065888, 81477201, 11908883]"
10,586,meta-llama/Llama-3.1-8B,512,4,0,429972697,429972697,88701030,247766918,60735259,"[81477201, 11908883, 88819695]"
10,730,meta-llama/Llama-3.1-8B,512,4,0,429972697,429972697,88701030,247766918,60735259,"[81477201, 11908883, 88819695]"
10,874,meta-llama/Llama-3.1-8B,512,4,0,429972697,429972697,88701030,247766918,60735259,"[81477201, 11908883, 88819695]"
10,1018,meta-llama/Llama-3.1-8B,512,4,0,571922365,571922365,247766918,329244119,80892748,"[11908883, 88819695, 141949668]"
10,1162,meta-llama/Llama-3.1-8B,512,4,0,680374686,680374686,341153002,429972697,83467329,"[141949668, 79212714, 29239607]"
10,1306,meta-llama/Llama-3.1-8B,512,4,0,680374686,680374686,341153002,429972697,83467329,"[141949668, 79212714, 29239607]"
10,1450,meta-llama/Llama-3.1-8B,512,4,0,680374686,680374686,341153002,429972697,83467329,"[141949668, 79212714, 29239607]"
10,1594,meta-llama/Llama-3.1-8B,512,4,0,749691101,749691101,429972697,571922365,59256245,"[79212714, 29239607, 69316415]"
10,1738,meta-llama/Llama-3.1-8B,512,4,0,749691101,749691101,429972697,571922365,59256245,"[79212714, 29239607, 69316415]"
10,1882,meta-llama/Llama-3.1-8B,512,4,0,749691101,749691101,429972697,571922365,59256245,"[79212714, 29239607, 69316415]"
10,2026,meta-llama/Llama-3.1-8B,512,4,0,749691101,749691101,429972697,571922365,59256245,"[79212714, 29239607, 69316415]"
10,2170,meta-llama/Llama-3.1-8B,512,4,0,805623297,805623297,571922365,651135079,51496072,"[29239607, 69316415, 55932196]"
10,2314,meta-llama/Llama-3.1-8B,512,4,0,837229145,837229145,680374686,749691101,29179348,"[55932196, 16546322, 15059526]"
10,2458,meta-llama/Llama-3.1-8B,512,4,0,837229145,837229145,680374686,749691101,29179348,"[55932196, 16546322, 15059526]"
10,2602,meta-llama/Llama-3.1-8B,512,4,0,837229145,837229145,680374686,749691101,29179348,"[55932196, 16546322, 15059526]"
10,2746,meta-llama/Llama-3.1-8B,512,4,0,851627106,851627106,749691101,805623297,15334603,"[16546322, 15059526, 14397961]"
10,2890,meta-llama/Llama-3.1-8B,520,4,3000000000,3126196600,126196600,252018,91651678,11514974,"[11513918, 11514974, 11516030]"
10,3034,meta-llama/Llama-3.1-8B,520,4,3000000000,3126196600,126196600,252018,91651678,11514974,"[11513918, 11514974, 11516030]"
10,3178,meta-llama/Llama-3.1-8B,520,4,3000000000,3126196600,126196600,252018,91651678,11514974,"[11513918, 11514974, 11516030]"
10,3322,meta-llama/Llama-3.1-8B,520,4,3000000000,3126196600,126196600,252018,91651678,11514974,"[11513918, 11514974, 11516030]"
10,3466,meta-llama/Llama-3.1-8B,520,4,3000000000,3126196600,126196600,252018,91651678,11514974,"[11513918, 11514974, 11516030]"
10,3610,meta-llama/Llama-3.1-8B,520,4,3000000000,3126196600,126196600,252018,91651678,11514974,"[11513918, 11514974, 11516030]"
10,3754,meta-llama/Llama-3.1-8B,520,4,3000000000,3126196600,126196600,252018,91651678,11514974,"[11513918, 11514974, 11516030]"
10,3898,meta-llama/Llama-3.1-8B,520,4,3000000000,3126196600,126196600,252018,91651678,11514974,"[11513918, 11514974, 11516030]"
10,4042,meta-llama/Llama-3.1-8B,520,4,3000000000,4128675352,1128675352,126196600,1094130430,11514974,"[11513918, 11514974, 11516030]"
10,4186,meta-llama/Llama-3.1-8B,520,4,3000000000,4128675352,1128675352,126196600,1094130430,11514974,"[11513918, 11514974, 11516030]"
10,4330,meta-llama/Llama-3.1-8B,520,4,3000000000,4128675352,1128675352,126196600,1094130430,11514974,"[11513918, 11514974, 11516030]"
10,4474,meta-llama/Llama-3.1-8B,520,4,3000000000,4128675352,1128675352,126196600,1094130430,11514974,"[11513918, 11514974, 11516030]"
10,4618,meta-llama/Llama-3.1-8B,520,4,3000000000,4128675352,1128675352,126196600,1094130430,11514974,"[11513918, 11514974, 11516030]"
10,4762,meta-llama/Llama-3.1-8B,520,4,3000000000,4128675352,1128675352,126196600,1094130430,11514974,"[11513918, 11514974, 11516030]"
10,4906,meta-llama/Llama-3.1-8B,520,4,3000000000,4128675352,1128675352,126196600,1094130430,11514974,"[11513918, 11514974, 11516030]"
10,5050,meta-llama/Llama-3.1-8B,520,4,3000000000,4128675352,1128675352,126196600,1094130430,11514974,"[11513918, 11514974, 11516030]"
10,5194,meta-llama/Llama-3.1-8B,520,4,3000000000,5128565356,2128565356,1128675352,2094722617,11280913,"[11280401, 11280913, 11281425]"
10,5338,meta-llama/Llama-3.1-8B,520,4,3000000000,5128565356,2128565356,1128675352,2094722617,11280913,"[11280401, 11280913, 11281425]"
10,5482,meta-llama/Llama-3.1-8B,520,4,3000000000,5128565356,2128565356,1128675352,2094722617,11280913,"[11280401, 11280913, 11281425]"
10,5626,meta-llama/Llama-3.1-8B,520,4,3000000000,5128565356,2128565356,1128675352,2094722617,11280913,"[11280401, 11280913, 11281425]"
11,11,meta-llama/Llama-3.1-8B,512,4,0,341155174,341155174,1,89226486,83976229,"[159065888, 80954686, 11908114]"
11,155,meta-llama/Llama-3.1-8B,512,4,0,341155174,341155174,1,89226486,83976229,"[159065888, 80954686, 11908114]"
11,299,meta-llama/Llama-3.1-8B,512,4,0,341155174,341155174,1,89226486,83976229,"[159065888, 80954686, 11908114]"
11,443,meta-llama/Llama-3.1-8B,512,4,0,341155174,341155174,1,89226486,83976229,"[159065888, 80954686, 11908114]"
11,587,meta-llama/Llama-3.1-8B,512,4,0,430498153,430498153,89226486,248292374,60735259,"[80954686, 11908114, 89342979]"
11,731,meta-llama/Llama-3.1-8B,512,4,0,430498153,430498153,89226486,248292374,60735259,"[80954686, 11908114, 89342979]"
11,875,meta-llama/Llama-3.1-8B,512,4,0,430498153,430498153,89226486,248292374,60735259,"[80954686, 11908114, 89342979]"
11,1019,meta-llama/Llama-3.1-8B,512,4,0,572318539,572318539,248292374,329247060,81023826,"[11908114, 89342979, 141820386]"
11,1163,meta-llama/Llama-3.1-8B,512,4,0,680376858,680376858,341155174,430498153,83292901,"[141820386, 78949789, 29108530]"
11,1307,meta-llama/Llama-3.1-8B,512,4,0,680376858,680376858,341155174,430498153,83292901,"[141820386, 78949789, 29108530]"
11,1451,meta-llama/Llama-3.1-8B,512,4,0,680376858,680376858,341155174,430498153,83292901,"[141820386, 78949789, 29108530]"
11,1595,meta-llama/Llama-3.1-8B,512,4,0,750086505,750086505,430498153,572318539,59255988,"[78949789, 29108530, 69709647]"
11,1739,meta-llama/Llama-3.1-8B,512,4,0,750086505,750086505,430498153,572318539,59255988,"[78949789, 29108530, 69709647]"
11,1883,meta-llama/Llama-3.1-8B,512,4,0,750086505,750086505,430498153,572318539,59255988,"[78949789, 29108530, 69709647]"
11,2027,meta-llama/Llama-3.1-8B,512,4,0,750086505,750086505,430498153,572318539,59255988,"[78949789, 29108530, 69709647]"
11,2171,meta-llama/Llama-3.1-8B,512,4,0,805839888,805839888,572318539,651268328,51523853,"[29108530, 69709647, 55753383]"
11,2315,meta-llama/Llama-3.1-8B,512,4,0,837230291,837230291,680376858,750086505,29047928,"[55753383, 16330877, 15059526]"
11,2459,meta-llama/Llama-3.1-8B,512,4,0,837230291,837230291,680376858,750086505,29047928,"[55753383, 16330877, 15059526]"
11,2603,meta-llama/Llama-3.1-8B,512,4,0,837230291,837230291,680376858,750086505,29047928,"[55753383, 16330877, 15059526]"
11,2747,meta-llama/Llama-3.1-8B,512,4,0,851628628,851628628,750086505,805839888,15262913,"[16330877, 15059526, 14398337]"
11,2891,meta-llama/Llama-3.1-8B,520,4,3000000000,3133158258,133158258,252018,98613336,11514974,"[11513918, 11514974, 11516030]"
11,3035,meta-llama/Llama-3.1-8B,520,4,3000000000,3133158258,133158258,252018,98613336,11514974,"[11513918, 11514974, 11516030]"
11,3179,meta-llama/Llama-3.1-8B,520,4,3000000000,3133158258,133158258,252018,98613336,11514974,"[11513918, 11514974, 11516030]"
11,3323,meta-llama/Llama-3.1-8B,520,4,3000000000,3133158258,133158258,252018,98613336,11514974,"[11513918, 11514974, 11516030]"
11,3467,meta-llama/Llama-3.1-8B,520,4,3000000000,3133158258,133158258,252018,98613336,11514974,"[11513918, 11514974, 11516030]"
11,3611,meta-llama/Llama-3.1-8B,520,4,3000000000,3133158258,133158258,252018,98613336,11514974,"[11513918, 11514974, 11516030]"
11,3755,meta-llama/Llama-3.1-8B,520,4,3000000000,3133158258,133158258,252018,98613336,11514974,"[11513918, 11514974, 11516030]"
11,3899,meta-llama/Llama-3.1-8B,520,4,3000000000,3133158258,133158258,252018,98613336,11514974,"[11513918, 11514974, 11516030]"
11,4043,meta-llama/Llama-3.1-8B,520,4,3000000000,4135637010,1135637010,133158258,1101092088,11514974,"[11513918, 11514974, 11516030]"
11,4187,meta-llama/Llama-3.1-8B,520,4,3000000000,4135637010,1135637010,133158258,1101092088,11514974,"[11513918, 11514974, 11516030]"
11,4331,meta-llama/Llama-3.1-8B,520,4,3000000000,4135637010,1135637010,133158258,1101092088,11514974,"[11513918, 11514974, 11516030]"
11,4475,meta-llama/Llama-3.1-8B,520,4,3000000000,4135637010,1135637010,133158258,1101092088,11514974,"[11513918, 11514974, 11516030]"
11,4619,meta-llama/Llama-3.1-8B,520,4,3000000000,4135637010,1135637010,133158258,1101092088,11514974,"[11513918, 11514974, 11516030]"
11,4763,meta-llama/Llama-3.1-8B,520,4,3000000000,4135637010,1135637010,133158258,1101092088,11514974,"[11513918, 11514974, 11516030]"
11,4907,meta-llama/Llama-3.1-8B,520,4,3000000000,4135637010,1135637010,133158258,1101092088,11514974,"[11513918, 11514974, 11516030]"
11,5051,meta-llama/Llama-3.1-8B,520,4,3000000000,4135637010,1135637010,133158258,1101092088,11514974,"[11513918, 11514974, 11516030]"
11,5195,meta-llama/Llama-3.1-8B,520,4,3000000000,5135527014,2135527014,1135637010,2101684275,11280913,"[11280401, 11280913, 11281425]"
11,5339,meta-llama/Llama-3.1-8B,520,4,3000000000,5135527014,2135527014,1135637010,2101684275,11280913,"[11280401, 11280913, 11281425]"
11,5483,meta-llama/Llama-3.1-8B,520,4,3000000000,5135527014,2135527014,1135637010,2101684275,11280913,"[11280401, 11280913, 11281425]"
11,5627,meta-llama/Llama-3.1-8B,520,4,3000000000,5135527014,2135527014,1135637010,2101684275,11280913,"[11280401, 11280913, 11281425]"
12,12,meta-llama/Llama-3.1-8B,512,4,0,341157346,341157346,1,89751942,83801801,"[159065888, 80432171, 11907345]"
12,156,meta-llama/Llama-3.1-8B,512,4,0,341157346,341157346,1,89751942,83801801,"[159065888, 80432171, 11907345]"
12,300,meta-llama/Llama-3.1-8B,512,4,0,341157346,341157346,1,89751942,83801801,"[159065888, 80432171, 11907345]"
12,444,meta-llama/Llama-3.1-8B,512,4,0,341157346,341157346,1,89751942,83801801,"[159065888, 80432171, 11907345]"
12,588,meta-llama/Llama-3.1-8B,512,4,0,431023609,431023609,89751942,248817830,60735259,"[80432171, 11907345, 89866263]"
12,732,meta-llama/Llama-3.1-8B,512,4,0,431023609,431023609,89751942,248817830,60735259,"[80432171, 11907345, 89866263]"
12,876,meta-llama/Llama-3.1-8B,512,4,0,431023609,431023609,89751942,248817830,60735259,"[80432171, 11907345, 89866263]"
12,1020,meta-llama/Llama-3.1-8B,512,4,0,572714713,572714713,248817830,329250001,81154904,"[11907345, 89866263, 141691104]"
12,1164,meta-llama/Llama-3.1-8B,512,4,0,680379030,680379030,341157346,431023609,83118473,"[141691104, 78686864, 28977453]"
12,1308,meta-llama/Llama-3.1-8B,512,4,0,680379030,680379030,341157346,431023609,83118473,"[141691104, 78686864, 28977453]"
12,1452,meta-llama/Llama-3.1-8B,512,4,0,680379030,680379030,341157346,431023609,83118473,"[141691104, 78686864, 28977453]"
12,1596,meta-llama/Llama-3.1-8B,512,4,0,750509946,750509946,431023609,572714713,59265077,"[78686864, 28977453, 70130916]"
12,1740,meta-llama/Llama-3.1-8B,512,4,0,750509946,750509946,431023609,572714713,59265077,"[78686864, 28977453, 70130916]"
12,1884,meta-llama/Llama-3.1-8B,512,4,0,750509946,750509946,431023609,572714713,59265077,"[78686864, 28977453, 70130916]"
12,2028,meta-llama/Llama-3.1-8B,512,4,0,750509946,750509946,431023609,572714713,59265077,"[78686864, 28977453, 70130916]"
12,2172,meta-llama/Llama-3.1-8B,512,4,0,806056479,806056479,572714713,651401577,51551634,"[28977453, 70130916, 55546533]"
12,2316,meta-llama/Llama-3.1-8B,512,4,0,837231437,837231437,680379030,750509946,28907163,"[55546533, 16115432, 15059526]"
12,2460,meta-llama/Llama-3.1-8B,512,4,0,837231437,837231437,680379030,750509946,28907163,"[55546533, 16115432, 15059526]"
12,2604,meta-llama/Llama-3.1-8B,512,4,0,837231437,837231437,680379030,750509946,28907163,"[55546533, 16115432, 15059526]"
12,2748,meta-llama/Llama-3.1-8B,512,4,0,851630150,851630150,750509946,806056479,15191223,"[16115432, 15059526, 14398713]"
12,2892,meta-llama/Llama-3.1-8B,520,4,3000000000,3140119916,140119916,252018,105574994,11514974,"[11513918, 11514974, 11516030]"
12,3036,meta-llama/Llama-3.1-8B,520,4,3000000000,3140119916,140119916,252018,105574994,11514974,"[11513918, 11514974, 11516030]"
12,3180,meta-llama/Llama-3.1-8B,520,4,3000000000,3140119916,140119916,252018,105574994,11514974,"[11513918, 11514974, 11516030]"
12,3324,meta-llama/Llama-3.1-8B,520,4,3000000000,3140119916,140119916,252018,105574994,11514974,"[11513918, 11514974, 11516030]"
12,3468,meta-llama/Llama-3.1-8B,520,4,3000000000,3140119916,140119916,252018,105574994,11514974,"[11513918, 11514974, 11516030]"
12,3612,meta-llama/Llama-3.1-8B,520,4,3000000000,3140119916,140119916,252018,105574994,11514974,"[11513918, 11514974, 11516030]"
12,3756,meta-llama/Llama-3.1-8B,520,4,3000000000,3140119916,140119916,252018,105574994,11514974,"[11513918, 11514974, 11516030]"
12,3900,meta-llama/Llama-3.1-8B,520,4,3000000000,3140119916,140119916,252018,105574994,11514974,"[11513918, 11514974, 11516030]"
12,4044,meta-llama/Llama-3.1-8B,520,4,3000000000,4142598668,1142598668,140119916,1108053746,11514974,"[11513918, 11514974, 11516030]"
12,4188,meta-llama/Llama-3.1-8B,520,4,3000000000,4142598668,1142598668,140119916,1108053746,11514974,"[11513918, 11514974, 11516030]"
12,4332,meta-llama/Llama-3.1-8B,520,4,3000000000,4142598668,1142598668,140119916,1108053746,11514974,"[11513918, 11514974, 11516030]"
12,4476,meta-llama/Llama-3.1-8B,520,4,3000000000,4142598668,1142598668,140119916,1108053746,11514974,"[11513918, 11514974, 11516030]"
12,4620,meta-llama/Llama-3.1-8B,520,4,3000000000,4142598668,1142598668,140119916,1108053746,11514974,"[11513918, 11514974, 11516030]"
12,4764,meta-llama/Llama-3.1-8B,520,4,3000000000,4142598668,1142598668,140119916,1108053746,11514974,"[11513918, 11514974, 11516030]"
12,4908,meta-llama/Llama-3.1-8B,520,4,3000000000,4142598668,1142598668,140119916,1108053746,11514974,"[11513918, 11514974, 11516030]"
12,5052,meta-llama/Llama-3.1-8B,520,4,3000000000,4142598668,1142598668,140119916,1108053746,11514974,"[11513918, 11514974, 11516030]"
12,5196,meta-llama/Llama-3.1-8B,520,4,3000000000,5142488672,2142488672,1142598668,2108645933,11280913,"[11280401, 11280913, 11281425]"
12,5340,meta-llama/Llama-3.1-8B,520,4,3000000000,5142488672,2142488672,1142598668,2108645933,11280913,"[11280401, 11280913, 11281425]"
12,5484,meta-llama/Llama-3.1-8B,520,4,3000000000,5142488672,2142488672,1142598668,2108645933,11280913,"[11280401, 11280913, 11281425]"
12,5628,meta-llama/Llama-3.1-8B,520,4,3000000000,5142488672,2142488672,1142598668,2108645933,11280913,"[11280401, 11280913, 11281425]"
13,13,meta-llama/Llama-3.1-8B,512,4,0,341159518,341159518,1,90277398,83627373,"[159065888, 79909656, 11906576]"
13,157,meta-llama/Llama-3.1-8B,512,4,0,341159518,341159518,1,90277398,83627373,"[159065888, 79909656, 11906576]"
13,301,meta-llama/Llama-3.1-8B,512,4,0,341159518,341159518,1,90277398,83627373,"[159065888, 79909656, 11906576]"
13,445,meta-llama/Llama-3.1-8B,512,4,0,341159518,341159518,1,90277398,83627373,"[159065888, 79909656, 11906576]"
13,589,meta-llama/Llama-3.1-8B,512,4,0,431549065,431549065,90277398,249343286,60735259,"[79909656, 11906576, 90389547]"
13,733,meta-llama/Llama-3.1-8B,512,4,0,431549065,431549065,90277398,249343286,60735259,"[79909656, 11906576, 90389547]"
13,877,meta-llama/Llama-3.1-8B,512,4,0,431549065,431549065,90277398,249343286,60735259,"[79909656, 11906576, 90389547]"
13,1021,meta-llama/Llama-3.1-8B,512,4,0,573110887,573110887,249343286,329252942,81285981,"[11906576, 90389547, 141561822]"
13,1165,meta-llama/Llama-3.1-8B,512,4,0,680381202,680381202,341159518,431549065,82944045,"[141561822, 78423939, 28846376]"
13,1309,meta-llama/Llama-3.1-8B,512,4,0,680381202,680381202,341159518,431549065,82944045,"[141561822, 78423939, 28846376]"
13,1453,meta-llama/Llama-3.1-8B,512,4,0,680381202,680381202,341159518,431549065,82944045,"[141561822, 78423939, 28846376]"
13,1597,meta-llama/Llama-3.1-8B,512,4,0,750905350,750905350,431549065,573110887,59264821,"[78423939, 28846376, 70524148]"
13,1741,meta-llama/Llama-3.1-8B,512,4,0,750905350,750905350,431549065,573110887,59264821,"[78423939, 28846376, 70524148]"
13,1885,meta-llama/Llama-3.1-8B,512,4,0,750905350,750905350,431549065,573110887,59264821,"[78423939, 28846376, 70524148]"
13,2029,meta-llama/Llama-3.1-8B,512,4,0,750905350,750905350,431549065,573110887,59264821,"[78423939, 28846376, 70524148]"
13,2173,meta-llama/Llama-3.1-8B,512,4,0,806245033,806245033,573110887,651534826,51570069,"[28846376, 70524148, 55339683]"
13,2317,meta-llama/Llama-3.1-8B,512,4,0,837232583,837232583,680381202,750905350,28775744,"[55339683, 15928024, 15059526]"
13,2461,meta-llama/Llama-3.1-8B,512,4,0,837232583,837232583,680381202,750905350,28775744,"[55339683, 15928024, 15059526]"
13,2605,meta-llama/Llama-3.1-8B,512,4,0,837232583,837232583,680381202,750905350,28775744,"[55339683, 15928024, 15059526]"
13,2749,meta-llama/Llama-3.1-8B,512,4,0,851631672,851631672,750905350,806245033,15128879,"[15928024, 15059526, 14399089]"
13,2893,meta-llama/Llama-3.1-8B,520,4,3000000000,3147081574,147081574,252018,112536652,11514974,"[11513918, 11514974, 11516030]"
13,3037,meta-llama/Llama-3.1-8B,520,4,3000000000,3147081574,147081574,252018,112536652,11514974,"[11513918, 11514974, 11516030]"
13,3181,meta-llama/Llama-3.1-8B,520,4,3000000000,3147081574,147081574,252018,112536652,11514974,"[11513918, 11514974, 11516030]"
13,3325,meta-llama/Llama-3.1-8B,520,4,3000000000,3147081574,147081574,252018,112536652,11514974,"[11513918, 11514974, 11516030]"
13,3469,meta-llama/Llama-3.1-8B,520,4,3000000000,3147081574,147081574,252018,112536652,11514974,"[11513918, 11514974, 11516030]"
13,3613,meta-llama/Llama-3.1-8B,520,4,3000000000,3147081574,147081574,252018,112536652,11514974,"[11513918, 11514974, 11516030]"
13,3757,meta-llama/Llama-3.1-8B,520,4,3000000000,3147081574,147081574,252018,112536652,11514974,"[11513918, 11514974, 11516030]"
13,3901,meta-llama/Llama-3.1-8B,520,4,3000000000,3147081574,147081574,252018,112536652,11514974,"[11513918, 11514974, 11516030]"
13,4045,meta-llama/Llama-3.1-8B,520,4,3000000000,4149560326,1149560326,147081574,1115015404,11514974,"[11513918, 11514974, 11516030]"
13,4189,meta-llama/Llama-3.1-8B,520,4,3000000000,4149560326,1149560326,147081574,1115015404,11514974,"[11513918, 11514974, 11516030]"
13,4333,meta-llama/Llama-3.1-8B,520,4,3000000000,4149560326,1149560326,147081574,1115015404,11514974,"[11513918, 11514974, 11516030]"
13,4477,meta-llama/Llama-3.1-8B,520,4,3000000000,4149560326,1149560326,147081574,1115015404,11514974,"[11513918, 11514974, 11516030]"
13,4621,meta-llama/Llama-3.1-8B,520,4,3000000000,4149560326,1149560326,147081574,1115015404,11514974,"[11513918, 11514974, 11516030]"
13,4765,meta-llama/Llama-3.1-8B,520,4,3000000000,4149560326,1149560326,147081574,1115015404,11514974,"[11513918, 11514974, 11516030]"
13,4909,meta-llama/Llama-3.1-8B,520,4,3000000000,4149560326,1149560326,147081574,1115015404,11514974,"[11513918, 11514974, 11516030]"
13,5053,meta-llama/Llama-3.1-8B,520,4,3000000000,4149560326,1149560326,147081574,1115015404,11514974,"[11513918, 11514974, 11516030]"
13,5197,meta-llama/Llama-3.1-8B,520,4,3000000000,5149450330,2149450330,1149560326,2115607591,11280913,"[11280401, 11280913, 11281425]"
13,5341,meta-llama/Llama-3.1-8B,520,4,3000000000,5149450330,2149450330,1149560326,2115607591,11280913,"[11280401, 11280913, 11281425]"
13,5485,meta-llama/Llama-3.1-8B,520,4,3000000000,5149450330,2149450330,1149560326,2115607591,11280913,"[11280401, 11280913, 11281425]"
13,5629,meta-llama/Llama-3.1-8B,520,4,3000000000,5149450330,2149450330,1149560326,2115607591,11280913,"[11280401, 11280913, 11281425]"
14,14,meta-llama/Llama-3.1-8B,512,4,0,341161690,341161690,1,90802854,83452945,"[159065888, 79387141, 11905807]"
14,158,meta-llama/Llama-3.1-8B,512,4,0,341161690,341161690,1,90802854,83452945,"[159065888, 79387141, 11905807]"
14,302,meta-llama/Llama-3.1-8B,512,4,0,341161690,341161690,1,90802854,83452945,"[159065888, 79387141, 11905807]"
14,446,meta-llama/Llama-3.1-8B,512,4,0,341161690,341161690,1,90802854,83452945,"[159065888, 79387141, 11905807]"
14,590,meta-llama/Llama-3.1-8B,512,4,0,432074521,432074521,90802854,249868742,60735259,"[79387141, 11905807, 90912831]"
14,734,meta-llama/Llama-3.1-8B,512,4,0,432074521,432074521,90802854,249868742,60735259,"[79387141, 11905807, 90912831]"
14,878,meta-llama/Llama-3.1-8B,512,4,0,432074521,432074521,90802854,249868742,60735259,"[79387141, 11905807, 90912831]"
14,1022,meta-llama/Llama-3.1-8B,512,4,0,573507061,573507061,249868742,329255883,81417059,"[11905807, 90912831, 141432540]"
14,1166,meta-llama/Llama-3.1-8B,512,4,0,680383374,680383374,341161690,432074521,82769617,"[141432540, 78161014, 28715299]"
14,1310,meta-llama/Llama-3.1-8B,512,4,0,680383374,680383374,341161690,432074521,82769617,"[141432540, 78161014, 28715299]"
14,1454,meta-llama/Llama-3.1-8B,512,4,0,680383374,680383374,341161690,432074521,82769617,"[141432540, 78161014, 28715299]"
14,1598,meta-llama/Llama-3.1-8B,512,4,0,751328791,751328791,432074521,573507061,59273910,"[78161014, 28715299, 70945417]"
14,1742,meta-llama/Llama-3.1-8B,512,4,0,751328791,751328791,432074521,573507061,59273910,"[78161014, 28715299, 70945417]"
14,1886,meta-llama/Llama-3.1-8B,512,4,0,751328791,751328791,432074521,573507061,59273910,"[78161014, 28715299, 70945417]"
14,2030,meta-llama/Llama-3.1-8B,512,4,0,751328791,751328791,432074521,573507061,59273910,"[78161014, 28715299, 70945417]"
14,2174,meta-llama/Llama-3.1-8B,512,4,0,806461744,806461744,573507061,651668075,51597889,"[28715299, 70945417, 55132953]"
14,2318,meta-llama/Llama-3.1-8B,512,4,0,837498809,837498809,680383374,751328791,28723339,"[55132953, 15838783, 15198282]"
14,2462,meta-llama/Llama-3.1-8B,512,4,0,837498809,837498809,680383374,751328791,28723339,"[55132953, 15838783, 15198282]"
14,2606,meta-llama/Llama-3.1-8B,512,4,0,837498809,837498809,680383374,751328791,28723339,"[55132953, 15838783, 15198282]"
14,2750,meta-llama/Llama-3.1-8B,512,4,0,851636752,851636752,751328791,806461744,15058336,"[15838783, 15198282, 14137943]"
14,2894,meta-llama/Llama-3.1-8B,520,4,3000000000,3154043232,154043232,252018,119498310,11514974,"[11513918, 11514974, 11516030]"
14,3038,meta-llama/Llama-3.1-8B,520,4,3000000000,3154043232,154043232,252018,119498310,11514974,"[11513918, 11514974, 11516030]"
14,3182,meta-llama/Llama-3.1-8B,520,4,3000000000,3154043232,154043232,252018,119498310,11514974,"[11513918, 11514974, 11516030]"
14,3326,meta-llama/Llama-3.1-8B,520,4,3000000000,3154043232,154043232,252018,119498310,11514974,"[11513918, 11514974, 11516030]"
14,3470,meta-llama/Llama-3.1-8B,520,4,3000000000,3154043232,154043232,252018,119498310,11514974,"[11513918, 11514974, 11516030]"
14,3614,meta-llama/Llama-3.1-8B,520,4,3000000000,3154043232,154043232,252018,119498310,11514974,"[11513918, 11514974, 11516030]"
14,3758,meta-llama/Llama-3.1-8B,520,4,3000000000,3154043232,154043232,252018,119498310,11514974,"[11513918, 11514974, 11516030]"
14,3902,meta-llama/Llama-3.1-8B,520,4,3000000000,3154043232,154043232,252018,119498310,11514974,"[11513918, 11514974, 11516030]"
14,4046,meta-llama/Llama-3.1-8B,520,4,3000000000,4156521984,1156521984,154043232,1121977062,11514974,"[11513918, 11514974, 11516030]"
14,4190,meta-llama/Llama-3.1-8B,520,4,3000000000,4156521984,1156521984,154043232,1121977062,11514974,"[11513918, 11514974, 11516030]"
14,4334,meta-llama/Llama-3.1-8B,520,4,3000000000,4156521984,1156521984,154043232,1121977062,11514974,"[11513918, 11514974, 11516030]"
14,4478,meta-llama/Llama-3.1-8B,520,4,3000000000,4156521984,1156521984,154043232,1121977062,11514974,"[11513918, 11514974, 11516030]"
14,4622,meta-llama/Llama-3.1-8B,520,4,3000000000,4156521984,1156521984,154043232,1121977062,11514974,"[11513918, 11514974, 11516030]"
14,4766,meta-llama/Llama-3.1-8B,520,4,3000000000,4156521984,1156521984,154043232,1121977062,11514974,"[11513918, 11514974, 11516030]"
14,4910,meta-llama/Llama-3.1-8B,520,4,3000000000,4156521984,1156521984,154043232,1121977062,11514974,"[11513918, 11514974, 11516030]"
14,5054,meta-llama/Llama-3.1-8B,520,4,3000000000,4156521984,1156521984,154043232,1121977062,11514974,"[11513918, 11514974, 11516030]"
14,5198,meta-llama/Llama-3.1-8B,520,4,3000000000,5156411988,2156411988,1156521984,2122569249,11280913,"[11280401, 11280913, 11281425]"
14,5342,meta-llama/Llama-3.1-8B,520,4,3000000000,5156411988,2156411988,1156521984,2122569249,11280913,"[11280401, 11280913, 11281425]"
14,5486,meta-llama/Llama-3.1-8B,520,4,3000000000,5156411988,2156411988,1156521984,2122569249,11280913,"[11280401, 11280913, 11281425]"
14,5630,meta-llama/Llama-3.1-8B,520,4,3000000000,5156411988,2156411988,1156521984,2122569249,11280913,"[11280401, 11280913, 11281425]"
15,15,meta-llama/Llama-3.1-8B,512,4,0,341163862,341163862,1,91328310,83278517,"[159065888, 78864626, 11905038]"
15,159,meta-llama/Llama-3.1-8B,512,4,0,341163862,341163862,1,91328310,83278517,"[159065888, 78864626, 11905038]"
15,303,meta-llama/Llama-3.1-8B,512,4,0,341163862,341163862,1,91328310,83278517,"[159065888, 78864626, 11905038]"
15,447,meta-llama/Llama-3.1-8B,512,4,0,341163862,341163862,1,91328310,83278517,"[159065888, 78864626, 11905038]"
15,591,meta-llama/Llama-3.1-8B,512,4,0,432599977,432599977,91328310,250394198,60735259,"[78864626, 11905038, 91436115]"
15,735,meta-llama/Llama-3.1-8B,512,4,0,432599977,432599977,91328310,250394198,60735259,"[78864626, 11905038, 91436115]"
15,879,meta-llama/Llama-3.1-8B,512,4,0,432599977,432599977,91328310,250394198,60735259,"[78864626, 11905038, 91436115]"
15,1023,meta-llama/Llama-3.1-8B,512,4,0,573903235,573903235,250394198,329258824,81548137,"[11905038, 91436115, 141303258]"
15,1167,meta-llama/Llama-3.1-8B,512,4,0,680385546,680385546,341163862,432599977,82595189,"[141303258, 77898089, 28584222]"
15,1311,meta-llama/Llama-3.1-8B,512,4,0,680385546,680385546,341163862,432599977,82595189,"[141303258, 77898089, 28584222]"
15,1455,meta-llama/Llama-3.1-8B,512,4,0,680385546,680385546,341163862,432599977,82595189,"[141303258, 77898089, 28584222]"
15,1599,meta-llama/Llama-3.1-8B,512,4,0,751724195,751724195,432599977,573903235,59273653,"[77898089, 28584222, 71338649]"
15,1743,meta-llama/Llama-3.1-8B,512,4,0,751724195,751724195,432599977,573903235,59273653,"[77898089, 28584222, 71338649]"
15,1887,meta-llama/Llama-3.1-8B,512,4,0,751724195,751724195,432599977,573903235,59273653,"[77898089, 28584222, 71338649]"
15,2031,meta-llama/Llama-3.1-8B,512,4,0,751724195,751724195,432599977,573903235,59273653,"[77898089, 28584222, 71338649]"
15,2175,meta-llama/Llama-3.1-8B,512,4,0,806650298,806650298,573903235,651801324,51616324,"[28584222, 71338649, 54926103]"
15,2319,meta-llama/Llama-3.1-8B,512,4,0,837499955,837499955,680385546,751724195,28591920,"[54926103, 15651375, 15198282]"
15,2463,meta-llama/Llama-3.1-8B,512,4,0,837499955,837499955,680385546,751724195,28591920,"[54926103, 15651375, 15198282]"
15,2607,meta-llama/Llama-3.1-8B,512,4,0,837499955,837499955,680385546,751724195,28591920,"[54926103, 15651375, 15198282]"
15,2751,meta-llama/Llama-3.1-8B,512,4,0,851637128,851637128,751724195,806650298,14995610,"[15651375, 15198282, 14137173]"
15,2895,meta-llama/Llama-3.1-8B,520,4,3000000000,3161004890,161004890,252018,126459968,11514974,"[11513918, 11514974, 11516030]"
15,3039,meta-llama/Llama-3.1-8B,520,4,3000000000,3161004890,161004890,252018,126459968,11514974,"[11513918, 11514974, 11516030]"
15,3183,meta-llama/Llama-3.1-8B,520,4,3000000000,3161004890,161004890,252018,126459968,11514974,"[11513918, 11514974, 11516030]"
15,3327,meta-llama/Llama-3.1-8B,520,4,3000000000,3161004890,161004890,252018,126459968,11514974,"[11513918, 11514974, 11516030]"
15,3471,meta-llama/Llama-3.1-8B,520,4,3000000000,3161004890,161004890,252018,126459968,11514974,"[11513918, 11514974, 11516030]"
15,3615,meta-llama/Llama-3.1-8B,520,4,3000000000,3161004890,161004890,252018,126459968,11514974,"[11513918, 11514974, 11516030]"
15,3759,meta-llama/Llama-3.1-8B,520,4,3000000000,3161004890,161004890,252018,126459968,11514974,"[11513918, 11514974, 11516030]"
15,3903,meta-llama/Llama-3.1-8B,520,4,3000000000,3161004890,161004890,252018,126459968,11514974,"[11513918, 11514974, 11516030]"
15,4047,meta-llama/Llama-3.1-8B,520,4,3000000000,4163483642,1163483642,161004890,1128938720,11514974,"[11513918, 11514974, 11516030]"
15,4191,meta-llama/Llama-3.1-8B,520,4,3000000000,4163483642,1163483642,161004890,1128938720,11514974,"[11513918, 11514974, 11516030]"
15,4335,meta-llama/Llama-3.1-8B,520,4,3000000000,4163483642,1163483642,161004890,1128938720,11514974,"[11513918, 11514974, 11516030]"
15,4479,meta-llama/Llama-3.1-8B,520,4,3000000000,4163483642,1163483642,161004890,1128938720,11514974,"[11513918, 11514974, 11516030]"
15,4623,meta-llama/Llama-3.1-8B,520,4,3000000000,4163483642,1163483642,161004890,1128938720,11514974,"[11513918, 11514974, 11516030]"
15,4767,meta-llama/Llama-3.1-8B,520,4,3000000000,4163483642,1163483642,161004890,1128938720,11514974,"[11513918, 11514974, 11516030]"
15,4911,meta-llama/Llama-3.1-8B,520,4,3000000000,4163483642,1163483642,161004890,1128938720,11514974,"[11513918, 11514974, 11516030]"
15,5055,meta-llama/Llama-3.1-8B,520,4,3000000000,4163483642,1163483642,161004890,1128938720,11514974,"[11513918, 11514974, 11516030]"
15,5199,meta-llama/Llama-3.1-8B,520,4,3000000000,5163373646,2163373646,1163483642,2129530907,11280913,"[11280401, 11280913, 11281425]"
15,5343,meta-llama/Llama-3.1-8B,520,4,3000000000,5163373646,2163373646,1163483642,2129530907,11280913,"[11280401, 11280913, 11281425]"
15,5487,meta-llama/Llama-3.1-8B,520,4,3000000000,5163373646,2163373646,1163483642,2129530907,11280913,"[11280401, 11280913, 11281425]"
15,5631,meta-llama/Llama-3.1-8B,520,4,3000000000,5163373646,2163373646,1163483642,2129530907,11280913,"[11280401, 11280913, 11281425]"
16,16,meta-llama/Llama-3.1-8B,512,4,0,341166034,341166034,1,91853766,83104089,"[159065888, 78342111, 11904269]"
16,160,meta-llama/Llama-3.1-8B,512,4,0,341166034,341166034,1,91853766,83104089,"[159065888, 78342111, 11904269]"
16,304,meta-llama/Llama-3.1-8B,512,4,0,341166034,341166034,1,91853766,83104089,"[159065888, 78342111, 11904269]"
16,448,meta-llama/Llama-3.1-8B,512,4,0,341166034,341166034,1,91853766,83104089,"[159065888, 78342111, 11904269]"
16,592,meta-llama/Llama-3.1-8B,512,4,0,433125433,433125433,91853766,250919654,60735259,"[78342111, 11904269, 91959399]"
16,736,meta-llama/Llama-3.1-8B,512,4,0,433125433,433125433,91853766,250919654,60735259,"[78342111, 11904269, 91959399]"
16,880,meta-llama/Llama-3.1-8B,512,4,0,433125433,433125433,91853766,250919654,60735259,"[78342111, 11904269, 91959399]"
16,1024,meta-llama/Llama-3.1-8B,512,4,0,574299409,574299409,250919654,329261765,81679214,"[11904269, 91959399, 141173976]"
16,1168,meta-llama/Llama-3.1-8B,512,4,0,680387718,680387718,341166034,433125433,82420761,"[141173976, 77635164, 28453145]"
16,1312,meta-llama/Llama-3.1-8B,512,4,0,680387718,680387718,341166034,433125433,82420761,"[141173976, 77635164, 28453145]"
16,1456,meta-llama/Llama-3.1-8B,512,4,0,680387718,680387718,341166034,433125433,82420761,"[141173976, 77635164, 28453145]"
16,1600,meta-llama/Llama-3.1-8B,512,4,0,752119599,752119599,433125433,574299409,59273396,"[77635164, 28453145, 71731881]"
16,1744,meta-llama/Llama-3.1-8B,512,4,0,752119599,752119599,433125433,574299409,59273396,"[77635164, 28453145, 71731881]"
16,1888,meta-llama/Llama-3.1-8B,512,4,0,752119599,752119599,433125433,574299409,59273396,"[77635164, 28453145, 71731881]"
16,2032,meta-llama/Llama-3.1-8B,512,4,0,752119599,752119599,433125433,574299409,59273396,"[77635164, 28453145, 71731881]"
16,2176,meta-llama/Llama-3.1-8B,512,4,0,806866889,806866889,574299409,651934573,51644105,"[28453145, 71731881, 54747290]"
16,2320,meta-llama/Llama-3.1-8B,512,4,0,837501101,837501101,680387718,752119599,28460500,"[54747290, 15435930, 15198282]"
16,2464,meta-llama/Llama-3.1-8B,512,4,0,837501101,837501101,680387718,752119599,28460500,"[54747290, 15435930, 15198282]"
16,2608,meta-llama/Llama-3.1-8B,512,4,0,837501101,837501101,680387718,752119599,28460500,"[54747290, 15435930, 15198282]"
16,2752,meta-llama/Llama-3.1-8B,512,4,0,851637624,851637624,752119599,806866889,14923578,"[15435930, 15198282, 14136523]"
16,2896,meta-llama/Llama-3.1-8B,520,4,3000000000,3167966548,167966548,252018,133421626,11514974,"[11513918, 11514974, 11516030]"
16,3040,meta-llama/Llama-3.1-8B,520,4,3000000000,3167966548,167966548,252018,133421626,11514974,"[11513918, 11514974, 11516030]"
16,3184,meta-llama/Llama-3.1-8B,520,4,3000000000,3167966548,167966548,252018,133421626,11514974,"[11513918, 11514974, 11516030]"
16,3328,meta-llama/Llama-3.1-8B,520,4,3000000000,3167966548,167966548,252018,133421626,11514974,"[11513918, 11514974, 11516030]"
16,3472,meta-llama/Llama-3.1-8B,520,4,3000000000,3167966548,167966548,252018,133421626,11514974,"[11513918, 11514974, 11516030]"
16,3616,meta-llama/Llama-3.1-8B,520,4,3000000000,3167966548,167966548,252018,133421626,11514974,"[11513918, 11514974, 11516030]"
16,3760,meta-llama/Llama-3.1-8B,520,4,3000000000,3167966548,167966548,252018,133421626,11514974,"[11513918, 11514974, 11516030]"
16,3904,meta-llama/Llama-3.1-8B,520,4,3000000000,3167966548,167966548,252018,133421626,11514974,"[11513918, 11514974, 11516030]"
16,4048,meta-llama/Llama-3.1-8B,520,4,3000000000,4170445300,1170445300,167966548,1135900378,11514974,"[11513918, 11514974, 11516030]"
16,4192,meta-llama/Llama-3.1-8B,520,4,3000000000,4170445300,1170445300,167966548,1135900378,11514974,"[11513918, 11514974, 11516030]"
16,4336,meta-llama/Llama-3.1-8B,520,4,3000000000,4170445300,1170445300,167966548,1135900378,11514974,"[11513918, 11514974, 11516030]"
16,4480,meta-llama/Llama-3.1-8B,520,4,3000000000,4170445300,1170445300,167966548,1135900378,11514974,"[11513918, 11514974, 11516030]"
16,4624,meta-llama/Llama-3.1-8B,520,4,3000000000,4170445300,1170445300,167966548,1135900378,11514974,"[11513918, 11514974, 11516030]"
16,4768,meta-llama/Llama-3.1-8B,520,4,3000000000,4170445300,1170445300,167966548,1135900378,11514974,"[11513918, 11514974, 11516030]"
16,4912,meta-llama/Llama-3.1-8B,520,4,3000000000,4170445300,1170445300,167966548,1135900378,11514974,"[11513918, 11514974, 11516030]"
16,5056,meta-llama/Llama-3.1-8B,520,4,3000000000,4170445300,1170445300,167966548,1135900378,11514974,"[11513918, 11514974, 11516030]"
16,5200,meta-llama/Llama-3.1-8B,520,4,3000000000,5170335304,2170335304,1170445300,2136492565,11280913,"[11280401, 11280913, 11281425]"
16,5344,meta-llama/Llama-3.1-8B,520,4,3000000000,5170335304,2170335304,1170445300,2136492565,11280913,"[11280401, 11280913, 11281425]"
16,5488,meta-llama/Llama-3.1-8B,520,4,3000000000,5170335304,2170335304,1170445300,2136492565,11280913,"[11280401, 11280913, 11281425]"
16,5632,meta-llama/Llama-3.1-8B,520,4,3000000000,5170335304,2170335304,1170445300,2136492565,11280913,"[11280401, 11280913, 11281425]"
17,17,meta-llama/Llama-3.1-8B,512,4,0,341168206,341168206,1,92379222,82929661,"[159065888, 77819596, 11903500]"
17,161,meta-llama/Llama-3.1-8B,512,4,0,341168206,341168206,1,92379222,82929661,"[159065888, 77819596, 11903500]"
17,305,meta-llama/Llama-3.1-8B,512,4,0,341168206,341168206,1,92379222,82929661,"[159065888, 77819596, 11903500]"
17,449,meta-llama/Llama-3.1-8B,512,4,0,341168206,341168206,1,92379222,82929661,"[159065888, 77819596, 11903500]"
17,593,meta-llama/Llama-3.1-8B,512,4,0,433650889,433650889,92379222,251445110,60735259,"[77819596, 11903500, 92482683]"
17,737,meta-llama/Llama-3.1-8B,512,4,0,433650889,433650889,92379222,251445110,60735259,"[77819596, 11903500, 92482683]"
17,881,meta-llama/Llama-3.1-8B,512,4,0,433650889,433650889,92379222,251445110,60735259,"[77819596, 11903500, 92482683]"
17,1025,meta-llama/Llama-3.1-8B,512,4,0,574695583,574695583,251445110,329264706,81810292,"[11903500, 92482683, 141044694]"
17,1169,meta-llama/Llama-3.1-8B,512,4,0,680389890,680389890,341168206,433650889,82246333,"[141044694, 77372239, 28322068]"
17,1313,meta-llama/Llama-3.1-8B,512,4,0,680389890,680389890,341168206,433650889,82246333,"[141044694, 77372239, 28322068]"
17,1457,meta-llama/Llama-3.1-8B,512,4,0,680389890,680389890,341168206,433650889,82246333,"[141044694, 77372239, 28322068]"
17,1601,meta-llama/Llama-3.1-8B,512,4,0,752543040,752543040,433650889,574695583,59282485,"[77372239, 28322068, 72153150]"
17,1745,meta-llama/Llama-3.1-8B,512,4,0,752543040,752543040,433650889,574695583,59282485,"[77372239, 28322068, 72153150]"
17,1889,meta-llama/Llama-3.1-8B,512,4,0,752543040,752543040,433650889,574695583,59282485,"[77372239, 28322068, 72153150]"
17,2033,meta-llama/Llama-3.1-8B,512,4,0,752543040,752543040,433650889,574695583,59282485,"[77372239, 28322068, 72153150]"
17,2177,meta-llama/Llama-3.1-8B,512,4,0,807083480,807083480,574695583,652067822,51671886,"[28322068, 72153150, 54540440]"
17,2321,meta-llama/Llama-3.1-8B,512,4,0,837502247,837502247,680389890,752543040,28319735,"[54540440, 15220485, 15198282]"
17,2465,meta-llama/Llama-3.1-8B,512,4,0,837502247,837502247,680389890,752543040,28319735,"[54540440, 15220485, 15198282]"
17,2609,meta-llama/Llama-3.1-8B,512,4,0,837502247,837502247,680389890,752543040,28319735,"[54540440, 15220485, 15198282]"
17,2753,meta-llama/Llama-3.1-8B,512,4,0,851639146,851639146,752543040,807083480,14851888,"[15220485, 15198282, 14136899]"
17,2897,meta-llama/Llama-3.1-8B,520,4,3000000000,3174928206,174928206,252018,140383284,11514974,"[11513918, 11514974, 11516030]"
17,3041,meta-llama/Llama-3.1-8B,520,4,3000000000,3174928206,174928206,252018,140383284,11514974,"[11513918, 11514974, 11516030]"
17,3185,meta-llama/Llama-3.1-8B,520,4,3000000000,3174928206,174928206,252018,140383284,11514974,"[11513918, 11514974, 11516030]"
17,3329,meta-llama/Llama-3.1-8B,520,4,3000000000,3174928206,174928206,252018,140383284,11514974,"[11513918, 11514974, 11516030]"
17,3473,meta-llama/Llama-3.1-8B,520,4,3000000000,3174928206,174928206,252018,140383284,11514974,"[11513918, 11514974, 11516030]"
17,3617,meta-llama/Llama-3.1-8B,520,4,3000000000,3174928206,174928206,252018,140383284,11514974,"[11513918, 11514974, 11516030]"
17,3761,meta-llama/Llama-3.1-8B,520,4,3000000000,3174928206,174928206,252018,140383284,11514974,"[11513918, 11514974, 11516030]"
17,3905,meta-llama/Llama-3.1-8B,520,4,3000000000,3174928206,174928206,252018,140383284,11514974,"[11513918, 11514974, 11516030]"
17,4049,meta-llama/Llama-3.1-8B,520,4,3000000000,4177406958,1177406958,174928206,1142862036,11514974,"[11513918, 11514974, 11516030]"
17,4193,meta-llama/Llama-3.1-8B,520,4,3000000000,4177406958,1177406958,174928206,1142862036,11514974,"[11513918, 11514974, 11516030]"
17,4337,meta-llama/Llama-3.1-8B,520,4,3000000000,4177406958,1177406958,174928206,1142862036,11514974,"[11513918, 11514974, 11516030]"
17,4481,meta-llama/Llama-3.1-8B,520,4,3000000000,4177406958,1177406958,174928206,1142862036,11514974,"[11513918, 11514974, 11516030]"
17,4625,meta-llama/Llama-3.1-8B,520,4,3000000000,4177406958,1177406958,174928206,1142862036,11514974,"[11513918, 11514974, 11516030]"
17,4769,meta-llama/Llama-3.1-8B,520,4,3000000000,4177406958,1177406958,174928206,1142862036,11514974,"[11513918, 11514974, 11516030]"
17,4913,meta-llama/Llama-3.1-8B,520,4,3000000000,4177406958,1177406958,174928206,1142862036,11514974,"[11513918, 11514974, 11516030]"
17,5057,meta-llama/Llama-3.1-8B,520,4,3000000000,4177406958,1177406958,174928206,1142862036,11514974,"[11513918, 11514974, 11516030]"
17,5201,meta-llama/Llama-3.1-8B,520,4,3000000000,5177296962,2177296962,1177406958,2143454223,11280913,"[11280401, 11280913, 11281425]"
17,5345,meta-llama/Llama-3.1-8B,520,4,3000000000,5177296962,2177296962,1177406958,2143454223,11280913,"[11280401, 11280913, 11281425]"
17,5489,meta-llama/Llama-3.1-8B,520,4,3000000000,5177296962,2177296962,1177406958,2143454223,11280913,"[11280401, 11280913, 11281425]"
17,5633,meta-llama/Llama-3.1-8B,520,4,3000000000,5177296962,2177296962,1177406958,2143454223,11280913,"[11280401, 11280913, 11281425]"
18,18,meta-llama/Llama-3.1-8B,512,4,0,341170378,341170378,1,92904678,82755233,"[159065888, 77297081, 11902731]"
18,162,meta-llama/Llama-3.1-8B,512,4,0,341170378,341170378,1,92904678,82755233,"[159065888, 77297081, 11902731]"
18,306,meta-llama/Llama-3.1-8B,512,4,0,341170378,341170378,1,92904678,82755233,"[159065888, 77297081, 11902731]"
18,450,meta-llama/Llama-3.1-8B,512,4,0,341170378,341170378,1,92904678,82755233,"[159065888, 77297081, 11902731]"
18,594,meta-llama/Llama-3.1-8B,512,4,0,434176345,434176345,92904678,251970566,60735259,"[77297081, 11902731, 93005967]"
18,738,meta-llama/Llama-3.1-8B,512,4,0,434176345,434176345,92904678,251970566,60735259,"[77297081, 11902731, 93005967]"
18,882,meta-llama/Llama-3.1-8B,512,4,0,434176345,434176345,92904678,251970566,60735259,"[77297081, 11902731, 93005967]"
18,1026,meta-llama/Llama-3.1-8B,512,4,0,575091757,575091757,251970566,329267647,81941370,"[11902731, 93005967, 140915412]"
18,1170,meta-llama/Llama-3.1-8B,512,4,0,680392062,680392062,341170378,434176345,82071905,"[140915412, 77109314, 28190991]"
18,1314,meta-llama/Llama-3.1-8B,512,4,0,680392062,680392062,341170378,434176345,82071905,"[140915412, 77109314, 28190991]"
18,1458,meta-llama/Llama-3.1-8B,512,4,0,680392062,680392062,341170378,434176345,82071905,"[140915412, 77109314, 28190991]"
18,1602,meta-llama/Llama-3.1-8B,512,4,0,752938444,752938444,434176345,575091757,59282229,"[77109314, 28190991, 72546382]"
18,1746,meta-llama/Llama-3.1-8B,512,4,0,752938444,752938444,434176345,575091757,59282229,"[77109314, 28190991, 72546382]"
18,1890,meta-llama/Llama-3.1-8B,512,4,0,752938444,752938444,434176345,575091757,59282229,"[77109314, 28190991, 72546382]"
18,2034,meta-llama/Llama-3.1-8B,512,4,0,752938444,752938444,434176345,575091757,59282229,"[77109314, 28190991, 72546382]"
18,2178,meta-llama/Llama-3.1-8B,512,4,0,807272034,807272034,575091757,652201071,51690321,"[28190991, 72546382, 54333590]"
18,2322,meta-llama/Llama-3.1-8B,512,4,0,837503393,837503393,680392062,752938444,28188316,"[54333590, 15033077, 15198282]"
18,2466,meta-llama/Llama-3.1-8B,512,4,0,837503393,837503393,680392062,752938444,28188316,"[54333590, 15033077, 15198282]"
18,2610,meta-llama/Llama-3.1-8B,512,4,0,837503393,837503393,680392062,752938444,28188316,"[54333590, 15033077, 15198282]"
18,2754,meta-llama/Llama-3.1-8B,512,4,0,851640668,851640668,752938444,807272034,14789544,"[15033077, 15198282, 14137275]"
18,2898,meta-llama/Llama-3.1-8B,520,4,3000000000,3181889864,181889864,252018,147344942,11514974,"[11513918, 11514974, 11516030]"
18,3042,meta-llama/Llama-3.1-8B,520,4,3000000000,3181889864,181889864,252018,147344942,11514974,"[11513918, 11514974, 11516030]"
18,3186,meta-llama/Llama-3.1-8B,520,4,3000000000,3181889864,181889864,252018,147344942,11514974,"[11513918, 11514974, 11516030]"
18,3330,meta-llama/Llama-3.1-8B,520,4,3000000000,3181889864,181889864,252018,147344942,11514974,"[11513918, 11514974, 11516030]"
18,3474,meta-llama/Llama-3.1-8B,520,4,3000000000,3181889864,181889864,252018,147344942,11514974,"[11513918, 11514974, 11516030]"
18,3618,meta-llama/Llama-3.1-8B,520,4,3000000000,3181889864,181889864,252018,147344942,11514974,"[11513918, 11514974, 11516030]"
18,3762,meta-llama/Llama-3.1-8B,520,4,3000000000,3181889864,181889864,252018,147344942,11514974,"[11513918, 11514974, 11516030]"
18,3906,meta-llama/Llama-3.1-8B,520,4,3000000000,3181889864,181889864,252018,147344942,11514974,"[11513918, 11514974, 11516030]"
18,4050,meta-llama/Llama-3.1-8B,520,4,3000000000,4184368616,1184368616,181889864,1149823694,11514974,"[11513918, 11514974, 11516030]"
18,4194,meta-llama/Llama-3.1-8B,520,4,3000000000,4184368616,1184368616,181889864,1149823694,11514974,"[11513918, 11514974, 11516030]"
18,4338,meta-llama/Llama-3.1-8B,520,4,3000000000,4184368616,1184368616,181889864,1149823694,11514974,"[11513918, 11514974, 11516030]"
18,4482,meta-llama/Llama-3.1-8B,520,4,3000000000,4184368616,1184368616,181889864,1149823694,11514974,"[11513918, 11514974, 11516030]"
18,4626,meta-llama/Llama-3.1-8B,520,4,3000000000,4184368616,1184368616,181889864,1149823694,11514974,"[11513918, 11514974, 11516030]"
18,4770,meta-llama/Llama-3.1-8B,520,4,3000000000,4184368616,1184368616,181889864,1149823694,11514974,"[11513918, 11514974, 11516030]"
18,4914,meta-llama/Llama-3.1-8B,520,4,3000000000,4184368616,1184368616,181889864,1149823694,11514974,"[11513918, 11514974, 11516030]"
18,5058,meta-llama/Llama-3.1-8B,520,4,3000000000,4184368616,1184368616,181889864,1149823694,11514974,"[11513918, 11514974, 11516030]"
18,5202,meta-llama/Llama-3.1-8B,520,4,3000000000,5184258620,2184258620,1184368616,2150415881,11280913,"[11280401, 11280913, 11281425]"
18,5346,meta-llama/Llama-3.1-8B,520,4,3000000000,5184258620,2184258620,1184368616,2150415881,11280913,"[11280401, 11280913, 11281425]"
18,5490,meta-llama/Llama-3.1-8B,520,4,3000000000,5184258620,2184258620,1184368616,2150415881,11280913,"[11280401, 11280913, 11281425]"
18,5634,meta-llama/Llama-3.1-8B,520,4,3000000000,5184258620,2184258620,1184368616,2150415881,11280913,"[11280401, 11280913, 11281425]"
19,19,meta-llama/Llama-3.1-8B,512,4,0,341172550,341172550,1,93430134,82580805,"[159065888, 76774566, 11901962]"
19,163,meta-llama/Llama-3.1-8B,512,4,0,341172550,341172550,1,93430134,82580805,"[159065888, 76774566, 11901962]"
19,307,meta-llama/Llama-3.1-8B,512,4,0,341172550,341172550,1,93430134,82580805,"[159065888, 76774566, 11901962]"
19,451,meta-llama/Llama-3.1-8B,512,4,0,341172550,341172550,1,93430134,82580805,"[159065888, 76774566, 11901962]"
19,595,meta-llama/Llama-3.1-8B,512,4,0,434701801,434701801,93430134,252496022,60735259,"[76774566, 11901962, 93529251]"
19,739,meta-llama/Llama-3.1-8B,512,4,0,434701801,434701801,93430134,252496022,60735259,"[76774566, 11901962, 93529251]"
19,883,meta-llama/Llama-3.1-8B,512,4,0,434701801,434701801,93430134,252496022,60735259,"[76774566, 11901962, 93529251]"
19,1027,meta-llama/Llama-3.1-8B,512,4,0,575487931,575487931,252496022,329270588,82072447,"[11901962, 93529251, 140786130]"
19,1171,meta-llama/Llama-3.1-8B,512,4,0,680394234,680394234,341172550,434701801,81897477,"[140786130, 76846389, 28059914]"
19,1315,meta-llama/Llama-3.1-8B,512,4,0,680394234,680394234,341172550,434701801,81897477,"[140786130, 76846389, 28059914]"
19,1459,meta-llama/Llama-3.1-8B,512,4,0,680394234,680394234,341172550,434701801,81897477,"[140786130, 76846389, 28059914]"
19,1603,meta-llama/Llama-3.1-8B,512,4,0,753361885,753361885,434701801,575487931,59291318,"[76846389, 28059914, 72967651]"
19,1747,meta-llama/Llama-3.1-8B,512,4,0,753361885,753361885,434701801,575487931,59291318,"[76846389, 28059914, 72967651]"
19,1891,meta-llama/Llama-3.1-8B,512,4,0,753361885,753361885,434701801,575487931,59291318,"[76846389, 28059914, 72967651]"
19,2035,meta-llama/Llama-3.1-8B,512,4,0,753361885,753361885,434701801,575487931,59291318,"[76846389, 28059914, 72967651]"
19,2179,meta-llama/Llama-3.1-8B,512,4,0,807488625,807488625,575487931,652334320,51718101,"[28059914, 72967651, 54126740]"
19,2323,meta-llama/Llama-3.1-8B,512,4,0,837637139,837637139,680394234,753361885,28091751,"[54126740, 14944982, 15203532]"
19,2467,meta-llama/Llama-3.1-8B,512,4,0,837637139,837637139,680394234,753361885,28091751,"[54126740, 14944982, 15203532]"
19,2611,meta-llama/Llama-3.1-8B,512,4,0,837637139,837637139,680394234,753361885,28091751,"[54126740, 14944982, 15203532]"
19,2755,meta-llama/Llama-3.1-8B,512,4,0,851641044,851641044,753361885,807488625,14717473,"[14944982, 15203532, 14003905]"
19,2899,meta-llama/Llama-3.1-8B,520,4,3000000000,3188851522,188851522,252018,154306600,11514974,"[11513918, 11514974, 11516030]"
19,3043,meta-llama/Llama-3.1-8B,520,4,3000000000,3188851522,188851522,252018,154306600,11514974,"[11513918, 11514974, 11516030]"
19,3187,meta-llama/Llama-3.1-8B,520,4,3000000000,3188851522,188851522,252018,154306600,11514974,"[11513918, 11514974, 11516030]"
19,3331,meta-llama/Llama-3.1-8B,520,4,3000000000,3188851522,188851522,252018,154306600,11514974,"[11513918, 11514974, 11516030]"
19,3475,meta-llama/Llama-3.1-8B,520,4,3000000000,3188851522,188851522,252018,154306600,11514974,"[11513918, 11514974, 11516030]"
19,3619,meta-llama/Llama-3.1-8B,520,4,3000000000,3188851522,188851522,252018,154306600,11514974,"[11513918, 11514974, 11516030]"
19,3763,meta-llama/Llama-3.1-8B,520,4,3000000000,3188851522,188851522,252018,154306600,11514974,"[11513918, 11514974, 11516030]"
19,3907,meta-llama/Llama-3.1-8B,520,4,3000000000,3188851522,188851522,252018,154306600,11514974,"[11513918, 11514974, 11516030]"
19,4051,meta-llama/Llama-3.1-8B,520,4,3000000000,4191330274,1191330274,188851522,1156785352,11514974,"[11513918, 11514974, 11516030]"
19,4195,meta-llama/Llama-3.1-8B,520,4,3000000000,4191330274,1191330274,188851522,1156785352,11514974,"[11513918, 11514974, 11516030]"
19,4339,meta-llama/Llama-3.1-8B,520,4,3000000000,4191330274,1191330274,188851522,1156785352,11514974,"[11513918, 11514974, 11516030]"
19,4483,meta-llama/Llama-3.1-8B,520,4,3000000000,4191330274,1191330274,188851522,1156785352,11514974,"[11513918, 11514974, 11516030]"
19,4627,meta-llama/Llama-3.1-8B,520,4,3000000000,4191330274,1191330274,188851522,1156785352,11514974,"[11513918, 11514974, 11516030]"
19,4771,meta-llama/Llama-3.1-8B,520,4,3000000000,4191330274,1191330274,188851522,1156785352,11514974,"[11513918, 11514974, 11516030]"
19,4915,meta-llama/Llama-3.1-8B,520,4,3000000000,4191330274,1191330274,188851522,1156785352,11514974,"[11513918, 11514974, 11516030]"
19,5059,meta-llama/Llama-3.1-8B,520,4,3000000000,4191330274,1191330274,188851522,1156785352,11514974,"[11513918, 11514974, 11516030]"
19,5203,meta-llama/Llama-3.1-8B,520,4,3000000000,5191220278,2191220278,1191330274,2157377539,11280913,"[11280401, 11280913, 11281425]"
19,5347,meta-llama/Llama-3.1-8B,520,4,3000000000,5191220278,2191220278,1191330274,2157377539,11280913,"[11280401, 11280913, 11281425]"
19,5491,meta-llama/Llama-3.1-8B,520,4,3000000000,5191220278,2191220278,1191330274,2157377539,11280913,"[11280401, 11280913, 11281425]"
19,5635,meta-llama/Llama-3.1-8B,520,4,3000000000,5191220278,2191220278,1191330274,2157377539,11280913,"[11280401, 11280913, 11281425]"
20,20,meta-llama/Llama-3.1-8B,512,4,0,341174722,341174722,1,93955590,82406377,"[159065888, 76252051, 11901193]"
20,164,meta-llama/Llama-3.1-8B,512,4,0,341174722,341174722,1,93955590,82406377,"[159065888, 76252051, 11901193]"
20,308,meta-llama/Llama-3.1-8B,512,4,0,341174722,341174722,1,93955590,82406377,"[159065888, 76252051, 11901193]"
20,452,meta-llama/Llama-3.1-8B,512,4,0,341174722,341174722,1,93955590,82406377,"[159065888, 76252051, 11901193]"
20,596,meta-llama/Llama-3.1-8B,512,4,0,435227257,435227257,93955590,253021478,60735259,"[76252051, 11901193, 94052535]"
20,740,meta-llama/Llama-3.1-8B,512,4,0,435227257,435227257,93955590,253021478,60735259,"[76252051, 11901193, 94052535]"
20,884,meta-llama/Llama-3.1-8B,512,4,0,435227257,435227257,93955590,253021478,60735259,"[76252051, 11901193, 94052535]"
20,1028,meta-llama/Llama-3.1-8B,512,4,0,575884105,575884105,253021478,329273529,82203525,"[11901193, 94052535, 140656848]"
20,1172,meta-llama/Llama-3.1-8B,512,4,0,680396406,680396406,341174722,435227257,81723049,"[140656848, 76583464, 27928837]"
20,1316,meta-llama/Llama-3.1-8B,512,4,0,680396406,680396406,341174722,435227257,81723049,"[140656848, 76583464, 27928837]"
20,1460,meta-llama/Llama-3.1-8B,512,4,0,680396406,680396406,341174722,435227257,81723049,"[140656848, 76583464, 27928837]"
20,1604,meta-llama/Llama-3.1-8B,512,4,0,753757289,753757289,435227257,575884105,59291061,"[76583464, 27928837, 73360883]"
20,1748,meta-llama/Llama-3.1-8B,512,4,0,753757289,753757289,435227257,575884105,59291061,"[76583464, 27928837, 73360883]"
20,1892,meta-llama/Llama-3.1-8B,512,4,0,753757289,753757289,435227257,575884105,59291061,"[76583464, 27928837, 73360883]"
20,2036,meta-llama/Llama-3.1-8B,512,4,0,753757289,753757289,435227257,575884105,59291061,"[76583464, 27928837, 73360883]"
20,2180,meta-llama/Llama-3.1-8B,512,4,0,807677179,807677179,575884105,652467569,51736536,"[27928837, 73360883, 53919890]"
20,2324,meta-llama/Llama-3.1-8B,512,4,0,837638285,837638285,680396406,753757289,27960332,"[53919890, 14757574, 15203532]"
20,2468,meta-llama/Llama-3.1-8B,512,4,0,837638285,837638285,680396406,753757289,27960332,"[53919890, 14757574, 15203532]"
20,2612,meta-llama/Llama-3.1-8B,512,4,0,837638285,837638285,680396406,753757289,27960332,"[53919890, 14757574, 15203532]"
20,2756,meta-llama/Llama-3.1-8B,512,4,0,851641420,851641420,753757289,807677179,14654747,"[14757574, 15203532, 14003135]"
20,2900,meta-llama/Llama-3.1-8B,520,4,3000000000,3195813180,195813180,252018,161268258,11514974,"[11513918, 11514974, 11516030]"
20,3044,meta-llama/Llama-3.1-8B,520,4,3000000000,3195813180,195813180,252018,161268258,11514974,"[11513918, 11514974, 11516030]"
20,3188,meta-llama/Llama-3.1-8B,520,4,3000000000,3195813180,195813180,252018,161268258,11514974,"[11513918, 11514974, 11516030]"
20,3332,meta-llama/Llama-3.1-8B,520,4,3000000000,3195813180,195813180,252018,161268258,11514974,"[11513918, 11514974, 11516030]"
20,3476,meta-llama/Llama-3.1-8B,520,4,3000000000,3195813180,195813180,252018,161268258,11514974,"[11513918, 11514974, 11516030]"
20,3620,meta-llama/Llama-3.1-8B,520,4,3000000000,3195813180,195813180,252018,161268258,11514974,"[11513918, 11514974, 11516030]"
20,3764,meta-llama/Llama-3.1-8B,520,4,3000000000,3195813180,195813180,252018,161268258,11514974,"[11513918, 11514974, 11516030]"
20,3908,meta-llama/Llama-3.1-8B,520,4,3000000000,3195813180,195813180,252018,161268258,11514974,"[11513918, 11514974, 11516030]"
20,4052,meta-llama/Llama-3.1-8B,520,4,3000000000,4198291932,1198291932,195813180,1163747010,11514974,"[11513918, 11514974, 11516030]"
20,4196,meta-llama/Llama-3.1-8B,520,4,3000000000,4198291932,1198291932,195813180,1163747010,11514974,"[11513918, 11514974, 11516030]"
20,4340,meta-llama/Llama-3.1-8B,520,4,3000000000,4198291932,1198291932,195813180,1163747010,11514974,"[11513918, 11514974, 11516030]"
20,4484,meta-llama/Llama-3.1-8B,520,4,3000000000,4198291932,1198291932,195813180,1163747010,11514974,"[11513918, 11514974, 11516030]"
20,4628,meta-llama/Llama-3.1-8B,520,4,3000000000,4198291932,1198291932,195813180,1163747010,11514974,"[11513918, 11514974, 11516030]"
20,4772,meta-llama/Llama-3.1-8B,520,4,3000000000,4198291932,1198291932,195813180,1163747010,11514974,"[11513918, 11514974, 11516030]"
20,4916,meta-llama/Llama-3.1-8B,520,4,3000000000,4198291932,1198291932,195813180,1163747010,11514974,"[11513918, 11514974, 11516030]"
20,5060,meta-llama/Llama-3.1-8B,520,4,3000000000,4198291932,1198291932,195813180,1163747010,11514974,"[11513918, 11514974, 11516030]"
20,5204,meta-llama/Llama-3.1-8B,520,4,3000000000,5198181936,2198181936,1198291932,2164339197,11280913,"[11280401, 11280913, 11281425]"
20,5348,meta-llama/Llama-3.1-8B,520,4,3000000000,5198181936,2198181936,1198291932,2164339197,11280913,"[11280401, 11280913, 11281425]"
20,5492,meta-llama/Llama-3.1-8B,520,4,3000000000,5198181936,2198181936,1198291932,2164339197,11280913,"[11280401, 11280913, 11281425]"
20,5636,meta-llama/Llama-3.1-8B,520,4,3000000000,5198181936,2198181936,1198291932,2164339197,11280913,"[11280401, 11280913, 11281425]"
21,21,meta-llama/Llama-3.1-8B,512,4,0,341176894,341176894,1,94481046,82231949,"[159065888, 75729536, 11900424]"
21,165,meta-llama/Llama-3.1-8B,512,4,0,341176894,341176894,1,94481046,82231949,"[159065888, 75729536, 11900424]"
21,309,meta-llama/Llama-3.1-8B,512,4,0,341176894,341176894,1,94481046,82231949,"[159065888, 75729536, 11900424]"
21,453,meta-llama/Llama-3.1-8B,512,4,0,341176894,341176894,1,94481046,82231949,"[159065888, 75729536, 11900424]"
21,597,meta-llama/Llama-3.1-8B,512,4,0,435752713,435752713,94481046,253546934,60735259,"[75729536, 11900424, 94575819]"
21,741,meta-llama/Llama-3.1-8B,512,4,0,435752713,435752713,94481046,253546934,60735259,"[75729536, 11900424, 94575819]"
21,885,meta-llama/Llama-3.1-8B,512,4,0,435752713,435752713,94481046,253546934,60735259,"[75729536, 11900424, 94575819]"
21,1029,meta-llama/Llama-3.1-8B,512,4,0,576280279,576280279,253546934,329276470,82334603,"[11900424, 94575819, 140527566]"
21,1173,meta-llama/Llama-3.1-8B,512,4,0,680398578,680398578,341176894,435752713,81548621,"[140527566, 76320539, 27797760]"
21,1317,meta-llama/Llama-3.1-8B,512,4,0,680398578,680398578,341176894,435752713,81548621,"[140527566, 76320539, 27797760]"
21,1461,meta-llama/Llama-3.1-8B,512,4,0,680398578,680398578,341176894,435752713,81548621,"[140527566, 76320539, 27797760]"
21,1605,meta-llama/Llama-3.1-8B,512,4,0,754152693,754152693,435752713,576280279,59290804,"[76320539, 27797760, 73754115]"
21,1749,meta-llama/Llama-3.1-8B,512,4,0,754152693,754152693,435752713,576280279,59290804,"[76320539, 27797760, 73754115]"
21,1893,meta-llama/Llama-3.1-8B,512,4,0,754152693,754152693,435752713,576280279,59290804,"[76320539, 27797760, 73754115]"
21,2037,meta-llama/Llama-3.1-8B,512,4,0,754152693,754152693,435752713,576280279,59290804,"[76320539, 27797760, 73754115]"
21,2181,meta-llama/Llama-3.1-8B,512,4,0,807893770,807893770,576280279,652600818,51764317,"[27797760, 73754115, 53741077]"
21,2325,meta-llama/Llama-3.1-8B,512,4,0,837639431,837639431,680398578,754152693,27828912,"[53741077, 14542129, 15203532]"
21,2469,meta-llama/Llama-3.1-8B,512,4,0,837639431,837639431,680398578,754152693,27828912,"[53741077, 14542129, 15203532]"
21,2613,meta-llama/Llama-3.1-8B,512,4,0,837639431,837639431,680398578,754152693,27828912,"[53741077, 14542129, 15203532]"
21,2757,meta-llama/Llama-3.1-8B,512,4,0,851641796,851641796,754152693,807893770,14582675,"[14542129, 15203532, 14002365]"
21,2901,meta-llama/Llama-3.1-8B,520,4,3000000000,3202774838,202774838,252018,168229916,11514974,"[11513918, 11514974, 11516030]"
21,3045,meta-llama/Llama-3.1-8B,520,4,3000000000,3202774838,202774838,252018,168229916,11514974,"[11513918, 11514974, 11516030]"
21,3189,meta-llama/Llama-3.1-8B,520,4,3000000000,3202774838,202774838,252018,168229916,11514974,"[11513918, 11514974, 11516030]"
21,3333,meta-llama/Llama-3.1-8B,520,4,3000000000,3202774838,202774838,252018,168229916,11514974,"[11513918, 11514974, 11516030]"
21,3477,meta-llama/Llama-3.1-8B,520,4,3000000000,3202774838,202774838,252018,168229916,11514974,"[11513918, 11514974, 11516030]"
21,3621,meta-llama/Llama-3.1-8B,520,4,3000000000,3202774838,202774838,252018,168229916,11514974,"[11513918, 11514974, 11516030]"
21,3765,meta-llama/Llama-3.1-8B,520,4,3000000000,3202774838,202774838,252018,168229916,11514974,"[11513918, 11514974, 11516030]"
21,3909,meta-llama/Llama-3.1-8B,520,4,3000000000,3202774838,202774838,252018,168229916,11514974,"[11513918, 11514974, 11516030]"
21,4053,meta-llama/Llama-3.1-8B,520,4,3000000000,4205253590,1205253590,202774838,1170708668,11514974,"[11513918, 11514974, 11516030]"
21,4197,meta-llama/Llama-3.1-8B,520,4,3000000000,4205253590,1205253590,202774838,1170708668,11514974,"[11513918, 11514974, 11516030]"
21,4341,meta-llama/Llama-3.1-8B,520,4,3000000000,4205253590,1205253590,202774838,1170708668,11514974,"[11513918, 11514974, 11516030]"
21,4485,meta-llama/Llama-3.1-8B,520,4,3000000000,4205253590,1205253590,202774838,1170708668,11514974,"[11513918, 11514974, 11516030]"
21,4629,meta-llama/Llama-3.1-8B,520,4,3000000000,4205253590,1205253590,202774838,1170708668,11514974,"[11513918, 11514974, 11516030]"
21,4773,meta-llama/Llama-3.1-8B,520,4,3000000000,4205253590,1205253590,202774838,1170708668,11514974,"[11513918, 11514974, 11516030]"
21,4917,meta-llama/Llama-3.1-8B,520,4,3000000000,4205253590,1205253590,202774838,1170708668,11514974,"[11513918, 11514974, 11516030]"
21,5061,meta-llama/Llama-3.1-8B,520,4,3000000000,4205253590,1205253590,202774838,1170708668,11514974,"[11513918, 11514974, 11516030]"
21,5205,meta-llama/Llama-3.1-8B,520,4,3000000000,5205143594,2205143594,1205253590,2171300855,11280913,"[11280401, 11280913, 11281425]"
21,5349,meta-llama/Llama-3.1-8B,520,4,3000000000,5205143594,2205143594,1205253590,2171300855,11280913,"[11280401, 11280913, 11281425]"
21,5493,meta-llama/Llama-3.1-8B,520,4,3000000000,5205143594,2205143594,1205253590,2171300855,11280913,"[11280401, 11280913, 11281425]"
21,5637,meta-llama/Llama-3.1-8B,520,4,3000000000,5205143594,2205143594,1205253590,2171300855,11280913,"[11280401, 11280913, 11281425]"
22,22,meta-llama/Llama-3.1-8B,512,4,0,341179066,341179066,1,95006502,82057521,"[159065888, 75207021, 11899655]"
22,166,meta-llama/Llama-3.1-8B,512,4,0,341179066,341179066,1,95006502,82057521,"[159065888, 75207021, 11899655]"
22,310,meta-llama/Llama-3.1-8B,512,4,0,341179066,341179066,1,95006502,82057521,"[159065888, 75207021, 11899655]"
22,454,meta-llama/Llama-3.1-8B,512,4,0,341179066,341179066,1,95006502,82057521,"[159065888, 75207021, 11899655]"
22,598,meta-llama/Llama-3.1-8B,512,4,0,436278169,436278169,95006502,254072390,60735259,"[75207021, 11899655, 95099103]"
22,742,meta-llama/Llama-3.1-8B,512,4,0,436278169,436278169,95006502,254072390,60735259,"[75207021, 11899655, 95099103]"
22,886,meta-llama/Llama-3.1-8B,512,4,0,436278169,436278169,95006502,254072390,60735259,"[75207021, 11899655, 95099103]"
22,1030,meta-llama/Llama-3.1-8B,512,4,0,576676453,576676453,254072390,329279411,82465680,"[11899655, 95099103, 140398284]"
22,1174,meta-llama/Llama-3.1-8B,512,4,0,680400750,680400750,341179066,436278169,81374193,"[140398284, 76057614, 27666683]"
22,1318,meta-llama/Llama-3.1-8B,512,4,0,680400750,680400750,341179066,436278169,81374193,"[140398284, 76057614, 27666683]"
22,1462,meta-llama/Llama-3.1-8B,512,4,0,680400750,680400750,341179066,436278169,81374193,"[140398284, 76057614, 27666683]"
22,1606,meta-llama/Llama-3.1-8B,512,4,0,754576134,754576134,436278169,576676453,59299893,"[76057614, 27666683, 74175384]"
22,1750,meta-llama/Llama-3.1-8B,512,4,0,754576134,754576134,436278169,576676453,59299893,"[76057614, 27666683, 74175384]"
22,1894,meta-llama/Llama-3.1-8B,512,4,0,754576134,754576134,436278169,576676453,59299893,"[76057614, 27666683, 74175384]"
22,2038,meta-llama/Llama-3.1-8B,512,4,0,754576134,754576134,436278169,576676453,59299893,"[76057614, 27666683, 74175384]"
22,2182,meta-llama/Llama-3.1-8B,512,4,0,808110361,808110361,576676453,652734067,51792098,"[27666683, 74175384, 53534227]"
22,2326,meta-llama/Llama-3.1-8B,512,4,0,837640577,837640577,680400750,754576134,27688147,"[53534227, 14326684, 15203532]"
22,2470,meta-llama/Llama-3.1-8B,512,4,0,837640577,837640577,680400750,754576134,27688147,"[53534227, 14326684, 15203532]"
22,2614,meta-llama/Llama-3.1-8B,512,4,0,837640577,837640577,680400750,754576134,27688147,"[53534227, 14326684, 15203532]"
22,2758,meta-llama/Llama-3.1-8B,512,4,0,851642172,851642172,754576134,808110361,14510603,"[14326684, 15203532, 14001595]"
22,2902,meta-llama/Llama-3.1-8B,520,4,3000000000,3209736496,209736496,252018,175191574,11514974,"[11513918, 11514974, 11516030]"
22,3046,meta-llama/Llama-3.1-8B,520,4,3000000000,3209736496,209736496,252018,175191574,11514974,"[11513918, 11514974, 11516030]"
22,3190,meta-llama/Llama-3.1-8B,520,4,3000000000,3209736496,209736496,252018,175191574,11514974,"[11513918, 11514974, 11516030]"
22,3334,meta-llama/Llama-3.1-8B,520,4,3000000000,3209736496,209736496,252018,175191574,11514974,"[11513918, 11514974, 11516030]"
22,3478,meta-llama/Llama-3.1-8B,520,4,3000000000,3209736496,209736496,252018,175191574,11514974,"[11513918, 11514974, 11516030]"
22,3622,meta-llama/Llama-3.1-8B,520,4,3000000000,3209736496,209736496,252018,175191574,11514974,"[11513918, 11514974, 11516030]"
22,3766,meta-llama/Llama-3.1-8B,520,4,3000000000,3209736496,209736496,252018,175191574,11514974,"[11513918, 11514974, 11516030]"
22,3910,meta-llama/Llama-3.1-8B,520,4,3000000000,3209736496,209736496,252018,175191574,11514974,"[11513918, 11514974, 11516030]"
22,4054,meta-llama/Llama-3.1-8B,520,4,3000000000,4212215248,1212215248,209736496,1177670326,11514974,"[11513918, 11514974, 11516030]"
22,4198,meta-llama/Llama-3.1-8B,520,4,3000000000,4212215248,1212215248,209736496,1177670326,11514974,"[11513918, 11514974, 11516030]"
22,4342,meta-llama/Llama-3.1-8B,520,4,3000000000,4212215248,1212215248,209736496,1177670326,11514974,"[11513918, 11514974, 11516030]"
22,4486,meta-llama/Llama-3.1-8B,520,4,3000000000,4212215248,1212215248,209736496,1177670326,11514974,"[11513918, 11514974, 11516030]"
22,4630,meta-llama/Llama-3.1-8B,520,4,3000000000,4212215248,1212215248,209736496,1177670326,11514974,"[11513918, 11514974, 11516030]"
22,4774,meta-llama/Llama-3.1-8B,520,4,3000000000,4212215248,1212215248,209736496,1177670326,11514974,"[11513918, 11514974, 11516030]"
22,4918,meta-llama/Llama-3.1-8B,520,4,3000000000,4212215248,1212215248,209736496,1177670326,11514974,"[11513918, 11514974, 11516030]"
22,5062,meta-llama/Llama-3.1-8B,520,4,3000000000,4212215248,1212215248,209736496,1177670326,11514974,"[11513918, 11514974, 11516030]"
22,5206,meta-llama/Llama-3.1-8B,520,4,3000000000,5212105252,2212105252,1212215248,2178262513,11280913,"[11280401, 11280913, 11281425]"
22,5350,meta-llama/Llama-3.1-8B,520,4,3000000000,5212105252,2212105252,1212215248,2178262513,11280913,"[11280401, 11280913, 11281425]"
22,5494,meta-llama/Llama-3.1-8B,520,4,3000000000,5212105252,2212105252,1212215248,2178262513,11280913,"[11280401, 11280913, 11281425]"
22,5638,meta-llama/Llama-3.1-8B,520,4,3000000000,5212105252,2212105252,1212215248,2178262513,11280913,"[11280401, 11280913, 11281425]"
23,23,meta-llama/Llama-3.1-8B,512,4,0,341181238,341181238,1,95531958,81883093,"[159065888, 74684506, 11898886]"
23,167,meta-llama/Llama-3.1-8B,512,4,0,341181238,341181238,1,95531958,81883093,"[159065888, 74684506, 11898886]"
23,311,meta-llama/Llama-3.1-8B,512,4,0,341181238,341181238,1,95531958,81883093,"[159065888, 74684506, 11898886]"
23,455,meta-llama/Llama-3.1-8B,512,4,0,341181238,341181238,1,95531958,81883093,"[159065888, 74684506, 11898886]"
23,599,meta-llama/Llama-3.1-8B,512,4,0,436803625,436803625,95531958,254597846,60735259,"[74684506, 11898886, 95622387]"
23,743,meta-llama/Llama-3.1-8B,512,4,0,436803625,436803625,95531958,254597846,60735259,"[74684506, 11898886, 95622387]"
23,887,meta-llama/Llama-3.1-8B,512,4,0,436803625,436803625,95531958,254597846,60735259,"[74684506, 11898886, 95622387]"
23,1031,meta-llama/Llama-3.1-8B,512,4,0,577072627,577072627,254597846,329282352,82596758,"[11898886, 95622387, 140269002]"
23,1175,meta-llama/Llama-3.1-8B,512,4,0,680402922,680402922,341181238,436803625,81199765,"[140269002, 75794689, 27535606]"
23,1319,meta-llama/Llama-3.1-8B,512,4,0,680402922,680402922,341181238,436803625,81199765,"[140269002, 75794689, 27535606]"
23,1463,meta-llama/Llama-3.1-8B,512,4,0,680402922,680402922,341181238,436803625,81199765,"[140269002, 75794689, 27535606]"
23,1607,meta-llama/Llama-3.1-8B,512,4,0,754971538,754971538,436803625,577072627,59299637,"[75794689, 27535606, 74568616]"
23,1751,meta-llama/Llama-3.1-8B,512,4,0,754971538,754971538,436803625,577072627,59299637,"[75794689, 27535606, 74568616]"
23,1895,meta-llama/Llama-3.1-8B,512,4,0,754971538,754971538,436803625,577072627,59299637,"[75794689, 27535606, 74568616]"
23,2039,meta-llama/Llama-3.1-8B,512,4,0,754971538,754971538,436803625,577072627,59299637,"[75794689, 27535606, 74568616]"
23,2183,meta-llama/Llama-3.1-8B,512,4,0,808298915,808298915,577072627,652867316,51810533,"[27535606, 74568616, 53327377]"
23,2327,meta-llama/Llama-3.1-8B,512,4,0,837641723,837641723,680402922,754971538,27556728,"[53327377, 14139276, 15203532]"
23,2471,meta-llama/Llama-3.1-8B,512,4,0,837641723,837641723,680402922,754971538,27556728,"[53327377, 14139276, 15203532]"
23,2615,meta-llama/Llama-3.1-8B,512,4,0,837641723,837641723,680402922,754971538,27556728,"[53327377, 14139276, 15203532]"
23,2759,meta-llama/Llama-3.1-8B,512,4,0,851642548,851642548,754971538,808298915,14447877,"[14139276, 15203532, 14000825]"
23,2903,meta-llama/Llama-3.1-8B,520,4,3000000000,3216698154,216698154,252018,182153232,11514974,"[11513918, 11514974, 11516030]"
23,3047,meta-llama/Llama-3.1-8B,520,4,3000000000,3216698154,216698154,252018,182153232,11514974,"[11513918, 11514974, 11516030]"
23,3191,meta-llama/Llama-3.1-8B,520,4,3000000000,3216698154,216698154,252018,182153232,11514974,"[11513918, 11514974, 11516030]"
23,3335,meta-llama/Llama-3.1-8B,520,4,3000000000,3216698154,216698154,252018,182153232,11514974,"[11513918, 11514974, 11516030]"
23,3479,meta-llama/Llama-3.1-8B,520,4,3000000000,3216698154,216698154,252018,182153232,11514974,"[11513918, 11514974, 11516030]"
23,3623,meta-llama/Llama-3.1-8B,520,4,3000000000,3216698154,216698154,252018,182153232,11514974,"[11513918, 11514974, 11516030]"
23,3767,meta-llama/Llama-3.1-8B,520,4,3000000000,3216698154,216698154,252018,182153232,11514974,"[11513918, 11514974, 11516030]"
23,3911,meta-llama/Llama-3.1-8B,520,4,3000000000,3216698154,216698154,252018,182153232,11514974,"[11513918, 11514974, 11516030]"
23,4055,meta-llama/Llama-3.1-8B,520,4,3000000000,4219176906,1219176906,216698154,1184631984,11514974,"[11513918, 11514974, 11516030]"
23,4199,meta-llama/Llama-3.1-8B,520,4,3000000000,4219176906,1219176906,216698154,1184631984,11514974,"[11513918, 11514974, 11516030]"
23,4343,meta-llama/Llama-3.1-8B,520,4,3000000000,4219176906,1219176906,216698154,1184631984,11514974,"[11513918, 11514974, 11516030]"
23,4487,meta-llama/Llama-3.1-8B,520,4,3000000000,4219176906,1219176906,216698154,1184631984,11514974,"[11513918, 11514974, 11516030]"
23,4631,meta-llama/Llama-3.1-8B,520,4,3000000000,4219176906,1219176906,216698154,1184631984,11514974,"[11513918, 11514974, 11516030]"
23,4775,meta-llama/Llama-3.1-8B,520,4,3000000000,4219176906,1219176906,216698154,1184631984,11514974,"[11513918, 11514974, 11516030]"
23,4919,meta-llama/Llama-3.1-8B,520,4,3000000000,4219176906,1219176906,216698154,1184631984,11514974,"[11513918, 11514974, 11516030]"
23,5063,meta-llama/Llama-3.1-8B,520,4,3000000000,4219176906,1219176906,216698154,1184631984,11514974,"[11513918, 11514974, 11516030]"
23,5207,meta-llama/Llama-3.1-8B,520,4,3000000000,5219066910,2219066910,1219176906,2185224171,11280913,"[11280401, 11280913, 11281425]"
23,5351,meta-llama/Llama-3.1-8B,520,4,3000000000,5219066910,2219066910,1219176906,2185224171,11280913,"[11280401, 11280913, 11281425]"
23,5495,meta-llama/Llama-3.1-8B,520,4,3000000000,5219066910,2219066910,1219176906,2185224171,11280913,"[11280401, 11280913, 11281425]"
23,5639,meta-llama/Llama-3.1-8B,520,4,3000000000,5219066910,2219066910,1219176906,2185224171,11280913,"[11280401, 11280913, 11281425]"
24,24,meta-llama/Llama-3.1-8B,512,4,0,341183538,341183538,1,96057414,81708708,"[159065888, 74161991, 11898245]"
24,168,meta-llama/Llama-3.1-8B,512,4,0,341183538,341183538,1,96057414,81708708,"[159065888, 74161991, 11898245]"
24,312,meta-llama/Llama-3.1-8B,512,4,0,341183538,341183538,1,96057414,81708708,"[159065888, 74161991, 11898245]"
24,456,meta-llama/Llama-3.1-8B,512,4,0,341183538,341183538,1,96057414,81708708,"[159065888, 74161991, 11898245]"
24,600,meta-llama/Llama-3.1-8B,512,4,0,437329081,437329081,96057414,255123302,60735259,"[74161991, 11898245, 96145543]"
24,744,meta-llama/Llama-3.1-8B,512,4,0,437329081,437329081,96057414,255123302,60735259,"[74161991, 11898245, 96145543]"
24,888,meta-llama/Llama-3.1-8B,512,4,0,437329081,437329081,96057414,255123302,60735259,"[74161991, 11898245, 96145543]"
24,1032,meta-llama/Llama-3.1-8B,512,4,0,577468801,577468801,255123302,329285293,82727836,"[11898245, 96145543, 140139720]"
24,1176,meta-llama/Llama-3.1-8B,512,4,0,680561061,680561061,341183538,437329081,81077326,"[140139720, 75531764, 27560496]"
24,1320,meta-llama/Llama-3.1-8B,512,4,0,680561061,680561061,341183538,437329081,81077326,"[140139720, 75531764, 27560496]"
24,1464,meta-llama/Llama-3.1-8B,512,4,0,680561061,680561061,341183538,437329081,81077326,"[140139720, 75531764, 27560496]"
24,1608,meta-llama/Llama-3.1-8B,512,4,0,755366942,755366942,437329081,577468801,59299380,"[75531764, 27560496, 74805881]"
24,1752,meta-llama/Llama-3.1-8B,512,4,0,755366942,755366942,437329081,577468801,59299380,"[75531764, 27560496, 74805881]"
24,1896,meta-llama/Llama-3.1-8B,512,4,0,755366942,755366942,437329081,577468801,59299380,"[75531764, 27560496, 74805881]"
24,2040,meta-llama/Llama-3.1-8B,512,4,0,755366942,755366942,437329081,577468801,59299380,"[75531764, 27560496, 74805881]"
24,2184,meta-llama/Llama-3.1-8B,512,4,0,808515506,808515506,577468801,653000565,51838313,"[27560496, 74805881, 53148564]"
24,2328,meta-llama/Llama-3.1-8B,512,4,0,837642869,837642869,680561061,755366942,27425309,"[53148564, 13923831, 15203532]"
24,2472,meta-llama/Llama-3.1-8B,512,4,0,837642869,837642869,680561061,755366942,27425309,"[53148564, 13923831, 15203532]"
24,2616,meta-llama/Llama-3.1-8B,512,4,0,837642869,837642869,680561061,755366942,27425309,"[53148564, 13923831, 15203532]"
24,2760,meta-llama/Llama-3.1-8B,512,4,0,851642924,851642924,755366942,808515506,14375806,"[13923831, 15203532, 14000055]"
24,2904,meta-llama/Llama-3.1-8B,520,4,3000000000,3223659812,223659812,252018,189114890,11514974,"[11513918, 11514974, 11516030]"
24,3048,meta-llama/Llama-3.1-8B,520,4,3000000000,3223659812,223659812,252018,189114890,11514974,"[11513918, 11514974, 11516030]"
24,3192,meta-llama/Llama-3.1-8B,520,4,3000000000,3223659812,223659812,252018,189114890,11514974,"[11513918, 11514974, 11516030]"
24,3336,meta-llama/Llama-3.1-8B,520,4,3000000000,3223659812,223659812,252018,189114890,11514974,"[11513918, 11514974, 11516030]"
24,3480,meta-llama/Llama-3.1-8B,520,4,3000000000,3223659812,223659812,252018,189114890,11514974,"[11513918, 11514974, 11516030]"
24,3624,meta-llama/Llama-3.1-8B,520,4,3000000000,3223659812,223659812,252018,189114890,11514974,"[11513918, 11514974, 11516030]"
24,3768,meta-llama/Llama-3.1-8B,520,4,3000000000,3223659812,223659812,252018,189114890,11514974,"[11513918, 11514974, 11516030]"
24,3912,meta-llama/Llama-3.1-8B,520,4,3000000000,3223659812,223659812,252018,189114890,11514974,"[11513918, 11514974, 11516030]"
24,4056,meta-llama/Llama-3.1-8B,520,4,3000000000,4226138564,1226138564,223659812,1191593642,11514974,"[11513918, 11514974, 11516030]"
24,4200,meta-llama/Llama-3.1-8B,520,4,3000000000,4226138564,1226138564,223659812,1191593642,11514974,"[11513918, 11514974, 11516030]"
24,4344,meta-llama/Llama-3.1-8B,520,4,3000000000,4226138564,1226138564,223659812,1191593642,11514974,"[11513918, 11514974, 11516030]"
24,4488,meta-llama/Llama-3.1-8B,520,4,3000000000,4226138564,1226138564,223659812,1191593642,11514974,"[11513918, 11514974, 11516030]"
24,4632,meta-llama/Llama-3.1-8B,520,4,3000000000,4226138564,1226138564,223659812,1191593642,11514974,"[11513918, 11514974, 11516030]"
24,4776,meta-llama/Llama-3.1-8B,520,4,3000000000,4226138564,1226138564,223659812,1191593642,11514974,"[11513918, 11514974, 11516030]"
24,4920,meta-llama/Llama-3.1-8B,520,4,3000000000,4226138564,1226138564,223659812,1191593642,11514974,"[11513918, 11514974, 11516030]"
24,5064,meta-llama/Llama-3.1-8B,520,4,3000000000,4226138564,1226138564,223659812,1191593642,11514974,"[11513918, 11514974, 11516030]"
24,5208,meta-llama/Llama-3.1-8B,520,4,3000000000,5226028568,2226028568,1226138564,2192185829,11280913,"[11280401, 11280913, 11281425]"
24,5352,meta-llama/Llama-3.1-8B,520,4,3000000000,5226028568,2226028568,1226138564,2192185829,11280913,"[11280401, 11280913, 11281425]"
24,5496,meta-llama/Llama-3.1-8B,520,4,3000000000,5226028568,2226028568,1226138564,2192185829,11280913,"[11280401, 11280913, 11281425]"
24,5640,meta-llama/Llama-3.1-8B,520,4,3000000000,5226028568,2226028568,1226138564,2192185829,11280913,"[11280401, 11280913, 11281425]"
25,25,meta-llama/Llama-3.1-8B,512,4,0,341185710,341185710,1,96582870,81534280,"[159065888, 73639596, 11897356]"
25,169,meta-llama/Llama-3.1-8B,512,4,0,341185710,341185710,1,96582870,81534280,"[159065888, 73639596, 11897356]"
25,313,meta-llama/Llama-3.1-8B,512,4,0,341185710,341185710,1,96582870,81534280,"[159065888, 73639596, 11897356]"
25,457,meta-llama/Llama-3.1-8B,512,4,0,341185710,341185710,1,96582870,81534280,"[159065888, 73639596, 11897356]"
25,601,meta-llama/Llama-3.1-8B,512,4,0,437854537,437854537,96582870,255648758,60735259,"[73639596, 11897356, 96668827]"
25,745,meta-llama/Llama-3.1-8B,512,4,0,437854537,437854537,96582870,255648758,60735259,"[73639596, 11897356, 96668827]"
25,889,meta-llama/Llama-3.1-8B,512,4,0,437854537,437854537,96582870,255648758,60735259,"[73639596, 11897356, 96668827]"
25,1033,meta-llama/Llama-3.1-8B,512,4,0,577864975,577864975,255648758,329288354,82858873,"[11897356, 96668827, 140010438]"
25,1177,meta-llama/Llama-3.1-8B,512,4,0,680563233,680563233,341185710,437854537,80902898,"[140010438, 75268839, 27429419]"
25,1321,meta-llama/Llama-3.1-8B,512,4,0,680563233,680563233,341185710,437854537,80902898,"[140010438, 75268839, 27429419]"
25,1465,meta-llama/Llama-3.1-8B,512,4,0,680563233,680563233,341185710,437854537,80902898,"[140010438, 75268839, 27429419]"
25,1609,meta-llama/Llama-3.1-8B,512,4,0,755790383,755790383,437854537,577864975,59308469,"[75268839, 27429419, 75227150]"
25,1753,meta-llama/Llama-3.1-8B,512,4,0,755790383,755790383,437854537,577864975,59308469,"[75268839, 27429419, 75227150]"
25,1897,meta-llama/Llama-3.1-8B,512,4,0,755790383,755790383,437854537,577864975,59308469,"[75268839, 27429419, 75227150]"
25,2041,meta-llama/Llama-3.1-8B,512,4,0,755790383,755790383,437854537,577864975,59308469,"[75268839, 27429419, 75227150]"
25,2185,meta-llama/Llama-3.1-8B,512,4,0,808732097,808732097,577864975,653133814,51866094,"[27429419, 75227150, 52941714]"
25,2329,meta-llama/Llama-3.1-8B,512,4,0,837776615,837776615,680563233,755790383,27328744,"[52941714, 13834710, 15209808]"
25,2473,meta-llama/Llama-3.1-8B,512,4,0,837776615,837776615,680563233,755790383,27328744,"[52941714, 13834710, 15209808]"
25,2617,meta-llama/Llama-3.1-8B,512,4,0,837776615,837776615,680563233,755790383,27328744,"[52941714, 13834710, 15209808]"
25,2761,meta-llama/Llama-3.1-8B,512,4,0,851650416,851650416,755790383,808732097,14306106,"[13834710, 15209808, 13873801]"
25,2905,meta-llama/Llama-3.1-8B,520,4,3000000000,3230621470,230621470,252018,196076548,11514974,"[11513918, 11514974, 11516030]"
25,3049,meta-llama/Llama-3.1-8B,520,4,3000000000,3230621470,230621470,252018,196076548,11514974,"[11513918, 11514974, 11516030]"
25,3193,meta-llama/Llama-3.1-8B,520,4,3000000000,3230621470,230621470,252018,196076548,11514974,"[11513918, 11514974, 11516030]"
25,3337,meta-llama/Llama-3.1-8B,520,4,3000000000,3230621470,230621470,252018,196076548,11514974,"[11513918, 11514974, 11516030]"
25,3481,meta-llama/Llama-3.1-8B,520,4,3000000000,3230621470,230621470,252018,196076548,11514974,"[11513918, 11514974, 11516030]"
25,3625,meta-llama/Llama-3.1-8B,520,4,3000000000,3230621470,230621470,252018,196076548,11514974,"[11513918, 11514974, 11516030]"
25,3769,meta-llama/Llama-3.1-8B,520,4,3000000000,3230621470,230621470,252018,196076548,11514974,"[11513918, 11514974, 11516030]"
25,3913,meta-llama/Llama-3.1-8B,520,4,3000000000,3230621470,230621470,252018,196076548,11514974,"[11513918, 11514974, 11516030]"
25,4057,meta-llama/Llama-3.1-8B,520,4,3000000000,4233100222,1233100222,230621470,1198555300,11514974,"[11513918, 11514974, 11516030]"
25,4201,meta-llama/Llama-3.1-8B,520,4,3000000000,4233100222,1233100222,230621470,1198555300,11514974,"[11513918, 11514974, 11516030]"
25,4345,meta-llama/Llama-3.1-8B,520,4,3000000000,4233100222,1233100222,230621470,1198555300,11514974,"[11513918, 11514974, 11516030]"
25,4489,meta-llama/Llama-3.1-8B,520,4,3000000000,4233100222,1233100222,230621470,1198555300,11514974,"[11513918, 11514974, 11516030]"
25,4633,meta-llama/Llama-3.1-8B,520,4,3000000000,4233100222,1233100222,230621470,1198555300,11514974,"[11513918, 11514974, 11516030]"
25,4777,meta-llama/Llama-3.1-8B,520,4,3000000000,4233100222,1233100222,230621470,1198555300,11514974,"[11513918, 11514974, 11516030]"
25,4921,meta-llama/Llama-3.1-8B,520,4,3000000000,4233100222,1233100222,230621470,1198555300,11514974,"[11513918, 11514974, 11516030]"
25,5065,meta-llama/Llama-3.1-8B,520,4,3000000000,4233100222,1233100222,230621470,1198555300,11514974,"[11513918, 11514974, 11516030]"
25,5209,meta-llama/Llama-3.1-8B,520,4,3000000000,5232990226,2232990226,1233100222,2199147487,11280913,"[11280401, 11280913, 11281425]"
25,5353,meta-llama/Llama-3.1-8B,520,4,3000000000,5232990226,2232990226,1233100222,2199147487,11280913,"[11280401, 11280913, 11281425]"
25,5497,meta-llama/Llama-3.1-8B,520,4,3000000000,5232990226,2232990226,1233100222,2199147487,11280913,"[11280401, 11280913, 11281425]"
25,5641,meta-llama/Llama-3.1-8B,520,4,3000000000,5232990226,2232990226,1233100222,2199147487,11280913,"[11280401, 11280913, 11281425]"
26,26,meta-llama/Llama-3.1-8B,512,4,0,341187882,341187882,1,97108326,81359852,"[159065888, 73117081, 11896587]"
26,170,meta-llama/Llama-3.1-8B,512,4,0,341187882,341187882,1,97108326,81359852,"[159065888, 73117081, 11896587]"
26,314,meta-llama/Llama-3.1-8B,512,4,0,341187882,341187882,1,97108326,81359852,"[159065888, 73117081, 11896587]"
26,458,meta-llama/Llama-3.1-8B,512,4,0,341187882,341187882,1,97108326,81359852,"[159065888, 73117081, 11896587]"
26,602,meta-llama/Llama-3.1-8B,512,4,0,438379993,438379993,97108326,256174214,60735259,"[73117081, 11896587, 97192111]"
26,746,meta-llama/Llama-3.1-8B,512,4,0,438379993,438379993,97108326,256174214,60735259,"[73117081, 11896587, 97192111]"
26,890,meta-llama/Llama-3.1-8B,512,4,0,438379993,438379993,97108326,256174214,60735259,"[73117081, 11896587, 97192111]"
26,1034,meta-llama/Llama-3.1-8B,512,4,0,578261149,578261149,256174214,329291295,82989951,"[11896587, 97192111, 139881156]"
26,1178,meta-llama/Llama-3.1-8B,512,4,0,680565405,680565405,341187882,438379993,80728470,"[139881156, 75005914, 27298342]"
26,1322,meta-llama/Llama-3.1-8B,512,4,0,680565405,680565405,341187882,438379993,80728470,"[139881156, 75005914, 27298342]"
26,1466,meta-llama/Llama-3.1-8B,512,4,0,680565405,680565405,341187882,438379993,80728470,"[139881156, 75005914, 27298342]"
26,1610,meta-llama/Llama-3.1-8B,512,4,0,756185787,756185787,438379993,578261149,59308212,"[75005914, 27298342, 75620382]"
26,1754,meta-llama/Llama-3.1-8B,512,4,0,756185787,756185787,438379993,578261149,59308212,"[75005914, 27298342, 75620382]"
26,1898,meta-llama/Llama-3.1-8B,512,4,0,756185787,756185787,438379993,578261149,59308212,"[75005914, 27298342, 75620382]"
26,2042,meta-llama/Llama-3.1-8B,512,4,0,756185787,756185787,438379993,578261149,59308212,"[75005914, 27298342, 75620382]"
26,2186,meta-llama/Llama-3.1-8B,512,4,0,808920651,808920651,578261149,653267063,51884529,"[27298342, 75620382, 52734864]"
26,2330,meta-llama/Llama-3.1-8B,512,4,0,837777761,837777761,680565405,756185787,27197324,"[52734864, 13647302, 15209808]"
26,2474,meta-llama/Llama-3.1-8B,512,4,0,837777761,837777761,680565405,756185787,27197324,"[52734864, 13647302, 15209808]"
26,2618,meta-llama/Llama-3.1-8B,512,4,0,837777761,837777761,680565405,756185787,27197324,"[52734864, 13647302, 15209808]"
26,2762,meta-llama/Llama-3.1-8B,512,4,0,851650792,851650792,756185787,808920651,14243380,"[13647302, 15209808, 13873031]"
26,2906,meta-llama/Llama-3.1-8B,520,4,3000000000,3237583128,237583128,252018,203038206,11514974,"[11513918, 11514974, 11516030]"
26,3050,meta-llama/Llama-3.1-8B,520,4,3000000000,3237583128,237583128,252018,203038206,11514974,"[11513918, 11514974, 11516030]"
26,3194,meta-llama/Llama-3.1-8B,520,4,3000000000,3237583128,237583128,252018,203038206,11514974,"[11513918, 11514974, 11516030]"
26,3338,meta-llama/Llama-3.1-8B,520,4,3000000000,3237583128,237583128,252018,203038206,11514974,"[11513918, 11514974, 11516030]"
26,3482,meta-llama/Llama-3.1-8B,520,4,3000000000,3237583128,237583128,252018,203038206,11514974,"[11513918, 11514974, 11516030]"
26,3626,meta-llama/Llama-3.1-8B,520,4,3000000000,3237583128,237583128,252018,203038206,11514974,"[11513918, 11514974, 11516030]"
26,3770,meta-llama/Llama-3.1-8B,520,4,3000000000,3237583128,237583128,252018,203038206,11514974,"[11513918, 11514974, 11516030]"
26,3914,meta-llama/Llama-3.1-8B,520,4,3000000000,3237583128,237583128,252018,203038206,11514974,"[11513918, 11514974, 11516030]"
26,4058,meta-llama/Llama-3.1-8B,520,4,3000000000,4240061880,1240061880,237583128,1205516958,11514974,"[11513918, 11514974, 11516030]"
26,4202,meta-llama/Llama-3.1-8B,520,4,3000000000,4240061880,1240061880,237583128,1205516958,11514974,"[11513918, 11514974, 11516030]"
26,4346,meta-llama/Llama-3.1-8B,520,4,3000000000,4240061880,1240061880,237583128,1205516958,11514974,"[11513918, 11514974, 11516030]"
26,4490,meta-llama/Llama-3.1-8B,520,4,3000000000,4240061880,1240061880,237583128,1205516958,11514974,"[11513918, 11514974, 11516030]"
26,4634,meta-llama/Llama-3.1-8B,520,4,3000000000,4240061880,1240061880,237583128,1205516958,11514974,"[11513918, 11514974, 11516030]"
26,4778,meta-llama/Llama-3.1-8B,520,4,3000000000,4240061880,1240061880,237583128,1205516958,11514974,"[11513918, 11514974, 11516030]"
26,4922,meta-llama/Llama-3.1-8B,520,4,3000000000,4240061880,1240061880,237583128,1205516958,11514974,"[11513918, 11514974, 11516030]"
26,5066,meta-llama/Llama-3.1-8B,520,4,3000000000,4240061880,1240061880,237583128,1205516958,11514974,"[11513918, 11514974, 11516030]"
26,5210,meta-llama/Llama-3.1-8B,520,4,3000000000,5239951884,2239951884,1240061880,2206109145,11280913,"[11280401, 11280913, 11281425]"
26,5354,meta-llama/Llama-3.1-8B,520,4,3000000000,5239951884,2239951884,1240061880,2206109145,11280913,"[11280401, 11280913, 11281425]"
26,5498,meta-llama/Llama-3.1-8B,520,4,3000000000,5239951884,2239951884,1240061880,2206109145,11280913,"[11280401, 11280913, 11281425]"
26,5642,meta-llama/Llama-3.1-8B,520,4,3000000000,5239951884,2239951884,1240061880,2206109145,11280913,"[11280401, 11280913, 11281425]"
27,27,meta-llama/Llama-3.1-8B,512,4,0,341190054,341190054,1,97633782,81185424,"[159065888, 72594566, 11895818]"
27,171,meta-llama/Llama-3.1-8B,512,4,0,341190054,341190054,1,97633782,81185424,"[159065888, 72594566, 11895818]"
27,315,meta-llama/Llama-3.1-8B,512,4,0,341190054,341190054,1,97633782,81185424,"[159065888, 72594566, 11895818]"
27,459,meta-llama/Llama-3.1-8B,512,4,0,341190054,341190054,1,97633782,81185424,"[159065888, 72594566, 11895818]"
27,603,meta-llama/Llama-3.1-8B,512,4,0,438905449,438905449,97633782,256699670,60735259,"[72594566, 11895818, 97715395]"
27,747,meta-llama/Llama-3.1-8B,512,4,0,438905449,438905449,97633782,256699670,60735259,"[72594566, 11895818, 97715395]"
27,891,meta-llama/Llama-3.1-8B,512,4,0,438905449,438905449,97633782,256699670,60735259,"[72594566, 11895818, 97715395]"
27,1035,meta-llama/Llama-3.1-8B,512,4,0,578657323,578657323,256699670,329294236,83121029,"[11895818, 97715395, 139751874]"
27,1179,meta-llama/Llama-3.1-8B,512,4,0,680567577,680567577,341190054,438905449,80554042,"[139751874, 74742989, 27167265]"
27,1323,meta-llama/Llama-3.1-8B,512,4,0,680567577,680567577,341190054,438905449,80554042,"[139751874, 74742989, 27167265]"
27,1467,meta-llama/Llama-3.1-8B,512,4,0,680567577,680567577,341190054,438905449,80554042,"[139751874, 74742989, 27167265]"
27,1611,meta-llama/Llama-3.1-8B,512,4,0,756609228,756609228,438905449,578657323,59317301,"[74742989, 27167265, 76041651]"
27,1755,meta-llama/Llama-3.1-8B,512,4,0,756609228,756609228,438905449,578657323,59317301,"[74742989, 27167265, 76041651]"
27,1899,meta-llama/Llama-3.1-8B,512,4,0,756609228,756609228,438905449,578657323,59317301,"[74742989, 27167265, 76041651]"
27,2043,meta-llama/Llama-3.1-8B,512,4,0,756609228,756609228,438905449,578657323,59317301,"[74742989, 27167265, 76041651]"
27,2187,meta-llama/Llama-3.1-8B,512,4,0,809137242,809137242,578657323,653400312,51912310,"[27167265, 76041651, 52528014]"
27,2331,meta-llama/Llama-3.1-8B,512,4,0,837778907,837778907,680567577,756609228,27056559,"[52528014, 13431857, 15209808]"
27,2475,meta-llama/Llama-3.1-8B,512,4,0,837778907,837778907,680567577,756609228,27056559,"[52528014, 13431857, 15209808]"
27,2619,meta-llama/Llama-3.1-8B,512,4,0,837778907,837778907,680567577,756609228,27056559,"[52528014, 13431857, 15209808]"
27,2763,meta-llama/Llama-3.1-8B,512,4,0,851651168,851651168,756609228,809137242,14171308,"[13431857, 15209808, 13872261]"
27,2907,meta-llama/Llama-3.1-8B,520,4,3000000000,3244544786,244544786,252018,209999864,11514974,"[11513918, 11514974, 11516030]"
27,3051,meta-llama/Llama-3.1-8B,520,4,3000000000,3244544786,244544786,252018,209999864,11514974,"[11513918, 11514974, 11516030]"
27,3195,meta-llama/Llama-3.1-8B,520,4,3000000000,3244544786,244544786,252018,209999864,11514974,"[11513918, 11514974, 11516030]"
27,3339,meta-llama/Llama-3.1-8B,520,4,3000000000,3244544786,244544786,252018,209999864,11514974,"[11513918, 11514974, 11516030]"
27,3483,meta-llama/Llama-3.1-8B,520,4,3000000000,3244544786,244544786,252018,209999864,11514974,"[11513918, 11514974, 11516030]"
27,3627,meta-llama/Llama-3.1-8B,520,4,3000000000,3244544786,244544786,252018,209999864,11514974,"[11513918, 11514974, 11516030]"
27,3771,meta-llama/Llama-3.1-8B,520,4,3000000000,3244544786,244544786,252018,209999864,11514974,"[11513918, 11514974, 11516030]"
27,3915,meta-llama/Llama-3.1-8B,520,4,3000000000,3244544786,244544786,252018,209999864,11514974,"[11513918, 11514974, 11516030]"
27,4059,meta-llama/Llama-3.1-8B,520,4,3000000000,4247023538,1247023538,244544786,1212478616,11514974,"[11513918, 11514974, 11516030]"
27,4203,meta-llama/Llama-3.1-8B,520,4,3000000000,4247023538,1247023538,244544786,1212478616,11514974,"[11513918, 11514974, 11516030]"
27,4347,meta-llama/Llama-3.1-8B,520,4,3000000000,4247023538,1247023538,244544786,1212478616,11514974,"[11513918, 11514974, 11516030]"
27,4491,meta-llama/Llama-3.1-8B,520,4,3000000000,4247023538,1247023538,244544786,1212478616,11514974,"[11513918, 11514974, 11516030]"
27,4635,meta-llama/Llama-3.1-8B,520,4,3000000000,4247023538,1247023538,244544786,1212478616,11514974,"[11513918, 11514974, 11516030]"
27,4779,meta-llama/Llama-3.1-8B,520,4,3000000000,4247023538,1247023538,244544786,1212478616,11514974,"[11513918, 11514974, 11516030]"
27,4923,meta-llama/Llama-3.1-8B,520,4,3000000000,4247023538,1247023538,244544786,1212478616,11514974,"[11513918, 11514974, 11516030]"
27,5067,meta-llama/Llama-3.1-8B,520,4,3000000000,4247023538,1247023538,244544786,1212478616,11514974,"[11513918, 11514974, 11516030]"
27,5211,meta-llama/Llama-3.1-8B,520,4,3000000000,5246913542,2246913542,1247023538,2213070803,11280913,"[11280401, 11280913, 11281425]"
27,5355,meta-llama/Llama-3.1-8B,520,4,3000000000,5246913542,2246913542,1247023538,2213070803,11280913,"[11280401, 11280913, 11281425]"
27,5499,meta-llama/Llama-3.1-8B,520,4,3000000000,5246913542,2246913542,1247023538,2213070803,11280913,"[11280401, 11280913, 11281425]"
27,5643,meta-llama/Llama-3.1-8B,520,4,3000000000,5246913542,2246913542,1247023538,2213070803,11280913,"[11280401, 11280913, 11281425]"
28,28,meta-llama/Llama-3.1-8B,512,4,0,341192226,341192226,1,98159238,81010996,"[159065888, 72072051, 11895049]"
28,172,meta-llama/Llama-3.1-8B,512,4,0,341192226,341192226,1,98159238,81010996,"[159065888, 72072051, 11895049]"
28,316,meta-llama/Llama-3.1-8B,512,4,0,341192226,341192226,1,98159238,81010996,"[159065888, 72072051, 11895049]"
28,460,meta-llama/Llama-3.1-8B,512,4,0,341192226,341192226,1,98159238,81010996,"[159065888, 72072051, 11895049]"
28,604,meta-llama/Llama-3.1-8B,512,4,0,439430905,439430905,98159238,257225126,60735259,"[72072051, 11895049, 98238679]"
28,748,meta-llama/Llama-3.1-8B,512,4,0,439430905,439430905,98159238,257225126,60735259,"[72072051, 11895049, 98238679]"
28,892,meta-llama/Llama-3.1-8B,512,4,0,439430905,439430905,98159238,257225126,60735259,"[72072051, 11895049, 98238679]"
28,1036,meta-llama/Llama-3.1-8B,512,4,0,579053497,579053497,257225126,329297177,83252106,"[11895049, 98238679, 139622592]"
28,1180,meta-llama/Llama-3.1-8B,512,4,0,680569749,680569749,341192226,439430905,80379614,"[139622592, 74480064, 27036188]"
28,1324,meta-llama/Llama-3.1-8B,512,4,0,680569749,680569749,341192226,439430905,80379614,"[139622592, 74480064, 27036188]"
28,1468,meta-llama/Llama-3.1-8B,512,4,0,680569749,680569749,341192226,439430905,80379614,"[139622592, 74480064, 27036188]"
28,1612,meta-llama/Llama-3.1-8B,512,4,0,757004632,757004632,439430905,579053497,59317045,"[74480064, 27036188, 76434883]"
28,1756,meta-llama/Llama-3.1-8B,512,4,0,757004632,757004632,439430905,579053497,59317045,"[74480064, 27036188, 76434883]"
28,1900,meta-llama/Llama-3.1-8B,512,4,0,757004632,757004632,439430905,579053497,59317045,"[74480064, 27036188, 76434883]"
28,2044,meta-llama/Llama-3.1-8B,512,4,0,757004632,757004632,439430905,579053497,59317045,"[74480064, 27036188, 76434883]"
28,2188,meta-llama/Llama-3.1-8B,512,4,0,809298119,809298119,579053497,653533561,51921519,"[27036188, 76434883, 52293487]"
28,2332,meta-llama/Llama-3.1-8B,512,4,0,837780053,837780053,680569749,757004632,26925140,"[52293487, 13272126, 15209808]"
28,2476,meta-llama/Llama-3.1-8B,512,4,0,837780053,837780053,680569749,757004632,26925140,"[52293487, 13272126, 15209808]"
28,2620,meta-llama/Llama-3.1-8B,512,4,0,837780053,837780053,680569749,757004632,26925140,"[52293487, 13272126, 15209808]"
28,2764,meta-llama/Llama-3.1-8B,512,4,0,851652690,851652690,757004632,809298119,14118190,"[13272126, 15209808, 13872637]"
28,2908,meta-llama/Llama-3.1-8B,520,4,3000000000,3251506444,251506444,252018,216961522,11514974,"[11513918, 11514974, 11516030]"
28,3052,meta-llama/Llama-3.1-8B,520,4,3000000000,3251506444,251506444,252018,216961522,11514974,"[11513918, 11514974, 11516030]"
28,3196,meta-llama/Llama-3.1-8B,520,4,3000000000,3251506444,251506444,252018,216961522,11514974,"[11513918, 11514974, 11516030]"
28,3340,meta-llama/Llama-3.1-8B,520,4,3000000000,3251506444,251506444,252018,216961522,11514974,"[11513918, 11514974, 11516030]"
28,3484,meta-llama/Llama-3.1-8B,520,4,3000000000,3251506444,251506444,252018,216961522,11514974,"[11513918, 11514974, 11516030]"
28,3628,meta-llama/Llama-3.1-8B,520,4,3000000000,3251506444,251506444,252018,216961522,11514974,"[11513918, 11514974, 11516030]"
28,3772,meta-llama/Llama-3.1-8B,520,4,3000000000,3251506444,251506444,252018,216961522,11514974,"[11513918, 11514974, 11516030]"
28,3916,meta-llama/Llama-3.1-8B,520,4,3000000000,3251506444,251506444,252018,216961522,11514974,"[11513918, 11514974, 11516030]"
28,4060,meta-llama/Llama-3.1-8B,520,4,3000000000,4253985196,1253985196,251506444,1219440274,11514974,"[11513918, 11514974, 11516030]"
28,4204,meta-llama/Llama-3.1-8B,520,4,3000000000,4253985196,1253985196,251506444,1219440274,11514974,"[11513918, 11514974, 11516030]"
28,4348,meta-llama/Llama-3.1-8B,520,4,3000000000,4253985196,1253985196,251506444,1219440274,11514974,"[11513918, 11514974, 11516030]"
28,4492,meta-llama/Llama-3.1-8B,520,4,3000000000,4253985196,1253985196,251506444,1219440274,11514974,"[11513918, 11514974, 11516030]"
28,4636,meta-llama/Llama-3.1-8B,520,4,3000000000,4253985196,1253985196,251506444,1219440274,11514974,"[11513918, 11514974, 11516030]"
28,4780,meta-llama/Llama-3.1-8B,520,4,3000000000,4253985196,1253985196,251506444,1219440274,11514974,"[11513918, 11514974, 11516030]"
28,4924,meta-llama/Llama-3.1-8B,520,4,3000000000,4253985196,1253985196,251506444,1219440274,11514974,"[11513918, 11514974, 11516030]"
28,5068,meta-llama/Llama-3.1-8B,520,4,3000000000,4253985196,1253985196,251506444,1219440274,11514974,"[11513918, 11514974, 11516030]"
28,5212,meta-llama/Llama-3.1-8B,520,4,3000000000,5253875200,2253875200,1253985196,2220032461,11280913,"[11280401, 11280913, 11281425]"
28,5356,meta-llama/Llama-3.1-8B,520,4,3000000000,5253875200,2253875200,1253985196,2220032461,11280913,"[11280401, 11280913, 11281425]"
28,5500,meta-llama/Llama-3.1-8B,520,4,3000000000,5253875200,2253875200,1253985196,2220032461,11280913,"[11280401, 11280913, 11281425]"
28,5644,meta-llama/Llama-3.1-8B,520,4,3000000000,5253875200,2253875200,1253985196,2220032461,11280913,"[11280401, 11280913, 11281425]"
29,29,meta-llama/Llama-3.1-8B,512,4,0,341194398,341194398,1,98684694,80836568,"[159065888, 71549536, 11894280]"
29,173,meta-llama/Llama-3.1-8B,512,4,0,341194398,341194398,1,98684694,80836568,"[159065888, 71549536, 11894280]"
29,317,meta-llama/Llama-3.1-8B,512,4,0,341194398,341194398,1,98684694,80836568,"[159065888, 71549536, 11894280]"
29,461,meta-llama/Llama-3.1-8B,512,4,0,341194398,341194398,1,98684694,80836568,"[159065888, 71549536, 11894280]"
29,605,meta-llama/Llama-3.1-8B,512,4,0,439956361,439956361,98684694,257750582,60735259,"[71549536, 11894280, 98761963]"
29,749,meta-llama/Llama-3.1-8B,512,4,0,439956361,439956361,98684694,257750582,60735259,"[71549536, 11894280, 98761963]"
29,893,meta-llama/Llama-3.1-8B,512,4,0,439956361,439956361,98684694,257750582,60735259,"[71549536, 11894280, 98761963]"
29,1037,meta-llama/Llama-3.1-8B,512,4,0,579449671,579449671,257750582,329300118,83383184,"[11894280, 98761963, 139493310]"
29,1181,meta-llama/Llama-3.1-8B,512,4,0,680571921,680571921,341194398,439956361,80205186,"[139493310, 74217139, 26905111]"
29,1325,meta-llama/Llama-3.1-8B,512,4,0,680571921,680571921,341194398,439956361,80205186,"[139493310, 74217139, 26905111]"
29,1469,meta-llama/Llama-3.1-8B,512,4,0,680571921,680571921,341194398,439956361,80205186,"[139493310, 74217139, 26905111]"
29,1613,meta-llama/Llama-3.1-8B,512,4,0,757400036,757400036,439956361,579449671,59316788,"[74217139, 26905111, 76828115]"
29,1757,meta-llama/Llama-3.1-8B,512,4,0,757400036,757400036,439956361,579449671,59316788,"[74217139, 26905111, 76828115]"
29,1901,meta-llama/Llama-3.1-8B,512,4,0,757400036,757400036,439956361,579449671,59316788,"[74217139, 26905111, 76828115]"
29,2045,meta-llama/Llama-3.1-8B,512,4,0,757400036,757400036,439956361,579449671,59316788,"[74217139, 26905111, 76828115]"
29,2189,meta-llama/Llama-3.1-8B,512,4,0,809514710,809514710,579449671,653666810,51949300,"[26905111, 76828115, 52114674]"
29,2333,meta-llama/Llama-3.1-8B,512,4,0,837781199,837781199,680571921,757400036,26793721,"[52114674, 13056681, 15209808]"
29,2477,meta-llama/Llama-3.1-8B,512,4,0,837781199,837781199,680571921,757400036,26793721,"[52114674, 13056681, 15209808]"
29,2621,meta-llama/Llama-3.1-8B,512,4,0,837781199,837781199,680571921,757400036,26793721,"[52114674, 13056681, 15209808]"
29,2765,meta-llama/Llama-3.1-8B,512,4,0,851653066,851653066,757400036,809514710,14046118,"[13056681, 15209808, 13871867]"
29,2909,meta-llama/Llama-3.1-8B,520,4,3000000000,3258468102,258468102,252018,223923180,11514974,"[11513918, 11514974, 11516030]"
29,3053,meta-llama/Llama-3.1-8B,520,4,3000000000,3258468102,258468102,252018,223923180,11514974,"[11513918, 11514974, 11516030]"
29,3197,meta-llama/Llama-3.1-8B,520,4,3000000000,3258468102,258468102,252018,223923180,11514974,"[11513918, 11514974, 11516030]"
29,3341,meta-llama/Llama-3.1-8B,520,4,3000000000,3258468102,258468102,252018,223923180,11514974,"[11513918, 11514974, 11516030]"
29,3485,meta-llama/Llama-3.1-8B,520,4,3000000000,3258468102,258468102,252018,223923180,11514974,"[11513918, 11514974, 11516030]"
29,3629,meta-llama/Llama-3.1-8B,520,4,3000000000,3258468102,258468102,252018,223923180,11514974,"[11513918, 11514974, 11516030]"
29,3773,meta-llama/Llama-3.1-8B,520,4,3000000000,3258468102,258468102,252018,223923180,11514974,"[11513918, 11514974, 11516030]"
29,3917,meta-llama/Llama-3.1-8B,520,4,3000000000,3258468102,258468102,252018,223923180,11514974,"[11513918, 11514974, 11516030]"
29,4061,meta-llama/Llama-3.1-8B,520,4,3000000000,4260946854,1260946854,258468102,1226401932,11514974,"[11513918, 11514974, 11516030]"
29,4205,meta-llama/Llama-3.1-8B,520,4,3000000000,4260946854,1260946854,258468102,1226401932,11514974,"[11513918, 11514974, 11516030]"
29,4349,meta-llama/Llama-3.1-8B,520,4,3000000000,4260946854,1260946854,258468102,1226401932,11514974,"[11513918, 11514974, 11516030]"
29,4493,meta-llama/Llama-3.1-8B,520,4,3000000000,4260946854,1260946854,258468102,1226401932,11514974,"[11513918, 11514974, 11516030]"
29,4637,meta-llama/Llama-3.1-8B,520,4,3000000000,4260946854,1260946854,258468102,1226401932,11514974,"[11513918, 11514974, 11516030]"
29,4781,meta-llama/Llama-3.1-8B,520,4,3000000000,4260946854,1260946854,258468102,1226401932,11514974,"[11513918, 11514974, 11516030]"
29,4925,meta-llama/Llama-3.1-8B,520,4,3000000000,4260946854,1260946854,258468102,1226401932,11514974,"[11513918, 11514974, 11516030]"
29,5069,meta-llama/Llama-3.1-8B,520,4,3000000000,4260946854,1260946854,258468102,1226401932,11514974,"[11513918, 11514974, 11516030]"
29,5213,meta-llama/Llama-3.1-8B,520,4,3000000000,5260836858,2260836858,1260946854,2226994119,11280913,"[11280401, 11280913, 11281425]"
29,5357,meta-llama/Llama-3.1-8B,520,4,3000000000,5260836858,2260836858,1260946854,2226994119,11280913,"[11280401, 11280913, 11281425]"
29,5501,meta-llama/Llama-3.1-8B,520,4,3000000000,5260836858,2260836858,1260946854,2226994119,11280913,"[11280401, 11280913, 11281425]"
29,5645,meta-llama/Llama-3.1-8B,520,4,3000000000,5260836858,2260836858,1260946854,2226994119,11280913,"[11280401, 11280913, 11281425]"
30,30,meta-llama/Llama-3.1-8B,512,4,0,341196570,341196570,1,99210150,80662140,"[159065888, 71027021, 11893511]"
30,174,meta-llama/Llama-3.1-8B,512,4,0,341196570,341196570,1,99210150,80662140,"[159065888, 71027021, 11893511]"
30,318,meta-llama/Llama-3.1-8B,512,4,0,341196570,341196570,1,99210150,80662140,"[159065888, 71027021, 11893511]"
30,462,meta-llama/Llama-3.1-8B,512,4,0,341196570,341196570,1,99210150,80662140,"[159065888, 71027021, 11893511]"
30,606,meta-llama/Llama-3.1-8B,512,4,0,440481817,440481817,99210150,258276038,60735259,"[71027021, 11893511, 99285247]"
30,750,meta-llama/Llama-3.1-8B,512,4,0,440481817,440481817,99210150,258276038,60735259,"[71027021, 11893511, 99285247]"
30,894,meta-llama/Llama-3.1-8B,512,4,0,440481817,440481817,99210150,258276038,60735259,"[71027021, 11893511, 99285247]"
30,1038,meta-llama/Llama-3.1-8B,512,4,0,579845845,579845845,258276038,329303059,83514262,"[11893511, 99285247, 139364028]"
30,1182,meta-llama/Llama-3.1-8B,512,4,0,680574093,680574093,341196570,440481817,80030758,"[139364028, 73954214, 26774034]"
30,1326,meta-llama/Llama-3.1-8B,512,4,0,680574093,680574093,341196570,440481817,80030758,"[139364028, 73954214, 26774034]"
30,1470,meta-llama/Llama-3.1-8B,512,4,0,680574093,680574093,341196570,440481817,80030758,"[139364028, 73954214, 26774034]"
30,1614,meta-llama/Llama-3.1-8B,512,4,0,757823477,757823477,440481817,579845845,59325877,"[73954214, 26774034, 77249384]"
30,1758,meta-llama/Llama-3.1-8B,512,4,0,757823477,757823477,440481817,579845845,59325877,"[73954214, 26774034, 77249384]"
30,1902,meta-llama/Llama-3.1-8B,512,4,0,757823477,757823477,440481817,579845845,59325877,"[73954214, 26774034, 77249384]"
30,2046,meta-llama/Llama-3.1-8B,512,4,0,757823477,757823477,440481817,579845845,59325877,"[73954214, 26774034, 77249384]"
30,2190,meta-llama/Llama-3.1-8B,512,4,0,809731301,809731301,579845845,653800059,51977080,"[26774034, 77249384, 51907824]"
30,2334,meta-llama/Llama-3.1-8B,512,4,0,837782345,837782345,680574093,757823477,26652956,"[51907824, 12841236, 15209808]"
30,2478,meta-llama/Llama-3.1-8B,512,4,0,837782345,837782345,680574093,757823477,26652956,"[51907824, 12841236, 15209808]"
30,2622,meta-llama/Llama-3.1-8B,512,4,0,837782345,837782345,680574093,757823477,26652956,"[51907824, 12841236, 15209808]"
30,2766,meta-llama/Llama-3.1-8B,512,4,0,851654588,851654588,757823477,809731301,13974429,"[12841236, 15209808, 13872243]"
30,2910,meta-llama/Llama-3.1-8B,520,4,3000000000,3265429760,265429760,252018,230884838,11514974,"[11513918, 11514974, 11516030]"
30,3054,meta-llama/Llama-3.1-8B,520,4,3000000000,3265429760,265429760,252018,230884838,11514974,"[11513918, 11514974, 11516030]"
30,3198,meta-llama/Llama-3.1-8B,520,4,3000000000,3265429760,265429760,252018,230884838,11514974,"[11513918, 11514974, 11516030]"
30,3342,meta-llama/Llama-3.1-8B,520,4,3000000000,3265429760,265429760,252018,230884838,11514974,"[11513918, 11514974, 11516030]"
30,3486,meta-llama/Llama-3.1-8B,520,4,3000000000,3265429760,265429760,252018,230884838,11514974,"[11513918, 11514974, 11516030]"
30,3630,meta-llama/Llama-3.1-8B,520,4,3000000000,3265429760,265429760,252018,230884838,11514974,"[11513918, 11514974, 11516030]"
30,3774,meta-llama/Llama-3.1-8B,520,4,3000000000,3265429760,265429760,252018,230884838,11514974,"[11513918, 11514974, 11516030]"
30,3918,meta-llama/Llama-3.1-8B,520,4,3000000000,3265429760,265429760,252018,230884838,11514974,"[11513918, 11514974, 11516030]"
30,4062,meta-llama/Llama-3.1-8B,520,4,3000000000,4267908512,1267908512,265429760,1233363590,11514974,"[11513918, 11514974, 11516030]"
30,4206,meta-llama/Llama-3.1-8B,520,4,3000000000,4267908512,1267908512,265429760,1233363590,11514974,"[11513918, 11514974, 11516030]"
30,4350,meta-llama/Llama-3.1-8B,520,4,3000000000,4267908512,1267908512,265429760,1233363590,11514974,"[11513918, 11514974, 11516030]"
30,4494,meta-llama/Llama-3.1-8B,520,4,3000000000,4267908512,1267908512,265429760,1233363590,11514974,"[11513918, 11514974, 11516030]"
30,4638,meta-llama/Llama-3.1-8B,520,4,3000000000,4267908512,1267908512,265429760,1233363590,11514974,"[11513918, 11514974, 11516030]"
30,4782,meta-llama/Llama-3.1-8B,520,4,3000000000,4267908512,1267908512,265429760,1233363590,11514974,"[11513918, 11514974, 11516030]"
30,4926,meta-llama/Llama-3.1-8B,520,4,3000000000,4267908512,1267908512,265429760,1233363590,11514974,"[11513918, 11514974, 11516030]"
30,5070,meta-llama/Llama-3.1-8B,520,4,3000000000,4267908512,1267908512,265429760,1233363590,11514974,"[11513918, 11514974, 11516030]"
30,5214,meta-llama/Llama-3.1-8B,520,4,3000000000,5267798516,2267798516,1267908512,2233955777,11280913,"[11280401, 11280913, 11281425]"
30,5358,meta-llama/Llama-3.1-8B,520,4,3000000000,5267798516,2267798516,1267908512,2233955777,11280913,"[11280401, 11280913, 11281425]"
30,5502,meta-llama/Llama-3.1-8B,520,4,3000000000,5267798516,2267798516,1267908512,2233955777,11280913,"[11280401, 11280913, 11281425]"
30,5646,meta-llama/Llama-3.1-8B,520,4,3000000000,5267798516,2267798516,1267908512,2233955777,11280913,"[11280401, 11280913, 11281425]"
31,31,meta-llama/Llama-3.1-8B,512,4,0,341198742,341198742,1,99735606,80487712,"[159065888, 70504506, 11892742]"
31,175,meta-llama/Llama-3.1-8B,512,4,0,341198742,341198742,1,99735606,80487712,"[159065888, 70504506, 11892742]"
31,319,meta-llama/Llama-3.1-8B,512,4,0,341198742,341198742,1,99735606,80487712,"[159065888, 70504506, 11892742]"
31,463,meta-llama/Llama-3.1-8B,512,4,0,341198742,341198742,1,99735606,80487712,"[159065888, 70504506, 11892742]"
31,607,meta-llama/Llama-3.1-8B,512,4,0,441007273,441007273,99735606,258801494,60735259,"[70504506, 11892742, 99808531]"
31,751,meta-llama/Llama-3.1-8B,512,4,0,441007273,441007273,99735606,258801494,60735259,"[70504506, 11892742, 99808531]"
31,895,meta-llama/Llama-3.1-8B,512,4,0,441007273,441007273,99735606,258801494,60735259,"[70504506, 11892742, 99808531]"
31,1039,meta-llama/Llama-3.1-8B,512,4,0,580242019,580242019,258801494,329306000,83645339,"[11892742, 99808531, 139234746]"
31,1183,meta-llama/Llama-3.1-8B,512,4,0,680576265,680576265,341198742,441007273,79856330,"[139234746, 73691289, 26642957]"
31,1327,meta-llama/Llama-3.1-8B,512,4,0,680576265,680576265,341198742,441007273,79856330,"[139234746, 73691289, 26642957]"
31,1471,meta-llama/Llama-3.1-8B,512,4,0,680576265,680576265,341198742,441007273,79856330,"[139234746, 73691289, 26642957]"
31,1615,meta-llama/Llama-3.1-8B,512,4,0,758218881,758218881,441007273,580242019,59325620,"[73691289, 26642957, 77642616]"
31,1759,meta-llama/Llama-3.1-8B,512,4,0,758218881,758218881,441007273,580242019,59325620,"[73691289, 26642957, 77642616]"
31,1903,meta-llama/Llama-3.1-8B,512,4,0,758218881,758218881,441007273,580242019,59325620,"[73691289, 26642957, 77642616]"
31,2047,meta-llama/Llama-3.1-8B,512,4,0,758218881,758218881,441007273,580242019,59325620,"[73691289, 26642957, 77642616]"
31,2191,meta-llama/Llama-3.1-8B,512,4,0,809919855,809919855,580242019,653933308,51995515,"[26642957, 77642616, 51700974]"
31,2335,meta-llama/Llama-3.1-8B,512,4,0,838181051,838181051,680576265,758218881,26654056,"[51700974, 12780152, 15481044]"
31,2479,meta-llama/Llama-3.1-8B,512,4,0,838181051,838181051,680576265,758218881,26654056,"[51700974, 12780152, 15481044]"
31,2623,meta-llama/Llama-3.1-8B,512,4,0,838181051,838181051,680576265,758218881,26654056,"[51700974, 12780152, 15481044]"
31,2767,meta-llama/Llama-3.1-8B,512,4,0,851657376,851657376,758218881,809919855,13912507,"[12780152, 15481044, 13476325]"
31,2911,meta-llama/Llama-3.1-8B,520,4,3000000000,3272391418,272391418,252018,237846496,11514974,"[11513918, 11514974, 11516030]"
31,3055,meta-llama/Llama-3.1-8B,520,4,3000000000,3272391418,272391418,252018,237846496,11514974,"[11513918, 11514974, 11516030]"
31,3199,meta-llama/Llama-3.1-8B,520,4,3000000000,3272391418,272391418,252018,237846496,11514974,"[11513918, 11514974, 11516030]"
31,3343,meta-llama/Llama-3.1-8B,520,4,3000000000,3272391418,272391418,252018,237846496,11514974,"[11513918, 11514974, 11516030]"
31,3487,meta-llama/Llama-3.1-8B,520,4,3000000000,3272391418,272391418,252018,237846496,11514974,"[11513918, 11514974, 11516030]"
31,3631,meta-llama/Llama-3.1-8B,520,4,3000000000,3272391418,272391418,252018,237846496,11514974,"[11513918, 11514974, 11516030]"
31,3775,meta-llama/Llama-3.1-8B,520,4,3000000000,3272391418,272391418,252018,237846496,11514974,"[11513918, 11514974, 11516030]"
31,3919,meta-llama/Llama-3.1-8B,520,4,3000000000,3272391418,272391418,252018,237846496,11514974,"[11513918, 11514974, 11516030]"
31,4063,meta-llama/Llama-3.1-8B,520,4,3000000000,4274870170,1274870170,272391418,1240325248,11514974,"[11513918, 11514974, 11516030]"
31,4207,meta-llama/Llama-3.1-8B,520,4,3000000000,4274870170,1274870170,272391418,1240325248,11514974,"[11513918, 11514974, 11516030]"
31,4351,meta-llama/Llama-3.1-8B,520,4,3000000000,4274870170,1274870170,272391418,1240325248,11514974,"[11513918, 11514974, 11516030]"
31,4495,meta-llama/Llama-3.1-8B,520,4,3000000000,4274870170,1274870170,272391418,1240325248,11514974,"[11513918, 11514974, 11516030]"
31,4639,meta-llama/Llama-3.1-8B,520,4,3000000000,4274870170,1274870170,272391418,1240325248,11514974,"[11513918, 11514974, 11516030]"
31,4783,meta-llama/Llama-3.1-8B,520,4,3000000000,4274870170,1274870170,272391418,1240325248,11514974,"[11513918, 11514974, 11516030]"
31,4927,meta-llama/Llama-3.1-8B,520,4,3000000000,4274870170,1274870170,272391418,1240325248,11514974,"[11513918, 11514974, 11516030]"
31,5071,meta-llama/Llama-3.1-8B,520,4,3000000000,4274870170,1274870170,272391418,1240325248,11514974,"[11513918, 11514974, 11516030]"
31,5215,meta-llama/Llama-3.1-8B,520,4,3000000000,5274760174,2274760174,1274870170,2240917435,11280913,"[11280401, 11280913, 11281425]"
31,5359,meta-llama/Llama-3.1-8B,520,4,3000000000,5274760174,2274760174,1274870170,2240917435,11280913,"[11280401, 11280913, 11281425]"
31,5503,meta-llama/Llama-3.1-8B,520,4,3000000000,5274760174,2274760174,1274870170,2240917435,11280913,"[11280401, 11280913, 11281425]"
31,5647,meta-llama/Llama-3.1-8B,520,4,3000000000,5274760174,2274760174,1274870170,2240917435,11280913,"[11280401, 11280913, 11281425]"
32,32,meta-llama/Llama-3.1-8B,512,4,0,341200914,341200914,1,100261062,80313284,"[159065888, 69981991, 11891973]"
32,176,meta-llama/Llama-3.1-8B,512,4,0,341200914,341200914,1,100261062,80313284,"[159065888, 69981991, 11891973]"
32,320,meta-llama/Llama-3.1-8B,512,4,0,341200914,341200914,1,100261062,80313284,"[159065888, 69981991, 11891973]"
32,464,meta-llama/Llama-3.1-8B,512,4,0,341200914,341200914,1,100261062,80313284,"[159065888, 69981991, 11891973]"
32,608,meta-llama/Llama-3.1-8B,512,4,0,441532729,441532729,100261062,259326950,60735259,"[69981991, 11891973, 100331815]"
32,752,meta-llama/Llama-3.1-8B,512,4,0,441532729,441532729,100261062,259326950,60735259,"[69981991, 11891973, 100331815]"
32,896,meta-llama/Llama-3.1-8B,512,4,0,441532729,441532729,100261062,259326950,60735259,"[69981991, 11891973, 100331815]"
32,1040,meta-llama/Llama-3.1-8B,512,4,0,580638193,580638193,259326950,329308941,83776417,"[11891973, 100331815, 139105464]"
32,1184,meta-llama/Llama-3.1-8B,512,4,0,680578437,680578437,341200914,441532729,79681902,"[139105464, 73428364, 26511880]"
32,1328,meta-llama/Llama-3.1-8B,512,4,0,680578437,680578437,341200914,441532729,79681902,"[139105464, 73428364, 26511880]"
32,1472,meta-llama/Llama-3.1-8B,512,4,0,680578437,680578437,341200914,441532729,79681902,"[139105464, 73428364, 26511880]"
32,1616,meta-llama/Llama-3.1-8B,512,4,0,758642322,758642322,441532729,580638193,59334709,"[73428364, 26511880, 78063885]"
32,1760,meta-llama/Llama-3.1-8B,512,4,0,758642322,758642322,441532729,580638193,59334709,"[73428364, 26511880, 78063885]"
32,1904,meta-llama/Llama-3.1-8B,512,4,0,758642322,758642322,441532729,580638193,59334709,"[73428364, 26511880, 78063885]"
32,2048,meta-llama/Llama-3.1-8B,512,4,0,758642322,758642322,441532729,580638193,59334709,"[73428364, 26511880, 78063885]"
32,2192,meta-llama/Llama-3.1-8B,512,4,0,810136446,810136446,580638193,654066557,52023296,"[26511880, 78063885, 51494124]"
32,2336,meta-llama/Llama-3.1-8B,512,4,0,838182197,838182197,680578437,758642322,26513291,"[51494124, 12564707, 15481044]"
32,2480,meta-llama/Llama-3.1-8B,512,4,0,838182197,838182197,680578437,758642322,26513291,"[51494124, 12564707, 15481044]"
32,2624,meta-llama/Llama-3.1-8B,512,4,0,838182197,838182197,680578437,758642322,26513291,"[51494124, 12564707, 15481044]"
32,2768,meta-llama/Llama-3.1-8B,512,4,0,851657752,851657752,758642322,810136446,13840435,"[12564707, 15481044, 13475555]"
32,2912,meta-llama/Llama-3.1-8B,520,4,3000000000,3279353076,279353076,252018,244808154,11514974,"[11513918, 11514974, 11516030]"
32,3056,meta-llama/Llama-3.1-8B,520,4,3000000000,3279353076,279353076,252018,244808154,11514974,"[11513918, 11514974, 11516030]"
32,3200,meta-llama/Llama-3.1-8B,520,4,3000000000,3279353076,279353076,252018,244808154,11514974,"[11513918, 11514974, 11516030]"
32,3344,meta-llama/Llama-3.1-8B,520,4,3000000000,3279353076,279353076,252018,244808154,11514974,"[11513918, 11514974, 11516030]"
32,3488,meta-llama/Llama-3.1-8B,520,4,3000000000,3279353076,279353076,252018,244808154,11514974,"[11513918, 11514974, 11516030]"
32,3632,meta-llama/Llama-3.1-8B,520,4,3000000000,3279353076,279353076,252018,244808154,11514974,"[11513918, 11514974, 11516030]"
32,3776,meta-llama/Llama-3.1-8B,520,4,3000000000,3279353076,279353076,252018,244808154,11514974,"[11513918, 11514974, 11516030]"
32,3920,meta-llama/Llama-3.1-8B,520,4,3000000000,3279353076,279353076,252018,244808154,11514974,"[11513918, 11514974, 11516030]"
32,4064,meta-llama/Llama-3.1-8B,520,4,3000000000,4281831828,1281831828,279353076,1247286906,11514974,"[11513918, 11514974, 11516030]"
32,4208,meta-llama/Llama-3.1-8B,520,4,3000000000,4281831828,1281831828,279353076,1247286906,11514974,"[11513918, 11514974, 11516030]"
32,4352,meta-llama/Llama-3.1-8B,520,4,3000000000,4281831828,1281831828,279353076,1247286906,11514974,"[11513918, 11514974, 11516030]"
32,4496,meta-llama/Llama-3.1-8B,520,4,3000000000,4281831828,1281831828,279353076,1247286906,11514974,"[11513918, 11514974, 11516030]"
32,4640,meta-llama/Llama-3.1-8B,520,4,3000000000,4281831828,1281831828,279353076,1247286906,11514974,"[11513918, 11514974, 11516030]"
32,4784,meta-llama/Llama-3.1-8B,520,4,3000000000,4281831828,1281831828,279353076,1247286906,11514974,"[11513918, 11514974, 11516030]"
32,4928,meta-llama/Llama-3.1-8B,520,4,3000000000,4281831828,1281831828,279353076,1247286906,11514974,"[11513918, 11514974, 11516030]"
32,5072,meta-llama/Llama-3.1-8B,520,4,3000000000,4281831828,1281831828,279353076,1247286906,11514974,"[11513918, 11514974, 11516030]"
32,5216,meta-llama/Llama-3.1-8B,520,4,3000000000,5281721832,2281721832,1281831828,2247879093,11280913,"[11280401, 11280913, 11281425]"
32,5360,meta-llama/Llama-3.1-8B,520,4,3000000000,5281721832,2281721832,1281831828,2247879093,11280913,"[11280401, 11280913, 11281425]"
32,5504,meta-llama/Llama-3.1-8B,520,4,3000000000,5281721832,2281721832,1281831828,2247879093,11280913,"[11280401, 11280913, 11281425]"
32,5648,meta-llama/Llama-3.1-8B,520,4,3000000000,5281721832,2281721832,1281831828,2247879093,11280913,"[11280401, 11280913, 11281425]"
33,33,meta-llama/Llama-3.1-8B,512,4,0,341203086,341203086,1,100786518,80138856,"[159065888, 69459476, 11891204]"
33,177,meta-llama/Llama-3.1-8B,512,4,0,341203086,341203086,1,100786518,80138856,"[159065888, 69459476, 11891204]"
33,321,meta-llama/Llama-3.1-8B,512,4,0,341203086,341203086,1,100786518,80138856,"[159065888, 69459476, 11891204]"
33,465,meta-llama/Llama-3.1-8B,512,4,0,341203086,341203086,1,100786518,80138856,"[159065888, 69459476, 11891204]"
33,609,meta-llama/Llama-3.1-8B,512,4,0,442058185,442058185,100786518,259852406,60735259,"[69459476, 11891204, 100855099]"
33,753,meta-llama/Llama-3.1-8B,512,4,0,442058185,442058185,100786518,259852406,60735259,"[69459476, 11891204, 100855099]"
33,897,meta-llama/Llama-3.1-8B,512,4,0,442058185,442058185,100786518,259852406,60735259,"[69459476, 11891204, 100855099]"
33,1041,meta-llama/Llama-3.1-8B,512,4,0,581034367,581034367,259852406,329311882,83907495,"[11891204, 100855099, 138976182]"
33,1185,meta-llama/Llama-3.1-8B,512,4,0,680580609,680580609,341203086,442058185,79507474,"[138976182, 73165439, 26380803]"
33,1329,meta-llama/Llama-3.1-8B,512,4,0,680580609,680580609,341203086,442058185,79507474,"[138976182, 73165439, 26380803]"
33,1473,meta-llama/Llama-3.1-8B,512,4,0,680580609,680580609,341203086,442058185,79507474,"[138976182, 73165439, 26380803]"
33,1617,meta-llama/Llama-3.1-8B,512,4,0,759037726,759037726,442058185,581034367,59334453,"[73165439, 26380803, 78457117]"
33,1761,meta-llama/Llama-3.1-8B,512,4,0,759037726,759037726,442058185,581034367,59334453,"[73165439, 26380803, 78457117]"
33,1905,meta-llama/Llama-3.1-8B,512,4,0,759037726,759037726,442058185,581034367,59334453,"[73165439, 26380803, 78457117]"
33,2049,meta-llama/Llama-3.1-8B,512,4,0,759037726,759037726,442058185,581034367,59334453,"[73165439, 26380803, 78457117]"
33,2193,meta-llama/Llama-3.1-8B,512,4,0,810325000,810325000,581034367,654199806,52041731,"[26380803, 78457117, 51287274]"
33,2337,meta-llama/Llama-3.1-8B,512,4,0,838183343,838183343,680580609,759037726,26381872,"[51287274, 12377299, 15481044]"
33,2481,meta-llama/Llama-3.1-8B,512,4,0,838183343,838183343,680580609,759037726,26381872,"[51287274, 12377299, 15481044]"
33,2625,meta-llama/Llama-3.1-8B,512,4,0,838183343,838183343,680580609,759037726,26381872,"[51287274, 12377299, 15481044]"
33,2769,meta-llama/Llama-3.1-8B,512,4,0,851658128,851658128,759037726,810325000,13777709,"[12377299, 15481044, 13474785]"
33,2913,meta-llama/Llama-3.1-8B,520,4,3000000000,3286314734,286314734,252018,251769812,11514974,"[11513918, 11514974, 11516030]"
33,3057,meta-llama/Llama-3.1-8B,520,4,3000000000,3286314734,286314734,252018,251769812,11514974,"[11513918, 11514974, 11516030]"
33,3201,meta-llama/Llama-3.1-8B,520,4,3000000000,3286314734,286314734,252018,251769812,11514974,"[11513918, 11514974, 11516030]"
33,3345,meta-llama/Llama-3.1-8B,520,4,3000000000,3286314734,286314734,252018,251769812,11514974,"[11513918, 11514974, 11516030]"
33,3489,meta-llama/Llama-3.1-8B,520,4,3000000000,3286314734,286314734,252018,251769812,11514974,"[11513918, 11514974, 11516030]"
33,3633,meta-llama/Llama-3.1-8B,520,4,3000000000,3286314734,286314734,252018,251769812,11514974,"[11513918, 11514974, 11516030]"
33,3777,meta-llama/Llama-3.1-8B,520,4,3000000000,3286314734,286314734,252018,251769812,11514974,"[11513918, 11514974, 11516030]"
33,3921,meta-llama/Llama-3.1-8B,520,4,3000000000,3286314734,286314734,252018,251769812,11514974,"[11513918, 11514974, 11516030]"
33,4065,meta-llama/Llama-3.1-8B,520,4,3000000000,4288793486,1288793486,286314734,1254248564,11514974,"[11513918, 11514974, 11516030]"
33,4209,meta-llama/Llama-3.1-8B,520,4,3000000000,4288793486,1288793486,286314734,1254248564,11514974,"[11513918, 11514974, 11516030]"
33,4353,meta-llama/Llama-3.1-8B,520,4,3000000000,4288793486,1288793486,286314734,1254248564,11514974,"[11513918, 11514974, 11516030]"
33,4497,meta-llama/Llama-3.1-8B,520,4,3000000000,4288793486,1288793486,286314734,1254248564,11514974,"[11513918, 11514974, 11516030]"
33,4641,meta-llama/Llama-3.1-8B,520,4,3000000000,4288793486,1288793486,286314734,1254248564,11514974,"[11513918, 11514974, 11516030]"
33,4785,meta-llama/Llama-3.1-8B,520,4,3000000000,4288793486,1288793486,286314734,1254248564,11514974,"[11513918, 11514974, 11516030]"
33,4929,meta-llama/Llama-3.1-8B,520,4,3000000000,4288793486,1288793486,286314734,1254248564,11514974,"[11513918, 11514974, 11516030]"
33,5073,meta-llama/Llama-3.1-8B,520,4,3000000000,4288793486,1288793486,286314734,1254248564,11514974,"[11513918, 11514974, 11516030]"
33,5217,meta-llama/Llama-3.1-8B,520,4,3000000000,5288683490,2288683490,1288793486,2254840751,11280913,"[11280401, 11280913, 11281425]"
33,5361,meta-llama/Llama-3.1-8B,520,4,3000000000,5288683490,2288683490,1288793486,2254840751,11280913,"[11280401, 11280913, 11281425]"
33,5505,meta-llama/Llama-3.1-8B,520,4,3000000000,5288683490,2288683490,1288793486,2254840751,11280913,"[11280401, 11280913, 11281425]"
33,5649,meta-llama/Llama-3.1-8B,520,4,3000000000,5288683490,2288683490,1288793486,2254840751,11280913,"[11280401, 11280913, 11281425]"
34,34,meta-llama/Llama-3.1-8B,512,4,0,341205258,341205258,1,101311974,79964428,"[159065888, 68936961, 11890435]"
34,178,meta-llama/Llama-3.1-8B,512,4,0,341205258,341205258,1,101311974,79964428,"[159065888, 68936961, 11890435]"
34,322,meta-llama/Llama-3.1-8B,512,4,0,341205258,341205258,1,101311974,79964428,"[159065888, 68936961, 11890435]"
34,466,meta-llama/Llama-3.1-8B,512,4,0,341205258,341205258,1,101311974,79964428,"[159065888, 68936961, 11890435]"
34,610,meta-llama/Llama-3.1-8B,512,4,0,442583641,442583641,101311974,260377862,60735259,"[68936961, 11890435, 101378383]"
34,754,meta-llama/Llama-3.1-8B,512,4,0,442583641,442583641,101311974,260377862,60735259,"[68936961, 11890435, 101378383]"
34,898,meta-llama/Llama-3.1-8B,512,4,0,442583641,442583641,101311974,260377862,60735259,"[68936961, 11890435, 101378383]"
34,1042,meta-llama/Llama-3.1-8B,512,4,0,581430541,581430541,260377862,329314823,84038572,"[11890435, 101378383, 138846900]"
34,1186,meta-llama/Llama-3.1-8B,512,4,0,680582781,680582781,341205258,442583641,79333046,"[138846900, 72902514, 26249726]"
34,1330,meta-llama/Llama-3.1-8B,512,4,0,680582781,680582781,341205258,442583641,79333046,"[138846900, 72902514, 26249726]"
34,1474,meta-llama/Llama-3.1-8B,512,4,0,680582781,680582781,341205258,442583641,79333046,"[138846900, 72902514, 26249726]"
34,1618,meta-llama/Llama-3.1-8B,512,4,0,759433130,759433130,442583641,581430541,59334196,"[72902514, 26249726, 78850349]"
34,1762,meta-llama/Llama-3.1-8B,512,4,0,759433130,759433130,442583641,581430541,59334196,"[72902514, 26249726, 78850349]"
34,1906,meta-llama/Llama-3.1-8B,512,4,0,759433130,759433130,442583641,581430541,59334196,"[72902514, 26249726, 78850349]"
34,2050,meta-llama/Llama-3.1-8B,512,4,0,759433130,759433130,442583641,581430541,59334196,"[72902514, 26249726, 78850349]"
34,2194,meta-llama/Llama-3.1-8B,512,4,0,810541591,810541591,581430541,654333055,52069512,"[26249726, 78850349, 51108461]"
34,2338,meta-llama/Llama-3.1-8B,512,4,0,838184489,838184489,680582781,759433130,26250453,"[51108461, 12161854, 15481044]"
34,2482,meta-llama/Llama-3.1-8B,512,4,0,838184489,838184489,680582781,759433130,26250453,"[51108461, 12161854, 15481044]"
34,2626,meta-llama/Llama-3.1-8B,512,4,0,838184489,838184489,680582781,759433130,26250453,"[51108461, 12161854, 15481044]"
34,2770,meta-llama/Llama-3.1-8B,512,4,0,851658504,851658504,759433130,810541591,13705637,"[12161854, 15481044, 13474015]"
34,2914,meta-llama/Llama-3.1-8B,520,4,3000000000,3293276392,293276392,252018,258731470,11514974,"[11513918, 11514974, 11516030]"
34,3058,meta-llama/Llama-3.1-8B,520,4,3000000000,3293276392,293276392,252018,258731470,11514974,"[11513918, 11514974, 11516030]"
34,3202,meta-llama/Llama-3.1-8B,520,4,3000000000,3293276392,293276392,252018,258731470,11514974,"[11513918, 11514974, 11516030]"
34,3346,meta-llama/Llama-3.1-8B,520,4,3000000000,3293276392,293276392,252018,258731470,11514974,"[11513918, 11514974, 11516030]"
34,3490,meta-llama/Llama-3.1-8B,520,4,3000000000,3293276392,293276392,252018,258731470,11514974,"[11513918, 11514974, 11516030]"
34,3634,meta-llama/Llama-3.1-8B,520,4,3000000000,3293276392,293276392,252018,258731470,11514974,"[11513918, 11514974, 11516030]"
34,3778,meta-llama/Llama-3.1-8B,520,4,3000000000,3293276392,293276392,252018,258731470,11514974,"[11513918, 11514974, 11516030]"
34,3922,meta-llama/Llama-3.1-8B,520,4,3000000000,3293276392,293276392,252018,258731470,11514974,"[11513918, 11514974, 11516030]"
34,4066,meta-llama/Llama-3.1-8B,520,4,3000000000,4295755144,1295755144,293276392,1261210222,11514974,"[11513918, 11514974, 11516030]"
34,4210,meta-llama/Llama-3.1-8B,520,4,3000000000,4295755144,1295755144,293276392,1261210222,11514974,"[11513918, 11514974, 11516030]"
34,4354,meta-llama/Llama-3.1-8B,520,4,3000000000,4295755144,1295755144,293276392,1261210222,11514974,"[11513918, 11514974, 11516030]"
34,4498,meta-llama/Llama-3.1-8B,520,4,3000000000,4295755144,1295755144,293276392,1261210222,11514974,"[11513918, 11514974, 11516030]"
34,4642,meta-llama/Llama-3.1-8B,520,4,3000000000,4295755144,1295755144,293276392,1261210222,11514974,"[11513918, 11514974, 11516030]"
34,4786,meta-llama/Llama-3.1-8B,520,4,3000000000,4295755144,1295755144,293276392,1261210222,11514974,"[11513918, 11514974, 11516030]"
34,4930,meta-llama/Llama-3.1-8B,520,4,3000000000,4295755144,1295755144,293276392,1261210222,11514974,"[11513918, 11514974, 11516030]"
34,5074,meta-llama/Llama-3.1-8B,520,4,3000000000,4295755144,1295755144,293276392,1261210222,11514974,"[11513918, 11514974, 11516030]"
34,5218,meta-llama/Llama-3.1-8B,520,4,3000000000,5295645148,2295645148,1295755144,2261802409,11280913,"[11280401, 11280913, 11281425]"
34,5362,meta-llama/Llama-3.1-8B,520,4,3000000000,5295645148,2295645148,1295755144,2261802409,11280913,"[11280401, 11280913, 11281425]"
34,5506,meta-llama/Llama-3.1-8B,520,4,3000000000,5295645148,2295645148,1295755144,2261802409,11280913,"[11280401, 11280913, 11281425]"
34,5650,meta-llama/Llama-3.1-8B,520,4,3000000000,5295645148,2295645148,1295755144,2261802409,11280913,"[11280401, 11280913, 11281425]"
35,35,meta-llama/Llama-3.1-8B,512,4,0,341207430,341207430,1,101837430,79790000,"[159065888, 68414446, 11889666]"
35,179,meta-llama/Llama-3.1-8B,512,4,0,341207430,341207430,1,101837430,79790000,"[159065888, 68414446, 11889666]"
35,323,meta-llama/Llama-3.1-8B,512,4,0,341207430,341207430,1,101837430,79790000,"[159065888, 68414446, 11889666]"
35,467,meta-llama/Llama-3.1-8B,512,4,0,341207430,341207430,1,101837430,79790000,"[159065888, 68414446, 11889666]"
35,611,meta-llama/Llama-3.1-8B,512,4,0,443109097,443109097,101837430,260903318,60735259,"[68414446, 11889666, 101901667]"
35,755,meta-llama/Llama-3.1-8B,512,4,0,443109097,443109097,101837430,260903318,60735259,"[68414446, 11889666, 101901667]"
35,899,meta-llama/Llama-3.1-8B,512,4,0,443109097,443109097,101837430,260903318,60735259,"[68414446, 11889666, 101901667]"
35,1043,meta-llama/Llama-3.1-8B,512,4,0,581826715,581826715,260903318,329317764,84169650,"[11889666, 101901667, 138717618]"
35,1187,meta-llama/Llama-3.1-8B,512,4,0,680584953,680584953,341207430,443109097,79158618,"[138717618, 72639589, 26118649]"
35,1331,meta-llama/Llama-3.1-8B,512,4,0,680584953,680584953,341207430,443109097,79158618,"[138717618, 72639589, 26118649]"
35,1475,meta-llama/Llama-3.1-8B,512,4,0,680584953,680584953,341207430,443109097,79158618,"[138717618, 72639589, 26118649]"
35,1619,meta-llama/Llama-3.1-8B,512,4,0,759856571,759856571,443109097,581826715,59343285,"[72639589, 26118649, 79271618]"
35,1763,meta-llama/Llama-3.1-8B,512,4,0,759856571,759856571,443109097,581826715,59343285,"[72639589, 26118649, 79271618]"
35,1907,meta-llama/Llama-3.1-8B,512,4,0,759856571,759856571,443109097,581826715,59343285,"[72639589, 26118649, 79271618]"
35,2051,meta-llama/Llama-3.1-8B,512,4,0,759856571,759856571,443109097,581826715,59343285,"[72639589, 26118649, 79271618]"
35,2195,meta-llama/Llama-3.1-8B,512,4,0,810758182,810758182,581826715,654466304,52097292,"[26118649, 79271618, 50901611]"
35,2339,meta-llama/Llama-3.1-8B,512,4,0,838451981,838451981,680584953,759856571,26198470,"[50901611, 12138583, 15555216]"
35,2483,meta-llama/Llama-3.1-8B,512,4,0,838451981,838451981,680584953,759856571,26198470,"[50901611, 12138583, 15555216]"
35,2627,meta-llama/Llama-3.1-8B,512,4,0,838451981,838451981,680584953,759856571,26198470,"[50901611, 12138583, 15555216]"
35,2771,meta-llama/Llama-3.1-8B,512,4,0,851659000,851659000,759856571,810758182,13633606,"[12138583, 15555216, 13207019]"
35,2915,meta-llama/Llama-3.1-8B,520,4,3000000000,3300238050,300238050,252018,265693128,11514974,"[11513918, 11514974, 11516030]"
35,3059,meta-llama/Llama-3.1-8B,520,4,3000000000,3300238050,300238050,252018,265693128,11514974,"[11513918, 11514974, 11516030]"
35,3203,meta-llama/Llama-3.1-8B,520,4,3000000000,3300238050,300238050,252018,265693128,11514974,"[11513918, 11514974, 11516030]"
35,3347,meta-llama/Llama-3.1-8B,520,4,3000000000,3300238050,300238050,252018,265693128,11514974,"[11513918, 11514974, 11516030]"
35,3491,meta-llama/Llama-3.1-8B,520,4,3000000000,3300238050,300238050,252018,265693128,11514974,"[11513918, 11514974, 11516030]"
35,3635,meta-llama/Llama-3.1-8B,520,4,3000000000,3300238050,300238050,252018,265693128,11514974,"[11513918, 11514974, 11516030]"
35,3779,meta-llama/Llama-3.1-8B,520,4,3000000000,3300238050,300238050,252018,265693128,11514974,"[11513918, 11514974, 11516030]"
35,3923,meta-llama/Llama-3.1-8B,520,4,3000000000,3300238050,300238050,252018,265693128,11514974,"[11513918, 11514974, 11516030]"
35,4067,meta-llama/Llama-3.1-8B,520,4,3000000000,4302716802,1302716802,300238050,1268171880,11514974,"[11513918, 11514974, 11516030]"
35,4211,meta-llama/Llama-3.1-8B,520,4,3000000000,4302716802,1302716802,300238050,1268171880,11514974,"[11513918, 11514974, 11516030]"
35,4355,meta-llama/Llama-3.1-8B,520,4,3000000000,4302716802,1302716802,300238050,1268171880,11514974,"[11513918, 11514974, 11516030]"
35,4499,meta-llama/Llama-3.1-8B,520,4,3000000000,4302716802,1302716802,300238050,1268171880,11514974,"[11513918, 11514974, 11516030]"
35,4643,meta-llama/Llama-3.1-8B,520,4,3000000000,4302716802,1302716802,300238050,1268171880,11514974,"[11513918, 11514974, 11516030]"
35,4787,meta-llama/Llama-3.1-8B,520,4,3000000000,4302716802,1302716802,300238050,1268171880,11514974,"[11513918, 11514974, 11516030]"
35,4931,meta-llama/Llama-3.1-8B,520,4,3000000000,4302716802,1302716802,300238050,1268171880,11514974,"[11513918, 11514974, 11516030]"
35,5075,meta-llama/Llama-3.1-8B,520,4,3000000000,4302716802,1302716802,300238050,1268171880,11514974,"[11513918, 11514974, 11516030]"
35,5219,meta-llama/Llama-3.1-8B,520,4,3000000000,5302606806,2302606806,1302716802,2268764067,11280913,"[11280401, 11280913, 11281425]"
35,5363,meta-llama/Llama-3.1-8B,520,4,3000000000,5302606806,2302606806,1302716802,2268764067,11280913,"[11280401, 11280913, 11281425]"
35,5507,meta-llama/Llama-3.1-8B,520,4,3000000000,5302606806,2302606806,1302716802,2268764067,11280913,"[11280401, 11280913, 11281425]"
35,5651,meta-llama/Llama-3.1-8B,520,4,3000000000,5302606806,2302606806,1302716802,2268764067,11280913,"[11280401, 11280913, 11281425]"
36,36,meta-llama/Llama-3.1-8B,512,4,0,341209602,341209602,1,102362886,79615572,"[159065888, 67891931, 11888897]"
36,180,meta-llama/Llama-3.1-8B,512,4,0,341209602,341209602,1,102362886,79615572,"[159065888, 67891931, 11888897]"
36,324,meta-llama/Llama-3.1-8B,512,4,0,341209602,341209602,1,102362886,79615572,"[159065888, 67891931, 11888897]"
36,468,meta-llama/Llama-3.1-8B,512,4,0,341209602,341209602,1,102362886,79615572,"[159065888, 67891931, 11888897]"
36,612,meta-llama/Llama-3.1-8B,512,4,0,443634553,443634553,102362886,261428774,60735259,"[67891931, 11888897, 102424951]"
36,756,meta-llama/Llama-3.1-8B,512,4,0,443634553,443634553,102362886,261428774,60735259,"[67891931, 11888897, 102424951]"
36,900,meta-llama/Llama-3.1-8B,512,4,0,443634553,443634553,102362886,261428774,60735259,"[67891931, 11888897, 102424951]"
36,1044,meta-llama/Llama-3.1-8B,512,4,0,582222889,582222889,261428774,329320705,84300728,"[11888897, 102424951, 138588336]"
36,1188,meta-llama/Llama-3.1-8B,512,4,0,680587125,680587125,341209602,443634553,78984190,"[138588336, 72376664, 25987572]"
36,1332,meta-llama/Llama-3.1-8B,512,4,0,680587125,680587125,341209602,443634553,78984190,"[138588336, 72376664, 25987572]"
36,1476,meta-llama/Llama-3.1-8B,512,4,0,680587125,680587125,341209602,443634553,78984190,"[138588336, 72376664, 25987572]"
36,1620,meta-llama/Llama-3.1-8B,512,4,0,760251975,760251975,443634553,582222889,59343028,"[72376664, 25987572, 79664850]"
36,1764,meta-llama/Llama-3.1-8B,512,4,0,760251975,760251975,443634553,582222889,59343028,"[72376664, 25987572, 79664850]"
36,1908,meta-llama/Llama-3.1-8B,512,4,0,760251975,760251975,443634553,582222889,59343028,"[72376664, 25987572, 79664850]"
36,2052,meta-llama/Llama-3.1-8B,512,4,0,760251975,760251975,443634553,582222889,59343028,"[72376664, 25987572, 79664850]"
36,2196,meta-llama/Llama-3.1-8B,512,4,0,810891022,810891022,582222889,654599553,52097156,"[25987572, 79664850, 50639047]"
36,2340,meta-llama/Llama-3.1-8B,512,4,0,838453127,838453127,680587125,760251975,26067050,"[50639047, 12006889, 15555216]"
36,2484,meta-llama/Llama-3.1-8B,512,4,0,838453127,838453127,680587125,760251975,26067050,"[50639047, 12006889, 15555216]"
36,2628,meta-llama/Llama-3.1-8B,512,4,0,838453127,838453127,680587125,760251975,26067050,"[50639047, 12006889, 15555216]"
36,2772,meta-llama/Llama-3.1-8B,512,4,0,851659376,851659376,760251975,810891022,13589451,"[12006889, 15555216, 13206249]"
36,2916,meta-llama/Llama-3.1-8B,520,4,3000000000,3307199708,307199708,252018,272654786,11514974,"[11513918, 11514974, 11516030]"
36,3060,meta-llama/Llama-3.1-8B,520,4,3000000000,3307199708,307199708,252018,272654786,11514974,"[11513918, 11514974, 11516030]"
36,3204,meta-llama/Llama-3.1-8B,520,4,3000000000,3307199708,307199708,252018,272654786,11514974,"[11513918, 11514974, 11516030]"
36,3348,meta-llama/Llama-3.1-8B,520,4,3000000000,3307199708,307199708,252018,272654786,11514974,"[11513918, 11514974, 11516030]"
36,3492,meta-llama/Llama-3.1-8B,520,4,3000000000,3307199708,307199708,252018,272654786,11514974,"[11513918, 11514974, 11516030]"
36,3636,meta-llama/Llama-3.1-8B,520,4,3000000000,3307199708,307199708,252018,272654786,11514974,"[11513918, 11514974, 11516030]"
36,3780,meta-llama/Llama-3.1-8B,520,4,3000000000,3307199708,307199708,252018,272654786,11514974,"[11513918, 11514974, 11516030]"
36,3924,meta-llama/Llama-3.1-8B,520,4,3000000000,3307199708,307199708,252018,272654786,11514974,"[11513918, 11514974, 11516030]"
36,4068,meta-llama/Llama-3.1-8B,520,4,3000000000,4309678460,1309678460,307199708,1275133538,11514974,"[11513918, 11514974, 11516030]"
36,4212,meta-llama/Llama-3.1-8B,520,4,3000000000,4309678460,1309678460,307199708,1275133538,11514974,"[11513918, 11514974, 11516030]"
36,4356,meta-llama/Llama-3.1-8B,520,4,3000000000,4309678460,1309678460,307199708,1275133538,11514974,"[11513918, 11514974, 11516030]"
36,4500,meta-llama/Llama-3.1-8B,520,4,3000000000,4309678460,1309678460,307199708,1275133538,11514974,"[11513918, 11514974, 11516030]"
36,4644,meta-llama/Llama-3.1-8B,520,4,3000000000,4309678460,1309678460,307199708,1275133538,11514974,"[11513918, 11514974, 11516030]"
36,4788,meta-llama/Llama-3.1-8B,520,4,3000000000,4309678460,1309678460,307199708,1275133538,11514974,"[11513918, 11514974, 11516030]"
36,4932,meta-llama/Llama-3.1-8B,520,4,3000000000,4309678460,1309678460,307199708,1275133538,11514974,"[11513918, 11514974, 11516030]"
36,5076,meta-llama/Llama-3.1-8B,520,4,3000000000,4309678460,1309678460,307199708,1275133538,11514974,"[11513918, 11514974, 11516030]"
36,5220,meta-llama/Llama-3.1-8B,520,4,3000000000,5309568464,2309568464,1309678460,2275725725,11280913,"[11280401, 11280913, 11281425]"
36,5364,meta-llama/Llama-3.1-8B,520,4,3000000000,5309568464,2309568464,1309678460,2275725725,11280913,"[11280401, 11280913, 11281425]"
36,5508,meta-llama/Llama-3.1-8B,520,4,3000000000,5309568464,2309568464,1309678460,2275725725,11280913,"[11280401, 11280913, 11281425]"
36,5652,meta-llama/Llama-3.1-8B,520,4,3000000000,5309568464,2309568464,1309678460,2275725725,11280913,"[11280401, 11280913, 11281425]"
37,37,meta-llama/Llama-3.1-8B,512,4,0,341211774,341211774,1,102888342,79441144,"[159065888, 67369416, 11888128]"
37,181,meta-llama/Llama-3.1-8B,512,4,0,341211774,341211774,1,102888342,79441144,"[159065888, 67369416, 11888128]"
37,325,meta-llama/Llama-3.1-8B,512,4,0,341211774,341211774,1,102888342,79441144,"[159065888, 67369416, 11888128]"
37,469,meta-llama/Llama-3.1-8B,512,4,0,341211774,341211774,1,102888342,79441144,"[159065888, 67369416, 11888128]"
37,613,meta-llama/Llama-3.1-8B,512,4,0,444160009,444160009,102888342,261954230,60735259,"[67369416, 11888128, 102948235]"
37,757,meta-llama/Llama-3.1-8B,512,4,0,444160009,444160009,102888342,261954230,60735259,"[67369416, 11888128, 102948235]"
37,901,meta-llama/Llama-3.1-8B,512,4,0,444160009,444160009,102888342,261954230,60735259,"[67369416, 11888128, 102948235]"
37,1045,meta-llama/Llama-3.1-8B,512,4,0,582619063,582619063,261954230,329323646,84431805,"[11888128, 102948235, 138459054]"
37,1189,meta-llama/Llama-3.1-8B,512,4,0,680589297,680589297,341211774,444160009,78809762,"[138459054, 72113739, 25856495]"
37,1333,meta-llama/Llama-3.1-8B,512,4,0,680589297,680589297,341211774,444160009,78809762,"[138459054, 72113739, 25856495]"
37,1477,meta-llama/Llama-3.1-8B,512,4,0,680589297,680589297,341211774,444160009,78809762,"[138459054, 72113739, 25856495]"
37,1621,meta-llama/Llama-3.1-8B,512,4,0,760647379,760647379,444160009,582619063,59342772,"[72113739, 25856495, 80058082]"
37,1765,meta-llama/Llama-3.1-8B,512,4,0,760647379,760647379,444160009,582619063,59342772,"[72113739, 25856495, 80058082]"
37,1909,meta-llama/Llama-3.1-8B,512,4,0,760647379,760647379,444160009,582619063,59342772,"[72113739, 25856495, 80058082]"
37,2053,meta-llama/Llama-3.1-8B,512,4,0,760647379,760647379,444160009,582619063,59342772,"[72113739, 25856495, 80058082]"
37,2197,meta-llama/Llama-3.1-8B,512,4,0,811024222,811024222,582619063,654732802,52097140,"[25856495, 80058082, 50376843]"
37,2341,meta-llama/Llama-3.1-8B,512,4,0,838454273,838454273,680589297,760647379,25935631,"[50376843, 11874835, 15555216]"
37,2485,meta-llama/Llama-3.1-8B,512,4,0,838454273,838454273,680589297,760647379,25935631,"[50376843, 11874835, 15555216]"
37,2629,meta-llama/Llama-3.1-8B,512,4,0,838454273,838454273,680589297,760647379,25935631,"[50376843, 11874835, 15555216]"
37,2773,meta-llama/Llama-3.1-8B,512,4,0,851659752,851659752,760647379,811024222,13545176,"[11874835, 15555216, 13205479]"
37,2917,meta-llama/Llama-3.1-8B,520,4,3000000000,3314161366,314161366,252018,279616444,11514974,"[11513918, 11514974, 11516030]"
37,3061,meta-llama/Llama-3.1-8B,520,4,3000000000,3314161366,314161366,252018,279616444,11514974,"[11513918, 11514974, 11516030]"
37,3205,meta-llama/Llama-3.1-8B,520,4,3000000000,3314161366,314161366,252018,279616444,11514974,"[11513918, 11514974, 11516030]"
37,3349,meta-llama/Llama-3.1-8B,520,4,3000000000,3314161366,314161366,252018,279616444,11514974,"[11513918, 11514974, 11516030]"
37,3493,meta-llama/Llama-3.1-8B,520,4,3000000000,3314161366,314161366,252018,279616444,11514974,"[11513918, 11514974, 11516030]"
37,3637,meta-llama/Llama-3.1-8B,520,4,3000000000,3314161366,314161366,252018,279616444,11514974,"[11513918, 11514974, 11516030]"
37,3781,meta-llama/Llama-3.1-8B,520,4,3000000000,3314161366,314161366,252018,279616444,11514974,"[11513918, 11514974, 11516030]"
37,3925,meta-llama/Llama-3.1-8B,520,4,3000000000,3314161366,314161366,252018,279616444,11514974,"[11513918, 11514974, 11516030]"
37,4069,meta-llama/Llama-3.1-8B,520,4,3000000000,4316640118,1316640118,314161366,1282095196,11514974,"[11513918, 11514974, 11516030]"
37,4213,meta-llama/Llama-3.1-8B,520,4,3000000000,4316640118,1316640118,314161366,1282095196,11514974,"[11513918, 11514974, 11516030]"
37,4357,meta-llama/Llama-3.1-8B,520,4,3000000000,4316640118,1316640118,314161366,1282095196,11514974,"[11513918, 11514974, 11516030]"
37,4501,meta-llama/Llama-3.1-8B,520,4,3000000000,4316640118,1316640118,314161366,1282095196,11514974,"[11513918, 11514974, 11516030]"
37,4645,meta-llama/Llama-3.1-8B,520,4,3000000000,4316640118,1316640118,314161366,1282095196,11514974,"[11513918, 11514974, 11516030]"
37,4789,meta-llama/Llama-3.1-8B,520,4,3000000000,4316640118,1316640118,314161366,1282095196,11514974,"[11513918, 11514974, 11516030]"
37,4933,meta-llama/Llama-3.1-8B,520,4,3000000000,4316640118,1316640118,314161366,1282095196,11514974,"[11513918, 11514974, 11516030]"
37,5077,meta-llama/Llama-3.1-8B,520,4,3000000000,4316640118,1316640118,314161366,1282095196,11514974,"[11513918, 11514974, 11516030]"
37,5221,meta-llama/Llama-3.1-8B,520,4,3000000000,5316530122,2316530122,1316640118,2282687383,11280913,"[11280401, 11280913, 11281425]"
37,5365,meta-llama/Llama-3.1-8B,520,4,3000000000,5316530122,2316530122,1316640118,2282687383,11280913,"[11280401, 11280913, 11281425]"
37,5509,meta-llama/Llama-3.1-8B,520,4,3000000000,5316530122,2316530122,1316640118,2282687383,11280913,"[11280401, 11280913, 11281425]"
37,5653,meta-llama/Llama-3.1-8B,520,4,3000000000,5316530122,2316530122,1316640118,2282687383,11280913,"[11280401, 11280913, 11281425]"
38,38,meta-llama/Llama-3.1-8B,512,4,0,341213946,341213946,1,103413798,79266716,"[159065888, 66846901, 11887359]"
38,182,meta-llama/Llama-3.1-8B,512,4,0,341213946,341213946,1,103413798,79266716,"[159065888, 66846901, 11887359]"
38,326,meta-llama/Llama-3.1-8B,512,4,0,341213946,341213946,1,103413798,79266716,"[159065888, 66846901, 11887359]"
38,470,meta-llama/Llama-3.1-8B,512,4,0,341213946,341213946,1,103413798,79266716,"[159065888, 66846901, 11887359]"
38,614,meta-llama/Llama-3.1-8B,512,4,0,444685465,444685465,103413798,262479686,60735259,"[66846901, 11887359, 103471519]"
38,758,meta-llama/Llama-3.1-8B,512,4,0,444685465,444685465,103413798,262479686,60735259,"[66846901, 11887359, 103471519]"
38,902,meta-llama/Llama-3.1-8B,512,4,0,444685465,444685465,103413798,262479686,60735259,"[66846901, 11887359, 103471519]"
38,1046,meta-llama/Llama-3.1-8B,512,4,0,583015237,583015237,262479686,329326587,84562883,"[11887359, 103471519, 138329772]"
38,1190,meta-llama/Llama-3.1-8B,512,4,0,680591469,680591469,341213946,444685465,78635334,"[138329772, 71850814, 25725418]"
38,1334,meta-llama/Llama-3.1-8B,512,4,0,680591469,680591469,341213946,444685465,78635334,"[138329772, 71850814, 25725418]"
38,1478,meta-llama/Llama-3.1-8B,512,4,0,680591469,680591469,341213946,444685465,78635334,"[138329772, 71850814, 25725418]"
38,1622,meta-llama/Llama-3.1-8B,512,4,0,761070820,761070820,444685465,583015237,59351861,"[71850814, 25725418, 80479351]"
38,1766,meta-llama/Llama-3.1-8B,512,4,0,761070820,761070820,444685465,583015237,59351861,"[71850814, 25725418, 80479351]"
38,1910,meta-llama/Llama-3.1-8B,512,4,0,761070820,761070820,444685465,583015237,59351861,"[71850814, 25725418, 80479351]"
38,2054,meta-llama/Llama-3.1-8B,512,4,0,761070820,761070820,444685465,583015237,59351861,"[71850814, 25725418, 80479351]"
38,2198,meta-llama/Llama-3.1-8B,512,4,0,811157302,811157302,583015237,654866051,52097083,"[25725418, 80479351, 50086482]"
38,2342,meta-llama/Llama-3.1-8B,512,4,0,838455419,838455419,680591469,761070820,25794866,"[50086482, 11742901, 15555216]"
38,2486,meta-llama/Llama-3.1-8B,512,4,0,838455419,838455419,680591469,761070820,25794866,"[50086482, 11742901, 15555216]"
38,2630,meta-llama/Llama-3.1-8B,512,4,0,838455419,838455419,680591469,761070820,25794866,"[50086482, 11742901, 15555216]"
38,2774,meta-llama/Llama-3.1-8B,512,4,0,851660128,851660128,761070820,811157302,13500942,"[11742901, 15555216, 13204709]"
38,2918,meta-llama/Llama-3.1-8B,520,4,3000000000,3321123024,321123024,252018,286578102,11514974,"[11513918, 11514974, 11516030]"
38,3062,meta-llama/Llama-3.1-8B,520,4,3000000000,3321123024,321123024,252018,286578102,11514974,"[11513918, 11514974, 11516030]"
38,3206,meta-llama/Llama-3.1-8B,520,4,3000000000,3321123024,321123024,252018,286578102,11514974,"[11513918, 11514974, 11516030]"
38,3350,meta-llama/Llama-3.1-8B,520,4,3000000000,3321123024,321123024,252018,286578102,11514974,"[11513918, 11514974, 11516030]"
38,3494,meta-llama/Llama-3.1-8B,520,4,3000000000,3321123024,321123024,252018,286578102,11514974,"[11513918, 11514974, 11516030]"
38,3638,meta-llama/Llama-3.1-8B,520,4,3000000000,3321123024,321123024,252018,286578102,11514974,"[11513918, 11514974, 11516030]"
38,3782,meta-llama/Llama-3.1-8B,520,4,3000000000,3321123024,321123024,252018,286578102,11514974,"[11513918, 11514974, 11516030]"
38,3926,meta-llama/Llama-3.1-8B,520,4,3000000000,3321123024,321123024,252018,286578102,11514974,"[11513918, 11514974, 11516030]"
38,4070,meta-llama/Llama-3.1-8B,520,4,3000000000,4323601776,1323601776,321123024,1289056854,11514974,"[11513918, 11514974, 11516030]"
38,4214,meta-llama/Llama-3.1-8B,520,4,3000000000,4323601776,1323601776,321123024,1289056854,11514974,"[11513918, 11514974, 11516030]"
38,4358,meta-llama/Llama-3.1-8B,520,4,3000000000,4323601776,1323601776,321123024,1289056854,11514974,"[11513918, 11514974, 11516030]"
38,4502,meta-llama/Llama-3.1-8B,520,4,3000000000,4323601776,1323601776,321123024,1289056854,11514974,"[11513918, 11514974, 11516030]"
38,4646,meta-llama/Llama-3.1-8B,520,4,3000000000,4323601776,1323601776,321123024,1289056854,11514974,"[11513918, 11514974, 11516030]"
38,4790,meta-llama/Llama-3.1-8B,520,4,3000000000,4323601776,1323601776,321123024,1289056854,11514974,"[11513918, 11514974, 11516030]"
38,4934,meta-llama/Llama-3.1-8B,520,4,3000000000,4323601776,1323601776,321123024,1289056854,11514974,"[11513918, 11514974, 11516030]"
38,5078,meta-llama/Llama-3.1-8B,520,4,3000000000,4323601776,1323601776,321123024,1289056854,11514974,"[11513918, 11514974, 11516030]"
38,5222,meta-llama/Llama-3.1-8B,520,4,3000000000,5323491780,2323491780,1323601776,2289649041,11280913,"[11280401, 11280913, 11281425]"
38,5366,meta-llama/Llama-3.1-8B,520,4,3000000000,5323491780,2323491780,1323601776,2289649041,11280913,"[11280401, 11280913, 11281425]"
38,5510,meta-llama/Llama-3.1-8B,520,4,3000000000,5323491780,2323491780,1323601776,2289649041,11280913,"[11280401, 11280913, 11281425]"
38,5654,meta-llama/Llama-3.1-8B,520,4,3000000000,5323491780,2323491780,1323601776,2289649041,11280913,"[11280401, 11280913, 11281425]"
39,39,meta-llama/Llama-3.1-8B,512,4,0,341216118,341216118,1,103939254,79092288,"[159065888, 66324386, 11886590]"
39,183,meta-llama/Llama-3.1-8B,512,4,0,341216118,341216118,1,103939254,79092288,"[159065888, 66324386, 11886590]"
39,327,meta-llama/Llama-3.1-8B,512,4,0,341216118,341216118,1,103939254,79092288,"[159065888, 66324386, 11886590]"
39,471,meta-llama/Llama-3.1-8B,512,4,0,341216118,341216118,1,103939254,79092288,"[159065888, 66324386, 11886590]"
39,615,meta-llama/Llama-3.1-8B,512,4,0,445210921,445210921,103939254,263005142,60735259,"[66324386, 11886590, 103994803]"
39,759,meta-llama/Llama-3.1-8B,512,4,0,445210921,445210921,103939254,263005142,60735259,"[66324386, 11886590, 103994803]"
39,903,meta-llama/Llama-3.1-8B,512,4,0,445210921,445210921,103939254,263005142,60735259,"[66324386, 11886590, 103994803]"
39,1047,meta-llama/Llama-3.1-8B,512,4,0,583411411,583411411,263005142,329329528,84693961,"[11886590, 103994803, 138200490]"
39,1191,meta-llama/Llama-3.1-8B,512,4,0,680593641,680593641,341216118,445210921,78460906,"[138200490, 71587889, 25594341]"
39,1335,meta-llama/Llama-3.1-8B,512,4,0,680593641,680593641,341216118,445210921,78460906,"[138200490, 71587889, 25594341]"
39,1479,meta-llama/Llama-3.1-8B,512,4,0,680593641,680593641,341216118,445210921,78460906,"[138200490, 71587889, 25594341]"
39,1623,meta-llama/Llama-3.1-8B,512,4,0,761466224,761466224,445210921,583411411,59351604,"[71587889, 25594341, 80872583]"
39,1767,meta-llama/Llama-3.1-8B,512,4,0,761466224,761466224,445210921,583411411,59351604,"[71587889, 25594341, 80872583]"
39,1911,meta-llama/Llama-3.1-8B,512,4,0,761466224,761466224,445210921,583411411,59351604,"[71587889, 25594341, 80872583]"
39,2055,meta-llama/Llama-3.1-8B,512,4,0,761466224,761466224,445210921,583411411,59351604,"[71587889, 25594341, 80872583]"
39,2199,meta-llama/Llama-3.1-8B,512,4,0,811290502,811290502,583411411,654999300,52097067,"[25594341, 80872583, 49824278]"
39,2343,meta-llama/Llama-3.1-8B,512,4,0,838456565,838456565,680593641,761466224,25663447,"[49824278, 11610847, 15555216]"
39,2487,meta-llama/Llama-3.1-8B,512,4,0,838456565,838456565,680593641,761466224,25663447,"[49824278, 11610847, 15555216]"
39,2631,meta-llama/Llama-3.1-8B,512,4,0,838456565,838456565,680593641,761466224,25663447,"[49824278, 11610847, 15555216]"
39,2775,meta-llama/Llama-3.1-8B,512,4,0,851660504,851660504,761466224,811290502,13456667,"[11610847, 15555216, 13203939]"
39,2919,meta-llama/Llama-3.1-8B,520,4,3000000000,3328084682,328084682,252018,293539760,11514974,"[11513918, 11514974, 11516030]"
39,3063,meta-llama/Llama-3.1-8B,520,4,3000000000,3328084682,328084682,252018,293539760,11514974,"[11513918, 11514974, 11516030]"
39,3207,meta-llama/Llama-3.1-8B,520,4,3000000000,3328084682,328084682,252018,293539760,11514974,"[11513918, 11514974, 11516030]"
39,3351,meta-llama/Llama-3.1-8B,520,4,3000000000,3328084682,328084682,252018,293539760,11514974,"[11513918, 11514974, 11516030]"
39,3495,meta-llama/Llama-3.1-8B,520,4,3000000000,3328084682,328084682,252018,293539760,11514974,"[11513918, 11514974, 11516030]"
39,3639,meta-llama/Llama-3.1-8B,520,4,3000000000,3328084682,328084682,252018,293539760,11514974,"[11513918, 11514974, 11516030]"
39,3783,meta-llama/Llama-3.1-8B,520,4,3000000000,3328084682,328084682,252018,293539760,11514974,"[11513918, 11514974, 11516030]"
39,3927,meta-llama/Llama-3.1-8B,520,4,3000000000,3328084682,328084682,252018,293539760,11514974,"[11513918, 11514974, 11516030]"
39,4071,meta-llama/Llama-3.1-8B,520,4,3000000000,4330563434,1330563434,328084682,1296018512,11514974,"[11513918, 11514974, 11516030]"
39,4215,meta-llama/Llama-3.1-8B,520,4,3000000000,4330563434,1330563434,328084682,1296018512,11514974,"[11513918, 11514974, 11516030]"
39,4359,meta-llama/Llama-3.1-8B,520,4,3000000000,4330563434,1330563434,328084682,1296018512,11514974,"[11513918, 11514974, 11516030]"
39,4503,meta-llama/Llama-3.1-8B,520,4,3000000000,4330563434,1330563434,328084682,1296018512,11514974,"[11513918, 11514974, 11516030]"
39,4647,meta-llama/Llama-3.1-8B,520,4,3000000000,4330563434,1330563434,328084682,1296018512,11514974,"[11513918, 11514974, 11516030]"
39,4791,meta-llama/Llama-3.1-8B,520,4,3000000000,4330563434,1330563434,328084682,1296018512,11514974,"[11513918, 11514974, 11516030]"
39,4935,meta-llama/Llama-3.1-8B,520,4,3000000000,4330563434,1330563434,328084682,1296018512,11514974,"[11513918, 11514974, 11516030]"
39,5079,meta-llama/Llama-3.1-8B,520,4,3000000000,4330563434,1330563434,328084682,1296018512,11514974,"[11513918, 11514974, 11516030]"
39,5223,meta-llama/Llama-3.1-8B,520,4,3000000000,5330453438,2330453438,1330563434,2296610699,11280913,"[11280401, 11280913, 11281425]"
39,5367,meta-llama/Llama-3.1-8B,520,4,3000000000,5330453438,2330453438,1330563434,2296610699,11280913,"[11280401, 11280913, 11281425]"
39,5511,meta-llama/Llama-3.1-8B,520,4,3000000000,5330453438,2330453438,1330563434,2296610699,11280913,"[11280401, 11280913, 11281425]"
39,5655,meta-llama/Llama-3.1-8B,520,4,3000000000,5330453438,2330453438,1330563434,2296610699,11280913,"[11280401, 11280913, 11281425]"
40,40,meta-llama/Llama-3.1-8B,512,4,0,341218290,341218290,1,104464710,78917860,"[159065888, 65801871, 11885821]"
40,184,meta-llama/Llama-3.1-8B,512,4,0,341218290,341218290,1,104464710,78917860,"[159065888, 65801871, 11885821]"
40,328,meta-llama/Llama-3.1-8B,512,4,0,341218290,341218290,1,104464710,78917860,"[159065888, 65801871, 11885821]"
40,472,meta-llama/Llama-3.1-8B,512,4,0,341218290,341218290,1,104464710,78917860,"[159065888, 65801871, 11885821]"
40,616,meta-llama/Llama-3.1-8B,512,4,0,445736377,445736377,104464710,263530598,60735259,"[65801871, 11885821, 104518087]"
40,760,meta-llama/Llama-3.1-8B,512,4,0,445736377,445736377,104464710,263530598,60735259,"[65801871, 11885821, 104518087]"
40,904,meta-llama/Llama-3.1-8B,512,4,0,445736377,445736377,104464710,263530598,60735259,"[65801871, 11885821, 104518087]"
40,1048,meta-llama/Llama-3.1-8B,512,4,0,583807585,583807585,263530598,329332469,84825038,"[11885821, 104518087, 138071208]"
40,1192,meta-llama/Llama-3.1-8B,512,4,0,680595813,680595813,341218290,445736377,78286478,"[138071208, 71324964, 25463264]"
40,1336,meta-llama/Llama-3.1-8B,512,4,0,680595813,680595813,341218290,445736377,78286478,"[138071208, 71324964, 25463264]"
40,1480,meta-llama/Llama-3.1-8B,512,4,0,680595813,680595813,341218290,445736377,78286478,"[138071208, 71324964, 25463264]"
40,1624,meta-llama/Llama-3.1-8B,512,4,0,761889665,761889665,445736377,583807585,59360693,"[71324964, 25463264, 81293852]"
40,1768,meta-llama/Llama-3.1-8B,512,4,0,761889665,761889665,445736377,583807585,59360693,"[71324964, 25463264, 81293852]"
40,1912,meta-llama/Llama-3.1-8B,512,4,0,761889665,761889665,445736377,583807585,59360693,"[71324964, 25463264, 81293852]"
40,2056,meta-llama/Llama-3.1-8B,512,4,0,761889665,761889665,445736377,583807585,59360693,"[71324964, 25463264, 81293852]"
40,2200,meta-llama/Llama-3.1-8B,512,4,0,811423702,811423702,583807585,655132549,52097051,"[25463264, 81293852, 49534037]"
40,2344,meta-llama/Llama-3.1-8B,512,4,0,838457711,838457711,680595813,761889665,25522682,"[49534037, 11478793, 15555216]"
40,2488,meta-llama/Llama-3.1-8B,512,4,0,838457711,838457711,680595813,761889665,25522682,"[49534037, 11478793, 15555216]"
40,2632,meta-llama/Llama-3.1-8B,512,4,0,838457711,838457711,680595813,761889665,25522682,"[49534037, 11478793, 15555216]"
40,2776,meta-llama/Llama-3.1-8B,512,4,0,851661000,851661000,761889665,811423702,13412432,"[11478793, 15555216, 13203289]"
40,2920,meta-llama/Llama-3.1-8B,520,4,3000000000,3335046340,335046340,252018,300501418,11514974,"[11513918, 11514974, 11516030]"
40,3064,meta-llama/Llama-3.1-8B,520,4,3000000000,3335046340,335046340,252018,300501418,11514974,"[11513918, 11514974, 11516030]"
40,3208,meta-llama/Llama-3.1-8B,520,4,3000000000,3335046340,335046340,252018,300501418,11514974,"[11513918, 11514974, 11516030]"
40,3352,meta-llama/Llama-3.1-8B,520,4,3000000000,3335046340,335046340,252018,300501418,11514974,"[11513918, 11514974, 11516030]"
40,3496,meta-llama/Llama-3.1-8B,520,4,3000000000,3335046340,335046340,252018,300501418,11514974,"[11513918, 11514974, 11516030]"
40,3640,meta-llama/Llama-3.1-8B,520,4,3000000000,3335046340,335046340,252018,300501418,11514974,"[11513918, 11514974, 11516030]"
40,3784,meta-llama/Llama-3.1-8B,520,4,3000000000,3335046340,335046340,252018,300501418,11514974,"[11513918, 11514974, 11516030]"
40,3928,meta-llama/Llama-3.1-8B,520,4,3000000000,3335046340,335046340,252018,300501418,11514974,"[11513918, 11514974, 11516030]"
40,4072,meta-llama/Llama-3.1-8B,520,4,3000000000,4337525092,1337525092,335046340,1302980170,11514974,"[11513918, 11514974, 11516030]"
40,4216,meta-llama/Llama-3.1-8B,520,4,3000000000,4337525092,1337525092,335046340,1302980170,11514974,"[11513918, 11514974, 11516030]"
40,4360,meta-llama/Llama-3.1-8B,520,4,3000000000,4337525092,1337525092,335046340,1302980170,11514974,"[11513918, 11514974, 11516030]"
40,4504,meta-llama/Llama-3.1-8B,520,4,3000000000,4337525092,1337525092,335046340,1302980170,11514974,"[11513918, 11514974, 11516030]"
40,4648,meta-llama/Llama-3.1-8B,520,4,3000000000,4337525092,1337525092,335046340,1302980170,11514974,"[11513918, 11514974, 11516030]"
40,4792,meta-llama/Llama-3.1-8B,520,4,3000000000,4337525092,1337525092,335046340,1302980170,11514974,"[11513918, 11514974, 11516030]"
40,4936,meta-llama/Llama-3.1-8B,520,4,3000000000,4337525092,1337525092,335046340,1302980170,11514974,"[11513918, 11514974, 11516030]"
40,5080,meta-llama/Llama-3.1-8B,520,4,3000000000,4337525092,1337525092,335046340,1302980170,11514974,"[11513918, 11514974, 11516030]"
40,5224,meta-llama/Llama-3.1-8B,520,4,3000000000,5337415096,2337415096,1337525092,2303572357,11280913,"[11280401, 11280913, 11281425]"
40,5368,meta-llama/Llama-3.1-8B,520,4,3000000000,5337415096,2337415096,1337525092,2303572357,11280913,"[11280401, 11280913, 11281425]"
40,5512,meta-llama/Llama-3.1-8B,520,4,3000000000,5337415096,2337415096,1337525092,2303572357,11280913,"[11280401, 11280913, 11281425]"
40,5656,meta-llama/Llama-3.1-8B,520,4,3000000000,5337415096,2337415096,1337525092,2303572357,11280913,"[11280401, 11280913, 11281425]"
41,41,meta-llama/Llama-3.1-8B,512,4,0,341220462,341220462,1,104990166,78743432,"[159065888, 65279356, 11885052]"
41,185,meta-llama/Llama-3.1-8B,512,4,0,341220462,341220462,1,104990166,78743432,"[159065888, 65279356, 11885052]"
41,329,meta-llama/Llama-3.1-8B,512,4,0,341220462,341220462,1,104990166,78743432,"[159065888, 65279356, 11885052]"
41,473,meta-llama/Llama-3.1-8B,512,4,0,341220462,341220462,1,104990166,78743432,"[159065888, 65279356, 11885052]"
41,617,meta-llama/Llama-3.1-8B,512,4,0,446261833,446261833,104990166,264056054,60735259,"[65279356, 11885052, 105041371]"
41,761,meta-llama/Llama-3.1-8B,512,4,0,446261833,446261833,104990166,264056054,60735259,"[65279356, 11885052, 105041371]"
41,905,meta-llama/Llama-3.1-8B,512,4,0,446261833,446261833,104990166,264056054,60735259,"[65279356, 11885052, 105041371]"
41,1049,meta-llama/Llama-3.1-8B,512,4,0,584203759,584203759,264056054,329335410,84956116,"[11885052, 105041371, 137941926]"
41,1193,meta-llama/Llama-3.1-8B,512,4,0,680597985,680597985,341220462,446261833,78112050,"[137941926, 71062039, 25332187]"
41,1337,meta-llama/Llama-3.1-8B,512,4,0,680597985,680597985,341220462,446261833,78112050,"[137941926, 71062039, 25332187]"
41,1481,meta-llama/Llama-3.1-8B,512,4,0,680597985,680597985,341220462,446261833,78112050,"[137941926, 71062039, 25332187]"
41,1625,meta-llama/Llama-3.1-8B,512,4,0,762285069,762285069,446261833,584203759,59360436,"[71062039, 25332187, 81687084]"
41,1769,meta-llama/Llama-3.1-8B,512,4,0,762285069,762285069,446261833,584203759,59360436,"[71062039, 25332187, 81687084]"
41,1913,meta-llama/Llama-3.1-8B,512,4,0,762285069,762285069,446261833,584203759,59360436,"[71062039, 25332187, 81687084]"
41,2057,meta-llama/Llama-3.1-8B,512,4,0,762285069,762285069,446261833,584203759,59360436,"[71062039, 25332187, 81687084]"
41,2201,meta-llama/Llama-3.1-8B,512,4,0,811556662,811556662,584203759,655265798,52096954,"[25332187, 81687084, 49271593]"
41,2345,meta-llama/Llama-3.1-8B,512,4,0,838458857,838458857,680597985,762285069,25391262,"[49271593, 11346979, 15555216]"
41,2489,meta-llama/Llama-3.1-8B,512,4,0,838458857,838458857,680597985,762285069,25391262,"[49271593, 11346979, 15555216]"
41,2633,meta-llama/Llama-3.1-8B,512,4,0,838458857,838458857,680597985,762285069,25391262,"[49271593, 11346979, 15555216]"
41,2777,meta-llama/Llama-3.1-8B,512,4,0,851661376,851661376,762285069,811556662,13368238,"[11346979, 15555216, 13202519]"
41,2921,meta-llama/Llama-3.1-8B,520,4,3000000000,3342007998,342007998,252018,307463076,11514974,"[11513918, 11514974, 11516030]"
41,3065,meta-llama/Llama-3.1-8B,520,4,3000000000,3342007998,342007998,252018,307463076,11514974,"[11513918, 11514974, 11516030]"
41,3209,meta-llama/Llama-3.1-8B,520,4,3000000000,3342007998,342007998,252018,307463076,11514974,"[11513918, 11514974, 11516030]"
41,3353,meta-llama/Llama-3.1-8B,520,4,3000000000,3342007998,342007998,252018,307463076,11514974,"[11513918, 11514974, 11516030]"
41,3497,meta-llama/Llama-3.1-8B,520,4,3000000000,3342007998,342007998,252018,307463076,11514974,"[11513918, 11514974, 11516030]"
41,3641,meta-llama/Llama-3.1-8B,520,4,3000000000,3342007998,342007998,252018,307463076,11514974,"[11513918, 11514974, 11516030]"
41,3785,meta-llama/Llama-3.1-8B,520,4,3000000000,3342007998,342007998,252018,307463076,11514974,"[11513918, 11514974, 11516030]"
41,3929,meta-llama/Llama-3.1-8B,520,4,3000000000,3342007998,342007998,252018,307463076,11514974,"[11513918, 11514974, 11516030]"
41,4073,meta-llama/Llama-3.1-8B,520,4,3000000000,4344486750,1344486750,342007998,1309941828,11514974,"[11513918, 11514974, 11516030]"
41,4217,meta-llama/Llama-3.1-8B,520,4,3000000000,4344486750,1344486750,342007998,1309941828,11514974,"[11513918, 11514974, 11516030]"
41,4361,meta-llama/Llama-3.1-8B,520,4,3000000000,4344486750,1344486750,342007998,1309941828,11514974,"[11513918, 11514974, 11516030]"
41,4505,meta-llama/Llama-3.1-8B,520,4,3000000000,4344486750,1344486750,342007998,1309941828,11514974,"[11513918, 11514974, 11516030]"
41,4649,meta-llama/Llama-3.1-8B,520,4,3000000000,4344486750,1344486750,342007998,1309941828,11514974,"[11513918, 11514974, 11516030]"
41,4793,meta-llama/Llama-3.1-8B,520,4,3000000000,4344486750,1344486750,342007998,1309941828,11514974,"[11513918, 11514974, 11516030]"
41,4937,meta-llama/Llama-3.1-8B,520,4,3000000000,4344486750,1344486750,342007998,1309941828,11514974,"[11513918, 11514974, 11516030]"
41,5081,meta-llama/Llama-3.1-8B,520,4,3000000000,4344486750,1344486750,342007998,1309941828,11514974,"[11513918, 11514974, 11516030]"
41,5225,meta-llama/Llama-3.1-8B,520,4,3000000000,5344376754,2344376754,1344486750,2310534015,11280913,"[11280401, 11280913, 11281425]"
41,5369,meta-llama/Llama-3.1-8B,520,4,3000000000,5344376754,2344376754,1344486750,2310534015,11280913,"[11280401, 11280913, 11281425]"
41,5513,meta-llama/Llama-3.1-8B,520,4,3000000000,5344376754,2344376754,1344486750,2310534015,11280913,"[11280401, 11280913, 11281425]"
41,5657,meta-llama/Llama-3.1-8B,520,4,3000000000,5344376754,2344376754,1344486750,2310534015,11280913,"[11280401, 11280913, 11281425]"
42,42,meta-llama/Llama-3.1-8B,512,4,0,341222762,341222762,1,105515622,78569046,"[159065888, 64756841, 11884411]"
42,186,meta-llama/Llama-3.1-8B,512,4,0,341222762,341222762,1,105515622,78569046,"[159065888, 64756841, 11884411]"
42,330,meta-llama/Llama-3.1-8B,512,4,0,341222762,341222762,1,105515622,78569046,"[159065888, 64756841, 11884411]"
42,474,meta-llama/Llama-3.1-8B,512,4,0,341222762,341222762,1,105515622,78569046,"[159065888, 64756841, 11884411]"
42,618,meta-llama/Llama-3.1-8B,512,4,0,446787289,446787289,105515622,264581510,60735259,"[64756841, 11884411, 105564527]"
42,762,meta-llama/Llama-3.1-8B,512,4,0,446787289,446787289,105515622,264581510,60735259,"[64756841, 11884411, 105564527]"
42,906,meta-llama/Llama-3.1-8B,512,4,0,446787289,446787289,105515622,264581510,60735259,"[64756841, 11884411, 105564527]"
42,1050,meta-llama/Llama-3.1-8B,512,4,0,584599933,584599933,264581510,329338351,85087194,"[11884411, 105564527, 137812644]"
42,1194,meta-llama/Llama-3.1-8B,512,4,0,680756124,680756124,341222762,446787289,77989611,"[137812644, 70799114, 25357077]"
42,1338,meta-llama/Llama-3.1-8B,512,4,0,680756124,680756124,341222762,446787289,77989611,"[137812644, 70799114, 25357077]"
42,1482,meta-llama/Llama-3.1-8B,512,4,0,680756124,680756124,341222762,446787289,77989611,"[137812644, 70799114, 25357077]"
42,1626,meta-llama/Llama-3.1-8B,512,4,0,762680473,762680473,446787289,584599933,59360180,"[70799114, 25357077, 81924349]"
42,1770,meta-llama/Llama-3.1-8B,512,4,0,762680473,762680473,446787289,584599933,59360180,"[70799114, 25357077, 81924349]"
42,1914,meta-llama/Llama-3.1-8B,512,4,0,762680473,762680473,446787289,584599933,59360180,"[70799114, 25357077, 81924349]"
42,2058,meta-llama/Llama-3.1-8B,512,4,0,762680473,762680473,446787289,584599933,59360180,"[70799114, 25357077, 81924349]"
42,2202,meta-llama/Llama-3.1-8B,512,4,0,811937305,811937305,584599933,655399047,52179419,"[25357077, 81924349, 49256832]"
42,2346,meta-llama/Llama-3.1-8B,512,4,0,838858163,838858163,680756124,762680473,25392563,"[49256832, 11276305, 15644553]"
42,2490,meta-llama/Llama-3.1-8B,512,4,0,838858163,838858163,680756124,762680473,25392563,"[49256832, 11276305, 15644553]"
42,2634,meta-llama/Llama-3.1-8B,512,4,0,838858163,838858163,680756124,762680473,25392563,"[49256832, 11276305, 15644553]"
42,2778,meta-llama/Llama-3.1-8B,512,4,0,851661872,851661872,762680473,811937305,13241522,"[11276305, 15644553, 12803709]"
42,2922,meta-llama/Llama-3.1-8B,520,4,3000000000,3348969656,348969656,252018,314424734,11514974,"[11513918, 11514974, 11516030]"
42,3066,meta-llama/Llama-3.1-8B,520,4,3000000000,3348969656,348969656,252018,314424734,11514974,"[11513918, 11514974, 11516030]"
42,3210,meta-llama/Llama-3.1-8B,520,4,3000000000,3348969656,348969656,252018,314424734,11514974,"[11513918, 11514974, 11516030]"
42,3354,meta-llama/Llama-3.1-8B,520,4,3000000000,3348969656,348969656,252018,314424734,11514974,"[11513918, 11514974, 11516030]"
42,3498,meta-llama/Llama-3.1-8B,520,4,3000000000,3348969656,348969656,252018,314424734,11514974,"[11513918, 11514974, 11516030]"
42,3642,meta-llama/Llama-3.1-8B,520,4,3000000000,3348969656,348969656,252018,314424734,11514974,"[11513918, 11514974, 11516030]"
42,3786,meta-llama/Llama-3.1-8B,520,4,3000000000,3348969656,348969656,252018,314424734,11514974,"[11513918, 11514974, 11516030]"
42,3930,meta-llama/Llama-3.1-8B,520,4,3000000000,3348969656,348969656,252018,314424734,11514974,"[11513918, 11514974, 11516030]"
42,4074,meta-llama/Llama-3.1-8B,520,4,3000000000,4351448408,1351448408,348969656,1316903486,11514974,"[11513918, 11514974, 11516030]"
42,4218,meta-llama/Llama-3.1-8B,520,4,3000000000,4351448408,1351448408,348969656,1316903486,11514974,"[11513918, 11514974, 11516030]"
42,4362,meta-llama/Llama-3.1-8B,520,4,3000000000,4351448408,1351448408,348969656,1316903486,11514974,"[11513918, 11514974, 11516030]"
42,4506,meta-llama/Llama-3.1-8B,520,4,3000000000,4351448408,1351448408,348969656,1316903486,11514974,"[11513918, 11514974, 11516030]"
42,4650,meta-llama/Llama-3.1-8B,520,4,3000000000,4351448408,1351448408,348969656,1316903486,11514974,"[11513918, 11514974, 11516030]"
42,4794,meta-llama/Llama-3.1-8B,520,4,3000000000,4351448408,1351448408,348969656,1316903486,11514974,"[11513918, 11514974, 11516030]"
42,4938,meta-llama/Llama-3.1-8B,520,4,3000000000,4351448408,1351448408,348969656,1316903486,11514974,"[11513918, 11514974, 11516030]"
42,5082,meta-llama/Llama-3.1-8B,520,4,3000000000,4351448408,1351448408,348969656,1316903486,11514974,"[11513918, 11514974, 11516030]"
42,5226,meta-llama/Llama-3.1-8B,520,4,3000000000,5351338412,2351338412,1351448408,2317495673,11280913,"[11280401, 11280913, 11281425]"
42,5370,meta-llama/Llama-3.1-8B,520,4,3000000000,5351338412,2351338412,1351448408,2317495673,11280913,"[11280401, 11280913, 11281425]"
42,5514,meta-llama/Llama-3.1-8B,520,4,3000000000,5351338412,2351338412,1351448408,2317495673,11280913,"[11280401, 11280913, 11281425]"
42,5658,meta-llama/Llama-3.1-8B,520,4,3000000000,5351338412,2351338412,1351448408,2317495673,11280913,"[11280401, 11280913, 11281425]"
43,43,meta-llama/Llama-3.1-8B,512,4,0,341224934,341224934,1,106041078,78394618,"[159065888, 64234326, 11883642]"
43,187,meta-llama/Llama-3.1-8B,512,4,0,341224934,341224934,1,106041078,78394618,"[159065888, 64234326, 11883642]"
43,331,meta-llama/Llama-3.1-8B,512,4,0,341224934,341224934,1,106041078,78394618,"[159065888, 64234326, 11883642]"
43,475,meta-llama/Llama-3.1-8B,512,4,0,341224934,341224934,1,106041078,78394618,"[159065888, 64234326, 11883642]"
43,619,meta-llama/Llama-3.1-8B,512,4,0,447312745,447312745,106041078,265106966,60735259,"[64234326, 11883642, 106087811]"
43,763,meta-llama/Llama-3.1-8B,512,4,0,447312745,447312745,106041078,265106966,60735259,"[64234326, 11883642, 106087811]"
43,907,meta-llama/Llama-3.1-8B,512,4,0,447312745,447312745,106041078,265106966,60735259,"[64234326, 11883642, 106087811]"
43,1051,meta-llama/Llama-3.1-8B,512,4,0,584996107,584996107,265106966,329341292,85218271,"[11883642, 106087811, 137683362]"
43,1195,meta-llama/Llama-3.1-8B,512,4,0,680758296,680758296,341224934,447312745,77815183,"[137683362, 70536189, 25226000]"
43,1339,meta-llama/Llama-3.1-8B,512,4,0,680758296,680758296,341224934,447312745,77815183,"[137683362, 70536189, 25226000]"
43,1483,meta-llama/Llama-3.1-8B,512,4,0,680758296,680758296,341224934,447312745,77815183,"[137683362, 70536189, 25226000]"
43,1627,meta-llama/Llama-3.1-8B,512,4,0,763103914,763103914,447312745,584996107,59369269,"[70536189, 25226000, 82345618]"
43,1771,meta-llama/Llama-3.1-8B,512,4,0,763103914,763103914,447312745,584996107,59369269,"[70536189, 25226000, 82345618]"
43,1915,meta-llama/Llama-3.1-8B,512,4,0,763103914,763103914,447312745,584996107,59369269,"[70536189, 25226000, 82345618]"
43,2059,meta-llama/Llama-3.1-8B,512,4,0,763103914,763103914,447312745,584996107,59369269,"[70536189, 25226000, 82345618]"
43,2203,meta-llama/Llama-3.1-8B,512,4,0,812756150,812756150,584996107,655532296,52407951,"[25226000, 82345618, 49652236]"
43,2347,meta-llama/Llama-3.1-8B,512,4,0,840318455,840318455,680758296,763103914,25738180,"[49652236, 11276305, 16286000]"
43,2491,meta-llama/Llama-3.1-8B,512,4,0,840318455,840318455,680758296,763103914,25738180,"[49652236, 11276305, 16286000]"
43,2635,meta-llama/Llama-3.1-8B,512,4,0,840318455,840318455,680758296,763103914,25738180,"[49652236, 11276305, 16286000]"
43,2779,meta-llama/Llama-3.1-8B,512,4,0,851662608,851662608,763103914,812756150,12968819,"[11276305, 16286000, 11344153]"
43,2923,meta-llama/Llama-3.1-8B,520,4,3000000000,3355931314,355931314,252018,321386392,11514974,"[11513918, 11514974, 11516030]"
43,3067,meta-llama/Llama-3.1-8B,520,4,3000000000,3355931314,355931314,252018,321386392,11514974,"[11513918, 11514974, 11516030]"
43,3211,meta-llama/Llama-3.1-8B,520,4,3000000000,3355931314,355931314,252018,321386392,11514974,"[11513918, 11514974, 11516030]"
43,3355,meta-llama/Llama-3.1-8B,520,4,3000000000,3355931314,355931314,252018,321386392,11514974,"[11513918, 11514974, 11516030]"
43,3499,meta-llama/Llama-3.1-8B,520,4,3000000000,3355931314,355931314,252018,321386392,11514974,"[11513918, 11514974, 11516030]"
43,3643,meta-llama/Llama-3.1-8B,520,4,3000000000,3355931314,355931314,252018,321386392,11514974,"[11513918, 11514974, 11516030]"
43,3787,meta-llama/Llama-3.1-8B,520,4,3000000000,3355931314,355931314,252018,321386392,11514974,"[11513918, 11514974, 11516030]"
43,3931,meta-llama/Llama-3.1-8B,520,4,3000000000,3355931314,355931314,252018,321386392,11514974,"[11513918, 11514974, 11516030]"
43,4075,meta-llama/Llama-3.1-8B,520,4,3000000000,4358410066,1358410066,355931314,1323865144,11514974,"[11513918, 11514974, 11516030]"
43,4219,meta-llama/Llama-3.1-8B,520,4,3000000000,4358410066,1358410066,355931314,1323865144,11514974,"[11513918, 11514974, 11516030]"
43,4363,meta-llama/Llama-3.1-8B,520,4,3000000000,4358410066,1358410066,355931314,1323865144,11514974,"[11513918, 11514974, 11516030]"
43,4507,meta-llama/Llama-3.1-8B,520,4,3000000000,4358410066,1358410066,355931314,1323865144,11514974,"[11513918, 11514974, 11516030]"
43,4651,meta-llama/Llama-3.1-8B,520,4,3000000000,4358410066,1358410066,355931314,1323865144,11514974,"[11513918, 11514974, 11516030]"
43,4795,meta-llama/Llama-3.1-8B,520,4,3000000000,4358410066,1358410066,355931314,1323865144,11514974,"[11513918, 11514974, 11516030]"
43,4939,meta-llama/Llama-3.1-8B,520,4,3000000000,4358410066,1358410066,355931314,1323865144,11514974,"[11513918, 11514974, 11516030]"
43,5083,meta-llama/Llama-3.1-8B,520,4,3000000000,4358410066,1358410066,355931314,1323865144,11514974,"[11513918, 11514974, 11516030]"
43,5227,meta-llama/Llama-3.1-8B,520,4,3000000000,5358300070,2358300070,1358410066,2324457331,11280913,"[11280401, 11280913, 11281425]"
43,5371,meta-llama/Llama-3.1-8B,520,4,3000000000,5358300070,2358300070,1358410066,2324457331,11280913,"[11280401, 11280913, 11281425]"
43,5515,meta-llama/Llama-3.1-8B,520,4,3000000000,5358300070,2358300070,1358410066,2324457331,11280913,"[11280401, 11280913, 11281425]"
43,5659,meta-llama/Llama-3.1-8B,520,4,3000000000,5358300070,2358300070,1358410066,2324457331,11280913,"[11280401, 11280913, 11281425]"
44,44,meta-llama/Llama-3.1-8B,512,4,0,341227106,341227106,1,106566534,78220190,"[159065888, 63711811, 11882873]"
44,188,meta-llama/Llama-3.1-8B,512,4,0,341227106,341227106,1,106566534,78220190,"[159065888, 63711811, 11882873]"
44,332,meta-llama/Llama-3.1-8B,512,4,0,341227106,341227106,1,106566534,78220190,"[159065888, 63711811, 11882873]"
44,476,meta-llama/Llama-3.1-8B,512,4,0,341227106,341227106,1,106566534,78220190,"[159065888, 63711811, 11882873]"
44,620,meta-llama/Llama-3.1-8B,512,4,0,447838201,447838201,106566534,265632422,60735259,"[63711811, 11882873, 106611095]"
44,764,meta-llama/Llama-3.1-8B,512,4,0,447838201,447838201,106566534,265632422,60735259,"[63711811, 11882873, 106611095]"
44,908,meta-llama/Llama-3.1-8B,512,4,0,447838201,447838201,106566534,265632422,60735259,"[63711811, 11882873, 106611095]"
44,1052,meta-llama/Llama-3.1-8B,512,4,0,585392281,585392281,265632422,329344233,85349349,"[11882873, 106611095, 137554080]"
44,1196,meta-llama/Llama-3.1-8B,512,4,0,680760468,680760468,341227106,447838201,77640755,"[137554080, 70273264, 25094923]"
44,1340,meta-llama/Llama-3.1-8B,512,4,0,680760468,680760468,341227106,447838201,77640755,"[137554080, 70273264, 25094923]"
44,1484,meta-llama/Llama-3.1-8B,512,4,0,680760468,680760468,341227106,447838201,77640755,"[137554080, 70273264, 25094923]"
44,1628,meta-llama/Llama-3.1-8B,512,4,0,763499318,763499318,447838201,585392281,59369012,"[70273264, 25094923, 82738850]"
44,1772,meta-llama/Llama-3.1-8B,512,4,0,763499318,763499318,447838201,585392281,59369012,"[70273264, 25094923, 82738850]"
44,1916,meta-llama/Llama-3.1-8B,512,4,0,763499318,763499318,447838201,585392281,59369012,"[70273264, 25094923, 82738850]"
44,2060,meta-llama/Llama-3.1-8B,512,4,0,763499318,763499318,447838201,585392281,59369012,"[70273264, 25094923, 82738850]"
44,2204,meta-llama/Llama-3.1-8B,512,4,0,813970399,813970399,585392281,655665545,52768284,"[25094923, 82738850, 50471081]"
44,2348,meta-llama/Llama-3.1-8B,512,4,0,840321947,840321947,680760468,763499318,25607543,"[50471081, 11276305, 15075243]"
44,2492,meta-llama/Llama-3.1-8B,512,4,0,840321947,840321947,680760468,763499318,25607543,"[50471081, 11276305, 15075243]"
44,2636,meta-llama/Llama-3.1-8B,512,4,0,840321947,840321947,680760468,763499318,25607543,"[50471081, 11276305, 15075243]"
44,2780,meta-llama/Llama-3.1-8B,512,4,0,851662984,851662984,763499318,813970399,12564195,"[11276305, 15075243, 11341037]"
44,2924,meta-llama/Llama-3.1-8B,520,4,3000000000,3362892972,362892972,252018,328348050,11514974,"[11513918, 11514974, 11516030]"
44,3068,meta-llama/Llama-3.1-8B,520,4,3000000000,3362892972,362892972,252018,328348050,11514974,"[11513918, 11514974, 11516030]"
44,3212,meta-llama/Llama-3.1-8B,520,4,3000000000,3362892972,362892972,252018,328348050,11514974,"[11513918, 11514974, 11516030]"
44,3356,meta-llama/Llama-3.1-8B,520,4,3000000000,3362892972,362892972,252018,328348050,11514974,"[11513918, 11514974, 11516030]"
44,3500,meta-llama/Llama-3.1-8B,520,4,3000000000,3362892972,362892972,252018,328348050,11514974,"[11513918, 11514974, 11516030]"
44,3644,meta-llama/Llama-3.1-8B,520,4,3000000000,3362892972,362892972,252018,328348050,11514974,"[11513918, 11514974, 11516030]"
44,3788,meta-llama/Llama-3.1-8B,520,4,3000000000,3362892972,362892972,252018,328348050,11514974,"[11513918, 11514974, 11516030]"
44,3932,meta-llama/Llama-3.1-8B,520,4,3000000000,3362892972,362892972,252018,328348050,11514974,"[11513918, 11514974, 11516030]"
44,4076,meta-llama/Llama-3.1-8B,520,4,3000000000,4365371724,1365371724,362892972,1330826802,11514974,"[11513918, 11514974, 11516030]"
44,4220,meta-llama/Llama-3.1-8B,520,4,3000000000,4365371724,1365371724,362892972,1330826802,11514974,"[11513918, 11514974, 11516030]"
44,4364,meta-llama/Llama-3.1-8B,520,4,3000000000,4365371724,1365371724,362892972,1330826802,11514974,"[11513918, 11514974, 11516030]"
44,4508,meta-llama/Llama-3.1-8B,520,4,3000000000,4365371724,1365371724,362892972,1330826802,11514974,"[11513918, 11514974, 11516030]"
44,4652,meta-llama/Llama-3.1-8B,520,4,3000000000,4365371724,1365371724,362892972,1330826802,11514974,"[11513918, 11514974, 11516030]"
44,4796,meta-llama/Llama-3.1-8B,520,4,3000000000,4365371724,1365371724,362892972,1330826802,11514974,"[11513918, 11514974, 11516030]"
44,4940,meta-llama/Llama-3.1-8B,520,4,3000000000,4365371724,1365371724,362892972,1330826802,11514974,"[11513918, 11514974, 11516030]"
44,5084,meta-llama/Llama-3.1-8B,520,4,3000000000,4365371724,1365371724,362892972,1330826802,11514974,"[11513918, 11514974, 11516030]"
44,5228,meta-llama/Llama-3.1-8B,520,4,3000000000,5365261728,2365261728,1365371724,2331418989,11280913,"[11280401, 11280913, 11281425]"
44,5372,meta-llama/Llama-3.1-8B,520,4,3000000000,5365261728,2365261728,1365371724,2331418989,11280913,"[11280401, 11280913, 11281425]"
44,5516,meta-llama/Llama-3.1-8B,520,4,3000000000,5365261728,2365261728,1365371724,2331418989,11280913,"[11280401, 11280913, 11281425]"
44,5660,meta-llama/Llama-3.1-8B,520,4,3000000000,5365261728,2365261728,1365371724,2331418989,11280913,"[11280401, 11280913, 11281425]"
45,45,meta-llama/Llama-3.1-8B,512,4,0,341229278,341229278,1,107091990,78045762,"[159065888, 63189296, 11882104]"
45,189,meta-llama/Llama-3.1-8B,512,4,0,341229278,341229278,1,107091990,78045762,"[159065888, 63189296, 11882104]"
45,333,meta-llama/Llama-3.1-8B,512,4,0,341229278,341229278,1,107091990,78045762,"[159065888, 63189296, 11882104]"
45,477,meta-llama/Llama-3.1-8B,512,4,0,341229278,341229278,1,107091990,78045762,"[159065888, 63189296, 11882104]"
45,621,meta-llama/Llama-3.1-8B,512,4,0,448363657,448363657,107091990,266157878,60735259,"[63189296, 11882104, 107134379]"
45,765,meta-llama/Llama-3.1-8B,512,4,0,448363657,448363657,107091990,266157878,60735259,"[63189296, 11882104, 107134379]"
45,909,meta-llama/Llama-3.1-8B,512,4,0,448363657,448363657,107091990,266157878,60735259,"[63189296, 11882104, 107134379]"
45,1053,meta-llama/Llama-3.1-8B,512,4,0,585788455,585788455,266157878,329347174,85480427,"[11882104, 107134379, 137424798]"
45,1197,meta-llama/Llama-3.1-8B,512,4,0,680762640,680762640,341229278,448363657,77466327,"[137424798, 70010339, 24963846]"
45,1341,meta-llama/Llama-3.1-8B,512,4,0,680762640,680762640,341229278,448363657,77466327,"[137424798, 70010339, 24963846]"
45,1485,meta-llama/Llama-3.1-8B,512,4,0,680762640,680762640,341229278,448363657,77466327,"[137424798, 70010339, 24963846]"
45,1629,meta-llama/Llama-3.1-8B,512,4,0,763922759,763922759,448363657,585788455,59378101,"[70010339, 24963846, 83160119]"
45,1773,meta-llama/Llama-3.1-8B,512,4,0,763922759,763922759,448363657,585788455,59378101,"[70010339, 24963846, 83160119]"
45,1917,meta-llama/Llama-3.1-8B,512,4,0,763922759,763922759,448363657,585788455,59378101,"[70010339, 24963846, 83160119]"
45,2061,meta-llama/Llama-3.1-8B,512,4,0,763922759,763922759,448363657,585788455,59378101,"[70010339, 24963846, 83160119]"
45,2205,meta-llama/Llama-3.1-8B,512,4,0,815184648,815184648,585788455,655798794,53128618,"[24963846, 83160119, 51261889]"
45,2349,meta-llama/Llama-3.1-8B,512,4,0,840327719,840327719,680762640,763922759,25468320,"[51261889, 11276305, 13866766]"
45,2493,meta-llama/Llama-3.1-8B,512,4,0,840327719,840327719,680762640,763922759,25468320,"[51261889, 11276305, 13866766]"
45,2637,meta-llama/Llama-3.1-8B,512,4,0,840327719,840327719,680762640,763922759,25468320,"[51261889, 11276305, 13866766]"
45,2781,meta-llama/Llama-3.1-8B,512,4,0,851663360,851663360,763922759,815184648,12159570,"[11276305, 13866766, 11335641]"
45,2925,meta-llama/Llama-3.1-8B,520,4,3000000000,3369854630,369854630,252018,335309708,11514974,"[11513918, 11514974, 11516030]"
45,3069,meta-llama/Llama-3.1-8B,520,4,3000000000,3369854630,369854630,252018,335309708,11514974,"[11513918, 11514974, 11516030]"
45,3213,meta-llama/Llama-3.1-8B,520,4,3000000000,3369854630,369854630,252018,335309708,11514974,"[11513918, 11514974, 11516030]"
45,3357,meta-llama/Llama-3.1-8B,520,4,3000000000,3369854630,369854630,252018,335309708,11514974,"[11513918, 11514974, 11516030]"
45,3501,meta-llama/Llama-3.1-8B,520,4,3000000000,3369854630,369854630,252018,335309708,11514974,"[11513918, 11514974, 11516030]"
45,3645,meta-llama/Llama-3.1-8B,520,4,3000000000,3369854630,369854630,252018,335309708,11514974,"[11513918, 11514974, 11516030]"
45,3789,meta-llama/Llama-3.1-8B,520,4,3000000000,3369854630,369854630,252018,335309708,11514974,"[11513918, 11514974, 11516030]"
45,3933,meta-llama/Llama-3.1-8B,520,4,3000000000,3369854630,369854630,252018,335309708,11514974,"[11513918, 11514974, 11516030]"
45,4077,meta-llama/Llama-3.1-8B,520,4,3000000000,4372333382,1372333382,369854630,1337788460,11514974,"[11513918, 11514974, 11516030]"
45,4221,meta-llama/Llama-3.1-8B,520,4,3000000000,4372333382,1372333382,369854630,1337788460,11514974,"[11513918, 11514974, 11516030]"
45,4365,meta-llama/Llama-3.1-8B,520,4,3000000000,4372333382,1372333382,369854630,1337788460,11514974,"[11513918, 11514974, 11516030]"
45,4509,meta-llama/Llama-3.1-8B,520,4,3000000000,4372333382,1372333382,369854630,1337788460,11514974,"[11513918, 11514974, 11516030]"
45,4653,meta-llama/Llama-3.1-8B,520,4,3000000000,4372333382,1372333382,369854630,1337788460,11514974,"[11513918, 11514974, 11516030]"
45,4797,meta-llama/Llama-3.1-8B,520,4,3000000000,4372333382,1372333382,369854630,1337788460,11514974,"[11513918, 11514974, 11516030]"
45,4941,meta-llama/Llama-3.1-8B,520,4,3000000000,4372333382,1372333382,369854630,1337788460,11514974,"[11513918, 11514974, 11516030]"
45,5085,meta-llama/Llama-3.1-8B,520,4,3000000000,4372333382,1372333382,369854630,1337788460,11514974,"[11513918, 11514974, 11516030]"
45,5229,meta-llama/Llama-3.1-8B,520,4,3000000000,5372223386,2372223386,1372333382,2338380647,11280913,"[11280401, 11280913, 11281425]"
45,5373,meta-llama/Llama-3.1-8B,520,4,3000000000,5372223386,2372223386,1372333382,2338380647,11280913,"[11280401, 11280913, 11281425]"
45,5517,meta-llama/Llama-3.1-8B,520,4,3000000000,5372223386,2372223386,1372333382,2338380647,11280913,"[11280401, 11280913, 11281425]"
45,5661,meta-llama/Llama-3.1-8B,520,4,3000000000,5372223386,2372223386,1372333382,2338380647,11280913,"[11280401, 11280913, 11281425]"
46,46,meta-llama/Llama-3.1-8B,512,4,0,341231450,341231450,1,107617446,77871334,"[159065888, 62666781, 11881335]"
46,190,meta-llama/Llama-3.1-8B,512,4,0,341231450,341231450,1,107617446,77871334,"[159065888, 62666781, 11881335]"
46,334,meta-llama/Llama-3.1-8B,512,4,0,341231450,341231450,1,107617446,77871334,"[159065888, 62666781, 11881335]"
46,478,meta-llama/Llama-3.1-8B,512,4,0,341231450,341231450,1,107617446,77871334,"[159065888, 62666781, 11881335]"
46,622,meta-llama/Llama-3.1-8B,512,4,0,448889113,448889113,107617446,266683334,60735259,"[62666781, 11881335, 107657663]"
46,766,meta-llama/Llama-3.1-8B,512,4,0,448889113,448889113,107617446,266683334,60735259,"[62666781, 11881335, 107657663]"
46,910,meta-llama/Llama-3.1-8B,512,4,0,448889113,448889113,107617446,266683334,60735259,"[62666781, 11881335, 107657663]"
46,1054,meta-llama/Llama-3.1-8B,512,4,0,586184629,586184629,266683334,329350115,85611504,"[11881335, 107657663, 137295516]"
46,1198,meta-llama/Llama-3.1-8B,512,4,0,680764812,680764812,341231450,448889113,77291899,"[137295516, 69747414, 24832769]"
46,1342,meta-llama/Llama-3.1-8B,512,4,0,680764812,680764812,341231450,448889113,77291899,"[137295516, 69747414, 24832769]"
46,1486,meta-llama/Llama-3.1-8B,512,4,0,680764812,680764812,341231450,448889113,77291899,"[137295516, 69747414, 24832769]"
46,1630,meta-llama/Llama-3.1-8B,512,4,0,764318163,764318163,448889113,586184629,59377844,"[69747414, 24832769, 83553351]"
46,1774,meta-llama/Llama-3.1-8B,512,4,0,764318163,764318163,448889113,586184629,59377844,"[69747414, 24832769, 83553351]"
46,1918,meta-llama/Llama-3.1-8B,512,4,0,764318163,764318163,448889113,586184629,59377844,"[69747414, 24832769, 83553351]"
46,2062,meta-llama/Llama-3.1-8B,512,4,0,764318163,764318163,448889113,586184629,59377844,"[69747414, 24832769, 83553351]"
46,2206,meta-llama/Llama-3.1-8B,512,4,0,816003493,816003493,586184629,655932043,53357150,"[24832769, 83553351, 51685330]"
46,2350,meta-llama/Llama-3.1-8B,512,4,0,840332891,840332891,680764812,764318163,25338242,"[51685330, 11276305, 13053093]"
46,2494,meta-llama/Llama-3.1-8B,512,4,0,840332891,840332891,680764812,764318163,25338242,"[51685330, 11276305, 13053093]"
46,2638,meta-llama/Llama-3.1-8B,512,4,0,840332891,840332891,680764812,764318163,25338242,"[51685330, 11276305, 13053093]"
46,2782,meta-llama/Llama-3.1-8B,512,4,0,851663856,851663856,764318163,816003493,11886787,"[11276305, 13053093, 11330965]"
46,2926,meta-llama/Llama-3.1-8B,520,4,3000000000,3376816288,376816288,252018,342271366,11514974,"[11513918, 11514974, 11516030]"
46,3070,meta-llama/Llama-3.1-8B,520,4,3000000000,3376816288,376816288,252018,342271366,11514974,"[11513918, 11514974, 11516030]"
46,3214,meta-llama/Llama-3.1-8B,520,4,3000000000,3376816288,376816288,252018,342271366,11514974,"[11513918, 11514974, 11516030]"
46,3358,meta-llama/Llama-3.1-8B,520,4,3000000000,3376816288,376816288,252018,342271366,11514974,"[11513918, 11514974, 11516030]"
46,3502,meta-llama/Llama-3.1-8B,520,4,3000000000,3376816288,376816288,252018,342271366,11514974,"[11513918, 11514974, 11516030]"
46,3646,meta-llama/Llama-3.1-8B,520,4,3000000000,3376816288,376816288,252018,342271366,11514974,"[11513918, 11514974, 11516030]"
46,3790,meta-llama/Llama-3.1-8B,520,4,3000000000,3376816288,376816288,252018,342271366,11514974,"[11513918, 11514974, 11516030]"
46,3934,meta-llama/Llama-3.1-8B,520,4,3000000000,3376816288,376816288,252018,342271366,11514974,"[11513918, 11514974, 11516030]"
46,4078,meta-llama/Llama-3.1-8B,520,4,3000000000,4379295040,1379295040,376816288,1344750118,11514974,"[11513918, 11514974, 11516030]"
46,4222,meta-llama/Llama-3.1-8B,520,4,3000000000,4379295040,1379295040,376816288,1344750118,11514974,"[11513918, 11514974, 11516030]"
46,4366,meta-llama/Llama-3.1-8B,520,4,3000000000,4379295040,1379295040,376816288,1344750118,11514974,"[11513918, 11514974, 11516030]"
46,4510,meta-llama/Llama-3.1-8B,520,4,3000000000,4379295040,1379295040,376816288,1344750118,11514974,"[11513918, 11514974, 11516030]"
46,4654,meta-llama/Llama-3.1-8B,520,4,3000000000,4379295040,1379295040,376816288,1344750118,11514974,"[11513918, 11514974, 11516030]"
46,4798,meta-llama/Llama-3.1-8B,520,4,3000000000,4379295040,1379295040,376816288,1344750118,11514974,"[11513918, 11514974, 11516030]"
46,4942,meta-llama/Llama-3.1-8B,520,4,3000000000,4379295040,1379295040,376816288,1344750118,11514974,"[11513918, 11514974, 11516030]"
46,5086,meta-llama/Llama-3.1-8B,520,4,3000000000,4379295040,1379295040,376816288,1344750118,11514974,"[11513918, 11514974, 11516030]"
46,5230,meta-llama/Llama-3.1-8B,520,4,3000000000,5379185044,2379185044,1379295040,2345342305,11280913,"[11280401, 11280913, 11281425]"
46,5374,meta-llama/Llama-3.1-8B,520,4,3000000000,5379185044,2379185044,1379295040,2345342305,11280913,"[11280401, 11280913, 11281425]"
46,5518,meta-llama/Llama-3.1-8B,520,4,3000000000,5379185044,2379185044,1379295040,2345342305,11280913,"[11280401, 11280913, 11281425]"
46,5662,meta-llama/Llama-3.1-8B,520,4,3000000000,5379185044,2379185044,1379295040,2345342305,11280913,"[11280401, 11280913, 11281425]"
47,47,meta-llama/Llama-3.1-8B,512,4,0,341233622,341233622,1,108142902,77696906,"[159065888, 62144266, 11880566]"
47,191,meta-llama/Llama-3.1-8B,512,4,0,341233622,341233622,1,108142902,77696906,"[159065888, 62144266, 11880566]"
47,335,meta-llama/Llama-3.1-8B,512,4,0,341233622,341233622,1,108142902,77696906,"[159065888, 62144266, 11880566]"
47,479,meta-llama/Llama-3.1-8B,512,4,0,341233622,341233622,1,108142902,77696906,"[159065888, 62144266, 11880566]"
47,623,meta-llama/Llama-3.1-8B,512,4,0,449414569,449414569,108142902,267208790,60735259,"[62144266, 11880566, 108180947]"
47,767,meta-llama/Llama-3.1-8B,512,4,0,449414569,449414569,108142902,267208790,60735259,"[62144266, 11880566, 108180947]"
47,911,meta-llama/Llama-3.1-8B,512,4,0,449414569,449414569,108142902,267208790,60735259,"[62144266, 11880566, 108180947]"
47,1055,meta-llama/Llama-3.1-8B,512,4,0,586580803,586580803,267208790,329353056,85742582,"[11880566, 108180947, 137166234]"
47,1199,meta-llama/Llama-3.1-8B,512,4,0,680766984,680766984,341233622,449414569,77117471,"[137166234, 69484489, 24701692]"
47,1343,meta-llama/Llama-3.1-8B,512,4,0,680766984,680766984,341233622,449414569,77117471,"[137166234, 69484489, 24701692]"
47,1487,meta-llama/Llama-3.1-8B,512,4,0,680766984,680766984,341233622,449414569,77117471,"[137166234, 69484489, 24701692]"
47,1631,meta-llama/Llama-3.1-8B,512,4,0,764713567,764713567,449414569,586580803,59377588,"[69484489, 24701692, 83946583]"
47,1775,meta-llama/Llama-3.1-8B,512,4,0,764713567,764713567,449414569,586580803,59377588,"[69484489, 24701692, 83946583]"
47,1919,meta-llama/Llama-3.1-8B,512,4,0,764713567,764713567,449414569,586580803,59377588,"[69484489, 24701692, 83946583]"
47,2063,meta-llama/Llama-3.1-8B,512,4,0,764713567,764713567,449414569,586580803,59377588,"[69484489, 24701692, 83946583]"
47,2207,meta-llama/Llama-3.1-8B,512,4,0,817217742,817217742,586580803,656065292,53717483,"[24701692, 83946583, 52504175]"
47,2351,meta-llama/Llama-3.1-8B,512,4,0,840336383,840336383,680766984,764713567,25207605,"[52504175, 11276305, 11842336]"
47,2495,meta-llama/Llama-3.1-8B,512,4,0,840336383,840336383,680766984,764713567,25207605,"[52504175, 11276305, 11842336]"
47,2639,meta-llama/Llama-3.1-8B,512,4,0,840336383,840336383,680766984,764713567,25207605,"[52504175, 11276305, 11842336]"
47,2783,meta-llama/Llama-3.1-8B,512,4,0,851664232,851664232,764713567,817217742,11482163,"[11276305, 11842336, 11327849]"
47,2927,meta-llama/Llama-3.1-8B,520,4,3000000000,3383777946,383777946,252018,349233024,11514974,"[11513918, 11514974, 11516030]"
47,3071,meta-llama/Llama-3.1-8B,520,4,3000000000,3383777946,383777946,252018,349233024,11514974,"[11513918, 11514974, 11516030]"
47,3215,meta-llama/Llama-3.1-8B,520,4,3000000000,3383777946,383777946,252018,349233024,11514974,"[11513918, 11514974, 11516030]"
47,3359,meta-llama/Llama-3.1-8B,520,4,3000000000,3383777946,383777946,252018,349233024,11514974,"[11513918, 11514974, 11516030]"
47,3503,meta-llama/Llama-3.1-8B,520,4,3000000000,3383777946,383777946,252018,349233024,11514974,"[11513918, 11514974, 11516030]"
47,3647,meta-llama/Llama-3.1-8B,520,4,3000000000,3383777946,383777946,252018,349233024,11514974,"[11513918, 11514974, 11516030]"
47,3791,meta-llama/Llama-3.1-8B,520,4,3000000000,3383777946,383777946,252018,349233024,11514974,"[11513918, 11514974, 11516030]"
47,3935,meta-llama/Llama-3.1-8B,520,4,3000000000,3383777946,383777946,252018,349233024,11514974,"[11513918, 11514974, 11516030]"
47,4079,meta-llama/Llama-3.1-8B,520,4,3000000000,4386256698,1386256698,383777946,1351711776,11514974,"[11513918, 11514974, 11516030]"
47,4223,meta-llama/Llama-3.1-8B,520,4,3000000000,4386256698,1386256698,383777946,1351711776,11514974,"[11513918, 11514974, 11516030]"
47,4367,meta-llama/Llama-3.1-8B,520,4,3000000000,4386256698,1386256698,383777946,1351711776,11514974,"[11513918, 11514974, 11516030]"
47,4511,meta-llama/Llama-3.1-8B,520,4,3000000000,4386256698,1386256698,383777946,1351711776,11514974,"[11513918, 11514974, 11516030]"
47,4655,meta-llama/Llama-3.1-8B,520,4,3000000000,4386256698,1386256698,383777946,1351711776,11514974,"[11513918, 11514974, 11516030]"
47,4799,meta-llama/Llama-3.1-8B,520,4,3000000000,4386256698,1386256698,383777946,1351711776,11514974,"[11513918, 11514974, 11516030]"
47,4943,meta-llama/Llama-3.1-8B,520,4,3000000000,4386256698,1386256698,383777946,1351711776,11514974,"[11513918, 11514974, 11516030]"
47,5087,meta-llama/Llama-3.1-8B,520,4,3000000000,4386256698,1386256698,383777946,1351711776,11514974,"[11513918, 11514974, 11516030]"
47,5231,meta-llama/Llama-3.1-8B,520,4,3000000000,5386146702,2386146702,1386256698,2352303963,11280913,"[11280401, 11280913, 11281425]"
47,5375,meta-llama/Llama-3.1-8B,520,4,3000000000,5386146702,2386146702,1386256698,2352303963,11280913,"[11280401, 11280913, 11281425]"
47,5519,meta-llama/Llama-3.1-8B,520,4,3000000000,5386146702,2386146702,1386256698,2352303963,11280913,"[11280401, 11280913, 11281425]"
47,5663,meta-llama/Llama-3.1-8B,520,4,3000000000,5386146702,2386146702,1386256698,2352303963,11280913,"[11280401, 11280913, 11281425]"
48,48,meta-llama/Llama-3.1-8B,512,4,0,341235794,341235794,1,108668358,77522478,"[159065888, 61621751, 11879797]"
48,192,meta-llama/Llama-3.1-8B,512,4,0,341235794,341235794,1,108668358,77522478,"[159065888, 61621751, 11879797]"
48,336,meta-llama/Llama-3.1-8B,512,4,0,341235794,341235794,1,108668358,77522478,"[159065888, 61621751, 11879797]"
48,480,meta-llama/Llama-3.1-8B,512,4,0,341235794,341235794,1,108668358,77522478,"[159065888, 61621751, 11879797]"
48,624,meta-llama/Llama-3.1-8B,512,4,0,449940025,449940025,108668358,267734246,60735259,"[61621751, 11879797, 108704231]"
48,768,meta-llama/Llama-3.1-8B,512,4,0,449940025,449940025,108668358,267734246,60735259,"[61621751, 11879797, 108704231]"
48,912,meta-llama/Llama-3.1-8B,512,4,0,449940025,449940025,108668358,267734246,60735259,"[61621751, 11879797, 108704231]"
48,1056,meta-llama/Llama-3.1-8B,512,4,0,586976977,586976977,267734246,329355997,85873660,"[11879797, 108704231, 137036952]"
48,1200,meta-llama/Llama-3.1-8B,512,4,0,680769156,680769156,341235794,449940025,76943043,"[137036952, 69221564, 24570615]"
48,1344,meta-llama/Llama-3.1-8B,512,4,0,680769156,680769156,341235794,449940025,76943043,"[137036952, 69221564, 24570615]"
48,1488,meta-llama/Llama-3.1-8B,512,4,0,680769156,680769156,341235794,449940025,76943043,"[137036952, 69221564, 24570615]"
48,1632,meta-llama/Llama-3.1-8B,512,4,0,765137008,765137008,449940025,586976977,59386677,"[69221564, 24570615, 84367852]"
48,1776,meta-llama/Llama-3.1-8B,512,4,0,765137008,765137008,449940025,586976977,59386677,"[69221564, 24570615, 84367852]"
48,1920,meta-llama/Llama-3.1-8B,512,4,0,765137008,765137008,449940025,586976977,59386677,"[69221564, 24570615, 84367852]"
48,2064,meta-llama/Llama-3.1-8B,512,4,0,765137008,765137008,449940025,586976977,59386677,"[69221564, 24570615, 84367852]"
48,2208,meta-llama/Llama-3.1-8B,512,4,0,818036587,818036587,586976977,656198541,53946015,"[24570615, 84367852, 52899579]"
48,2352,meta-llama/Llama-3.1-8B,512,4,0,843324150,843324150,680769156,765137008,26062380,"[52899579, 12418366, 12869197]"
48,2496,meta-llama/Llama-3.1-8B,512,4,0,843324150,843324150,680769156,765137008,26062380,"[52899579, 12418366, 12869197]"
48,2640,meta-llama/Llama-3.1-8B,512,4,0,843324150,843324150,680769156,765137008,26062380,"[52899579, 12418366, 12869197]"
48,2784,meta-llama/Llama-3.1-8B,512,4,0,854609463,854609463,765137008,818036587,12190958,"[12418366, 12869197, 11285313]"
48,2928,meta-llama/Llama-3.1-8B,520,4,3000000000,3390739604,390739604,252018,356194682,11514974,"[11513918, 11514974, 11516030]"
48,3072,meta-llama/Llama-3.1-8B,520,4,3000000000,3390739604,390739604,252018,356194682,11514974,"[11513918, 11514974, 11516030]"
48,3216,meta-llama/Llama-3.1-8B,520,4,3000000000,3390739604,390739604,252018,356194682,11514974,"[11513918, 11514974, 11516030]"
48,3360,meta-llama/Llama-3.1-8B,520,4,3000000000,3390739604,390739604,252018,356194682,11514974,"[11513918, 11514974, 11516030]"
48,3504,meta-llama/Llama-3.1-8B,520,4,3000000000,3390739604,390739604,252018,356194682,11514974,"[11513918, 11514974, 11516030]"
48,3648,meta-llama/Llama-3.1-8B,520,4,3000000000,3390739604,390739604,252018,356194682,11514974,"[11513918, 11514974, 11516030]"
48,3792,meta-llama/Llama-3.1-8B,520,4,3000000000,3390739604,390739604,252018,356194682,11514974,"[11513918, 11514974, 11516030]"
48,3936,meta-llama/Llama-3.1-8B,520,4,3000000000,3390739604,390739604,252018,356194682,11514974,"[11513918, 11514974, 11516030]"
48,4080,meta-llama/Llama-3.1-8B,520,4,3000000000,4393218356,1393218356,390739604,1358673434,11514974,"[11513918, 11514974, 11516030]"
48,4224,meta-llama/Llama-3.1-8B,520,4,3000000000,4393218356,1393218356,390739604,1358673434,11514974,"[11513918, 11514974, 11516030]"
48,4368,meta-llama/Llama-3.1-8B,520,4,3000000000,4393218356,1393218356,390739604,1358673434,11514974,"[11513918, 11514974, 11516030]"
48,4512,meta-llama/Llama-3.1-8B,520,4,3000000000,4393218356,1393218356,390739604,1358673434,11514974,"[11513918, 11514974, 11516030]"
48,4656,meta-llama/Llama-3.1-8B,520,4,3000000000,4393218356,1393218356,390739604,1358673434,11514974,"[11513918, 11514974, 11516030]"
48,4800,meta-llama/Llama-3.1-8B,520,4,3000000000,4393218356,1393218356,390739604,1358673434,11514974,"[11513918, 11514974, 11516030]"
48,4944,meta-llama/Llama-3.1-8B,520,4,3000000000,4393218356,1393218356,390739604,1358673434,11514974,"[11513918, 11514974, 11516030]"
48,5088,meta-llama/Llama-3.1-8B,520,4,3000000000,4393218356,1393218356,390739604,1358673434,11514974,"[11513918, 11514974, 11516030]"
48,5232,meta-llama/Llama-3.1-8B,520,4,3000000000,5393108360,2393108360,1393218356,2359265621,11280913,"[11280401, 11280913, 11281425]"
48,5376,meta-llama/Llama-3.1-8B,520,4,3000000000,5393108360,2393108360,1393218356,2359265621,11280913,"[11280401, 11280913, 11281425]"
48,5520,meta-llama/Llama-3.1-8B,520,4,3000000000,5393108360,2393108360,1393218356,2359265621,11280913,"[11280401, 11280913, 11281425]"
48,5664,meta-llama/Llama-3.1-8B,520,4,3000000000,5393108360,2393108360,1393218356,2359265621,11280913,"[11280401, 11280913, 11281425]"
49,49,meta-llama/Llama-3.1-8B,512,4,0,341237966,341237966,1,109193814,77348050,"[159065888, 61099236, 11879028]"
49,193,meta-llama/Llama-3.1-8B,512,4,0,341237966,341237966,1,109193814,77348050,"[159065888, 61099236, 11879028]"
49,337,meta-llama/Llama-3.1-8B,512,4,0,341237966,341237966,1,109193814,77348050,"[159065888, 61099236, 11879028]"
49,481,meta-llama/Llama-3.1-8B,512,4,0,341237966,341237966,1,109193814,77348050,"[159065888, 61099236, 11879028]"
49,625,meta-llama/Llama-3.1-8B,512,4,0,450465481,450465481,109193814,268259702,60735259,"[61099236, 11879028, 109227515]"
49,769,meta-llama/Llama-3.1-8B,512,4,0,450465481,450465481,109193814,268259702,60735259,"[61099236, 11879028, 109227515]"
49,913,meta-llama/Llama-3.1-8B,512,4,0,450465481,450465481,109193814,268259702,60735259,"[61099236, 11879028, 109227515]"
49,1057,meta-llama/Llama-3.1-8B,512,4,0,587373151,587373151,268259702,329358938,86004737,"[11879028, 109227515, 136907670]"
49,1201,meta-llama/Llama-3.1-8B,512,4,0,680771328,680771328,341237966,450465481,76768615,"[136907670, 68958639, 24439538]"
49,1345,meta-llama/Llama-3.1-8B,512,4,0,680771328,680771328,341237966,450465481,76768615,"[136907670, 68958639, 24439538]"
49,1489,meta-llama/Llama-3.1-8B,512,4,0,680771328,680771328,341237966,450465481,76768615,"[136907670, 68958639, 24439538]"
49,1633,meta-llama/Llama-3.1-8B,512,4,0,765532412,765532412,450465481,587373151,59386420,"[68958639, 24439538, 84761084]"
49,1777,meta-llama/Llama-3.1-8B,512,4,0,765532412,765532412,450465481,587373151,59386420,"[68958639, 24439538, 84761084]"
49,1921,meta-llama/Llama-3.1-8B,512,4,0,765532412,765532412,450465481,587373151,59386420,"[68958639, 24439538, 84761084]"
49,2065,meta-llama/Llama-3.1-8B,512,4,0,765532412,765532412,450465481,587373151,59386420,"[68958639, 24439538, 84761084]"
49,2209,meta-llama/Llama-3.1-8B,512,4,0,819250836,819250836,587373151,656331790,54306348,"[24439538, 84761084, 53718424]"
49,2353,meta-llama/Llama-3.1-8B,512,4,0,846775254,846775254,680771328,765532412,27080947,"[53718424, 13193663, 14330755]"
49,2497,meta-llama/Llama-3.1-8B,512,4,0,846775254,846775254,680771328,765532412,27080947,"[53718424, 13193663, 14330755]"
49,2641,meta-llama/Llama-3.1-8B,512,4,0,846775254,846775254,680771328,765532412,27080947,"[53718424, 13193663, 14330755]"
49,2785,meta-llama/Llama-3.1-8B,512,4,0,858060447,858060447,765532412,819250836,12936537,"[13193663, 14330755, 11285193]"
49,2929,meta-llama/Llama-3.1-8B,520,4,3000000000,3397701262,397701262,252018,363156340,11514974,"[11513918, 11514974, 11516030]"
49,3073,meta-llama/Llama-3.1-8B,520,4,3000000000,3397701262,397701262,252018,363156340,11514974,"[11513918, 11514974, 11516030]"
49,3217,meta-llama/Llama-3.1-8B,520,4,3000000000,3397701262,397701262,252018,363156340,11514974,"[11513918, 11514974, 11516030]"
49,3361,meta-llama/Llama-3.1-8B,520,4,3000000000,3397701262,397701262,252018,363156340,11514974,"[11513918, 11514974, 11516030]"
49,3505,meta-llama/Llama-3.1-8B,520,4,3000000000,3397701262,397701262,252018,363156340,11514974,"[11513918, 11514974, 11516030]"
49,3649,meta-llama/Llama-3.1-8B,520,4,3000000000,3397701262,397701262,252018,363156340,11514974,"[11513918, 11514974, 11516030]"
49,3793,meta-llama/Llama-3.1-8B,520,4,3000000000,3397701262,397701262,252018,363156340,11514974,"[11513918, 11514974, 11516030]"
49,3937,meta-llama/Llama-3.1-8B,520,4,3000000000,3397701262,397701262,252018,363156340,11514974,"[11513918, 11514974, 11516030]"
49,4081,meta-llama/Llama-3.1-8B,520,4,3000000000,4400180014,1400180014,397701262,1365635092,11514974,"[11513918, 11514974, 11516030]"
49,4225,meta-llama/Llama-3.1-8B,520,4,3000000000,4400180014,1400180014,397701262,1365635092,11514974,"[11513918, 11514974, 11516030]"
49,4369,meta-llama/Llama-3.1-8B,520,4,3000000000,4400180014,1400180014,397701262,1365635092,11514974,"[11513918, 11514974, 11516030]"
49,4513,meta-llama/Llama-3.1-8B,520,4,3000000000,4400180014,1400180014,397701262,1365635092,11514974,"[11513918, 11514974, 11516030]"
49,4657,meta-llama/Llama-3.1-8B,520,4,3000000000,4400180014,1400180014,397701262,1365635092,11514974,"[11513918, 11514974, 11516030]"
49,4801,meta-llama/Llama-3.1-8B,520,4,3000000000,4400180014,1400180014,397701262,1365635092,11514974,"[11513918, 11514974, 11516030]"
49,4945,meta-llama/Llama-3.1-8B,520,4,3000000000,4400180014,1400180014,397701262,1365635092,11514974,"[11513918, 11514974, 11516030]"
49,5089,meta-llama/Llama-3.1-8B,520,4,3000000000,4400180014,1400180014,397701262,1365635092,11514974,"[11513918, 11514974, 11516030]"
49,5233,meta-llama/Llama-3.1-8B,520,4,3000000000,5400070018,2400070018,1400180014,2366227279,11280913,"[11280401, 11280913, 11281425]"
49,5377,meta-llama/Llama-3.1-8B,520,4,3000000000,5400070018,2400070018,1400180014,2366227279,11280913,"[11280401, 11280913, 11281425]"
49,5521,meta-llama/Llama-3.1-8B,520,4,3000000000,5400070018,2400070018,1400180014,2366227279,11280913,"[11280401, 11280913, 11281425]"
49,5665,meta-llama/Llama-3.1-8B,520,4,3000000000,5400070018,2400070018,1400180014,2366227279,11280913,"[11280401, 11280913, 11281425]"
50,50,meta-llama/Llama-3.1-8B,512,4,0,341240138,341240138,1,109719270,77173622,"[159065888, 60576841, 11878139]"
50,194,meta-llama/Llama-3.1-8B,512,4,0,341240138,341240138,1,109719270,77173622,"[159065888, 60576841, 11878139]"
50,338,meta-llama/Llama-3.1-8B,512,4,0,341240138,341240138,1,109719270,77173622,"[159065888, 60576841, 11878139]"
50,482,meta-llama/Llama-3.1-8B,512,4,0,341240138,341240138,1,109719270,77173622,"[159065888, 60576841, 11878139]"
50,626,meta-llama/Llama-3.1-8B,512,4,0,450990937,450990937,109719270,268785158,60735259,"[60576841, 11878139, 109750799]"
50,770,meta-llama/Llama-3.1-8B,512,4,0,450990937,450990937,109719270,268785158,60735259,"[60576841, 11878139, 109750799]"
50,914,meta-llama/Llama-3.1-8B,512,4,0,450990937,450990937,109719270,268785158,60735259,"[60576841, 11878139, 109750799]"
50,1058,meta-llama/Llama-3.1-8B,512,4,0,587769325,587769325,268785158,329361999,86135775,"[11878139, 109750799, 136778388]"
50,1202,meta-llama/Llama-3.1-8B,512,4,0,680773500,680773500,341240138,450990937,76594187,"[136778388, 68695714, 24308461]"
50,1346,meta-llama/Llama-3.1-8B,512,4,0,680773500,680773500,341240138,450990937,76594187,"[136778388, 68695714, 24308461]"
50,1490,meta-llama/Llama-3.1-8B,512,4,0,680773500,680773500,341240138,450990937,76594187,"[136778388, 68695714, 24308461]"
50,1634,meta-llama/Llama-3.1-8B,512,4,0,765927816,765927816,450990937,587769325,59386163,"[68695714, 24308461, 85154316]"
50,1778,meta-llama/Llama-3.1-8B,512,4,0,765927816,765927816,450990937,587769325,59386163,"[68695714, 24308461, 85154316]"
50,1922,meta-llama/Llama-3.1-8B,512,4,0,765927816,765927816,450990937,587769325,59386163,"[68695714, 24308461, 85154316]"
50,2066,meta-llama/Llama-3.1-8B,512,4,0,765927816,765927816,450990937,587769325,59386163,"[68695714, 24308461, 85154316]"
50,2210,meta-llama/Llama-3.1-8B,512,4,0,820465085,820465085,587769325,656465039,54666682,"[24308461, 85154316, 54537269]"
50,2354,meta-llama/Llama-3.1-8B,512,4,0,850133868,850133868,680773500,765927816,28068684,"[54537269, 13968840, 15699943]"
50,2498,meta-llama/Llama-3.1-8B,512,4,0,850133868,850133868,680773500,765927816,28068684,"[54537269, 13968840, 15699943]"
50,2642,meta-llama/Llama-3.1-8B,512,4,0,850133868,850133868,680773500,765927816,28068684,"[54537269, 13968840, 15699943]"
50,2786,meta-llama/Llama-3.1-8B,512,4,0,861419061,861419061,765927816,820465085,13651325,"[13968840, 15699943, 11285193]"
50,2930,meta-llama/Llama-3.1-8B,520,4,3000000000,3404662920,404662920,252018,370117998,11514974,"[11513918, 11514974, 11516030]"
50,3074,meta-llama/Llama-3.1-8B,520,4,3000000000,3404662920,404662920,252018,370117998,11514974,"[11513918, 11514974, 11516030]"
50,3218,meta-llama/Llama-3.1-8B,520,4,3000000000,3404662920,404662920,252018,370117998,11514974,"[11513918, 11514974, 11516030]"
50,3362,meta-llama/Llama-3.1-8B,520,4,3000000000,3404662920,404662920,252018,370117998,11514974,"[11513918, 11514974, 11516030]"
50,3506,meta-llama/Llama-3.1-8B,520,4,3000000000,3404662920,404662920,252018,370117998,11514974,"[11513918, 11514974, 11516030]"
50,3650,meta-llama/Llama-3.1-8B,520,4,3000000000,3404662920,404662920,252018,370117998,11514974,"[11513918, 11514974, 11516030]"
50,3794,meta-llama/Llama-3.1-8B,520,4,3000000000,3404662920,404662920,252018,370117998,11514974,"[11513918, 11514974, 11516030]"
50,3938,meta-llama/Llama-3.1-8B,520,4,3000000000,3404662920,404662920,252018,370117998,11514974,"[11513918, 11514974, 11516030]"
50,4082,meta-llama/Llama-3.1-8B,520,4,3000000000,4407141672,1407141672,404662920,1372596750,11514974,"[11513918, 11514974, 11516030]"
50,4226,meta-llama/Llama-3.1-8B,520,4,3000000000,4407141672,1407141672,404662920,1372596750,11514974,"[11513918, 11514974, 11516030]"
50,4370,meta-llama/Llama-3.1-8B,520,4,3000000000,4407141672,1407141672,404662920,1372596750,11514974,"[11513918, 11514974, 11516030]"
50,4514,meta-llama/Llama-3.1-8B,520,4,3000000000,4407141672,1407141672,404662920,1372596750,11514974,"[11513918, 11514974, 11516030]"
50,4658,meta-llama/Llama-3.1-8B,520,4,3000000000,4407141672,1407141672,404662920,1372596750,11514974,"[11513918, 11514974, 11516030]"
50,4802,meta-llama/Llama-3.1-8B,520,4,3000000000,4407141672,1407141672,404662920,1372596750,11514974,"[11513918, 11514974, 11516030]"
50,4946,meta-llama/Llama-3.1-8B,520,4,3000000000,4407141672,1407141672,404662920,1372596750,11514974,"[11513918, 11514974, 11516030]"
50,5090,meta-llama/Llama-3.1-8B,520,4,3000000000,4407141672,1407141672,404662920,1372596750,11514974,"[11513918, 11514974, 11516030]"
50,5234,meta-llama/Llama-3.1-8B,520,4,3000000000,5407031676,2407031676,1407141672,2373188937,11280913,"[11280401, 11280913, 11281425]"
50,5378,meta-llama/Llama-3.1-8B,520,4,3000000000,5407031676,2407031676,1407141672,2373188937,11280913,"[11280401, 11280913, 11281425]"
50,5522,meta-llama/Llama-3.1-8B,520,4,3000000000,5407031676,2407031676,1407141672,2373188937,11280913,"[11280401, 11280913, 11281425]"
50,5666,meta-llama/Llama-3.1-8B,520,4,3000000000,5407031676,2407031676,1407141672,2373188937,11280913,"[11280401, 11280913, 11281425]"
51,51,meta-llama/Llama-3.1-8B,512,4,0,341242310,341242310,1,110244726,76999194,"[159065888, 60054326, 11877370]"
51,195,meta-llama/Llama-3.1-8B,512,4,0,341242310,341242310,1,110244726,76999194,"[159065888, 60054326, 11877370]"
51,339,meta-llama/Llama-3.1-8B,512,4,0,341242310,341242310,1,110244726,76999194,"[159065888, 60054326, 11877370]"
51,483,meta-llama/Llama-3.1-8B,512,4,0,341242310,341242310,1,110244726,76999194,"[159065888, 60054326, 11877370]"
51,627,meta-llama/Llama-3.1-8B,512,4,0,451516393,451516393,110244726,269310614,60735259,"[60054326, 11877370, 110274083]"
51,771,meta-llama/Llama-3.1-8B,512,4,0,451516393,451516393,110244726,269310614,60735259,"[60054326, 11877370, 110274083]"
51,915,meta-llama/Llama-3.1-8B,512,4,0,451516393,451516393,110244726,269310614,60735259,"[60054326, 11877370, 110274083]"
51,1059,meta-llama/Llama-3.1-8B,512,4,0,588165499,588165499,269310614,329364940,86266853,"[11877370, 110274083, 136649106]"
51,1203,meta-llama/Llama-3.1-8B,512,4,0,680775672,680775672,341242310,451516393,76419759,"[136649106, 68432789, 24177384]"
51,1347,meta-llama/Llama-3.1-8B,512,4,0,680775672,680775672,341242310,451516393,76419759,"[136649106, 68432789, 24177384]"
51,1491,meta-llama/Llama-3.1-8B,512,4,0,680775672,680775672,341242310,451516393,76419759,"[136649106, 68432789, 24177384]"
51,1635,meta-llama/Llama-3.1-8B,512,4,0,766351257,766351257,451516393,588165499,59395252,"[68432789, 24177384, 85575585]"
51,1779,meta-llama/Llama-3.1-8B,512,4,0,766351257,766351257,451516393,588165499,59395252,"[68432789, 24177384, 85575585]"
51,1923,meta-llama/Llama-3.1-8B,512,4,0,766351257,766351257,451516393,588165499,59395252,"[68432789, 24177384, 85575585]"
51,2067,meta-llama/Llama-3.1-8B,512,4,0,766351257,766351257,451516393,588165499,59395252,"[68432789, 24177384, 85575585]"
51,2211,meta-llama/Llama-3.1-8B,512,4,0,821681370,821681370,588165499,656598288,55027694,"[24177384, 85575585, 55330113]"
51,2355,meta-llama/Llama-3.1-8B,512,4,0,851605314,851605314,680775672,766351257,28418019,"[55330113, 14745539, 15178405]"
51,2499,meta-llama/Llama-3.1-8B,512,4,0,851605314,851605314,680775672,766351257,28418019,"[55330113, 14745539, 15178405]"
51,2643,meta-llama/Llama-3.1-8B,512,4,0,851605314,851605314,680775672,766351257,28418019,"[55330113, 14745539, 15178405]"
51,2787,meta-llama/Llama-3.1-8B,512,4,0,862906125,862906125,766351257,821681370,13741585,"[14745539, 15178405, 11300811]"
51,2931,meta-llama/Llama-3.1-8B,520,4,3000000000,3411624578,411624578,252018,377079656,11514974,"[11513918, 11514974, 11516030]"
51,3075,meta-llama/Llama-3.1-8B,520,4,3000000000,3411624578,411624578,252018,377079656,11514974,"[11513918, 11514974, 11516030]"
51,3219,meta-llama/Llama-3.1-8B,520,4,3000000000,3411624578,411624578,252018,377079656,11514974,"[11513918, 11514974, 11516030]"
51,3363,meta-llama/Llama-3.1-8B,520,4,3000000000,3411624578,411624578,252018,377079656,11514974,"[11513918, 11514974, 11516030]"
51,3507,meta-llama/Llama-3.1-8B,520,4,3000000000,3411624578,411624578,252018,377079656,11514974,"[11513918, 11514974, 11516030]"
51,3651,meta-llama/Llama-3.1-8B,520,4,3000000000,3411624578,411624578,252018,377079656,11514974,"[11513918, 11514974, 11516030]"
51,3795,meta-llama/Llama-3.1-8B,520,4,3000000000,3411624578,411624578,252018,377079656,11514974,"[11513918, 11514974, 11516030]"
51,3939,meta-llama/Llama-3.1-8B,520,4,3000000000,3411624578,411624578,252018,377079656,11514974,"[11513918, 11514974, 11516030]"
51,4083,meta-llama/Llama-3.1-8B,520,4,3000000000,4414103330,1414103330,411624578,1379558408,11514974,"[11513918, 11514974, 11516030]"
51,4227,meta-llama/Llama-3.1-8B,520,4,3000000000,4414103330,1414103330,411624578,1379558408,11514974,"[11513918, 11514974, 11516030]"
51,4371,meta-llama/Llama-3.1-8B,520,4,3000000000,4414103330,1414103330,411624578,1379558408,11514974,"[11513918, 11514974, 11516030]"
51,4515,meta-llama/Llama-3.1-8B,520,4,3000000000,4414103330,1414103330,411624578,1379558408,11514974,"[11513918, 11514974, 11516030]"
51,4659,meta-llama/Llama-3.1-8B,520,4,3000000000,4414103330,1414103330,411624578,1379558408,11514974,"[11513918, 11514974, 11516030]"
51,4803,meta-llama/Llama-3.1-8B,520,4,3000000000,4414103330,1414103330,411624578,1379558408,11514974,"[11513918, 11514974, 11516030]"
51,4947,meta-llama/Llama-3.1-8B,520,4,3000000000,4414103330,1414103330,411624578,1379558408,11514974,"[11513918, 11514974, 11516030]"
51,5091,meta-llama/Llama-3.1-8B,520,4,3000000000,4414103330,1414103330,411624578,1379558408,11514974,"[11513918, 11514974, 11516030]"
51,5235,meta-llama/Llama-3.1-8B,520,4,3000000000,5413993334,2413993334,1414103330,2380150595,11280913,"[11280401, 11280913, 11281425]"
51,5379,meta-llama/Llama-3.1-8B,520,4,3000000000,5413993334,2413993334,1414103330,2380150595,11280913,"[11280401, 11280913, 11281425]"
51,5523,meta-llama/Llama-3.1-8B,520,4,3000000000,5413993334,2413993334,1414103330,2380150595,11280913,"[11280401, 11280913, 11281425]"
51,5667,meta-llama/Llama-3.1-8B,520,4,3000000000,5413993334,2413993334,1414103330,2380150595,11280913,"[11280401, 11280913, 11281425]"
52,52,meta-llama/Llama-3.1-8B,512,4,0,341244482,341244482,1,110770182,76824766,"[159065888, 59531811, 11876601]"
52,196,meta-llama/Llama-3.1-8B,512,4,0,341244482,341244482,1,110770182,76824766,"[159065888, 59531811, 11876601]"
52,340,meta-llama/Llama-3.1-8B,512,4,0,341244482,341244482,1,110770182,76824766,"[159065888, 59531811, 11876601]"
52,484,meta-llama/Llama-3.1-8B,512,4,0,341244482,341244482,1,110770182,76824766,"[159065888, 59531811, 11876601]"
52,628,meta-llama/Llama-3.1-8B,512,4,0,452041849,452041849,110770182,269836070,60735259,"[59531811, 11876601, 110797367]"
52,772,meta-llama/Llama-3.1-8B,512,4,0,452041849,452041849,110770182,269836070,60735259,"[59531811, 11876601, 110797367]"
52,916,meta-llama/Llama-3.1-8B,512,4,0,452041849,452041849,110770182,269836070,60735259,"[59531811, 11876601, 110797367]"
52,1060,meta-llama/Llama-3.1-8B,512,4,0,588561673,588561673,269836070,329367881,86397930,"[11876601, 110797367, 136519824]"
52,1204,meta-llama/Llama-3.1-8B,512,4,0,680777844,680777844,341244482,452041849,76245331,"[136519824, 68169864, 24046307]"
52,1348,meta-llama/Llama-3.1-8B,512,4,0,680777844,680777844,341244482,452041849,76245331,"[136519824, 68169864, 24046307]"
52,1492,meta-llama/Llama-3.1-8B,512,4,0,680777844,680777844,341244482,452041849,76245331,"[136519824, 68169864, 24046307]"
52,1636,meta-llama/Llama-3.1-8B,512,4,0,766746661,766746661,452041849,588561673,59394996,"[68169864, 24046307, 85968817]"
52,1780,meta-llama/Llama-3.1-8B,512,4,0,766746661,766746661,452041849,588561673,59394996,"[68169864, 24046307, 85968817]"
52,1924,meta-llama/Llama-3.1-8B,512,4,0,766746661,766746661,452041849,588561673,59394996,"[68169864, 24046307, 85968817]"
52,2068,meta-llama/Llama-3.1-8B,512,4,0,766746661,766746661,452041849,588561673,59394996,"[68169864, 24046307, 85968817]"
52,2212,meta-llama/Llama-3.1-8B,512,4,0,822895619,822895619,588561673,656731537,55388027,"[24046307, 85968817, 56148958]"
52,2356,meta-llama/Llama-3.1-8B,512,4,0,851624610,851624610,680777844,766746661,28292649,"[56148958, 15555216, 13173775]"
52,2500,meta-llama/Llama-3.1-8B,512,4,0,851624610,851624610,680777844,766746661,28292649,"[56148958, 15555216, 13173775]"
52,2644,meta-llama/Llama-3.1-8B,512,4,0,851624610,851624610,680777844,766746661,28292649,"[56148958, 15555216, 13173775]"
52,2788,meta-llama/Llama-3.1-8B,512,4,0,862961817,862961817,766746661,822895619,13355399,"[15555216, 13173775, 11337207]"
52,2932,meta-llama/Llama-3.1-8B,520,4,3000000000,3418586236,418586236,252018,384041314,11514974,"[11513918, 11514974, 11516030]"
52,3076,meta-llama/Llama-3.1-8B,520,4,3000000000,3418586236,418586236,252018,384041314,11514974,"[11513918, 11514974, 11516030]"
52,3220,meta-llama/Llama-3.1-8B,520,4,3000000000,3418586236,418586236,252018,384041314,11514974,"[11513918, 11514974, 11516030]"
52,3364,meta-llama/Llama-3.1-8B,520,4,3000000000,3418586236,418586236,252018,384041314,11514974,"[11513918, 11514974, 11516030]"
52,3508,meta-llama/Llama-3.1-8B,520,4,3000000000,3418586236,418586236,252018,384041314,11514974,"[11513918, 11514974, 11516030]"
52,3652,meta-llama/Llama-3.1-8B,520,4,3000000000,3418586236,418586236,252018,384041314,11514974,"[11513918, 11514974, 11516030]"
52,3796,meta-llama/Llama-3.1-8B,520,4,3000000000,3418586236,418586236,252018,384041314,11514974,"[11513918, 11514974, 11516030]"
52,3940,meta-llama/Llama-3.1-8B,520,4,3000000000,3418586236,418586236,252018,384041314,11514974,"[11513918, 11514974, 11516030]"
52,4084,meta-llama/Llama-3.1-8B,520,4,3000000000,4421064988,1421064988,418586236,1386520066,11514974,"[11513918, 11514974, 11516030]"
52,4228,meta-llama/Llama-3.1-8B,520,4,3000000000,4421064988,1421064988,418586236,1386520066,11514974,"[11513918, 11514974, 11516030]"
52,4372,meta-llama/Llama-3.1-8B,520,4,3000000000,4421064988,1421064988,418586236,1386520066,11514974,"[11513918, 11514974, 11516030]"
52,4516,meta-llama/Llama-3.1-8B,520,4,3000000000,4421064988,1421064988,418586236,1386520066,11514974,"[11513918, 11514974, 11516030]"
52,4660,meta-llama/Llama-3.1-8B,520,4,3000000000,4421064988,1421064988,418586236,1386520066,11514974,"[11513918, 11514974, 11516030]"
52,4804,meta-llama/Llama-3.1-8B,520,4,3000000000,4421064988,1421064988,418586236,1386520066,11514974,"[11513918, 11514974, 11516030]"
52,4948,meta-llama/Llama-3.1-8B,520,4,3000000000,4421064988,1421064988,418586236,1386520066,11514974,"[11513918, 11514974, 11516030]"
52,5092,meta-llama/Llama-3.1-8B,520,4,3000000000,4421064988,1421064988,418586236,1386520066,11514974,"[11513918, 11514974, 11516030]"
52,5236,meta-llama/Llama-3.1-8B,520,4,3000000000,5420954992,2420954992,1421064988,2387112253,11280913,"[11280401, 11280913, 11281425]"
52,5380,meta-llama/Llama-3.1-8B,520,4,3000000000,5420954992,2420954992,1421064988,2387112253,11280913,"[11280401, 11280913, 11281425]"
52,5524,meta-llama/Llama-3.1-8B,520,4,3000000000,5420954992,2420954992,1421064988,2387112253,11280913,"[11280401, 11280913, 11281425]"
52,5668,meta-llama/Llama-3.1-8B,520,4,3000000000,5420954992,2420954992,1421064988,2387112253,11280913,"[11280401, 11280913, 11281425]"
53,53,meta-llama/Llama-3.1-8B,512,4,0,341246654,341246654,1,111295638,76650338,"[159065888, 59009296, 11875832]"
53,197,meta-llama/Llama-3.1-8B,512,4,0,341246654,341246654,1,111295638,76650338,"[159065888, 59009296, 11875832]"
53,341,meta-llama/Llama-3.1-8B,512,4,0,341246654,341246654,1,111295638,76650338,"[159065888, 59009296, 11875832]"
53,485,meta-llama/Llama-3.1-8B,512,4,0,341246654,341246654,1,111295638,76650338,"[159065888, 59009296, 11875832]"
53,629,meta-llama/Llama-3.1-8B,512,4,0,452567305,452567305,111295638,270361526,60735259,"[59009296, 11875832, 111320651]"
53,773,meta-llama/Llama-3.1-8B,512,4,0,452567305,452567305,111295638,270361526,60735259,"[59009296, 11875832, 111320651]"
53,917,meta-llama/Llama-3.1-8B,512,4,0,452567305,452567305,111295638,270361526,60735259,"[59009296, 11875832, 111320651]"
53,1061,meta-llama/Llama-3.1-8B,512,4,0,588957847,588957847,270361526,329370822,86529008,"[11875832, 111320651, 136390542]"
53,1205,meta-llama/Llama-3.1-8B,512,4,0,680780016,680780016,341246654,452567305,76070903,"[136390542, 67906939, 23915230]"
53,1349,meta-llama/Llama-3.1-8B,512,4,0,680780016,680780016,341246654,452567305,76070903,"[136390542, 67906939, 23915230]"
53,1493,meta-llama/Llama-3.1-8B,512,4,0,680780016,680780016,341246654,452567305,76070903,"[136390542, 67906939, 23915230]"
53,1637,meta-llama/Llama-3.1-8B,512,4,0,767170102,767170102,452567305,588957847,59404085,"[67906939, 23915230, 86390086]"
53,1781,meta-llama/Llama-3.1-8B,512,4,0,767170102,767170102,452567305,588957847,59404085,"[67906939, 23915230, 86390086]"
53,1925,meta-llama/Llama-3.1-8B,512,4,0,767170102,767170102,452567305,588957847,59404085,"[67906939, 23915230, 86390086]"
53,2069,meta-llama/Llama-3.1-8B,512,4,0,767170102,767170102,452567305,588957847,59404085,"[67906939, 23915230, 86390086]"
53,2213,meta-llama/Llama-3.1-8B,512,4,0,823714464,823714464,588957847,656864786,55616559,"[23915230, 86390086, 56544362]"
53,2357,meta-llama/Llama-3.1-8B,512,4,0,851649920,851649920,680780016,767170102,28159939,"[56544362, 16072685, 11862771]"
53,2501,meta-llama/Llama-3.1-8B,512,4,0,851649920,851649920,680780016,767170102,28159939,"[56544362, 16072685, 11862771]"
53,2645,meta-llama/Llama-3.1-8B,512,4,0,851649920,851649920,680780016,767170102,28159939,"[56544362, 16072685, 11862771]"
53,2789,meta-llama/Llama-3.1-8B,512,4,0,862962433,862962433,767170102,823714464,13082656,"[16072685, 11862771, 11312513]"
53,2933,meta-llama/Llama-3.1-8B,520,4,3000000000,3425547894,425547894,252018,391002972,11514974,"[11513918, 11514974, 11516030]"
53,3077,meta-llama/Llama-3.1-8B,520,4,3000000000,3425547894,425547894,252018,391002972,11514974,"[11513918, 11514974, 11516030]"
53,3221,meta-llama/Llama-3.1-8B,520,4,3000000000,3425547894,425547894,252018,391002972,11514974,"[11513918, 11514974, 11516030]"
53,3365,meta-llama/Llama-3.1-8B,520,4,3000000000,3425547894,425547894,252018,391002972,11514974,"[11513918, 11514974, 11516030]"
53,3509,meta-llama/Llama-3.1-8B,520,4,3000000000,3425547894,425547894,252018,391002972,11514974,"[11513918, 11514974, 11516030]"
53,3653,meta-llama/Llama-3.1-8B,520,4,3000000000,3425547894,425547894,252018,391002972,11514974,"[11513918, 11514974, 11516030]"
53,3797,meta-llama/Llama-3.1-8B,520,4,3000000000,3425547894,425547894,252018,391002972,11514974,"[11513918, 11514974, 11516030]"
53,3941,meta-llama/Llama-3.1-8B,520,4,3000000000,3425547894,425547894,252018,391002972,11514974,"[11513918, 11514974, 11516030]"
53,4085,meta-llama/Llama-3.1-8B,520,4,3000000000,4428026646,1428026646,425547894,1393481724,11514974,"[11513918, 11514974, 11516030]"
53,4229,meta-llama/Llama-3.1-8B,520,4,3000000000,4428026646,1428026646,425547894,1393481724,11514974,"[11513918, 11514974, 11516030]"
53,4373,meta-llama/Llama-3.1-8B,520,4,3000000000,4428026646,1428026646,425547894,1393481724,11514974,"[11513918, 11514974, 11516030]"
53,4517,meta-llama/Llama-3.1-8B,520,4,3000000000,4428026646,1428026646,425547894,1393481724,11514974,"[11513918, 11514974, 11516030]"
53,4661,meta-llama/Llama-3.1-8B,520,4,3000000000,4428026646,1428026646,425547894,1393481724,11514974,"[11513918, 11514974, 11516030]"
53,4805,meta-llama/Llama-3.1-8B,520,4,3000000000,4428026646,1428026646,425547894,1393481724,11514974,"[11513918, 11514974, 11516030]"
53,4949,meta-llama/Llama-3.1-8B,520,4,3000000000,4428026646,1428026646,425547894,1393481724,11514974,"[11513918, 11514974, 11516030]"
53,5093,meta-llama/Llama-3.1-8B,520,4,3000000000,4428026646,1428026646,425547894,1393481724,11514974,"[11513918, 11514974, 11516030]"
53,5237,meta-llama/Llama-3.1-8B,520,4,3000000000,5427916650,2427916650,1428026646,2394073911,11280913,"[11280401, 11280913, 11281425]"
53,5381,meta-llama/Llama-3.1-8B,520,4,3000000000,5427916650,2427916650,1428026646,2394073911,11280913,"[11280401, 11280913, 11281425]"
53,5525,meta-llama/Llama-3.1-8B,520,4,3000000000,5427916650,2427916650,1428026646,2394073911,11280913,"[11280401, 11280913, 11281425]"
53,5669,meta-llama/Llama-3.1-8B,520,4,3000000000,5427916650,2427916650,1428026646,2394073911,11280913,"[11280401, 11280913, 11281425]"
54,54,meta-llama/Llama-3.1-8B,512,4,0,341248826,341248826,1,111821094,76475910,"[159065888, 58486781, 11875063]"
54,198,meta-llama/Llama-3.1-8B,512,4,0,341248826,341248826,1,111821094,76475910,"[159065888, 58486781, 11875063]"
54,342,meta-llama/Llama-3.1-8B,512,4,0,341248826,341248826,1,111821094,76475910,"[159065888, 58486781, 11875063]"
54,486,meta-llama/Llama-3.1-8B,512,4,0,341248826,341248826,1,111821094,76475910,"[159065888, 58486781, 11875063]"
54,630,meta-llama/Llama-3.1-8B,512,4,0,453092761,453092761,111821094,270886982,60735259,"[58486781, 11875063, 111843935]"
54,774,meta-llama/Llama-3.1-8B,512,4,0,453092761,453092761,111821094,270886982,60735259,"[58486781, 11875063, 111843935]"
54,918,meta-llama/Llama-3.1-8B,512,4,0,453092761,453092761,111821094,270886982,60735259,"[58486781, 11875063, 111843935]"
54,1062,meta-llama/Llama-3.1-8B,512,4,0,589354021,589354021,270886982,329373763,86660086,"[11875063, 111843935, 136261260]"
54,1206,meta-llama/Llama-3.1-8B,512,4,0,680782188,680782188,341248826,453092761,75896475,"[136261260, 67644014, 23784153]"
54,1350,meta-llama/Llama-3.1-8B,512,4,0,680782188,680782188,341248826,453092761,75896475,"[136261260, 67644014, 23784153]"
54,1494,meta-llama/Llama-3.1-8B,512,4,0,680782188,680782188,341248826,453092761,75896475,"[136261260, 67644014, 23784153]"
54,1638,meta-llama/Llama-3.1-8B,512,4,0,767565506,767565506,453092761,589354021,59403828,"[67644014, 23784153, 86783318]"
54,1782,meta-llama/Llama-3.1-8B,512,4,0,767565506,767565506,453092761,589354021,59403828,"[67644014, 23784153, 86783318]"
54,1926,meta-llama/Llama-3.1-8B,512,4,0,767565506,767565506,453092761,589354021,59403828,"[67644014, 23784153, 86783318]"
54,2070,meta-llama/Llama-3.1-8B,512,4,0,767565506,767565506,453092761,589354021,59403828,"[67644014, 23784153, 86783318]"
54,2214,meta-llama/Llama-3.1-8B,512,4,0,824928713,824928713,589354021,656998035,55976892,"[23784153, 86783318, 57363207]"
54,2358,meta-llama/Llama-3.1-8B,512,4,0,851652314,851652314,680782188,767565506,28028936,"[57363207, 15391728, 11331873]"
54,2502,meta-llama/Llama-3.1-8B,512,4,0,851652314,851652314,680782188,767565506,28028936,"[57363207, 15391728, 11331873]"
54,2646,meta-llama/Llama-3.1-8B,512,4,0,851652314,851652314,680782188,767565506,28028936,"[57363207, 15391728, 11331873]"
54,2790,meta-llama/Llama-3.1-8B,512,4,0,862962809,862962809,767565506,824928713,12678032,"[15391728, 11331873, 11310495]"
54,2934,meta-llama/Llama-3.1-8B,520,4,3000000000,3432509552,432509552,252018,397964630,11514974,"[11513918, 11514974, 11516030]"
54,3078,meta-llama/Llama-3.1-8B,520,4,3000000000,3432509552,432509552,252018,397964630,11514974,"[11513918, 11514974, 11516030]"
54,3222,meta-llama/Llama-3.1-8B,520,4,3000000000,3432509552,432509552,252018,397964630,11514974,"[11513918, 11514974, 11516030]"
54,3366,meta-llama/Llama-3.1-8B,520,4,3000000000,3432509552,432509552,252018,397964630,11514974,"[11513918, 11514974, 11516030]"
54,3510,meta-llama/Llama-3.1-8B,520,4,3000000000,3432509552,432509552,252018,397964630,11514974,"[11513918, 11514974, 11516030]"
54,3654,meta-llama/Llama-3.1-8B,520,4,3000000000,3432509552,432509552,252018,397964630,11514974,"[11513918, 11514974, 11516030]"
54,3798,meta-llama/Llama-3.1-8B,520,4,3000000000,3432509552,432509552,252018,397964630,11514974,"[11513918, 11514974, 11516030]"
54,3942,meta-llama/Llama-3.1-8B,520,4,3000000000,3432509552,432509552,252018,397964630,11514974,"[11513918, 11514974, 11516030]"
54,4086,meta-llama/Llama-3.1-8B,520,4,3000000000,4434988304,1434988304,432509552,1400443382,11514974,"[11513918, 11514974, 11516030]"
54,4230,meta-llama/Llama-3.1-8B,520,4,3000000000,4434988304,1434988304,432509552,1400443382,11514974,"[11513918, 11514974, 11516030]"
54,4374,meta-llama/Llama-3.1-8B,520,4,3000000000,4434988304,1434988304,432509552,1400443382,11514974,"[11513918, 11514974, 11516030]"
54,4518,meta-llama/Llama-3.1-8B,520,4,3000000000,4434988304,1434988304,432509552,1400443382,11514974,"[11513918, 11514974, 11516030]"
54,4662,meta-llama/Llama-3.1-8B,520,4,3000000000,4434988304,1434988304,432509552,1400443382,11514974,"[11513918, 11514974, 11516030]"
54,4806,meta-llama/Llama-3.1-8B,520,4,3000000000,4434988304,1434988304,432509552,1400443382,11514974,"[11513918, 11514974, 11516030]"
54,4950,meta-llama/Llama-3.1-8B,520,4,3000000000,4434988304,1434988304,432509552,1400443382,11514974,"[11513918, 11514974, 11516030]"
54,5094,meta-llama/Llama-3.1-8B,520,4,3000000000,4434988304,1434988304,432509552,1400443382,11514974,"[11513918, 11514974, 11516030]"
54,5238,meta-llama/Llama-3.1-8B,520,4,3000000000,5434878308,2434878308,1434988304,2401035569,11280913,"[11280401, 11280913, 11281425]"
54,5382,meta-llama/Llama-3.1-8B,520,4,3000000000,5434878308,2434878308,1434988304,2401035569,11280913,"[11280401, 11280913, 11281425]"
54,5526,meta-llama/Llama-3.1-8B,520,4,3000000000,5434878308,2434878308,1434988304,2401035569,11280913,"[11280401, 11280913, 11281425]"
54,5670,meta-llama/Llama-3.1-8B,520,4,3000000000,5434878308,2434878308,1434988304,2401035569,11280913,"[11280401, 11280913, 11281425]"
55,55,meta-llama/Llama-3.1-8B,512,4,0,341250998,341250998,1,112346550,76301482,"[159065888, 57964266, 11874294]"
55,199,meta-llama/Llama-3.1-8B,512,4,0,341250998,341250998,1,112346550,76301482,"[159065888, 57964266, 11874294]"
55,343,meta-llama/Llama-3.1-8B,512,4,0,341250998,341250998,1,112346550,76301482,"[159065888, 57964266, 11874294]"
55,487,meta-llama/Llama-3.1-8B,512,4,0,341250998,341250998,1,112346550,76301482,"[159065888, 57964266, 11874294]"
55,631,meta-llama/Llama-3.1-8B,512,4,0,453618217,453618217,112346550,271412438,60735259,"[57964266, 11874294, 112367219]"
55,775,meta-llama/Llama-3.1-8B,512,4,0,453618217,453618217,112346550,271412438,60735259,"[57964266, 11874294, 112367219]"
55,919,meta-llama/Llama-3.1-8B,512,4,0,453618217,453618217,112346550,271412438,60735259,"[57964266, 11874294, 112367219]"
55,1063,meta-llama/Llama-3.1-8B,512,4,0,589750195,589750195,271412438,329376704,86791163,"[11874294, 112367219, 136131978]"
55,1207,meta-llama/Llama-3.1-8B,512,4,0,680784360,680784360,341250998,453618217,75722047,"[136131978, 67381089, 23653076]"
55,1351,meta-llama/Llama-3.1-8B,512,4,0,680784360,680784360,341250998,453618217,75722047,"[136131978, 67381089, 23653076]"
55,1495,meta-llama/Llama-3.1-8B,512,4,0,680784360,680784360,341250998,453618217,75722047,"[136131978, 67381089, 23653076]"
55,1639,meta-llama/Llama-3.1-8B,512,4,0,767960910,767960910,453618217,589750195,59403571,"[67381089, 23653076, 87176550]"
55,1783,meta-llama/Llama-3.1-8B,512,4,0,767960910,767960910,453618217,589750195,59403571,"[67381089, 23653076, 87176550]"
55,1927,meta-llama/Llama-3.1-8B,512,4,0,767960910,767960910,453618217,589750195,59403571,"[67381089, 23653076, 87176550]"
55,2071,meta-llama/Llama-3.1-8B,512,4,0,767960910,767960910,453618217,589750195,59403571,"[67381089, 23653076, 87176550]"
55,2215,meta-llama/Llama-3.1-8B,512,4,0,826142962,826142962,589750195,657131284,56337226,"[23653076, 87176550, 58182052]"
55,2359,meta-llama/Llama-3.1-8B,512,4,0,851654212,851654212,680784360,767960910,27897767,"[58182052, 14182051, 11329199]"
55,2503,meta-llama/Llama-3.1-8B,512,4,0,851654212,851654212,680784360,767960910,27897767,"[58182052, 14182051, 11329199]"
55,2647,meta-llama/Llama-3.1-8B,512,4,0,851654212,851654212,680784360,767960910,27897767,"[58182052, 14182051, 11329199]"
55,2791,meta-llama/Llama-3.1-8B,512,4,0,862963185,862963185,767960910,826142962,12273407,"[14182051, 11329199, 11308973]"
55,2935,meta-llama/Llama-3.1-8B,520,4,3000000000,3439471210,439471210,252018,404926288,11514974,"[11513918, 11514974, 11516030]"
55,3079,meta-llama/Llama-3.1-8B,520,4,3000000000,3439471210,439471210,252018,404926288,11514974,"[11513918, 11514974, 11516030]"
55,3223,meta-llama/Llama-3.1-8B,520,4,3000000000,3439471210,439471210,252018,404926288,11514974,"[11513918, 11514974, 11516030]"
55,3367,meta-llama/Llama-3.1-8B,520,4,3000000000,3439471210,439471210,252018,404926288,11514974,"[11513918, 11514974, 11516030]"
55,3511,meta-llama/Llama-3.1-8B,520,4,3000000000,3439471210,439471210,252018,404926288,11514974,"[11513918, 11514974, 11516030]"
55,3655,meta-llama/Llama-3.1-8B,520,4,3000000000,3439471210,439471210,252018,404926288,11514974,"[11513918, 11514974, 11516030]"
55,3799,meta-llama/Llama-3.1-8B,520,4,3000000000,3439471210,439471210,252018,404926288,11514974,"[11513918, 11514974, 11516030]"
55,3943,meta-llama/Llama-3.1-8B,520,4,3000000000,3439471210,439471210,252018,404926288,11514974,"[11513918, 11514974, 11516030]"
55,4087,meta-llama/Llama-3.1-8B,520,4,3000000000,4441949962,1441949962,439471210,1407405040,11514974,"[11513918, 11514974, 11516030]"
55,4231,meta-llama/Llama-3.1-8B,520,4,3000000000,4441949962,1441949962,439471210,1407405040,11514974,"[11513918, 11514974, 11516030]"
55,4375,meta-llama/Llama-3.1-8B,520,4,3000000000,4441949962,1441949962,439471210,1407405040,11514974,"[11513918, 11514974, 11516030]"
55,4519,meta-llama/Llama-3.1-8B,520,4,3000000000,4441949962,1441949962,439471210,1407405040,11514974,"[11513918, 11514974, 11516030]"
55,4663,meta-llama/Llama-3.1-8B,520,4,3000000000,4441949962,1441949962,439471210,1407405040,11514974,"[11513918, 11514974, 11516030]"
55,4807,meta-llama/Llama-3.1-8B,520,4,3000000000,4441949962,1441949962,439471210,1407405040,11514974,"[11513918, 11514974, 11516030]"
55,4951,meta-llama/Llama-3.1-8B,520,4,3000000000,4441949962,1441949962,439471210,1407405040,11514974,"[11513918, 11514974, 11516030]"
55,5095,meta-llama/Llama-3.1-8B,520,4,3000000000,4441949962,1441949962,439471210,1407405040,11514974,"[11513918, 11514974, 11516030]"
55,5239,meta-llama/Llama-3.1-8B,520,4,3000000000,5441839966,2441839966,1441949962,2407997227,11280913,"[11280401, 11280913, 11281425]"
55,5383,meta-llama/Llama-3.1-8B,520,4,3000000000,5441839966,2441839966,1441949962,2407997227,11280913,"[11280401, 11280913, 11281425]"
55,5527,meta-llama/Llama-3.1-8B,520,4,3000000000,5441839966,2441839966,1441949962,2407997227,11280913,"[11280401, 11280913, 11281425]"
55,5671,meta-llama/Llama-3.1-8B,520,4,3000000000,5441839966,2441839966,1441949962,2407997227,11280913,"[11280401, 11280913, 11281425]"
56,56,meta-llama/Llama-3.1-8B,512,4,0,341253170,341253170,1,112872006,76127054,"[159065888, 57441751, 11873525]"
56,200,meta-llama/Llama-3.1-8B,512,4,0,341253170,341253170,1,112872006,76127054,"[159065888, 57441751, 11873525]"
56,344,meta-llama/Llama-3.1-8B,512,4,0,341253170,341253170,1,112872006,76127054,"[159065888, 57441751, 11873525]"
56,488,meta-llama/Llama-3.1-8B,512,4,0,341253170,341253170,1,112872006,76127054,"[159065888, 57441751, 11873525]"
56,632,meta-llama/Llama-3.1-8B,512,4,0,454143673,454143673,112872006,271937894,60735259,"[57441751, 11873525, 112890503]"
56,776,meta-llama/Llama-3.1-8B,512,4,0,454143673,454143673,112872006,271937894,60735259,"[57441751, 11873525, 112890503]"
56,920,meta-llama/Llama-3.1-8B,512,4,0,454143673,454143673,112872006,271937894,60735259,"[57441751, 11873525, 112890503]"
56,1064,meta-llama/Llama-3.1-8B,512,4,0,590146369,590146369,271937894,329379645,86922241,"[11873525, 112890503, 136002696]"
56,1208,meta-llama/Llama-3.1-8B,512,4,0,680786532,680786532,341253170,454143673,75547619,"[136002696, 67118164, 23521999]"
56,1352,meta-llama/Llama-3.1-8B,512,4,0,680786532,680786532,341253170,454143673,75547619,"[136002696, 67118164, 23521999]"
56,1496,meta-llama/Llama-3.1-8B,512,4,0,680786532,680786532,341253170,454143673,75547619,"[136002696, 67118164, 23521999]"
56,1640,meta-llama/Llama-3.1-8B,512,4,0,768384351,768384351,454143673,590146369,59412660,"[67118164, 23521999, 87597819]"
56,1784,meta-llama/Llama-3.1-8B,512,4,0,768384351,768384351,454143673,590146369,59412660,"[67118164, 23521999, 87597819]"
56,1928,meta-llama/Llama-3.1-8B,512,4,0,768384351,768384351,454143673,590146369,59412660,"[67118164, 23521999, 87597819]"
56,2072,meta-llama/Llama-3.1-8B,512,4,0,768384351,768384351,454143673,590146369,59412660,"[67118164, 23521999, 87597819]"
56,2216,meta-llama/Llama-3.1-8B,512,4,0,826961807,826961807,590146369,657264533,56565758,"[23521999, 87597819, 58577456]"
56,2360,meta-llama/Llama-3.1-8B,512,4,0,851655734,851655734,680786532,768384351,27757127,"[58577456, 13368738, 11325189]"
56,2504,meta-llama/Llama-3.1-8B,512,4,0,851655734,851655734,680786532,768384351,27757127,"[58577456, 13368738, 11325189]"
56,2648,meta-llama/Llama-3.1-8B,512,4,0,851655734,851655734,680786532,768384351,27757127,"[58577456, 13368738, 11325189]"
56,2792,meta-llama/Llama-3.1-8B,512,4,0,862963561,862963561,768384351,826961807,12000584,"[13368738, 11325189, 11307827]"
56,2936,meta-llama/Llama-3.1-8B,520,4,3000000000,3446432868,446432868,252018,411887946,11514974,"[11513918, 11514974, 11516030]"
56,3080,meta-llama/Llama-3.1-8B,520,4,3000000000,3446432868,446432868,252018,411887946,11514974,"[11513918, 11514974, 11516030]"
56,3224,meta-llama/Llama-3.1-8B,520,4,3000000000,3446432868,446432868,252018,411887946,11514974,"[11513918, 11514974, 11516030]"
56,3368,meta-llama/Llama-3.1-8B,520,4,3000000000,3446432868,446432868,252018,411887946,11514974,"[11513918, 11514974, 11516030]"
56,3512,meta-llama/Llama-3.1-8B,520,4,3000000000,3446432868,446432868,252018,411887946,11514974,"[11513918, 11514974, 11516030]"
56,3656,meta-llama/Llama-3.1-8B,520,4,3000000000,3446432868,446432868,252018,411887946,11514974,"[11513918, 11514974, 11516030]"
56,3800,meta-llama/Llama-3.1-8B,520,4,3000000000,3446432868,446432868,252018,411887946,11514974,"[11513918, 11514974, 11516030]"
56,3944,meta-llama/Llama-3.1-8B,520,4,3000000000,3446432868,446432868,252018,411887946,11514974,"[11513918, 11514974, 11516030]"
56,4088,meta-llama/Llama-3.1-8B,520,4,3000000000,4448911620,1448911620,446432868,1414366698,11514974,"[11513918, 11514974, 11516030]"
56,4232,meta-llama/Llama-3.1-8B,520,4,3000000000,4448911620,1448911620,446432868,1414366698,11514974,"[11513918, 11514974, 11516030]"
56,4376,meta-llama/Llama-3.1-8B,520,4,3000000000,4448911620,1448911620,446432868,1414366698,11514974,"[11513918, 11514974, 11516030]"
56,4520,meta-llama/Llama-3.1-8B,520,4,3000000000,4448911620,1448911620,446432868,1414366698,11514974,"[11513918, 11514974, 11516030]"
56,4664,meta-llama/Llama-3.1-8B,520,4,3000000000,4448911620,1448911620,446432868,1414366698,11514974,"[11513918, 11514974, 11516030]"
56,4808,meta-llama/Llama-3.1-8B,520,4,3000000000,4448911620,1448911620,446432868,1414366698,11514974,"[11513918, 11514974, 11516030]"
56,4952,meta-llama/Llama-3.1-8B,520,4,3000000000,4448911620,1448911620,446432868,1414366698,11514974,"[11513918, 11514974, 11516030]"
56,5096,meta-llama/Llama-3.1-8B,520,4,3000000000,4448911620,1448911620,446432868,1414366698,11514974,"[11513918, 11514974, 11516030]"
56,5240,meta-llama/Llama-3.1-8B,520,4,3000000000,5448801624,2448801624,1448911620,2414958885,11280913,"[11280401, 11280913, 11281425]"
56,5384,meta-llama/Llama-3.1-8B,520,4,3000000000,5448801624,2448801624,1448911620,2414958885,11280913,"[11280401, 11280913, 11281425]"
56,5528,meta-llama/Llama-3.1-8B,520,4,3000000000,5448801624,2448801624,1448911620,2414958885,11280913,"[11280401, 11280913, 11281425]"
56,5672,meta-llama/Llama-3.1-8B,520,4,3000000000,5448801624,2448801624,1448911620,2414958885,11280913,"[11280401, 11280913, 11281425]"
57,57,meta-llama/Llama-3.1-8B,512,4,0,341255342,341255342,1,113397462,75952626,"[159065888, 56919236, 11872756]"
57,201,meta-llama/Llama-3.1-8B,512,4,0,341255342,341255342,1,113397462,75952626,"[159065888, 56919236, 11872756]"
57,345,meta-llama/Llama-3.1-8B,512,4,0,341255342,341255342,1,113397462,75952626,"[159065888, 56919236, 11872756]"
57,489,meta-llama/Llama-3.1-8B,512,4,0,341255342,341255342,1,113397462,75952626,"[159065888, 56919236, 11872756]"
57,633,meta-llama/Llama-3.1-8B,512,4,0,454669129,454669129,113397462,272463350,60735259,"[56919236, 11872756, 113413787]"
57,777,meta-llama/Llama-3.1-8B,512,4,0,454669129,454669129,113397462,272463350,60735259,"[56919236, 11872756, 113413787]"
57,921,meta-llama/Llama-3.1-8B,512,4,0,454669129,454669129,113397462,272463350,60735259,"[56919236, 11872756, 113413787]"
57,1065,meta-llama/Llama-3.1-8B,512,4,0,590542543,590542543,272463350,329382586,87053319,"[11872756, 113413787, 135873414]"
57,1209,meta-llama/Llama-3.1-8B,512,4,0,680788704,680788704,341255342,454669129,75373191,"[135873414, 66855239, 23390922]"
57,1353,meta-llama/Llama-3.1-8B,512,4,0,680788704,680788704,341255342,454669129,75373191,"[135873414, 66855239, 23390922]"
57,1497,meta-llama/Llama-3.1-8B,512,4,0,680788704,680788704,341255342,454669129,75373191,"[135873414, 66855239, 23390922]"
57,1641,meta-llama/Llama-3.1-8B,512,4,0,768779755,768779755,454669129,590542543,59412404,"[66855239, 23390922, 87991051]"
57,1785,meta-llama/Llama-3.1-8B,512,4,0,768779755,768779755,454669129,590542543,59412404,"[66855239, 23390922, 87991051]"
57,1929,meta-llama/Llama-3.1-8B,512,4,0,768779755,768779755,454669129,590542543,59412404,"[66855239, 23390922, 87991051]"
57,2073,meta-llama/Llama-3.1-8B,512,4,0,768779755,768779755,454669129,590542543,59412404,"[66855239, 23390922, 87991051]"
57,2217,meta-llama/Llama-3.1-8B,512,4,0,828176056,828176056,590542543,657397782,56926091,"[23390922, 87991051, 59396301]"
57,2361,meta-llama/Llama-3.1-8B,512,4,0,851657000,851657000,680788704,768779755,27625748,"[59396301, 12158941, 11322003]"
57,2505,meta-llama/Llama-3.1-8B,512,4,0,851657000,851657000,680788704,768779755,27625748,"[59396301, 12158941, 11322003]"
57,2649,meta-llama/Llama-3.1-8B,512,4,0,851657000,851657000,680788704,768779755,27625748,"[59396301, 12158941, 11322003]"
57,2793,meta-llama/Llama-3.1-8B,512,4,0,862963937,862963937,768779755,828176056,11595960,"[12158941, 11322003, 11306937]"
57,2937,meta-llama/Llama-3.1-8B,520,4,3000000000,3453394526,453394526,252018,418849604,11514974,"[11513918, 11514974, 11516030]"
57,3081,meta-llama/Llama-3.1-8B,520,4,3000000000,3453394526,453394526,252018,418849604,11514974,"[11513918, 11514974, 11516030]"
57,3225,meta-llama/Llama-3.1-8B,520,4,3000000000,3453394526,453394526,252018,418849604,11514974,"[11513918, 11514974, 11516030]"
57,3369,meta-llama/Llama-3.1-8B,520,4,3000000000,3453394526,453394526,252018,418849604,11514974,"[11513918, 11514974, 11516030]"
57,3513,meta-llama/Llama-3.1-8B,520,4,3000000000,3453394526,453394526,252018,418849604,11514974,"[11513918, 11514974, 11516030]"
57,3657,meta-llama/Llama-3.1-8B,520,4,3000000000,3453394526,453394526,252018,418849604,11514974,"[11513918, 11514974, 11516030]"
57,3801,meta-llama/Llama-3.1-8B,520,4,3000000000,3453394526,453394526,252018,418849604,11514974,"[11513918, 11514974, 11516030]"
57,3945,meta-llama/Llama-3.1-8B,520,4,3000000000,3453394526,453394526,252018,418849604,11514974,"[11513918, 11514974, 11516030]"
57,4089,meta-llama/Llama-3.1-8B,520,4,3000000000,4455873278,1455873278,453394526,1421328356,11514974,"[11513918, 11514974, 11516030]"
57,4233,meta-llama/Llama-3.1-8B,520,4,3000000000,4455873278,1455873278,453394526,1421328356,11514974,"[11513918, 11514974, 11516030]"
57,4377,meta-llama/Llama-3.1-8B,520,4,3000000000,4455873278,1455873278,453394526,1421328356,11514974,"[11513918, 11514974, 11516030]"
57,4521,meta-llama/Llama-3.1-8B,520,4,3000000000,4455873278,1455873278,453394526,1421328356,11514974,"[11513918, 11514974, 11516030]"
57,4665,meta-llama/Llama-3.1-8B,520,4,3000000000,4455873278,1455873278,453394526,1421328356,11514974,"[11513918, 11514974, 11516030]"
57,4809,meta-llama/Llama-3.1-8B,520,4,3000000000,4455873278,1455873278,453394526,1421328356,11514974,"[11513918, 11514974, 11516030]"
57,4953,meta-llama/Llama-3.1-8B,520,4,3000000000,4455873278,1455873278,453394526,1421328356,11514974,"[11513918, 11514974, 11516030]"
57,5097,meta-llama/Llama-3.1-8B,520,4,3000000000,4455873278,1455873278,453394526,1421328356,11514974,"[11513918, 11514974, 11516030]"
57,5241,meta-llama/Llama-3.1-8B,520,4,3000000000,5455763282,2455763282,1455873278,2421920543,11280913,"[11280401, 11280913, 11281425]"
57,5385,meta-llama/Llama-3.1-8B,520,4,3000000000,5455763282,2455763282,1455873278,2421920543,11280913,"[11280401, 11280913, 11281425]"
57,5529,meta-llama/Llama-3.1-8B,520,4,3000000000,5455763282,2455763282,1455873278,2421920543,11280913,"[11280401, 11280913, 11281425]"
57,5673,meta-llama/Llama-3.1-8B,520,4,3000000000,5455763282,2455763282,1455873278,2421920543,11280913,"[11280401, 11280913, 11281425]"
58,58,meta-llama/Llama-3.1-8B,512,4,0,341257514,341257514,1,113922918,75778198,"[159065888, 56396721, 11871987]"
58,202,meta-llama/Llama-3.1-8B,512,4,0,341257514,341257514,1,113922918,75778198,"[159065888, 56396721, 11871987]"
58,346,meta-llama/Llama-3.1-8B,512,4,0,341257514,341257514,1,113922918,75778198,"[159065888, 56396721, 11871987]"
58,490,meta-llama/Llama-3.1-8B,512,4,0,341257514,341257514,1,113922918,75778198,"[159065888, 56396721, 11871987]"
58,634,meta-llama/Llama-3.1-8B,512,4,0,455194585,455194585,113922918,272988806,60735259,"[56396721, 11871987, 113937071]"
58,778,meta-llama/Llama-3.1-8B,512,4,0,455194585,455194585,113922918,272988806,60735259,"[56396721, 11871987, 113937071]"
58,922,meta-llama/Llama-3.1-8B,512,4,0,455194585,455194585,113922918,272988806,60735259,"[56396721, 11871987, 113937071]"
58,1066,meta-llama/Llama-3.1-8B,512,4,0,590938717,590938717,272988806,329385527,87184396,"[11871987, 113937071, 135744132]"
58,1210,meta-llama/Llama-3.1-8B,512,4,0,680790876,680790876,341257514,455194585,75198763,"[135744132, 66592314, 23259845]"
58,1354,meta-llama/Llama-3.1-8B,512,4,0,680790876,680790876,341257514,455194585,75198763,"[135744132, 66592314, 23259845]"
58,1498,meta-llama/Llama-3.1-8B,512,4,0,680790876,680790876,341257514,455194585,75198763,"[135744132, 66592314, 23259845]"
58,1642,meta-llama/Llama-3.1-8B,512,4,0,769175159,769175159,455194585,590938717,59412147,"[66592314, 23259845, 88384283]"
58,1786,meta-llama/Llama-3.1-8B,512,4,0,769175159,769175159,455194585,590938717,59412147,"[66592314, 23259845, 88384283]"
58,1930,meta-llama/Llama-3.1-8B,512,4,0,769175159,769175159,455194585,590938717,59412147,"[66592314, 23259845, 88384283]"
58,2074,meta-llama/Llama-3.1-8B,512,4,0,769175159,769175159,455194585,590938717,59412147,"[66592314, 23259845, 88384283]"
58,2218,meta-llama/Llama-3.1-8B,512,4,0,828994901,828994901,590938717,657531031,57154623,"[23259845, 88384283, 59819742]"
58,2362,meta-llama/Llama-3.1-8B,512,4,0,852079089,852079089,680790876,769175159,27634643,"[59819742, 11807371, 11276817]"
58,2506,meta-llama/Llama-3.1-8B,512,4,0,852079089,852079089,680790876,769175159,27634643,"[59819742, 11807371, 11276817]"
58,2650,meta-llama/Llama-3.1-8B,512,4,0,852079089,852079089,680790876,769175159,27634643,"[59819742, 11807371, 11276817]"
58,2794,meta-llama/Llama-3.1-8B,512,4,0,863364162,863364162,769175159,828994901,11456420,"[11807371, 11276817, 11285073]"
58,2938,meta-llama/Llama-3.1-8B,520,4,3000000000,3460356184,460356184,252018,425811262,11514974,"[11513918, 11514974, 11516030]"
58,3082,meta-llama/Llama-3.1-8B,520,4,3000000000,3460356184,460356184,252018,425811262,11514974,"[11513918, 11514974, 11516030]"
58,3226,meta-llama/Llama-3.1-8B,520,4,3000000000,3460356184,460356184,252018,425811262,11514974,"[11513918, 11514974, 11516030]"
58,3370,meta-llama/Llama-3.1-8B,520,4,3000000000,3460356184,460356184,252018,425811262,11514974,"[11513918, 11514974, 11516030]"
58,3514,meta-llama/Llama-3.1-8B,520,4,3000000000,3460356184,460356184,252018,425811262,11514974,"[11513918, 11514974, 11516030]"
58,3658,meta-llama/Llama-3.1-8B,520,4,3000000000,3460356184,460356184,252018,425811262,11514974,"[11513918, 11514974, 11516030]"
58,3802,meta-llama/Llama-3.1-8B,520,4,3000000000,3460356184,460356184,252018,425811262,11514974,"[11513918, 11514974, 11516030]"
58,3946,meta-llama/Llama-3.1-8B,520,4,3000000000,3460356184,460356184,252018,425811262,11514974,"[11513918, 11514974, 11516030]"
58,4090,meta-llama/Llama-3.1-8B,520,4,3000000000,4462834936,1462834936,460356184,1428290014,11514974,"[11513918, 11514974, 11516030]"
58,4234,meta-llama/Llama-3.1-8B,520,4,3000000000,4462834936,1462834936,460356184,1428290014,11514974,"[11513918, 11514974, 11516030]"
58,4378,meta-llama/Llama-3.1-8B,520,4,3000000000,4462834936,1462834936,460356184,1428290014,11514974,"[11513918, 11514974, 11516030]"
58,4522,meta-llama/Llama-3.1-8B,520,4,3000000000,4462834936,1462834936,460356184,1428290014,11514974,"[11513918, 11514974, 11516030]"
58,4666,meta-llama/Llama-3.1-8B,520,4,3000000000,4462834936,1462834936,460356184,1428290014,11514974,"[11513918, 11514974, 11516030]"
58,4810,meta-llama/Llama-3.1-8B,520,4,3000000000,4462834936,1462834936,460356184,1428290014,11514974,"[11513918, 11514974, 11516030]"
58,4954,meta-llama/Llama-3.1-8B,520,4,3000000000,4462834936,1462834936,460356184,1428290014,11514974,"[11513918, 11514974, 11516030]"
58,5098,meta-llama/Llama-3.1-8B,520,4,3000000000,4462834936,1462834936,460356184,1428290014,11514974,"[11513918, 11514974, 11516030]"
58,5242,meta-llama/Llama-3.1-8B,520,4,3000000000,5462724940,2462724940,1462834936,2428882201,11280913,"[11280401, 11280913, 11281425]"
58,5386,meta-llama/Llama-3.1-8B,520,4,3000000000,5462724940,2462724940,1462834936,2428882201,11280913,"[11280401, 11280913, 11281425]"
58,5530,meta-llama/Llama-3.1-8B,520,4,3000000000,5462724940,2462724940,1462834936,2428882201,11280913,"[11280401, 11280913, 11281425]"
58,5674,meta-llama/Llama-3.1-8B,520,4,3000000000,5462724940,2462724940,1462834936,2428882201,11280913,"[11280401, 11280913, 11281425]"
59,59,meta-llama/Llama-3.1-8B,512,4,0,341259686,341259686,1,114448374,75603770,"[159065888, 55874206, 11871218]"
59,203,meta-llama/Llama-3.1-8B,512,4,0,341259686,341259686,1,114448374,75603770,"[159065888, 55874206, 11871218]"
59,347,meta-llama/Llama-3.1-8B,512,4,0,341259686,341259686,1,114448374,75603770,"[159065888, 55874206, 11871218]"
59,491,meta-llama/Llama-3.1-8B,512,4,0,341259686,341259686,1,114448374,75603770,"[159065888, 55874206, 11871218]"
59,635,meta-llama/Llama-3.1-8B,512,4,0,455720041,455720041,114448374,273514262,60735259,"[55874206, 11871218, 114460355]"
59,779,meta-llama/Llama-3.1-8B,512,4,0,455720041,455720041,114448374,273514262,60735259,"[55874206, 11871218, 114460355]"
59,923,meta-llama/Llama-3.1-8B,512,4,0,455720041,455720041,114448374,273514262,60735259,"[55874206, 11871218, 114460355]"
59,1067,meta-llama/Llama-3.1-8B,512,4,0,591334891,591334891,273514262,329388468,87315474,"[11871218, 114460355, 135614850]"
59,1211,meta-llama/Llama-3.1-8B,512,4,0,680793048,680793048,341259686,455720041,75024335,"[135614850, 66329389, 23128768]"
59,1355,meta-llama/Llama-3.1-8B,512,4,0,680793048,680793048,341259686,455720041,75024335,"[135614850, 66329389, 23128768]"
59,1499,meta-llama/Llama-3.1-8B,512,4,0,680793048,680793048,341259686,455720041,75024335,"[135614850, 66329389, 23128768]"
59,1643,meta-llama/Llama-3.1-8B,512,4,0,769598600,769598600,455720041,591334891,59421236,"[66329389, 23128768, 88805552]"
59,1787,meta-llama/Llama-3.1-8B,512,4,0,769598600,769598600,455720041,591334891,59421236,"[66329389, 23128768, 88805552]"
59,1931,meta-llama/Llama-3.1-8B,512,4,0,769598600,769598600,455720041,591334891,59421236,"[66329389, 23128768, 88805552]"
59,2075,meta-llama/Llama-3.1-8B,512,4,0,769598600,769598600,455720041,591334891,59421236,"[66329389, 23128768, 88805552]"
59,2219,meta-llama/Llama-3.1-8B,512,4,0,829128527,829128527,591334891,657664280,57154749,"[23128768, 88805552, 59529927]"
59,2363,meta-llama/Llama-3.1-8B,512,4,0,852742875,852742875,680793048,769598600,27714758,"[59529927, 12336385, 11277963]"
59,2507,meta-llama/Llama-3.1-8B,512,4,0,852742875,852742875,680793048,769598600,27714758,"[59529927, 12336385, 11277963]"
59,2651,meta-llama/Llama-3.1-8B,512,4,0,852742875,852742875,680793048,769598600,27714758,"[59529927, 12336385, 11277963]"
59,2795,meta-llama/Llama-3.1-8B,512,4,0,864029094,864029094,769598600,829128527,11633522,"[12336385, 11277963, 11286219]"
59,2939,meta-llama/Llama-3.1-8B,520,4,3000000000,3467317842,467317842,252018,432772920,11514974,"[11513918, 11514974, 11516030]"
59,3083,meta-llama/Llama-3.1-8B,520,4,3000000000,3467317842,467317842,252018,432772920,11514974,"[11513918, 11514974, 11516030]"
59,3227,meta-llama/Llama-3.1-8B,520,4,3000000000,3467317842,467317842,252018,432772920,11514974,"[11513918, 11514974, 11516030]"
59,3371,meta-llama/Llama-3.1-8B,520,4,3000000000,3467317842,467317842,252018,432772920,11514974,"[11513918, 11514974, 11516030]"
59,3515,meta-llama/Llama-3.1-8B,520,4,3000000000,3467317842,467317842,252018,432772920,11514974,"[11513918, 11514974, 11516030]"
59,3659,meta-llama/Llama-3.1-8B,520,4,3000000000,3467317842,467317842,252018,432772920,11514974,"[11513918, 11514974, 11516030]"
59,3803,meta-llama/Llama-3.1-8B,520,4,3000000000,3467317842,467317842,252018,432772920,11514974,"[11513918, 11514974, 11516030]"
59,3947,meta-llama/Llama-3.1-8B,520,4,3000000000,3467317842,467317842,252018,432772920,11514974,"[11513918, 11514974, 11516030]"
59,4091,meta-llama/Llama-3.1-8B,520,4,3000000000,4469796594,1469796594,467317842,1435251672,11514974,"[11513918, 11514974, 11516030]"
59,4235,meta-llama/Llama-3.1-8B,520,4,3000000000,4469796594,1469796594,467317842,1435251672,11514974,"[11513918, 11514974, 11516030]"
59,4379,meta-llama/Llama-3.1-8B,520,4,3000000000,4469796594,1469796594,467317842,1435251672,11514974,"[11513918, 11514974, 11516030]"
59,4523,meta-llama/Llama-3.1-8B,520,4,3000000000,4469796594,1469796594,467317842,1435251672,11514974,"[11513918, 11514974, 11516030]"
59,4667,meta-llama/Llama-3.1-8B,520,4,3000000000,4469796594,1469796594,467317842,1435251672,11514974,"[11513918, 11514974, 11516030]"
59,4811,meta-llama/Llama-3.1-8B,520,4,3000000000,4469796594,1469796594,467317842,1435251672,11514974,"[11513918, 11514974, 11516030]"
59,4955,meta-llama/Llama-3.1-8B,520,4,3000000000,4469796594,1469796594,467317842,1435251672,11514974,"[11513918, 11514974, 11516030]"
59,5099,meta-llama/Llama-3.1-8B,520,4,3000000000,4469796594,1469796594,467317842,1435251672,11514974,"[11513918, 11514974, 11516030]"
59,5243,meta-llama/Llama-3.1-8B,520,4,3000000000,5469686598,2469686598,1469796594,2435843859,11280913,"[11280401, 11280913, 11281425]"
59,5387,meta-llama/Llama-3.1-8B,520,4,3000000000,5469686598,2469686598,1469796594,2435843859,11280913,"[11280401, 11280913, 11281425]"
59,5531,meta-llama/Llama-3.1-8B,520,4,3000000000,5469686598,2469686598,1469796594,2435843859,11280913,"[11280401, 11280913, 11281425]"
59,5675,meta-llama/Llama-3.1-8B,520,4,3000000000,5469686598,2469686598,1469796594,2435843859,11280913,"[11280401, 11280913, 11281425]"
60,60,meta-llama/Llama-3.1-8B,512,4,0,341261986,341261986,1,114973830,75429385,"[159065888, 55351691, 11870577]"
60,204,meta-llama/Llama-3.1-8B,512,4,0,341261986,341261986,1,114973830,75429385,"[159065888, 55351691, 11870577]"
60,348,meta-llama/Llama-3.1-8B,512,4,0,341261986,341261986,1,114973830,75429385,"[159065888, 55351691, 11870577]"
60,492,meta-llama/Llama-3.1-8B,512,4,0,341261986,341261986,1,114973830,75429385,"[159065888, 55351691, 11870577]"
60,636,meta-llama/Llama-3.1-8B,512,4,0,456245497,456245497,114973830,274039718,60735259,"[55351691, 11870577, 114983511]"
60,780,meta-llama/Llama-3.1-8B,512,4,0,456245497,456245497,114973830,274039718,60735259,"[55351691, 11870577, 114983511]"
60,924,meta-llama/Llama-3.1-8B,512,4,0,456245497,456245497,114973830,274039718,60735259,"[55351691, 11870577, 114983511]"
60,1068,meta-llama/Llama-3.1-8B,512,4,0,591731065,591731065,274039718,329391409,87446552,"[11870577, 114983511, 135485568]"
60,1212,meta-llama/Llama-3.1-8B,512,4,0,680951187,680951187,341261986,456245497,74901896,"[135485568, 66066464, 23153658]"
60,1356,meta-llama/Llama-3.1-8B,512,4,0,680951187,680951187,341261986,456245497,74901896,"[135485568, 66066464, 23153658]"
60,1500,meta-llama/Llama-3.1-8B,512,4,0,680951187,680951187,341261986,456245497,74901896,"[135485568, 66066464, 23153658]"
60,1644,meta-llama/Llama-3.1-8B,512,4,0,769994004,769994004,456245497,591731065,59420979,"[66066464, 23153658, 89042817]"
60,1788,meta-llama/Llama-3.1-8B,512,4,0,769994004,769994004,456245497,591731065,59420979,"[66066464, 23153658, 89042817]"
60,1932,meta-llama/Llama-3.1-8B,512,4,0,769994004,769994004,456245497,591731065,59420979,"[66066464, 23153658, 89042817]"
60,2076,meta-llama/Llama-3.1-8B,512,4,0,769994004,769994004,456245497,591731065,59420979,"[66066464, 23153658, 89042817]"
60,2220,meta-llama/Llama-3.1-8B,512,4,0,829261007,829261007,591731065,657797529,57154492,"[23153658, 89042817, 59267003]"
60,2364,meta-llama/Llama-3.1-8B,512,4,0,852744021,852744021,680951187,769994004,27583339,"[59267003, 12205051, 11277963]"
60,2508,meta-llama/Llama-3.1-8B,512,4,0,852744021,852744021,680951187,769994004,27583339,"[59267003, 12205051, 11277963]"
60,2652,meta-llama/Llama-3.1-8B,512,4,0,852744021,852744021,680951187,769994004,27583339,"[59267003, 12205051, 11277963]"
60,2796,meta-llama/Llama-3.1-8B,512,4,0,864029470,864029470,769994004,829261007,11589487,"[12205051, 11277963, 11285449]"
60,2940,meta-llama/Llama-3.1-8B,520,4,3000000000,3474279500,474279500,252018,439734578,11514974,"[11513918, 11514974, 11516030]"
60,3084,meta-llama/Llama-3.1-8B,520,4,3000000000,3474279500,474279500,252018,439734578,11514974,"[11513918, 11514974, 11516030]"
60,3228,meta-llama/Llama-3.1-8B,520,4,3000000000,3474279500,474279500,252018,439734578,11514974,"[11513918, 11514974, 11516030]"
60,3372,meta-llama/Llama-3.1-8B,520,4,3000000000,3474279500,474279500,252018,439734578,11514974,"[11513918, 11514974, 11516030]"
60,3516,meta-llama/Llama-3.1-8B,520,4,3000000000,3474279500,474279500,252018,439734578,11514974,"[11513918, 11514974, 11516030]"
60,3660,meta-llama/Llama-3.1-8B,520,4,3000000000,3474279500,474279500,252018,439734578,11514974,"[11513918, 11514974, 11516030]"
60,3804,meta-llama/Llama-3.1-8B,520,4,3000000000,3474279500,474279500,252018,439734578,11514974,"[11513918, 11514974, 11516030]"
60,3948,meta-llama/Llama-3.1-8B,520,4,3000000000,3474279500,474279500,252018,439734578,11514974,"[11513918, 11514974, 11516030]"
60,4092,meta-llama/Llama-3.1-8B,520,4,3000000000,4476758252,1476758252,474279500,1442213330,11514974,"[11513918, 11514974, 11516030]"
60,4236,meta-llama/Llama-3.1-8B,520,4,3000000000,4476758252,1476758252,474279500,1442213330,11514974,"[11513918, 11514974, 11516030]"
60,4380,meta-llama/Llama-3.1-8B,520,4,3000000000,4476758252,1476758252,474279500,1442213330,11514974,"[11513918, 11514974, 11516030]"
60,4524,meta-llama/Llama-3.1-8B,520,4,3000000000,4476758252,1476758252,474279500,1442213330,11514974,"[11513918, 11514974, 11516030]"
60,4668,meta-llama/Llama-3.1-8B,520,4,3000000000,4476758252,1476758252,474279500,1442213330,11514974,"[11513918, 11514974, 11516030]"
60,4812,meta-llama/Llama-3.1-8B,520,4,3000000000,4476758252,1476758252,474279500,1442213330,11514974,"[11513918, 11514974, 11516030]"
60,4956,meta-llama/Llama-3.1-8B,520,4,3000000000,4476758252,1476758252,474279500,1442213330,11514974,"[11513918, 11514974, 11516030]"
60,5100,meta-llama/Llama-3.1-8B,520,4,3000000000,4476758252,1476758252,474279500,1442213330,11514974,"[11513918, 11514974, 11516030]"
60,5244,meta-llama/Llama-3.1-8B,520,4,3000000000,5476648256,2476648256,1476758252,2442805517,11280913,"[11280401, 11280913, 11281425]"
60,5388,meta-llama/Llama-3.1-8B,520,4,3000000000,5476648256,2476648256,1476758252,2442805517,11280913,"[11280401, 11280913, 11281425]"
60,5532,meta-llama/Llama-3.1-8B,520,4,3000000000,5476648256,2476648256,1476758252,2442805517,11280913,"[11280401, 11280913, 11281425]"
60,5676,meta-llama/Llama-3.1-8B,520,4,3000000000,5476648256,2476648256,1476758252,2442805517,11280913,"[11280401, 11280913, 11281425]"
61,61,meta-llama/Llama-3.1-8B,512,4,0,341264158,341264158,1,115499286,75254957,"[159065888, 54829176, 11869808]"
61,205,meta-llama/Llama-3.1-8B,512,4,0,341264158,341264158,1,115499286,75254957,"[159065888, 54829176, 11869808]"
61,349,meta-llama/Llama-3.1-8B,512,4,0,341264158,341264158,1,115499286,75254957,"[159065888, 54829176, 11869808]"
61,493,meta-llama/Llama-3.1-8B,512,4,0,341264158,341264158,1,115499286,75254957,"[159065888, 54829176, 11869808]"
61,637,meta-llama/Llama-3.1-8B,512,4,0,456770953,456770953,115499286,274565174,60735259,"[54829176, 11869808, 115506795]"
61,781,meta-llama/Llama-3.1-8B,512,4,0,456770953,456770953,115499286,274565174,60735259,"[54829176, 11869808, 115506795]"
61,925,meta-llama/Llama-3.1-8B,512,4,0,456770953,456770953,115499286,274565174,60735259,"[54829176, 11869808, 115506795]"
61,1069,meta-llama/Llama-3.1-8B,512,4,0,592127239,592127239,274565174,329394350,87577629,"[11869808, 115506795, 135356286]"
61,1213,meta-llama/Llama-3.1-8B,512,4,0,680953359,680953359,341264158,456770953,74727468,"[135356286, 65803539, 23022581]"
61,1357,meta-llama/Llama-3.1-8B,512,4,0,680953359,680953359,341264158,456770953,74727468,"[135356286, 65803539, 23022581]"
61,1501,meta-llama/Llama-3.1-8B,512,4,0,680953359,680953359,341264158,456770953,74727468,"[135356286, 65803539, 23022581]"
61,1645,meta-llama/Llama-3.1-8B,512,4,0,770417445,770417445,456770953,592127239,59430068,"[65803539, 23022581, 89464086]"
61,1789,meta-llama/Llama-3.1-8B,512,4,0,770417445,770417445,456770953,592127239,59430068,"[65803539, 23022581, 89464086]"
61,1933,meta-llama/Llama-3.1-8B,512,4,0,770417445,770417445,456770953,592127239,59430068,"[65803539, 23022581, 89464086]"
61,2077,meta-llama/Llama-3.1-8B,512,4,0,770417445,770417445,456770953,592127239,59430068,"[65803539, 23022581, 89464086]"
61,2221,meta-llama/Llama-3.1-8B,512,4,0,829393487,829393487,592127239,657930778,57154236,"[23022581, 89464086, 58976042]"
61,2365,meta-llama/Llama-3.1-8B,512,4,0,853008075,853008075,680953359,770417445,27530210,"[58976042, 12337771, 11276817]"
61,2509,meta-llama/Llama-3.1-8B,512,4,0,853008075,853008075,680953359,770417445,27530210,"[58976042, 12337771, 11276817]"
61,2653,meta-llama/Llama-3.1-8B,512,4,0,853008075,853008075,680953359,770417445,27530210,"[58976042, 12337771, 11276817]"
61,2797,meta-llama/Llama-3.1-8B,512,4,0,864293148,864293148,770417445,829393487,11633220,"[12337771, 11276817, 11285073]"
61,2941,meta-llama/Llama-3.1-8B,520,4,3000000000,3481241158,481241158,252018,446696236,11514974,"[11513918, 11514974, 11516030]"
61,3085,meta-llama/Llama-3.1-8B,520,4,3000000000,3481241158,481241158,252018,446696236,11514974,"[11513918, 11514974, 11516030]"
61,3229,meta-llama/Llama-3.1-8B,520,4,3000000000,3481241158,481241158,252018,446696236,11514974,"[11513918, 11514974, 11516030]"
61,3373,meta-llama/Llama-3.1-8B,520,4,3000000000,3481241158,481241158,252018,446696236,11514974,"[11513918, 11514974, 11516030]"
61,3517,meta-llama/Llama-3.1-8B,520,4,3000000000,3481241158,481241158,252018,446696236,11514974,"[11513918, 11514974, 11516030]"
61,3661,meta-llama/Llama-3.1-8B,520,4,3000000000,3481241158,481241158,252018,446696236,11514974,"[11513918, 11514974, 11516030]"
61,3805,meta-llama/Llama-3.1-8B,520,4,3000000000,3481241158,481241158,252018,446696236,11514974,"[11513918, 11514974, 11516030]"
61,3949,meta-llama/Llama-3.1-8B,520,4,3000000000,3481241158,481241158,252018,446696236,11514974,"[11513918, 11514974, 11516030]"
61,4093,meta-llama/Llama-3.1-8B,520,4,3000000000,4483719910,1483719910,481241158,1449174988,11514974,"[11513918, 11514974, 11516030]"
61,4237,meta-llama/Llama-3.1-8B,520,4,3000000000,4483719910,1483719910,481241158,1449174988,11514974,"[11513918, 11514974, 11516030]"
61,4381,meta-llama/Llama-3.1-8B,520,4,3000000000,4483719910,1483719910,481241158,1449174988,11514974,"[11513918, 11514974, 11516030]"
61,4525,meta-llama/Llama-3.1-8B,520,4,3000000000,4483719910,1483719910,481241158,1449174988,11514974,"[11513918, 11514974, 11516030]"
61,4669,meta-llama/Llama-3.1-8B,520,4,3000000000,4483719910,1483719910,481241158,1449174988,11514974,"[11513918, 11514974, 11516030]"
61,4813,meta-llama/Llama-3.1-8B,520,4,3000000000,4483719910,1483719910,481241158,1449174988,11514974,"[11513918, 11514974, 11516030]"
61,4957,meta-llama/Llama-3.1-8B,520,4,3000000000,4483719910,1483719910,481241158,1449174988,11514974,"[11513918, 11514974, 11516030]"
61,5101,meta-llama/Llama-3.1-8B,520,4,3000000000,4483719910,1483719910,481241158,1449174988,11514974,"[11513918, 11514974, 11516030]"
61,5245,meta-llama/Llama-3.1-8B,520,4,3000000000,5483609914,2483609914,1483719910,2449767175,11280913,"[11280401, 11280913, 11281425]"
61,5389,meta-llama/Llama-3.1-8B,520,4,3000000000,5483609914,2483609914,1483719910,2449767175,11280913,"[11280401, 11280913, 11281425]"
61,5533,meta-llama/Llama-3.1-8B,520,4,3000000000,5483609914,2483609914,1483719910,2449767175,11280913,"[11280401, 11280913, 11281425]"
61,5677,meta-llama/Llama-3.1-8B,520,4,3000000000,5483609914,2483609914,1483719910,2449767175,11280913,"[11280401, 11280913, 11281425]"
62,62,meta-llama/Llama-3.1-8B,512,4,0,341266330,341266330,1,116024742,75080529,"[159065888, 54306661, 11869039]"
62,206,meta-llama/Llama-3.1-8B,512,4,0,341266330,341266330,1,116024742,75080529,"[159065888, 54306661, 11869039]"
62,350,meta-llama/Llama-3.1-8B,512,4,0,341266330,341266330,1,116024742,75080529,"[159065888, 54306661, 11869039]"
62,494,meta-llama/Llama-3.1-8B,512,4,0,341266330,341266330,1,116024742,75080529,"[159065888, 54306661, 11869039]"
62,638,meta-llama/Llama-3.1-8B,512,4,0,457296409,457296409,116024742,275090630,60735259,"[54306661, 11869039, 116030079]"
62,782,meta-llama/Llama-3.1-8B,512,4,0,457296409,457296409,116024742,275090630,60735259,"[54306661, 11869039, 116030079]"
62,926,meta-llama/Llama-3.1-8B,512,4,0,457296409,457296409,116024742,275090630,60735259,"[54306661, 11869039, 116030079]"
62,1070,meta-llama/Llama-3.1-8B,512,4,0,592523413,592523413,275090630,329397291,87708707,"[11869039, 116030079, 135227004]"
62,1214,meta-llama/Llama-3.1-8B,512,4,0,680955531,680955531,341266330,457296409,74553040,"[135227004, 65540614, 22891504]"
62,1358,meta-llama/Llama-3.1-8B,512,4,0,680955531,680955531,341266330,457296409,74553040,"[135227004, 65540614, 22891504]"
62,1502,meta-llama/Llama-3.1-8B,512,4,0,680955531,680955531,341266330,457296409,74553040,"[135227004, 65540614, 22891504]"
62,1646,meta-llama/Llama-3.1-8B,512,4,0,770812849,770812849,457296409,592523413,59429812,"[65540614, 22891504, 89857318]"
62,1790,meta-llama/Llama-3.1-8B,512,4,0,770812849,770812849,457296409,592523413,59429812,"[65540614, 22891504, 89857318]"
62,1934,meta-llama/Llama-3.1-8B,512,4,0,770812849,770812849,457296409,592523413,59429812,"[65540614, 22891504, 89857318]"
62,2078,meta-llama/Llama-3.1-8B,512,4,0,770812849,770812849,457296409,592523413,59429812,"[65540614, 22891504, 89857318]"
62,2222,meta-llama/Llama-3.1-8B,512,4,0,829525967,829525967,592523413,658064027,57153980,"[22891504, 89857318, 58713118]"
62,2366,meta-llama/Llama-3.1-8B,512,4,0,853273155,853273155,680955531,770812849,27486768,"[58713118, 12470371, 11276817]"
62,2510,meta-llama/Llama-3.1-8B,512,4,0,853273155,853273155,680955531,770812849,27486768,"[58713118, 12470371, 11276817]"
62,2654,meta-llama/Llama-3.1-8B,512,4,0,853273155,853273155,680955531,770812849,27486768,"[58713118, 12470371, 11276817]"
62,2798,meta-llama/Llama-3.1-8B,512,4,0,864558228,864558228,770812849,829525967,11677420,"[12470371, 11276817, 11285073]"
62,2942,meta-llama/Llama-3.1-8B,520,4,3000000000,3488202816,488202816,252018,453657894,11514974,"[11513918, 11514974, 11516030]"
62,3086,meta-llama/Llama-3.1-8B,520,4,3000000000,3488202816,488202816,252018,453657894,11514974,"[11513918, 11514974, 11516030]"
62,3230,meta-llama/Llama-3.1-8B,520,4,3000000000,3488202816,488202816,252018,453657894,11514974,"[11513918, 11514974, 11516030]"
62,3374,meta-llama/Llama-3.1-8B,520,4,3000000000,3488202816,488202816,252018,453657894,11514974,"[11513918, 11514974, 11516030]"
62,3518,meta-llama/Llama-3.1-8B,520,4,3000000000,3488202816,488202816,252018,453657894,11514974,"[11513918, 11514974, 11516030]"
62,3662,meta-llama/Llama-3.1-8B,520,4,3000000000,3488202816,488202816,252018,453657894,11514974,"[11513918, 11514974, 11516030]"
62,3806,meta-llama/Llama-3.1-8B,520,4,3000000000,3488202816,488202816,252018,453657894,11514974,"[11513918, 11514974, 11516030]"
62,3950,meta-llama/Llama-3.1-8B,520,4,3000000000,3488202816,488202816,252018,453657894,11514974,"[11513918, 11514974, 11516030]"
62,4094,meta-llama/Llama-3.1-8B,520,4,3000000000,4490681568,1490681568,488202816,1456136646,11514974,"[11513918, 11514974, 11516030]"
62,4238,meta-llama/Llama-3.1-8B,520,4,3000000000,4490681568,1490681568,488202816,1456136646,11514974,"[11513918, 11514974, 11516030]"
62,4382,meta-llama/Llama-3.1-8B,520,4,3000000000,4490681568,1490681568,488202816,1456136646,11514974,"[11513918, 11514974, 11516030]"
62,4526,meta-llama/Llama-3.1-8B,520,4,3000000000,4490681568,1490681568,488202816,1456136646,11514974,"[11513918, 11514974, 11516030]"
62,4670,meta-llama/Llama-3.1-8B,520,4,3000000000,4490681568,1490681568,488202816,1456136646,11514974,"[11513918, 11514974, 11516030]"
62,4814,meta-llama/Llama-3.1-8B,520,4,3000000000,4490681568,1490681568,488202816,1456136646,11514974,"[11513918, 11514974, 11516030]"
62,4958,meta-llama/Llama-3.1-8B,520,4,3000000000,4490681568,1490681568,488202816,1456136646,11514974,"[11513918, 11514974, 11516030]"
62,5102,meta-llama/Llama-3.1-8B,520,4,3000000000,4490681568,1490681568,488202816,1456136646,11514974,"[11513918, 11514974, 11516030]"
62,5246,meta-llama/Llama-3.1-8B,520,4,3000000000,5490571572,2490571572,1490681568,2456728833,11280913,"[11280401, 11280913, 11281425]"
62,5390,meta-llama/Llama-3.1-8B,520,4,3000000000,5490571572,2490571572,1490681568,2456728833,11280913,"[11280401, 11280913, 11281425]"
62,5534,meta-llama/Llama-3.1-8B,520,4,3000000000,5490571572,2490571572,1490681568,2456728833,11280913,"[11280401, 11280913, 11281425]"
62,5678,meta-llama/Llama-3.1-8B,520,4,3000000000,5490571572,2490571572,1490681568,2456728833,11280913,"[11280401, 11280913, 11281425]"
63,63,meta-llama/Llama-3.1-8B,512,4,0,341268502,341268502,1,116550198,74906101,"[159065888, 53784146, 11868270]"
63,207,meta-llama/Llama-3.1-8B,512,4,0,341268502,341268502,1,116550198,74906101,"[159065888, 53784146, 11868270]"
63,351,meta-llama/Llama-3.1-8B,512,4,0,341268502,341268502,1,116550198,74906101,"[159065888, 53784146, 11868270]"
63,495,meta-llama/Llama-3.1-8B,512,4,0,341268502,341268502,1,116550198,74906101,"[159065888, 53784146, 11868270]"
63,639,meta-llama/Llama-3.1-8B,512,4,0,457821865,457821865,116550198,275616086,60735259,"[53784146, 11868270, 116553363]"
63,783,meta-llama/Llama-3.1-8B,512,4,0,457821865,457821865,116550198,275616086,60735259,"[53784146, 11868270, 116553363]"
63,927,meta-llama/Llama-3.1-8B,512,4,0,457821865,457821865,116550198,275616086,60735259,"[53784146, 11868270, 116553363]"
63,1071,meta-llama/Llama-3.1-8B,512,4,0,592919587,592919587,275616086,329400232,87839785,"[11868270, 116553363, 135097722]"
63,1215,meta-llama/Llama-3.1-8B,512,4,0,680957703,680957703,341268502,457821865,74378612,"[135097722, 65277689, 22760427]"
63,1359,meta-llama/Llama-3.1-8B,512,4,0,680957703,680957703,341268502,457821865,74378612,"[135097722, 65277689, 22760427]"
63,1503,meta-llama/Llama-3.1-8B,512,4,0,680957703,680957703,341268502,457821865,74378612,"[135097722, 65277689, 22760427]"
63,1647,meta-llama/Llama-3.1-8B,512,4,0,771208253,771208253,457821865,592919587,59429555,"[65277689, 22760427, 90250550]"
63,1791,meta-llama/Llama-3.1-8B,512,4,0,771208253,771208253,457821865,592919587,59429555,"[65277689, 22760427, 90250550]"
63,1935,meta-llama/Llama-3.1-8B,512,4,0,771208253,771208253,457821865,592919587,59429555,"[65277689, 22760427, 90250550]"
63,2079,meta-llama/Llama-3.1-8B,512,4,0,771208253,771208253,457821865,592919587,59429555,"[65277689, 22760427, 90250550]"
63,2223,meta-llama/Llama-3.1-8B,512,4,0,829658687,829658687,592919587,658197276,57153803,"[22760427, 90250550, 58450434]"
63,2367,meta-llama/Llama-3.1-8B,512,4,0,853405755,853405755,680957703,771208253,27399167,"[58450434, 12470251, 11276817]"
63,2511,meta-llama/Llama-3.1-8B,512,4,0,853405755,853405755,680957703,771208253,27399167,"[58450434, 12470251, 11276817]"
63,2655,meta-llama/Llama-3.1-8B,512,4,0,853405755,853405755,680957703,771208253,27399167,"[58450434, 12470251, 11276817]"
63,2799,meta-llama/Llama-3.1-8B,512,4,0,864690828,864690828,771208253,829658687,11677380,"[12470251, 11276817, 11285073]"
63,2943,meta-llama/Llama-3.1-8B,520,4,3000000000,3495164474,495164474,252018,460619552,11514974,"[11513918, 11514974, 11516030]"
63,3087,meta-llama/Llama-3.1-8B,520,4,3000000000,3495164474,495164474,252018,460619552,11514974,"[11513918, 11514974, 11516030]"
63,3231,meta-llama/Llama-3.1-8B,520,4,3000000000,3495164474,495164474,252018,460619552,11514974,"[11513918, 11514974, 11516030]"
63,3375,meta-llama/Llama-3.1-8B,520,4,3000000000,3495164474,495164474,252018,460619552,11514974,"[11513918, 11514974, 11516030]"
63,3519,meta-llama/Llama-3.1-8B,520,4,3000000000,3495164474,495164474,252018,460619552,11514974,"[11513918, 11514974, 11516030]"
63,3663,meta-llama/Llama-3.1-8B,520,4,3000000000,3495164474,495164474,252018,460619552,11514974,"[11513918, 11514974, 11516030]"
63,3807,meta-llama/Llama-3.1-8B,520,4,3000000000,3495164474,495164474,252018,460619552,11514974,"[11513918, 11514974, 11516030]"
63,3951,meta-llama/Llama-3.1-8B,520,4,3000000000,3495164474,495164474,252018,460619552,11514974,"[11513918, 11514974, 11516030]"
63,4095,meta-llama/Llama-3.1-8B,520,4,3000000000,4497643226,1497643226,495164474,1463098304,11514974,"[11513918, 11514974, 11516030]"
63,4239,meta-llama/Llama-3.1-8B,520,4,3000000000,4497643226,1497643226,495164474,1463098304,11514974,"[11513918, 11514974, 11516030]"
63,4383,meta-llama/Llama-3.1-8B,520,4,3000000000,4497643226,1497643226,495164474,1463098304,11514974,"[11513918, 11514974, 11516030]"
63,4527,meta-llama/Llama-3.1-8B,520,4,3000000000,4497643226,1497643226,495164474,1463098304,11514974,"[11513918, 11514974, 11516030]"
63,4671,meta-llama/Llama-3.1-8B,520,4,3000000000,4497643226,1497643226,495164474,1463098304,11514974,"[11513918, 11514974, 11516030]"
63,4815,meta-llama/Llama-3.1-8B,520,4,3000000000,4497643226,1497643226,495164474,1463098304,11514974,"[11513918, 11514974, 11516030]"
63,4959,meta-llama/Llama-3.1-8B,520,4,3000000000,4497643226,1497643226,495164474,1463098304,11514974,"[11513918, 11514974, 11516030]"
63,5103,meta-llama/Llama-3.1-8B,520,4,3000000000,4497643226,1497643226,495164474,1463098304,11514974,"[11513918, 11514974, 11516030]"
63,5247,meta-llama/Llama-3.1-8B,520,4,3000000000,5497533230,2497533230,1497643226,2463690491,11280913,"[11280401, 11280913, 11281425]"
63,5391,meta-llama/Llama-3.1-8B,520,4,3000000000,5497533230,2497533230,1497643226,2463690491,11280913,"[11280401, 11280913, 11281425]"
63,5535,meta-llama/Llama-3.1-8B,520,4,3000000000,5497533230,2497533230,1497643226,2463690491,11280913,"[11280401, 11280913, 11281425]"
63,5679,meta-llama/Llama-3.1-8B,520,4,3000000000,5497533230,2497533230,1497643226,2463690491,11280913,"[11280401, 11280913, 11281425]"
64,64,meta-llama/Llama-3.1-8B,512,4,0,341270674,341270674,1,117075654,74731673,"[159065888, 53261631, 11867501]"
64,208,meta-llama/Llama-3.1-8B,512,4,0,341270674,341270674,1,117075654,74731673,"[159065888, 53261631, 11867501]"
64,352,meta-llama/Llama-3.1-8B,512,4,0,341270674,341270674,1,117075654,74731673,"[159065888, 53261631, 11867501]"
64,496,meta-llama/Llama-3.1-8B,512,4,0,341270674,341270674,1,117075654,74731673,"[159065888, 53261631, 11867501]"
64,640,meta-llama/Llama-3.1-8B,512,4,0,458347321,458347321,117075654,276141542,60735259,"[53261631, 11867501, 117076647]"
64,784,meta-llama/Llama-3.1-8B,512,4,0,458347321,458347321,117075654,276141542,60735259,"[53261631, 11867501, 117076647]"
64,928,meta-llama/Llama-3.1-8B,512,4,0,458347321,458347321,117075654,276141542,60735259,"[53261631, 11867501, 117076647]"
64,1072,meta-llama/Llama-3.1-8B,512,4,0,593315761,593315761,276141542,329403173,87970862,"[11867501, 117076647, 134968440]"
64,1216,meta-llama/Llama-3.1-8B,512,4,0,680959875,680959875,341270674,458347321,74204184,"[134968440, 65014764, 22629350]"
64,1360,meta-llama/Llama-3.1-8B,512,4,0,680959875,680959875,341270674,458347321,74204184,"[134968440, 65014764, 22629350]"
64,1504,meta-llama/Llama-3.1-8B,512,4,0,680959875,680959875,341270674,458347321,74204184,"[134968440, 65014764, 22629350]"
64,1648,meta-llama/Llama-3.1-8B,512,4,0,771631694,771631694,458347321,593315761,59438644,"[65014764, 22629350, 90671819]"
64,1792,meta-llama/Llama-3.1-8B,512,4,0,771631694,771631694,458347321,593315761,59438644,"[65014764, 22629350, 90671819]"
64,1936,meta-llama/Llama-3.1-8B,512,4,0,771631694,771631694,458347321,593315761,59438644,"[65014764, 22629350, 90671819]"
64,2080,meta-llama/Llama-3.1-8B,512,4,0,771631694,771631694,458347321,593315761,59438644,"[65014764, 22629350, 90671819]"
64,2224,meta-llama/Llama-3.1-8B,512,4,0,829791167,829791167,593315761,658330525,57153547,"[22629350, 90671819, 58159473]"
64,2368,meta-llama/Llama-3.1-8B,512,4,0,853538355,853538355,680959875,771631694,27302220,"[58159473, 12470371, 11276817]"
64,2512,meta-llama/Llama-3.1-8B,512,4,0,853538355,853538355,680959875,771631694,27302220,"[58159473, 12470371, 11276817]"
64,2656,meta-llama/Llama-3.1-8B,512,4,0,853538355,853538355,680959875,771631694,27302220,"[58159473, 12470371, 11276817]"
64,2800,meta-llama/Llama-3.1-8B,512,4,0,864823428,864823428,771631694,829791167,11677420,"[12470371, 11276817, 11285073]"
64,2944,meta-llama/Llama-3.1-8B,520,4,3000000000,3502126132,502126132,252018,467581210,11514974,"[11513918, 11514974, 11516030]"
64,3088,meta-llama/Llama-3.1-8B,520,4,3000000000,3502126132,502126132,252018,467581210,11514974,"[11513918, 11514974, 11516030]"
64,3232,meta-llama/Llama-3.1-8B,520,4,3000000000,3502126132,502126132,252018,467581210,11514974,"[11513918, 11514974, 11516030]"
64,3376,meta-llama/Llama-3.1-8B,520,4,3000000000,3502126132,502126132,252018,467581210,11514974,"[11513918, 11514974, 11516030]"
64,3520,meta-llama/Llama-3.1-8B,520,4,3000000000,3502126132,502126132,252018,467581210,11514974,"[11513918, 11514974, 11516030]"
64,3664,meta-llama/Llama-3.1-8B,520,4,3000000000,3502126132,502126132,252018,467581210,11514974,"[11513918, 11514974, 11516030]"
64,3808,meta-llama/Llama-3.1-8B,520,4,3000000000,3502126132,502126132,252018,467581210,11514974,"[11513918, 11514974, 11516030]"
64,3952,meta-llama/Llama-3.1-8B,520,4,3000000000,3502126132,502126132,252018,467581210,11514974,"[11513918, 11514974, 11516030]"
64,4096,meta-llama/Llama-3.1-8B,520,4,3000000000,4504604884,1504604884,502126132,1470059962,11514974,"[11513918, 11514974, 11516030]"
64,4240,meta-llama/Llama-3.1-8B,520,4,3000000000,4504604884,1504604884,502126132,1470059962,11514974,"[11513918, 11514974, 11516030]"
64,4384,meta-llama/Llama-3.1-8B,520,4,3000000000,4504604884,1504604884,502126132,1470059962,11514974,"[11513918, 11514974, 11516030]"
64,4528,meta-llama/Llama-3.1-8B,520,4,3000000000,4504604884,1504604884,502126132,1470059962,11514974,"[11513918, 11514974, 11516030]"
64,4672,meta-llama/Llama-3.1-8B,520,4,3000000000,4504604884,1504604884,502126132,1470059962,11514974,"[11513918, 11514974, 11516030]"
64,4816,meta-llama/Llama-3.1-8B,520,4,3000000000,4504604884,1504604884,502126132,1470059962,11514974,"[11513918, 11514974, 11516030]"
64,4960,meta-llama/Llama-3.1-8B,520,4,3000000000,4504604884,1504604884,502126132,1470059962,11514974,"[11513918, 11514974, 11516030]"
64,5104,meta-llama/Llama-3.1-8B,520,4,3000000000,4504604884,1504604884,502126132,1470059962,11514974,"[11513918, 11514974, 11516030]"
64,5248,meta-llama/Llama-3.1-8B,520,4,3000000000,5504494888,2504494888,1504604884,2470652149,11280913,"[11280401, 11280913, 11281425]"
64,5392,meta-llama/Llama-3.1-8B,520,4,3000000000,5504494888,2504494888,1504604884,2470652149,11280913,"[11280401, 11280913, 11281425]"
64,5536,meta-llama/Llama-3.1-8B,520,4,3000000000,5504494888,2504494888,1504604884,2470652149,11280913,"[11280401, 11280913, 11281425]"
64,5680,meta-llama/Llama-3.1-8B,520,4,3000000000,5504494888,2504494888,1504604884,2470652149,11280913,"[11280401, 11280913, 11281425]"
65,65,meta-llama/Llama-3.1-8B,512,4,0,341272846,341272846,1,117601110,74557245,"[159065888, 52739116, 11866732]"
65,209,meta-llama/Llama-3.1-8B,512,4,0,341272846,341272846,1,117601110,74557245,"[159065888, 52739116, 11866732]"
65,353,meta-llama/Llama-3.1-8B,512,4,0,341272846,341272846,1,117601110,74557245,"[159065888, 52739116, 11866732]"
65,497,meta-llama/Llama-3.1-8B,512,4,0,341272846,341272846,1,117601110,74557245,"[159065888, 52739116, 11866732]"
65,641,meta-llama/Llama-3.1-8B,512,4,0,458872777,458872777,117601110,276666998,60735259,"[52739116, 11866732, 117599931]"
65,785,meta-llama/Llama-3.1-8B,512,4,0,458872777,458872777,117601110,276666998,60735259,"[52739116, 11866732, 117599931]"
65,929,meta-llama/Llama-3.1-8B,512,4,0,458872777,458872777,117601110,276666998,60735259,"[52739116, 11866732, 117599931]"
65,1073,meta-llama/Llama-3.1-8B,512,4,0,593711935,593711935,276666998,329406114,88101940,"[11866732, 117599931, 134839158]"
65,1217,meta-llama/Llama-3.1-8B,512,4,0,680962047,680962047,341272846,458872777,74029756,"[134839158, 64751839, 22498273]"
65,1361,meta-llama/Llama-3.1-8B,512,4,0,680962047,680962047,341272846,458872777,74029756,"[134839158, 64751839, 22498273]"
65,1505,meta-llama/Llama-3.1-8B,512,4,0,680962047,680962047,341272846,458872777,74029756,"[134839158, 64751839, 22498273]"
65,1649,meta-llama/Llama-3.1-8B,512,4,0,772027098,772027098,458872777,593711935,59438387,"[64751839, 22498273, 91065051]"
65,1793,meta-llama/Llama-3.1-8B,512,4,0,772027098,772027098,458872777,593711935,59438387,"[64751839, 22498273, 91065051]"
65,1937,meta-llama/Llama-3.1-8B,512,4,0,772027098,772027098,458872777,593711935,59438387,"[64751839, 22498273, 91065051]"
65,2081,meta-llama/Llama-3.1-8B,512,4,0,772027098,772027098,458872777,593711935,59438387,"[64751839, 22498273, 91065051]"
65,2225,meta-llama/Llama-3.1-8B,512,4,0,829923647,829923647,593711935,658463774,57153291,"[22498273, 91065051, 57896549]"
65,2369,meta-llama/Llama-3.1-8B,512,4,0,853937061,853937061,680962047,772027098,27303321,"[57896549, 12735451, 11277963]"
65,2513,meta-llama/Llama-3.1-8B,512,4,0,853937061,853937061,680962047,772027098,27303321,"[57896549, 12735451, 11277963]"
65,2657,meta-llama/Llama-3.1-8B,512,4,0,853937061,853937061,680962047,772027098,27303321,"[57896549, 12735451, 11277963]"
65,2801,meta-llama/Llama-3.1-8B,512,4,0,865223280,865223280,772027098,829923647,11766544,"[12735451, 11277963, 11286219]"
65,2945,meta-llama/Llama-3.1-8B,520,4,3000000000,3509087790,509087790,252018,474542868,11514974,"[11513918, 11514974, 11516030]"
65,3089,meta-llama/Llama-3.1-8B,520,4,3000000000,3509087790,509087790,252018,474542868,11514974,"[11513918, 11514974, 11516030]"
65,3233,meta-llama/Llama-3.1-8B,520,4,3000000000,3509087790,509087790,252018,474542868,11514974,"[11513918, 11514974, 11516030]"
65,3377,meta-llama/Llama-3.1-8B,520,4,3000000000,3509087790,509087790,252018,474542868,11514974,"[11513918, 11514974, 11516030]"
65,3521,meta-llama/Llama-3.1-8B,520,4,3000000000,3509087790,509087790,252018,474542868,11514974,"[11513918, 11514974, 11516030]"
65,3665,meta-llama/Llama-3.1-8B,520,4,3000000000,3509087790,509087790,252018,474542868,11514974,"[11513918, 11514974, 11516030]"
65,3809,meta-llama/Llama-3.1-8B,520,4,3000000000,3509087790,509087790,252018,474542868,11514974,"[11513918, 11514974, 11516030]"
65,3953,meta-llama/Llama-3.1-8B,520,4,3000000000,3509087790,509087790,252018,474542868,11514974,"[11513918, 11514974, 11516030]"
65,4097,meta-llama/Llama-3.1-8B,520,4,3000000000,4511566542,1511566542,509087790,1477021620,11514974,"[11513918, 11514974, 11516030]"
65,4241,meta-llama/Llama-3.1-8B,520,4,3000000000,4511566542,1511566542,509087790,1477021620,11514974,"[11513918, 11514974, 11516030]"
65,4385,meta-llama/Llama-3.1-8B,520,4,3000000000,4511566542,1511566542,509087790,1477021620,11514974,"[11513918, 11514974, 11516030]"
65,4529,meta-llama/Llama-3.1-8B,520,4,3000000000,4511566542,1511566542,509087790,1477021620,11514974,"[11513918, 11514974, 11516030]"
65,4673,meta-llama/Llama-3.1-8B,520,4,3000000000,4511566542,1511566542,509087790,1477021620,11514974,"[11513918, 11514974, 11516030]"
65,4817,meta-llama/Llama-3.1-8B,520,4,3000000000,4511566542,1511566542,509087790,1477021620,11514974,"[11513918, 11514974, 11516030]"
65,4961,meta-llama/Llama-3.1-8B,520,4,3000000000,4511566542,1511566542,509087790,1477021620,11514974,"[11513918, 11514974, 11516030]"
65,5105,meta-llama/Llama-3.1-8B,520,4,3000000000,4511566542,1511566542,509087790,1477021620,11514974,"[11513918, 11514974, 11516030]"
65,5249,meta-llama/Llama-3.1-8B,520,4,3000000000,5511456546,2511456546,1511566542,2477613807,11280913,"[11280401, 11280913, 11281425]"
65,5393,meta-llama/Llama-3.1-8B,520,4,3000000000,5511456546,2511456546,1511566542,2477613807,11280913,"[11280401, 11280913, 11281425]"
65,5537,meta-llama/Llama-3.1-8B,520,4,3000000000,5511456546,2511456546,1511566542,2477613807,11280913,"[11280401, 11280913, 11281425]"
65,5681,meta-llama/Llama-3.1-8B,520,4,3000000000,5511456546,2511456546,1511566542,2477613807,11280913,"[11280401, 11280913, 11281425]"
66,66,meta-llama/Llama-3.1-8B,512,4,0,341275018,341275018,1,118126566,74382817,"[159065888, 52216601, 11865963]"
66,210,meta-llama/Llama-3.1-8B,512,4,0,341275018,341275018,1,118126566,74382817,"[159065888, 52216601, 11865963]"
66,354,meta-llama/Llama-3.1-8B,512,4,0,341275018,341275018,1,118126566,74382817,"[159065888, 52216601, 11865963]"
66,498,meta-llama/Llama-3.1-8B,512,4,0,341275018,341275018,1,118126566,74382817,"[159065888, 52216601, 11865963]"
66,642,meta-llama/Llama-3.1-8B,512,4,0,459398233,459398233,118126566,277192454,60735259,"[52216601, 11865963, 118123215]"
66,786,meta-llama/Llama-3.1-8B,512,4,0,459398233,459398233,118126566,277192454,60735259,"[52216601, 11865963, 118123215]"
66,930,meta-llama/Llama-3.1-8B,512,4,0,459398233,459398233,118126566,277192454,60735259,"[52216601, 11865963, 118123215]"
66,1074,meta-llama/Llama-3.1-8B,512,4,0,594108109,594108109,277192454,329409055,88233018,"[11865963, 118123215, 134709876]"
66,1218,meta-llama/Llama-3.1-8B,512,4,0,680964219,680964219,341275018,459398233,73855328,"[134709876, 64488914, 22367196]"
66,1362,meta-llama/Llama-3.1-8B,512,4,0,680964219,680964219,341275018,459398233,73855328,"[134709876, 64488914, 22367196]"
66,1506,meta-llama/Llama-3.1-8B,512,4,0,680964219,680964219,341275018,459398233,73855328,"[134709876, 64488914, 22367196]"
66,1650,meta-llama/Llama-3.1-8B,512,4,0,772450539,772450539,459398233,594108109,59447476,"[64488914, 22367196, 91486320]"
66,1794,meta-llama/Llama-3.1-8B,512,4,0,772450539,772450539,459398233,594108109,59447476,"[64488914, 22367196, 91486320]"
66,1938,meta-llama/Llama-3.1-8B,512,4,0,772450539,772450539,459398233,594108109,59447476,"[64488914, 22367196, 91486320]"
66,2082,meta-llama/Llama-3.1-8B,512,4,0,772450539,772450539,459398233,594108109,59447476,"[64488914, 22367196, 91486320]"
66,2226,meta-llama/Llama-3.1-8B,512,4,0,830056127,830056127,594108109,658597023,57153034,"[22367196, 91486320, 57605588]"
66,2370,meta-llama/Llama-3.1-8B,512,4,0,853938207,853938207,680964219,772450539,27162556,"[57605588, 12604117, 11277963]"
66,2514,meta-llama/Llama-3.1-8B,512,4,0,853938207,853938207,680964219,772450539,27162556,"[57605588, 12604117, 11277963]"
66,2658,meta-llama/Llama-3.1-8B,512,4,0,853938207,853938207,680964219,772450539,27162556,"[57605588, 12604117, 11277963]"
66,2802,meta-llama/Llama-3.1-8B,512,4,0,865223656,865223656,772450539,830056127,11722509,"[12604117, 11277963, 11285449]"
66,2946,meta-llama/Llama-3.1-8B,520,4,3000000000,3516049448,516049448,252018,481504526,11514974,"[11513918, 11514974, 11516030]"
66,3090,meta-llama/Llama-3.1-8B,520,4,3000000000,3516049448,516049448,252018,481504526,11514974,"[11513918, 11514974, 11516030]"
66,3234,meta-llama/Llama-3.1-8B,520,4,3000000000,3516049448,516049448,252018,481504526,11514974,"[11513918, 11514974, 11516030]"
66,3378,meta-llama/Llama-3.1-8B,520,4,3000000000,3516049448,516049448,252018,481504526,11514974,"[11513918, 11514974, 11516030]"
66,3522,meta-llama/Llama-3.1-8B,520,4,3000000000,3516049448,516049448,252018,481504526,11514974,"[11513918, 11514974, 11516030]"
66,3666,meta-llama/Llama-3.1-8B,520,4,3000000000,3516049448,516049448,252018,481504526,11514974,"[11513918, 11514974, 11516030]"
66,3810,meta-llama/Llama-3.1-8B,520,4,3000000000,3516049448,516049448,252018,481504526,11514974,"[11513918, 11514974, 11516030]"
66,3954,meta-llama/Llama-3.1-8B,520,4,3000000000,3516049448,516049448,252018,481504526,11514974,"[11513918, 11514974, 11516030]"
66,4098,meta-llama/Llama-3.1-8B,520,4,3000000000,4518528200,1518528200,516049448,1483983278,11514974,"[11513918, 11514974, 11516030]"
66,4242,meta-llama/Llama-3.1-8B,520,4,3000000000,4518528200,1518528200,516049448,1483983278,11514974,"[11513918, 11514974, 11516030]"
66,4386,meta-llama/Llama-3.1-8B,520,4,3000000000,4518528200,1518528200,516049448,1483983278,11514974,"[11513918, 11514974, 11516030]"
66,4530,meta-llama/Llama-3.1-8B,520,4,3000000000,4518528200,1518528200,516049448,1483983278,11514974,"[11513918, 11514974, 11516030]"
66,4674,meta-llama/Llama-3.1-8B,520,4,3000000000,4518528200,1518528200,516049448,1483983278,11514974,"[11513918, 11514974, 11516030]"
66,4818,meta-llama/Llama-3.1-8B,520,4,3000000000,4518528200,1518528200,516049448,1483983278,11514974,"[11513918, 11514974, 11516030]"
66,4962,meta-llama/Llama-3.1-8B,520,4,3000000000,4518528200,1518528200,516049448,1483983278,11514974,"[11513918, 11514974, 11516030]"
66,5106,meta-llama/Llama-3.1-8B,520,4,3000000000,4518528200,1518528200,516049448,1483983278,11514974,"[11513918, 11514974, 11516030]"
66,5250,meta-llama/Llama-3.1-8B,520,4,3000000000,5518418204,2518418204,1518528200,2484575465,11280913,"[11280401, 11280913, 11281425]"
66,5394,meta-llama/Llama-3.1-8B,520,4,3000000000,5518418204,2518418204,1518528200,2484575465,11280913,"[11280401, 11280913, 11281425]"
66,5538,meta-llama/Llama-3.1-8B,520,4,3000000000,5518418204,2518418204,1518528200,2484575465,11280913,"[11280401, 11280913, 11281425]"
66,5682,meta-llama/Llama-3.1-8B,520,4,3000000000,5518418204,2518418204,1518528200,2484575465,11280913,"[11280401, 11280913, 11281425]"
67,67,meta-llama/Llama-3.1-8B,512,4,0,341277190,341277190,1,118652022,74208389,"[159065888, 51694086, 11865194]"
67,211,meta-llama/Llama-3.1-8B,512,4,0,341277190,341277190,1,118652022,74208389,"[159065888, 51694086, 11865194]"
67,355,meta-llama/Llama-3.1-8B,512,4,0,341277190,341277190,1,118652022,74208389,"[159065888, 51694086, 11865194]"
67,499,meta-llama/Llama-3.1-8B,512,4,0,341277190,341277190,1,118652022,74208389,"[159065888, 51694086, 11865194]"
67,643,meta-llama/Llama-3.1-8B,512,4,0,459923689,459923689,118652022,277717910,60735259,"[51694086, 11865194, 118646499]"
67,787,meta-llama/Llama-3.1-8B,512,4,0,459923689,459923689,118652022,277717910,60735259,"[51694086, 11865194, 118646499]"
67,931,meta-llama/Llama-3.1-8B,512,4,0,459923689,459923689,118652022,277717910,60735259,"[51694086, 11865194, 118646499]"
67,1075,meta-llama/Llama-3.1-8B,512,4,0,594504283,594504283,277717910,329411996,88364095,"[11865194, 118646499, 134580594]"
67,1219,meta-llama/Llama-3.1-8B,512,4,0,680966391,680966391,341277190,459923689,73680900,"[134580594, 64225989, 22236119]"
67,1363,meta-llama/Llama-3.1-8B,512,4,0,680966391,680966391,341277190,459923689,73680900,"[134580594, 64225989, 22236119]"
67,1507,meta-llama/Llama-3.1-8B,512,4,0,680966391,680966391,341277190,459923689,73680900,"[134580594, 64225989, 22236119]"
67,1651,meta-llama/Llama-3.1-8B,512,4,0,772845943,772845943,459923689,594504283,59447220,"[64225989, 22236119, 91879552]"
67,1795,meta-llama/Llama-3.1-8B,512,4,0,772845943,772845943,459923689,594504283,59447220,"[64225989, 22236119, 91879552]"
67,1939,meta-llama/Llama-3.1-8B,512,4,0,772845943,772845943,459923689,594504283,59447220,"[64225989, 22236119, 91879552]"
67,2083,meta-llama/Llama-3.1-8B,512,4,0,772845943,772845943,459923689,594504283,59447220,"[64225989, 22236119, 91879552]"
67,2227,meta-llama/Llama-3.1-8B,512,4,0,830188607,830188607,594504283,658730272,57152778,"[22236119, 91879552, 57342664]"
67,2371,meta-llama/Llama-3.1-8B,512,4,0,854201115,854201115,680966391,772845943,27118390,"[57342664, 12735691, 11276817]"
67,2515,meta-llama/Llama-3.1-8B,512,4,0,854201115,854201115,680966391,772845943,27118390,"[57342664, 12735691, 11276817]"
67,2659,meta-llama/Llama-3.1-8B,512,4,0,854201115,854201115,680966391,772845943,27118390,"[57342664, 12735691, 11276817]"
67,2803,meta-llama/Llama-3.1-8B,512,4,0,865486188,865486188,772845943,830188607,11765860,"[12735691, 11276817, 11285073]"
67,2947,meta-llama/Llama-3.1-8B,520,4,3000000000,3523011106,523011106,252018,488466184,11514974,"[11513918, 11514974, 11516030]"
67,3091,meta-llama/Llama-3.1-8B,520,4,3000000000,3523011106,523011106,252018,488466184,11514974,"[11513918, 11514974, 11516030]"
67,3235,meta-llama/Llama-3.1-8B,520,4,3000000000,3523011106,523011106,252018,488466184,11514974,"[11513918, 11514974, 11516030]"
67,3379,meta-llama/Llama-3.1-8B,520,4,3000000000,3523011106,523011106,252018,488466184,11514974,"[11513918, 11514974, 11516030]"
67,3523,meta-llama/Llama-3.1-8B,520,4,3000000000,3523011106,523011106,252018,488466184,11514974,"[11513918, 11514974, 11516030]"
67,3667,meta-llama/Llama-3.1-8B,520,4,3000000000,3523011106,523011106,252018,488466184,11514974,"[11513918, 11514974, 11516030]"
67,3811,meta-llama/Llama-3.1-8B,520,4,3000000000,3523011106,523011106,252018,488466184,11514974,"[11513918, 11514974, 11516030]"
67,3955,meta-llama/Llama-3.1-8B,520,4,3000000000,3523011106,523011106,252018,488466184,11514974,"[11513918, 11514974, 11516030]"
67,4099,meta-llama/Llama-3.1-8B,520,4,3000000000,4525489858,1525489858,523011106,1490944936,11514974,"[11513918, 11514974, 11516030]"
67,4243,meta-llama/Llama-3.1-8B,520,4,3000000000,4525489858,1525489858,523011106,1490944936,11514974,"[11513918, 11514974, 11516030]"
67,4387,meta-llama/Llama-3.1-8B,520,4,3000000000,4525489858,1525489858,523011106,1490944936,11514974,"[11513918, 11514974, 11516030]"
67,4531,meta-llama/Llama-3.1-8B,520,4,3000000000,4525489858,1525489858,523011106,1490944936,11514974,"[11513918, 11514974, 11516030]"
67,4675,meta-llama/Llama-3.1-8B,520,4,3000000000,4525489858,1525489858,523011106,1490944936,11514974,"[11513918, 11514974, 11516030]"
67,4819,meta-llama/Llama-3.1-8B,520,4,3000000000,4525489858,1525489858,523011106,1490944936,11514974,"[11513918, 11514974, 11516030]"
67,4963,meta-llama/Llama-3.1-8B,520,4,3000000000,4525489858,1525489858,523011106,1490944936,11514974,"[11513918, 11514974, 11516030]"
67,5107,meta-llama/Llama-3.1-8B,520,4,3000000000,4525489858,1525489858,523011106,1490944936,11514974,"[11513918, 11514974, 11516030]"
67,5251,meta-llama/Llama-3.1-8B,520,4,3000000000,5525379862,2525379862,1525489858,2491537123,11280913,"[11280401, 11280913, 11281425]"
67,5395,meta-llama/Llama-3.1-8B,520,4,3000000000,5525379862,2525379862,1525489858,2491537123,11280913,"[11280401, 11280913, 11281425]"
67,5539,meta-llama/Llama-3.1-8B,520,4,3000000000,5525379862,2525379862,1525489858,2491537123,11280913,"[11280401, 11280913, 11281425]"
67,5683,meta-llama/Llama-3.1-8B,520,4,3000000000,5525379862,2525379862,1525489858,2491537123,11280913,"[11280401, 11280913, 11281425]"
68,68,meta-llama/Llama-3.1-8B,512,4,0,341279362,341279362,1,119177478,74033961,"[159065888, 51171571, 11864425]"
68,212,meta-llama/Llama-3.1-8B,512,4,0,341279362,341279362,1,119177478,74033961,"[159065888, 51171571, 11864425]"
68,356,meta-llama/Llama-3.1-8B,512,4,0,341279362,341279362,1,119177478,74033961,"[159065888, 51171571, 11864425]"
68,500,meta-llama/Llama-3.1-8B,512,4,0,341279362,341279362,1,119177478,74033961,"[159065888, 51171571, 11864425]"
68,644,meta-llama/Llama-3.1-8B,512,4,0,460449145,460449145,119177478,278243366,60735259,"[51171571, 11864425, 119169783]"
68,788,meta-llama/Llama-3.1-8B,512,4,0,460449145,460449145,119177478,278243366,60735259,"[51171571, 11864425, 119169783]"
68,932,meta-llama/Llama-3.1-8B,512,4,0,460449145,460449145,119177478,278243366,60735259,"[51171571, 11864425, 119169783]"
68,1076,meta-llama/Llama-3.1-8B,512,4,0,594900457,594900457,278243366,329414937,88495173,"[11864425, 119169783, 134451312]"
68,1220,meta-llama/Llama-3.1-8B,512,4,0,680968563,680968563,341279362,460449145,73506472,"[134451312, 63963064, 22105042]"
68,1364,meta-llama/Llama-3.1-8B,512,4,0,680968563,680968563,341279362,460449145,73506472,"[134451312, 63963064, 22105042]"
68,1508,meta-llama/Llama-3.1-8B,512,4,0,680968563,680968563,341279362,460449145,73506472,"[134451312, 63963064, 22105042]"
68,1652,meta-llama/Llama-3.1-8B,512,4,0,773241347,773241347,460449145,594900457,59446963,"[63963064, 22105042, 92272784]"
68,1796,meta-llama/Llama-3.1-8B,512,4,0,773241347,773241347,460449145,594900457,59446963,"[63963064, 22105042, 92272784]"
68,1940,meta-llama/Llama-3.1-8B,512,4,0,773241347,773241347,460449145,594900457,59446963,"[63963064, 22105042, 92272784]"
68,2084,meta-llama/Llama-3.1-8B,512,4,0,773241347,773241347,460449145,594900457,59446963,"[63963064, 22105042, 92272784]"
68,2228,meta-llama/Llama-3.1-8B,512,4,0,830321327,830321327,594900457,658863521,57152602,"[22105042, 92272784, 57079980]"
68,2372,meta-llama/Llama-3.1-8B,512,4,0,854600967,854600967,680968563,773241347,27119873,"[57079980, 13000531, 11279109]"
68,2516,meta-llama/Llama-3.1-8B,512,4,0,854600967,854600967,680968563,773241347,27119873,"[57079980, 13000531, 11279109]"
68,2660,meta-llama/Llama-3.1-8B,512,4,0,854600967,854600967,680968563,773241347,27119873,"[57079980, 13000531, 11279109]"
68,2804,meta-llama/Llama-3.1-8B,512,4,0,865887186,865887186,773241347,830321327,11855286,"[13000531, 11279109, 11286219]"
68,2948,meta-llama/Llama-3.1-8B,520,4,3000000000,3529972764,529972764,252018,495427842,11514974,"[11513918, 11514974, 11516030]"
68,3092,meta-llama/Llama-3.1-8B,520,4,3000000000,3529972764,529972764,252018,495427842,11514974,"[11513918, 11514974, 11516030]"
68,3236,meta-llama/Llama-3.1-8B,520,4,3000000000,3529972764,529972764,252018,495427842,11514974,"[11513918, 11514974, 11516030]"
68,3380,meta-llama/Llama-3.1-8B,520,4,3000000000,3529972764,529972764,252018,495427842,11514974,"[11513918, 11514974, 11516030]"
68,3524,meta-llama/Llama-3.1-8B,520,4,3000000000,3529972764,529972764,252018,495427842,11514974,"[11513918, 11514974, 11516030]"
68,3668,meta-llama/Llama-3.1-8B,520,4,3000000000,3529972764,529972764,252018,495427842,11514974,"[11513918, 11514974, 11516030]"
68,3812,meta-llama/Llama-3.1-8B,520,4,3000000000,3529972764,529972764,252018,495427842,11514974,"[11513918, 11514974, 11516030]"
68,3956,meta-llama/Llama-3.1-8B,520,4,3000000000,3529972764,529972764,252018,495427842,11514974,"[11513918, 11514974, 11516030]"
68,4100,meta-llama/Llama-3.1-8B,520,4,3000000000,4532451516,1532451516,529972764,1497906594,11514974,"[11513918, 11514974, 11516030]"
68,4244,meta-llama/Llama-3.1-8B,520,4,3000000000,4532451516,1532451516,529972764,1497906594,11514974,"[11513918, 11514974, 11516030]"
68,4388,meta-llama/Llama-3.1-8B,520,4,3000000000,4532451516,1532451516,529972764,1497906594,11514974,"[11513918, 11514974, 11516030]"
68,4532,meta-llama/Llama-3.1-8B,520,4,3000000000,4532451516,1532451516,529972764,1497906594,11514974,"[11513918, 11514974, 11516030]"
68,4676,meta-llama/Llama-3.1-8B,520,4,3000000000,4532451516,1532451516,529972764,1497906594,11514974,"[11513918, 11514974, 11516030]"
68,4820,meta-llama/Llama-3.1-8B,520,4,3000000000,4532451516,1532451516,529972764,1497906594,11514974,"[11513918, 11514974, 11516030]"
68,4964,meta-llama/Llama-3.1-8B,520,4,3000000000,4532451516,1532451516,529972764,1497906594,11514974,"[11513918, 11514974, 11516030]"
68,5108,meta-llama/Llama-3.1-8B,520,4,3000000000,4532451516,1532451516,529972764,1497906594,11514974,"[11513918, 11514974, 11516030]"
68,5252,meta-llama/Llama-3.1-8B,520,4,3000000000,5532341520,2532341520,1532451516,2498498781,11280913,"[11280401, 11280913, 11281425]"
68,5396,meta-llama/Llama-3.1-8B,520,4,3000000000,5532341520,2532341520,1532451516,2498498781,11280913,"[11280401, 11280913, 11281425]"
68,5540,meta-llama/Llama-3.1-8B,520,4,3000000000,5532341520,2532341520,1532451516,2498498781,11280913,"[11280401, 11280913, 11281425]"
68,5684,meta-llama/Llama-3.1-8B,520,4,3000000000,5532341520,2532341520,1532451516,2498498781,11280913,"[11280401, 11280913, 11281425]"
69,69,meta-llama/Llama-3.1-8B,512,4,0,341281534,341281534,1,119702934,73859533,"[159065888, 50649056, 11863656]"
69,213,meta-llama/Llama-3.1-8B,512,4,0,341281534,341281534,1,119702934,73859533,"[159065888, 50649056, 11863656]"
69,357,meta-llama/Llama-3.1-8B,512,4,0,341281534,341281534,1,119702934,73859533,"[159065888, 50649056, 11863656]"
69,501,meta-llama/Llama-3.1-8B,512,4,0,341281534,341281534,1,119702934,73859533,"[159065888, 50649056, 11863656]"
69,645,meta-llama/Llama-3.1-8B,512,4,0,460974601,460974601,119702934,278768822,60735259,"[50649056, 11863656, 119693067]"
69,789,meta-llama/Llama-3.1-8B,512,4,0,460974601,460974601,119702934,278768822,60735259,"[50649056, 11863656, 119693067]"
69,933,meta-llama/Llama-3.1-8B,512,4,0,460974601,460974601,119702934,278768822,60735259,"[50649056, 11863656, 119693067]"
69,1077,meta-llama/Llama-3.1-8B,512,4,0,595296631,595296631,278768822,329417878,88626251,"[11863656, 119693067, 134322030]"
69,1221,meta-llama/Llama-3.1-8B,512,4,0,680970735,680970735,341281534,460974601,73332044,"[134322030, 63700139, 21973965]"
69,1365,meta-llama/Llama-3.1-8B,512,4,0,680970735,680970735,341281534,460974601,73332044,"[134322030, 63700139, 21973965]"
69,1509,meta-llama/Llama-3.1-8B,512,4,0,680970735,680970735,341281534,460974601,73332044,"[134322030, 63700139, 21973965]"
69,1653,meta-llama/Llama-3.1-8B,512,4,0,773664788,773664788,460974601,595296631,59456052,"[63700139, 21973965, 92694053]"
69,1797,meta-llama/Llama-3.1-8B,512,4,0,773664788,773664788,460974601,595296631,59456052,"[63700139, 21973965, 92694053]"
69,1941,meta-llama/Llama-3.1-8B,512,4,0,773664788,773664788,460974601,595296631,59456052,"[63700139, 21973965, 92694053]"
69,2085,meta-llama/Llama-3.1-8B,512,4,0,773664788,773664788,460974601,595296631,59456052,"[63700139, 21973965, 92694053]"
69,2229,meta-llama/Llama-3.1-8B,512,4,0,830453807,830453807,595296631,658996770,57152345,"[21973965, 92694053, 56789019]"
69,2373,meta-llama/Llama-3.1-8B,512,4,0,854602113,854602113,680970735,773664788,26979108,"[56789019, 12869197, 11279109]"
69,2517,meta-llama/Llama-3.1-8B,512,4,0,854602113,854602113,680970735,773664788,26979108,"[56789019, 12869197, 11279109]"
69,2661,meta-llama/Llama-3.1-8B,512,4,0,854602113,854602113,680970735,773664788,26979108,"[56789019, 12869197, 11279109]"
69,2805,meta-llama/Llama-3.1-8B,512,4,0,865887562,865887562,773664788,830453807,11811251,"[12869197, 11279109, 11285449]"
69,2949,meta-llama/Llama-3.1-8B,520,4,3000000000,3536934422,536934422,252018,502389500,11514974,"[11513918, 11514974, 11516030]"
69,3093,meta-llama/Llama-3.1-8B,520,4,3000000000,3536934422,536934422,252018,502389500,11514974,"[11513918, 11514974, 11516030]"
69,3237,meta-llama/Llama-3.1-8B,520,4,3000000000,3536934422,536934422,252018,502389500,11514974,"[11513918, 11514974, 11516030]"
69,3381,meta-llama/Llama-3.1-8B,520,4,3000000000,3536934422,536934422,252018,502389500,11514974,"[11513918, 11514974, 11516030]"
69,3525,meta-llama/Llama-3.1-8B,520,4,3000000000,3536934422,536934422,252018,502389500,11514974,"[11513918, 11514974, 11516030]"
69,3669,meta-llama/Llama-3.1-8B,520,4,3000000000,3536934422,536934422,252018,502389500,11514974,"[11513918, 11514974, 11516030]"
69,3813,meta-llama/Llama-3.1-8B,520,4,3000000000,3536934422,536934422,252018,502389500,11514974,"[11513918, 11514974, 11516030]"
69,3957,meta-llama/Llama-3.1-8B,520,4,3000000000,3536934422,536934422,252018,502389500,11514974,"[11513918, 11514974, 11516030]"
69,4101,meta-llama/Llama-3.1-8B,520,4,3000000000,4539413174,1539413174,536934422,1504868252,11514974,"[11513918, 11514974, 11516030]"
69,4245,meta-llama/Llama-3.1-8B,520,4,3000000000,4539413174,1539413174,536934422,1504868252,11514974,"[11513918, 11514974, 11516030]"
69,4389,meta-llama/Llama-3.1-8B,520,4,3000000000,4539413174,1539413174,536934422,1504868252,11514974,"[11513918, 11514974, 11516030]"
69,4533,meta-llama/Llama-3.1-8B,520,4,3000000000,4539413174,1539413174,536934422,1504868252,11514974,"[11513918, 11514974, 11516030]"
69,4677,meta-llama/Llama-3.1-8B,520,4,3000000000,4539413174,1539413174,536934422,1504868252,11514974,"[11513918, 11514974, 11516030]"
69,4821,meta-llama/Llama-3.1-8B,520,4,3000000000,4539413174,1539413174,536934422,1504868252,11514974,"[11513918, 11514974, 11516030]"
69,4965,meta-llama/Llama-3.1-8B,520,4,3000000000,4539413174,1539413174,536934422,1504868252,11514974,"[11513918, 11514974, 11516030]"
69,5109,meta-llama/Llama-3.1-8B,520,4,3000000000,4539413174,1539413174,536934422,1504868252,11514974,"[11513918, 11514974, 11516030]"
69,5253,meta-llama/Llama-3.1-8B,520,4,3000000000,5539303178,2539303178,1539413174,2505460439,11280913,"[11280401, 11280913, 11281425]"
69,5397,meta-llama/Llama-3.1-8B,520,4,3000000000,5539303178,2539303178,1539413174,2505460439,11280913,"[11280401, 11280913, 11281425]"
69,5541,meta-llama/Llama-3.1-8B,520,4,3000000000,5539303178,2539303178,1539413174,2505460439,11280913,"[11280401, 11280913, 11281425]"
69,5685,meta-llama/Llama-3.1-8B,520,4,3000000000,5539303178,2539303178,1539413174,2505460439,11280913,"[11280401, 11280913, 11281425]"
70,70,meta-llama/Llama-3.1-8B,512,4,0,341283706,341283706,1,120228390,73685105,"[159065888, 50126541, 11862887]"
70,214,meta-llama/Llama-3.1-8B,512,4,0,341283706,341283706,1,120228390,73685105,"[159065888, 50126541, 11862887]"
70,358,meta-llama/Llama-3.1-8B,512,4,0,341283706,341283706,1,120228390,73685105,"[159065888, 50126541, 11862887]"
70,502,meta-llama/Llama-3.1-8B,512,4,0,341283706,341283706,1,120228390,73685105,"[159065888, 50126541, 11862887]"
70,646,meta-llama/Llama-3.1-8B,512,4,0,461500057,461500057,120228390,279294278,60735259,"[50126541, 11862887, 120216351]"
70,790,meta-llama/Llama-3.1-8B,512,4,0,461500057,461500057,120228390,279294278,60735259,"[50126541, 11862887, 120216351]"
70,934,meta-llama/Llama-3.1-8B,512,4,0,461500057,461500057,120228390,279294278,60735259,"[50126541, 11862887, 120216351]"
70,1078,meta-llama/Llama-3.1-8B,512,4,0,595692805,595692805,279294278,329420819,88757328,"[11862887, 120216351, 134192748]"
70,1222,meta-llama/Llama-3.1-8B,512,4,0,680972907,680972907,341283706,461500057,73157616,"[134192748, 63437214, 21842888]"
70,1366,meta-llama/Llama-3.1-8B,512,4,0,680972907,680972907,341283706,461500057,73157616,"[134192748, 63437214, 21842888]"
70,1510,meta-llama/Llama-3.1-8B,512,4,0,680972907,680972907,341283706,461500057,73157616,"[134192748, 63437214, 21842888]"
70,1654,meta-llama/Llama-3.1-8B,512,4,0,774060192,774060192,461500057,595692805,59455795,"[63437214, 21842888, 93087285]"
70,1798,meta-llama/Llama-3.1-8B,512,4,0,774060192,774060192,461500057,595692805,59455795,"[63437214, 21842888, 93087285]"
70,1942,meta-llama/Llama-3.1-8B,512,4,0,774060192,774060192,461500057,595692805,59455795,"[63437214, 21842888, 93087285]"
70,2086,meta-llama/Llama-3.1-8B,512,4,0,774060192,774060192,461500057,595692805,59455795,"[63437214, 21842888, 93087285]"
70,2230,meta-llama/Llama-3.1-8B,512,4,0,830587553,830587553,595692805,659130019,57152511,"[21842888, 93087285, 56527361]"
70,2374,meta-llama/Llama-3.1-8B,512,4,0,854997621,854997621,680972907,774060192,26979143,"[56527361, 13133251, 11276817]"
70,2518,meta-llama/Llama-3.1-8B,512,4,0,854997621,854997621,680972907,774060192,26979143,"[56527361, 13133251, 11276817]"
70,2662,meta-llama/Llama-3.1-8B,512,4,0,854997621,854997621,680972907,774060192,26979143,"[56527361, 13133251, 11276817]"
70,2806,meta-llama/Llama-3.1-8B,512,4,0,866282694,866282694,774060192,830587553,11898380,"[13133251, 11276817, 11285073]"
70,2950,meta-llama/Llama-3.1-8B,520,4,3000000000,3543896080,543896080,252018,509351158,11514974,"[11513918, 11514974, 11516030]"
70,3094,meta-llama/Llama-3.1-8B,520,4,3000000000,3543896080,543896080,252018,509351158,11514974,"[11513918, 11514974, 11516030]"
70,3238,meta-llama/Llama-3.1-8B,520,4,3000000000,3543896080,543896080,252018,509351158,11514974,"[11513918, 11514974, 11516030]"
70,3382,meta-llama/Llama-3.1-8B,520,4,3000000000,3543896080,543896080,252018,509351158,11514974,"[11513918, 11514974, 11516030]"
70,3526,meta-llama/Llama-3.1-8B,520,4,3000000000,3543896080,543896080,252018,509351158,11514974,"[11513918, 11514974, 11516030]"
70,3670,meta-llama/Llama-3.1-8B,520,4,3000000000,3543896080,543896080,252018,509351158,11514974,"[11513918, 11514974, 11516030]"
70,3814,meta-llama/Llama-3.1-8B,520,4,3000000000,3543896080,543896080,252018,509351158,11514974,"[11513918, 11514974, 11516030]"
70,3958,meta-llama/Llama-3.1-8B,520,4,3000000000,3543896080,543896080,252018,509351158,11514974,"[11513918, 11514974, 11516030]"
70,4102,meta-llama/Llama-3.1-8B,520,4,3000000000,4546374832,1546374832,543896080,1511829910,11514974,"[11513918, 11514974, 11516030]"
70,4246,meta-llama/Llama-3.1-8B,520,4,3000000000,4546374832,1546374832,543896080,1511829910,11514974,"[11513918, 11514974, 11516030]"
70,4390,meta-llama/Llama-3.1-8B,520,4,3000000000,4546374832,1546374832,543896080,1511829910,11514974,"[11513918, 11514974, 11516030]"
70,4534,meta-llama/Llama-3.1-8B,520,4,3000000000,4546374832,1546374832,543896080,1511829910,11514974,"[11513918, 11514974, 11516030]"
70,4678,meta-llama/Llama-3.1-8B,520,4,3000000000,4546374832,1546374832,543896080,1511829910,11514974,"[11513918, 11514974, 11516030]"
70,4822,meta-llama/Llama-3.1-8B,520,4,3000000000,4546374832,1546374832,543896080,1511829910,11514974,"[11513918, 11514974, 11516030]"
70,4966,meta-llama/Llama-3.1-8B,520,4,3000000000,4546374832,1546374832,543896080,1511829910,11514974,"[11513918, 11514974, 11516030]"
70,5110,meta-llama/Llama-3.1-8B,520,4,3000000000,4546374832,1546374832,543896080,1511829910,11514974,"[11513918, 11514974, 11516030]"
70,5254,meta-llama/Llama-3.1-8B,520,4,3000000000,5546264836,2546264836,1546374832,2512422097,11280913,"[11280401, 11280913, 11281425]"
70,5398,meta-llama/Llama-3.1-8B,520,4,3000000000,5546264836,2546264836,1546374832,2512422097,11280913,"[11280401, 11280913, 11281425]"
70,5542,meta-llama/Llama-3.1-8B,520,4,3000000000,5546264836,2546264836,1546374832,2512422097,11280913,"[11280401, 11280913, 11281425]"
70,5686,meta-llama/Llama-3.1-8B,520,4,3000000000,5546264836,2546264836,1546374832,2512422097,11280913,"[11280401, 11280913, 11281425]"
71,71,meta-llama/Llama-3.1-8B,512,4,0,341285878,341285878,1,120753846,73510677,"[159065888, 49604026, 11862118]"
71,215,meta-llama/Llama-3.1-8B,512,4,0,341285878,341285878,1,120753846,73510677,"[159065888, 49604026, 11862118]"
71,359,meta-llama/Llama-3.1-8B,512,4,0,341285878,341285878,1,120753846,73510677,"[159065888, 49604026, 11862118]"
71,503,meta-llama/Llama-3.1-8B,512,4,0,341285878,341285878,1,120753846,73510677,"[159065888, 49604026, 11862118]"
71,647,meta-llama/Llama-3.1-8B,512,4,0,462025513,462025513,120753846,279819734,60735259,"[49604026, 11862118, 120739635]"
71,791,meta-llama/Llama-3.1-8B,512,4,0,462025513,462025513,120753846,279819734,60735259,"[49604026, 11862118, 120739635]"
71,935,meta-llama/Llama-3.1-8B,512,4,0,462025513,462025513,120753846,279819734,60735259,"[49604026, 11862118, 120739635]"
71,1079,meta-llama/Llama-3.1-8B,512,4,0,596088979,596088979,279819734,329423760,88888406,"[11862118, 120739635, 134063466]"
71,1223,meta-llama/Llama-3.1-8B,512,4,0,681131046,681131046,341285878,462025513,73035177,"[134063466, 63174289, 21867778]"
71,1367,meta-llama/Llama-3.1-8B,512,4,0,681131046,681131046,341285878,462025513,73035177,"[134063466, 63174289, 21867778]"
71,1511,meta-llama/Llama-3.1-8B,512,4,0,681131046,681131046,341285878,462025513,73035177,"[134063466, 63174289, 21867778]"
71,1655,meta-llama/Llama-3.1-8B,512,4,0,774455596,774455596,462025513,596088979,59455539,"[63174289, 21867778, 93324550]"
71,1799,meta-llama/Llama-3.1-8B,512,4,0,774455596,774455596,462025513,596088979,59455539,"[63174289, 21867778, 93324550]"
71,1943,meta-llama/Llama-3.1-8B,512,4,0,774455596,774455596,462025513,596088979,59455539,"[63174289, 21867778, 93324550]"
71,2087,meta-llama/Llama-3.1-8B,512,4,0,774455596,774455596,462025513,596088979,59455539,"[63174289, 21867778, 93324550]"
71,2231,meta-llama/Llama-3.1-8B,512,4,0,830720033,830720033,596088979,659263268,57152255,"[21867778, 93324550, 56264437]"
71,2375,meta-llama/Llama-3.1-8B,512,4,0,855263847,855263847,681131046,774455596,26936083,"[56264437, 13265851, 11277963]"
71,2519,meta-llama/Llama-3.1-8B,512,4,0,855263847,855263847,681131046,774455596,26936083,"[56264437, 13265851, 11277963]"
71,2663,meta-llama/Llama-3.1-8B,512,4,0,855263847,855263847,681131046,774455596,26936083,"[56264437, 13265851, 11277963]"
71,2807,meta-llama/Llama-3.1-8B,512,4,0,866550066,866550066,774455596,830720033,11943344,"[13265851, 11277963, 11286219]"
71,2951,meta-llama/Llama-3.1-8B,520,4,3000000000,3550857738,550857738,252018,516312816,11514974,"[11513918, 11514974, 11516030]"
71,3095,meta-llama/Llama-3.1-8B,520,4,3000000000,3550857738,550857738,252018,516312816,11514974,"[11513918, 11514974, 11516030]"
71,3239,meta-llama/Llama-3.1-8B,520,4,3000000000,3550857738,550857738,252018,516312816,11514974,"[11513918, 11514974, 11516030]"
71,3383,meta-llama/Llama-3.1-8B,520,4,3000000000,3550857738,550857738,252018,516312816,11514974,"[11513918, 11514974, 11516030]"
71,3527,meta-llama/Llama-3.1-8B,520,4,3000000000,3550857738,550857738,252018,516312816,11514974,"[11513918, 11514974, 11516030]"
71,3671,meta-llama/Llama-3.1-8B,520,4,3000000000,3550857738,550857738,252018,516312816,11514974,"[11513918, 11514974, 11516030]"
71,3815,meta-llama/Llama-3.1-8B,520,4,3000000000,3550857738,550857738,252018,516312816,11514974,"[11513918, 11514974, 11516030]"
71,3959,meta-llama/Llama-3.1-8B,520,4,3000000000,3550857738,550857738,252018,516312816,11514974,"[11513918, 11514974, 11516030]"
71,4103,meta-llama/Llama-3.1-8B,520,4,3000000000,4553336490,1553336490,550857738,1518791568,11514974,"[11513918, 11514974, 11516030]"
71,4247,meta-llama/Llama-3.1-8B,520,4,3000000000,4553336490,1553336490,550857738,1518791568,11514974,"[11513918, 11514974, 11516030]"
71,4391,meta-llama/Llama-3.1-8B,520,4,3000000000,4553336490,1553336490,550857738,1518791568,11514974,"[11513918, 11514974, 11516030]"
71,4535,meta-llama/Llama-3.1-8B,520,4,3000000000,4553336490,1553336490,550857738,1518791568,11514974,"[11513918, 11514974, 11516030]"
71,4679,meta-llama/Llama-3.1-8B,520,4,3000000000,4553336490,1553336490,550857738,1518791568,11514974,"[11513918, 11514974, 11516030]"
71,4823,meta-llama/Llama-3.1-8B,520,4,3000000000,4553336490,1553336490,550857738,1518791568,11514974,"[11513918, 11514974, 11516030]"
71,4967,meta-llama/Llama-3.1-8B,520,4,3000000000,4553336490,1553336490,550857738,1518791568,11514974,"[11513918, 11514974, 11516030]"
71,5111,meta-llama/Llama-3.1-8B,520,4,3000000000,4553336490,1553336490,550857738,1518791568,11514974,"[11513918, 11514974, 11516030]"
71,5255,meta-llama/Llama-3.1-8B,520,4,3000000000,5553226494,2553226494,1553336490,2519383755,11280913,"[11280401, 11280913, 11281425]"
71,5399,meta-llama/Llama-3.1-8B,520,4,3000000000,5553226494,2553226494,1553336490,2519383755,11280913,"[11280401, 11280913, 11281425]"
71,5543,meta-llama/Llama-3.1-8B,520,4,3000000000,5553226494,2553226494,1553336490,2519383755,11280913,"[11280401, 11280913, 11281425]"
71,5687,meta-llama/Llama-3.1-8B,520,4,3000000000,5553226494,2553226494,1553336490,2519383755,11280913,"[11280401, 11280913, 11281425]"
72,72,meta-llama/Llama-3.1-8B,512,4,0,341288050,341288050,1,121279302,73336249,"[159065888, 49081511, 11861349]"
72,216,meta-llama/Llama-3.1-8B,512,4,0,341288050,341288050,1,121279302,73336249,"[159065888, 49081511, 11861349]"
72,360,meta-llama/Llama-3.1-8B,512,4,0,341288050,341288050,1,121279302,73336249,"[159065888, 49081511, 11861349]"
72,504,meta-llama/Llama-3.1-8B,512,4,0,341288050,341288050,1,121279302,73336249,"[159065888, 49081511, 11861349]"
72,648,meta-llama/Llama-3.1-8B,512,4,0,462550969,462550969,121279302,280345190,60735259,"[49081511, 11861349, 121262919]"
72,792,meta-llama/Llama-3.1-8B,512,4,0,462550969,462550969,121279302,280345190,60735259,"[49081511, 11861349, 121262919]"
72,936,meta-llama/Llama-3.1-8B,512,4,0,462550969,462550969,121279302,280345190,60735259,"[49081511, 11861349, 121262919]"
72,1080,meta-llama/Llama-3.1-8B,512,4,0,596485153,596485153,280345190,329426701,89019484,"[11861349, 121262919, 133934184]"
72,1224,meta-llama/Llama-3.1-8B,512,4,0,681133218,681133218,341288050,462550969,72860749,"[133934184, 62911364, 21736701]"
72,1368,meta-llama/Llama-3.1-8B,512,4,0,681133218,681133218,341288050,462550969,72860749,"[133934184, 62911364, 21736701]"
72,1512,meta-llama/Llama-3.1-8B,512,4,0,681133218,681133218,341288050,462550969,72860749,"[133934184, 62911364, 21736701]"
72,1656,meta-llama/Llama-3.1-8B,512,4,0,774879037,774879037,462550969,596485153,59464628,"[62911364, 21736701, 93745819]"
72,1800,meta-llama/Llama-3.1-8B,512,4,0,774879037,774879037,462550969,596485153,59464628,"[62911364, 21736701, 93745819]"
72,1944,meta-llama/Llama-3.1-8B,512,4,0,774879037,774879037,462550969,596485153,59464628,"[62911364, 21736701, 93745819]"
72,2088,meta-llama/Llama-3.1-8B,512,4,0,774879037,774879037,462550969,596485153,59464628,"[62911364, 21736701, 93745819]"
72,2232,meta-llama/Llama-3.1-8B,512,4,0,830852633,830852633,596485153,659396517,57152038,"[21736701, 93745819, 55973596]"
72,2376,meta-llama/Llama-3.1-8B,512,4,0,855264993,855264993,681133218,774879037,26795318,"[55973596, 13134397, 11277963]"
72,2520,meta-llama/Llama-3.1-8B,512,4,0,855264993,855264993,681133218,774879037,26795318,"[55973596, 13134397, 11277963]"
72,2664,meta-llama/Llama-3.1-8B,512,4,0,855264993,855264993,681133218,774879037,26795318,"[55973596, 13134397, 11277963]"
72,2808,meta-llama/Llama-3.1-8B,512,4,0,866550442,866550442,774879037,830852633,11899269,"[13134397, 11277963, 11285449]"
72,2952,meta-llama/Llama-3.1-8B,520,4,3000000000,3557819396,557819396,252018,523274474,11514974,"[11513918, 11514974, 11516030]"
72,3096,meta-llama/Llama-3.1-8B,520,4,3000000000,3557819396,557819396,252018,523274474,11514974,"[11513918, 11514974, 11516030]"
72,3240,meta-llama/Llama-3.1-8B,520,4,3000000000,3557819396,557819396,252018,523274474,11514974,"[11513918, 11514974, 11516030]"
72,3384,meta-llama/Llama-3.1-8B,520,4,3000000000,3557819396,557819396,252018,523274474,11514974,"[11513918, 11514974, 11516030]"
72,3528,meta-llama/Llama-3.1-8B,520,4,3000000000,3557819396,557819396,252018,523274474,11514974,"[11513918, 11514974, 11516030]"
72,3672,meta-llama/Llama-3.1-8B,520,4,3000000000,3557819396,557819396,252018,523274474,11514974,"[11513918, 11514974, 11516030]"
72,3816,meta-llama/Llama-3.1-8B,520,4,3000000000,3557819396,557819396,252018,523274474,11514974,"[11513918, 11514974, 11516030]"
72,3960,meta-llama/Llama-3.1-8B,520,4,3000000000,3557819396,557819396,252018,523274474,11514974,"[11513918, 11514974, 11516030]"
72,4104,meta-llama/Llama-3.1-8B,520,4,3000000000,4560298148,1560298148,557819396,1525753226,11514974,"[11513918, 11514974, 11516030]"
72,4248,meta-llama/Llama-3.1-8B,520,4,3000000000,4560298148,1560298148,557819396,1525753226,11514974,"[11513918, 11514974, 11516030]"
72,4392,meta-llama/Llama-3.1-8B,520,4,3000000000,4560298148,1560298148,557819396,1525753226,11514974,"[11513918, 11514974, 11516030]"
72,4536,meta-llama/Llama-3.1-8B,520,4,3000000000,4560298148,1560298148,557819396,1525753226,11514974,"[11513918, 11514974, 11516030]"
72,4680,meta-llama/Llama-3.1-8B,520,4,3000000000,4560298148,1560298148,557819396,1525753226,11514974,"[11513918, 11514974, 11516030]"
72,4824,meta-llama/Llama-3.1-8B,520,4,3000000000,4560298148,1560298148,557819396,1525753226,11514974,"[11513918, 11514974, 11516030]"
72,4968,meta-llama/Llama-3.1-8B,520,4,3000000000,4560298148,1560298148,557819396,1525753226,11514974,"[11513918, 11514974, 11516030]"
72,5112,meta-llama/Llama-3.1-8B,520,4,3000000000,4560298148,1560298148,557819396,1525753226,11514974,"[11513918, 11514974, 11516030]"
72,5256,meta-llama/Llama-3.1-8B,520,4,3000000000,5560188152,2560188152,1560298148,2526345413,11280913,"[11280401, 11280913, 11281425]"
72,5400,meta-llama/Llama-3.1-8B,520,4,3000000000,5560188152,2560188152,1560298148,2526345413,11280913,"[11280401, 11280913, 11281425]"
72,5544,meta-llama/Llama-3.1-8B,520,4,3000000000,5560188152,2560188152,1560298148,2526345413,11280913,"[11280401, 11280913, 11281425]"
72,5688,meta-llama/Llama-3.1-8B,520,4,3000000000,5560188152,2560188152,1560298148,2526345413,11280913,"[11280401, 11280913, 11281425]"
73,73,meta-llama/Llama-3.1-8B,512,4,0,341290222,341290222,1,121804758,73161821,"[159065888, 48558996, 11860580]"
73,217,meta-llama/Llama-3.1-8B,512,4,0,341290222,341290222,1,121804758,73161821,"[159065888, 48558996, 11860580]"
73,361,meta-llama/Llama-3.1-8B,512,4,0,341290222,341290222,1,121804758,73161821,"[159065888, 48558996, 11860580]"
73,505,meta-llama/Llama-3.1-8B,512,4,0,341290222,341290222,1,121804758,73161821,"[159065888, 48558996, 11860580]"
73,649,meta-llama/Llama-3.1-8B,512,4,0,463076425,463076425,121804758,280870646,60735259,"[48558996, 11860580, 121786203]"
73,793,meta-llama/Llama-3.1-8B,512,4,0,463076425,463076425,121804758,280870646,60735259,"[48558996, 11860580, 121786203]"
73,937,meta-llama/Llama-3.1-8B,512,4,0,463076425,463076425,121804758,280870646,60735259,"[48558996, 11860580, 121786203]"
73,1081,meta-llama/Llama-3.1-8B,512,4,0,596881327,596881327,280870646,329429642,89150561,"[11860580, 121786203, 133804902]"
73,1225,meta-llama/Llama-3.1-8B,512,4,0,681135390,681135390,341290222,463076425,72686321,"[133804902, 62648439, 21605624]"
73,1369,meta-llama/Llama-3.1-8B,512,4,0,681135390,681135390,341290222,463076425,72686321,"[133804902, 62648439, 21605624]"
73,1513,meta-llama/Llama-3.1-8B,512,4,0,681135390,681135390,341290222,463076425,72686321,"[133804902, 62648439, 21605624]"
73,1657,meta-llama/Llama-3.1-8B,512,4,0,775274441,775274441,463076425,596881327,59464371,"[62648439, 21605624, 94139051]"
73,1801,meta-llama/Llama-3.1-8B,512,4,0,775274441,775274441,463076425,596881327,59464371,"[62648439, 21605624, 94139051]"
73,1945,meta-llama/Llama-3.1-8B,512,4,0,775274441,775274441,463076425,596881327,59464371,"[62648439, 21605624, 94139051]"
73,2089,meta-llama/Llama-3.1-8B,512,4,0,775274441,775274441,463076425,596881327,59464371,"[62648439, 21605624, 94139051]"
73,2233,meta-llama/Llama-3.1-8B,512,4,0,830985233,830985233,596881327,659529766,57151822,"[21605624, 94139051, 55710792]"
73,2377,meta-llama/Llama-3.1-8B,512,4,0,855660381,855660381,681135390,775274441,26795313,"[55710792, 13398331, 11276817]"
73,2521,meta-llama/Llama-3.1-8B,512,4,0,855660381,855660381,681135390,775274441,26795313,"[55710792, 13398331, 11276817]"
73,2665,meta-llama/Llama-3.1-8B,512,4,0,855660381,855660381,681135390,775274441,26795313,"[55710792, 13398331, 11276817]"
73,2809,meta-llama/Llama-3.1-8B,512,4,0,866945454,866945454,775274441,830985233,11986740,"[13398331, 11276817, 11285073]"
73,2953,meta-llama/Llama-3.1-8B,520,4,3000000000,3564781054,564781054,252018,530236132,11514974,"[11513918, 11514974, 11516030]"
73,3097,meta-llama/Llama-3.1-8B,520,4,3000000000,3564781054,564781054,252018,530236132,11514974,"[11513918, 11514974, 11516030]"
73,3241,meta-llama/Llama-3.1-8B,520,4,3000000000,3564781054,564781054,252018,530236132,11514974,"[11513918, 11514974, 11516030]"
73,3385,meta-llama/Llama-3.1-8B,520,4,3000000000,3564781054,564781054,252018,530236132,11514974,"[11513918, 11514974, 11516030]"
73,3529,meta-llama/Llama-3.1-8B,520,4,3000000000,3564781054,564781054,252018,530236132,11514974,"[11513918, 11514974, 11516030]"
73,3673,meta-llama/Llama-3.1-8B,520,4,3000000000,3564781054,564781054,252018,530236132,11514974,"[11513918, 11514974, 11516030]"
73,3817,meta-llama/Llama-3.1-8B,520,4,3000000000,3564781054,564781054,252018,530236132,11514974,"[11513918, 11514974, 11516030]"
73,3961,meta-llama/Llama-3.1-8B,520,4,3000000000,3564781054,564781054,252018,530236132,11514974,"[11513918, 11514974, 11516030]"
73,4105,meta-llama/Llama-3.1-8B,520,4,3000000000,4567259806,1567259806,564781054,1532714884,11514974,"[11513918, 11514974, 11516030]"
73,4249,meta-llama/Llama-3.1-8B,520,4,3000000000,4567259806,1567259806,564781054,1532714884,11514974,"[11513918, 11514974, 11516030]"
73,4393,meta-llama/Llama-3.1-8B,520,4,3000000000,4567259806,1567259806,564781054,1532714884,11514974,"[11513918, 11514974, 11516030]"
73,4537,meta-llama/Llama-3.1-8B,520,4,3000000000,4567259806,1567259806,564781054,1532714884,11514974,"[11513918, 11514974, 11516030]"
73,4681,meta-llama/Llama-3.1-8B,520,4,3000000000,4567259806,1567259806,564781054,1532714884,11514974,"[11513918, 11514974, 11516030]"
73,4825,meta-llama/Llama-3.1-8B,520,4,3000000000,4567259806,1567259806,564781054,1532714884,11514974,"[11513918, 11514974, 11516030]"
73,4969,meta-llama/Llama-3.1-8B,520,4,3000000000,4567259806,1567259806,564781054,1532714884,11514974,"[11513918, 11514974, 11516030]"
73,5113,meta-llama/Llama-3.1-8B,520,4,3000000000,4567259806,1567259806,564781054,1532714884,11514974,"[11513918, 11514974, 11516030]"
73,5257,meta-llama/Llama-3.1-8B,520,4,3000000000,5567149810,2567149810,1567259806,2533307071,11280913,"[11280401, 11280913, 11281425]"
73,5401,meta-llama/Llama-3.1-8B,520,4,3000000000,5567149810,2567149810,1567259806,2533307071,11280913,"[11280401, 11280913, 11281425]"
73,5545,meta-llama/Llama-3.1-8B,520,4,3000000000,5567149810,2567149810,1567259806,2533307071,11280913,"[11280401, 11280913, 11281425]"
73,5689,meta-llama/Llama-3.1-8B,520,4,3000000000,5567149810,2567149810,1567259806,2533307071,11280913,"[11280401, 11280913, 11281425]"
74,74,meta-llama/Llama-3.1-8B,512,4,0,341292394,341292394,1,122330214,72987393,"[159065888, 48036601, 11859691]"
74,218,meta-llama/Llama-3.1-8B,512,4,0,341292394,341292394,1,122330214,72987393,"[159065888, 48036601, 11859691]"
74,362,meta-llama/Llama-3.1-8B,512,4,0,341292394,341292394,1,122330214,72987393,"[159065888, 48036601, 11859691]"
74,506,meta-llama/Llama-3.1-8B,512,4,0,341292394,341292394,1,122330214,72987393,"[159065888, 48036601, 11859691]"
74,650,meta-llama/Llama-3.1-8B,512,4,0,463601881,463601881,122330214,281396102,60735259,"[48036601, 11859691, 122309487]"
74,794,meta-llama/Llama-3.1-8B,512,4,0,463601881,463601881,122330214,281396102,60735259,"[48036601, 11859691, 122309487]"
74,938,meta-llama/Llama-3.1-8B,512,4,0,463601881,463601881,122330214,281396102,60735259,"[48036601, 11859691, 122309487]"
74,1082,meta-llama/Llama-3.1-8B,512,4,0,597277501,597277501,281396102,329432703,89281599,"[11859691, 122309487, 133675620]"
74,1226,meta-llama/Llama-3.1-8B,512,4,0,681137562,681137562,341292394,463601881,72511893,"[133675620, 62385514, 21474547]"
74,1370,meta-llama/Llama-3.1-8B,512,4,0,681137562,681137562,341292394,463601881,72511893,"[133675620, 62385514, 21474547]"
74,1514,meta-llama/Llama-3.1-8B,512,4,0,681137562,681137562,341292394,463601881,72511893,"[133675620, 62385514, 21474547]"
74,1658,meta-llama/Llama-3.1-8B,512,4,0,775697882,775697882,463601881,597277501,59473460,"[62385514, 21474547, 94560320]"
74,1802,meta-llama/Llama-3.1-8B,512,4,0,775697882,775697882,463601881,597277501,59473460,"[62385514, 21474547, 94560320]"
74,1946,meta-llama/Llama-3.1-8B,512,4,0,775697882,775697882,463601881,597277501,59473460,"[62385514, 21474547, 94560320]"
74,2090,meta-llama/Llama-3.1-8B,512,4,0,775697882,775697882,463601881,597277501,59473460,"[62385514, 21474547, 94560320]"
74,2234,meta-llama/Llama-3.1-8B,512,4,0,831117833,831117833,597277501,659663015,57151606,"[21474547, 94560320, 55419951]"
74,2378,meta-llama/Llama-3.1-8B,512,4,0,855926607,855926607,681137562,775697882,26742908,"[55419951, 13530811, 11277963]"
74,2522,meta-llama/Llama-3.1-8B,512,4,0,855926607,855926607,681137562,775697882,26742908,"[55419951, 13530811, 11277963]"
74,2666,meta-llama/Llama-3.1-8B,512,4,0,855926607,855926607,681137562,775697882,26742908,"[55419951, 13530811, 11277963]"
74,2810,meta-llama/Llama-3.1-8B,512,4,0,867212826,867212826,775697882,831117833,12031664,"[13530811, 11277963, 11286219]"
74,2954,meta-llama/Llama-3.1-8B,520,4,3000000000,3571742712,571742712,252018,537197790,11514974,"[11513918, 11514974, 11516030]"
74,3098,meta-llama/Llama-3.1-8B,520,4,3000000000,3571742712,571742712,252018,537197790,11514974,"[11513918, 11514974, 11516030]"
74,3242,meta-llama/Llama-3.1-8B,520,4,3000000000,3571742712,571742712,252018,537197790,11514974,"[11513918, 11514974, 11516030]"
74,3386,meta-llama/Llama-3.1-8B,520,4,3000000000,3571742712,571742712,252018,537197790,11514974,"[11513918, 11514974, 11516030]"
74,3530,meta-llama/Llama-3.1-8B,520,4,3000000000,3571742712,571742712,252018,537197790,11514974,"[11513918, 11514974, 11516030]"
74,3674,meta-llama/Llama-3.1-8B,520,4,3000000000,3571742712,571742712,252018,537197790,11514974,"[11513918, 11514974, 11516030]"
74,3818,meta-llama/Llama-3.1-8B,520,4,3000000000,3571742712,571742712,252018,537197790,11514974,"[11513918, 11514974, 11516030]"
74,3962,meta-llama/Llama-3.1-8B,520,4,3000000000,3571742712,571742712,252018,537197790,11514974,"[11513918, 11514974, 11516030]"
74,4106,meta-llama/Llama-3.1-8B,520,4,3000000000,4574221464,1574221464,571742712,1539676542,11514974,"[11513918, 11514974, 11516030]"
74,4250,meta-llama/Llama-3.1-8B,520,4,3000000000,4574221464,1574221464,571742712,1539676542,11514974,"[11513918, 11514974, 11516030]"
74,4394,meta-llama/Llama-3.1-8B,520,4,3000000000,4574221464,1574221464,571742712,1539676542,11514974,"[11513918, 11514974, 11516030]"
74,4538,meta-llama/Llama-3.1-8B,520,4,3000000000,4574221464,1574221464,571742712,1539676542,11514974,"[11513918, 11514974, 11516030]"
74,4682,meta-llama/Llama-3.1-8B,520,4,3000000000,4574221464,1574221464,571742712,1539676542,11514974,"[11513918, 11514974, 11516030]"
74,4826,meta-llama/Llama-3.1-8B,520,4,3000000000,4574221464,1574221464,571742712,1539676542,11514974,"[11513918, 11514974, 11516030]"
74,4970,meta-llama/Llama-3.1-8B,520,4,3000000000,4574221464,1574221464,571742712,1539676542,11514974,"[11513918, 11514974, 11516030]"
74,5114,meta-llama/Llama-3.1-8B,520,4,3000000000,4574221464,1574221464,571742712,1539676542,11514974,"[11513918, 11514974, 11516030]"
74,5258,meta-llama/Llama-3.1-8B,520,4,3000000000,5574111468,2574111468,1574221464,2540268729,11280913,"[11280401, 11280913, 11281425]"
74,5402,meta-llama/Llama-3.1-8B,520,4,3000000000,5574111468,2574111468,1574221464,2540268729,11280913,"[11280401, 11280913, 11281425]"
74,5546,meta-llama/Llama-3.1-8B,520,4,3000000000,5574111468,2574111468,1574221464,2540268729,11280913,"[11280401, 11280913, 11281425]"
74,5690,meta-llama/Llama-3.1-8B,520,4,3000000000,5574111468,2574111468,1574221464,2540268729,11280913,"[11280401, 11280913, 11281425]"
75,75,meta-llama/Llama-3.1-8B,512,4,0,341294566,341294566,1,122855670,72812965,"[159065888, 47514086, 11858922]"
75,219,meta-llama/Llama-3.1-8B,512,4,0,341294566,341294566,1,122855670,72812965,"[159065888, 47514086, 11858922]"
75,363,meta-llama/Llama-3.1-8B,512,4,0,341294566,341294566,1,122855670,72812965,"[159065888, 47514086, 11858922]"
75,507,meta-llama/Llama-3.1-8B,512,4,0,341294566,341294566,1,122855670,72812965,"[159065888, 47514086, 11858922]"
75,651,meta-llama/Llama-3.1-8B,512,4,0,464127337,464127337,122855670,281921558,60735259,"[47514086, 11858922, 122832771]"
75,795,meta-llama/Llama-3.1-8B,512,4,0,464127337,464127337,122855670,281921558,60735259,"[47514086, 11858922, 122832771]"
75,939,meta-llama/Llama-3.1-8B,512,4,0,464127337,464127337,122855670,281921558,60735259,"[47514086, 11858922, 122832771]"
75,1083,meta-llama/Llama-3.1-8B,512,4,0,597673675,597673675,281921558,329435644,89412677,"[11858922, 122832771, 133546338]"
75,1227,meta-llama/Llama-3.1-8B,512,4,0,681139734,681139734,341294566,464127337,72337465,"[133546338, 62122589, 21343470]"
75,1371,meta-llama/Llama-3.1-8B,512,4,0,681139734,681139734,341294566,464127337,72337465,"[133546338, 62122589, 21343470]"
75,1515,meta-llama/Llama-3.1-8B,512,4,0,681139734,681139734,341294566,464127337,72337465,"[133546338, 62122589, 21343470]"
75,1659,meta-llama/Llama-3.1-8B,512,4,0,776093286,776093286,464127337,597673675,59473203,"[62122589, 21343470, 94953552]"
75,1803,meta-llama/Llama-3.1-8B,512,4,0,776093286,776093286,464127337,597673675,59473203,"[62122589, 21343470, 94953552]"
75,1947,meta-llama/Llama-3.1-8B,512,4,0,776093286,776093286,464127337,597673675,59473203,"[62122589, 21343470, 94953552]"
75,2091,meta-llama/Llama-3.1-8B,512,4,0,776093286,776093286,464127337,597673675,59473203,"[62122589, 21343470, 94953552]"
75,2235,meta-llama/Llama-3.1-8B,512,4,0,831250313,831250313,597673675,659796264,57151349,"[21343470, 94953552, 55157027]"
75,2379,meta-llama/Llama-3.1-8B,512,4,0,855927753,855927753,681139734,776093286,26611489,"[55157027, 13399477, 11277963]"
75,2523,meta-llama/Llama-3.1-8B,512,4,0,855927753,855927753,681139734,776093286,26611489,"[55157027, 13399477, 11277963]"
75,2667,meta-llama/Llama-3.1-8B,512,4,0,855927753,855927753,681139734,776093286,26611489,"[55157027, 13399477, 11277963]"
75,2811,meta-llama/Llama-3.1-8B,512,4,0,867213202,867213202,776093286,831250313,11987629,"[13399477, 11277963, 11285449]"
75,2955,meta-llama/Llama-3.1-8B,520,4,3000000000,3578704370,578704370,252018,544159448,11514974,"[11513918, 11514974, 11516030]"
75,3099,meta-llama/Llama-3.1-8B,520,4,3000000000,3578704370,578704370,252018,544159448,11514974,"[11513918, 11514974, 11516030]"
75,3243,meta-llama/Llama-3.1-8B,520,4,3000000000,3578704370,578704370,252018,544159448,11514974,"[11513918, 11514974, 11516030]"
75,3387,meta-llama/Llama-3.1-8B,520,4,3000000000,3578704370,578704370,252018,544159448,11514974,"[11513918, 11514974, 11516030]"
75,3531,meta-llama/Llama-3.1-8B,520,4,3000000000,3578704370,578704370,252018,544159448,11514974,"[11513918, 11514974, 11516030]"
75,3675,meta-llama/Llama-3.1-8B,520,4,3000000000,3578704370,578704370,252018,544159448,11514974,"[11513918, 11514974, 11516030]"
75,3819,meta-llama/Llama-3.1-8B,520,4,3000000000,3578704370,578704370,252018,544159448,11514974,"[11513918, 11514974, 11516030]"
75,3963,meta-llama/Llama-3.1-8B,520,4,3000000000,3578704370,578704370,252018,544159448,11514974,"[11513918, 11514974, 11516030]"
75,4107,meta-llama/Llama-3.1-8B,520,4,3000000000,4581183122,1581183122,578704370,1546638200,11514974,"[11513918, 11514974, 11516030]"
75,4251,meta-llama/Llama-3.1-8B,520,4,3000000000,4581183122,1581183122,578704370,1546638200,11514974,"[11513918, 11514974, 11516030]"
75,4395,meta-llama/Llama-3.1-8B,520,4,3000000000,4581183122,1581183122,578704370,1546638200,11514974,"[11513918, 11514974, 11516030]"
75,4539,meta-llama/Llama-3.1-8B,520,4,3000000000,4581183122,1581183122,578704370,1546638200,11514974,"[11513918, 11514974, 11516030]"
75,4683,meta-llama/Llama-3.1-8B,520,4,3000000000,4581183122,1581183122,578704370,1546638200,11514974,"[11513918, 11514974, 11516030]"
75,4827,meta-llama/Llama-3.1-8B,520,4,3000000000,4581183122,1581183122,578704370,1546638200,11514974,"[11513918, 11514974, 11516030]"
75,4971,meta-llama/Llama-3.1-8B,520,4,3000000000,4581183122,1581183122,578704370,1546638200,11514974,"[11513918, 11514974, 11516030]"
75,5115,meta-llama/Llama-3.1-8B,520,4,3000000000,4581183122,1581183122,578704370,1546638200,11514974,"[11513918, 11514974, 11516030]"
75,5259,meta-llama/Llama-3.1-8B,520,4,3000000000,5581073126,2581073126,1581183122,2547230387,11280913,"[11280401, 11280913, 11281425]"
75,5403,meta-llama/Llama-3.1-8B,520,4,3000000000,5581073126,2581073126,1581183122,2547230387,11280913,"[11280401, 11280913, 11281425]"
75,5547,meta-llama/Llama-3.1-8B,520,4,3000000000,5581073126,2581073126,1581183122,2547230387,11280913,"[11280401, 11280913, 11281425]"
75,5691,meta-llama/Llama-3.1-8B,520,4,3000000000,5581073126,2581073126,1581183122,2547230387,11280913,"[11280401, 11280913, 11281425]"
76,76,meta-llama/Llama-3.1-8B,512,4,0,341296738,341296738,1,123381126,72638537,"[159065888, 46991571, 11858153]"
76,220,meta-llama/Llama-3.1-8B,512,4,0,341296738,341296738,1,123381126,72638537,"[159065888, 46991571, 11858153]"
76,364,meta-llama/Llama-3.1-8B,512,4,0,341296738,341296738,1,123381126,72638537,"[159065888, 46991571, 11858153]"
76,508,meta-llama/Llama-3.1-8B,512,4,0,341296738,341296738,1,123381126,72638537,"[159065888, 46991571, 11858153]"
76,652,meta-llama/Llama-3.1-8B,512,4,0,464652793,464652793,123381126,282447014,60735259,"[46991571, 11858153, 123356055]"
76,796,meta-llama/Llama-3.1-8B,512,4,0,464652793,464652793,123381126,282447014,60735259,"[46991571, 11858153, 123356055]"
76,940,meta-llama/Llama-3.1-8B,512,4,0,464652793,464652793,123381126,282447014,60735259,"[46991571, 11858153, 123356055]"
76,1084,meta-llama/Llama-3.1-8B,512,4,0,598069849,598069849,282447014,329438585,89543754,"[11858153, 123356055, 133417056]"
76,1228,meta-llama/Llama-3.1-8B,512,4,0,681141906,681141906,341296738,464652793,72163037,"[133417056, 61859664, 21212393]"
76,1372,meta-llama/Llama-3.1-8B,512,4,0,681141906,681141906,341296738,464652793,72163037,"[133417056, 61859664, 21212393]"
76,1516,meta-llama/Llama-3.1-8B,512,4,0,681141906,681141906,341296738,464652793,72163037,"[133417056, 61859664, 21212393]"
76,1660,meta-llama/Llama-3.1-8B,512,4,0,776488690,776488690,464652793,598069849,59472947,"[61859664, 21212393, 95346784]"
76,1804,meta-llama/Llama-3.1-8B,512,4,0,776488690,776488690,464652793,598069849,59472947,"[61859664, 21212393, 95346784]"
76,1948,meta-llama/Llama-3.1-8B,512,4,0,776488690,776488690,464652793,598069849,59472947,"[61859664, 21212393, 95346784]"
76,2092,meta-llama/Llama-3.1-8B,512,4,0,776488690,776488690,464652793,598069849,59472947,"[61859664, 21212393, 95346784]"
76,2236,meta-llama/Llama-3.1-8B,512,4,0,831382793,831382793,598069849,659929513,57151093,"[21212393, 95346784, 54894103]"
76,2380,meta-llama/Llama-3.1-8B,512,4,0,856323141,856323141,681141906,776488690,26611483,"[54894103, 13663531, 11276817]"
76,2524,meta-llama/Llama-3.1-8B,512,4,0,856323141,856323141,681141906,776488690,26611483,"[54894103, 13663531, 11276817]"
76,2668,meta-llama/Llama-3.1-8B,512,4,0,856323141,856323141,681141906,776488690,26611483,"[54894103, 13663531, 11276817]"
76,2812,meta-llama/Llama-3.1-8B,512,4,0,867608214,867608214,776488690,831382793,12075140,"[13663531, 11276817, 11285073]"
76,2956,meta-llama/Llama-3.1-8B,520,4,3000000000,3585666028,585666028,252018,551121106,11514974,"[11513918, 11514974, 11516030]"
76,3100,meta-llama/Llama-3.1-8B,520,4,3000000000,3585666028,585666028,252018,551121106,11514974,"[11513918, 11514974, 11516030]"
76,3244,meta-llama/Llama-3.1-8B,520,4,3000000000,3585666028,585666028,252018,551121106,11514974,"[11513918, 11514974, 11516030]"
76,3388,meta-llama/Llama-3.1-8B,520,4,3000000000,3585666028,585666028,252018,551121106,11514974,"[11513918, 11514974, 11516030]"
76,3532,meta-llama/Llama-3.1-8B,520,4,3000000000,3585666028,585666028,252018,551121106,11514974,"[11513918, 11514974, 11516030]"
76,3676,meta-llama/Llama-3.1-8B,520,4,3000000000,3585666028,585666028,252018,551121106,11514974,"[11513918, 11514974, 11516030]"
76,3820,meta-llama/Llama-3.1-8B,520,4,3000000000,3585666028,585666028,252018,551121106,11514974,"[11513918, 11514974, 11516030]"
76,3964,meta-llama/Llama-3.1-8B,520,4,3000000000,3585666028,585666028,252018,551121106,11514974,"[11513918, 11514974, 11516030]"
76,4108,meta-llama/Llama-3.1-8B,520,4,3000000000,4588144780,1588144780,585666028,1553599858,11514974,"[11513918, 11514974, 11516030]"
76,4252,meta-llama/Llama-3.1-8B,520,4,3000000000,4588144780,1588144780,585666028,1553599858,11514974,"[11513918, 11514974, 11516030]"
76,4396,meta-llama/Llama-3.1-8B,520,4,3000000000,4588144780,1588144780,585666028,1553599858,11514974,"[11513918, 11514974, 11516030]"
76,4540,meta-llama/Llama-3.1-8B,520,4,3000000000,4588144780,1588144780,585666028,1553599858,11514974,"[11513918, 11514974, 11516030]"
76,4684,meta-llama/Llama-3.1-8B,520,4,3000000000,4588144780,1588144780,585666028,1553599858,11514974,"[11513918, 11514974, 11516030]"
76,4828,meta-llama/Llama-3.1-8B,520,4,3000000000,4588144780,1588144780,585666028,1553599858,11514974,"[11513918, 11514974, 11516030]"
76,4972,meta-llama/Llama-3.1-8B,520,4,3000000000,4588144780,1588144780,585666028,1553599858,11514974,"[11513918, 11514974, 11516030]"
76,5116,meta-llama/Llama-3.1-8B,520,4,3000000000,4588144780,1588144780,585666028,1553599858,11514974,"[11513918, 11514974, 11516030]"
76,5260,meta-llama/Llama-3.1-8B,520,4,3000000000,5588034784,2588034784,1588144780,2554192045,11280913,"[11280401, 11280913, 11281425]"
76,5404,meta-llama/Llama-3.1-8B,520,4,3000000000,5588034784,2588034784,1588144780,2554192045,11280913,"[11280401, 11280913, 11281425]"
76,5548,meta-llama/Llama-3.1-8B,520,4,3000000000,5588034784,2588034784,1588144780,2554192045,11280913,"[11280401, 11280913, 11281425]"
76,5692,meta-llama/Llama-3.1-8B,520,4,3000000000,5588034784,2588034784,1588144780,2554192045,11280913,"[11280401, 11280913, 11281425]"
77,77,meta-llama/Llama-3.1-8B,512,4,0,341298910,341298910,1,123906582,72464109,"[159065888, 46469056, 11857384]"
77,221,meta-llama/Llama-3.1-8B,512,4,0,341298910,341298910,1,123906582,72464109,"[159065888, 46469056, 11857384]"
77,365,meta-llama/Llama-3.1-8B,512,4,0,341298910,341298910,1,123906582,72464109,"[159065888, 46469056, 11857384]"
77,509,meta-llama/Llama-3.1-8B,512,4,0,341298910,341298910,1,123906582,72464109,"[159065888, 46469056, 11857384]"
77,653,meta-llama/Llama-3.1-8B,512,4,0,465178249,465178249,123906582,282972470,60735259,"[46469056, 11857384, 123879339]"
77,797,meta-llama/Llama-3.1-8B,512,4,0,465178249,465178249,123906582,282972470,60735259,"[46469056, 11857384, 123879339]"
77,941,meta-llama/Llama-3.1-8B,512,4,0,465178249,465178249,123906582,282972470,60735259,"[46469056, 11857384, 123879339]"
77,1085,meta-llama/Llama-3.1-8B,512,4,0,598466023,598466023,282972470,329441526,89674832,"[11857384, 123879339, 133287774]"
77,1229,meta-llama/Llama-3.1-8B,512,4,0,681144078,681144078,341298910,465178249,71988609,"[133287774, 61596739, 21081316]"
77,1373,meta-llama/Llama-3.1-8B,512,4,0,681144078,681144078,341298910,465178249,71988609,"[133287774, 61596739, 21081316]"
77,1517,meta-llama/Llama-3.1-8B,512,4,0,681144078,681144078,341298910,465178249,71988609,"[133287774, 61596739, 21081316]"
77,1661,meta-llama/Llama-3.1-8B,512,4,0,776912131,776912131,465178249,598466023,59482036,"[61596739, 21081316, 95768053]"
77,1805,meta-llama/Llama-3.1-8B,512,4,0,776912131,776912131,465178249,598466023,59482036,"[61596739, 21081316, 95768053]"
77,1949,meta-llama/Llama-3.1-8B,512,4,0,776912131,776912131,465178249,598466023,59482036,"[61596739, 21081316, 95768053]"
77,2093,meta-llama/Llama-3.1-8B,512,4,0,776912131,776912131,465178249,598466023,59482036,"[61596739, 21081316, 95768053]"
77,2237,meta-llama/Llama-3.1-8B,512,4,0,831515513,831515513,598466023,660062762,57150917,"[21081316, 95768053, 54603382]"
77,2381,meta-llama/Llama-3.1-8B,512,4,0,856455741,856455741,681144078,776912131,26514536,"[54603382, 13663411, 11276817]"
77,2525,meta-llama/Llama-3.1-8B,512,4,0,856455741,856455741,681144078,776912131,26514536,"[54603382, 13663411, 11276817]"
77,2669,meta-llama/Llama-3.1-8B,512,4,0,856455741,856455741,681144078,776912131,26514536,"[54603382, 13663411, 11276817]"
77,2813,meta-llama/Llama-3.1-8B,512,4,0,867740814,867740814,776912131,831515513,12075100,"[13663411, 11276817, 11285073]"
77,2957,meta-llama/Llama-3.1-8B,520,4,3000000000,3592627686,592627686,252018,558082764,11514974,"[11513918, 11514974, 11516030]"
77,3101,meta-llama/Llama-3.1-8B,520,4,3000000000,3592627686,592627686,252018,558082764,11514974,"[11513918, 11514974, 11516030]"
77,3245,meta-llama/Llama-3.1-8B,520,4,3000000000,3592627686,592627686,252018,558082764,11514974,"[11513918, 11514974, 11516030]"
77,3389,meta-llama/Llama-3.1-8B,520,4,3000000000,3592627686,592627686,252018,558082764,11514974,"[11513918, 11514974, 11516030]"
77,3533,meta-llama/Llama-3.1-8B,520,4,3000000000,3592627686,592627686,252018,558082764,11514974,"[11513918, 11514974, 11516030]"
77,3677,meta-llama/Llama-3.1-8B,520,4,3000000000,3592627686,592627686,252018,558082764,11514974,"[11513918, 11514974, 11516030]"
77,3821,meta-llama/Llama-3.1-8B,520,4,3000000000,3592627686,592627686,252018,558082764,11514974,"[11513918, 11514974, 11516030]"
77,3965,meta-llama/Llama-3.1-8B,520,4,3000000000,3592627686,592627686,252018,558082764,11514974,"[11513918, 11514974, 11516030]"
77,4109,meta-llama/Llama-3.1-8B,520,4,3000000000,4595106438,1595106438,592627686,1560561516,11514974,"[11513918, 11514974, 11516030]"
77,4253,meta-llama/Llama-3.1-8B,520,4,3000000000,4595106438,1595106438,592627686,1560561516,11514974,"[11513918, 11514974, 11516030]"
77,4397,meta-llama/Llama-3.1-8B,520,4,3000000000,4595106438,1595106438,592627686,1560561516,11514974,"[11513918, 11514974, 11516030]"
77,4541,meta-llama/Llama-3.1-8B,520,4,3000000000,4595106438,1595106438,592627686,1560561516,11514974,"[11513918, 11514974, 11516030]"
77,4685,meta-llama/Llama-3.1-8B,520,4,3000000000,4595106438,1595106438,592627686,1560561516,11514974,"[11513918, 11514974, 11516030]"
77,4829,meta-llama/Llama-3.1-8B,520,4,3000000000,4595106438,1595106438,592627686,1560561516,11514974,"[11513918, 11514974, 11516030]"
77,4973,meta-llama/Llama-3.1-8B,520,4,3000000000,4595106438,1595106438,592627686,1560561516,11514974,"[11513918, 11514974, 11516030]"
77,5117,meta-llama/Llama-3.1-8B,520,4,3000000000,4595106438,1595106438,592627686,1560561516,11514974,"[11513918, 11514974, 11516030]"
77,5261,meta-llama/Llama-3.1-8B,520,4,3000000000,5594996442,2594996442,1595106438,2561153703,11280913,"[11280401, 11280913, 11281425]"
77,5405,meta-llama/Llama-3.1-8B,520,4,3000000000,5594996442,2594996442,1595106438,2561153703,11280913,"[11280401, 11280913, 11281425]"
77,5549,meta-llama/Llama-3.1-8B,520,4,3000000000,5594996442,2594996442,1595106438,2561153703,11280913,"[11280401, 11280913, 11281425]"
77,5693,meta-llama/Llama-3.1-8B,520,4,3000000000,5594996442,2594996442,1595106438,2561153703,11280913,"[11280401, 11280913, 11281425]"
78,78,meta-llama/Llama-3.1-8B,512,4,0,341301210,341301210,1,124432038,72289724,"[159065888, 45946541, 11856743]"
78,222,meta-llama/Llama-3.1-8B,512,4,0,341301210,341301210,1,124432038,72289724,"[159065888, 45946541, 11856743]"
78,366,meta-llama/Llama-3.1-8B,512,4,0,341301210,341301210,1,124432038,72289724,"[159065888, 45946541, 11856743]"
78,510,meta-llama/Llama-3.1-8B,512,4,0,341301210,341301210,1,124432038,72289724,"[159065888, 45946541, 11856743]"
78,654,meta-llama/Llama-3.1-8B,512,4,0,465703705,465703705,124432038,283497926,60735259,"[45946541, 11856743, 124402495]"
78,798,meta-llama/Llama-3.1-8B,512,4,0,465703705,465703705,124432038,283497926,60735259,"[45946541, 11856743, 124402495]"
78,942,meta-llama/Llama-3.1-8B,512,4,0,465703705,465703705,124432038,283497926,60735259,"[45946541, 11856743, 124402495]"
78,1086,meta-llama/Llama-3.1-8B,512,4,0,598862197,598862197,283497926,329444467,89805910,"[11856743, 124402495, 133158492]"
78,1230,meta-llama/Llama-3.1-8B,512,4,0,681302217,681302217,341301210,465703705,71866170,"[133158492, 61333814, 21106206]"
78,1374,meta-llama/Llama-3.1-8B,512,4,0,681302217,681302217,341301210,465703705,71866170,"[133158492, 61333814, 21106206]"
78,1518,meta-llama/Llama-3.1-8B,512,4,0,681302217,681302217,341301210,465703705,71866170,"[133158492, 61333814, 21106206]"
78,1662,meta-llama/Llama-3.1-8B,512,4,0,777307535,777307535,465703705,598862197,59481779,"[61333814, 21106206, 96005318]"
78,1806,meta-llama/Llama-3.1-8B,512,4,0,777307535,777307535,465703705,598862197,59481779,"[61333814, 21106206, 96005318]"
78,1950,meta-llama/Llama-3.1-8B,512,4,0,777307535,777307535,465703705,598862197,59481779,"[61333814, 21106206, 96005318]"
78,2094,meta-llama/Llama-3.1-8B,512,4,0,777307535,777307535,465703705,598862197,59481779,"[61333814, 21106206, 96005318]"
78,2238,meta-llama/Llama-3.1-8B,512,4,0,831647993,831647993,598862197,660196011,57150660,"[21106206, 96005318, 54340458]"
78,2382,meta-llama/Llama-3.1-8B,512,4,0,856720821,856720821,681302217,777307535,26471095,"[54340458, 13796011, 11276817]"
78,2526,meta-llama/Llama-3.1-8B,512,4,0,856720821,856720821,681302217,777307535,26471095,"[54340458, 13796011, 11276817]"
78,2670,meta-llama/Llama-3.1-8B,512,4,0,856720821,856720821,681302217,777307535,26471095,"[54340458, 13796011, 11276817]"
78,2814,meta-llama/Llama-3.1-8B,512,4,0,868005894,868005894,777307535,831647993,12119300,"[13796011, 11276817, 11285073]"
78,2958,meta-llama/Llama-3.1-8B,520,4,3000000000,3599589344,599589344,252018,565044422,11514974,"[11513918, 11514974, 11516030]"
78,3102,meta-llama/Llama-3.1-8B,520,4,3000000000,3599589344,599589344,252018,565044422,11514974,"[11513918, 11514974, 11516030]"
78,3246,meta-llama/Llama-3.1-8B,520,4,3000000000,3599589344,599589344,252018,565044422,11514974,"[11513918, 11514974, 11516030]"
78,3390,meta-llama/Llama-3.1-8B,520,4,3000000000,3599589344,599589344,252018,565044422,11514974,"[11513918, 11514974, 11516030]"
78,3534,meta-llama/Llama-3.1-8B,520,4,3000000000,3599589344,599589344,252018,565044422,11514974,"[11513918, 11514974, 11516030]"
78,3678,meta-llama/Llama-3.1-8B,520,4,3000000000,3599589344,599589344,252018,565044422,11514974,"[11513918, 11514974, 11516030]"
78,3822,meta-llama/Llama-3.1-8B,520,4,3000000000,3599589344,599589344,252018,565044422,11514974,"[11513918, 11514974, 11516030]"
78,3966,meta-llama/Llama-3.1-8B,520,4,3000000000,3599589344,599589344,252018,565044422,11514974,"[11513918, 11514974, 11516030]"
78,4110,meta-llama/Llama-3.1-8B,520,4,3000000000,4602068096,1602068096,599589344,1567523174,11514974,"[11513918, 11514974, 11516030]"
78,4254,meta-llama/Llama-3.1-8B,520,4,3000000000,4602068096,1602068096,599589344,1567523174,11514974,"[11513918, 11514974, 11516030]"
78,4398,meta-llama/Llama-3.1-8B,520,4,3000000000,4602068096,1602068096,599589344,1567523174,11514974,"[11513918, 11514974, 11516030]"
78,4542,meta-llama/Llama-3.1-8B,520,4,3000000000,4602068096,1602068096,599589344,1567523174,11514974,"[11513918, 11514974, 11516030]"
78,4686,meta-llama/Llama-3.1-8B,520,4,3000000000,4602068096,1602068096,599589344,1567523174,11514974,"[11513918, 11514974, 11516030]"
78,4830,meta-llama/Llama-3.1-8B,520,4,3000000000,4602068096,1602068096,599589344,1567523174,11514974,"[11513918, 11514974, 11516030]"
78,4974,meta-llama/Llama-3.1-8B,520,4,3000000000,4602068096,1602068096,599589344,1567523174,11514974,"[11513918, 11514974, 11516030]"
78,5118,meta-llama/Llama-3.1-8B,520,4,3000000000,4602068096,1602068096,599589344,1567523174,11514974,"[11513918, 11514974, 11516030]"
78,5262,meta-llama/Llama-3.1-8B,520,4,3000000000,5601958100,2601958100,1602068096,2568115361,11280913,"[11280401, 11280913, 11281425]"
78,5406,meta-llama/Llama-3.1-8B,520,4,3000000000,5601958100,2601958100,1602068096,2568115361,11280913,"[11280401, 11280913, 11281425]"
78,5550,meta-llama/Llama-3.1-8B,520,4,3000000000,5601958100,2601958100,1602068096,2568115361,11280913,"[11280401, 11280913, 11281425]"
78,5694,meta-llama/Llama-3.1-8B,520,4,3000000000,5601958100,2601958100,1602068096,2568115361,11280913,"[11280401, 11280913, 11281425]"
79,79,meta-llama/Llama-3.1-8B,512,4,0,341303382,341303382,1,124957494,72115296,"[159065888, 45424026, 11855974]"
79,223,meta-llama/Llama-3.1-8B,512,4,0,341303382,341303382,1,124957494,72115296,"[159065888, 45424026, 11855974]"
79,367,meta-llama/Llama-3.1-8B,512,4,0,341303382,341303382,1,124957494,72115296,"[159065888, 45424026, 11855974]"
79,511,meta-llama/Llama-3.1-8B,512,4,0,341303382,341303382,1,124957494,72115296,"[159065888, 45424026, 11855974]"
79,655,meta-llama/Llama-3.1-8B,512,4,0,466229161,466229161,124957494,284023382,60735259,"[45424026, 11855974, 124925779]"
79,799,meta-llama/Llama-3.1-8B,512,4,0,466229161,466229161,124957494,284023382,60735259,"[45424026, 11855974, 124925779]"
79,943,meta-llama/Llama-3.1-8B,512,4,0,466229161,466229161,124957494,284023382,60735259,"[45424026, 11855974, 124925779]"
79,1087,meta-llama/Llama-3.1-8B,512,4,0,599258371,599258371,284023382,329447408,89936987,"[11855974, 124925779, 133029210]"
79,1231,meta-llama/Llama-3.1-8B,512,4,0,681304389,681304389,341303382,466229161,71691742,"[133029210, 61070889, 20975129]"
79,1375,meta-llama/Llama-3.1-8B,512,4,0,681304389,681304389,341303382,466229161,71691742,"[133029210, 61070889, 20975129]"
79,1519,meta-llama/Llama-3.1-8B,512,4,0,681304389,681304389,341303382,466229161,71691742,"[133029210, 61070889, 20975129]"
79,1663,meta-llama/Llama-3.1-8B,512,4,0,777730976,777730976,466229161,599258371,59490868,"[61070889, 20975129, 96426587]"
79,1807,meta-llama/Llama-3.1-8B,512,4,0,777730976,777730976,466229161,599258371,59490868,"[61070889, 20975129, 96426587]"
79,1951,meta-llama/Llama-3.1-8B,512,4,0,777730976,777730976,466229161,599258371,59490868,"[61070889, 20975129, 96426587]"
79,2095,meta-llama/Llama-3.1-8B,512,4,0,777730976,777730976,466229161,599258371,59490868,"[61070889, 20975129, 96426587]"
79,2239,meta-llama/Llama-3.1-8B,512,4,0,831780593,831780593,599258371,660329260,57150444,"[20975129, 96426587, 54049617]"
79,2383,meta-llama/Llama-3.1-8B,512,4,0,856990485,856990485,681304389,777730976,26419836,"[54049617, 13933075, 11276817]"
79,2527,meta-llama/Llama-3.1-8B,512,4,0,856990485,856990485,681304389,777730976,26419836,"[54049617, 13933075, 11276817]"
79,2671,meta-llama/Llama-3.1-8B,512,4,0,856990485,856990485,681304389,777730976,26419836,"[54049617, 13933075, 11276817]"
79,2815,meta-llama/Llama-3.1-8B,512,4,0,868275558,868275558,777730976,831780593,12164988,"[13933075, 11276817, 11285073]"
79,2959,meta-llama/Llama-3.1-8B,520,4,3000000000,3606551002,606551002,252018,572006080,11514974,"[11513918, 11514974, 11516030]"
79,3103,meta-llama/Llama-3.1-8B,520,4,3000000000,3606551002,606551002,252018,572006080,11514974,"[11513918, 11514974, 11516030]"
79,3247,meta-llama/Llama-3.1-8B,520,4,3000000000,3606551002,606551002,252018,572006080,11514974,"[11513918, 11514974, 11516030]"
79,3391,meta-llama/Llama-3.1-8B,520,4,3000000000,3606551002,606551002,252018,572006080,11514974,"[11513918, 11514974, 11516030]"
79,3535,meta-llama/Llama-3.1-8B,520,4,3000000000,3606551002,606551002,252018,572006080,11514974,"[11513918, 11514974, 11516030]"
79,3679,meta-llama/Llama-3.1-8B,520,4,3000000000,3606551002,606551002,252018,572006080,11514974,"[11513918, 11514974, 11516030]"
79,3823,meta-llama/Llama-3.1-8B,520,4,3000000000,3606551002,606551002,252018,572006080,11514974,"[11513918, 11514974, 11516030]"
79,3967,meta-llama/Llama-3.1-8B,520,4,3000000000,3606551002,606551002,252018,572006080,11514974,"[11513918, 11514974, 11516030]"
79,4111,meta-llama/Llama-3.1-8B,520,4,3000000000,4609029754,1609029754,606551002,1574484832,11514974,"[11513918, 11514974, 11516030]"
79,4255,meta-llama/Llama-3.1-8B,520,4,3000000000,4609029754,1609029754,606551002,1574484832,11514974,"[11513918, 11514974, 11516030]"
79,4399,meta-llama/Llama-3.1-8B,520,4,3000000000,4609029754,1609029754,606551002,1574484832,11514974,"[11513918, 11514974, 11516030]"
79,4543,meta-llama/Llama-3.1-8B,520,4,3000000000,4609029754,1609029754,606551002,1574484832,11514974,"[11513918, 11514974, 11516030]"
79,4687,meta-llama/Llama-3.1-8B,520,4,3000000000,4609029754,1609029754,606551002,1574484832,11514974,"[11513918, 11514974, 11516030]"
79,4831,meta-llama/Llama-3.1-8B,520,4,3000000000,4609029754,1609029754,606551002,1574484832,11514974,"[11513918, 11514974, 11516030]"
79,4975,meta-llama/Llama-3.1-8B,520,4,3000000000,4609029754,1609029754,606551002,1574484832,11514974,"[11513918, 11514974, 11516030]"
79,5119,meta-llama/Llama-3.1-8B,520,4,3000000000,4609029754,1609029754,606551002,1574484832,11514974,"[11513918, 11514974, 11516030]"
79,5263,meta-llama/Llama-3.1-8B,520,4,3000000000,5608919758,2608919758,1609029754,2575077019,11280913,"[11280401, 11280913, 11281425]"
79,5407,meta-llama/Llama-3.1-8B,520,4,3000000000,5608919758,2608919758,1609029754,2575077019,11280913,"[11280401, 11280913, 11281425]"
79,5551,meta-llama/Llama-3.1-8B,520,4,3000000000,5608919758,2608919758,1609029754,2575077019,11280913,"[11280401, 11280913, 11281425]"
79,5695,meta-llama/Llama-3.1-8B,520,4,3000000000,5608919758,2608919758,1609029754,2575077019,11280913,"[11280401, 11280913, 11281425]"
80,80,meta-llama/Llama-3.1-8B,512,4,0,341305554,341305554,1,125482950,71940868,"[159065888, 44901511, 11855205]"
80,224,meta-llama/Llama-3.1-8B,512,4,0,341305554,341305554,1,125482950,71940868,"[159065888, 44901511, 11855205]"
80,368,meta-llama/Llama-3.1-8B,512,4,0,341305554,341305554,1,125482950,71940868,"[159065888, 44901511, 11855205]"
80,512,meta-llama/Llama-3.1-8B,512,4,0,341305554,341305554,1,125482950,71940868,"[159065888, 44901511, 11855205]"
80,656,meta-llama/Llama-3.1-8B,512,4,0,466754617,466754617,125482950,284548838,60735259,"[44901511, 11855205, 125449063]"
80,800,meta-llama/Llama-3.1-8B,512,4,0,466754617,466754617,125482950,284548838,60735259,"[44901511, 11855205, 125449063]"
80,944,meta-llama/Llama-3.1-8B,512,4,0,466754617,466754617,125482950,284548838,60735259,"[44901511, 11855205, 125449063]"
80,1088,meta-llama/Llama-3.1-8B,512,4,0,599654545,599654545,284548838,329450349,90068065,"[11855205, 125449063, 132899928]"
80,1232,meta-llama/Llama-3.1-8B,512,4,0,681306561,681306561,341305554,466754617,71517314,"[132899928, 60807964, 20844052]"
80,1376,meta-llama/Llama-3.1-8B,512,4,0,681306561,681306561,341305554,466754617,71517314,"[132899928, 60807964, 20844052]"
80,1520,meta-llama/Llama-3.1-8B,512,4,0,681306561,681306561,341305554,466754617,71517314,"[132899928, 60807964, 20844052]"
80,1664,meta-llama/Llama-3.1-8B,512,4,0,778126380,778126380,466754617,599654545,59490611,"[60807964, 20844052, 96819819]"
80,1808,meta-llama/Llama-3.1-8B,512,4,0,778126380,778126380,466754617,599654545,59490611,"[60807964, 20844052, 96819819]"
80,1952,meta-llama/Llama-3.1-8B,512,4,0,778126380,778126380,466754617,599654545,59490611,"[60807964, 20844052, 96819819]"
80,2096,meta-llama/Llama-3.1-8B,512,4,0,778126380,778126380,466754617,599654545,59490611,"[60807964, 20844052, 96819819]"
80,2240,meta-llama/Llama-3.1-8B,512,4,0,831913073,831913073,599654545,660462509,57150188,"[20844052, 96819819, 53786693]"
80,2384,meta-llama/Llama-3.1-8B,512,4,0,857123085,857123085,681306561,778126380,26332235,"[53786693, 13933195, 11276817]"
80,2528,meta-llama/Llama-3.1-8B,512,4,0,857123085,857123085,681306561,778126380,26332235,"[53786693, 13933195, 11276817]"
80,2672,meta-llama/Llama-3.1-8B,512,4,0,857123085,857123085,681306561,778126380,26332235,"[53786693, 13933195, 11276817]"
80,2816,meta-llama/Llama-3.1-8B,512,4,0,868408158,868408158,778126380,831913073,12165028,"[13933195, 11276817, 11285073]"
80,2960,meta-llama/Llama-3.1-8B,520,4,3000000000,3613512660,613512660,252018,578967738,11514974,"[11513918, 11514974, 11516030]"
80,3104,meta-llama/Llama-3.1-8B,520,4,3000000000,3613512660,613512660,252018,578967738,11514974,"[11513918, 11514974, 11516030]"
80,3248,meta-llama/Llama-3.1-8B,520,4,3000000000,3613512660,613512660,252018,578967738,11514974,"[11513918, 11514974, 11516030]"
80,3392,meta-llama/Llama-3.1-8B,520,4,3000000000,3613512660,613512660,252018,578967738,11514974,"[11513918, 11514974, 11516030]"
80,3536,meta-llama/Llama-3.1-8B,520,4,3000000000,3613512660,613512660,252018,578967738,11514974,"[11513918, 11514974, 11516030]"
80,3680,meta-llama/Llama-3.1-8B,520,4,3000000000,3613512660,613512660,252018,578967738,11514974,"[11513918, 11514974, 11516030]"
80,3824,meta-llama/Llama-3.1-8B,520,4,3000000000,3613512660,613512660,252018,578967738,11514974,"[11513918, 11514974, 11516030]"
80,3968,meta-llama/Llama-3.1-8B,520,4,3000000000,3613512660,613512660,252018,578967738,11514974,"[11513918, 11514974, 11516030]"
80,4112,meta-llama/Llama-3.1-8B,520,4,3000000000,4615991412,1615991412,613512660,1581446490,11514974,"[11513918, 11514974, 11516030]"
80,4256,meta-llama/Llama-3.1-8B,520,4,3000000000,4615991412,1615991412,613512660,1581446490,11514974,"[11513918, 11514974, 11516030]"
80,4400,meta-llama/Llama-3.1-8B,520,4,3000000000,4615991412,1615991412,613512660,1581446490,11514974,"[11513918, 11514974, 11516030]"
80,4544,meta-llama/Llama-3.1-8B,520,4,3000000000,4615991412,1615991412,613512660,1581446490,11514974,"[11513918, 11514974, 11516030]"
80,4688,meta-llama/Llama-3.1-8B,520,4,3000000000,4615991412,1615991412,613512660,1581446490,11514974,"[11513918, 11514974, 11516030]"
80,4832,meta-llama/Llama-3.1-8B,520,4,3000000000,4615991412,1615991412,613512660,1581446490,11514974,"[11513918, 11514974, 11516030]"
80,4976,meta-llama/Llama-3.1-8B,520,4,3000000000,4615991412,1615991412,613512660,1581446490,11514974,"[11513918, 11514974, 11516030]"
80,5120,meta-llama/Llama-3.1-8B,520,4,3000000000,4615991412,1615991412,613512660,1581446490,11514974,"[11513918, 11514974, 11516030]"
80,5264,meta-llama/Llama-3.1-8B,520,4,3000000000,5615881416,2615881416,1615991412,2582038677,11280913,"[11280401, 11280913, 11281425]"
80,5408,meta-llama/Llama-3.1-8B,520,4,3000000000,5615881416,2615881416,1615991412,2582038677,11280913,"[11280401, 11280913, 11281425]"
80,5552,meta-llama/Llama-3.1-8B,520,4,3000000000,5615881416,2615881416,1615991412,2582038677,11280913,"[11280401, 11280913, 11281425]"
80,5696,meta-llama/Llama-3.1-8B,520,4,3000000000,5615881416,2615881416,1615991412,2582038677,11280913,"[11280401, 11280913, 11281425]"
81,81,meta-llama/Llama-3.1-8B,512,4,0,341307726,341307726,1,126008406,71766440,"[159065888, 44378996, 11854436]"
81,225,meta-llama/Llama-3.1-8B,512,4,0,341307726,341307726,1,126008406,71766440,"[159065888, 44378996, 11854436]"
81,369,meta-llama/Llama-3.1-8B,512,4,0,341307726,341307726,1,126008406,71766440,"[159065888, 44378996, 11854436]"
81,513,meta-llama/Llama-3.1-8B,512,4,0,341307726,341307726,1,126008406,71766440,"[159065888, 44378996, 11854436]"
81,657,meta-llama/Llama-3.1-8B,512,4,0,467280073,467280073,126008406,285074294,60735259,"[44378996, 11854436, 125972347]"
81,801,meta-llama/Llama-3.1-8B,512,4,0,467280073,467280073,126008406,285074294,60735259,"[44378996, 11854436, 125972347]"
81,945,meta-llama/Llama-3.1-8B,512,4,0,467280073,467280073,126008406,285074294,60735259,"[44378996, 11854436, 125972347]"
81,1089,meta-llama/Llama-3.1-8B,512,4,0,600050719,600050719,285074294,329453290,90199143,"[11854436, 125972347, 132770646]"
81,1233,meta-llama/Llama-3.1-8B,512,4,0,681308733,681308733,341307726,467280073,71342886,"[132770646, 60545039, 20712975]"
81,1377,meta-llama/Llama-3.1-8B,512,4,0,681308733,681308733,341307726,467280073,71342886,"[132770646, 60545039, 20712975]"
81,1521,meta-llama/Llama-3.1-8B,512,4,0,681308733,681308733,341307726,467280073,71342886,"[132770646, 60545039, 20712975]"
81,1665,meta-llama/Llama-3.1-8B,512,4,0,778521784,778521784,467280073,600050719,59490355,"[60545039, 20712975, 97213051]"
81,1809,meta-llama/Llama-3.1-8B,512,4,0,778521784,778521784,467280073,600050719,59490355,"[60545039, 20712975, 97213051]"
81,1953,meta-llama/Llama-3.1-8B,512,4,0,778521784,778521784,467280073,600050719,59490355,"[60545039, 20712975, 97213051]"
81,2097,meta-llama/Llama-3.1-8B,512,4,0,778521784,778521784,467280073,600050719,59490355,"[60545039, 20712975, 97213051]"
81,2241,meta-llama/Llama-3.1-8B,512,4,0,832045553,832045553,600050719,660595758,57149931,"[20712975, 97213051, 53523769]"
81,2385,meta-llama/Llama-3.1-8B,512,4,0,857388165,857388165,681308733,778521784,26288793,"[53523769, 14065795, 11276817]"
81,2529,meta-llama/Llama-3.1-8B,512,4,0,857388165,857388165,681308733,778521784,26288793,"[53523769, 14065795, 11276817]"
81,2673,meta-llama/Llama-3.1-8B,512,4,0,857388165,857388165,681308733,778521784,26288793,"[53523769, 14065795, 11276817]"
81,2817,meta-llama/Llama-3.1-8B,512,4,0,868673238,868673238,778521784,832045553,12209228,"[14065795, 11276817, 11285073]"
81,2961,meta-llama/Llama-3.1-8B,520,4,3000000000,3620474318,620474318,252018,585929396,11514974,"[11513918, 11514974, 11516030]"
81,3105,meta-llama/Llama-3.1-8B,520,4,3000000000,3620474318,620474318,252018,585929396,11514974,"[11513918, 11514974, 11516030]"
81,3249,meta-llama/Llama-3.1-8B,520,4,3000000000,3620474318,620474318,252018,585929396,11514974,"[11513918, 11514974, 11516030]"
81,3393,meta-llama/Llama-3.1-8B,520,4,3000000000,3620474318,620474318,252018,585929396,11514974,"[11513918, 11514974, 11516030]"
81,3537,meta-llama/Llama-3.1-8B,520,4,3000000000,3620474318,620474318,252018,585929396,11514974,"[11513918, 11514974, 11516030]"
81,3681,meta-llama/Llama-3.1-8B,520,4,3000000000,3620474318,620474318,252018,585929396,11514974,"[11513918, 11514974, 11516030]"
81,3825,meta-llama/Llama-3.1-8B,520,4,3000000000,3620474318,620474318,252018,585929396,11514974,"[11513918, 11514974, 11516030]"
81,3969,meta-llama/Llama-3.1-8B,520,4,3000000000,3620474318,620474318,252018,585929396,11514974,"[11513918, 11514974, 11516030]"
81,4113,meta-llama/Llama-3.1-8B,520,4,3000000000,4622953070,1622953070,620474318,1588408148,11514974,"[11513918, 11514974, 11516030]"
81,4257,meta-llama/Llama-3.1-8B,520,4,3000000000,4622953070,1622953070,620474318,1588408148,11514974,"[11513918, 11514974, 11516030]"
81,4401,meta-llama/Llama-3.1-8B,520,4,3000000000,4622953070,1622953070,620474318,1588408148,11514974,"[11513918, 11514974, 11516030]"
81,4545,meta-llama/Llama-3.1-8B,520,4,3000000000,4622953070,1622953070,620474318,1588408148,11514974,"[11513918, 11514974, 11516030]"
81,4689,meta-llama/Llama-3.1-8B,520,4,3000000000,4622953070,1622953070,620474318,1588408148,11514974,"[11513918, 11514974, 11516030]"
81,4833,meta-llama/Llama-3.1-8B,520,4,3000000000,4622953070,1622953070,620474318,1588408148,11514974,"[11513918, 11514974, 11516030]"
81,4977,meta-llama/Llama-3.1-8B,520,4,3000000000,4622953070,1622953070,620474318,1588408148,11514974,"[11513918, 11514974, 11516030]"
81,5121,meta-llama/Llama-3.1-8B,520,4,3000000000,4622953070,1622953070,620474318,1588408148,11514974,"[11513918, 11514974, 11516030]"
81,5265,meta-llama/Llama-3.1-8B,520,4,3000000000,5622843074,2622843074,1622953070,2589000335,11280913,"[11280401, 11280913, 11281425]"
81,5409,meta-llama/Llama-3.1-8B,520,4,3000000000,5622843074,2622843074,1622953070,2589000335,11280913,"[11280401, 11280913, 11281425]"
81,5553,meta-llama/Llama-3.1-8B,520,4,3000000000,5622843074,2622843074,1622953070,2589000335,11280913,"[11280401, 11280913, 11281425]"
81,5697,meta-llama/Llama-3.1-8B,520,4,3000000000,5622843074,2622843074,1622953070,2589000335,11280913,"[11280401, 11280913, 11281425]"
82,82,meta-llama/Llama-3.1-8B,512,4,0,341309898,341309898,1,126533862,71592012,"[159065888, 43856481, 11853667]"
82,226,meta-llama/Llama-3.1-8B,512,4,0,341309898,341309898,1,126533862,71592012,"[159065888, 43856481, 11853667]"
82,370,meta-llama/Llama-3.1-8B,512,4,0,341309898,341309898,1,126533862,71592012,"[159065888, 43856481, 11853667]"
82,514,meta-llama/Llama-3.1-8B,512,4,0,341309898,341309898,1,126533862,71592012,"[159065888, 43856481, 11853667]"
82,658,meta-llama/Llama-3.1-8B,512,4,0,467805529,467805529,126533862,285599750,60735259,"[43856481, 11853667, 126495631]"
82,802,meta-llama/Llama-3.1-8B,512,4,0,467805529,467805529,126533862,285599750,60735259,"[43856481, 11853667, 126495631]"
82,946,meta-llama/Llama-3.1-8B,512,4,0,467805529,467805529,126533862,285599750,60735259,"[43856481, 11853667, 126495631]"
82,1090,meta-llama/Llama-3.1-8B,512,4,0,600446893,600446893,285599750,329456231,90330220,"[11853667, 126495631, 132641364]"
82,1234,meta-llama/Llama-3.1-8B,512,4,0,681310905,681310905,341309898,467805529,71168458,"[132641364, 60282114, 20581898]"
82,1378,meta-llama/Llama-3.1-8B,512,4,0,681310905,681310905,341309898,467805529,71168458,"[132641364, 60282114, 20581898]"
82,1522,meta-llama/Llama-3.1-8B,512,4,0,681310905,681310905,341309898,467805529,71168458,"[132641364, 60282114, 20581898]"
82,1666,meta-llama/Llama-3.1-8B,512,4,0,778945225,778945225,467805529,600446893,59499444,"[60282114, 20581898, 97634320]"
82,1810,meta-llama/Llama-3.1-8B,512,4,0,778945225,778945225,467805529,600446893,59499444,"[60282114, 20581898, 97634320]"
82,1954,meta-llama/Llama-3.1-8B,512,4,0,778945225,778945225,467805529,600446893,59499444,"[60282114, 20581898, 97634320]"
82,2098,meta-llama/Llama-3.1-8B,512,4,0,778945225,778945225,467805529,600446893,59499444,"[60282114, 20581898, 97634320]"
82,2242,meta-llama/Llama-3.1-8B,512,4,0,832178393,832178393,600446893,660729007,57149795,"[20581898, 97634320, 53233168]"
82,2386,meta-llama/Llama-3.1-8B,512,4,0,857653245,857653245,681310905,778945225,26236006,"[53233168, 14198035, 11276817]"
82,2530,meta-llama/Llama-3.1-8B,512,4,0,857653245,857653245,681310905,778945225,26236006,"[53233168, 14198035, 11276817]"
82,2674,meta-llama/Llama-3.1-8B,512,4,0,857653245,857653245,681310905,778945225,26236006,"[53233168, 14198035, 11276817]"
82,2818,meta-llama/Llama-3.1-8B,512,4,0,868938318,868938318,778945225,832178393,12253308,"[14198035, 11276817, 11285073]"
82,2962,meta-llama/Llama-3.1-8B,520,4,3000000000,3627435976,627435976,252018,592891054,11514974,"[11513918, 11514974, 11516030]"
82,3106,meta-llama/Llama-3.1-8B,520,4,3000000000,3627435976,627435976,252018,592891054,11514974,"[11513918, 11514974, 11516030]"
82,3250,meta-llama/Llama-3.1-8B,520,4,3000000000,3627435976,627435976,252018,592891054,11514974,"[11513918, 11514974, 11516030]"
82,3394,meta-llama/Llama-3.1-8B,520,4,3000000000,3627435976,627435976,252018,592891054,11514974,"[11513918, 11514974, 11516030]"
82,3538,meta-llama/Llama-3.1-8B,520,4,3000000000,3627435976,627435976,252018,592891054,11514974,"[11513918, 11514974, 11516030]"
82,3682,meta-llama/Llama-3.1-8B,520,4,3000000000,3627435976,627435976,252018,592891054,11514974,"[11513918, 11514974, 11516030]"
82,3826,meta-llama/Llama-3.1-8B,520,4,3000000000,3627435976,627435976,252018,592891054,11514974,"[11513918, 11514974, 11516030]"
82,3970,meta-llama/Llama-3.1-8B,520,4,3000000000,3627435976,627435976,252018,592891054,11514974,"[11513918, 11514974, 11516030]"
82,4114,meta-llama/Llama-3.1-8B,520,4,3000000000,4629914728,1629914728,627435976,1595369806,11514974,"[11513918, 11514974, 11516030]"
82,4258,meta-llama/Llama-3.1-8B,520,4,3000000000,4629914728,1629914728,627435976,1595369806,11514974,"[11513918, 11514974, 11516030]"
82,4402,meta-llama/Llama-3.1-8B,520,4,3000000000,4629914728,1629914728,627435976,1595369806,11514974,"[11513918, 11514974, 11516030]"
82,4546,meta-llama/Llama-3.1-8B,520,4,3000000000,4629914728,1629914728,627435976,1595369806,11514974,"[11513918, 11514974, 11516030]"
82,4690,meta-llama/Llama-3.1-8B,520,4,3000000000,4629914728,1629914728,627435976,1595369806,11514974,"[11513918, 11514974, 11516030]"
82,4834,meta-llama/Llama-3.1-8B,520,4,3000000000,4629914728,1629914728,627435976,1595369806,11514974,"[11513918, 11514974, 11516030]"
82,4978,meta-llama/Llama-3.1-8B,520,4,3000000000,4629914728,1629914728,627435976,1595369806,11514974,"[11513918, 11514974, 11516030]"
82,5122,meta-llama/Llama-3.1-8B,520,4,3000000000,4629914728,1629914728,627435976,1595369806,11514974,"[11513918, 11514974, 11516030]"
82,5266,meta-llama/Llama-3.1-8B,520,4,3000000000,5629804732,2629804732,1629914728,2595961993,11280913,"[11280401, 11280913, 11281425]"
82,5410,meta-llama/Llama-3.1-8B,520,4,3000000000,5629804732,2629804732,1629914728,2595961993,11280913,"[11280401, 11280913, 11281425]"
82,5554,meta-llama/Llama-3.1-8B,520,4,3000000000,5629804732,2629804732,1629914728,2595961993,11280913,"[11280401, 11280913, 11281425]"
82,5698,meta-llama/Llama-3.1-8B,520,4,3000000000,5629804732,2629804732,1629914728,2595961993,11280913,"[11280401, 11280913, 11281425]"
83,83,meta-llama/Llama-3.1-8B,512,4,0,341312070,341312070,1,127059318,71417584,"[159065888, 43333966, 11852898]"
83,227,meta-llama/Llama-3.1-8B,512,4,0,341312070,341312070,1,127059318,71417584,"[159065888, 43333966, 11852898]"
83,371,meta-llama/Llama-3.1-8B,512,4,0,341312070,341312070,1,127059318,71417584,"[159065888, 43333966, 11852898]"
83,515,meta-llama/Llama-3.1-8B,512,4,0,341312070,341312070,1,127059318,71417584,"[159065888, 43333966, 11852898]"
83,659,meta-llama/Llama-3.1-8B,512,4,0,468330985,468330985,127059318,286125206,60735259,"[43333966, 11852898, 127018915]"
83,803,meta-llama/Llama-3.1-8B,512,4,0,468330985,468330985,127059318,286125206,60735259,"[43333966, 11852898, 127018915]"
83,947,meta-llama/Llama-3.1-8B,512,4,0,468330985,468330985,127059318,286125206,60735259,"[43333966, 11852898, 127018915]"
83,1091,meta-llama/Llama-3.1-8B,512,4,0,600843067,600843067,286125206,329459172,90461298,"[11852898, 127018915, 132512082]"
83,1235,meta-llama/Llama-3.1-8B,512,4,0,681313077,681313077,341312070,468330985,70994030,"[132512082, 60019189, 20450821]"
83,1379,meta-llama/Llama-3.1-8B,512,4,0,681313077,681313077,341312070,468330985,70994030,"[132512082, 60019189, 20450821]"
83,1523,meta-llama/Llama-3.1-8B,512,4,0,681313077,681313077,341312070,468330985,70994030,"[132512082, 60019189, 20450821]"
83,1667,meta-llama/Llama-3.1-8B,512,4,0,779340629,779340629,468330985,600843067,59499187,"[60019189, 20450821, 98027552]"
83,1811,meta-llama/Llama-3.1-8B,512,4,0,779340629,779340629,468330985,600843067,59499187,"[60019189, 20450821, 98027552]"
83,1955,meta-llama/Llama-3.1-8B,512,4,0,779340629,779340629,468330985,600843067,59499187,"[60019189, 20450821, 98027552]"
83,2099,meta-llama/Llama-3.1-8B,512,4,0,779340629,779340629,468330985,600843067,59499187,"[60019189, 20450821, 98027552]"
83,2243,meta-llama/Llama-3.1-8B,512,4,0,832310873,832310873,600843067,660862256,57149539,"[20450821, 98027552, 52970244]"
83,2387,meta-llama/Llama-3.1-8B,512,4,0,857785845,857785845,681313077,779340629,26148405,"[52970244, 14198155, 11276817]"
83,2531,meta-llama/Llama-3.1-8B,512,4,0,857785845,857785845,681313077,779340629,26148405,"[52970244, 14198155, 11276817]"
83,2675,meta-llama/Llama-3.1-8B,512,4,0,857785845,857785845,681313077,779340629,26148405,"[52970244, 14198155, 11276817]"
83,2819,meta-llama/Llama-3.1-8B,512,4,0,869070918,869070918,779340629,832310873,12253348,"[14198155, 11276817, 11285073]"
83,2963,meta-llama/Llama-3.1-8B,520,4,3000000000,3634397634,634397634,252018,599852712,11514974,"[11513918, 11514974, 11516030]"
83,3107,meta-llama/Llama-3.1-8B,520,4,3000000000,3634397634,634397634,252018,599852712,11514974,"[11513918, 11514974, 11516030]"
83,3251,meta-llama/Llama-3.1-8B,520,4,3000000000,3634397634,634397634,252018,599852712,11514974,"[11513918, 11514974, 11516030]"
83,3395,meta-llama/Llama-3.1-8B,520,4,3000000000,3634397634,634397634,252018,599852712,11514974,"[11513918, 11514974, 11516030]"
83,3539,meta-llama/Llama-3.1-8B,520,4,3000000000,3634397634,634397634,252018,599852712,11514974,"[11513918, 11514974, 11516030]"
83,3683,meta-llama/Llama-3.1-8B,520,4,3000000000,3634397634,634397634,252018,599852712,11514974,"[11513918, 11514974, 11516030]"
83,3827,meta-llama/Llama-3.1-8B,520,4,3000000000,3634397634,634397634,252018,599852712,11514974,"[11513918, 11514974, 11516030]"
83,3971,meta-llama/Llama-3.1-8B,520,4,3000000000,3634397634,634397634,252018,599852712,11514974,"[11513918, 11514974, 11516030]"
83,4115,meta-llama/Llama-3.1-8B,520,4,3000000000,4636876386,1636876386,634397634,1602331464,11514974,"[11513918, 11514974, 11516030]"
83,4259,meta-llama/Llama-3.1-8B,520,4,3000000000,4636876386,1636876386,634397634,1602331464,11514974,"[11513918, 11514974, 11516030]"
83,4403,meta-llama/Llama-3.1-8B,520,4,3000000000,4636876386,1636876386,634397634,1602331464,11514974,"[11513918, 11514974, 11516030]"
83,4547,meta-llama/Llama-3.1-8B,520,4,3000000000,4636876386,1636876386,634397634,1602331464,11514974,"[11513918, 11514974, 11516030]"
83,4691,meta-llama/Llama-3.1-8B,520,4,3000000000,4636876386,1636876386,634397634,1602331464,11514974,"[11513918, 11514974, 11516030]"
83,4835,meta-llama/Llama-3.1-8B,520,4,3000000000,4636876386,1636876386,634397634,1602331464,11514974,"[11513918, 11514974, 11516030]"
83,4979,meta-llama/Llama-3.1-8B,520,4,3000000000,4636876386,1636876386,634397634,1602331464,11514974,"[11513918, 11514974, 11516030]"
83,5123,meta-llama/Llama-3.1-8B,520,4,3000000000,4636876386,1636876386,634397634,1602331464,11514974,"[11513918, 11514974, 11516030]"
83,5267,meta-llama/Llama-3.1-8B,520,4,3000000000,5636766390,2636766390,1636876386,2602923651,11280913,"[11280401, 11280913, 11281425]"
83,5411,meta-llama/Llama-3.1-8B,520,4,3000000000,5636766390,2636766390,1636876386,2602923651,11280913,"[11280401, 11280913, 11281425]"
83,5555,meta-llama/Llama-3.1-8B,520,4,3000000000,5636766390,2636766390,1636876386,2602923651,11280913,"[11280401, 11280913, 11281425]"
83,5699,meta-llama/Llama-3.1-8B,520,4,3000000000,5636766390,2636766390,1636876386,2602923651,11280913,"[11280401, 11280913, 11281425]"
84,84,meta-llama/Llama-3.1-8B,512,4,0,341314242,341314242,1,127584774,71243156,"[159065888, 42811451, 11852129]"
84,228,meta-llama/Llama-3.1-8B,512,4,0,341314242,341314242,1,127584774,71243156,"[159065888, 42811451, 11852129]"
84,372,meta-llama/Llama-3.1-8B,512,4,0,341314242,341314242,1,127584774,71243156,"[159065888, 42811451, 11852129]"
84,516,meta-llama/Llama-3.1-8B,512,4,0,341314242,341314242,1,127584774,71243156,"[159065888, 42811451, 11852129]"
84,660,meta-llama/Llama-3.1-8B,512,4,0,468856441,468856441,127584774,286650662,60735259,"[42811451, 11852129, 127542199]"
84,804,meta-llama/Llama-3.1-8B,512,4,0,468856441,468856441,127584774,286650662,60735259,"[42811451, 11852129, 127542199]"
84,948,meta-llama/Llama-3.1-8B,512,4,0,468856441,468856441,127584774,286650662,60735259,"[42811451, 11852129, 127542199]"
84,1092,meta-llama/Llama-3.1-8B,512,4,0,601239241,601239241,286650662,329462113,90592376,"[11852129, 127542199, 132382800]"
84,1236,meta-llama/Llama-3.1-8B,512,4,0,681315249,681315249,341314242,468856441,70819602,"[132382800, 59756264, 20319744]"
84,1380,meta-llama/Llama-3.1-8B,512,4,0,681315249,681315249,341314242,468856441,70819602,"[132382800, 59756264, 20319744]"
84,1524,meta-llama/Llama-3.1-8B,512,4,0,681315249,681315249,341314242,468856441,70819602,"[132382800, 59756264, 20319744]"
84,1668,meta-llama/Llama-3.1-8B,512,4,0,779736033,779736033,468856441,601239241,59498930,"[59756264, 20319744, 98420784]"
84,1812,meta-llama/Llama-3.1-8B,512,4,0,779736033,779736033,468856441,601239241,59498930,"[59756264, 20319744, 98420784]"
84,1956,meta-llama/Llama-3.1-8B,512,4,0,779736033,779736033,468856441,601239241,59498930,"[59756264, 20319744, 98420784]"
84,2100,meta-llama/Llama-3.1-8B,512,4,0,779736033,779736033,468856441,601239241,59498930,"[59756264, 20319744, 98420784]"
84,2244,meta-llama/Llama-3.1-8B,512,4,0,832443353,832443353,601239241,660995505,57149282,"[20319744, 98420784, 52707320]"
84,2388,meta-llama/Llama-3.1-8B,512,4,0,858052071,858052071,681315249,779736033,26105346,"[52707320, 14330755, 11277963]"
84,2532,meta-llama/Llama-3.1-8B,512,4,0,858052071,858052071,681315249,779736033,26105346,"[52707320, 14330755, 11277963]"
84,2676,meta-llama/Llama-3.1-8B,512,4,0,858052071,858052071,681315249,779736033,26105346,"[52707320, 14330755, 11277963]"
84,2820,meta-llama/Llama-3.1-8B,512,4,0,869337144,869337144,779736033,832443353,12297930,"[14330755, 11277963, 11285073]"
84,2964,meta-llama/Llama-3.1-8B,520,4,3000000000,3641359292,641359292,252018,606814370,11514974,"[11513918, 11514974, 11516030]"
84,3108,meta-llama/Llama-3.1-8B,520,4,3000000000,3641359292,641359292,252018,606814370,11514974,"[11513918, 11514974, 11516030]"
84,3252,meta-llama/Llama-3.1-8B,520,4,3000000000,3641359292,641359292,252018,606814370,11514974,"[11513918, 11514974, 11516030]"
84,3396,meta-llama/Llama-3.1-8B,520,4,3000000000,3641359292,641359292,252018,606814370,11514974,"[11513918, 11514974, 11516030]"
84,3540,meta-llama/Llama-3.1-8B,520,4,3000000000,3641359292,641359292,252018,606814370,11514974,"[11513918, 11514974, 11516030]"
84,3684,meta-llama/Llama-3.1-8B,520,4,3000000000,3641359292,641359292,252018,606814370,11514974,"[11513918, 11514974, 11516030]"
84,3828,meta-llama/Llama-3.1-8B,520,4,3000000000,3641359292,641359292,252018,606814370,11514974,"[11513918, 11514974, 11516030]"
84,3972,meta-llama/Llama-3.1-8B,520,4,3000000000,3641359292,641359292,252018,606814370,11514974,"[11513918, 11514974, 11516030]"
84,4116,meta-llama/Llama-3.1-8B,520,4,3000000000,4643838044,1643838044,641359292,1609293122,11514974,"[11513918, 11514974, 11516030]"
84,4260,meta-llama/Llama-3.1-8B,520,4,3000000000,4643838044,1643838044,641359292,1609293122,11514974,"[11513918, 11514974, 11516030]"
84,4404,meta-llama/Llama-3.1-8B,520,4,3000000000,4643838044,1643838044,641359292,1609293122,11514974,"[11513918, 11514974, 11516030]"
84,4548,meta-llama/Llama-3.1-8B,520,4,3000000000,4643838044,1643838044,641359292,1609293122,11514974,"[11513918, 11514974, 11516030]"
84,4692,meta-llama/Llama-3.1-8B,520,4,3000000000,4643838044,1643838044,641359292,1609293122,11514974,"[11513918, 11514974, 11516030]"
84,4836,meta-llama/Llama-3.1-8B,520,4,3000000000,4643838044,1643838044,641359292,1609293122,11514974,"[11513918, 11514974, 11516030]"
84,4980,meta-llama/Llama-3.1-8B,520,4,3000000000,4643838044,1643838044,641359292,1609293122,11514974,"[11513918, 11514974, 11516030]"
84,5124,meta-llama/Llama-3.1-8B,520,4,3000000000,4643838044,1643838044,641359292,1609293122,11514974,"[11513918, 11514974, 11516030]"
84,5268,meta-llama/Llama-3.1-8B,520,4,3000000000,5643728048,2643728048,1643838044,2609885309,11280913,"[11280401, 11280913, 11281425]"
84,5412,meta-llama/Llama-3.1-8B,520,4,3000000000,5643728048,2643728048,1643838044,2609885309,11280913,"[11280401, 11280913, 11281425]"
84,5556,meta-llama/Llama-3.1-8B,520,4,3000000000,5643728048,2643728048,1643838044,2609885309,11280913,"[11280401, 11280913, 11281425]"
84,5700,meta-llama/Llama-3.1-8B,520,4,3000000000,5643728048,2643728048,1643838044,2609885309,11280913,"[11280401, 11280913, 11281425]"
85,85,meta-llama/Llama-3.1-8B,512,4,0,341316414,341316414,1,128110230,71068728,"[159065888, 42288936, 11851360]"
85,229,meta-llama/Llama-3.1-8B,512,4,0,341316414,341316414,1,128110230,71068728,"[159065888, 42288936, 11851360]"
85,373,meta-llama/Llama-3.1-8B,512,4,0,341316414,341316414,1,128110230,71068728,"[159065888, 42288936, 11851360]"
85,517,meta-llama/Llama-3.1-8B,512,4,0,341316414,341316414,1,128110230,71068728,"[159065888, 42288936, 11851360]"
85,661,meta-llama/Llama-3.1-8B,512,4,0,469381897,469381897,128110230,287176118,60735259,"[42288936, 11851360, 128065483]"
85,805,meta-llama/Llama-3.1-8B,512,4,0,469381897,469381897,128110230,287176118,60735259,"[42288936, 11851360, 128065483]"
85,949,meta-llama/Llama-3.1-8B,512,4,0,469381897,469381897,128110230,287176118,60735259,"[42288936, 11851360, 128065483]"
85,1093,meta-llama/Llama-3.1-8B,512,4,0,601635415,601635415,287176118,329465054,90723453,"[11851360, 128065483, 132253518]"
85,1237,meta-llama/Llama-3.1-8B,512,4,0,681317421,681317421,341316414,469381897,70645174,"[132253518, 59493339, 20188667]"
85,1381,meta-llama/Llama-3.1-8B,512,4,0,681317421,681317421,341316414,469381897,70645174,"[132253518, 59493339, 20188667]"
85,1525,meta-llama/Llama-3.1-8B,512,4,0,681317421,681317421,341316414,469381897,70645174,"[132253518, 59493339, 20188667]"
85,1669,meta-llama/Llama-3.1-8B,512,4,0,780159474,780159474,469381897,601635415,59508019,"[59493339, 20188667, 98842053]"
85,1813,meta-llama/Llama-3.1-8B,512,4,0,780159474,780159474,469381897,601635415,59508019,"[59493339, 20188667, 98842053]"
85,1957,meta-llama/Llama-3.1-8B,512,4,0,780159474,780159474,469381897,601635415,59508019,"[59493339, 20188667, 98842053]"
85,2101,meta-llama/Llama-3.1-8B,512,4,0,780159474,780159474,469381897,601635415,59508019,"[59493339, 20188667, 98842053]"
85,2245,meta-llama/Llama-3.1-8B,512,4,0,832577099,832577099,601635415,661128754,57149448,"[20188667, 98842053, 52417625]"
85,2389,meta-llama/Llama-3.1-8B,512,4,0,858449751,858449751,681317421,780159474,26096759,"[52417625, 14594689, 11277963]"
85,2533,meta-llama/Llama-3.1-8B,512,4,0,858449751,858449751,681317421,780159474,26096759,"[52417625, 14594689, 11277963]"
85,2677,meta-llama/Llama-3.1-8B,512,4,0,858449751,858449751,681317421,780159474,26096759,"[52417625, 14594689, 11277963]"
85,2821,meta-llama/Llama-3.1-8B,512,4,0,869735970,869735970,780159474,832577099,12386290,"[14594689, 11277963, 11286219]"
85,2965,meta-llama/Llama-3.1-8B,520,4,3000000000,3648320950,648320950,252018,613776028,11514974,"[11513918, 11514974, 11516030]"
85,3109,meta-llama/Llama-3.1-8B,520,4,3000000000,3648320950,648320950,252018,613776028,11514974,"[11513918, 11514974, 11516030]"
85,3253,meta-llama/Llama-3.1-8B,520,4,3000000000,3648320950,648320950,252018,613776028,11514974,"[11513918, 11514974, 11516030]"
85,3397,meta-llama/Llama-3.1-8B,520,4,3000000000,3648320950,648320950,252018,613776028,11514974,"[11513918, 11514974, 11516030]"
85,3541,meta-llama/Llama-3.1-8B,520,4,3000000000,3648320950,648320950,252018,613776028,11514974,"[11513918, 11514974, 11516030]"
85,3685,meta-llama/Llama-3.1-8B,520,4,3000000000,3648320950,648320950,252018,613776028,11514974,"[11513918, 11514974, 11516030]"
85,3829,meta-llama/Llama-3.1-8B,520,4,3000000000,3648320950,648320950,252018,613776028,11514974,"[11513918, 11514974, 11516030]"
85,3973,meta-llama/Llama-3.1-8B,520,4,3000000000,3648320950,648320950,252018,613776028,11514974,"[11513918, 11514974, 11516030]"
85,4117,meta-llama/Llama-3.1-8B,520,4,3000000000,4650799702,1650799702,648320950,1616254780,11514974,"[11513918, 11514974, 11516030]"
85,4261,meta-llama/Llama-3.1-8B,520,4,3000000000,4650799702,1650799702,648320950,1616254780,11514974,"[11513918, 11514974, 11516030]"
85,4405,meta-llama/Llama-3.1-8B,520,4,3000000000,4650799702,1650799702,648320950,1616254780,11514974,"[11513918, 11514974, 11516030]"
85,4549,meta-llama/Llama-3.1-8B,520,4,3000000000,4650799702,1650799702,648320950,1616254780,11514974,"[11513918, 11514974, 11516030]"
85,4693,meta-llama/Llama-3.1-8B,520,4,3000000000,4650799702,1650799702,648320950,1616254780,11514974,"[11513918, 11514974, 11516030]"
85,4837,meta-llama/Llama-3.1-8B,520,4,3000000000,4650799702,1650799702,648320950,1616254780,11514974,"[11513918, 11514974, 11516030]"
85,4981,meta-llama/Llama-3.1-8B,520,4,3000000000,4650799702,1650799702,648320950,1616254780,11514974,"[11513918, 11514974, 11516030]"
85,5125,meta-llama/Llama-3.1-8B,520,4,3000000000,4650799702,1650799702,648320950,1616254780,11514974,"[11513918, 11514974, 11516030]"
85,5269,meta-llama/Llama-3.1-8B,520,4,3000000000,5650689706,2650689706,1650799702,2616846967,11280913,"[11280401, 11280913, 11281425]"
85,5413,meta-llama/Llama-3.1-8B,520,4,3000000000,5650689706,2650689706,1650799702,2616846967,11280913,"[11280401, 11280913, 11281425]"
85,5557,meta-llama/Llama-3.1-8B,520,4,3000000000,5650689706,2650689706,1650799702,2616846967,11280913,"[11280401, 11280913, 11281425]"
85,5701,meta-llama/Llama-3.1-8B,520,4,3000000000,5650689706,2650689706,1650799702,2616846967,11280913,"[11280401, 11280913, 11281425]"
86,86,meta-llama/Llama-3.1-8B,512,4,0,341318586,341318586,1,128635686,70894300,"[159065888, 41766421, 11850591]"
86,230,meta-llama/Llama-3.1-8B,512,4,0,341318586,341318586,1,128635686,70894300,"[159065888, 41766421, 11850591]"
86,374,meta-llama/Llama-3.1-8B,512,4,0,341318586,341318586,1,128635686,70894300,"[159065888, 41766421, 11850591]"
86,518,meta-llama/Llama-3.1-8B,512,4,0,341318586,341318586,1,128635686,70894300,"[159065888, 41766421, 11850591]"
86,662,meta-llama/Llama-3.1-8B,512,4,0,469907353,469907353,128635686,287701574,60735259,"[41766421, 11850591, 128588767]"
86,806,meta-llama/Llama-3.1-8B,512,4,0,469907353,469907353,128635686,287701574,60735259,"[41766421, 11850591, 128588767]"
86,950,meta-llama/Llama-3.1-8B,512,4,0,469907353,469907353,128635686,287701574,60735259,"[41766421, 11850591, 128588767]"
86,1094,meta-llama/Llama-3.1-8B,512,4,0,602031589,602031589,287701574,329467995,90854531,"[11850591, 128588767, 132124236]"
86,1238,meta-llama/Llama-3.1-8B,512,4,0,681475560,681475560,341318586,469907353,70522735,"[132124236, 59230414, 20213557]"
86,1382,meta-llama/Llama-3.1-8B,512,4,0,681475560,681475560,341318586,469907353,70522735,"[132124236, 59230414, 20213557]"
86,1526,meta-llama/Llama-3.1-8B,512,4,0,681475560,681475560,341318586,469907353,70522735,"[132124236, 59230414, 20213557]"
86,1670,meta-llama/Llama-3.1-8B,512,4,0,780554878,780554878,469907353,602031589,59507763,"[59230414, 20213557, 99079318]"
86,1814,meta-llama/Llama-3.1-8B,512,4,0,780554878,780554878,469907353,602031589,59507763,"[59230414, 20213557, 99079318]"
86,1958,meta-llama/Llama-3.1-8B,512,4,0,780554878,780554878,469907353,602031589,59507763,"[59230414, 20213557, 99079318]"
86,2102,meta-llama/Llama-3.1-8B,512,4,0,780554878,780554878,469907353,602031589,59507763,"[59230414, 20213557, 99079318]"
86,2246,meta-llama/Llama-3.1-8B,512,4,0,832709579,832709579,602031589,661262003,57149192,"[20213557, 99079318, 52154701]"
86,2390,meta-llama/Llama-3.1-8B,512,4,0,858450897,858450897,681475560,780554878,25965339,"[52154701, 14463355, 11277963]"
86,2534,meta-llama/Llama-3.1-8B,512,4,0,858450897,858450897,681475560,780554878,25965339,"[52154701, 14463355, 11277963]"
86,2678,meta-llama/Llama-3.1-8B,512,4,0,858450897,858450897,681475560,780554878,25965339,"[52154701, 14463355, 11277963]"
86,2822,meta-llama/Llama-3.1-8B,512,4,0,869736346,869736346,780554878,832709579,12342255,"[14463355, 11277963, 11285449]"
86,2966,meta-llama/Llama-3.1-8B,520,4,3000000000,3655282608,655282608,252018,620737686,11514974,"[11513918, 11514974, 11516030]"
86,3110,meta-llama/Llama-3.1-8B,520,4,3000000000,3655282608,655282608,252018,620737686,11514974,"[11513918, 11514974, 11516030]"
86,3254,meta-llama/Llama-3.1-8B,520,4,3000000000,3655282608,655282608,252018,620737686,11514974,"[11513918, 11514974, 11516030]"
86,3398,meta-llama/Llama-3.1-8B,520,4,3000000000,3655282608,655282608,252018,620737686,11514974,"[11513918, 11514974, 11516030]"
86,3542,meta-llama/Llama-3.1-8B,520,4,3000000000,3655282608,655282608,252018,620737686,11514974,"[11513918, 11514974, 11516030]"
86,3686,meta-llama/Llama-3.1-8B,520,4,3000000000,3655282608,655282608,252018,620737686,11514974,"[11513918, 11514974, 11516030]"
86,3830,meta-llama/Llama-3.1-8B,520,4,3000000000,3655282608,655282608,252018,620737686,11514974,"[11513918, 11514974, 11516030]"
86,3974,meta-llama/Llama-3.1-8B,520,4,3000000000,3655282608,655282608,252018,620737686,11514974,"[11513918, 11514974, 11516030]"
86,4118,meta-llama/Llama-3.1-8B,520,4,3000000000,4657761360,1657761360,655282608,1623216438,11514974,"[11513918, 11514974, 11516030]"
86,4262,meta-llama/Llama-3.1-8B,520,4,3000000000,4657761360,1657761360,655282608,1623216438,11514974,"[11513918, 11514974, 11516030]"
86,4406,meta-llama/Llama-3.1-8B,520,4,3000000000,4657761360,1657761360,655282608,1623216438,11514974,"[11513918, 11514974, 11516030]"
86,4550,meta-llama/Llama-3.1-8B,520,4,3000000000,4657761360,1657761360,655282608,1623216438,11514974,"[11513918, 11514974, 11516030]"
86,4694,meta-llama/Llama-3.1-8B,520,4,3000000000,4657761360,1657761360,655282608,1623216438,11514974,"[11513918, 11514974, 11516030]"
86,4838,meta-llama/Llama-3.1-8B,520,4,3000000000,4657761360,1657761360,655282608,1623216438,11514974,"[11513918, 11514974, 11516030]"
86,4982,meta-llama/Llama-3.1-8B,520,4,3000000000,4657761360,1657761360,655282608,1623216438,11514974,"[11513918, 11514974, 11516030]"
86,5126,meta-llama/Llama-3.1-8B,520,4,3000000000,4657761360,1657761360,655282608,1623216438,11514974,"[11513918, 11514974, 11516030]"
86,5270,meta-llama/Llama-3.1-8B,520,4,3000000000,5657651364,2657651364,1657761360,2623808625,11280913,"[11280401, 11280913, 11281425]"
86,5414,meta-llama/Llama-3.1-8B,520,4,3000000000,5657651364,2657651364,1657761360,2623808625,11280913,"[11280401, 11280913, 11281425]"
86,5558,meta-llama/Llama-3.1-8B,520,4,3000000000,5657651364,2657651364,1657761360,2623808625,11280913,"[11280401, 11280913, 11281425]"
86,5702,meta-llama/Llama-3.1-8B,520,4,3000000000,5657651364,2657651364,1657761360,2623808625,11280913,"[11280401, 11280913, 11281425]"
87,87,meta-llama/Llama-3.1-8B,512,4,0,341320758,341320758,1,129161142,70719872,"[159065888, 41243906, 11849822]"
87,231,meta-llama/Llama-3.1-8B,512,4,0,341320758,341320758,1,129161142,70719872,"[159065888, 41243906, 11849822]"
87,375,meta-llama/Llama-3.1-8B,512,4,0,341320758,341320758,1,129161142,70719872,"[159065888, 41243906, 11849822]"
87,519,meta-llama/Llama-3.1-8B,512,4,0,341320758,341320758,1,129161142,70719872,"[159065888, 41243906, 11849822]"
87,663,meta-llama/Llama-3.1-8B,512,4,0,470432809,470432809,129161142,288227030,60735259,"[41243906, 11849822, 129112051]"
87,807,meta-llama/Llama-3.1-8B,512,4,0,470432809,470432809,129161142,288227030,60735259,"[41243906, 11849822, 129112051]"
87,951,meta-llama/Llama-3.1-8B,512,4,0,470432809,470432809,129161142,288227030,60735259,"[41243906, 11849822, 129112051]"
87,1095,meta-llama/Llama-3.1-8B,512,4,0,602427763,602427763,288227030,329470936,90985609,"[11849822, 129112051, 131994954]"
87,1239,meta-llama/Llama-3.1-8B,512,4,0,681477732,681477732,341320758,470432809,70348307,"[131994954, 58967489, 20082480]"
87,1383,meta-llama/Llama-3.1-8B,512,4,0,681477732,681477732,341320758,470432809,70348307,"[131994954, 58967489, 20082480]"
87,1527,meta-llama/Llama-3.1-8B,512,4,0,681477732,681477732,341320758,470432809,70348307,"[131994954, 58967489, 20082480]"
87,1671,meta-llama/Llama-3.1-8B,512,4,0,780978319,780978319,470432809,602427763,59516852,"[58967489, 20082480, 99500587]"
87,1815,meta-llama/Llama-3.1-8B,512,4,0,780978319,780978319,470432809,602427763,59516852,"[58967489, 20082480, 99500587]"
87,1959,meta-llama/Llama-3.1-8B,512,4,0,780978319,780978319,470432809,602427763,59516852,"[58967489, 20082480, 99500587]"
87,2103,meta-llama/Llama-3.1-8B,512,4,0,780978319,780978319,470432809,602427763,59516852,"[58967489, 20082480, 99500587]"
87,2247,meta-llama/Llama-3.1-8B,512,4,0,832842299,832842299,602427763,661395252,57149015,"[20082480, 99500587, 51863980]"
87,2391,meta-llama/Llama-3.1-8B,512,4,0,858713805,858713805,681477732,780978319,25911828,"[51863980, 14594689, 11276817]"
87,2535,meta-llama/Llama-3.1-8B,512,4,0,858713805,858713805,681477732,780978319,25911828,"[51863980, 14594689, 11276817]"
87,2679,meta-llama/Llama-3.1-8B,512,4,0,858713805,858713805,681477732,780978319,25911828,"[51863980, 14594689, 11276817]"
87,2823,meta-llama/Llama-3.1-8B,512,4,0,869998878,869998878,780978319,832842299,12385526,"[14594689, 11276817, 11285073]"
87,2967,meta-llama/Llama-3.1-8B,520,4,3000000000,3662244266,662244266,252018,627699344,11514974,"[11513918, 11514974, 11516030]"
87,3111,meta-llama/Llama-3.1-8B,520,4,3000000000,3662244266,662244266,252018,627699344,11514974,"[11513918, 11514974, 11516030]"
87,3255,meta-llama/Llama-3.1-8B,520,4,3000000000,3662244266,662244266,252018,627699344,11514974,"[11513918, 11514974, 11516030]"
87,3399,meta-llama/Llama-3.1-8B,520,4,3000000000,3662244266,662244266,252018,627699344,11514974,"[11513918, 11514974, 11516030]"
87,3543,meta-llama/Llama-3.1-8B,520,4,3000000000,3662244266,662244266,252018,627699344,11514974,"[11513918, 11514974, 11516030]"
87,3687,meta-llama/Llama-3.1-8B,520,4,3000000000,3662244266,662244266,252018,627699344,11514974,"[11513918, 11514974, 11516030]"
87,3831,meta-llama/Llama-3.1-8B,520,4,3000000000,3662244266,662244266,252018,627699344,11514974,"[11513918, 11514974, 11516030]"
87,3975,meta-llama/Llama-3.1-8B,520,4,3000000000,3662244266,662244266,252018,627699344,11514974,"[11513918, 11514974, 11516030]"
87,4119,meta-llama/Llama-3.1-8B,520,4,3000000000,4664723018,1664723018,662244266,1630178096,11514974,"[11513918, 11514974, 11516030]"
87,4263,meta-llama/Llama-3.1-8B,520,4,3000000000,4664723018,1664723018,662244266,1630178096,11514974,"[11513918, 11514974, 11516030]"
87,4407,meta-llama/Llama-3.1-8B,520,4,3000000000,4664723018,1664723018,662244266,1630178096,11514974,"[11513918, 11514974, 11516030]"
87,4551,meta-llama/Llama-3.1-8B,520,4,3000000000,4664723018,1664723018,662244266,1630178096,11514974,"[11513918, 11514974, 11516030]"
87,4695,meta-llama/Llama-3.1-8B,520,4,3000000000,4664723018,1664723018,662244266,1630178096,11514974,"[11513918, 11514974, 11516030]"
87,4839,meta-llama/Llama-3.1-8B,520,4,3000000000,4664723018,1664723018,662244266,1630178096,11514974,"[11513918, 11514974, 11516030]"
87,4983,meta-llama/Llama-3.1-8B,520,4,3000000000,4664723018,1664723018,662244266,1630178096,11514974,"[11513918, 11514974, 11516030]"
87,5127,meta-llama/Llama-3.1-8B,520,4,3000000000,4664723018,1664723018,662244266,1630178096,11514974,"[11513918, 11514974, 11516030]"
87,5271,meta-llama/Llama-3.1-8B,520,4,3000000000,5664613022,2664613022,1664723018,2630770283,11280913,"[11280401, 11280913, 11281425]"
87,5415,meta-llama/Llama-3.1-8B,520,4,3000000000,5664613022,2664613022,1664723018,2630770283,11280913,"[11280401, 11280913, 11281425]"
87,5559,meta-llama/Llama-3.1-8B,520,4,3000000000,5664613022,2664613022,1664723018,2630770283,11280913,"[11280401, 11280913, 11281425]"
87,5703,meta-llama/Llama-3.1-8B,520,4,3000000000,5664613022,2664613022,1664723018,2630770283,11280913,"[11280401, 11280913, 11281425]"
88,88,meta-llama/Llama-3.1-8B,512,4,0,341322930,341322930,1,129686598,70545444,"[159065888, 40721391, 11849053]"
88,232,meta-llama/Llama-3.1-8B,512,4,0,341322930,341322930,1,129686598,70545444,"[159065888, 40721391, 11849053]"
88,376,meta-llama/Llama-3.1-8B,512,4,0,341322930,341322930,1,129686598,70545444,"[159065888, 40721391, 11849053]"
88,520,meta-llama/Llama-3.1-8B,512,4,0,341322930,341322930,1,129686598,70545444,"[159065888, 40721391, 11849053]"
88,664,meta-llama/Llama-3.1-8B,512,4,0,470958265,470958265,129686598,288752486,60735259,"[40721391, 11849053, 129635335]"
88,808,meta-llama/Llama-3.1-8B,512,4,0,470958265,470958265,129686598,288752486,60735259,"[40721391, 11849053, 129635335]"
88,952,meta-llama/Llama-3.1-8B,512,4,0,470958265,470958265,129686598,288752486,60735259,"[40721391, 11849053, 129635335]"
88,1096,meta-llama/Llama-3.1-8B,512,4,0,602823937,602823937,288752486,329473877,91116686,"[11849053, 129635335, 131865672]"
88,1240,meta-llama/Llama-3.1-8B,512,4,0,681479904,681479904,341322930,470958265,70173879,"[131865672, 58704564, 19951403]"
88,1384,meta-llama/Llama-3.1-8B,512,4,0,681479904,681479904,341322930,470958265,70173879,"[131865672, 58704564, 19951403]"
88,1528,meta-llama/Llama-3.1-8B,512,4,0,681479904,681479904,341322930,470958265,70173879,"[131865672, 58704564, 19951403]"
88,1672,meta-llama/Llama-3.1-8B,512,4,0,781373723,781373723,470958265,602823937,59516595,"[58704564, 19951403, 99893819]"
88,1816,meta-llama/Llama-3.1-8B,512,4,0,781373723,781373723,470958265,602823937,59516595,"[58704564, 19951403, 99893819]"
88,1960,meta-llama/Llama-3.1-8B,512,4,0,781373723,781373723,470958265,602823937,59516595,"[58704564, 19951403, 99893819]"
88,2104,meta-llama/Llama-3.1-8B,512,4,0,781373723,781373723,470958265,602823937,59516595,"[58704564, 19951403, 99893819]"
88,2248,meta-llama/Llama-3.1-8B,512,4,0,832974779,832974779,602823937,661528501,57148759,"[19951403, 99893819, 51601056]"
88,2392,meta-llama/Llama-3.1-8B,512,4,0,858980031,858980031,681479904,781373723,25868769,"[51601056, 14728435, 11276817]"
88,2536,meta-llama/Llama-3.1-8B,512,4,0,858980031,858980031,681479904,781373723,25868769,"[51601056, 14728435, 11276817]"
88,2680,meta-llama/Llama-3.1-8B,512,4,0,858980031,858980031,681479904,781373723,25868769,"[51601056, 14728435, 11276817]"
88,2824,meta-llama/Llama-3.1-8B,512,4,0,870265104,870265104,781373723,832974779,12430108,"[14728435, 11276817, 11285073]"
88,2968,meta-llama/Llama-3.1-8B,520,4,3000000000,3669205924,669205924,252018,634661002,11514974,"[11513918, 11514974, 11516030]"
88,3112,meta-llama/Llama-3.1-8B,520,4,3000000000,3669205924,669205924,252018,634661002,11514974,"[11513918, 11514974, 11516030]"
88,3256,meta-llama/Llama-3.1-8B,520,4,3000000000,3669205924,669205924,252018,634661002,11514974,"[11513918, 11514974, 11516030]"
88,3400,meta-llama/Llama-3.1-8B,520,4,3000000000,3669205924,669205924,252018,634661002,11514974,"[11513918, 11514974, 11516030]"
88,3544,meta-llama/Llama-3.1-8B,520,4,3000000000,3669205924,669205924,252018,634661002,11514974,"[11513918, 11514974, 11516030]"
88,3688,meta-llama/Llama-3.1-8B,520,4,3000000000,3669205924,669205924,252018,634661002,11514974,"[11513918, 11514974, 11516030]"
88,3832,meta-llama/Llama-3.1-8B,520,4,3000000000,3669205924,669205924,252018,634661002,11514974,"[11513918, 11514974, 11516030]"
88,3976,meta-llama/Llama-3.1-8B,520,4,3000000000,3669205924,669205924,252018,634661002,11514974,"[11513918, 11514974, 11516030]"
88,4120,meta-llama/Llama-3.1-8B,520,4,3000000000,4671684676,1671684676,669205924,1637139754,11514974,"[11513918, 11514974, 11516030]"
88,4264,meta-llama/Llama-3.1-8B,520,4,3000000000,4671684676,1671684676,669205924,1637139754,11514974,"[11513918, 11514974, 11516030]"
88,4408,meta-llama/Llama-3.1-8B,520,4,3000000000,4671684676,1671684676,669205924,1637139754,11514974,"[11513918, 11514974, 11516030]"
88,4552,meta-llama/Llama-3.1-8B,520,4,3000000000,4671684676,1671684676,669205924,1637139754,11514974,"[11513918, 11514974, 11516030]"
88,4696,meta-llama/Llama-3.1-8B,520,4,3000000000,4671684676,1671684676,669205924,1637139754,11514974,"[11513918, 11514974, 11516030]"
88,4840,meta-llama/Llama-3.1-8B,520,4,3000000000,4671684676,1671684676,669205924,1637139754,11514974,"[11513918, 11514974, 11516030]"
88,4984,meta-llama/Llama-3.1-8B,520,4,3000000000,4671684676,1671684676,669205924,1637139754,11514974,"[11513918, 11514974, 11516030]"
88,5128,meta-llama/Llama-3.1-8B,520,4,3000000000,4671684676,1671684676,669205924,1637139754,11514974,"[11513918, 11514974, 11516030]"
88,5272,meta-llama/Llama-3.1-8B,520,4,3000000000,5671574680,2671574680,1671684676,2637731941,11280913,"[11280401, 11280913, 11281425]"
88,5416,meta-llama/Llama-3.1-8B,520,4,3000000000,5671574680,2671574680,1671684676,2637731941,11280913,"[11280401, 11280913, 11281425]"
88,5560,meta-llama/Llama-3.1-8B,520,4,3000000000,5671574680,2671574680,1671684676,2637731941,11280913,"[11280401, 11280913, 11281425]"
88,5704,meta-llama/Llama-3.1-8B,520,4,3000000000,5671574680,2671574680,1671684676,2637731941,11280913,"[11280401, 11280913, 11281425]"
89,89,meta-llama/Llama-3.1-8B,512,4,0,341325102,341325102,1,130212054,70371016,"[159065888, 40198876, 11848284]"
89,233,meta-llama/Llama-3.1-8B,512,4,0,341325102,341325102,1,130212054,70371016,"[159065888, 40198876, 11848284]"
89,377,meta-llama/Llama-3.1-8B,512,4,0,341325102,341325102,1,130212054,70371016,"[159065888, 40198876, 11848284]"
89,521,meta-llama/Llama-3.1-8B,512,4,0,341325102,341325102,1,130212054,70371016,"[159065888, 40198876, 11848284]"
89,665,meta-llama/Llama-3.1-8B,512,4,0,471483721,471483721,130212054,289277942,60735259,"[40198876, 11848284, 130158619]"
89,809,meta-llama/Llama-3.1-8B,512,4,0,471483721,471483721,130212054,289277942,60735259,"[40198876, 11848284, 130158619]"
89,953,meta-llama/Llama-3.1-8B,512,4,0,471483721,471483721,130212054,289277942,60735259,"[40198876, 11848284, 130158619]"
89,1097,meta-llama/Llama-3.1-8B,512,4,0,603220111,603220111,289277942,329476818,91247764,"[11848284, 130158619, 131736390]"
89,1241,meta-llama/Llama-3.1-8B,512,4,0,681482076,681482076,341325102,471483721,69999451,"[131736390, 58441639, 19820326]"
89,1385,meta-llama/Llama-3.1-8B,512,4,0,681482076,681482076,341325102,471483721,69999451,"[131736390, 58441639, 19820326]"
89,1529,meta-llama/Llama-3.1-8B,512,4,0,681482076,681482076,341325102,471483721,69999451,"[131736390, 58441639, 19820326]"
89,1673,meta-llama/Llama-3.1-8B,512,4,0,781769127,781769127,471483721,603220111,59516338,"[58441639, 19820326, 100287051]"
89,1817,meta-llama/Llama-3.1-8B,512,4,0,781769127,781769127,471483721,603220111,59516338,"[58441639, 19820326, 100287051]"
89,1961,meta-llama/Llama-3.1-8B,512,4,0,781769127,781769127,471483721,603220111,59516338,"[58441639, 19820326, 100287051]"
89,2105,meta-llama/Llama-3.1-8B,512,4,0,781769127,781769127,471483721,603220111,59516338,"[58441639, 19820326, 100287051]"
89,2249,meta-llama/Llama-3.1-8B,512,4,0,833107259,833107259,603220111,661661750,57148503,"[19820326, 100287051, 51338132]"
89,2393,meta-llama/Llama-3.1-8B,512,4,0,859112631,859112631,681482076,781769127,25781168,"[51338132, 14728555, 11276817]"
89,2537,meta-llama/Llama-3.1-8B,512,4,0,859112631,859112631,681482076,781769127,25781168,"[51338132, 14728555, 11276817]"
89,2681,meta-llama/Llama-3.1-8B,512,4,0,859112631,859112631,681482076,781769127,25781168,"[51338132, 14728555, 11276817]"
89,2825,meta-llama/Llama-3.1-8B,512,4,0,870397704,870397704,781769127,833107259,12430148,"[14728555, 11276817, 11285073]"
89,2969,meta-llama/Llama-3.1-8B,520,4,3000000000,3676167582,676167582,252018,641622660,11514974,"[11513918, 11514974, 11516030]"
89,3113,meta-llama/Llama-3.1-8B,520,4,3000000000,3676167582,676167582,252018,641622660,11514974,"[11513918, 11514974, 11516030]"
89,3257,meta-llama/Llama-3.1-8B,520,4,3000000000,3676167582,676167582,252018,641622660,11514974,"[11513918, 11514974, 11516030]"
89,3401,meta-llama/Llama-3.1-8B,520,4,3000000000,3676167582,676167582,252018,641622660,11514974,"[11513918, 11514974, 11516030]"
89,3545,meta-llama/Llama-3.1-8B,520,4,3000000000,3676167582,676167582,252018,641622660,11514974,"[11513918, 11514974, 11516030]"
89,3689,meta-llama/Llama-3.1-8B,520,4,3000000000,3676167582,676167582,252018,641622660,11514974,"[11513918, 11514974, 11516030]"
89,3833,meta-llama/Llama-3.1-8B,520,4,3000000000,3676167582,676167582,252018,641622660,11514974,"[11513918, 11514974, 11516030]"
89,3977,meta-llama/Llama-3.1-8B,520,4,3000000000,3676167582,676167582,252018,641622660,11514974,"[11513918, 11514974, 11516030]"
89,4121,meta-llama/Llama-3.1-8B,520,4,3000000000,4678646334,1678646334,676167582,1644101412,11514974,"[11513918, 11514974, 11516030]"
89,4265,meta-llama/Llama-3.1-8B,520,4,3000000000,4678646334,1678646334,676167582,1644101412,11514974,"[11513918, 11514974, 11516030]"
89,4409,meta-llama/Llama-3.1-8B,520,4,3000000000,4678646334,1678646334,676167582,1644101412,11514974,"[11513918, 11514974, 11516030]"
89,4553,meta-llama/Llama-3.1-8B,520,4,3000000000,4678646334,1678646334,676167582,1644101412,11514974,"[11513918, 11514974, 11516030]"
89,4697,meta-llama/Llama-3.1-8B,520,4,3000000000,4678646334,1678646334,676167582,1644101412,11514974,"[11513918, 11514974, 11516030]"
89,4841,meta-llama/Llama-3.1-8B,520,4,3000000000,4678646334,1678646334,676167582,1644101412,11514974,"[11513918, 11514974, 11516030]"
89,4985,meta-llama/Llama-3.1-8B,520,4,3000000000,4678646334,1678646334,676167582,1644101412,11514974,"[11513918, 11514974, 11516030]"
89,5129,meta-llama/Llama-3.1-8B,520,4,3000000000,4678646334,1678646334,676167582,1644101412,11514974,"[11513918, 11514974, 11516030]"
89,5273,meta-llama/Llama-3.1-8B,520,4,3000000000,5678536338,2678536338,1678646334,2644693599,11280913,"[11280401, 11280913, 11281425]"
89,5417,meta-llama/Llama-3.1-8B,520,4,3000000000,5678536338,2678536338,1678646334,2644693599,11280913,"[11280401, 11280913, 11281425]"
89,5561,meta-llama/Llama-3.1-8B,520,4,3000000000,5678536338,2678536338,1678646334,2644693599,11280913,"[11280401, 11280913, 11281425]"
89,5705,meta-llama/Llama-3.1-8B,520,4,3000000000,5678536338,2678536338,1678646334,2644693599,11280913,"[11280401, 11280913, 11281425]"
90,90,meta-llama/Llama-3.1-8B,512,4,0,341327274,341327274,1,130737510,70196588,"[159065888, 39676361, 11847515]"
90,234,meta-llama/Llama-3.1-8B,512,4,0,341327274,341327274,1,130737510,70196588,"[159065888, 39676361, 11847515]"
90,378,meta-llama/Llama-3.1-8B,512,4,0,341327274,341327274,1,130737510,70196588,"[159065888, 39676361, 11847515]"
90,522,meta-llama/Llama-3.1-8B,512,4,0,341327274,341327274,1,130737510,70196588,"[159065888, 39676361, 11847515]"
90,666,meta-llama/Llama-3.1-8B,512,4,0,472009177,472009177,130737510,289803398,60735259,"[39676361, 11847515, 130681903]"
90,810,meta-llama/Llama-3.1-8B,512,4,0,472009177,472009177,130737510,289803398,60735259,"[39676361, 11847515, 130681903]"
90,954,meta-llama/Llama-3.1-8B,512,4,0,472009177,472009177,130737510,289803398,60735259,"[39676361, 11847515, 130681903]"
90,1098,meta-llama/Llama-3.1-8B,512,4,0,603616285,603616285,289803398,329479759,91378842,"[11847515, 130681903, 131607108]"
90,1242,meta-llama/Llama-3.1-8B,512,4,0,681484248,681484248,341327274,472009177,69825023,"[131607108, 58178714, 19689249]"
90,1386,meta-llama/Llama-3.1-8B,512,4,0,681484248,681484248,341327274,472009177,69825023,"[131607108, 58178714, 19689249]"
90,1530,meta-llama/Llama-3.1-8B,512,4,0,681484248,681484248,341327274,472009177,69825023,"[131607108, 58178714, 19689249]"
90,1674,meta-llama/Llama-3.1-8B,512,4,0,782325048,782325048,472009177,603616285,59569587,"[58178714, 19689249, 100840800]"
90,1818,meta-llama/Llama-3.1-8B,512,4,0,782325048,782325048,472009177,603616285,59569587,"[58178714, 19689249, 100840800]"
90,1962,meta-llama/Llama-3.1-8B,512,4,0,782325048,782325048,472009177,603616285,59569587,"[58178714, 19689249, 100840800]"
90,2106,meta-llama/Llama-3.1-8B,512,4,0,782325048,782325048,472009177,603616285,59569587,"[58178714, 19689249, 100840800]"
90,2250,meta-llama/Llama-3.1-8B,512,4,0,833239859,833239859,603616285,661794999,57148286,"[19689249, 100840800, 50914811]"
90,2394,meta-llama/Llama-3.1-8B,512,4,0,859510191,859510191,681484248,782325048,25728381,"[50914811, 14993515, 11276817]"
90,2538,meta-llama/Llama-3.1-8B,512,4,0,859510191,859510191,681484248,782325048,25728381,"[50914811, 14993515, 11276817]"
90,2682,meta-llama/Llama-3.1-8B,512,4,0,859510191,859510191,681484248,782325048,25728381,"[50914811, 14993515, 11276817]"
90,2826,meta-llama/Llama-3.1-8B,512,4,0,870795264,870795264,782325048,833239859,12518468,"[14993515, 11276817, 11285073]"
90,2970,meta-llama/Llama-3.1-8B,520,4,3000000000,3683129240,683129240,252018,648584318,11514974,"[11513918, 11514974, 11516030]"
90,3114,meta-llama/Llama-3.1-8B,520,4,3000000000,3683129240,683129240,252018,648584318,11514974,"[11513918, 11514974, 11516030]"
90,3258,meta-llama/Llama-3.1-8B,520,4,3000000000,3683129240,683129240,252018,648584318,11514974,"[11513918, 11514974, 11516030]"
90,3402,meta-llama/Llama-3.1-8B,520,4,3000000000,3683129240,683129240,252018,648584318,11514974,"[11513918, 11514974, 11516030]"
90,3546,meta-llama/Llama-3.1-8B,520,4,3000000000,3683129240,683129240,252018,648584318,11514974,"[11513918, 11514974, 11516030]"
90,3690,meta-llama/Llama-3.1-8B,520,4,3000000000,3683129240,683129240,252018,648584318,11514974,"[11513918, 11514974, 11516030]"
90,3834,meta-llama/Llama-3.1-8B,520,4,3000000000,3683129240,683129240,252018,648584318,11514974,"[11513918, 11514974, 11516030]"
90,3978,meta-llama/Llama-3.1-8B,520,4,3000000000,3683129240,683129240,252018,648584318,11514974,"[11513918, 11514974, 11516030]"
90,4122,meta-llama/Llama-3.1-8B,520,4,3000000000,4685607992,1685607992,683129240,1651063070,11514974,"[11513918, 11514974, 11516030]"
90,4266,meta-llama/Llama-3.1-8B,520,4,3000000000,4685607992,1685607992,683129240,1651063070,11514974,"[11513918, 11514974, 11516030]"
90,4410,meta-llama/Llama-3.1-8B,520,4,3000000000,4685607992,1685607992,683129240,1651063070,11514974,"[11513918, 11514974, 11516030]"
90,4554,meta-llama/Llama-3.1-8B,520,4,3000000000,4685607992,1685607992,683129240,1651063070,11514974,"[11513918, 11514974, 11516030]"
90,4698,meta-llama/Llama-3.1-8B,520,4,3000000000,4685607992,1685607992,683129240,1651063070,11514974,"[11513918, 11514974, 11516030]"
90,4842,meta-llama/Llama-3.1-8B,520,4,3000000000,4685607992,1685607992,683129240,1651063070,11514974,"[11513918, 11514974, 11516030]"
90,4986,meta-llama/Llama-3.1-8B,520,4,3000000000,4685607992,1685607992,683129240,1651063070,11514974,"[11513918, 11514974, 11516030]"
90,5130,meta-llama/Llama-3.1-8B,520,4,3000000000,4685607992,1685607992,683129240,1651063070,11514974,"[11513918, 11514974, 11516030]"
90,5274,meta-llama/Llama-3.1-8B,520,4,3000000000,5685497996,2685497996,1685607992,2651655257,11280913,"[11280401, 11280913, 11281425]"
90,5418,meta-llama/Llama-3.1-8B,520,4,3000000000,5685497996,2685497996,1685607992,2651655257,11280913,"[11280401, 11280913, 11281425]"
90,5562,meta-llama/Llama-3.1-8B,520,4,3000000000,5685497996,2685497996,1685607992,2651655257,11280913,"[11280401, 11280913, 11281425]"
90,5706,meta-llama/Llama-3.1-8B,520,4,3000000000,5685497996,2685497996,1685607992,2651655257,11280913,"[11280401, 11280913, 11281425]"
91,91,meta-llama/Llama-3.1-8B,512,4,0,341329446,341329446,1,131262966,70022160,"[159065888, 39153846, 11846746]"
91,235,meta-llama/Llama-3.1-8B,512,4,0,341329446,341329446,1,131262966,70022160,"[159065888, 39153846, 11846746]"
91,379,meta-llama/Llama-3.1-8B,512,4,0,341329446,341329446,1,131262966,70022160,"[159065888, 39153846, 11846746]"
91,523,meta-llama/Llama-3.1-8B,512,4,0,341329446,341329446,1,131262966,70022160,"[159065888, 39153846, 11846746]"
91,667,meta-llama/Llama-3.1-8B,512,4,0,472534633,472534633,131262966,290328854,60735259,"[39153846, 11846746, 131205187]"
91,811,meta-llama/Llama-3.1-8B,512,4,0,472534633,472534633,131262966,290328854,60735259,"[39153846, 11846746, 131205187]"
91,955,meta-llama/Llama-3.1-8B,512,4,0,472534633,472534633,131262966,290328854,60735259,"[39153846, 11846746, 131205187]"
91,1099,meta-llama/Llama-3.1-8B,512,4,0,604012459,604012459,290328854,329482700,91509919,"[11846746, 131205187, 131477826]"
91,1243,meta-llama/Llama-3.1-8B,512,4,0,681486420,681486420,341329446,472534633,69650595,"[131477826, 57915789, 19558172]"
91,1387,meta-llama/Llama-3.1-8B,512,4,0,681486420,681486420,341329446,472534633,69650595,"[131477826, 57915789, 19558172]"
91,1531,meta-llama/Llama-3.1-8B,512,4,0,681486420,681486420,341329446,472534633,69650595,"[131477826, 57915789, 19558172]"
91,1675,meta-llama/Llama-3.1-8B,512,4,0,782720452,782720452,472534633,604012459,59569331,"[57915789, 19558172, 101234032]"
91,1819,meta-llama/Llama-3.1-8B,512,4,0,782720452,782720452,472534633,604012459,59569331,"[57915789, 19558172, 101234032]"
91,1963,meta-llama/Llama-3.1-8B,512,4,0,782720452,782720452,472534633,604012459,59569331,"[57915789, 19558172, 101234032]"
91,2107,meta-llama/Llama-3.1-8B,512,4,0,782720452,782720452,472534633,604012459,59569331,"[57915789, 19558172, 101234032]"
91,2251,meta-llama/Llama-3.1-8B,512,4,0,833372339,833372339,604012459,661928248,57148030,"[19558172, 101234032, 50651887]"
91,2395,meta-llama/Llama-3.1-8B,512,4,0,859646229,859646229,681486420,782720452,25641925,"[50651887, 14997073, 11276817]"
91,2539,meta-llama/Llama-3.1-8B,512,4,0,859646229,859646229,681486420,782720452,25641925,"[50651887, 14997073, 11276817]"
91,2683,meta-llama/Llama-3.1-8B,512,4,0,859646229,859646229,681486420,782720452,25641925,"[50651887, 14997073, 11276817]"
91,2827,meta-llama/Llama-3.1-8B,512,4,0,870931302,870931302,782720452,833372339,12519654,"[14997073, 11276817, 11285073]"
91,2971,meta-llama/Llama-3.1-8B,520,4,3000000000,3690090898,690090898,252018,655545976,11514974,"[11513918, 11514974, 11516030]"
91,3115,meta-llama/Llama-3.1-8B,520,4,3000000000,3690090898,690090898,252018,655545976,11514974,"[11513918, 11514974, 11516030]"
91,3259,meta-llama/Llama-3.1-8B,520,4,3000000000,3690090898,690090898,252018,655545976,11514974,"[11513918, 11514974, 11516030]"
91,3403,meta-llama/Llama-3.1-8B,520,4,3000000000,3690090898,690090898,252018,655545976,11514974,"[11513918, 11514974, 11516030]"
91,3547,meta-llama/Llama-3.1-8B,520,4,3000000000,3690090898,690090898,252018,655545976,11514974,"[11513918, 11514974, 11516030]"
91,3691,meta-llama/Llama-3.1-8B,520,4,3000000000,3690090898,690090898,252018,655545976,11514974,"[11513918, 11514974, 11516030]"
91,3835,meta-llama/Llama-3.1-8B,520,4,3000000000,3690090898,690090898,252018,655545976,11514974,"[11513918, 11514974, 11516030]"
91,3979,meta-llama/Llama-3.1-8B,520,4,3000000000,3690090898,690090898,252018,655545976,11514974,"[11513918, 11514974, 11516030]"
91,4123,meta-llama/Llama-3.1-8B,520,4,3000000000,4692569650,1692569650,690090898,1658024728,11514974,"[11513918, 11514974, 11516030]"
91,4267,meta-llama/Llama-3.1-8B,520,4,3000000000,4692569650,1692569650,690090898,1658024728,11514974,"[11513918, 11514974, 11516030]"
91,4411,meta-llama/Llama-3.1-8B,520,4,3000000000,4692569650,1692569650,690090898,1658024728,11514974,"[11513918, 11514974, 11516030]"
91,4555,meta-llama/Llama-3.1-8B,520,4,3000000000,4692569650,1692569650,690090898,1658024728,11514974,"[11513918, 11514974, 11516030]"
91,4699,meta-llama/Llama-3.1-8B,520,4,3000000000,4692569650,1692569650,690090898,1658024728,11514974,"[11513918, 11514974, 11516030]"
91,4843,meta-llama/Llama-3.1-8B,520,4,3000000000,4692569650,1692569650,690090898,1658024728,11514974,"[11513918, 11514974, 11516030]"
91,4987,meta-llama/Llama-3.1-8B,520,4,3000000000,4692569650,1692569650,690090898,1658024728,11514974,"[11513918, 11514974, 11516030]"
91,5131,meta-llama/Llama-3.1-8B,520,4,3000000000,4692569650,1692569650,690090898,1658024728,11514974,"[11513918, 11514974, 11516030]"
91,5275,meta-llama/Llama-3.1-8B,520,4,3000000000,5692459654,2692459654,1692569650,2658616915,11280913,"[11280401, 11280913, 11281425]"
91,5419,meta-llama/Llama-3.1-8B,520,4,3000000000,5692459654,2692459654,1692569650,2658616915,11280913,"[11280401, 11280913, 11281425]"
91,5563,meta-llama/Llama-3.1-8B,520,4,3000000000,5692459654,2692459654,1692569650,2658616915,11280913,"[11280401, 11280913, 11281425]"
91,5707,meta-llama/Llama-3.1-8B,520,4,3000000000,5692459654,2692459654,1692569650,2658616915,11280913,"[11280401, 11280913, 11281425]"
92,92,meta-llama/Llama-3.1-8B,512,4,0,341331618,341331618,1,131788422,69847732,"[159065888, 38631331, 11845977]"
92,236,meta-llama/Llama-3.1-8B,512,4,0,341331618,341331618,1,131788422,69847732,"[159065888, 38631331, 11845977]"
92,380,meta-llama/Llama-3.1-8B,512,4,0,341331618,341331618,1,131788422,69847732,"[159065888, 38631331, 11845977]"
92,524,meta-llama/Llama-3.1-8B,512,4,0,341331618,341331618,1,131788422,69847732,"[159065888, 38631331, 11845977]"
92,668,meta-llama/Llama-3.1-8B,512,4,0,473060089,473060089,131788422,290854310,60735259,"[38631331, 11845977, 131728471]"
92,812,meta-llama/Llama-3.1-8B,512,4,0,473060089,473060089,131788422,290854310,60735259,"[38631331, 11845977, 131728471]"
92,956,meta-llama/Llama-3.1-8B,512,4,0,473060089,473060089,131788422,290854310,60735259,"[38631331, 11845977, 131728471]"
92,1100,meta-llama/Llama-3.1-8B,512,4,0,604408633,604408633,290854310,329485641,91640997,"[11845977, 131728471, 131348544]"
92,1244,meta-llama/Llama-3.1-8B,512,4,0,681488592,681488592,341331618,473060089,69476167,"[131348544, 57653224, 19426735]"
92,1388,meta-llama/Llama-3.1-8B,512,4,0,681488592,681488592,341331618,473060089,69476167,"[131348544, 57653224, 19426735]"
92,1532,meta-llama/Llama-3.1-8B,512,4,0,681488592,681488592,341331618,473060089,69476167,"[131348544, 57653224, 19426735]"
92,1676,meta-llama/Llama-3.1-8B,512,4,0,783143893,783143893,473060089,604408633,59578420,"[57653224, 19426735, 101655301]"
92,1820,meta-llama/Llama-3.1-8B,512,4,0,783143893,783143893,473060089,604408633,59578420,"[57653224, 19426735, 101655301]"
92,1964,meta-llama/Llama-3.1-8B,512,4,0,783143893,783143893,473060089,604408633,59578420,"[57653224, 19426735, 101655301]"
92,2108,meta-llama/Llama-3.1-8B,512,4,0,783143893,783143893,473060089,604408633,59578420,"[57653224, 19426735, 101655301]"
92,2252,meta-llama/Llama-3.1-8B,512,4,0,833505059,833505059,604408633,662061857,57147734,"[19426735, 101655301, 50361166]"
92,2396,meta-llama/Llama-3.1-8B,512,4,0,859785705,859785705,681488592,783143893,25547270,"[50361166, 15003829, 11276817]"
92,2540,meta-llama/Llama-3.1-8B,512,4,0,859785705,859785705,681488592,783143893,25547270,"[50361166, 15003829, 11276817]"
92,2684,meta-llama/Llama-3.1-8B,512,4,0,859785705,859785705,681488592,783143893,25547270,"[50361166, 15003829, 11276817]"
92,2828,meta-llama/Llama-3.1-8B,512,4,0,871070778,871070778,783143893,833505059,12521906,"[15003829, 11276817, 11285073]"
92,2972,meta-llama/Llama-3.1-8B,520,4,3000000000,3697052556,697052556,252018,662507634,11514974,"[11513918, 11514974, 11516030]"
92,3116,meta-llama/Llama-3.1-8B,520,4,3000000000,3697052556,697052556,252018,662507634,11514974,"[11513918, 11514974, 11516030]"
92,3260,meta-llama/Llama-3.1-8B,520,4,3000000000,3697052556,697052556,252018,662507634,11514974,"[11513918, 11514974, 11516030]"
92,3404,meta-llama/Llama-3.1-8B,520,4,3000000000,3697052556,697052556,252018,662507634,11514974,"[11513918, 11514974, 11516030]"
92,3548,meta-llama/Llama-3.1-8B,520,4,3000000000,3697052556,697052556,252018,662507634,11514974,"[11513918, 11514974, 11516030]"
92,3692,meta-llama/Llama-3.1-8B,520,4,3000000000,3697052556,697052556,252018,662507634,11514974,"[11513918, 11514974, 11516030]"
92,3836,meta-llama/Llama-3.1-8B,520,4,3000000000,3697052556,697052556,252018,662507634,11514974,"[11513918, 11514974, 11516030]"
92,3980,meta-llama/Llama-3.1-8B,520,4,3000000000,3697052556,697052556,252018,662507634,11514974,"[11513918, 11514974, 11516030]"
92,4124,meta-llama/Llama-3.1-8B,520,4,3000000000,4699531308,1699531308,697052556,1664986386,11514974,"[11513918, 11514974, 11516030]"
92,4268,meta-llama/Llama-3.1-8B,520,4,3000000000,4699531308,1699531308,697052556,1664986386,11514974,"[11513918, 11514974, 11516030]"
92,4412,meta-llama/Llama-3.1-8B,520,4,3000000000,4699531308,1699531308,697052556,1664986386,11514974,"[11513918, 11514974, 11516030]"
92,4556,meta-llama/Llama-3.1-8B,520,4,3000000000,4699531308,1699531308,697052556,1664986386,11514974,"[11513918, 11514974, 11516030]"
92,4700,meta-llama/Llama-3.1-8B,520,4,3000000000,4699531308,1699531308,697052556,1664986386,11514974,"[11513918, 11514974, 11516030]"
92,4844,meta-llama/Llama-3.1-8B,520,4,3000000000,4699531308,1699531308,697052556,1664986386,11514974,"[11513918, 11514974, 11516030]"
92,4988,meta-llama/Llama-3.1-8B,520,4,3000000000,4699531308,1699531308,697052556,1664986386,11514974,"[11513918, 11514974, 11516030]"
92,5132,meta-llama/Llama-3.1-8B,520,4,3000000000,4699531308,1699531308,697052556,1664986386,11514974,"[11513918, 11514974, 11516030]"
92,5276,meta-llama/Llama-3.1-8B,520,4,3000000000,5699421312,2699421312,1699531308,2665578573,11280913,"[11280401, 11280913, 11281425]"
92,5420,meta-llama/Llama-3.1-8B,520,4,3000000000,5699421312,2699421312,1699531308,2665578573,11280913,"[11280401, 11280913, 11281425]"
92,5564,meta-llama/Llama-3.1-8B,520,4,3000000000,5699421312,2699421312,1699531308,2665578573,11280913,"[11280401, 11280913, 11281425]"
92,5708,meta-llama/Llama-3.1-8B,520,4,3000000000,5699421312,2699421312,1699531308,2665578573,11280913,"[11280401, 11280913, 11281425]"
93,93,meta-llama/Llama-3.1-8B,512,4,0,341333790,341333790,1,132313878,69673304,"[159065888, 38108816, 11845208]"
93,237,meta-llama/Llama-3.1-8B,512,4,0,341333790,341333790,1,132313878,69673304,"[159065888, 38108816, 11845208]"
93,381,meta-llama/Llama-3.1-8B,512,4,0,341333790,341333790,1,132313878,69673304,"[159065888, 38108816, 11845208]"
93,525,meta-llama/Llama-3.1-8B,512,4,0,341333790,341333790,1,132313878,69673304,"[159065888, 38108816, 11845208]"
93,669,meta-llama/Llama-3.1-8B,512,4,0,473585545,473585545,132313878,291379766,60735259,"[38108816, 11845208, 132251755]"
93,813,meta-llama/Llama-3.1-8B,512,4,0,473585545,473585545,132313878,291379766,60735259,"[38108816, 11845208, 132251755]"
93,957,meta-llama/Llama-3.1-8B,512,4,0,473585545,473585545,132313878,291379766,60735259,"[38108816, 11845208, 132251755]"
93,1101,meta-llama/Llama-3.1-8B,512,4,0,604804807,604804807,291379766,329488582,91772075,"[11845208, 132251755, 131219262]"
93,1245,meta-llama/Llama-3.1-8B,512,4,0,681490764,681490764,341333790,473585545,69301739,"[131219262, 57390299, 19295658]"
93,1389,meta-llama/Llama-3.1-8B,512,4,0,681490764,681490764,341333790,473585545,69301739,"[131219262, 57390299, 19295658]"
93,1533,meta-llama/Llama-3.1-8B,512,4,0,681490764,681490764,341333790,473585545,69301739,"[131219262, 57390299, 19295658]"
93,1677,meta-llama/Llama-3.1-8B,512,4,0,783539297,783539297,473585545,604804807,59578163,"[57390299, 19295658, 102048533]"
93,1821,meta-llama/Llama-3.1-8B,512,4,0,783539297,783539297,473585545,604804807,59578163,"[57390299, 19295658, 102048533]"
93,1965,meta-llama/Llama-3.1-8B,512,4,0,783539297,783539297,473585545,604804807,59578163,"[57390299, 19295658, 102048533]"
93,2109,meta-llama/Llama-3.1-8B,512,4,0,783539297,783539297,473585545,604804807,59578163,"[57390299, 19295658, 102048533]"
93,2253,meta-llama/Llama-3.1-8B,512,4,0,833637539,833637539,604804807,662195106,57147477,"[19295658, 102048533, 50098242]"
93,2397,meta-llama/Llama-3.1-8B,512,4,0,860188995,860188995,681490764,783539297,25549899,"[50098242, 15274639, 11276817]"
93,2541,meta-llama/Llama-3.1-8B,512,4,0,860188995,860188995,681490764,783539297,25549899,"[50098242, 15274639, 11276817]"
93,2685,meta-llama/Llama-3.1-8B,512,4,0,860188995,860188995,681490764,783539297,25549899,"[50098242, 15274639, 11276817]"
93,2829,meta-llama/Llama-3.1-8B,512,4,0,871474068,871474068,783539297,833637539,12612176,"[15274639, 11276817, 11285073]"
93,2973,meta-llama/Llama-3.1-8B,520,4,3000000000,3704014214,704014214,252018,669469292,11514974,"[11513918, 11514974, 11516030]"
93,3117,meta-llama/Llama-3.1-8B,520,4,3000000000,3704014214,704014214,252018,669469292,11514974,"[11513918, 11514974, 11516030]"
93,3261,meta-llama/Llama-3.1-8B,520,4,3000000000,3704014214,704014214,252018,669469292,11514974,"[11513918, 11514974, 11516030]"
93,3405,meta-llama/Llama-3.1-8B,520,4,3000000000,3704014214,704014214,252018,669469292,11514974,"[11513918, 11514974, 11516030]"
93,3549,meta-llama/Llama-3.1-8B,520,4,3000000000,3704014214,704014214,252018,669469292,11514974,"[11513918, 11514974, 11516030]"
93,3693,meta-llama/Llama-3.1-8B,520,4,3000000000,3704014214,704014214,252018,669469292,11514974,"[11513918, 11514974, 11516030]"
93,3837,meta-llama/Llama-3.1-8B,520,4,3000000000,3704014214,704014214,252018,669469292,11514974,"[11513918, 11514974, 11516030]"
93,3981,meta-llama/Llama-3.1-8B,520,4,3000000000,3704014214,704014214,252018,669469292,11514974,"[11513918, 11514974, 11516030]"
93,4125,meta-llama/Llama-3.1-8B,520,4,3000000000,4706492966,1706492966,704014214,1671948044,11514974,"[11513918, 11514974, 11516030]"
93,4269,meta-llama/Llama-3.1-8B,520,4,3000000000,4706492966,1706492966,704014214,1671948044,11514974,"[11513918, 11514974, 11516030]"
93,4413,meta-llama/Llama-3.1-8B,520,4,3000000000,4706492966,1706492966,704014214,1671948044,11514974,"[11513918, 11514974, 11516030]"
93,4557,meta-llama/Llama-3.1-8B,520,4,3000000000,4706492966,1706492966,704014214,1671948044,11514974,"[11513918, 11514974, 11516030]"
93,4701,meta-llama/Llama-3.1-8B,520,4,3000000000,4706492966,1706492966,704014214,1671948044,11514974,"[11513918, 11514974, 11516030]"
93,4845,meta-llama/Llama-3.1-8B,520,4,3000000000,4706492966,1706492966,704014214,1671948044,11514974,"[11513918, 11514974, 11516030]"
93,4989,meta-llama/Llama-3.1-8B,520,4,3000000000,4706492966,1706492966,704014214,1671948044,11514974,"[11513918, 11514974, 11516030]"
93,5133,meta-llama/Llama-3.1-8B,520,4,3000000000,4706492966,1706492966,704014214,1671948044,11514974,"[11513918, 11514974, 11516030]"
93,5277,meta-llama/Llama-3.1-8B,520,4,3000000000,5706382970,2706382970,1706492966,2672540231,11280913,"[11280401, 11280913, 11281425]"
93,5421,meta-llama/Llama-3.1-8B,520,4,3000000000,5706382970,2706382970,1706492966,2672540231,11280913,"[11280401, 11280913, 11281425]"
93,5565,meta-llama/Llama-3.1-8B,520,4,3000000000,5706382970,2706382970,1706492966,2672540231,11280913,"[11280401, 11280913, 11281425]"
93,5709,meta-llama/Llama-3.1-8B,520,4,3000000000,5706382970,2706382970,1706492966,2672540231,11280913,"[11280401, 11280913, 11281425]"
94,94,meta-llama/Llama-3.1-8B,512,4,0,341335962,341335962,1,132839334,69498876,"[159065888, 37586301, 11844439]"
94,238,meta-llama/Llama-3.1-8B,512,4,0,341335962,341335962,1,132839334,69498876,"[159065888, 37586301, 11844439]"
94,382,meta-llama/Llama-3.1-8B,512,4,0,341335962,341335962,1,132839334,69498876,"[159065888, 37586301, 11844439]"
94,526,meta-llama/Llama-3.1-8B,512,4,0,341335962,341335962,1,132839334,69498876,"[159065888, 37586301, 11844439]"
94,670,meta-llama/Llama-3.1-8B,512,4,0,474111001,474111001,132839334,291905222,60735259,"[37586301, 11844439, 132775039]"
94,814,meta-llama/Llama-3.1-8B,512,4,0,474111001,474111001,132839334,291905222,60735259,"[37586301, 11844439, 132775039]"
94,958,meta-llama/Llama-3.1-8B,512,4,0,474111001,474111001,132839334,291905222,60735259,"[37586301, 11844439, 132775039]"
94,1102,meta-llama/Llama-3.1-8B,512,4,0,605200981,605200981,291905222,329491523,91903152,"[11844439, 132775039, 131089980]"
94,1246,meta-llama/Llama-3.1-8B,512,4,0,681492936,681492936,341335962,474111001,69127311,"[131089980, 57127374, 19164581]"
94,1390,meta-llama/Llama-3.1-8B,512,4,0,681492936,681492936,341335962,474111001,69127311,"[131089980, 57127374, 19164581]"
94,1534,meta-llama/Llama-3.1-8B,512,4,0,681492936,681492936,341335962,474111001,69127311,"[131089980, 57127374, 19164581]"
94,1678,meta-llama/Llama-3.1-8B,512,4,0,783934701,783934701,474111001,605200981,59577906,"[57127374, 19164581, 102441765]"
94,1822,meta-llama/Llama-3.1-8B,512,4,0,783934701,783934701,474111001,605200981,59577906,"[57127374, 19164581, 102441765]"
94,1966,meta-llama/Llama-3.1-8B,512,4,0,783934701,783934701,474111001,605200981,59577906,"[57127374, 19164581, 102441765]"
94,2110,meta-llama/Llama-3.1-8B,512,4,0,783934701,783934701,474111001,605200981,59577906,"[57127374, 19164581, 102441765]"
94,2254,meta-llama/Llama-3.1-8B,512,4,0,833770019,833770019,605200981,662328355,57147221,"[19164581, 102441765, 49835318]"
94,2398,meta-llama/Llama-3.1-8B,512,4,0,860328471,860328471,681492936,783934701,25464590,"[49835318, 15281635, 11276817]"
94,2542,meta-llama/Llama-3.1-8B,512,4,0,860328471,860328471,681492936,783934701,25464590,"[49835318, 15281635, 11276817]"
94,2686,meta-llama/Llama-3.1-8B,512,4,0,860328471,860328471,681492936,783934701,25464590,"[49835318, 15281635, 11276817]"
94,2830,meta-llama/Llama-3.1-8B,512,4,0,871613544,871613544,783934701,833770019,12614508,"[15281635, 11276817, 11285073]"
94,2974,meta-llama/Llama-3.1-8B,520,4,3000000000,3710975872,710975872,252018,676430950,11514974,"[11513918, 11514974, 11516030]"
94,3118,meta-llama/Llama-3.1-8B,520,4,3000000000,3710975872,710975872,252018,676430950,11514974,"[11513918, 11514974, 11516030]"
94,3262,meta-llama/Llama-3.1-8B,520,4,3000000000,3710975872,710975872,252018,676430950,11514974,"[11513918, 11514974, 11516030]"
94,3406,meta-llama/Llama-3.1-8B,520,4,3000000000,3710975872,710975872,252018,676430950,11514974,"[11513918, 11514974, 11516030]"
94,3550,meta-llama/Llama-3.1-8B,520,4,3000000000,3710975872,710975872,252018,676430950,11514974,"[11513918, 11514974, 11516030]"
94,3694,meta-llama/Llama-3.1-8B,520,4,3000000000,3710975872,710975872,252018,676430950,11514974,"[11513918, 11514974, 11516030]"
94,3838,meta-llama/Llama-3.1-8B,520,4,3000000000,3710975872,710975872,252018,676430950,11514974,"[11513918, 11514974, 11516030]"
94,3982,meta-llama/Llama-3.1-8B,520,4,3000000000,3710975872,710975872,252018,676430950,11514974,"[11513918, 11514974, 11516030]"
94,4126,meta-llama/Llama-3.1-8B,520,4,3000000000,4713454624,1713454624,710975872,1678909702,11514974,"[11513918, 11514974, 11516030]"
94,4270,meta-llama/Llama-3.1-8B,520,4,3000000000,4713454624,1713454624,710975872,1678909702,11514974,"[11513918, 11514974, 11516030]"
94,4414,meta-llama/Llama-3.1-8B,520,4,3000000000,4713454624,1713454624,710975872,1678909702,11514974,"[11513918, 11514974, 11516030]"
94,4558,meta-llama/Llama-3.1-8B,520,4,3000000000,4713454624,1713454624,710975872,1678909702,11514974,"[11513918, 11514974, 11516030]"
94,4702,meta-llama/Llama-3.1-8B,520,4,3000000000,4713454624,1713454624,710975872,1678909702,11514974,"[11513918, 11514974, 11516030]"
94,4846,meta-llama/Llama-3.1-8B,520,4,3000000000,4713454624,1713454624,710975872,1678909702,11514974,"[11513918, 11514974, 11516030]"
94,4990,meta-llama/Llama-3.1-8B,520,4,3000000000,4713454624,1713454624,710975872,1678909702,11514974,"[11513918, 11514974, 11516030]"
94,5134,meta-llama/Llama-3.1-8B,520,4,3000000000,4713454624,1713454624,710975872,1678909702,11514974,"[11513918, 11514974, 11516030]"
94,5278,meta-llama/Llama-3.1-8B,520,4,3000000000,5713344628,2713344628,1713454624,2679501889,11280913,"[11280401, 11280913, 11281425]"
94,5422,meta-llama/Llama-3.1-8B,520,4,3000000000,5713344628,2713344628,1713454624,2679501889,11280913,"[11280401, 11280913, 11281425]"
94,5566,meta-llama/Llama-3.1-8B,520,4,3000000000,5713344628,2713344628,1713454624,2679501889,11280913,"[11280401, 11280913, 11281425]"
94,5710,meta-llama/Llama-3.1-8B,520,4,3000000000,5713344628,2713344628,1713454624,2679501889,11280913,"[11280401, 11280913, 11281425]"
95,95,meta-llama/Llama-3.1-8B,512,4,0,341338134,341338134,1,133364790,69324448,"[159065888, 37063786, 11843670]"
95,239,meta-llama/Llama-3.1-8B,512,4,0,341338134,341338134,1,133364790,69324448,"[159065888, 37063786, 11843670]"
95,383,meta-llama/Llama-3.1-8B,512,4,0,341338134,341338134,1,133364790,69324448,"[159065888, 37063786, 11843670]"
95,527,meta-llama/Llama-3.1-8B,512,4,0,341338134,341338134,1,133364790,69324448,"[159065888, 37063786, 11843670]"
95,671,meta-llama/Llama-3.1-8B,512,4,0,474636457,474636457,133364790,292430678,60735259,"[37063786, 11843670, 133298323]"
95,815,meta-llama/Llama-3.1-8B,512,4,0,474636457,474636457,133364790,292430678,60735259,"[37063786, 11843670, 133298323]"
95,959,meta-llama/Llama-3.1-8B,512,4,0,474636457,474636457,133364790,292430678,60735259,"[37063786, 11843670, 133298323]"
95,1103,meta-llama/Llama-3.1-8B,512,4,0,605597155,605597155,292430678,329494464,92034230,"[11843670, 133298323, 130960698]"
95,1247,meta-llama/Llama-3.1-8B,512,4,0,681495108,681495108,341338134,474636457,68952883,"[130960698, 56864449, 19033504]"
95,1391,meta-llama/Llama-3.1-8B,512,4,0,681495108,681495108,341338134,474636457,68952883,"[130960698, 56864449, 19033504]"
95,1535,meta-llama/Llama-3.1-8B,512,4,0,681495108,681495108,341338134,474636457,68952883,"[130960698, 56864449, 19033504]"
95,1679,meta-llama/Llama-3.1-8B,512,4,0,784358142,784358142,474636457,605597155,59586995,"[56864449, 19033504, 102863034]"
95,1823,meta-llama/Llama-3.1-8B,512,4,0,784358142,784358142,474636457,605597155,59586995,"[56864449, 19033504, 102863034]"
95,1967,meta-llama/Llama-3.1-8B,512,4,0,784358142,784358142,474636457,605597155,59586995,"[56864449, 19033504, 102863034]"
95,2111,meta-llama/Llama-3.1-8B,512,4,0,784358142,784358142,474636457,605597155,59586995,"[56864449, 19033504, 102863034]"
95,2255,meta-llama/Llama-3.1-8B,512,4,0,833902619,833902619,605597155,662461604,57147005,"[19033504, 102863034, 49544477]"
95,2399,meta-llama/Llama-3.1-8B,512,4,0,860335467,860335467,681495108,784358142,25325775,"[49544477, 15156031, 11276817]"
95,2543,meta-llama/Llama-3.1-8B,512,4,0,860335467,860335467,681495108,784358142,25325775,"[49544477, 15156031, 11276817]"
95,2687,meta-llama/Llama-3.1-8B,512,4,0,860335467,860335467,681495108,784358142,25325775,"[49544477, 15156031, 11276817]"
95,2831,meta-llama/Llama-3.1-8B,512,4,0,871620540,871620540,784358142,833902619,12572640,"[15156031, 11276817, 11285073]"
95,2975,meta-llama/Llama-3.1-8B,520,4,3000000000,3717937530,717937530,252018,683392608,11514974,"[11513918, 11514974, 11516030]"
95,3119,meta-llama/Llama-3.1-8B,520,4,3000000000,3717937530,717937530,252018,683392608,11514974,"[11513918, 11514974, 11516030]"
95,3263,meta-llama/Llama-3.1-8B,520,4,3000000000,3717937530,717937530,252018,683392608,11514974,"[11513918, 11514974, 11516030]"
95,3407,meta-llama/Llama-3.1-8B,520,4,3000000000,3717937530,717937530,252018,683392608,11514974,"[11513918, 11514974, 11516030]"
95,3551,meta-llama/Llama-3.1-8B,520,4,3000000000,3717937530,717937530,252018,683392608,11514974,"[11513918, 11514974, 11516030]"
95,3695,meta-llama/Llama-3.1-8B,520,4,3000000000,3717937530,717937530,252018,683392608,11514974,"[11513918, 11514974, 11516030]"
95,3839,meta-llama/Llama-3.1-8B,520,4,3000000000,3717937530,717937530,252018,683392608,11514974,"[11513918, 11514974, 11516030]"
95,3983,meta-llama/Llama-3.1-8B,520,4,3000000000,3717937530,717937530,252018,683392608,11514974,"[11513918, 11514974, 11516030]"
95,4127,meta-llama/Llama-3.1-8B,520,4,3000000000,4720416282,1720416282,717937530,1685871360,11514974,"[11513918, 11514974, 11516030]"
95,4271,meta-llama/Llama-3.1-8B,520,4,3000000000,4720416282,1720416282,717937530,1685871360,11514974,"[11513918, 11514974, 11516030]"
95,4415,meta-llama/Llama-3.1-8B,520,4,3000000000,4720416282,1720416282,717937530,1685871360,11514974,"[11513918, 11514974, 11516030]"
95,4559,meta-llama/Llama-3.1-8B,520,4,3000000000,4720416282,1720416282,717937530,1685871360,11514974,"[11513918, 11514974, 11516030]"
95,4703,meta-llama/Llama-3.1-8B,520,4,3000000000,4720416282,1720416282,717937530,1685871360,11514974,"[11513918, 11514974, 11516030]"
95,4847,meta-llama/Llama-3.1-8B,520,4,3000000000,4720416282,1720416282,717937530,1685871360,11514974,"[11513918, 11514974, 11516030]"
95,4991,meta-llama/Llama-3.1-8B,520,4,3000000000,4720416282,1720416282,717937530,1685871360,11514974,"[11513918, 11514974, 11516030]"
95,5135,meta-llama/Llama-3.1-8B,520,4,3000000000,4720416282,1720416282,717937530,1685871360,11514974,"[11513918, 11514974, 11516030]"
95,5279,meta-llama/Llama-3.1-8B,520,4,3000000000,5720306286,2720306286,1720416282,2686463547,11280913,"[11280401, 11280913, 11281425]"
95,5423,meta-llama/Llama-3.1-8B,520,4,3000000000,5720306286,2720306286,1720416282,2686463547,11280913,"[11280401, 11280913, 11281425]"
95,5567,meta-llama/Llama-3.1-8B,520,4,3000000000,5720306286,2720306286,1720416282,2686463547,11280913,"[11280401, 11280913, 11281425]"
95,5711,meta-llama/Llama-3.1-8B,520,4,3000000000,5720306286,2720306286,1720416282,2686463547,11280913,"[11280401, 11280913, 11281425]"
96,96,meta-llama/Llama-3.1-8B,512,4,0,341340434,341340434,1,133890246,69150062,"[159065888, 36541271, 11843029]"
96,240,meta-llama/Llama-3.1-8B,512,4,0,341340434,341340434,1,133890246,69150062,"[159065888, 36541271, 11843029]"
96,384,meta-llama/Llama-3.1-8B,512,4,0,341340434,341340434,1,133890246,69150062,"[159065888, 36541271, 11843029]"
96,528,meta-llama/Llama-3.1-8B,512,4,0,341340434,341340434,1,133890246,69150062,"[159065888, 36541271, 11843029]"
96,672,meta-llama/Llama-3.1-8B,512,4,0,475161913,475161913,133890246,292956134,60735259,"[36541271, 11843029, 133821479]"
96,816,meta-llama/Llama-3.1-8B,512,4,0,475161913,475161913,133890246,292956134,60735259,"[36541271, 11843029, 133821479]"
96,960,meta-llama/Llama-3.1-8B,512,4,0,475161913,475161913,133890246,292956134,60735259,"[36541271, 11843029, 133821479]"
96,1104,meta-llama/Llama-3.1-8B,512,4,0,605993329,605993329,292956134,329497405,92165308,"[11843029, 133821479, 130831416]"
96,1248,meta-llama/Llama-3.1-8B,512,4,0,681497280,681497280,341340434,475161913,68778455,"[130831416, 56601524, 18902427]"
96,1392,meta-llama/Llama-3.1-8B,512,4,0,681497280,681497280,341340434,475161913,68778455,"[130831416, 56601524, 18902427]"
96,1536,meta-llama/Llama-3.1-8B,512,4,0,681497280,681497280,341340434,475161913,68778455,"[130831416, 56601524, 18902427]"
96,1680,meta-llama/Llama-3.1-8B,512,4,0,784753546,784753546,475161913,605993329,59586739,"[56601524, 18902427, 103256266]"
96,1824,meta-llama/Llama-3.1-8B,512,4,0,784753546,784753546,475161913,605993329,59586739,"[56601524, 18902427, 103256266]"
96,1968,meta-llama/Llama-3.1-8B,512,4,0,784753546,784753546,475161913,605993329,59586739,"[56601524, 18902427, 103256266]"
96,2112,meta-llama/Llama-3.1-8B,512,4,0,784753546,784753546,475161913,605993329,59586739,"[56601524, 18902427, 103256266]"
96,2256,meta-llama/Llama-3.1-8B,512,4,0,834035219,834035219,605993329,662594853,57146788,"[18902427, 103256266, 49281673]"
96,2400,meta-llama/Llama-3.1-8B,512,4,0,860737611,860737611,681497280,784753546,25328021,"[49281673, 15425575, 11276817]"
96,2544,meta-llama/Llama-3.1-8B,512,4,0,860737611,860737611,681497280,784753546,25328021,"[49281673, 15425575, 11276817]"
96,2688,meta-llama/Llama-3.1-8B,512,4,0,860737611,860737611,681497280,784753546,25328021,"[49281673, 15425575, 11276817]"
96,2832,meta-llama/Llama-3.1-8B,512,4,0,872022684,872022684,784753546,834035219,12662488,"[15425575, 11276817, 11285073]"
96,2976,meta-llama/Llama-3.1-8B,520,4,3000000000,3724899188,724899188,252018,690354266,11514974,"[11513918, 11514974, 11516030]"
96,3120,meta-llama/Llama-3.1-8B,520,4,3000000000,3724899188,724899188,252018,690354266,11514974,"[11513918, 11514974, 11516030]"
96,3264,meta-llama/Llama-3.1-8B,520,4,3000000000,3724899188,724899188,252018,690354266,11514974,"[11513918, 11514974, 11516030]"
96,3408,meta-llama/Llama-3.1-8B,520,4,3000000000,3724899188,724899188,252018,690354266,11514974,"[11513918, 11514974, 11516030]"
96,3552,meta-llama/Llama-3.1-8B,520,4,3000000000,3724899188,724899188,252018,690354266,11514974,"[11513918, 11514974, 11516030]"
96,3696,meta-llama/Llama-3.1-8B,520,4,3000000000,3724899188,724899188,252018,690354266,11514974,"[11513918, 11514974, 11516030]"
96,3840,meta-llama/Llama-3.1-8B,520,4,3000000000,3724899188,724899188,252018,690354266,11514974,"[11513918, 11514974, 11516030]"
96,3984,meta-llama/Llama-3.1-8B,520,4,3000000000,3724899188,724899188,252018,690354266,11514974,"[11513918, 11514974, 11516030]"
96,4128,meta-llama/Llama-3.1-8B,520,4,3000000000,4727377940,1727377940,724899188,1692833018,11514974,"[11513918, 11514974, 11516030]"
96,4272,meta-llama/Llama-3.1-8B,520,4,3000000000,4727377940,1727377940,724899188,1692833018,11514974,"[11513918, 11514974, 11516030]"
96,4416,meta-llama/Llama-3.1-8B,520,4,3000000000,4727377940,1727377940,724899188,1692833018,11514974,"[11513918, 11514974, 11516030]"
96,4560,meta-llama/Llama-3.1-8B,520,4,3000000000,4727377940,1727377940,724899188,1692833018,11514974,"[11513918, 11514974, 11516030]"
96,4704,meta-llama/Llama-3.1-8B,520,4,3000000000,4727377940,1727377940,724899188,1692833018,11514974,"[11513918, 11514974, 11516030]"
96,4848,meta-llama/Llama-3.1-8B,520,4,3000000000,4727377940,1727377940,724899188,1692833018,11514974,"[11513918, 11514974, 11516030]"
96,4992,meta-llama/Llama-3.1-8B,520,4,3000000000,4727377940,1727377940,724899188,1692833018,11514974,"[11513918, 11514974, 11516030]"
96,5136,meta-llama/Llama-3.1-8B,520,4,3000000000,4727377940,1727377940,724899188,1692833018,11514974,"[11513918, 11514974, 11516030]"
96,5280,meta-llama/Llama-3.1-8B,520,4,3000000000,5727267944,2727267944,1727377940,2693425205,11280913,"[11280401, 11280913, 11281425]"
96,5424,meta-llama/Llama-3.1-8B,520,4,3000000000,5727267944,2727267944,1727377940,2693425205,11280913,"[11280401, 11280913, 11281425]"
96,5568,meta-llama/Llama-3.1-8B,520,4,3000000000,5727267944,2727267944,1727377940,2693425205,11280913,"[11280401, 11280913, 11281425]"
96,5712,meta-llama/Llama-3.1-8B,520,4,3000000000,5727267944,2727267944,1727377940,2693425205,11280913,"[11280401, 11280913, 11281425]"
97,97,meta-llama/Llama-3.1-8B,512,4,0,341342606,341342606,1,134415702,68975634,"[159065888, 36018756, 11842260]"
97,241,meta-llama/Llama-3.1-8B,512,4,0,341342606,341342606,1,134415702,68975634,"[159065888, 36018756, 11842260]"
97,385,meta-llama/Llama-3.1-8B,512,4,0,341342606,341342606,1,134415702,68975634,"[159065888, 36018756, 11842260]"
97,529,meta-llama/Llama-3.1-8B,512,4,0,341342606,341342606,1,134415702,68975634,"[159065888, 36018756, 11842260]"
97,673,meta-llama/Llama-3.1-8B,512,4,0,475687369,475687369,134415702,293481590,60735259,"[36018756, 11842260, 134344763]"
97,817,meta-llama/Llama-3.1-8B,512,4,0,475687369,475687369,134415702,293481590,60735259,"[36018756, 11842260, 134344763]"
97,961,meta-llama/Llama-3.1-8B,512,4,0,475687369,475687369,134415702,293481590,60735259,"[36018756, 11842260, 134344763]"
97,1105,meta-llama/Llama-3.1-8B,512,4,0,606389503,606389503,293481590,329500346,92296385,"[11842260, 134344763, 130702134]"
97,1249,meta-llama/Llama-3.1-8B,512,4,0,681499452,681499452,341342606,475687369,68604027,"[130702134, 56338599, 18771350]"
97,1393,meta-llama/Llama-3.1-8B,512,4,0,681499452,681499452,341342606,475687369,68604027,"[130702134, 56338599, 18771350]"
97,1537,meta-llama/Llama-3.1-8B,512,4,0,681499452,681499452,341342606,475687369,68604027,"[130702134, 56338599, 18771350]"
97,1681,meta-llama/Llama-3.1-8B,512,4,0,785148950,785148950,475687369,606389503,59586482,"[56338599, 18771350, 103649498]"
97,1825,meta-llama/Llama-3.1-8B,512,4,0,785148950,785148950,475687369,606389503,59586482,"[56338599, 18771350, 103649498]"
97,1969,meta-llama/Llama-3.1-8B,512,4,0,785148950,785148950,475687369,606389503,59586482,"[56338599, 18771350, 103649498]"
97,2113,meta-llama/Llama-3.1-8B,512,4,0,785148950,785148950,475687369,606389503,59586482,"[56338599, 18771350, 103649498]"
97,2257,meta-llama/Llama-3.1-8B,512,4,0,834167699,834167699,606389503,662728102,57146532,"[18771350, 103649498, 49018749]"
97,2401,meta-llama/Llama-3.1-8B,512,4,0,861002691,861002691,681499452,785148950,25284580,"[49018749, 15558175, 11276817]"
97,2545,meta-llama/Llama-3.1-8B,512,4,0,861002691,861002691,681499452,785148950,25284580,"[49018749, 15558175, 11276817]"
97,2689,meta-llama/Llama-3.1-8B,512,4,0,861002691,861002691,681499452,785148950,25284580,"[49018749, 15558175, 11276817]"
97,2833,meta-llama/Llama-3.1-8B,512,4,0,872287764,872287764,785148950,834167699,12706688,"[15558175, 11276817, 11285073]"
97,2977,meta-llama/Llama-3.1-8B,520,4,3000000000,3731860846,731860846,252018,697315924,11514974,"[11513918, 11514974, 11516030]"
97,3121,meta-llama/Llama-3.1-8B,520,4,3000000000,3731860846,731860846,252018,697315924,11514974,"[11513918, 11514974, 11516030]"
97,3265,meta-llama/Llama-3.1-8B,520,4,3000000000,3731860846,731860846,252018,697315924,11514974,"[11513918, 11514974, 11516030]"
97,3409,meta-llama/Llama-3.1-8B,520,4,3000000000,3731860846,731860846,252018,697315924,11514974,"[11513918, 11514974, 11516030]"
97,3553,meta-llama/Llama-3.1-8B,520,4,3000000000,3731860846,731860846,252018,697315924,11514974,"[11513918, 11514974, 11516030]"
97,3697,meta-llama/Llama-3.1-8B,520,4,3000000000,3731860846,731860846,252018,697315924,11514974,"[11513918, 11514974, 11516030]"
97,3841,meta-llama/Llama-3.1-8B,520,4,3000000000,3731860846,731860846,252018,697315924,11514974,"[11513918, 11514974, 11516030]"
97,3985,meta-llama/Llama-3.1-8B,520,4,3000000000,3731860846,731860846,252018,697315924,11514974,"[11513918, 11514974, 11516030]"
97,4129,meta-llama/Llama-3.1-8B,520,4,3000000000,4734339598,1734339598,731860846,1699794676,11514974,"[11513918, 11514974, 11516030]"
97,4273,meta-llama/Llama-3.1-8B,520,4,3000000000,4734339598,1734339598,731860846,1699794676,11514974,"[11513918, 11514974, 11516030]"
97,4417,meta-llama/Llama-3.1-8B,520,4,3000000000,4734339598,1734339598,731860846,1699794676,11514974,"[11513918, 11514974, 11516030]"
97,4561,meta-llama/Llama-3.1-8B,520,4,3000000000,4734339598,1734339598,731860846,1699794676,11514974,"[11513918, 11514974, 11516030]"
97,4705,meta-llama/Llama-3.1-8B,520,4,3000000000,4734339598,1734339598,731860846,1699794676,11514974,"[11513918, 11514974, 11516030]"
97,4849,meta-llama/Llama-3.1-8B,520,4,3000000000,4734339598,1734339598,731860846,1699794676,11514974,"[11513918, 11514974, 11516030]"
97,4993,meta-llama/Llama-3.1-8B,520,4,3000000000,4734339598,1734339598,731860846,1699794676,11514974,"[11513918, 11514974, 11516030]"
97,5137,meta-llama/Llama-3.1-8B,520,4,3000000000,4734339598,1734339598,731860846,1699794676,11514974,"[11513918, 11514974, 11516030]"
97,5281,meta-llama/Llama-3.1-8B,520,4,3000000000,5734229602,2734229602,1734339598,2700386863,11280913,"[11280401, 11280913, 11281425]"
97,5425,meta-llama/Llama-3.1-8B,520,4,3000000000,5734229602,2734229602,1734339598,2700386863,11280913,"[11280401, 11280913, 11281425]"
97,5569,meta-llama/Llama-3.1-8B,520,4,3000000000,5734229602,2734229602,1734339598,2700386863,11280913,"[11280401, 11280913, 11281425]"
97,5713,meta-llama/Llama-3.1-8B,520,4,3000000000,5734229602,2734229602,1734339598,2700386863,11280913,"[11280401, 11280913, 11281425]"
98,98,meta-llama/Llama-3.1-8B,512,4,0,341344778,341344778,1,134941158,68801206,"[159065888, 35496241, 11841491]"
98,242,meta-llama/Llama-3.1-8B,512,4,0,341344778,341344778,1,134941158,68801206,"[159065888, 35496241, 11841491]"
98,386,meta-llama/Llama-3.1-8B,512,4,0,341344778,341344778,1,134941158,68801206,"[159065888, 35496241, 11841491]"
98,530,meta-llama/Llama-3.1-8B,512,4,0,341344778,341344778,1,134941158,68801206,"[159065888, 35496241, 11841491]"
98,674,meta-llama/Llama-3.1-8B,512,4,0,476212825,476212825,134941158,294007046,60735259,"[35496241, 11841491, 134868047]"
98,818,meta-llama/Llama-3.1-8B,512,4,0,476212825,476212825,134941158,294007046,60735259,"[35496241, 11841491, 134868047]"
98,962,meta-llama/Llama-3.1-8B,512,4,0,476212825,476212825,134941158,294007046,60735259,"[35496241, 11841491, 134868047]"
98,1106,meta-llama/Llama-3.1-8B,512,4,0,606785677,606785677,294007046,329503287,92427463,"[11841491, 134868047, 130572852]"
98,1250,meta-llama/Llama-3.1-8B,512,4,0,681501624,681501624,341344778,476212825,68429599,"[130572852, 56075674, 18640273]"
98,1394,meta-llama/Llama-3.1-8B,512,4,0,681501624,681501624,341344778,476212825,68429599,"[130572852, 56075674, 18640273]"
98,1538,meta-llama/Llama-3.1-8B,512,4,0,681501624,681501624,341344778,476212825,68429599,"[130572852, 56075674, 18640273]"
98,1682,meta-llama/Llama-3.1-8B,512,4,0,785572391,785572391,476212825,606785677,59595571,"[56075674, 18640273, 104070767]"
98,1826,meta-llama/Llama-3.1-8B,512,4,0,785572391,785572391,476212825,606785677,59595571,"[56075674, 18640273, 104070767]"
98,1970,meta-llama/Llama-3.1-8B,512,4,0,785572391,785572391,476212825,606785677,59595571,"[56075674, 18640273, 104070767]"
98,2114,meta-llama/Llama-3.1-8B,512,4,0,785572391,785572391,476212825,606785677,59595571,"[56075674, 18640273, 104070767]"
98,2258,meta-llama/Llama-3.1-8B,512,4,0,834300299,834300299,606785677,662861351,57146316,"[18640273, 104070767, 48727908]"
98,2402,meta-llama/Llama-3.1-8B,512,4,0,861144459,861144459,681501624,785572391,25190689,"[48727908, 15567343, 11276817]"
98,2546,meta-llama/Llama-3.1-8B,512,4,0,861144459,861144459,681501624,785572391,25190689,"[48727908, 15567343, 11276817]"
98,2690,meta-llama/Llama-3.1-8B,512,4,0,861144459,861144459,681501624,785572391,25190689,"[48727908, 15567343, 11276817]"
98,2834,meta-llama/Llama-3.1-8B,512,4,0,872429532,872429532,785572391,834300299,12709744,"[15567343, 11276817, 11285073]"
98,2978,meta-llama/Llama-3.1-8B,520,4,3000000000,3738822504,738822504,252018,704277582,11514974,"[11513918, 11514974, 11516030]"
98,3122,meta-llama/Llama-3.1-8B,520,4,3000000000,3738822504,738822504,252018,704277582,11514974,"[11513918, 11514974, 11516030]"
98,3266,meta-llama/Llama-3.1-8B,520,4,3000000000,3738822504,738822504,252018,704277582,11514974,"[11513918, 11514974, 11516030]"
98,3410,meta-llama/Llama-3.1-8B,520,4,3000000000,3738822504,738822504,252018,704277582,11514974,"[11513918, 11514974, 11516030]"
98,3554,meta-llama/Llama-3.1-8B,520,4,3000000000,3738822504,738822504,252018,704277582,11514974,"[11513918, 11514974, 11516030]"
98,3698,meta-llama/Llama-3.1-8B,520,4,3000000000,3738822504,738822504,252018,704277582,11514974,"[11513918, 11514974, 11516030]"
98,3842,meta-llama/Llama-3.1-8B,520,4,3000000000,3738822504,738822504,252018,704277582,11514974,"[11513918, 11514974, 11516030]"
98,3986,meta-llama/Llama-3.1-8B,520,4,3000000000,3738822504,738822504,252018,704277582,11514974,"[11513918, 11514974, 11516030]"
98,4130,meta-llama/Llama-3.1-8B,520,4,3000000000,4741301256,1741301256,738822504,1706756334,11514974,"[11513918, 11514974, 11516030]"
98,4274,meta-llama/Llama-3.1-8B,520,4,3000000000,4741301256,1741301256,738822504,1706756334,11514974,"[11513918, 11514974, 11516030]"
98,4418,meta-llama/Llama-3.1-8B,520,4,3000000000,4741301256,1741301256,738822504,1706756334,11514974,"[11513918, 11514974, 11516030]"
98,4562,meta-llama/Llama-3.1-8B,520,4,3000000000,4741301256,1741301256,738822504,1706756334,11514974,"[11513918, 11514974, 11516030]"
98,4706,meta-llama/Llama-3.1-8B,520,4,3000000000,4741301256,1741301256,738822504,1706756334,11514974,"[11513918, 11514974, 11516030]"
98,4850,meta-llama/Llama-3.1-8B,520,4,3000000000,4741301256,1741301256,738822504,1706756334,11514974,"[11513918, 11514974, 11516030]"
98,4994,meta-llama/Llama-3.1-8B,520,4,3000000000,4741301256,1741301256,738822504,1706756334,11514974,"[11513918, 11514974, 11516030]"
98,5138,meta-llama/Llama-3.1-8B,520,4,3000000000,4741301256,1741301256,738822504,1706756334,11514974,"[11513918, 11514974, 11516030]"
98,5282,meta-llama/Llama-3.1-8B,520,4,3000000000,5741191260,2741191260,1741301256,2707348521,11280913,"[11280401, 11280913, 11281425]"
98,5426,meta-llama/Llama-3.1-8B,520,4,3000000000,5741191260,2741191260,1741301256,2707348521,11280913,"[11280401, 11280913, 11281425]"
98,5570,meta-llama/Llama-3.1-8B,520,4,3000000000,5741191260,2741191260,1741301256,2707348521,11280913,"[11280401, 11280913, 11281425]"
98,5714,meta-llama/Llama-3.1-8B,520,4,3000000000,5741191260,2741191260,1741301256,2707348521,11280913,"[11280401, 11280913, 11281425]"
99,99,meta-llama/Llama-3.1-8B,512,4,0,341346950,341346950,1,135466614,68626778,"[159065888, 34973846, 11840602]"
99,243,meta-llama/Llama-3.1-8B,512,4,0,341346950,341346950,1,135466614,68626778,"[159065888, 34973846, 11840602]"
99,387,meta-llama/Llama-3.1-8B,512,4,0,341346950,341346950,1,135466614,68626778,"[159065888, 34973846, 11840602]"
99,531,meta-llama/Llama-3.1-8B,512,4,0,341346950,341346950,1,135466614,68626778,"[159065888, 34973846, 11840602]"
99,675,meta-llama/Llama-3.1-8B,512,4,0,476738281,476738281,135466614,294532502,60735259,"[34973846, 11840602, 135391331]"
99,819,meta-llama/Llama-3.1-8B,512,4,0,476738281,476738281,135466614,294532502,60735259,"[34973846, 11840602, 135391331]"
99,963,meta-llama/Llama-3.1-8B,512,4,0,476738281,476738281,135466614,294532502,60735259,"[34973846, 11840602, 135391331]"
99,1107,meta-llama/Llama-3.1-8B,512,4,0,607181851,607181851,294532502,329506348,92558501,"[11840602, 135391331, 130443570]"
99,1251,meta-llama/Llama-3.1-8B,512,4,0,681503796,681503796,341346950,476738281,68255171,"[130443570, 55812749, 18509196]"
99,1395,meta-llama/Llama-3.1-8B,512,4,0,681503796,681503796,341346950,476738281,68255171,"[130443570, 55812749, 18509196]"
99,1539,meta-llama/Llama-3.1-8B,512,4,0,681503796,681503796,341346950,476738281,68255171,"[130443570, 55812749, 18509196]"
99,1683,meta-llama/Llama-3.1-8B,512,4,0,785967795,785967795,476738281,607181851,59595314,"[55812749, 18509196, 104463999]"
99,1827,meta-llama/Llama-3.1-8B,512,4,0,785967795,785967795,476738281,607181851,59595314,"[55812749, 18509196, 104463999]"
99,1971,meta-llama/Llama-3.1-8B,512,4,0,785967795,785967795,476738281,607181851,59595314,"[55812749, 18509196, 104463999]"
99,2115,meta-llama/Llama-3.1-8B,512,4,0,785967795,785967795,476738281,607181851,59595314,"[55812749, 18509196, 104463999]"
99,2259,meta-llama/Llama-3.1-8B,512,4,0,834432779,834432779,607181851,662994600,57146059,"[18509196, 104463999, 48464984]"
99,2403,meta-llama/Llama-3.1-8B,512,4,0,861410685,861410685,681503796,785967795,25147630,"[48464984, 15699943, 11277963]"
99,2547,meta-llama/Llama-3.1-8B,512,4,0,861410685,861410685,681503796,785967795,25147630,"[48464984, 15699943, 11277963]"
99,2691,meta-llama/Llama-3.1-8B,512,4,0,861410685,861410685,681503796,785967795,25147630,"[48464984, 15699943, 11277963]"
99,2835,meta-llama/Llama-3.1-8B,512,4,0,872695758,872695758,785967795,834432779,12754326,"[15699943, 11277963, 11285073]"
99,2979,meta-llama/Llama-3.1-8B,520,4,3000000000,3745784162,745784162,252018,711239240,11514974,"[11513918, 11514974, 11516030]"
99,3123,meta-llama/Llama-3.1-8B,520,4,3000000000,3745784162,745784162,252018,711239240,11514974,"[11513918, 11514974, 11516030]"
99,3267,meta-llama/Llama-3.1-8B,520,4,3000000000,3745784162,745784162,252018,711239240,11514974,"[11513918, 11514974, 11516030]"
99,3411,meta-llama/Llama-3.1-8B,520,4,3000000000,3745784162,745784162,252018,711239240,11514974,"[11513918, 11514974, 11516030]"
99,3555,meta-llama/Llama-3.1-8B,520,4,3000000000,3745784162,745784162,252018,711239240,11514974,"[11513918, 11514974, 11516030]"
99,3699,meta-llama/Llama-3.1-8B,520,4,3000000000,3745784162,745784162,252018,711239240,11514974,"[11513918, 11514974, 11516030]"
99,3843,meta-llama/Llama-3.1-8B,520,4,3000000000,3745784162,745784162,252018,711239240,11514974,"[11513918, 11514974, 11516030]"
99,3987,meta-llama/Llama-3.1-8B,520,4,3000000000,3745784162,745784162,252018,711239240,11514974,"[11513918, 11514974, 11516030]"
99,4131,meta-llama/Llama-3.1-8B,520,4,3000000000,4748262914,1748262914,745784162,1713717992,11514974,"[11513918, 11514974, 11516030]"
99,4275,meta-llama/Llama-3.1-8B,520,4,3000000000,4748262914,1748262914,745784162,1713717992,11514974,"[11513918, 11514974, 11516030]"
99,4419,meta-llama/Llama-3.1-8B,520,4,3000000000,4748262914,1748262914,745784162,1713717992,11514974,"[11513918, 11514974, 11516030]"
99,4563,meta-llama/Llama-3.1-8B,520,4,3000000000,4748262914,1748262914,745784162,1713717992,11514974,"[11513918, 11514974, 11516030]"
99,4707,meta-llama/Llama-3.1-8B,520,4,3000000000,4748262914,1748262914,745784162,1713717992,11514974,"[11513918, 11514974, 11516030]"
99,4851,meta-llama/Llama-3.1-8B,520,4,3000000000,4748262914,1748262914,745784162,1713717992,11514974,"[11513918, 11514974, 11516030]"
99,4995,meta-llama/Llama-3.1-8B,520,4,3000000000,4748262914,1748262914,745784162,1713717992,11514974,"[11513918, 11514974, 11516030]"
99,5139,meta-llama/Llama-3.1-8B,520,4,3000000000,4748262914,1748262914,745784162,1713717992,11514974,"[11513918, 11514974, 11516030]"
99,5283,meta-llama/Llama-3.1-8B,520,4,3000000000,5748152918,2748152918,1748262914,2714310179,11280913,"[11280401, 11280913, 11281425]"
99,5427,meta-llama/Llama-3.1-8B,520,4,3000000000,5748152918,2748152918,1748262914,2714310179,11280913,"[11280401, 11280913, 11281425]"
99,5571,meta-llama/Llama-3.1-8B,520,4,3000000000,5748152918,2748152918,1748262914,2714310179,11280913,"[11280401, 11280913, 11281425]"
99,5715,meta-llama/Llama-3.1-8B,520,4,3000000000,5748152918,2748152918,1748262914,2714310179,11280913,"[11280401, 11280913, 11281425]"
100,100,meta-llama/Llama-3.1-8B,512,4,0,341349122,341349122,1,135992070,68452350,"[159065888, 34451331, 11839833]"
100,244,meta-llama/Llama-3.1-8B,512,4,0,341349122,341349122,1,135992070,68452350,"[159065888, 34451331, 11839833]"
100,388,meta-llama/Llama-3.1-8B,512,4,0,341349122,341349122,1,135992070,68452350,"[159065888, 34451331, 11839833]"
100,532,meta-llama/Llama-3.1-8B,512,4,0,341349122,341349122,1,135992070,68452350,"[159065888, 34451331, 11839833]"
100,676,meta-llama/Llama-3.1-8B,512,4,0,477263737,477263737,135992070,295057958,60735259,"[34451331, 11839833, 135914615]"
100,820,meta-llama/Llama-3.1-8B,512,4,0,477263737,477263737,135992070,295057958,60735259,"[34451331, 11839833, 135914615]"
100,964,meta-llama/Llama-3.1-8B,512,4,0,477263737,477263737,135992070,295057958,60735259,"[34451331, 11839833, 135914615]"
100,1108,meta-llama/Llama-3.1-8B,512,4,0,607578025,607578025,295057958,329509289,92689578,"[11839833, 135914615, 130314288]"
100,1252,meta-llama/Llama-3.1-8B,512,4,0,681505968,681505968,341349122,477263737,68080743,"[130314288, 55549824, 18378119]"
100,1396,meta-llama/Llama-3.1-8B,512,4,0,681505968,681505968,341349122,477263737,68080743,"[130314288, 55549824, 18378119]"
100,1540,meta-llama/Llama-3.1-8B,512,4,0,681505968,681505968,341349122,477263737,68080743,"[130314288, 55549824, 18378119]"
100,1684,meta-llama/Llama-3.1-8B,512,4,0,786391236,786391236,477263737,607578025,59604403,"[55549824, 18378119, 104885268]"
100,1828,meta-llama/Llama-3.1-8B,512,4,0,786391236,786391236,477263737,607578025,59604403,"[55549824, 18378119, 104885268]"
100,1972,meta-llama/Llama-3.1-8B,512,4,0,786391236,786391236,477263737,607578025,59604403,"[55549824, 18378119, 104885268]"
100,2116,meta-llama/Llama-3.1-8B,512,4,0,786391236,786391236,477263737,607578025,59604403,"[55549824, 18378119, 104885268]"
100,2260,meta-llama/Llama-3.1-8B,512,4,0,834569963,834569963,607578025,663127849,57147371,"[18378119, 104885268, 48178727]"
100,2404,meta-llama/Llama-3.1-8B,512,4,0,861543765,861543765,681505968,786391236,25050843,"[48178727, 15696985, 11276817]"
100,2548,meta-llama/Llama-3.1-8B,512,4,0,861543765,861543765,681505968,786391236,25050843,"[48178727, 15696985, 11276817]"
100,2692,meta-llama/Llama-3.1-8B,512,4,0,861543765,861543765,681505968,786391236,25050843,"[48178727, 15696985, 11276817]"
100,2836,meta-llama/Llama-3.1-8B,512,4,0,872828838,872828838,786391236,834569963,12752958,"[15696985, 11276817, 11285073]"
100,2980,meta-llama/Llama-3.1-8B,520,4,3000000000,3752745820,752745820,252018,718200898,11514974,"[11513918, 11514974, 11516030]"
100,3124,meta-llama/Llama-3.1-8B,520,4,3000000000,3752745820,752745820,252018,718200898,11514974,"[11513918, 11514974, 11516030]"
100,3268,meta-llama/Llama-3.1-8B,520,4,3000000000,3752745820,752745820,252018,718200898,11514974,"[11513918, 11514974, 11516030]"
100,3412,meta-llama/Llama-3.1-8B,520,4,3000000000,3752745820,752745820,252018,718200898,11514974,"[11513918, 11514974, 11516030]"
100,3556,meta-llama/Llama-3.1-8B,520,4,3000000000,3752745820,752745820,252018,718200898,11514974,"[11513918, 11514974, 11516030]"
100,3700,meta-llama/Llama-3.1-8B,520,4,3000000000,3752745820,752745820,252018,718200898,11514974,"[11513918, 11514974, 11516030]"
100,3844,meta-llama/Llama-3.1-8B,520,4,3000000000,3752745820,752745820,252018,718200898,11514974,"[11513918, 11514974, 11516030]"
100,3988,meta-llama/Llama-3.1-8B,520,4,3000000000,3752745820,752745820,252018,718200898,11514974,"[11513918, 11514974, 11516030]"
100,4132,meta-llama/Llama-3.1-8B,520,4,3000000000,4755224572,1755224572,752745820,1720679650,11514974,"[11513918, 11514974, 11516030]"
100,4276,meta-llama/Llama-3.1-8B,520,4,3000000000,4755224572,1755224572,752745820,1720679650,11514974,"[11513918, 11514974, 11516030]"
100,4420,meta-llama/Llama-3.1-8B,520,4,3000000000,4755224572,1755224572,752745820,1720679650,11514974,"[11513918, 11514974, 11516030]"
100,4564,meta-llama/Llama-3.1-8B,520,4,3000000000,4755224572,1755224572,752745820,1720679650,11514974,"[11513918, 11514974, 11516030]"
100,4708,meta-llama/Llama-3.1-8B,520,4,3000000000,4755224572,1755224572,752745820,1720679650,11514974,"[11513918, 11514974, 11516030]"
100,4852,meta-llama/Llama-3.1-8B,520,4,3000000000,4755224572,1755224572,752745820,1720679650,11514974,"[11513918, 11514974, 11516030]"
100,4996,meta-llama/Llama-3.1-8B,520,4,3000000000,4755224572,1755224572,752745820,1720679650,11514974,"[11513918, 11514974, 11516030]"
100,5140,meta-llama/Llama-3.1-8B,520,4,3000000000,4755224572,1755224572,752745820,1720679650,11514974,"[11513918, 11514974, 11516030]"
100,5284,meta-llama/Llama-3.1-8B,520,4,3000000000,5755114576,2755114576,1755224572,2721271837,11280913,"[11280401, 11280913, 11281425]"
100,5428,meta-llama/Llama-3.1-8B,520,4,3000000000,5755114576,2755114576,1755224572,2721271837,11280913,"[11280401, 11280913, 11281425]"
100,5572,meta-llama/Llama-3.1-8B,520,4,3000000000,5755114576,2755114576,1755224572,2721271837,11280913,"[11280401, 11280913, 11281425]"
100,5716,meta-llama/Llama-3.1-8B,520,4,3000000000,5755114576,2755114576,1755224572,2721271837,11280913,"[11280401, 11280913, 11281425]"
101,101,meta-llama/Llama-3.1-8B,512,4,0,341351294,341351294,1,136517526,68277922,"[159065888, 33928816, 11839064]"
101,245,meta-llama/Llama-3.1-8B,512,4,0,341351294,341351294,1,136517526,68277922,"[159065888, 33928816, 11839064]"
101,389,meta-llama/Llama-3.1-8B,512,4,0,341351294,341351294,1,136517526,68277922,"[159065888, 33928816, 11839064]"
101,533,meta-llama/Llama-3.1-8B,512,4,0,341351294,341351294,1,136517526,68277922,"[159065888, 33928816, 11839064]"
101,677,meta-llama/Llama-3.1-8B,512,4,0,477789193,477789193,136517526,295583414,60735259,"[33928816, 11839064, 136437899]"
101,821,meta-llama/Llama-3.1-8B,512,4,0,477789193,477789193,136517526,295583414,60735259,"[33928816, 11839064, 136437899]"
101,965,meta-llama/Llama-3.1-8B,512,4,0,477789193,477789193,136517526,295583414,60735259,"[33928816, 11839064, 136437899]"
101,1109,meta-llama/Llama-3.1-8B,512,4,0,607974199,607974199,295583414,329512230,92820656,"[11839064, 136437899, 130185006]"
101,1253,meta-llama/Llama-3.1-8B,512,4,0,681508140,681508140,341351294,477789193,67906315,"[130185006, 55286899, 18247042]"
101,1397,meta-llama/Llama-3.1-8B,512,4,0,681508140,681508140,341351294,477789193,67906315,"[130185006, 55286899, 18247042]"
101,1541,meta-llama/Llama-3.1-8B,512,4,0,681508140,681508140,341351294,477789193,67906315,"[130185006, 55286899, 18247042]"
101,1685,meta-llama/Llama-3.1-8B,512,4,0,786786640,786786640,477789193,607974199,59604147,"[55286899, 18247042, 105278500]"
101,1829,meta-llama/Llama-3.1-8B,512,4,0,786786640,786786640,477789193,607974199,59604147,"[55286899, 18247042, 105278500]"
101,1973,meta-llama/Llama-3.1-8B,512,4,0,786786640,786786640,477789193,607974199,59604147,"[55286899, 18247042, 105278500]"
101,2117,meta-llama/Llama-3.1-8B,512,4,0,786786640,786786640,477789193,607974199,59604147,"[55286899, 18247042, 105278500]"
101,2261,meta-llama/Llama-3.1-8B,512,4,0,834702563,834702563,607974199,663261098,57147155,"[18247042, 105278500, 47915923]"
101,2405,meta-llama/Llama-3.1-8B,512,4,0,861808845,861808845,681508140,786786640,25007401,"[47915923, 15829465, 11276817]"
101,2549,meta-llama/Llama-3.1-8B,512,4,0,861808845,861808845,681508140,786786640,25007401,"[47915923, 15829465, 11276817]"
101,2693,meta-llama/Llama-3.1-8B,512,4,0,861808845,861808845,681508140,786786640,25007401,"[47915923, 15829465, 11276817]"
101,2837,meta-llama/Llama-3.1-8B,512,4,0,873093918,873093918,786786640,834702563,12797118,"[15829465, 11276817, 11285073]"
101,2981,meta-llama/Llama-3.1-8B,520,4,3000000000,3759707478,759707478,252018,725162556,11514974,"[11513918, 11514974, 11516030]"
101,3125,meta-llama/Llama-3.1-8B,520,4,3000000000,3759707478,759707478,252018,725162556,11514974,"[11513918, 11514974, 11516030]"
101,3269,meta-llama/Llama-3.1-8B,520,4,3000000000,3759707478,759707478,252018,725162556,11514974,"[11513918, 11514974, 11516030]"
101,3413,meta-llama/Llama-3.1-8B,520,4,3000000000,3759707478,759707478,252018,725162556,11514974,"[11513918, 11514974, 11516030]"
101,3557,meta-llama/Llama-3.1-8B,520,4,3000000000,3759707478,759707478,252018,725162556,11514974,"[11513918, 11514974, 11516030]"
101,3701,meta-llama/Llama-3.1-8B,520,4,3000000000,3759707478,759707478,252018,725162556,11514974,"[11513918, 11514974, 11516030]"
101,3845,meta-llama/Llama-3.1-8B,520,4,3000000000,3759707478,759707478,252018,725162556,11514974,"[11513918, 11514974, 11516030]"
101,3989,meta-llama/Llama-3.1-8B,520,4,3000000000,3759707478,759707478,252018,725162556,11514974,"[11513918, 11514974, 11516030]"
101,4133,meta-llama/Llama-3.1-8B,520,4,3000000000,4762186230,1762186230,759707478,1727641308,11514974,"[11513918, 11514974, 11516030]"
101,4277,meta-llama/Llama-3.1-8B,520,4,3000000000,4762186230,1762186230,759707478,1727641308,11514974,"[11513918, 11514974, 11516030]"
101,4421,meta-llama/Llama-3.1-8B,520,4,3000000000,4762186230,1762186230,759707478,1727641308,11514974,"[11513918, 11514974, 11516030]"
101,4565,meta-llama/Llama-3.1-8B,520,4,3000000000,4762186230,1762186230,759707478,1727641308,11514974,"[11513918, 11514974, 11516030]"
101,4709,meta-llama/Llama-3.1-8B,520,4,3000000000,4762186230,1762186230,759707478,1727641308,11514974,"[11513918, 11514974, 11516030]"
101,4853,meta-llama/Llama-3.1-8B,520,4,3000000000,4762186230,1762186230,759707478,1727641308,11514974,"[11513918, 11514974, 11516030]"
101,4997,meta-llama/Llama-3.1-8B,520,4,3000000000,4762186230,1762186230,759707478,1727641308,11514974,"[11513918, 11514974, 11516030]"
101,5141,meta-llama/Llama-3.1-8B,520,4,3000000000,4762186230,1762186230,759707478,1727641308,11514974,"[11513918, 11514974, 11516030]"
101,5285,meta-llama/Llama-3.1-8B,520,4,3000000000,5762076234,2762076234,1762186230,2728233495,11280913,"[11280401, 11280913, 11281425]"
101,5429,meta-llama/Llama-3.1-8B,520,4,3000000000,5762076234,2762076234,1762186230,2728233495,11280913,"[11280401, 11280913, 11281425]"
101,5573,meta-llama/Llama-3.1-8B,520,4,3000000000,5762076234,2762076234,1762186230,2728233495,11280913,"[11280401, 11280913, 11281425]"
101,5717,meta-llama/Llama-3.1-8B,520,4,3000000000,5762076234,2762076234,1762186230,2728233495,11280913,"[11280401, 11280913, 11281425]"
102,102,meta-llama/Llama-3.1-8B,512,4,0,341353466,341353466,1,137042982,68103494,"[159065888, 33406301, 11838295]"
102,246,meta-llama/Llama-3.1-8B,512,4,0,341353466,341353466,1,137042982,68103494,"[159065888, 33406301, 11838295]"
102,390,meta-llama/Llama-3.1-8B,512,4,0,341353466,341353466,1,137042982,68103494,"[159065888, 33406301, 11838295]"
102,534,meta-llama/Llama-3.1-8B,512,4,0,341353466,341353466,1,137042982,68103494,"[159065888, 33406301, 11838295]"
102,678,meta-llama/Llama-3.1-8B,512,4,0,478314649,478314649,137042982,296108870,60735259,"[33406301, 11838295, 136961183]"
102,822,meta-llama/Llama-3.1-8B,512,4,0,478314649,478314649,137042982,296108870,60735259,"[33406301, 11838295, 136961183]"
102,966,meta-llama/Llama-3.1-8B,512,4,0,478314649,478314649,137042982,296108870,60735259,"[33406301, 11838295, 136961183]"
102,1110,meta-llama/Llama-3.1-8B,512,4,0,608370373,608370373,296108870,329515171,92951734,"[11838295, 136961183, 130055724]"
102,1254,meta-llama/Llama-3.1-8B,512,4,0,681510312,681510312,341353466,478314649,67731887,"[130055724, 55023974, 18115965]"
102,1398,meta-llama/Llama-3.1-8B,512,4,0,681510312,681510312,341353466,478314649,67731887,"[130055724, 55023974, 18115965]"
102,1542,meta-llama/Llama-3.1-8B,512,4,0,681510312,681510312,341353466,478314649,67731887,"[130055724, 55023974, 18115965]"
102,1686,meta-llama/Llama-3.1-8B,512,4,0,787182044,787182044,478314649,608370373,59603890,"[55023974, 18115965, 105671732]"
102,1830,meta-llama/Llama-3.1-8B,512,4,0,787182044,787182044,478314649,608370373,59603890,"[55023974, 18115965, 105671732]"
102,1974,meta-llama/Llama-3.1-8B,512,4,0,787182044,787182044,478314649,608370373,59603890,"[55023974, 18115965, 105671732]"
102,2118,meta-llama/Llama-3.1-8B,512,4,0,787182044,787182044,478314649,608370373,59603890,"[55023974, 18115965, 105671732]"
102,2262,meta-llama/Llama-3.1-8B,512,4,0,834835043,834835043,608370373,663394347,57146898,"[18115965, 105671732, 47652999]"
102,2406,meta-llama/Llama-3.1-8B,512,4,0,862073925,862073925,681510312,787182044,24963960,"[47652999, 15962065, 11276817]"
102,2550,meta-llama/Llama-3.1-8B,512,4,0,862073925,862073925,681510312,787182044,24963960,"[47652999, 15962065, 11276817]"
102,2694,meta-llama/Llama-3.1-8B,512,4,0,862073925,862073925,681510312,787182044,24963960,"[47652999, 15962065, 11276817]"
102,2838,meta-llama/Llama-3.1-8B,512,4,0,873358998,873358998,787182044,834835043,12841318,"[15962065, 11276817, 11285073]"
102,2982,meta-llama/Llama-3.1-8B,520,4,3000000000,3766669136,766669136,252018,732124214,11514974,"[11513918, 11514974, 11516030]"
102,3126,meta-llama/Llama-3.1-8B,520,4,3000000000,3766669136,766669136,252018,732124214,11514974,"[11513918, 11514974, 11516030]"
102,3270,meta-llama/Llama-3.1-8B,520,4,3000000000,3766669136,766669136,252018,732124214,11514974,"[11513918, 11514974, 11516030]"
102,3414,meta-llama/Llama-3.1-8B,520,4,3000000000,3766669136,766669136,252018,732124214,11514974,"[11513918, 11514974, 11516030]"
102,3558,meta-llama/Llama-3.1-8B,520,4,3000000000,3766669136,766669136,252018,732124214,11514974,"[11513918, 11514974, 11516030]"
102,3702,meta-llama/Llama-3.1-8B,520,4,3000000000,3766669136,766669136,252018,732124214,11514974,"[11513918, 11514974, 11516030]"
102,3846,meta-llama/Llama-3.1-8B,520,4,3000000000,3766669136,766669136,252018,732124214,11514974,"[11513918, 11514974, 11516030]"
102,3990,meta-llama/Llama-3.1-8B,520,4,3000000000,3766669136,766669136,252018,732124214,11514974,"[11513918, 11514974, 11516030]"
102,4134,meta-llama/Llama-3.1-8B,520,4,3000000000,4769147888,1769147888,766669136,1734602966,11514974,"[11513918, 11514974, 11516030]"
102,4278,meta-llama/Llama-3.1-8B,520,4,3000000000,4769147888,1769147888,766669136,1734602966,11514974,"[11513918, 11514974, 11516030]"
102,4422,meta-llama/Llama-3.1-8B,520,4,3000000000,4769147888,1769147888,766669136,1734602966,11514974,"[11513918, 11514974, 11516030]"
102,4566,meta-llama/Llama-3.1-8B,520,4,3000000000,4769147888,1769147888,766669136,1734602966,11514974,"[11513918, 11514974, 11516030]"
102,4710,meta-llama/Llama-3.1-8B,520,4,3000000000,4769147888,1769147888,766669136,1734602966,11514974,"[11513918, 11514974, 11516030]"
102,4854,meta-llama/Llama-3.1-8B,520,4,3000000000,4769147888,1769147888,766669136,1734602966,11514974,"[11513918, 11514974, 11516030]"
102,4998,meta-llama/Llama-3.1-8B,520,4,3000000000,4769147888,1769147888,766669136,1734602966,11514974,"[11513918, 11514974, 11516030]"
102,5142,meta-llama/Llama-3.1-8B,520,4,3000000000,4769147888,1769147888,766669136,1734602966,11514974,"[11513918, 11514974, 11516030]"
102,5286,meta-llama/Llama-3.1-8B,520,4,3000000000,5769037892,2769037892,1769147888,2735195153,11280913,"[11280401, 11280913, 11281425]"
102,5430,meta-llama/Llama-3.1-8B,520,4,3000000000,5769037892,2769037892,1769147888,2735195153,11280913,"[11280401, 11280913, 11281425]"
102,5574,meta-llama/Llama-3.1-8B,520,4,3000000000,5769037892,2769037892,1769147888,2735195153,11280913,"[11280401, 11280913, 11281425]"
102,5718,meta-llama/Llama-3.1-8B,520,4,3000000000,5769037892,2769037892,1769147888,2735195153,11280913,"[11280401, 11280913, 11281425]"
103,103,meta-llama/Llama-3.1-8B,512,4,0,341355638,341355638,1,137568438,67929066,"[159065888, 32883786, 11837526]"
103,247,meta-llama/Llama-3.1-8B,512,4,0,341355638,341355638,1,137568438,67929066,"[159065888, 32883786, 11837526]"
103,391,meta-llama/Llama-3.1-8B,512,4,0,341355638,341355638,1,137568438,67929066,"[159065888, 32883786, 11837526]"
103,535,meta-llama/Llama-3.1-8B,512,4,0,341355638,341355638,1,137568438,67929066,"[159065888, 32883786, 11837526]"
103,679,meta-llama/Llama-3.1-8B,512,4,0,478840105,478840105,137568438,296634326,60735259,"[32883786, 11837526, 137484467]"
103,823,meta-llama/Llama-3.1-8B,512,4,0,478840105,478840105,137568438,296634326,60735259,"[32883786, 11837526, 137484467]"
103,967,meta-llama/Llama-3.1-8B,512,4,0,478840105,478840105,137568438,296634326,60735259,"[32883786, 11837526, 137484467]"
103,1111,meta-llama/Llama-3.1-8B,512,4,0,608766547,608766547,296634326,329518112,93082811,"[11837526, 137484467, 129926442]"
103,1255,meta-llama/Llama-3.1-8B,512,4,0,681512484,681512484,341355638,478840105,67557459,"[129926442, 54761049, 17984888]"
103,1399,meta-llama/Llama-3.1-8B,512,4,0,681512484,681512484,341355638,478840105,67557459,"[129926442, 54761049, 17984888]"
103,1543,meta-llama/Llama-3.1-8B,512,4,0,681512484,681512484,341355638,478840105,67557459,"[129926442, 54761049, 17984888]"
103,1687,meta-llama/Llama-3.1-8B,512,4,0,787605485,787605485,478840105,608766547,59612979,"[54761049, 17984888, 106093001]"
103,1831,meta-llama/Llama-3.1-8B,512,4,0,787605485,787605485,478840105,608766547,59612979,"[54761049, 17984888, 106093001]"
103,1975,meta-llama/Llama-3.1-8B,512,4,0,787605485,787605485,478840105,608766547,59612979,"[54761049, 17984888, 106093001]"
103,2119,meta-llama/Llama-3.1-8B,512,4,0,787605485,787605485,478840105,608766547,59612979,"[54761049, 17984888, 106093001]"
103,2263,meta-llama/Llama-3.1-8B,512,4,0,834967643,834967643,608766547,663527596,57146682,"[17984888, 106093001, 47362158]"
103,2407,meta-llama/Llama-3.1-8B,512,4,0,862206525,862206525,681512484,787605485,24867013,"[47362158, 15962065, 11276817]"
103,2551,meta-llama/Llama-3.1-8B,512,4,0,862206525,862206525,681512484,787605485,24867013,"[47362158, 15962065, 11276817]"
103,2695,meta-llama/Llama-3.1-8B,512,4,0,862206525,862206525,681512484,787605485,24867013,"[47362158, 15962065, 11276817]"
103,2839,meta-llama/Llama-3.1-8B,512,4,0,873491598,873491598,787605485,834967643,12841318,"[15962065, 11276817, 11285073]"
103,2983,meta-llama/Llama-3.1-8B,520,4,3000000000,3773630794,773630794,252018,739085872,11514974,"[11513918, 11514974, 11516030]"
103,3127,meta-llama/Llama-3.1-8B,520,4,3000000000,3773630794,773630794,252018,739085872,11514974,"[11513918, 11514974, 11516030]"
103,3271,meta-llama/Llama-3.1-8B,520,4,3000000000,3773630794,773630794,252018,739085872,11514974,"[11513918, 11514974, 11516030]"
103,3415,meta-llama/Llama-3.1-8B,520,4,3000000000,3773630794,773630794,252018,739085872,11514974,"[11513918, 11514974, 11516030]"
103,3559,meta-llama/Llama-3.1-8B,520,4,3000000000,3773630794,773630794,252018,739085872,11514974,"[11513918, 11514974, 11516030]"
103,3703,meta-llama/Llama-3.1-8B,520,4,3000000000,3773630794,773630794,252018,739085872,11514974,"[11513918, 11514974, 11516030]"
103,3847,meta-llama/Llama-3.1-8B,520,4,3000000000,3773630794,773630794,252018,739085872,11514974,"[11513918, 11514974, 11516030]"
103,3991,meta-llama/Llama-3.1-8B,520,4,3000000000,3773630794,773630794,252018,739085872,11514974,"[11513918, 11514974, 11516030]"
103,4135,meta-llama/Llama-3.1-8B,520,4,3000000000,4776109546,1776109546,773630794,1741564624,11514974,"[11513918, 11514974, 11516030]"
103,4279,meta-llama/Llama-3.1-8B,520,4,3000000000,4776109546,1776109546,773630794,1741564624,11514974,"[11513918, 11514974, 11516030]"
103,4423,meta-llama/Llama-3.1-8B,520,4,3000000000,4776109546,1776109546,773630794,1741564624,11514974,"[11513918, 11514974, 11516030]"
103,4567,meta-llama/Llama-3.1-8B,520,4,3000000000,4776109546,1776109546,773630794,1741564624,11514974,"[11513918, 11514974, 11516030]"
103,4711,meta-llama/Llama-3.1-8B,520,4,3000000000,4776109546,1776109546,773630794,1741564624,11514974,"[11513918, 11514974, 11516030]"
103,4855,meta-llama/Llama-3.1-8B,520,4,3000000000,4776109546,1776109546,773630794,1741564624,11514974,"[11513918, 11514974, 11516030]"
103,4999,meta-llama/Llama-3.1-8B,520,4,3000000000,4776109546,1776109546,773630794,1741564624,11514974,"[11513918, 11514974, 11516030]"
103,5143,meta-llama/Llama-3.1-8B,520,4,3000000000,4776109546,1776109546,773630794,1741564624,11514974,"[11513918, 11514974, 11516030]"
103,5287,meta-llama/Llama-3.1-8B,520,4,3000000000,5775999550,2775999550,1776109546,2742156811,11280913,"[11280401, 11280913, 11281425]"
103,5431,meta-llama/Llama-3.1-8B,520,4,3000000000,5775999550,2775999550,1776109546,2742156811,11280913,"[11280401, 11280913, 11281425]"
103,5575,meta-llama/Llama-3.1-8B,520,4,3000000000,5775999550,2775999550,1776109546,2742156811,11280913,"[11280401, 11280913, 11281425]"
103,5719,meta-llama/Llama-3.1-8B,520,4,3000000000,5775999550,2775999550,1776109546,2742156811,11280913,"[11280401, 11280913, 11281425]"
104,104,meta-llama/Llama-3.1-8B,512,4,0,341357810,341357810,1,138093894,67754638,"[159065888, 32361271, 11836757]"
104,248,meta-llama/Llama-3.1-8B,512,4,0,341357810,341357810,1,138093894,67754638,"[159065888, 32361271, 11836757]"
104,392,meta-llama/Llama-3.1-8B,512,4,0,341357810,341357810,1,138093894,67754638,"[159065888, 32361271, 11836757]"
104,536,meta-llama/Llama-3.1-8B,512,4,0,341357810,341357810,1,138093894,67754638,"[159065888, 32361271, 11836757]"
104,680,meta-llama/Llama-3.1-8B,512,4,0,479365561,479365561,138093894,297159782,60735259,"[32361271, 11836757, 138007751]"
104,824,meta-llama/Llama-3.1-8B,512,4,0,479365561,479365561,138093894,297159782,60735259,"[32361271, 11836757, 138007751]"
104,968,meta-llama/Llama-3.1-8B,512,4,0,479365561,479365561,138093894,297159782,60735259,"[32361271, 11836757, 138007751]"
104,1112,meta-llama/Llama-3.1-8B,512,4,0,609162721,609162721,297159782,329521053,93213889,"[11836757, 138007751, 129797160]"
104,1256,meta-llama/Llama-3.1-8B,512,4,0,681514656,681514656,341357810,479365561,67383031,"[129797160, 54498124, 17853811]"
104,1400,meta-llama/Llama-3.1-8B,512,4,0,681514656,681514656,341357810,479365561,67383031,"[129797160, 54498124, 17853811]"
104,1544,meta-llama/Llama-3.1-8B,512,4,0,681514656,681514656,341357810,479365561,67383031,"[129797160, 54498124, 17853811]"
104,1688,meta-llama/Llama-3.1-8B,512,4,0,788000889,788000889,479365561,609162721,59612722,"[54498124, 17853811, 106486233]"
104,1832,meta-llama/Llama-3.1-8B,512,4,0,788000889,788000889,479365561,609162721,59612722,"[54498124, 17853811, 106486233]"
104,1976,meta-llama/Llama-3.1-8B,512,4,0,788000889,788000889,479365561,609162721,59612722,"[54498124, 17853811, 106486233]"
104,2120,meta-llama/Llama-3.1-8B,512,4,0,788000889,788000889,479365561,609162721,59612722,"[54498124, 17853811, 106486233]"
104,2264,meta-llama/Llama-3.1-8B,512,4,0,835100123,835100123,609162721,663660845,57146426,"[17853811, 106486233, 47099234]"
104,2408,meta-llama/Llama-3.1-8B,512,4,0,862472751,862472751,681514656,788000889,24823954,"[47099234, 16095811, 11276817]"
104,2552,meta-llama/Llama-3.1-8B,512,4,0,862472751,862472751,681514656,788000889,24823954,"[47099234, 16095811, 11276817]"
104,2696,meta-llama/Llama-3.1-8B,512,4,0,862472751,862472751,681514656,788000889,24823954,"[47099234, 16095811, 11276817]"
104,2840,meta-llama/Llama-3.1-8B,512,4,0,873757824,873757824,788000889,835100123,12885900,"[16095811, 11276817, 11285073]"
104,2984,meta-llama/Llama-3.1-8B,520,4,3000000000,3780592452,780592452,252018,746047530,11514974,"[11513918, 11514974, 11516030]"
104,3128,meta-llama/Llama-3.1-8B,520,4,3000000000,3780592452,780592452,252018,746047530,11514974,"[11513918, 11514974, 11516030]"
104,3272,meta-llama/Llama-3.1-8B,520,4,3000000000,3780592452,780592452,252018,746047530,11514974,"[11513918, 11514974, 11516030]"
104,3416,meta-llama/Llama-3.1-8B,520,4,3000000000,3780592452,780592452,252018,746047530,11514974,"[11513918, 11514974, 11516030]"
104,3560,meta-llama/Llama-3.1-8B,520,4,3000000000,3780592452,780592452,252018,746047530,11514974,"[11513918, 11514974, 11516030]"
104,3704,meta-llama/Llama-3.1-8B,520,4,3000000000,3780592452,780592452,252018,746047530,11514974,"[11513918, 11514974, 11516030]"
104,3848,meta-llama/Llama-3.1-8B,520,4,3000000000,3780592452,780592452,252018,746047530,11514974,"[11513918, 11514974, 11516030]"
104,3992,meta-llama/Llama-3.1-8B,520,4,3000000000,3780592452,780592452,252018,746047530,11514974,"[11513918, 11514974, 11516030]"
104,4136,meta-llama/Llama-3.1-8B,520,4,3000000000,4783071204,1783071204,780592452,1748526282,11514974,"[11513918, 11514974, 11516030]"
104,4280,meta-llama/Llama-3.1-8B,520,4,3000000000,4783071204,1783071204,780592452,1748526282,11514974,"[11513918, 11514974, 11516030]"
104,4424,meta-llama/Llama-3.1-8B,520,4,3000000000,4783071204,1783071204,780592452,1748526282,11514974,"[11513918, 11514974, 11516030]"
104,4568,meta-llama/Llama-3.1-8B,520,4,3000000000,4783071204,1783071204,780592452,1748526282,11514974,"[11513918, 11514974, 11516030]"
104,4712,meta-llama/Llama-3.1-8B,520,4,3000000000,4783071204,1783071204,780592452,1748526282,11514974,"[11513918, 11514974, 11516030]"
104,4856,meta-llama/Llama-3.1-8B,520,4,3000000000,4783071204,1783071204,780592452,1748526282,11514974,"[11513918, 11514974, 11516030]"
104,5000,meta-llama/Llama-3.1-8B,520,4,3000000000,4783071204,1783071204,780592452,1748526282,11514974,"[11513918, 11514974, 11516030]"
104,5144,meta-llama/Llama-3.1-8B,520,4,3000000000,4783071204,1783071204,780592452,1748526282,11514974,"[11513918, 11514974, 11516030]"
104,5288,meta-llama/Llama-3.1-8B,520,4,3000000000,5782961208,2782961208,1783071204,2749118469,11280913,"[11280401, 11280913, 11281425]"
104,5432,meta-llama/Llama-3.1-8B,520,4,3000000000,5782961208,2782961208,1783071204,2749118469,11280913,"[11280401, 11280913, 11281425]"
104,5576,meta-llama/Llama-3.1-8B,520,4,3000000000,5782961208,2782961208,1783071204,2749118469,11280913,"[11280401, 11280913, 11281425]"
104,5720,meta-llama/Llama-3.1-8B,520,4,3000000000,5782961208,2782961208,1783071204,2749118469,11280913,"[11280401, 11280913, 11281425]"
105,105,meta-llama/Llama-3.1-8B,512,4,0,341359982,341359982,1,138619350,67580210,"[159065888, 31838756, 11835988]"
105,249,meta-llama/Llama-3.1-8B,512,4,0,341359982,341359982,1,138619350,67580210,"[159065888, 31838756, 11835988]"
105,393,meta-llama/Llama-3.1-8B,512,4,0,341359982,341359982,1,138619350,67580210,"[159065888, 31838756, 11835988]"
105,537,meta-llama/Llama-3.1-8B,512,4,0,341359982,341359982,1,138619350,67580210,"[159065888, 31838756, 11835988]"
105,681,meta-llama/Llama-3.1-8B,512,4,0,479891017,479891017,138619350,297685238,60735259,"[31838756, 11835988, 138531035]"
105,825,meta-llama/Llama-3.1-8B,512,4,0,479891017,479891017,138619350,297685238,60735259,"[31838756, 11835988, 138531035]"
105,969,meta-llama/Llama-3.1-8B,512,4,0,479891017,479891017,138619350,297685238,60735259,"[31838756, 11835988, 138531035]"
105,1113,meta-llama/Llama-3.1-8B,512,4,0,609558895,609558895,297685238,329523994,93344967,"[11835988, 138531035, 129667878]"
105,1257,meta-llama/Llama-3.1-8B,512,4,0,681672795,681672795,341359982,479891017,67260592,"[129667878, 54235199, 17878701]"
105,1401,meta-llama/Llama-3.1-8B,512,4,0,681672795,681672795,341359982,479891017,67260592,"[129667878, 54235199, 17878701]"
105,1545,meta-llama/Llama-3.1-8B,512,4,0,681672795,681672795,341359982,479891017,67260592,"[129667878, 54235199, 17878701]"
105,1689,meta-llama/Llama-3.1-8B,512,4,0,788424330,788424330,479891017,609558895,59621811,"[54235199, 17878701, 106751535]"
105,1833,meta-llama/Llama-3.1-8B,512,4,0,788424330,788424330,479891017,609558895,59621811,"[54235199, 17878701, 106751535]"
105,1977,meta-llama/Llama-3.1-8B,512,4,0,788424330,788424330,479891017,609558895,59621811,"[54235199, 17878701, 106751535]"
105,2121,meta-llama/Llama-3.1-8B,512,4,0,788424330,788424330,479891017,609558895,59621811,"[54235199, 17878701, 106751535]"
105,2265,meta-llama/Llama-3.1-8B,512,4,0,835232723,835232723,609558895,663794094,57146209,"[17878701, 106751535, 46808393]"
105,2409,meta-llama/Llama-3.1-8B,512,4,0,862870311,862870311,681672795,788424330,24815327,"[46808393, 16360771, 11276817]"
105,2553,meta-llama/Llama-3.1-8B,512,4,0,862870311,862870311,681672795,788424330,24815327,"[46808393, 16360771, 11276817]"
105,2697,meta-llama/Llama-3.1-8B,512,4,0,862870311,862870311,681672795,788424330,24815327,"[46808393, 16360771, 11276817]"
105,2841,meta-llama/Llama-3.1-8B,512,4,0,874155384,874155384,788424330,835232723,12974220,"[16360771, 11276817, 11285073]"
105,2985,meta-llama/Llama-3.1-8B,520,4,3000000000,3787554110,787554110,252018,753009188,11514974,"[11513918, 11514974, 11516030]"
105,3129,meta-llama/Llama-3.1-8B,520,4,3000000000,3787554110,787554110,252018,753009188,11514974,"[11513918, 11514974, 11516030]"
105,3273,meta-llama/Llama-3.1-8B,520,4,3000000000,3787554110,787554110,252018,753009188,11514974,"[11513918, 11514974, 11516030]"
105,3417,meta-llama/Llama-3.1-8B,520,4,3000000000,3787554110,787554110,252018,753009188,11514974,"[11513918, 11514974, 11516030]"
105,3561,meta-llama/Llama-3.1-8B,520,4,3000000000,3787554110,787554110,252018,753009188,11514974,"[11513918, 11514974, 11516030]"
105,3705,meta-llama/Llama-3.1-8B,520,4,3000000000,3787554110,787554110,252018,753009188,11514974,"[11513918, 11514974, 11516030]"
105,3849,meta-llama/Llama-3.1-8B,520,4,3000000000,3787554110,787554110,252018,753009188,11514974,"[11513918, 11514974, 11516030]"
105,3993,meta-llama/Llama-3.1-8B,520,4,3000000000,3787554110,787554110,252018,753009188,11514974,"[11513918, 11514974, 11516030]"
105,4137,meta-llama/Llama-3.1-8B,520,4,3000000000,4790032862,1790032862,787554110,1755487940,11514974,"[11513918, 11514974, 11516030]"
105,4281,meta-llama/Llama-3.1-8B,520,4,3000000000,4790032862,1790032862,787554110,1755487940,11514974,"[11513918, 11514974, 11516030]"
105,4425,meta-llama/Llama-3.1-8B,520,4,3000000000,4790032862,1790032862,787554110,1755487940,11514974,"[11513918, 11514974, 11516030]"
105,4569,meta-llama/Llama-3.1-8B,520,4,3000000000,4790032862,1790032862,787554110,1755487940,11514974,"[11513918, 11514974, 11516030]"
105,4713,meta-llama/Llama-3.1-8B,520,4,3000000000,4790032862,1790032862,787554110,1755487940,11514974,"[11513918, 11514974, 11516030]"
105,4857,meta-llama/Llama-3.1-8B,520,4,3000000000,4790032862,1790032862,787554110,1755487940,11514974,"[11513918, 11514974, 11516030]"
105,5001,meta-llama/Llama-3.1-8B,520,4,3000000000,4790032862,1790032862,787554110,1755487940,11514974,"[11513918, 11514974, 11516030]"
105,5145,meta-llama/Llama-3.1-8B,520,4,3000000000,4790032862,1790032862,787554110,1755487940,11514974,"[11513918, 11514974, 11516030]"
105,5289,meta-llama/Llama-3.1-8B,520,4,3000000000,5789922866,2789922866,1790032862,2756080127,11280913,"[11280401, 11280913, 11281425]"
105,5433,meta-llama/Llama-3.1-8B,520,4,3000000000,5789922866,2789922866,1790032862,2756080127,11280913,"[11280401, 11280913, 11281425]"
105,5577,meta-llama/Llama-3.1-8B,520,4,3000000000,5789922866,2789922866,1790032862,2756080127,11280913,"[11280401, 11280913, 11281425]"
105,5721,meta-llama/Llama-3.1-8B,520,4,3000000000,5789922866,2789922866,1790032862,2756080127,11280913,"[11280401, 11280913, 11281425]"
106,106,meta-llama/Llama-3.1-8B,512,4,0,341362154,341362154,1,139144806,67405782,"[159065888, 31316241, 11835219]"
106,250,meta-llama/Llama-3.1-8B,512,4,0,341362154,341362154,1,139144806,67405782,"[159065888, 31316241, 11835219]"
106,394,meta-llama/Llama-3.1-8B,512,4,0,341362154,341362154,1,139144806,67405782,"[159065888, 31316241, 11835219]"
106,538,meta-llama/Llama-3.1-8B,512,4,0,341362154,341362154,1,139144806,67405782,"[159065888, 31316241, 11835219]"
106,682,meta-llama/Llama-3.1-8B,512,4,0,480416473,480416473,139144806,298210694,60735259,"[31316241, 11835219, 139054319]"
106,826,meta-llama/Llama-3.1-8B,512,4,0,480416473,480416473,139144806,298210694,60735259,"[31316241, 11835219, 139054319]"
106,970,meta-llama/Llama-3.1-8B,512,4,0,480416473,480416473,139144806,298210694,60735259,"[31316241, 11835219, 139054319]"
106,1114,meta-llama/Llama-3.1-8B,512,4,0,609955069,609955069,298210694,329526935,93476044,"[11835219, 139054319, 129538596]"
106,1258,meta-llama/Llama-3.1-8B,512,4,0,681674967,681674967,341362154,480416473,67086164,"[129538596, 53972274, 17747624]"
106,1402,meta-llama/Llama-3.1-8B,512,4,0,681674967,681674967,341362154,480416473,67086164,"[129538596, 53972274, 17747624]"
106,1546,meta-llama/Llama-3.1-8B,512,4,0,681674967,681674967,341362154,480416473,67086164,"[129538596, 53972274, 17747624]"
106,1690,meta-llama/Llama-3.1-8B,512,4,0,788819734,788819734,480416473,609955069,59621555,"[53972274, 17747624, 107144767]"
106,1834,meta-llama/Llama-3.1-8B,512,4,0,788819734,788819734,480416473,609955069,59621555,"[53972274, 17747624, 107144767]"
106,1978,meta-llama/Llama-3.1-8B,512,4,0,788819734,788819734,480416473,609955069,59621555,"[53972274, 17747624, 107144767]"
106,2122,meta-llama/Llama-3.1-8B,512,4,0,788819734,788819734,480416473,609955069,59621555,"[53972274, 17747624, 107144767]"
106,2266,meta-llama/Llama-3.1-8B,512,4,0,835365323,835365323,609955069,663927343,57145993,"[17747624, 107144767, 46545589]"
106,2410,meta-llama/Llama-3.1-8B,512,4,0,862878453,862878453,681674967,788819734,24686239,"[46545589, 16229437, 11283693]"
106,2554,meta-llama/Llama-3.1-8B,512,4,0,862878453,862878453,681674967,788819734,24686239,"[46545589, 16229437, 11283693]"
106,2698,meta-llama/Llama-3.1-8B,512,4,0,862878453,862878453,681674967,788819734,24686239,"[46545589, 16229437, 11283693]"
106,2842,meta-llama/Llama-3.1-8B,512,4,0,874163526,874163526,788819734,835365323,12932734,"[16229437, 11283693, 11285073]"
106,2986,meta-llama/Llama-3.1-8B,520,4,3000000000,3794515768,794515768,252018,759970846,11514974,"[11513918, 11514974, 11516030]"
106,3130,meta-llama/Llama-3.1-8B,520,4,3000000000,3794515768,794515768,252018,759970846,11514974,"[11513918, 11514974, 11516030]"
106,3274,meta-llama/Llama-3.1-8B,520,4,3000000000,3794515768,794515768,252018,759970846,11514974,"[11513918, 11514974, 11516030]"
106,3418,meta-llama/Llama-3.1-8B,520,4,3000000000,3794515768,794515768,252018,759970846,11514974,"[11513918, 11514974, 11516030]"
106,3562,meta-llama/Llama-3.1-8B,520,4,3000000000,3794515768,794515768,252018,759970846,11514974,"[11513918, 11514974, 11516030]"
106,3706,meta-llama/Llama-3.1-8B,520,4,3000000000,3794515768,794515768,252018,759970846,11514974,"[11513918, 11514974, 11516030]"
106,3850,meta-llama/Llama-3.1-8B,520,4,3000000000,3794515768,794515768,252018,759970846,11514974,"[11513918, 11514974, 11516030]"
106,3994,meta-llama/Llama-3.1-8B,520,4,3000000000,3794515768,794515768,252018,759970846,11514974,"[11513918, 11514974, 11516030]"
106,4138,meta-llama/Llama-3.1-8B,520,4,3000000000,4796994520,1796994520,794515768,1762449598,11514974,"[11513918, 11514974, 11516030]"
106,4282,meta-llama/Llama-3.1-8B,520,4,3000000000,4796994520,1796994520,794515768,1762449598,11514974,"[11513918, 11514974, 11516030]"
106,4426,meta-llama/Llama-3.1-8B,520,4,3000000000,4796994520,1796994520,794515768,1762449598,11514974,"[11513918, 11514974, 11516030]"
106,4570,meta-llama/Llama-3.1-8B,520,4,3000000000,4796994520,1796994520,794515768,1762449598,11514974,"[11513918, 11514974, 11516030]"
106,4714,meta-llama/Llama-3.1-8B,520,4,3000000000,4796994520,1796994520,794515768,1762449598,11514974,"[11513918, 11514974, 11516030]"
106,4858,meta-llama/Llama-3.1-8B,520,4,3000000000,4796994520,1796994520,794515768,1762449598,11514974,"[11513918, 11514974, 11516030]"
106,5002,meta-llama/Llama-3.1-8B,520,4,3000000000,4796994520,1796994520,794515768,1762449598,11514974,"[11513918, 11514974, 11516030]"
106,5146,meta-llama/Llama-3.1-8B,520,4,3000000000,4796994520,1796994520,794515768,1762449598,11514974,"[11513918, 11514974, 11516030]"
106,5290,meta-llama/Llama-3.1-8B,520,4,3000000000,5796884524,2796884524,1796994520,2763041785,11280913,"[11280401, 11280913, 11281425]"
106,5434,meta-llama/Llama-3.1-8B,520,4,3000000000,5796884524,2796884524,1796994520,2763041785,11280913,"[11280401, 11280913, 11281425]"
106,5578,meta-llama/Llama-3.1-8B,520,4,3000000000,5796884524,2796884524,1796994520,2763041785,11280913,"[11280401, 11280913, 11281425]"
106,5722,meta-llama/Llama-3.1-8B,520,4,3000000000,5796884524,2796884524,1796994520,2763041785,11280913,"[11280401, 11280913, 11281425]"
107,107,meta-llama/Llama-3.1-8B,512,4,0,341364326,341364326,1,139670262,67231354,"[159065888, 30793726, 11834450]"
107,251,meta-llama/Llama-3.1-8B,512,4,0,341364326,341364326,1,139670262,67231354,"[159065888, 30793726, 11834450]"
107,395,meta-llama/Llama-3.1-8B,512,4,0,341364326,341364326,1,139670262,67231354,"[159065888, 30793726, 11834450]"
107,539,meta-llama/Llama-3.1-8B,512,4,0,341364326,341364326,1,139670262,67231354,"[159065888, 30793726, 11834450]"
107,683,meta-llama/Llama-3.1-8B,512,4,0,480941929,480941929,139670262,298736150,60735259,"[30793726, 11834450, 139577603]"
107,827,meta-llama/Llama-3.1-8B,512,4,0,480941929,480941929,139670262,298736150,60735259,"[30793726, 11834450, 139577603]"
107,971,meta-llama/Llama-3.1-8B,512,4,0,480941929,480941929,139670262,298736150,60735259,"[30793726, 11834450, 139577603]"
107,1115,meta-llama/Llama-3.1-8B,512,4,0,610351243,610351243,298736150,329529876,93607122,"[11834450, 139577603, 129409314]"
107,1259,meta-llama/Llama-3.1-8B,512,4,0,681677139,681677139,341364326,480941929,66911736,"[129409314, 53709349, 17616547]"
107,1403,meta-llama/Llama-3.1-8B,512,4,0,681677139,681677139,341364326,480941929,66911736,"[129409314, 53709349, 17616547]"
107,1547,meta-llama/Llama-3.1-8B,512,4,0,681677139,681677139,341364326,480941929,66911736,"[129409314, 53709349, 17616547]"
107,1691,meta-llama/Llama-3.1-8B,512,4,0,789215138,789215138,480941929,610351243,59621298,"[53709349, 17616547, 107537999]"
107,1835,meta-llama/Llama-3.1-8B,512,4,0,789215138,789215138,480941929,610351243,59621298,"[53709349, 17616547, 107537999]"
107,1979,meta-llama/Llama-3.1-8B,512,4,0,789215138,789215138,480941929,610351243,59621298,"[53709349, 17616547, 107537999]"
107,2123,meta-llama/Llama-3.1-8B,512,4,0,789215138,789215138,480941929,610351243,59621298,"[53709349, 17616547, 107537999]"
107,2267,meta-llama/Llama-3.1-8B,512,4,0,835497803,835497803,610351243,664060592,57145737,"[17616547, 107537999, 46282665]"
107,2411,meta-llama/Llama-3.1-8B,512,4,0,862880865,862880865,681677139,789215138,24555242,"[46282665, 16098103, 11284959]"
107,2555,meta-llama/Llama-3.1-8B,512,4,0,862880865,862880865,681677139,789215138,24555242,"[46282665, 16098103, 11284959]"
107,2699,meta-llama/Llama-3.1-8B,512,4,0,862880865,862880865,681677139,789215138,24555242,"[46282665, 16098103, 11284959]"
107,2843,meta-llama/Llama-3.1-8B,512,4,0,874165938,874165938,789215138,835497803,12889378,"[16098103, 11284959, 11285073]"
107,2987,meta-llama/Llama-3.1-8B,520,4,3000000000,3801477426,801477426,252018,766932504,11514974,"[11513918, 11514974, 11516030]"
107,3131,meta-llama/Llama-3.1-8B,520,4,3000000000,3801477426,801477426,252018,766932504,11514974,"[11513918, 11514974, 11516030]"
107,3275,meta-llama/Llama-3.1-8B,520,4,3000000000,3801477426,801477426,252018,766932504,11514974,"[11513918, 11514974, 11516030]"
107,3419,meta-llama/Llama-3.1-8B,520,4,3000000000,3801477426,801477426,252018,766932504,11514974,"[11513918, 11514974, 11516030]"
107,3563,meta-llama/Llama-3.1-8B,520,4,3000000000,3801477426,801477426,252018,766932504,11514974,"[11513918, 11514974, 11516030]"
107,3707,meta-llama/Llama-3.1-8B,520,4,3000000000,3801477426,801477426,252018,766932504,11514974,"[11513918, 11514974, 11516030]"
107,3851,meta-llama/Llama-3.1-8B,520,4,3000000000,3801477426,801477426,252018,766932504,11514974,"[11513918, 11514974, 11516030]"
107,3995,meta-llama/Llama-3.1-8B,520,4,3000000000,3801477426,801477426,252018,766932504,11514974,"[11513918, 11514974, 11516030]"
107,4139,meta-llama/Llama-3.1-8B,520,4,3000000000,4803956178,1803956178,801477426,1769411256,11514974,"[11513918, 11514974, 11516030]"
107,4283,meta-llama/Llama-3.1-8B,520,4,3000000000,4803956178,1803956178,801477426,1769411256,11514974,"[11513918, 11514974, 11516030]"
107,4427,meta-llama/Llama-3.1-8B,520,4,3000000000,4803956178,1803956178,801477426,1769411256,11514974,"[11513918, 11514974, 11516030]"
107,4571,meta-llama/Llama-3.1-8B,520,4,3000000000,4803956178,1803956178,801477426,1769411256,11514974,"[11513918, 11514974, 11516030]"
107,4715,meta-llama/Llama-3.1-8B,520,4,3000000000,4803956178,1803956178,801477426,1769411256,11514974,"[11513918, 11514974, 11516030]"
107,4859,meta-llama/Llama-3.1-8B,520,4,3000000000,4803956178,1803956178,801477426,1769411256,11514974,"[11513918, 11514974, 11516030]"
107,5003,meta-llama/Llama-3.1-8B,520,4,3000000000,4803956178,1803956178,801477426,1769411256,11514974,"[11513918, 11514974, 11516030]"
107,5147,meta-llama/Llama-3.1-8B,520,4,3000000000,4803956178,1803956178,801477426,1769411256,11514974,"[11513918, 11514974, 11516030]"
107,5291,meta-llama/Llama-3.1-8B,520,4,3000000000,5803846182,2803846182,1803956178,2770003443,11280913,"[11280401, 11280913, 11281425]"
107,5435,meta-llama/Llama-3.1-8B,520,4,3000000000,5803846182,2803846182,1803956178,2770003443,11280913,"[11280401, 11280913, 11281425]"
107,5579,meta-llama/Llama-3.1-8B,520,4,3000000000,5803846182,2803846182,1803956178,2770003443,11280913,"[11280401, 11280913, 11281425]"
107,5723,meta-llama/Llama-3.1-8B,520,4,3000000000,5803846182,2803846182,1803956178,2770003443,11280913,"[11280401, 11280913, 11281425]"
108,108,meta-llama/Llama-3.1-8B,512,4,0,341366498,341366498,1,140195718,67056926,"[159065888, 30271211, 11833681]"
108,252,meta-llama/Llama-3.1-8B,512,4,0,341366498,341366498,1,140195718,67056926,"[159065888, 30271211, 11833681]"
108,396,meta-llama/Llama-3.1-8B,512,4,0,341366498,341366498,1,140195718,67056926,"[159065888, 30271211, 11833681]"
108,540,meta-llama/Llama-3.1-8B,512,4,0,341366498,341366498,1,140195718,67056926,"[159065888, 30271211, 11833681]"
108,684,meta-llama/Llama-3.1-8B,512,4,0,481467385,481467385,140195718,299261606,60735259,"[30271211, 11833681, 140100887]"
108,828,meta-llama/Llama-3.1-8B,512,4,0,481467385,481467385,140195718,299261606,60735259,"[30271211, 11833681, 140100887]"
108,972,meta-llama/Llama-3.1-8B,512,4,0,481467385,481467385,140195718,299261606,60735259,"[30271211, 11833681, 140100887]"
108,1116,meta-llama/Llama-3.1-8B,512,4,0,610747417,610747417,299261606,329532817,93738200,"[11833681, 140100887, 129280032]"
108,1260,meta-llama/Llama-3.1-8B,512,4,0,681679311,681679311,341366498,481467385,66737308,"[129280032, 53446424, 17485470]"
108,1404,meta-llama/Llama-3.1-8B,512,4,0,681679311,681679311,341366498,481467385,66737308,"[129280032, 53446424, 17485470]"
108,1548,meta-llama/Llama-3.1-8B,512,4,0,681679311,681679311,341366498,481467385,66737308,"[129280032, 53446424, 17485470]"
108,1692,meta-llama/Llama-3.1-8B,512,4,0,789638579,789638579,481467385,610747417,59630387,"[53446424, 17485470, 107959268]"
108,1836,meta-llama/Llama-3.1-8B,512,4,0,789638579,789638579,481467385,610747417,59630387,"[53446424, 17485470, 107959268]"
108,1980,meta-llama/Llama-3.1-8B,512,4,0,789638579,789638579,481467385,610747417,59630387,"[53446424, 17485470, 107959268]"
108,2124,meta-llama/Llama-3.1-8B,512,4,0,789638579,789638579,481467385,610747417,59630387,"[53446424, 17485470, 107959268]"
108,2268,meta-llama/Llama-3.1-8B,512,4,0,835630523,835630523,610747417,664193841,57145560,"[17485470, 107959268, 45991944]"
108,2412,meta-llama/Llama-3.1-8B,512,4,0,862882131,862882131,681679311,789638579,24414517,"[45991944, 15966529, 11285079]"
108,2556,meta-llama/Llama-3.1-8B,512,4,0,862882131,862882131,681679311,789638579,24414517,"[45991944, 15966529, 11285079]"
108,2700,meta-llama/Llama-3.1-8B,512,4,0,862882131,862882131,681679311,789638579,24414517,"[45991944, 15966529, 11285079]"
108,2844,meta-llama/Llama-3.1-8B,512,4,0,874167204,874167204,789638579,835630523,12845560,"[15966529, 11285079, 11285073]"
108,2988,meta-llama/Llama-3.1-8B,520,4,3000000000,3808439084,808439084,252018,773894162,11514974,"[11513918, 11514974, 11516030]"
108,3132,meta-llama/Llama-3.1-8B,520,4,3000000000,3808439084,808439084,252018,773894162,11514974,"[11513918, 11514974, 11516030]"
108,3276,meta-llama/Llama-3.1-8B,520,4,3000000000,3808439084,808439084,252018,773894162,11514974,"[11513918, 11514974, 11516030]"
108,3420,meta-llama/Llama-3.1-8B,520,4,3000000000,3808439084,808439084,252018,773894162,11514974,"[11513918, 11514974, 11516030]"
108,3564,meta-llama/Llama-3.1-8B,520,4,3000000000,3808439084,808439084,252018,773894162,11514974,"[11513918, 11514974, 11516030]"
108,3708,meta-llama/Llama-3.1-8B,520,4,3000000000,3808439084,808439084,252018,773894162,11514974,"[11513918, 11514974, 11516030]"
108,3852,meta-llama/Llama-3.1-8B,520,4,3000000000,3808439084,808439084,252018,773894162,11514974,"[11513918, 11514974, 11516030]"
108,3996,meta-llama/Llama-3.1-8B,520,4,3000000000,3808439084,808439084,252018,773894162,11514974,"[11513918, 11514974, 11516030]"
108,4140,meta-llama/Llama-3.1-8B,520,4,3000000000,4810917836,1810917836,808439084,1776372914,11514974,"[11513918, 11514974, 11516030]"
108,4284,meta-llama/Llama-3.1-8B,520,4,3000000000,4810917836,1810917836,808439084,1776372914,11514974,"[11513918, 11514974, 11516030]"
108,4428,meta-llama/Llama-3.1-8B,520,4,3000000000,4810917836,1810917836,808439084,1776372914,11514974,"[11513918, 11514974, 11516030]"
108,4572,meta-llama/Llama-3.1-8B,520,4,3000000000,4810917836,1810917836,808439084,1776372914,11514974,"[11513918, 11514974, 11516030]"
108,4716,meta-llama/Llama-3.1-8B,520,4,3000000000,4810917836,1810917836,808439084,1776372914,11514974,"[11513918, 11514974, 11516030]"
108,4860,meta-llama/Llama-3.1-8B,520,4,3000000000,4810917836,1810917836,808439084,1776372914,11514974,"[11513918, 11514974, 11516030]"
108,5004,meta-llama/Llama-3.1-8B,520,4,3000000000,4810917836,1810917836,808439084,1776372914,11514974,"[11513918, 11514974, 11516030]"
108,5148,meta-llama/Llama-3.1-8B,520,4,3000000000,4810917836,1810917836,808439084,1776372914,11514974,"[11513918, 11514974, 11516030]"
108,5292,meta-llama/Llama-3.1-8B,520,4,3000000000,5810807840,2810807840,1810917836,2776965101,11280913,"[11280401, 11280913, 11281425]"
108,5436,meta-llama/Llama-3.1-8B,520,4,3000000000,5810807840,2810807840,1810917836,2776965101,11280913,"[11280401, 11280913, 11281425]"
108,5580,meta-llama/Llama-3.1-8B,520,4,3000000000,5810807840,2810807840,1810917836,2776965101,11280913,"[11280401, 11280913, 11281425]"
108,5724,meta-llama/Llama-3.1-8B,520,4,3000000000,5810807840,2810807840,1810917836,2776965101,11280913,"[11280401, 11280913, 11281425]"
109,109,meta-llama/Llama-3.1-8B,512,4,0,341368670,341368670,1,140721174,66882498,"[159065888, 29748696, 11832912]"
109,253,meta-llama/Llama-3.1-8B,512,4,0,341368670,341368670,1,140721174,66882498,"[159065888, 29748696, 11832912]"
109,397,meta-llama/Llama-3.1-8B,512,4,0,341368670,341368670,1,140721174,66882498,"[159065888, 29748696, 11832912]"
109,541,meta-llama/Llama-3.1-8B,512,4,0,341368670,341368670,1,140721174,66882498,"[159065888, 29748696, 11832912]"
109,685,meta-llama/Llama-3.1-8B,512,4,0,481992841,481992841,140721174,299787062,60735259,"[29748696, 11832912, 140624171]"
109,829,meta-llama/Llama-3.1-8B,512,4,0,481992841,481992841,140721174,299787062,60735259,"[29748696, 11832912, 140624171]"
109,973,meta-llama/Llama-3.1-8B,512,4,0,481992841,481992841,140721174,299787062,60735259,"[29748696, 11832912, 140624171]"
109,1117,meta-llama/Llama-3.1-8B,512,4,0,611143591,611143591,299787062,329535758,93869277,"[11832912, 140624171, 129150750]"
109,1261,meta-llama/Llama-3.1-8B,512,4,0,681681483,681681483,341368670,481992841,66562880,"[129150750, 53183499, 17354393]"
109,1405,meta-llama/Llama-3.1-8B,512,4,0,681681483,681681483,341368670,481992841,66562880,"[129150750, 53183499, 17354393]"
109,1549,meta-llama/Llama-3.1-8B,512,4,0,681681483,681681483,341368670,481992841,66562880,"[129150750, 53183499, 17354393]"
109,1693,meta-llama/Llama-3.1-8B,512,4,0,790033983,790033983,481992841,611143591,59630130,"[53183499, 17354393, 108352500]"
109,1837,meta-llama/Llama-3.1-8B,512,4,0,790033983,790033983,481992841,611143591,59630130,"[53183499, 17354393, 108352500]"
109,1981,meta-llama/Llama-3.1-8B,512,4,0,790033983,790033983,481992841,611143591,59630130,"[53183499, 17354393, 108352500]"
109,2125,meta-llama/Llama-3.1-8B,512,4,0,790033983,790033983,481992841,611143591,59630130,"[53183499, 17354393, 108352500]"
109,2269,meta-llama/Llama-3.1-8B,512,4,0,835763003,835763003,611143591,664327090,57145304,"[17354393, 108352500, 45729020]"
109,2413,meta-llama/Llama-3.1-8B,512,4,0,862889127,862889127,681681483,790033983,24285048,"[45729020, 15835195, 11290929]"
109,2557,meta-llama/Llama-3.1-8B,512,4,0,862889127,862889127,681681483,790033983,24285048,"[45729020, 15835195, 11290929]"
109,2701,meta-llama/Llama-3.1-8B,512,4,0,862889127,862889127,681681483,790033983,24285048,"[45729020, 15835195, 11290929]"
109,2845,meta-llama/Llama-3.1-8B,512,4,0,874174200,874174200,790033983,835763003,12803732,"[15835195, 11290929, 11285073]"
109,2989,meta-llama/Llama-3.1-8B,520,4,3000000000,3815400742,815400742,252018,780855820,11514974,"[11513918, 11514974, 11516030]"
109,3133,meta-llama/Llama-3.1-8B,520,4,3000000000,3815400742,815400742,252018,780855820,11514974,"[11513918, 11514974, 11516030]"
109,3277,meta-llama/Llama-3.1-8B,520,4,3000000000,3815400742,815400742,252018,780855820,11514974,"[11513918, 11514974, 11516030]"
109,3421,meta-llama/Llama-3.1-8B,520,4,3000000000,3815400742,815400742,252018,780855820,11514974,"[11513918, 11514974, 11516030]"
109,3565,meta-llama/Llama-3.1-8B,520,4,3000000000,3815400742,815400742,252018,780855820,11514974,"[11513918, 11514974, 11516030]"
109,3709,meta-llama/Llama-3.1-8B,520,4,3000000000,3815400742,815400742,252018,780855820,11514974,"[11513918, 11514974, 11516030]"
109,3853,meta-llama/Llama-3.1-8B,520,4,3000000000,3815400742,815400742,252018,780855820,11514974,"[11513918, 11514974, 11516030]"
109,3997,meta-llama/Llama-3.1-8B,520,4,3000000000,3815400742,815400742,252018,780855820,11514974,"[11513918, 11514974, 11516030]"
109,4141,meta-llama/Llama-3.1-8B,520,4,3000000000,4817879494,1817879494,815400742,1783334572,11514974,"[11513918, 11514974, 11516030]"
109,4285,meta-llama/Llama-3.1-8B,520,4,3000000000,4817879494,1817879494,815400742,1783334572,11514974,"[11513918, 11514974, 11516030]"
109,4429,meta-llama/Llama-3.1-8B,520,4,3000000000,4817879494,1817879494,815400742,1783334572,11514974,"[11513918, 11514974, 11516030]"
109,4573,meta-llama/Llama-3.1-8B,520,4,3000000000,4817879494,1817879494,815400742,1783334572,11514974,"[11513918, 11514974, 11516030]"
109,4717,meta-llama/Llama-3.1-8B,520,4,3000000000,4817879494,1817879494,815400742,1783334572,11514974,"[11513918, 11514974, 11516030]"
109,4861,meta-llama/Llama-3.1-8B,520,4,3000000000,4817879494,1817879494,815400742,1783334572,11514974,"[11513918, 11514974, 11516030]"
109,5005,meta-llama/Llama-3.1-8B,520,4,3000000000,4817879494,1817879494,815400742,1783334572,11514974,"[11513918, 11514974, 11516030]"
109,5149,meta-llama/Llama-3.1-8B,520,4,3000000000,4817879494,1817879494,815400742,1783334572,11514974,"[11513918, 11514974, 11516030]"
109,5293,meta-llama/Llama-3.1-8B,520,4,3000000000,5817769498,2817769498,1817879494,2783926759,11280913,"[11280401, 11280913, 11281425]"
109,5437,meta-llama/Llama-3.1-8B,520,4,3000000000,5817769498,2817769498,1817879494,2783926759,11280913,"[11280401, 11280913, 11281425]"
109,5581,meta-llama/Llama-3.1-8B,520,4,3000000000,5817769498,2817769498,1817879494,2783926759,11280913,"[11280401, 11280913, 11281425]"
109,5725,meta-llama/Llama-3.1-8B,520,4,3000000000,5817769498,2817769498,1817879494,2783926759,11280913,"[11280401, 11280913, 11281425]"
110,110,meta-llama/Llama-3.1-8B,512,4,0,341370842,341370842,1,141246630,66708070,"[159065888, 29226181, 11832143]"
110,254,meta-llama/Llama-3.1-8B,512,4,0,341370842,341370842,1,141246630,66708070,"[159065888, 29226181, 11832143]"
110,398,meta-llama/Llama-3.1-8B,512,4,0,341370842,341370842,1,141246630,66708070,"[159065888, 29226181, 11832143]"
110,542,meta-llama/Llama-3.1-8B,512,4,0,341370842,341370842,1,141246630,66708070,"[159065888, 29226181, 11832143]"
110,686,meta-llama/Llama-3.1-8B,512,4,0,482518297,482518297,141246630,300312518,60735259,"[29226181, 11832143, 141147455]"
110,830,meta-llama/Llama-3.1-8B,512,4,0,482518297,482518297,141246630,300312518,60735259,"[29226181, 11832143, 141147455]"
110,974,meta-llama/Llama-3.1-8B,512,4,0,482518297,482518297,141246630,300312518,60735259,"[29226181, 11832143, 141147455]"
110,1118,meta-llama/Llama-3.1-8B,512,4,0,611539765,611539765,300312518,329538699,94000355,"[11832143, 141147455, 129021468]"
110,1262,meta-llama/Llama-3.1-8B,512,4,0,681683655,681683655,341370842,482518297,66388452,"[129021468, 52920574, 17223316]"
110,1406,meta-llama/Llama-3.1-8B,512,4,0,681683655,681683655,341370842,482518297,66388452,"[129021468, 52920574, 17223316]"
110,1550,meta-llama/Llama-3.1-8B,512,4,0,681683655,681683655,341370842,482518297,66388452,"[129021468, 52920574, 17223316]"
110,1694,meta-llama/Llama-3.1-8B,512,4,0,790429387,790429387,482518297,611539765,59629874,"[52920574, 17223316, 108745732]"
110,1838,meta-llama/Llama-3.1-8B,512,4,0,790429387,790429387,482518297,611539765,59629874,"[52920574, 17223316, 108745732]"
110,1982,meta-llama/Llama-3.1-8B,512,4,0,790429387,790429387,482518297,611539765,59629874,"[52920574, 17223316, 108745732]"
110,2126,meta-llama/Llama-3.1-8B,512,4,0,790429387,790429387,482518297,611539765,59629874,"[52920574, 17223316, 108745732]"
110,2270,meta-llama/Llama-3.1-8B,512,4,0,835895483,835895483,611539765,664460339,57145048,"[17223316, 108745732, 45466096]"
110,2414,meta-llama/Llama-3.1-8B,512,4,0,862890393,862890393,681683655,790429387,24153668,"[45466096, 15703861, 11291049]"
110,2558,meta-llama/Llama-3.1-8B,512,4,0,862890393,862890393,681683655,790429387,24153668,"[45466096, 15703861, 11291049]"
110,2702,meta-llama/Llama-3.1-8B,512,4,0,862890393,862890393,681683655,790429387,24153668,"[45466096, 15703861, 11291049]"
110,2846,meta-llama/Llama-3.1-8B,512,4,0,874175466,874175466,790429387,835895483,12759994,"[15703861, 11291049, 11285073]"
110,2990,meta-llama/Llama-3.1-8B,520,4,3000000000,3822362400,822362400,252018,787817478,11514974,"[11513918, 11514974, 11516030]"
110,3134,meta-llama/Llama-3.1-8B,520,4,3000000000,3822362400,822362400,252018,787817478,11514974,"[11513918, 11514974, 11516030]"
110,3278,meta-llama/Llama-3.1-8B,520,4,3000000000,3822362400,822362400,252018,787817478,11514974,"[11513918, 11514974, 11516030]"
110,3422,meta-llama/Llama-3.1-8B,520,4,3000000000,3822362400,822362400,252018,787817478,11514974,"[11513918, 11514974, 11516030]"
110,3566,meta-llama/Llama-3.1-8B,520,4,3000000000,3822362400,822362400,252018,787817478,11514974,"[11513918, 11514974, 11516030]"
110,3710,meta-llama/Llama-3.1-8B,520,4,3000000000,3822362400,822362400,252018,787817478,11514974,"[11513918, 11514974, 11516030]"
110,3854,meta-llama/Llama-3.1-8B,520,4,3000000000,3822362400,822362400,252018,787817478,11514974,"[11513918, 11514974, 11516030]"
110,3998,meta-llama/Llama-3.1-8B,520,4,3000000000,3822362400,822362400,252018,787817478,11514974,"[11513918, 11514974, 11516030]"
110,4142,meta-llama/Llama-3.1-8B,520,4,3000000000,4824841152,1824841152,822362400,1790296230,11514974,"[11513918, 11514974, 11516030]"
110,4286,meta-llama/Llama-3.1-8B,520,4,3000000000,4824841152,1824841152,822362400,1790296230,11514974,"[11513918, 11514974, 11516030]"
110,4430,meta-llama/Llama-3.1-8B,520,4,3000000000,4824841152,1824841152,822362400,1790296230,11514974,"[11513918, 11514974, 11516030]"
110,4574,meta-llama/Llama-3.1-8B,520,4,3000000000,4824841152,1824841152,822362400,1790296230,11514974,"[11513918, 11514974, 11516030]"
110,4718,meta-llama/Llama-3.1-8B,520,4,3000000000,4824841152,1824841152,822362400,1790296230,11514974,"[11513918, 11514974, 11516030]"
110,4862,meta-llama/Llama-3.1-8B,520,4,3000000000,4824841152,1824841152,822362400,1790296230,11514974,"[11513918, 11514974, 11516030]"
110,5006,meta-llama/Llama-3.1-8B,520,4,3000000000,4824841152,1824841152,822362400,1790296230,11514974,"[11513918, 11514974, 11516030]"
110,5150,meta-llama/Llama-3.1-8B,520,4,3000000000,4824841152,1824841152,822362400,1790296230,11514974,"[11513918, 11514974, 11516030]"
110,5294,meta-llama/Llama-3.1-8B,520,4,3000000000,5824731156,2824731156,1824841152,2790888417,11280913,"[11280401, 11280913, 11281425]"
110,5438,meta-llama/Llama-3.1-8B,520,4,3000000000,5824731156,2824731156,1824841152,2790888417,11280913,"[11280401, 11280913, 11281425]"
110,5582,meta-llama/Llama-3.1-8B,520,4,3000000000,5824731156,2824731156,1824841152,2790888417,11280913,"[11280401, 11280913, 11281425]"
110,5726,meta-llama/Llama-3.1-8B,520,4,3000000000,5824731156,2824731156,1824841152,2790888417,11280913,"[11280401, 11280913, 11281425]"
111,111,meta-llama/Llama-3.1-8B,512,4,0,341373014,341373014,1,141772086,66533642,"[159065888, 28703666, 11831374]"
111,255,meta-llama/Llama-3.1-8B,512,4,0,341373014,341373014,1,141772086,66533642,"[159065888, 28703666, 11831374]"
111,399,meta-llama/Llama-3.1-8B,512,4,0,341373014,341373014,1,141772086,66533642,"[159065888, 28703666, 11831374]"
111,543,meta-llama/Llama-3.1-8B,512,4,0,341373014,341373014,1,141772086,66533642,"[159065888, 28703666, 11831374]"
111,687,meta-llama/Llama-3.1-8B,512,4,0,483043753,483043753,141772086,300837974,60735259,"[28703666, 11831374, 141670739]"
111,831,meta-llama/Llama-3.1-8B,512,4,0,483043753,483043753,141772086,300837974,60735259,"[28703666, 11831374, 141670739]"
111,975,meta-llama/Llama-3.1-8B,512,4,0,483043753,483043753,141772086,300837974,60735259,"[28703666, 11831374, 141670739]"
111,1119,meta-llama/Llama-3.1-8B,512,4,0,611935939,611935939,300837974,329541640,94131433,"[11831374, 141670739, 128892186]"
111,1263,meta-llama/Llama-3.1-8B,512,4,0,681685827,681685827,341373014,483043753,66214024,"[128892186, 52657649, 17092239]"
111,1407,meta-llama/Llama-3.1-8B,512,4,0,681685827,681685827,341373014,483043753,66214024,"[128892186, 52657649, 17092239]"
111,1551,meta-llama/Llama-3.1-8B,512,4,0,681685827,681685827,341373014,483043753,66214024,"[128892186, 52657649, 17092239]"
111,1695,meta-llama/Llama-3.1-8B,512,4,0,790852828,790852828,483043753,611935939,59638963,"[52657649, 17092239, 109167001]"
111,1839,meta-llama/Llama-3.1-8B,512,4,0,790852828,790852828,483043753,611935939,59638963,"[52657649, 17092239, 109167001]"
111,1983,meta-llama/Llama-3.1-8B,512,4,0,790852828,790852828,483043753,611935939,59638963,"[52657649, 17092239, 109167001]"
111,2127,meta-llama/Llama-3.1-8B,512,4,0,790852828,790852828,483043753,611935939,59638963,"[52657649, 17092239, 109167001]"
111,2271,meta-llama/Llama-3.1-8B,512,4,0,836028203,836028203,611935939,664593588,57144871,"[17092239, 109167001, 45175375]"
111,2415,meta-llama/Llama-3.1-8B,512,4,0,862891659,862891659,681685827,790852828,24012943,"[45175375, 15572287, 11291169]"
111,2559,meta-llama/Llama-3.1-8B,512,4,0,862891659,862891659,681685827,790852828,24012943,"[45175375, 15572287, 11291169]"
111,2703,meta-llama/Llama-3.1-8B,512,4,0,862891659,862891659,681685827,790852828,24012943,"[45175375, 15572287, 11291169]"
111,2847,meta-llama/Llama-3.1-8B,512,4,0,874176732,874176732,790852828,836028203,12716176,"[15572287, 11291169, 11285073]"
111,2991,meta-llama/Llama-3.1-8B,520,4,3000000000,3829324058,829324058,252018,794779136,11514974,"[11513918, 11514974, 11516030]"
111,3135,meta-llama/Llama-3.1-8B,520,4,3000000000,3829324058,829324058,252018,794779136,11514974,"[11513918, 11514974, 11516030]"
111,3279,meta-llama/Llama-3.1-8B,520,4,3000000000,3829324058,829324058,252018,794779136,11514974,"[11513918, 11514974, 11516030]"
111,3423,meta-llama/Llama-3.1-8B,520,4,3000000000,3829324058,829324058,252018,794779136,11514974,"[11513918, 11514974, 11516030]"
111,3567,meta-llama/Llama-3.1-8B,520,4,3000000000,3829324058,829324058,252018,794779136,11514974,"[11513918, 11514974, 11516030]"
111,3711,meta-llama/Llama-3.1-8B,520,4,3000000000,3829324058,829324058,252018,794779136,11514974,"[11513918, 11514974, 11516030]"
111,3855,meta-llama/Llama-3.1-8B,520,4,3000000000,3829324058,829324058,252018,794779136,11514974,"[11513918, 11514974, 11516030]"
111,3999,meta-llama/Llama-3.1-8B,520,4,3000000000,3829324058,829324058,252018,794779136,11514974,"[11513918, 11514974, 11516030]"
111,4143,meta-llama/Llama-3.1-8B,520,4,3000000000,4831802810,1831802810,829324058,1797257888,11514974,"[11513918, 11514974, 11516030]"
111,4287,meta-llama/Llama-3.1-8B,520,4,3000000000,4831802810,1831802810,829324058,1797257888,11514974,"[11513918, 11514974, 11516030]"
111,4431,meta-llama/Llama-3.1-8B,520,4,3000000000,4831802810,1831802810,829324058,1797257888,11514974,"[11513918, 11514974, 11516030]"
111,4575,meta-llama/Llama-3.1-8B,520,4,3000000000,4831802810,1831802810,829324058,1797257888,11514974,"[11513918, 11514974, 11516030]"
111,4719,meta-llama/Llama-3.1-8B,520,4,3000000000,4831802810,1831802810,829324058,1797257888,11514974,"[11513918, 11514974, 11516030]"
111,4863,meta-llama/Llama-3.1-8B,520,4,3000000000,4831802810,1831802810,829324058,1797257888,11514974,"[11513918, 11514974, 11516030]"
111,5007,meta-llama/Llama-3.1-8B,520,4,3000000000,4831802810,1831802810,829324058,1797257888,11514974,"[11513918, 11514974, 11516030]"
111,5151,meta-llama/Llama-3.1-8B,520,4,3000000000,4831802810,1831802810,829324058,1797257888,11514974,"[11513918, 11514974, 11516030]"
111,5295,meta-llama/Llama-3.1-8B,520,4,3000000000,5831692814,2831692814,1831802810,2797850075,11280913,"[11280401, 11280913, 11281425]"
111,5439,meta-llama/Llama-3.1-8B,520,4,3000000000,5831692814,2831692814,1831802810,2797850075,11280913,"[11280401, 11280913, 11281425]"
111,5583,meta-llama/Llama-3.1-8B,520,4,3000000000,5831692814,2831692814,1831802810,2797850075,11280913,"[11280401, 11280913, 11281425]"
111,5727,meta-llama/Llama-3.1-8B,520,4,3000000000,5831692814,2831692814,1831802810,2797850075,11280913,"[11280401, 11280913, 11281425]"
112,112,meta-llama/Llama-3.1-8B,512,4,0,341375186,341375186,1,142297542,66359214,"[159065888, 28181151, 11830605]"
112,256,meta-llama/Llama-3.1-8B,512,4,0,341375186,341375186,1,142297542,66359214,"[159065888, 28181151, 11830605]"
112,400,meta-llama/Llama-3.1-8B,512,4,0,341375186,341375186,1,142297542,66359214,"[159065888, 28181151, 11830605]"
112,544,meta-llama/Llama-3.1-8B,512,4,0,341375186,341375186,1,142297542,66359214,"[159065888, 28181151, 11830605]"
112,688,meta-llama/Llama-3.1-8B,512,4,0,483569209,483569209,142297542,301363430,60735259,"[28181151, 11830605, 142194023]"
112,832,meta-llama/Llama-3.1-8B,512,4,0,483569209,483569209,142297542,301363430,60735259,"[28181151, 11830605, 142194023]"
112,976,meta-llama/Llama-3.1-8B,512,4,0,483569209,483569209,142297542,301363430,60735259,"[28181151, 11830605, 142194023]"
112,1120,meta-llama/Llama-3.1-8B,512,4,0,612332113,612332113,301363430,329544581,94262510,"[11830605, 142194023, 128762904]"
112,1264,meta-llama/Llama-3.1-8B,512,4,0,681687999,681687999,341375186,483569209,66039596,"[128762904, 52394724, 16961162]"
112,1408,meta-llama/Llama-3.1-8B,512,4,0,681687999,681687999,341375186,483569209,66039596,"[128762904, 52394724, 16961162]"
112,1552,meta-llama/Llama-3.1-8B,512,4,0,681687999,681687999,341375186,483569209,66039596,"[128762904, 52394724, 16961162]"
112,1696,meta-llama/Llama-3.1-8B,512,4,0,791248232,791248232,483569209,612332113,59638706,"[52394724, 16961162, 109560233]"
112,1840,meta-llama/Llama-3.1-8B,512,4,0,791248232,791248232,483569209,612332113,59638706,"[52394724, 16961162, 109560233]"
112,1984,meta-llama/Llama-3.1-8B,512,4,0,791248232,791248232,483569209,612332113,59638706,"[52394724, 16961162, 109560233]"
112,2128,meta-llama/Llama-3.1-8B,512,4,0,791248232,791248232,483569209,612332113,59638706,"[52394724, 16961162, 109560233]"
112,2272,meta-llama/Llama-3.1-8B,512,4,0,836160683,836160683,612332113,664726837,57144615,"[16961162, 109560233, 44912451]"
112,2416,meta-llama/Llama-3.1-8B,512,4,0,862892925,862892925,681687999,791248232,23881564,"[44912451, 15440953, 11291289]"
112,2560,meta-llama/Llama-3.1-8B,512,4,0,862892925,862892925,681687999,791248232,23881564,"[44912451, 15440953, 11291289]"
112,2704,meta-llama/Llama-3.1-8B,512,4,0,862892925,862892925,681687999,791248232,23881564,"[44912451, 15440953, 11291289]"
112,2848,meta-llama/Llama-3.1-8B,512,4,0,874177998,874177998,791248232,836160683,12672438,"[15440953, 11291289, 11285073]"
112,2992,meta-llama/Llama-3.1-8B,520,4,3000000000,3836285716,836285716,252018,801740794,11514974,"[11513918, 11514974, 11516030]"
112,3136,meta-llama/Llama-3.1-8B,520,4,3000000000,3836285716,836285716,252018,801740794,11514974,"[11513918, 11514974, 11516030]"
112,3280,meta-llama/Llama-3.1-8B,520,4,3000000000,3836285716,836285716,252018,801740794,11514974,"[11513918, 11514974, 11516030]"
112,3424,meta-llama/Llama-3.1-8B,520,4,3000000000,3836285716,836285716,252018,801740794,11514974,"[11513918, 11514974, 11516030]"
112,3568,meta-llama/Llama-3.1-8B,520,4,3000000000,3836285716,836285716,252018,801740794,11514974,"[11513918, 11514974, 11516030]"
112,3712,meta-llama/Llama-3.1-8B,520,4,3000000000,3836285716,836285716,252018,801740794,11514974,"[11513918, 11514974, 11516030]"
112,3856,meta-llama/Llama-3.1-8B,520,4,3000000000,3836285716,836285716,252018,801740794,11514974,"[11513918, 11514974, 11516030]"
112,4000,meta-llama/Llama-3.1-8B,520,4,3000000000,3836285716,836285716,252018,801740794,11514974,"[11513918, 11514974, 11516030]"
112,4144,meta-llama/Llama-3.1-8B,520,4,3000000000,4838764468,1838764468,836285716,1804219546,11514974,"[11513918, 11514974, 11516030]"
112,4288,meta-llama/Llama-3.1-8B,520,4,3000000000,4838764468,1838764468,836285716,1804219546,11514974,"[11513918, 11514974, 11516030]"
112,4432,meta-llama/Llama-3.1-8B,520,4,3000000000,4838764468,1838764468,836285716,1804219546,11514974,"[11513918, 11514974, 11516030]"
112,4576,meta-llama/Llama-3.1-8B,520,4,3000000000,4838764468,1838764468,836285716,1804219546,11514974,"[11513918, 11514974, 11516030]"
112,4720,meta-llama/Llama-3.1-8B,520,4,3000000000,4838764468,1838764468,836285716,1804219546,11514974,"[11513918, 11514974, 11516030]"
112,4864,meta-llama/Llama-3.1-8B,520,4,3000000000,4838764468,1838764468,836285716,1804219546,11514974,"[11513918, 11514974, 11516030]"
112,5008,meta-llama/Llama-3.1-8B,520,4,3000000000,4838764468,1838764468,836285716,1804219546,11514974,"[11513918, 11514974, 11516030]"
112,5152,meta-llama/Llama-3.1-8B,520,4,3000000000,4838764468,1838764468,836285716,1804219546,11514974,"[11513918, 11514974, 11516030]"
112,5296,meta-llama/Llama-3.1-8B,520,4,3000000000,5838654472,2838654472,1838764468,2804811733,11280913,"[11280401, 11280913, 11281425]"
112,5440,meta-llama/Llama-3.1-8B,520,4,3000000000,5838654472,2838654472,1838764468,2804811733,11280913,"[11280401, 11280913, 11281425]"
112,5584,meta-llama/Llama-3.1-8B,520,4,3000000000,5838654472,2838654472,1838764468,2804811733,11280913,"[11280401, 11280913, 11281425]"
112,5728,meta-llama/Llama-3.1-8B,520,4,3000000000,5838654472,2838654472,1838764468,2804811733,11280913,"[11280401, 11280913, 11281425]"
113,113,meta-llama/Llama-3.1-8B,512,4,0,341377358,341377358,1,142822998,66184786,"[159065888, 27658636, 11829836]"
113,257,meta-llama/Llama-3.1-8B,512,4,0,341377358,341377358,1,142822998,66184786,"[159065888, 27658636, 11829836]"
113,401,meta-llama/Llama-3.1-8B,512,4,0,341377358,341377358,1,142822998,66184786,"[159065888, 27658636, 11829836]"
113,545,meta-llama/Llama-3.1-8B,512,4,0,341377358,341377358,1,142822998,66184786,"[159065888, 27658636, 11829836]"
113,689,meta-llama/Llama-3.1-8B,512,4,0,484094665,484094665,142822998,301888886,60735259,"[27658636, 11829836, 142717307]"
113,833,meta-llama/Llama-3.1-8B,512,4,0,484094665,484094665,142822998,301888886,60735259,"[27658636, 11829836, 142717307]"
113,977,meta-llama/Llama-3.1-8B,512,4,0,484094665,484094665,142822998,301888886,60735259,"[27658636, 11829836, 142717307]"
113,1121,meta-llama/Llama-3.1-8B,512,4,0,612728287,612728287,301888886,329547522,94393588,"[11829836, 142717307, 128633622]"
113,1265,meta-llama/Llama-3.1-8B,512,4,0,681690171,681690171,341377358,484094665,65865168,"[128633622, 52131799, 16830085]"
113,1409,meta-llama/Llama-3.1-8B,512,4,0,681690171,681690171,341377358,484094665,65865168,"[128633622, 52131799, 16830085]"
113,1553,meta-llama/Llama-3.1-8B,512,4,0,681690171,681690171,341377358,484094665,65865168,"[128633622, 52131799, 16830085]"
113,1697,meta-llama/Llama-3.1-8B,512,4,0,791671673,791671673,484094665,612728287,59647795,"[52131799, 16830085, 109981502]"
113,1841,meta-llama/Llama-3.1-8B,512,4,0,791671673,791671673,484094665,612728287,59647795,"[52131799, 16830085, 109981502]"
113,1985,meta-llama/Llama-3.1-8B,512,4,0,791671673,791671673,484094665,612728287,59647795,"[52131799, 16830085, 109981502]"
113,2129,meta-llama/Llama-3.1-8B,512,4,0,791671673,791671673,484094665,612728287,59647795,"[52131799, 16830085, 109981502]"
113,2273,meta-llama/Llama-3.1-8B,512,4,0,836293283,836293283,612728287,664860086,57144399,"[16830085, 109981502, 44621610]"
113,2417,meta-llama/Llama-3.1-8B,512,4,0,862894191,862894191,681690171,791671673,23740839,"[44621610, 15309619, 11291289]"
113,2561,meta-llama/Llama-3.1-8B,512,4,0,862894191,862894191,681690171,791671673,23740839,"[44621610, 15309619, 11291289]"
113,2705,meta-llama/Llama-3.1-8B,512,4,0,862894191,862894191,681690171,791671673,23740839,"[44621610, 15309619, 11291289]"
113,2849,meta-llama/Llama-3.1-8B,512,4,0,874179264,874179264,791671673,836293283,12628660,"[15309619, 11291289, 11285073]"
113,2993,meta-llama/Llama-3.1-8B,520,4,3000000000,3843247374,843247374,252018,808702452,11514974,"[11513918, 11514974, 11516030]"
113,3137,meta-llama/Llama-3.1-8B,520,4,3000000000,3843247374,843247374,252018,808702452,11514974,"[11513918, 11514974, 11516030]"
113,3281,meta-llama/Llama-3.1-8B,520,4,3000000000,3843247374,843247374,252018,808702452,11514974,"[11513918, 11514974, 11516030]"
113,3425,meta-llama/Llama-3.1-8B,520,4,3000000000,3843247374,843247374,252018,808702452,11514974,"[11513918, 11514974, 11516030]"
113,3569,meta-llama/Llama-3.1-8B,520,4,3000000000,3843247374,843247374,252018,808702452,11514974,"[11513918, 11514974, 11516030]"
113,3713,meta-llama/Llama-3.1-8B,520,4,3000000000,3843247374,843247374,252018,808702452,11514974,"[11513918, 11514974, 11516030]"
113,3857,meta-llama/Llama-3.1-8B,520,4,3000000000,3843247374,843247374,252018,808702452,11514974,"[11513918, 11514974, 11516030]"
113,4001,meta-llama/Llama-3.1-8B,520,4,3000000000,3843247374,843247374,252018,808702452,11514974,"[11513918, 11514974, 11516030]"
113,4145,meta-llama/Llama-3.1-8B,520,4,3000000000,4845726126,1845726126,843247374,1811181204,11514974,"[11513918, 11514974, 11516030]"
113,4289,meta-llama/Llama-3.1-8B,520,4,3000000000,4845726126,1845726126,843247374,1811181204,11514974,"[11513918, 11514974, 11516030]"
113,4433,meta-llama/Llama-3.1-8B,520,4,3000000000,4845726126,1845726126,843247374,1811181204,11514974,"[11513918, 11514974, 11516030]"
113,4577,meta-llama/Llama-3.1-8B,520,4,3000000000,4845726126,1845726126,843247374,1811181204,11514974,"[11513918, 11514974, 11516030]"
113,4721,meta-llama/Llama-3.1-8B,520,4,3000000000,4845726126,1845726126,843247374,1811181204,11514974,"[11513918, 11514974, 11516030]"
113,4865,meta-llama/Llama-3.1-8B,520,4,3000000000,4845726126,1845726126,843247374,1811181204,11514974,"[11513918, 11514974, 11516030]"
113,5009,meta-llama/Llama-3.1-8B,520,4,3000000000,4845726126,1845726126,843247374,1811181204,11514974,"[11513918, 11514974, 11516030]"
113,5153,meta-llama/Llama-3.1-8B,520,4,3000000000,4845726126,1845726126,843247374,1811181204,11514974,"[11513918, 11514974, 11516030]"
113,5297,meta-llama/Llama-3.1-8B,520,4,3000000000,5845616130,2845616130,1845726126,2811773391,11280913,"[11280401, 11280913, 11281425]"
113,5441,meta-llama/Llama-3.1-8B,520,4,3000000000,5845616130,2845616130,1845726126,2811773391,11280913,"[11280401, 11280913, 11281425]"
113,5585,meta-llama/Llama-3.1-8B,520,4,3000000000,5845616130,2845616130,1845726126,2811773391,11280913,"[11280401, 11280913, 11281425]"
113,5729,meta-llama/Llama-3.1-8B,520,4,3000000000,5845616130,2845616130,1845726126,2811773391,11280913,"[11280401, 11280913, 11281425]"
114,114,meta-llama/Llama-3.1-8B,512,4,0,341379658,341379658,1,143348454,66010401,"[159065888, 27136121, 11829195]"
114,258,meta-llama/Llama-3.1-8B,512,4,0,341379658,341379658,1,143348454,66010401,"[159065888, 27136121, 11829195]"
114,402,meta-llama/Llama-3.1-8B,512,4,0,341379658,341379658,1,143348454,66010401,"[159065888, 27136121, 11829195]"
114,546,meta-llama/Llama-3.1-8B,512,4,0,341379658,341379658,1,143348454,66010401,"[159065888, 27136121, 11829195]"
114,690,meta-llama/Llama-3.1-8B,512,4,0,484620121,484620121,143348454,302414342,60735259,"[27136121, 11829195, 143240463]"
114,834,meta-llama/Llama-3.1-8B,512,4,0,484620121,484620121,143348454,302414342,60735259,"[27136121, 11829195, 143240463]"
114,978,meta-llama/Llama-3.1-8B,512,4,0,484620121,484620121,143348454,302414342,60735259,"[27136121, 11829195, 143240463]"
114,1122,meta-llama/Llama-3.1-8B,512,4,0,613124461,613124461,302414342,329550463,94524666,"[11829195, 143240463, 128504340]"
114,1266,meta-llama/Llama-3.1-8B,512,4,0,681692343,681692343,341379658,484620121,65690740,"[128504340, 51868874, 16699008]"
114,1410,meta-llama/Llama-3.1-8B,512,4,0,681692343,681692343,341379658,484620121,65690740,"[128504340, 51868874, 16699008]"
114,1554,meta-llama/Llama-3.1-8B,512,4,0,681692343,681692343,341379658,484620121,65690740,"[128504340, 51868874, 16699008]"
114,1698,meta-llama/Llama-3.1-8B,512,4,0,792067077,792067077,484620121,613124461,59647538,"[51868874, 16699008, 110374734]"
114,1842,meta-llama/Llama-3.1-8B,512,4,0,792067077,792067077,484620121,613124461,59647538,"[51868874, 16699008, 110374734]"
114,1986,meta-llama/Llama-3.1-8B,512,4,0,792067077,792067077,484620121,613124461,59647538,"[51868874, 16699008, 110374734]"
114,2130,meta-llama/Llama-3.1-8B,512,4,0,792067077,792067077,484620121,613124461,59647538,"[51868874, 16699008, 110374734]"
114,2274,meta-llama/Llama-3.1-8B,512,4,0,836425763,836425763,613124461,664993335,57144142,"[16699008, 110374734, 44358686]"
114,2418,meta-llama/Llama-3.1-8B,512,4,0,862897749,862897749,681692343,792067077,23610224,"[44358686, 15178285, 11293701]"
114,2562,meta-llama/Llama-3.1-8B,512,4,0,862897749,862897749,681692343,792067077,23610224,"[44358686, 15178285, 11293701]"
114,2706,meta-llama/Llama-3.1-8B,512,4,0,862897749,862897749,681692343,792067077,23610224,"[44358686, 15178285, 11293701]"
114,2850,meta-llama/Llama-3.1-8B,512,4,0,874182822,874182822,792067077,836425763,12585686,"[15178285, 11293701, 11285073]"
114,2994,meta-llama/Llama-3.1-8B,520,4,3000000000,3850209032,850209032,252018,815664110,11514974,"[11513918, 11514974, 11516030]"
114,3138,meta-llama/Llama-3.1-8B,520,4,3000000000,3850209032,850209032,252018,815664110,11514974,"[11513918, 11514974, 11516030]"
114,3282,meta-llama/Llama-3.1-8B,520,4,3000000000,3850209032,850209032,252018,815664110,11514974,"[11513918, 11514974, 11516030]"
114,3426,meta-llama/Llama-3.1-8B,520,4,3000000000,3850209032,850209032,252018,815664110,11514974,"[11513918, 11514974, 11516030]"
114,3570,meta-llama/Llama-3.1-8B,520,4,3000000000,3850209032,850209032,252018,815664110,11514974,"[11513918, 11514974, 11516030]"
114,3714,meta-llama/Llama-3.1-8B,520,4,3000000000,3850209032,850209032,252018,815664110,11514974,"[11513918, 11514974, 11516030]"
114,3858,meta-llama/Llama-3.1-8B,520,4,3000000000,3850209032,850209032,252018,815664110,11514974,"[11513918, 11514974, 11516030]"
114,4002,meta-llama/Llama-3.1-8B,520,4,3000000000,3850209032,850209032,252018,815664110,11514974,"[11513918, 11514974, 11516030]"
114,4146,meta-llama/Llama-3.1-8B,520,4,3000000000,4852687784,1852687784,850209032,1818142862,11514974,"[11513918, 11514974, 11516030]"
114,4290,meta-llama/Llama-3.1-8B,520,4,3000000000,4852687784,1852687784,850209032,1818142862,11514974,"[11513918, 11514974, 11516030]"
114,4434,meta-llama/Llama-3.1-8B,520,4,3000000000,4852687784,1852687784,850209032,1818142862,11514974,"[11513918, 11514974, 11516030]"
114,4578,meta-llama/Llama-3.1-8B,520,4,3000000000,4852687784,1852687784,850209032,1818142862,11514974,"[11513918, 11514974, 11516030]"
114,4722,meta-llama/Llama-3.1-8B,520,4,3000000000,4852687784,1852687784,850209032,1818142862,11514974,"[11513918, 11514974, 11516030]"
114,4866,meta-llama/Llama-3.1-8B,520,4,3000000000,4852687784,1852687784,850209032,1818142862,11514974,"[11513918, 11514974, 11516030]"
114,5010,meta-llama/Llama-3.1-8B,520,4,3000000000,4852687784,1852687784,850209032,1818142862,11514974,"[11513918, 11514974, 11516030]"
114,5154,meta-llama/Llama-3.1-8B,520,4,3000000000,4852687784,1852687784,850209032,1818142862,11514974,"[11513918, 11514974, 11516030]"
114,5298,meta-llama/Llama-3.1-8B,520,4,3000000000,5852577788,2852577788,1852687784,2818735049,11280913,"[11280401, 11280913, 11281425]"
114,5442,meta-llama/Llama-3.1-8B,520,4,3000000000,5852577788,2852577788,1852687784,2818735049,11280913,"[11280401, 11280913, 11281425]"
114,5586,meta-llama/Llama-3.1-8B,520,4,3000000000,5852577788,2852577788,1852687784,2818735049,11280913,"[11280401, 11280913, 11281425]"
114,5730,meta-llama/Llama-3.1-8B,520,4,3000000000,5852577788,2852577788,1852687784,2818735049,11280913,"[11280401, 11280913, 11281425]"
115,115,meta-llama/Llama-3.1-8B,512,4,0,341381830,341381830,1,143873910,65835973,"[159065888, 26613606, 11828426]"
115,259,meta-llama/Llama-3.1-8B,512,4,0,341381830,341381830,1,143873910,65835973,"[159065888, 26613606, 11828426]"
115,403,meta-llama/Llama-3.1-8B,512,4,0,341381830,341381830,1,143873910,65835973,"[159065888, 26613606, 11828426]"
115,547,meta-llama/Llama-3.1-8B,512,4,0,341381830,341381830,1,143873910,65835973,"[159065888, 26613606, 11828426]"
115,691,meta-llama/Llama-3.1-8B,512,4,0,485145577,485145577,143873910,302939798,60735259,"[26613606, 11828426, 143763747]"
115,835,meta-llama/Llama-3.1-8B,512,4,0,485145577,485145577,143873910,302939798,60735259,"[26613606, 11828426, 143763747]"
115,979,meta-llama/Llama-3.1-8B,512,4,0,485145577,485145577,143873910,302939798,60735259,"[26613606, 11828426, 143763747]"
115,1123,meta-llama/Llama-3.1-8B,512,4,0,613520635,613520635,302939798,329553404,94655743,"[11828426, 143763747, 128375058]"
115,1267,meta-llama/Llama-3.1-8B,512,4,0,681694515,681694515,341381830,485145577,65516312,"[128375058, 51605949, 16567931]"
115,1411,meta-llama/Llama-3.1-8B,512,4,0,681694515,681694515,341381830,485145577,65516312,"[128375058, 51605949, 16567931]"
115,1555,meta-llama/Llama-3.1-8B,512,4,0,681694515,681694515,341381830,485145577,65516312,"[128375058, 51605949, 16567931]"
115,1699,meta-llama/Llama-3.1-8B,512,4,0,792462481,792462481,485145577,613520635,59647282,"[51605949, 16567931, 110767966]"
115,1843,meta-llama/Llama-3.1-8B,512,4,0,792462481,792462481,485145577,613520635,59647282,"[51605949, 16567931, 110767966]"
115,1987,meta-llama/Llama-3.1-8B,512,4,0,792462481,792462481,485145577,613520635,59647282,"[51605949, 16567931, 110767966]"
115,2131,meta-llama/Llama-3.1-8B,512,4,0,792462481,792462481,485145577,613520635,59647282,"[51605949, 16567931, 110767966]"
115,2275,meta-llama/Llama-3.1-8B,512,4,0,836559509,836559509,613520635,665126584,57144308,"[16567931, 110767966, 44097028]"
115,2419,meta-llama/Llama-3.1-8B,512,4,0,862901427,862901427,681694515,792462481,23479648,"[44097028, 15047071, 11294847]"
115,2563,meta-llama/Llama-3.1-8B,512,4,0,862901427,862901427,681694515,792462481,23479648,"[44097028, 15047071, 11294847]"
115,2707,meta-llama/Llama-3.1-8B,512,4,0,862901427,862901427,681694515,792462481,23479648,"[44097028, 15047071, 11294847]"
115,2851,meta-llama/Llama-3.1-8B,512,4,0,874186500,874186500,792462481,836559509,12542330,"[15047071, 11294847, 11285073]"
115,2995,meta-llama/Llama-3.1-8B,520,4,3000000000,3857170690,857170690,252018,822625768,11514974,"[11513918, 11514974, 11516030]"
115,3139,meta-llama/Llama-3.1-8B,520,4,3000000000,3857170690,857170690,252018,822625768,11514974,"[11513918, 11514974, 11516030]"
115,3283,meta-llama/Llama-3.1-8B,520,4,3000000000,3857170690,857170690,252018,822625768,11514974,"[11513918, 11514974, 11516030]"
115,3427,meta-llama/Llama-3.1-8B,520,4,3000000000,3857170690,857170690,252018,822625768,11514974,"[11513918, 11514974, 11516030]"
115,3571,meta-llama/Llama-3.1-8B,520,4,3000000000,3857170690,857170690,252018,822625768,11514974,"[11513918, 11514974, 11516030]"
115,3715,meta-llama/Llama-3.1-8B,520,4,3000000000,3857170690,857170690,252018,822625768,11514974,"[11513918, 11514974, 11516030]"
115,3859,meta-llama/Llama-3.1-8B,520,4,3000000000,3857170690,857170690,252018,822625768,11514974,"[11513918, 11514974, 11516030]"
115,4003,meta-llama/Llama-3.1-8B,520,4,3000000000,3857170690,857170690,252018,822625768,11514974,"[11513918, 11514974, 11516030]"
115,4147,meta-llama/Llama-3.1-8B,520,4,3000000000,4859649442,1859649442,857170690,1825104520,11514974,"[11513918, 11514974, 11516030]"
115,4291,meta-llama/Llama-3.1-8B,520,4,3000000000,4859649442,1859649442,857170690,1825104520,11514974,"[11513918, 11514974, 11516030]"
115,4435,meta-llama/Llama-3.1-8B,520,4,3000000000,4859649442,1859649442,857170690,1825104520,11514974,"[11513918, 11514974, 11516030]"
115,4579,meta-llama/Llama-3.1-8B,520,4,3000000000,4859649442,1859649442,857170690,1825104520,11514974,"[11513918, 11514974, 11516030]"
115,4723,meta-llama/Llama-3.1-8B,520,4,3000000000,4859649442,1859649442,857170690,1825104520,11514974,"[11513918, 11514974, 11516030]"
115,4867,meta-llama/Llama-3.1-8B,520,4,3000000000,4859649442,1859649442,857170690,1825104520,11514974,"[11513918, 11514974, 11516030]"
115,5011,meta-llama/Llama-3.1-8B,520,4,3000000000,4859649442,1859649442,857170690,1825104520,11514974,"[11513918, 11514974, 11516030]"
115,5155,meta-llama/Llama-3.1-8B,520,4,3000000000,4859649442,1859649442,857170690,1825104520,11514974,"[11513918, 11514974, 11516030]"
115,5299,meta-llama/Llama-3.1-8B,520,4,3000000000,5859539446,2859539446,1859649442,2825696707,11280913,"[11280401, 11280913, 11281425]"
115,5443,meta-llama/Llama-3.1-8B,520,4,3000000000,5859539446,2859539446,1859649442,2825696707,11280913,"[11280401, 11280913, 11281425]"
115,5587,meta-llama/Llama-3.1-8B,520,4,3000000000,5859539446,2859539446,1859649442,2825696707,11280913,"[11280401, 11280913, 11281425]"
115,5731,meta-llama/Llama-3.1-8B,520,4,3000000000,5859539446,2859539446,1859649442,2825696707,11280913,"[11280401, 11280913, 11281425]"
116,116,meta-llama/Llama-3.1-8B,512,4,0,341384002,341384002,1,144399366,65661545,"[159065888, 26091091, 11827657]"
116,260,meta-llama/Llama-3.1-8B,512,4,0,341384002,341384002,1,144399366,65661545,"[159065888, 26091091, 11827657]"
116,404,meta-llama/Llama-3.1-8B,512,4,0,341384002,341384002,1,144399366,65661545,"[159065888, 26091091, 11827657]"
116,548,meta-llama/Llama-3.1-8B,512,4,0,341384002,341384002,1,144399366,65661545,"[159065888, 26091091, 11827657]"
116,692,meta-llama/Llama-3.1-8B,512,4,0,485671033,485671033,144399366,303465254,60735259,"[26091091, 11827657, 144287031]"
116,836,meta-llama/Llama-3.1-8B,512,4,0,485671033,485671033,144399366,303465254,60735259,"[26091091, 11827657, 144287031]"
116,980,meta-llama/Llama-3.1-8B,512,4,0,485671033,485671033,144399366,303465254,60735259,"[26091091, 11827657, 144287031]"
116,1124,meta-llama/Llama-3.1-8B,512,4,0,613916809,613916809,303465254,329556345,94786821,"[11827657, 144287031, 128245776]"
116,1268,meta-llama/Llama-3.1-8B,512,4,0,681696687,681696687,341384002,485671033,65341884,"[128245776, 51343024, 16436854]"
116,1412,meta-llama/Llama-3.1-8B,512,4,0,681696687,681696687,341384002,485671033,65341884,"[128245776, 51343024, 16436854]"
116,1556,meta-llama/Llama-3.1-8B,512,4,0,681696687,681696687,341384002,485671033,65341884,"[128245776, 51343024, 16436854]"
116,1700,meta-llama/Llama-3.1-8B,512,4,0,792885922,792885922,485671033,613916809,59656371,"[51343024, 16436854, 111189235]"
116,1844,meta-llama/Llama-3.1-8B,512,4,0,792885922,792885922,485671033,613916809,59656371,"[51343024, 16436854, 111189235]"
116,1988,meta-llama/Llama-3.1-8B,512,4,0,792885922,792885922,485671033,613916809,59656371,"[51343024, 16436854, 111189235]"
116,2132,meta-llama/Llama-3.1-8B,512,4,0,792885922,792885922,485671033,613916809,59656371,"[51343024, 16436854, 111189235]"
116,2276,meta-llama/Llama-3.1-8B,512,4,0,836692109,836692109,613916809,665259833,57144092,"[16436854, 111189235, 43806187]"
116,2420,meta-llama/Llama-3.1-8B,512,4,0,862903051,862903051,681696687,792885922,23339043,"[43806187, 14915617, 11295325]"
116,2564,meta-llama/Llama-3.1-8B,512,4,0,862903051,862903051,681696687,792885922,23339043,"[43806187, 14915617, 11295325]"
116,2708,meta-llama/Llama-3.1-8B,512,4,0,862903051,862903051,681696687,792885922,23339043,"[43806187, 14915617, 11295325]"
116,2852,meta-llama/Llama-3.1-8B,512,4,0,874188124,874188124,792885922,836692109,12498671,"[14915617, 11295325, 11285073]"
116,2996,meta-llama/Llama-3.1-8B,520,4,3000000000,3864132348,864132348,252018,829587426,11514974,"[11513918, 11514974, 11516030]"
116,3140,meta-llama/Llama-3.1-8B,520,4,3000000000,3864132348,864132348,252018,829587426,11514974,"[11513918, 11514974, 11516030]"
116,3284,meta-llama/Llama-3.1-8B,520,4,3000000000,3864132348,864132348,252018,829587426,11514974,"[11513918, 11514974, 11516030]"
116,3428,meta-llama/Llama-3.1-8B,520,4,3000000000,3864132348,864132348,252018,829587426,11514974,"[11513918, 11514974, 11516030]"
116,3572,meta-llama/Llama-3.1-8B,520,4,3000000000,3864132348,864132348,252018,829587426,11514974,"[11513918, 11514974, 11516030]"
116,3716,meta-llama/Llama-3.1-8B,520,4,3000000000,3864132348,864132348,252018,829587426,11514974,"[11513918, 11514974, 11516030]"
116,3860,meta-llama/Llama-3.1-8B,520,4,3000000000,3864132348,864132348,252018,829587426,11514974,"[11513918, 11514974, 11516030]"
116,4004,meta-llama/Llama-3.1-8B,520,4,3000000000,3864132348,864132348,252018,829587426,11514974,"[11513918, 11514974, 11516030]"
116,4148,meta-llama/Llama-3.1-8B,520,4,3000000000,4866611100,1866611100,864132348,1832066178,11514974,"[11513918, 11514974, 11516030]"
116,4292,meta-llama/Llama-3.1-8B,520,4,3000000000,4866611100,1866611100,864132348,1832066178,11514974,"[11513918, 11514974, 11516030]"
116,4436,meta-llama/Llama-3.1-8B,520,4,3000000000,4866611100,1866611100,864132348,1832066178,11514974,"[11513918, 11514974, 11516030]"
116,4580,meta-llama/Llama-3.1-8B,520,4,3000000000,4866611100,1866611100,864132348,1832066178,11514974,"[11513918, 11514974, 11516030]"
116,4724,meta-llama/Llama-3.1-8B,520,4,3000000000,4866611100,1866611100,864132348,1832066178,11514974,"[11513918, 11514974, 11516030]"
116,4868,meta-llama/Llama-3.1-8B,520,4,3000000000,4866611100,1866611100,864132348,1832066178,11514974,"[11513918, 11514974, 11516030]"
116,5012,meta-llama/Llama-3.1-8B,520,4,3000000000,4866611100,1866611100,864132348,1832066178,11514974,"[11513918, 11514974, 11516030]"
116,5156,meta-llama/Llama-3.1-8B,520,4,3000000000,4866611100,1866611100,864132348,1832066178,11514974,"[11513918, 11514974, 11516030]"
116,5300,meta-llama/Llama-3.1-8B,520,4,3000000000,5866501104,2866501104,1866611100,2832658365,11280913,"[11280401, 11280913, 11281425]"
116,5444,meta-llama/Llama-3.1-8B,520,4,3000000000,5866501104,2866501104,1866611100,2832658365,11280913,"[11280401, 11280913, 11281425]"
116,5588,meta-llama/Llama-3.1-8B,520,4,3000000000,5866501104,2866501104,1866611100,2832658365,11280913,"[11280401, 11280913, 11281425]"
116,5732,meta-llama/Llama-3.1-8B,520,4,3000000000,5866501104,2866501104,1866611100,2832658365,11280913,"[11280401, 11280913, 11281425]"
117,117,meta-llama/Llama-3.1-8B,512,4,0,341386174,341386174,1,144924822,65487117,"[159065888, 25568576, 11826888]"
117,261,meta-llama/Llama-3.1-8B,512,4,0,341386174,341386174,1,144924822,65487117,"[159065888, 25568576, 11826888]"
117,405,meta-llama/Llama-3.1-8B,512,4,0,341386174,341386174,1,144924822,65487117,"[159065888, 25568576, 11826888]"
117,549,meta-llama/Llama-3.1-8B,512,4,0,341386174,341386174,1,144924822,65487117,"[159065888, 25568576, 11826888]"
117,693,meta-llama/Llama-3.1-8B,512,4,0,486196489,486196489,144924822,303990710,60735259,"[25568576, 11826888, 144810315]"
117,837,meta-llama/Llama-3.1-8B,512,4,0,486196489,486196489,144924822,303990710,60735259,"[25568576, 11826888, 144810315]"
117,981,meta-llama/Llama-3.1-8B,512,4,0,486196489,486196489,144924822,303990710,60735259,"[25568576, 11826888, 144810315]"
117,1125,meta-llama/Llama-3.1-8B,512,4,0,614312983,614312983,303990710,329559286,94917899,"[11826888, 144810315, 128116494]"
117,1269,meta-llama/Llama-3.1-8B,512,4,0,681698859,681698859,341386174,486196489,65167456,"[128116494, 51080099, 16305777]"
117,1413,meta-llama/Llama-3.1-8B,512,4,0,681698859,681698859,341386174,486196489,65167456,"[128116494, 51080099, 16305777]"
117,1557,meta-llama/Llama-3.1-8B,512,4,0,681698859,681698859,341386174,486196489,65167456,"[128116494, 51080099, 16305777]"
117,1701,meta-llama/Llama-3.1-8B,512,4,0,793281326,793281326,486196489,614312983,59656114,"[51080099, 16305777, 111582467]"
117,1845,meta-llama/Llama-3.1-8B,512,4,0,793281326,793281326,486196489,614312983,59656114,"[51080099, 16305777, 111582467]"
117,1989,meta-llama/Llama-3.1-8B,512,4,0,793281326,793281326,486196489,614312983,59656114,"[51080099, 16305777, 111582467]"
117,2133,meta-llama/Llama-3.1-8B,512,4,0,793281326,793281326,486196489,614312983,59656114,"[51080099, 16305777, 111582467]"
117,2277,meta-llama/Llama-3.1-8B,512,4,0,836824589,836824589,614312983,665393082,57143835,"[16305777, 111582467, 43543263]"
117,2421,meta-llama/Llama-3.1-8B,512,4,0,862911927,862911927,681698859,793281326,23210200,"[43543263, 14784283, 11303055]"
117,2565,meta-llama/Llama-3.1-8B,512,4,0,862911927,862911927,681698859,793281326,23210200,"[43543263, 14784283, 11303055]"
117,2709,meta-llama/Llama-3.1-8B,512,4,0,862911927,862911927,681698859,793281326,23210200,"[43543263, 14784283, 11303055]"
117,2853,meta-llama/Llama-3.1-8B,512,4,0,874197000,874197000,793281326,836824589,12457470,"[14784283, 11303055, 11285073]"
117,2997,meta-llama/Llama-3.1-8B,520,4,3000000000,3871094006,871094006,252018,836549084,11514974,"[11513918, 11514974, 11516030]"
117,3141,meta-llama/Llama-3.1-8B,520,4,3000000000,3871094006,871094006,252018,836549084,11514974,"[11513918, 11514974, 11516030]"
117,3285,meta-llama/Llama-3.1-8B,520,4,3000000000,3871094006,871094006,252018,836549084,11514974,"[11513918, 11514974, 11516030]"
117,3429,meta-llama/Llama-3.1-8B,520,4,3000000000,3871094006,871094006,252018,836549084,11514974,"[11513918, 11514974, 11516030]"
117,3573,meta-llama/Llama-3.1-8B,520,4,3000000000,3871094006,871094006,252018,836549084,11514974,"[11513918, 11514974, 11516030]"
117,3717,meta-llama/Llama-3.1-8B,520,4,3000000000,3871094006,871094006,252018,836549084,11514974,"[11513918, 11514974, 11516030]"
117,3861,meta-llama/Llama-3.1-8B,520,4,3000000000,3871094006,871094006,252018,836549084,11514974,"[11513918, 11514974, 11516030]"
117,4005,meta-llama/Llama-3.1-8B,520,4,3000000000,3871094006,871094006,252018,836549084,11514974,"[11513918, 11514974, 11516030]"
117,4149,meta-llama/Llama-3.1-8B,520,4,3000000000,4873572758,1873572758,871094006,1839027836,11514974,"[11513918, 11514974, 11516030]"
117,4293,meta-llama/Llama-3.1-8B,520,4,3000000000,4873572758,1873572758,871094006,1839027836,11514974,"[11513918, 11514974, 11516030]"
117,4437,meta-llama/Llama-3.1-8B,520,4,3000000000,4873572758,1873572758,871094006,1839027836,11514974,"[11513918, 11514974, 11516030]"
117,4581,meta-llama/Llama-3.1-8B,520,4,3000000000,4873572758,1873572758,871094006,1839027836,11514974,"[11513918, 11514974, 11516030]"
117,4725,meta-llama/Llama-3.1-8B,520,4,3000000000,4873572758,1873572758,871094006,1839027836,11514974,"[11513918, 11514974, 11516030]"
117,4869,meta-llama/Llama-3.1-8B,520,4,3000000000,4873572758,1873572758,871094006,1839027836,11514974,"[11513918, 11514974, 11516030]"
117,5013,meta-llama/Llama-3.1-8B,520,4,3000000000,4873572758,1873572758,871094006,1839027836,11514974,"[11513918, 11514974, 11516030]"
117,5157,meta-llama/Llama-3.1-8B,520,4,3000000000,4873572758,1873572758,871094006,1839027836,11514974,"[11513918, 11514974, 11516030]"
117,5301,meta-llama/Llama-3.1-8B,520,4,3000000000,5873462762,2873462762,1873572758,2839620023,11280913,"[11280401, 11280913, 11281425]"
117,5445,meta-llama/Llama-3.1-8B,520,4,3000000000,5873462762,2873462762,1873572758,2839620023,11280913,"[11280401, 11280913, 11281425]"
117,5589,meta-llama/Llama-3.1-8B,520,4,3000000000,5873462762,2873462762,1873572758,2839620023,11280913,"[11280401, 11280913, 11281425]"
117,5733,meta-llama/Llama-3.1-8B,520,4,3000000000,5873462762,2873462762,1873572758,2839620023,11280913,"[11280401, 11280913, 11281425]"
118,118,meta-llama/Llama-3.1-8B,512,4,0,341388346,341388346,1,145450278,65312689,"[159065888, 25046061, 11826119]"
118,262,meta-llama/Llama-3.1-8B,512,4,0,341388346,341388346,1,145450278,65312689,"[159065888, 25046061, 11826119]"
118,406,meta-llama/Llama-3.1-8B,512,4,0,341388346,341388346,1,145450278,65312689,"[159065888, 25046061, 11826119]"
118,550,meta-llama/Llama-3.1-8B,512,4,0,341388346,341388346,1,145450278,65312689,"[159065888, 25046061, 11826119]"
118,694,meta-llama/Llama-3.1-8B,512,4,0,486721945,486721945,145450278,304516166,60735259,"[25046061, 11826119, 145333599]"
118,838,meta-llama/Llama-3.1-8B,512,4,0,486721945,486721945,145450278,304516166,60735259,"[25046061, 11826119, 145333599]"
118,982,meta-llama/Llama-3.1-8B,512,4,0,486721945,486721945,145450278,304516166,60735259,"[25046061, 11826119, 145333599]"
118,1126,meta-llama/Llama-3.1-8B,512,4,0,614709157,614709157,304516166,329562227,95048976,"[11826119, 145333599, 127987212]"
118,1270,meta-llama/Llama-3.1-8B,512,4,0,681701031,681701031,341388346,486721945,64993028,"[127987212, 50817174, 16174700]"
118,1414,meta-llama/Llama-3.1-8B,512,4,0,681701031,681701031,341388346,486721945,64993028,"[127987212, 50817174, 16174700]"
118,1558,meta-llama/Llama-3.1-8B,512,4,0,681701031,681701031,341388346,486721945,64993028,"[127987212, 50817174, 16174700]"
118,1702,meta-llama/Llama-3.1-8B,512,4,0,793704767,793704767,486721945,614709157,59665203,"[50817174, 16174700, 112003736]"
118,1846,meta-llama/Llama-3.1-8B,512,4,0,793704767,793704767,486721945,614709157,59665203,"[50817174, 16174700, 112003736]"
118,1990,meta-llama/Llama-3.1-8B,512,4,0,793704767,793704767,486721945,614709157,59665203,"[50817174, 16174700, 112003736]"
118,2134,meta-llama/Llama-3.1-8B,512,4,0,793704767,793704767,486721945,614709157,59665203,"[50817174, 16174700, 112003736]"
118,2278,meta-llama/Llama-3.1-8B,512,4,0,836957069,836957069,614709157,665526331,57143579,"[16174700, 112003736, 43252302]"
118,2422,meta-llama/Llama-3.1-8B,512,4,0,862913945,862913945,681701031,793704767,23069726,"[43252302, 14652949, 11303927]"
118,2566,meta-llama/Llama-3.1-8B,512,4,0,862913945,862913945,681701031,793704767,23069726,"[43252302, 14652949, 11303927]"
118,2710,meta-llama/Llama-3.1-8B,512,4,0,862913945,862913945,681701031,793704767,23069726,"[43252302, 14652949, 11303927]"
118,2854,meta-llama/Llama-3.1-8B,512,4,0,874199018,874199018,793704767,836957069,12413983,"[14652949, 11303927, 11285073]"
118,2998,meta-llama/Llama-3.1-8B,520,4,3000000000,3878055664,878055664,252018,843510742,11514974,"[11513918, 11514974, 11516030]"
118,3142,meta-llama/Llama-3.1-8B,520,4,3000000000,3878055664,878055664,252018,843510742,11514974,"[11513918, 11514974, 11516030]"
118,3286,meta-llama/Llama-3.1-8B,520,4,3000000000,3878055664,878055664,252018,843510742,11514974,"[11513918, 11514974, 11516030]"
118,3430,meta-llama/Llama-3.1-8B,520,4,3000000000,3878055664,878055664,252018,843510742,11514974,"[11513918, 11514974, 11516030]"
118,3574,meta-llama/Llama-3.1-8B,520,4,3000000000,3878055664,878055664,252018,843510742,11514974,"[11513918, 11514974, 11516030]"
118,3718,meta-llama/Llama-3.1-8B,520,4,3000000000,3878055664,878055664,252018,843510742,11514974,"[11513918, 11514974, 11516030]"
118,3862,meta-llama/Llama-3.1-8B,520,4,3000000000,3878055664,878055664,252018,843510742,11514974,"[11513918, 11514974, 11516030]"
118,4006,meta-llama/Llama-3.1-8B,520,4,3000000000,3878055664,878055664,252018,843510742,11514974,"[11513918, 11514974, 11516030]"
118,4150,meta-llama/Llama-3.1-8B,520,4,3000000000,4880534416,1880534416,878055664,1845989494,11514974,"[11513918, 11514974, 11516030]"
118,4294,meta-llama/Llama-3.1-8B,520,4,3000000000,4880534416,1880534416,878055664,1845989494,11514974,"[11513918, 11514974, 11516030]"
118,4438,meta-llama/Llama-3.1-8B,520,4,3000000000,4880534416,1880534416,878055664,1845989494,11514974,"[11513918, 11514974, 11516030]"
118,4582,meta-llama/Llama-3.1-8B,520,4,3000000000,4880534416,1880534416,878055664,1845989494,11514974,"[11513918, 11514974, 11516030]"
118,4726,meta-llama/Llama-3.1-8B,520,4,3000000000,4880534416,1880534416,878055664,1845989494,11514974,"[11513918, 11514974, 11516030]"
118,4870,meta-llama/Llama-3.1-8B,520,4,3000000000,4880534416,1880534416,878055664,1845989494,11514974,"[11513918, 11514974, 11516030]"
118,5014,meta-llama/Llama-3.1-8B,520,4,3000000000,4880534416,1880534416,878055664,1845989494,11514974,"[11513918, 11514974, 11516030]"
118,5158,meta-llama/Llama-3.1-8B,520,4,3000000000,4880534416,1880534416,878055664,1845989494,11514974,"[11513918, 11514974, 11516030]"
118,5302,meta-llama/Llama-3.1-8B,520,4,3000000000,5880424420,2880424420,1880534416,2846581681,11280913,"[11280401, 11280913, 11281425]"
118,5446,meta-llama/Llama-3.1-8B,520,4,3000000000,5880424420,2880424420,1880534416,2846581681,11280913,"[11280401, 11280913, 11281425]"
118,5590,meta-llama/Llama-3.1-8B,520,4,3000000000,5880424420,2880424420,1880534416,2846581681,11280913,"[11280401, 11280913, 11281425]"
118,5734,meta-llama/Llama-3.1-8B,520,4,3000000000,5880424420,2880424420,1880534416,2846581681,11280913,"[11280401, 11280913, 11281425]"
119,119,meta-llama/Llama-3.1-8B,512,4,0,341390518,341390518,1,145975734,65138261,"[159065888, 24523546, 11825350]"
119,263,meta-llama/Llama-3.1-8B,512,4,0,341390518,341390518,1,145975734,65138261,"[159065888, 24523546, 11825350]"
119,407,meta-llama/Llama-3.1-8B,512,4,0,341390518,341390518,1,145975734,65138261,"[159065888, 24523546, 11825350]"
119,551,meta-llama/Llama-3.1-8B,512,4,0,341390518,341390518,1,145975734,65138261,"[159065888, 24523546, 11825350]"
119,695,meta-llama/Llama-3.1-8B,512,4,0,487247401,487247401,145975734,305041622,60735259,"[24523546, 11825350, 145856883]"
119,839,meta-llama/Llama-3.1-8B,512,4,0,487247401,487247401,145975734,305041622,60735259,"[24523546, 11825350, 145856883]"
119,983,meta-llama/Llama-3.1-8B,512,4,0,487247401,487247401,145975734,305041622,60735259,"[24523546, 11825350, 145856883]"
119,1127,meta-llama/Llama-3.1-8B,512,4,0,615105331,615105331,305041622,329565168,95180054,"[11825350, 145856883, 127857930]"
119,1271,meta-llama/Llama-3.1-8B,512,4,0,681703203,681703203,341390518,487247401,64818600,"[127857930, 50554249, 16043623]"
119,1415,meta-llama/Llama-3.1-8B,512,4,0,681703203,681703203,341390518,487247401,64818600,"[127857930, 50554249, 16043623]"
119,1559,meta-llama/Llama-3.1-8B,512,4,0,681703203,681703203,341390518,487247401,64818600,"[127857930, 50554249, 16043623]"
119,1703,meta-llama/Llama-3.1-8B,512,4,0,794100171,794100171,487247401,615105331,59664946,"[50554249, 16043623, 112396968]"
119,1847,meta-llama/Llama-3.1-8B,512,4,0,794100171,794100171,487247401,615105331,59664946,"[50554249, 16043623, 112396968]"
119,1991,meta-llama/Llama-3.1-8B,512,4,0,794100171,794100171,487247401,615105331,59664946,"[50554249, 16043623, 112396968]"
119,2135,meta-llama/Llama-3.1-8B,512,4,0,794100171,794100171,487247401,615105331,59664946,"[50554249, 16043623, 112396968]"
119,2279,meta-llama/Llama-3.1-8B,512,4,0,837093107,837093107,615105331,665659580,57144509,"[16043623, 112396968, 42992936]"
119,2423,meta-llama/Llama-3.1-8B,512,4,0,862919741,862919741,681703203,794100171,22939856,"[42992936, 14518057, 11308577]"
119,2567,meta-llama/Llama-3.1-8B,512,4,0,862919741,862919741,681703203,794100171,22939856,"[42992936, 14518057, 11308577]"
119,2711,meta-llama/Llama-3.1-8B,512,4,0,862919741,862919741,681703203,794100171,22939856,"[42992936, 14518057, 11308577]"
119,2855,meta-llama/Llama-3.1-8B,512,4,0,874204814,874204814,794100171,837093107,12370569,"[14518057, 11308577, 11285073]"
119,2999,meta-llama/Llama-3.1-8B,520,4,3000000000,3885017322,885017322,252018,850472400,11514974,"[11513918, 11514974, 11516030]"
119,3143,meta-llama/Llama-3.1-8B,520,4,3000000000,3885017322,885017322,252018,850472400,11514974,"[11513918, 11514974, 11516030]"
119,3287,meta-llama/Llama-3.1-8B,520,4,3000000000,3885017322,885017322,252018,850472400,11514974,"[11513918, 11514974, 11516030]"
119,3431,meta-llama/Llama-3.1-8B,520,4,3000000000,3885017322,885017322,252018,850472400,11514974,"[11513918, 11514974, 11516030]"
119,3575,meta-llama/Llama-3.1-8B,520,4,3000000000,3885017322,885017322,252018,850472400,11514974,"[11513918, 11514974, 11516030]"
119,3719,meta-llama/Llama-3.1-8B,520,4,3000000000,3885017322,885017322,252018,850472400,11514974,"[11513918, 11514974, 11516030]"
119,3863,meta-llama/Llama-3.1-8B,520,4,3000000000,3885017322,885017322,252018,850472400,11514974,"[11513918, 11514974, 11516030]"
119,4007,meta-llama/Llama-3.1-8B,520,4,3000000000,3885017322,885017322,252018,850472400,11514974,"[11513918, 11514974, 11516030]"
119,4151,meta-llama/Llama-3.1-8B,520,4,3000000000,4887496074,1887496074,885017322,1852951152,11514974,"[11513918, 11514974, 11516030]"
119,4295,meta-llama/Llama-3.1-8B,520,4,3000000000,4887496074,1887496074,885017322,1852951152,11514974,"[11513918, 11514974, 11516030]"
119,4439,meta-llama/Llama-3.1-8B,520,4,3000000000,4887496074,1887496074,885017322,1852951152,11514974,"[11513918, 11514974, 11516030]"
119,4583,meta-llama/Llama-3.1-8B,520,4,3000000000,4887496074,1887496074,885017322,1852951152,11514974,"[11513918, 11514974, 11516030]"
119,4727,meta-llama/Llama-3.1-8B,520,4,3000000000,4887496074,1887496074,885017322,1852951152,11514974,"[11513918, 11514974, 11516030]"
119,4871,meta-llama/Llama-3.1-8B,520,4,3000000000,4887496074,1887496074,885017322,1852951152,11514974,"[11513918, 11514974, 11516030]"
119,5015,meta-llama/Llama-3.1-8B,520,4,3000000000,4887496074,1887496074,885017322,1852951152,11514974,"[11513918, 11514974, 11516030]"
119,5159,meta-llama/Llama-3.1-8B,520,4,3000000000,4887496074,1887496074,885017322,1852951152,11514974,"[11513918, 11514974, 11516030]"
119,5303,meta-llama/Llama-3.1-8B,520,4,3000000000,5887386078,2887386078,1887496074,2853543339,11280913,"[11280401, 11280913, 11281425]"
119,5447,meta-llama/Llama-3.1-8B,520,4,3000000000,5887386078,2887386078,1887496074,2853543339,11280913,"[11280401, 11280913, 11281425]"
119,5591,meta-llama/Llama-3.1-8B,520,4,3000000000,5887386078,2887386078,1887496074,2853543339,11280913,"[11280401, 11280913, 11281425]"
119,5735,meta-llama/Llama-3.1-8B,520,4,3000000000,5887386078,2887386078,1887496074,2853543339,11280913,"[11280401, 11280913, 11281425]"
120,120,meta-llama/Llama-3.1-8B,512,4,0,341392690,341392690,1,146501190,64963833,"[159065888, 24001031, 11824581]"
120,264,meta-llama/Llama-3.1-8B,512,4,0,341392690,341392690,1,146501190,64963833,"[159065888, 24001031, 11824581]"
120,408,meta-llama/Llama-3.1-8B,512,4,0,341392690,341392690,1,146501190,64963833,"[159065888, 24001031, 11824581]"
120,552,meta-llama/Llama-3.1-8B,512,4,0,341392690,341392690,1,146501190,64963833,"[159065888, 24001031, 11824581]"
120,696,meta-llama/Llama-3.1-8B,512,4,0,487772857,487772857,146501190,305567078,60735259,"[24001031, 11824581, 146380167]"
120,840,meta-llama/Llama-3.1-8B,512,4,0,487772857,487772857,146501190,305567078,60735259,"[24001031, 11824581, 146380167]"
120,984,meta-llama/Llama-3.1-8B,512,4,0,487772857,487772857,146501190,305567078,60735259,"[24001031, 11824581, 146380167]"
120,1128,meta-llama/Llama-3.1-8B,512,4,0,615501505,615501505,305567078,329568109,95311132,"[11824581, 146380167, 127728648]"
120,1272,meta-llama/Llama-3.1-8B,512,4,0,681705375,681705375,341392690,487772857,64644172,"[127728648, 50291324, 15912546]"
120,1416,meta-llama/Llama-3.1-8B,512,4,0,681705375,681705375,341392690,487772857,64644172,"[127728648, 50291324, 15912546]"
120,1560,meta-llama/Llama-3.1-8B,512,4,0,681705375,681705375,341392690,487772857,64644172,"[127728648, 50291324, 15912546]"
120,1704,meta-llama/Llama-3.1-8B,512,4,0,794495575,794495575,487772857,615501505,59664690,"[50291324, 15912546, 112790200]"
120,1848,meta-llama/Llama-3.1-8B,512,4,0,794495575,794495575,487772857,615501505,59664690,"[50291324, 15912546, 112790200]"
120,1992,meta-llama/Llama-3.1-8B,512,4,0,794495575,794495575,487772857,615501505,59664690,"[50291324, 15912546, 112790200]"
120,2136,meta-llama/Llama-3.1-8B,512,4,0,794495575,794495575,487772857,615501505,59664690,"[50291324, 15912546, 112790200]"
120,2280,meta-llama/Llama-3.1-8B,512,4,0,837225707,837225707,615501505,665792829,57144292,"[15912546, 112790200, 42730132]"
120,2424,meta-llama/Llama-3.1-8B,512,4,0,862926737,862926737,681705375,794495575,22810387,"[42730132, 14386603, 11314427]"
120,2568,meta-llama/Llama-3.1-8B,512,4,0,862926737,862926737,681705375,794495575,22810387,"[42730132, 14386603, 11314427]"
120,2712,meta-llama/Llama-3.1-8B,512,4,0,862926737,862926737,681705375,794495575,22810387,"[42730132, 14386603, 11314427]"
120,2856,meta-llama/Llama-3.1-8B,512,4,0,874211810,874211810,794495575,837225707,12328701,"[14386603, 11314427, 11285073]"
120,3000,meta-llama/Llama-3.1-8B,520,4,3000000000,3891978980,891978980,252018,857434058,11514974,"[11513918, 11514974, 11516030]"
120,3144,meta-llama/Llama-3.1-8B,520,4,3000000000,3891978980,891978980,252018,857434058,11514974,"[11513918, 11514974, 11516030]"
120,3288,meta-llama/Llama-3.1-8B,520,4,3000000000,3891978980,891978980,252018,857434058,11514974,"[11513918, 11514974, 11516030]"
120,3432,meta-llama/Llama-3.1-8B,520,4,3000000000,3891978980,891978980,252018,857434058,11514974,"[11513918, 11514974, 11516030]"
120,3576,meta-llama/Llama-3.1-8B,520,4,3000000000,3891978980,891978980,252018,857434058,11514974,"[11513918, 11514974, 11516030]"
120,3720,meta-llama/Llama-3.1-8B,520,4,3000000000,3891978980,891978980,252018,857434058,11514974,"[11513918, 11514974, 11516030]"
120,3864,meta-llama/Llama-3.1-8B,520,4,3000000000,3891978980,891978980,252018,857434058,11514974,"[11513918, 11514974, 11516030]"
120,4008,meta-llama/Llama-3.1-8B,520,4,3000000000,3891978980,891978980,252018,857434058,11514974,"[11513918, 11514974, 11516030]"
120,4152,meta-llama/Llama-3.1-8B,520,4,3000000000,4894457732,1894457732,891978980,1859912810,11514974,"[11513918, 11514974, 11516030]"
120,4296,meta-llama/Llama-3.1-8B,520,4,3000000000,4894457732,1894457732,891978980,1859912810,11514974,"[11513918, 11514974, 11516030]"
120,4440,meta-llama/Llama-3.1-8B,520,4,3000000000,4894457732,1894457732,891978980,1859912810,11514974,"[11513918, 11514974, 11516030]"
120,4584,meta-llama/Llama-3.1-8B,520,4,3000000000,4894457732,1894457732,891978980,1859912810,11514974,"[11513918, 11514974, 11516030]"
120,4728,meta-llama/Llama-3.1-8B,520,4,3000000000,4894457732,1894457732,891978980,1859912810,11514974,"[11513918, 11514974, 11516030]"
120,4872,meta-llama/Llama-3.1-8B,520,4,3000000000,4894457732,1894457732,891978980,1859912810,11514974,"[11513918, 11514974, 11516030]"
120,5016,meta-llama/Llama-3.1-8B,520,4,3000000000,4894457732,1894457732,891978980,1859912810,11514974,"[11513918, 11514974, 11516030]"
120,5160,meta-llama/Llama-3.1-8B,520,4,3000000000,4894457732,1894457732,891978980,1859912810,11514974,"[11513918, 11514974, 11516030]"
120,5304,meta-llama/Llama-3.1-8B,520,4,3000000000,5894347736,2894347736,1894457732,2860504997,11280913,"[11280401, 11280913, 11281425]"
120,5448,meta-llama/Llama-3.1-8B,520,4,3000000000,5894347736,2894347736,1894457732,2860504997,11280913,"[11280401, 11280913, 11281425]"
120,5592,meta-llama/Llama-3.1-8B,520,4,3000000000,5894347736,2894347736,1894457732,2860504997,11280913,"[11280401, 11280913, 11281425]"
120,5736,meta-llama/Llama-3.1-8B,520,4,3000000000,5894347736,2894347736,1894457732,2860504997,11280913,"[11280401, 11280913, 11281425]"
121,121,meta-llama/Llama-3.1-8B,512,4,0,341394862,341394862,1,147026646,64789405,"[159065888, 23478516, 11823812]"
121,265,meta-llama/Llama-3.1-8B,512,4,0,341394862,341394862,1,147026646,64789405,"[159065888, 23478516, 11823812]"
121,409,meta-llama/Llama-3.1-8B,512,4,0,341394862,341394862,1,147026646,64789405,"[159065888, 23478516, 11823812]"
121,553,meta-llama/Llama-3.1-8B,512,4,0,341394862,341394862,1,147026646,64789405,"[159065888, 23478516, 11823812]"
121,697,meta-llama/Llama-3.1-8B,512,4,0,488298313,488298313,147026646,306092534,60735259,"[23478516, 11823812, 146903451]"
121,841,meta-llama/Llama-3.1-8B,512,4,0,488298313,488298313,147026646,306092534,60735259,"[23478516, 11823812, 146903451]"
121,985,meta-llama/Llama-3.1-8B,512,4,0,488298313,488298313,147026646,306092534,60735259,"[23478516, 11823812, 146903451]"
121,1129,meta-llama/Llama-3.1-8B,512,4,0,615897679,615897679,306092534,329571050,95442209,"[11823812, 146903451, 127599366]"
121,1273,meta-llama/Llama-3.1-8B,512,4,0,681707547,681707547,341394862,488298313,64469744,"[127599366, 50028399, 15781469]"
121,1417,meta-llama/Llama-3.1-8B,512,4,0,681707547,681707547,341394862,488298313,64469744,"[127599366, 50028399, 15781469]"
121,1561,meta-llama/Llama-3.1-8B,512,4,0,681707547,681707547,341394862,488298313,64469744,"[127599366, 50028399, 15781469]"
121,1705,meta-llama/Llama-3.1-8B,512,4,0,794919016,794919016,488298313,615897679,59673779,"[50028399, 15781469, 113211469]"
121,1849,meta-llama/Llama-3.1-8B,512,4,0,794919016,794919016,488298313,615897679,59673779,"[50028399, 15781469, 113211469]"
121,1993,meta-llama/Llama-3.1-8B,512,4,0,794919016,794919016,488298313,615897679,59673779,"[50028399, 15781469, 113211469]"
121,2137,meta-llama/Llama-3.1-8B,512,4,0,794919016,794919016,488298313,615897679,59673779,"[50028399, 15781469, 113211469]"
121,2281,meta-llama/Llama-3.1-8B,512,4,0,837365183,837365183,615897679,665926078,57146368,"[15781469, 113211469, 42446167]"
121,2425,meta-llama/Llama-3.1-8B,512,4,0,862932551,862932551,681707547,794919016,22671178,"[42446167, 14248393, 11318975]"
121,2569,meta-llama/Llama-3.1-8B,512,4,0,862932551,862932551,681707547,794919016,22671178,"[42446167, 14248393, 11318975]"
121,2713,meta-llama/Llama-3.1-8B,512,4,0,862932551,862932551,681707547,794919016,22671178,"[42446167, 14248393, 11318975]"
121,2857,meta-llama/Llama-3.1-8B,512,4,0,874217624,874217624,794919016,837365183,12284147,"[14248393, 11318975, 11285073]"
121,3001,meta-llama/Llama-3.1-8B,520,4,3000000000,3898940638,898940638,252018,864395716,11514974,"[11513918, 11514974, 11516030]"
121,3145,meta-llama/Llama-3.1-8B,520,4,3000000000,3898940638,898940638,252018,864395716,11514974,"[11513918, 11514974, 11516030]"
121,3289,meta-llama/Llama-3.1-8B,520,4,3000000000,3898940638,898940638,252018,864395716,11514974,"[11513918, 11514974, 11516030]"
121,3433,meta-llama/Llama-3.1-8B,520,4,3000000000,3898940638,898940638,252018,864395716,11514974,"[11513918, 11514974, 11516030]"
121,3577,meta-llama/Llama-3.1-8B,520,4,3000000000,3898940638,898940638,252018,864395716,11514974,"[11513918, 11514974, 11516030]"
121,3721,meta-llama/Llama-3.1-8B,520,4,3000000000,3898940638,898940638,252018,864395716,11514974,"[11513918, 11514974, 11516030]"
121,3865,meta-llama/Llama-3.1-8B,520,4,3000000000,3898940638,898940638,252018,864395716,11514974,"[11513918, 11514974, 11516030]"
121,4009,meta-llama/Llama-3.1-8B,520,4,3000000000,3898940638,898940638,252018,864395716,11514974,"[11513918, 11514974, 11516030]"
121,4153,meta-llama/Llama-3.1-8B,520,4,3000000000,4901419390,1901419390,898940638,1866874468,11514974,"[11513918, 11514974, 11516030]"
121,4297,meta-llama/Llama-3.1-8B,520,4,3000000000,4901419390,1901419390,898940638,1866874468,11514974,"[11513918, 11514974, 11516030]"
121,4441,meta-llama/Llama-3.1-8B,520,4,3000000000,4901419390,1901419390,898940638,1866874468,11514974,"[11513918, 11514974, 11516030]"
121,4585,meta-llama/Llama-3.1-8B,520,4,3000000000,4901419390,1901419390,898940638,1866874468,11514974,"[11513918, 11514974, 11516030]"
121,4729,meta-llama/Llama-3.1-8B,520,4,3000000000,4901419390,1901419390,898940638,1866874468,11514974,"[11513918, 11514974, 11516030]"
121,4873,meta-llama/Llama-3.1-8B,520,4,3000000000,4901419390,1901419390,898940638,1866874468,11514974,"[11513918, 11514974, 11516030]"
121,5017,meta-llama/Llama-3.1-8B,520,4,3000000000,4901419390,1901419390,898940638,1866874468,11514974,"[11513918, 11514974, 11516030]"
121,5161,meta-llama/Llama-3.1-8B,520,4,3000000000,4901419390,1901419390,898940638,1866874468,11514974,"[11513918, 11514974, 11516030]"
121,5305,meta-llama/Llama-3.1-8B,520,4,3000000000,5901309394,2901309394,1901419390,2867466655,11280913,"[11280401, 11280913, 11281425]"
121,5449,meta-llama/Llama-3.1-8B,520,4,3000000000,5901309394,2901309394,1901419390,2867466655,11280913,"[11280401, 11280913, 11281425]"
121,5593,meta-llama/Llama-3.1-8B,520,4,3000000000,5901309394,2901309394,1901419390,2867466655,11280913,"[11280401, 11280913, 11281425]"
121,5737,meta-llama/Llama-3.1-8B,520,4,3000000000,5901309394,2901309394,1901419390,2867466655,11280913,"[11280401, 11280913, 11281425]"
122,122,meta-llama/Llama-3.1-8B,512,4,0,341397034,341397034,1,147552102,64614977,"[159065888, 22956001, 11823043]"
122,266,meta-llama/Llama-3.1-8B,512,4,0,341397034,341397034,1,147552102,64614977,"[159065888, 22956001, 11823043]"
122,410,meta-llama/Llama-3.1-8B,512,4,0,341397034,341397034,1,147552102,64614977,"[159065888, 22956001, 11823043]"
122,554,meta-llama/Llama-3.1-8B,512,4,0,341397034,341397034,1,147552102,64614977,"[159065888, 22956001, 11823043]"
122,698,meta-llama/Llama-3.1-8B,512,4,0,488823769,488823769,147552102,306617990,60735259,"[22956001, 11823043, 147426735]"
122,842,meta-llama/Llama-3.1-8B,512,4,0,488823769,488823769,147552102,306617990,60735259,"[22956001, 11823043, 147426735]"
122,986,meta-llama/Llama-3.1-8B,512,4,0,488823769,488823769,147552102,306617990,60735259,"[22956001, 11823043, 147426735]"
122,1130,meta-llama/Llama-3.1-8B,512,4,0,616293853,616293853,306617990,329573991,95573287,"[11823043, 147426735, 127470084]"
122,1274,meta-llama/Llama-3.1-8B,512,4,0,681709719,681709719,341397034,488823769,64295316,"[127470084, 49765474, 15650392]"
122,1418,meta-llama/Llama-3.1-8B,512,4,0,681709719,681709719,341397034,488823769,64295316,"[127470084, 49765474, 15650392]"
122,1562,meta-llama/Llama-3.1-8B,512,4,0,681709719,681709719,341397034,488823769,64295316,"[127470084, 49765474, 15650392]"
122,1706,meta-llama/Llama-3.1-8B,512,4,0,795314420,795314420,488823769,616293853,59673522,"[49765474, 15650392, 113604701]"
122,1850,meta-llama/Llama-3.1-8B,512,4,0,795314420,795314420,488823769,616293853,59673522,"[49765474, 15650392, 113604701]"
122,1994,meta-llama/Llama-3.1-8B,512,4,0,795314420,795314420,488823769,616293853,59673522,"[49765474, 15650392, 113604701]"
122,2138,meta-llama/Llama-3.1-8B,512,4,0,795314420,795314420,488823769,616293853,59673522,"[49765474, 15650392, 113604701]"
122,2282,meta-llama/Llama-3.1-8B,512,4,0,837497663,837497663,616293853,666059327,57146112,"[15650392, 113604701, 42183243]"
122,2426,meta-llama/Llama-3.1-8B,512,4,0,862935321,862935321,681709719,795314420,22540300,"[42183243, 14117179, 11320479]"
122,2570,meta-llama/Llama-3.1-8B,512,4,0,862935321,862935321,681709719,795314420,22540300,"[42183243, 14117179, 11320479]"
122,2714,meta-llama/Llama-3.1-8B,512,4,0,862935321,862935321,681709719,795314420,22540300,"[42183243, 14117179, 11320479]"
122,2858,meta-llama/Llama-3.1-8B,512,4,0,874220394,874220394,795314420,837497663,12240910,"[14117179, 11320479, 11285073]"
122,3002,meta-llama/Llama-3.1-8B,520,4,3000000000,3905902296,905902296,252018,871357374,11514974,"[11513918, 11514974, 11516030]"
122,3146,meta-llama/Llama-3.1-8B,520,4,3000000000,3905902296,905902296,252018,871357374,11514974,"[11513918, 11514974, 11516030]"
122,3290,meta-llama/Llama-3.1-8B,520,4,3000000000,3905902296,905902296,252018,871357374,11514974,"[11513918, 11514974, 11516030]"
122,3434,meta-llama/Llama-3.1-8B,520,4,3000000000,3905902296,905902296,252018,871357374,11514974,"[11513918, 11514974, 11516030]"
122,3578,meta-llama/Llama-3.1-8B,520,4,3000000000,3905902296,905902296,252018,871357374,11514974,"[11513918, 11514974, 11516030]"
122,3722,meta-llama/Llama-3.1-8B,520,4,3000000000,3905902296,905902296,252018,871357374,11514974,"[11513918, 11514974, 11516030]"
122,3866,meta-llama/Llama-3.1-8B,520,4,3000000000,3905902296,905902296,252018,871357374,11514974,"[11513918, 11514974, 11516030]"
122,4010,meta-llama/Llama-3.1-8B,520,4,3000000000,3905902296,905902296,252018,871357374,11514974,"[11513918, 11514974, 11516030]"
122,4154,meta-llama/Llama-3.1-8B,520,4,3000000000,4908381048,1908381048,905902296,1873836126,11514974,"[11513918, 11514974, 11516030]"
122,4298,meta-llama/Llama-3.1-8B,520,4,3000000000,4908381048,1908381048,905902296,1873836126,11514974,"[11513918, 11514974, 11516030]"
122,4442,meta-llama/Llama-3.1-8B,520,4,3000000000,4908381048,1908381048,905902296,1873836126,11514974,"[11513918, 11514974, 11516030]"
122,4586,meta-llama/Llama-3.1-8B,520,4,3000000000,4908381048,1908381048,905902296,1873836126,11514974,"[11513918, 11514974, 11516030]"
122,4730,meta-llama/Llama-3.1-8B,520,4,3000000000,4908381048,1908381048,905902296,1873836126,11514974,"[11513918, 11514974, 11516030]"
122,4874,meta-llama/Llama-3.1-8B,520,4,3000000000,4908381048,1908381048,905902296,1873836126,11514974,"[11513918, 11514974, 11516030]"
122,5018,meta-llama/Llama-3.1-8B,520,4,3000000000,4908381048,1908381048,905902296,1873836126,11514974,"[11513918, 11514974, 11516030]"
122,5162,meta-llama/Llama-3.1-8B,520,4,3000000000,4908381048,1908381048,905902296,1873836126,11514974,"[11513918, 11514974, 11516030]"
122,5306,meta-llama/Llama-3.1-8B,520,4,3000000000,5908271052,2908271052,1908381048,2874428313,11280913,"[11280401, 11280913, 11281425]"
122,5450,meta-llama/Llama-3.1-8B,520,4,3000000000,5908271052,2908271052,1908381048,2874428313,11280913,"[11280401, 11280913, 11281425]"
122,5594,meta-llama/Llama-3.1-8B,520,4,3000000000,5908271052,2908271052,1908381048,2874428313,11280913,"[11280401, 11280913, 11281425]"
122,5738,meta-llama/Llama-3.1-8B,520,4,3000000000,5908271052,2908271052,1908381048,2874428313,11280913,"[11280401, 11280913, 11281425]"
123,123,meta-llama/Llama-3.1-8B,512,4,0,341399206,341399206,1,148077558,64440549,"[159065888, 22433606, 11822154]"
123,267,meta-llama/Llama-3.1-8B,512,4,0,341399206,341399206,1,148077558,64440549,"[159065888, 22433606, 11822154]"
123,411,meta-llama/Llama-3.1-8B,512,4,0,341399206,341399206,1,148077558,64440549,"[159065888, 22433606, 11822154]"
123,555,meta-llama/Llama-3.1-8B,512,4,0,341399206,341399206,1,148077558,64440549,"[159065888, 22433606, 11822154]"
123,699,meta-llama/Llama-3.1-8B,512,4,0,489349225,489349225,148077558,307143446,60735259,"[22433606, 11822154, 147950019]"
123,843,meta-llama/Llama-3.1-8B,512,4,0,489349225,489349225,148077558,307143446,60735259,"[22433606, 11822154, 147950019]"
123,987,meta-llama/Llama-3.1-8B,512,4,0,489349225,489349225,148077558,307143446,60735259,"[22433606, 11822154, 147950019]"
123,1131,meta-llama/Llama-3.1-8B,512,4,0,616690027,616690027,307143446,329577052,95704325,"[11822154, 147950019, 127340802]"
123,1275,meta-llama/Llama-3.1-8B,512,4,0,681867858,681867858,341399206,489349225,64172877,"[127340802, 49502549, 15675282]"
123,1419,meta-llama/Llama-3.1-8B,512,4,0,681867858,681867858,341399206,489349225,64172877,"[127340802, 49502549, 15675282]"
123,1563,meta-llama/Llama-3.1-8B,512,4,0,681867858,681867858,341399206,489349225,64172877,"[127340802, 49502549, 15675282]"
123,1707,meta-llama/Llama-3.1-8B,512,4,0,795709824,795709824,489349225,616690027,59673265,"[49502549, 15675282, 113841966]"
123,1851,meta-llama/Llama-3.1-8B,512,4,0,795709824,795709824,489349225,616690027,59673265,"[49502549, 15675282, 113841966]"
123,1995,meta-llama/Llama-3.1-8B,512,4,0,795709824,795709824,489349225,616690027,59673265,"[49502549, 15675282, 113841966]"
123,2139,meta-llama/Llama-3.1-8B,512,4,0,795709824,795709824,489349225,616690027,59673265,"[49502549, 15675282, 113841966]"
123,2283,meta-llama/Llama-3.1-8B,512,4,0,837635873,837635873,616690027,666192576,57147765,"[15675282, 113841966, 41926049]"
123,2427,meta-llama/Llama-3.1-8B,512,4,0,862937321,862937321,681867858,795709824,22409165,"[41926049, 13980235, 11321213]"
123,2571,meta-llama/Llama-3.1-8B,512,4,0,862937321,862937321,681867858,795709824,22409165,"[41926049, 13980235, 11321213]"
123,2715,meta-llama/Llama-3.1-8B,512,4,0,862937321,862937321,681867858,795709824,22409165,"[41926049, 13980235, 11321213]"
123,2859,meta-llama/Llama-3.1-8B,512,4,0,874223540,874223540,795709824,837635873,12195889,"[13980235, 11321213, 11286219]"
123,3003,meta-llama/Llama-3.1-8B,520,4,3000000000,3912863954,912863954,252018,878319032,11514974,"[11513918, 11514974, 11516030]"
123,3147,meta-llama/Llama-3.1-8B,520,4,3000000000,3912863954,912863954,252018,878319032,11514974,"[11513918, 11514974, 11516030]"
123,3291,meta-llama/Llama-3.1-8B,520,4,3000000000,3912863954,912863954,252018,878319032,11514974,"[11513918, 11514974, 11516030]"
123,3435,meta-llama/Llama-3.1-8B,520,4,3000000000,3912863954,912863954,252018,878319032,11514974,"[11513918, 11514974, 11516030]"
123,3579,meta-llama/Llama-3.1-8B,520,4,3000000000,3912863954,912863954,252018,878319032,11514974,"[11513918, 11514974, 11516030]"
123,3723,meta-llama/Llama-3.1-8B,520,4,3000000000,3912863954,912863954,252018,878319032,11514974,"[11513918, 11514974, 11516030]"
123,3867,meta-llama/Llama-3.1-8B,520,4,3000000000,3912863954,912863954,252018,878319032,11514974,"[11513918, 11514974, 11516030]"
123,4011,meta-llama/Llama-3.1-8B,520,4,3000000000,3912863954,912863954,252018,878319032,11514974,"[11513918, 11514974, 11516030]"
123,4155,meta-llama/Llama-3.1-8B,520,4,3000000000,4915342706,1915342706,912863954,1880797784,11514974,"[11513918, 11514974, 11516030]"
123,4299,meta-llama/Llama-3.1-8B,520,4,3000000000,4915342706,1915342706,912863954,1880797784,11514974,"[11513918, 11514974, 11516030]"
123,4443,meta-llama/Llama-3.1-8B,520,4,3000000000,4915342706,1915342706,912863954,1880797784,11514974,"[11513918, 11514974, 11516030]"
123,4587,meta-llama/Llama-3.1-8B,520,4,3000000000,4915342706,1915342706,912863954,1880797784,11514974,"[11513918, 11514974, 11516030]"
123,4731,meta-llama/Llama-3.1-8B,520,4,3000000000,4915342706,1915342706,912863954,1880797784,11514974,"[11513918, 11514974, 11516030]"
123,4875,meta-llama/Llama-3.1-8B,520,4,3000000000,4915342706,1915342706,912863954,1880797784,11514974,"[11513918, 11514974, 11516030]"
123,5019,meta-llama/Llama-3.1-8B,520,4,3000000000,4915342706,1915342706,912863954,1880797784,11514974,"[11513918, 11514974, 11516030]"
123,5163,meta-llama/Llama-3.1-8B,520,4,3000000000,4915342706,1915342706,912863954,1880797784,11514974,"[11513918, 11514974, 11516030]"
123,5307,meta-llama/Llama-3.1-8B,520,4,3000000000,5915232710,2915232710,1915342706,2881389971,11280913,"[11280401, 11280913, 11281425]"
123,5451,meta-llama/Llama-3.1-8B,520,4,3000000000,5915232710,2915232710,1915342706,2881389971,11280913,"[11280401, 11280913, 11281425]"
123,5595,meta-llama/Llama-3.1-8B,520,4,3000000000,5915232710,2915232710,1915342706,2881389971,11280913,"[11280401, 11280913, 11281425]"
123,5739,meta-llama/Llama-3.1-8B,520,4,3000000000,5915232710,2915232710,1915342706,2881389971,11280913,"[11280401, 11280913, 11281425]"
124,124,meta-llama/Llama-3.1-8B,512,4,0,341401378,341401378,1,148603014,64266121,"[159065888, 21911091, 11821385]"
124,268,meta-llama/Llama-3.1-8B,512,4,0,341401378,341401378,1,148603014,64266121,"[159065888, 21911091, 11821385]"
124,412,meta-llama/Llama-3.1-8B,512,4,0,341401378,341401378,1,148603014,64266121,"[159065888, 21911091, 11821385]"
124,556,meta-llama/Llama-3.1-8B,512,4,0,341401378,341401378,1,148603014,64266121,"[159065888, 21911091, 11821385]"
124,700,meta-llama/Llama-3.1-8B,512,4,0,489874681,489874681,148603014,307668902,60735259,"[21911091, 11821385, 148473303]"
124,844,meta-llama/Llama-3.1-8B,512,4,0,489874681,489874681,148603014,307668902,60735259,"[21911091, 11821385, 148473303]"
124,988,meta-llama/Llama-3.1-8B,512,4,0,489874681,489874681,148603014,307668902,60735259,"[21911091, 11821385, 148473303]"
124,1132,meta-llama/Llama-3.1-8B,512,4,0,617086201,617086201,307668902,329579993,95835402,"[11821385, 148473303, 127211520]"
124,1276,meta-llama/Llama-3.1-8B,512,4,0,681870030,681870030,341401378,489874681,63998449,"[127211520, 49239624, 15544205]"
124,1420,meta-llama/Llama-3.1-8B,512,4,0,681870030,681870030,341401378,489874681,63998449,"[127211520, 49239624, 15544205]"
124,1564,meta-llama/Llama-3.1-8B,512,4,0,681870030,681870030,341401378,489874681,63998449,"[127211520, 49239624, 15544205]"
124,1708,meta-llama/Llama-3.1-8B,512,4,0,796133265,796133265,489874681,617086201,59682354,"[49239624, 15544205, 114263235]"
124,1852,meta-llama/Llama-3.1-8B,512,4,0,796133265,796133265,489874681,617086201,59682354,"[49239624, 15544205, 114263235]"
124,1996,meta-llama/Llama-3.1-8B,512,4,0,796133265,796133265,489874681,617086201,59682354,"[49239624, 15544205, 114263235]"
124,2140,meta-llama/Llama-3.1-8B,512,4,0,796133265,796133265,489874681,617086201,59682354,"[49239624, 15544205, 114263235]"
124,2284,meta-llama/Llama-3.1-8B,512,4,0,837775349,837775349,617086201,666325825,57149841,"[15544205, 114263235, 41642084]"
124,2428,meta-llama/Llama-3.1-8B,512,4,0,862938467,862938467,681870030,796133265,22268400,"[41642084, 13842025, 11321093]"
124,2572,meta-llama/Llama-3.1-8B,512,4,0,862938467,862938467,681870030,796133265,22268400,"[41642084, 13842025, 11321093]"
124,2716,meta-llama/Llama-3.1-8B,512,4,0,862938467,862938467,681870030,796133265,22268400,"[41642084, 13842025, 11321093]"
124,2860,meta-llama/Llama-3.1-8B,512,4,0,874227098,874227098,796133265,837775349,12150583,"[13842025, 11321093, 11288631]"
124,3004,meta-llama/Llama-3.1-8B,520,4,3000000000,3919825612,919825612,252018,885280690,11514974,"[11513918, 11514974, 11516030]"
124,3148,meta-llama/Llama-3.1-8B,520,4,3000000000,3919825612,919825612,252018,885280690,11514974,"[11513918, 11514974, 11516030]"
124,3292,meta-llama/Llama-3.1-8B,520,4,3000000000,3919825612,919825612,252018,885280690,11514974,"[11513918, 11514974, 11516030]"
124,3436,meta-llama/Llama-3.1-8B,520,4,3000000000,3919825612,919825612,252018,885280690,11514974,"[11513918, 11514974, 11516030]"
124,3580,meta-llama/Llama-3.1-8B,520,4,3000000000,3919825612,919825612,252018,885280690,11514974,"[11513918, 11514974, 11516030]"
124,3724,meta-llama/Llama-3.1-8B,520,4,3000000000,3919825612,919825612,252018,885280690,11514974,"[11513918, 11514974, 11516030]"
124,3868,meta-llama/Llama-3.1-8B,520,4,3000000000,3919825612,919825612,252018,885280690,11514974,"[11513918, 11514974, 11516030]"
124,4012,meta-llama/Llama-3.1-8B,520,4,3000000000,3919825612,919825612,252018,885280690,11514974,"[11513918, 11514974, 11516030]"
124,4156,meta-llama/Llama-3.1-8B,520,4,3000000000,4922304364,1922304364,919825612,1887759442,11514974,"[11513918, 11514974, 11516030]"
124,4300,meta-llama/Llama-3.1-8B,520,4,3000000000,4922304364,1922304364,919825612,1887759442,11514974,"[11513918, 11514974, 11516030]"
124,4444,meta-llama/Llama-3.1-8B,520,4,3000000000,4922304364,1922304364,919825612,1887759442,11514974,"[11513918, 11514974, 11516030]"
124,4588,meta-llama/Llama-3.1-8B,520,4,3000000000,4922304364,1922304364,919825612,1887759442,11514974,"[11513918, 11514974, 11516030]"
124,4732,meta-llama/Llama-3.1-8B,520,4,3000000000,4922304364,1922304364,919825612,1887759442,11514974,"[11513918, 11514974, 11516030]"
124,4876,meta-llama/Llama-3.1-8B,520,4,3000000000,4922304364,1922304364,919825612,1887759442,11514974,"[11513918, 11514974, 11516030]"
124,5020,meta-llama/Llama-3.1-8B,520,4,3000000000,4922304364,1922304364,919825612,1887759442,11514974,"[11513918, 11514974, 11516030]"
124,5164,meta-llama/Llama-3.1-8B,520,4,3000000000,4922304364,1922304364,919825612,1887759442,11514974,"[11513918, 11514974, 11516030]"
124,5308,meta-llama/Llama-3.1-8B,520,4,3000000000,5922194368,2922194368,1922304364,2888351629,11280913,"[11280401, 11280913, 11281425]"
124,5452,meta-llama/Llama-3.1-8B,520,4,3000000000,5922194368,2922194368,1922304364,2888351629,11280913,"[11280401, 11280913, 11281425]"
124,5596,meta-llama/Llama-3.1-8B,520,4,3000000000,5922194368,2922194368,1922304364,2888351629,11280913,"[11280401, 11280913, 11281425]"
124,5740,meta-llama/Llama-3.1-8B,520,4,3000000000,5922194368,2922194368,1922304364,2888351629,11280913,"[11280401, 11280913, 11281425]"
125,125,meta-llama/Llama-3.1-8B,512,4,0,341403550,341403550,1,149128470,64091693,"[159065888, 21388576, 11820616]"
125,269,meta-llama/Llama-3.1-8B,512,4,0,341403550,341403550,1,149128470,64091693,"[159065888, 21388576, 11820616]"
125,413,meta-llama/Llama-3.1-8B,512,4,0,341403550,341403550,1,149128470,64091693,"[159065888, 21388576, 11820616]"
125,557,meta-llama/Llama-3.1-8B,512,4,0,341403550,341403550,1,149128470,64091693,"[159065888, 21388576, 11820616]"
125,701,meta-llama/Llama-3.1-8B,512,4,0,490400137,490400137,149128470,308194358,60735259,"[21388576, 11820616, 148996587]"
125,845,meta-llama/Llama-3.1-8B,512,4,0,490400137,490400137,149128470,308194358,60735259,"[21388576, 11820616, 148996587]"
125,989,meta-llama/Llama-3.1-8B,512,4,0,490400137,490400137,149128470,308194358,60735259,"[21388576, 11820616, 148996587]"
125,1133,meta-llama/Llama-3.1-8B,512,4,0,617482375,617482375,308194358,329582934,95966480,"[11820616, 148996587, 127082238]"
125,1277,meta-llama/Llama-3.1-8B,512,4,0,681872202,681872202,341403550,490400137,63824021,"[127082238, 48976699, 15413128]"
125,1421,meta-llama/Llama-3.1-8B,512,4,0,681872202,681872202,341403550,490400137,63824021,"[127082238, 48976699, 15413128]"
125,1565,meta-llama/Llama-3.1-8B,512,4,0,681872202,681872202,341403550,490400137,63824021,"[127082238, 48976699, 15413128]"
125,1709,meta-llama/Llama-3.1-8B,512,4,0,796926109,796926109,490400137,617482375,59814578,"[48976699, 15413128, 115053907]"
125,1853,meta-llama/Llama-3.1-8B,512,4,0,796926109,796926109,490400137,617482375,59814578,"[48976699, 15413128, 115053907]"
125,1997,meta-llama/Llama-3.1-8B,512,4,0,796926109,796926109,490400137,617482375,59814578,"[48976699, 15413128, 115053907]"
125,2141,meta-llama/Llama-3.1-8B,512,4,0,796926109,796926109,490400137,617482375,59814578,"[48976699, 15413128, 115053907]"
125,2285,meta-llama/Llama-3.1-8B,512,4,0,837914945,837914945,617482375,666459074,57151957,"[15413128, 115053907, 40988836]"
125,2429,meta-llama/Llama-3.1-8B,512,4,0,862939733,862939733,681872202,796926109,22004541,"[40988836, 13703695, 11321093]"
125,2573,meta-llama/Llama-3.1-8B,512,4,0,862939733,862939733,681872202,796926109,22004541,"[40988836, 13703695, 11321093]"
125,2717,meta-llama/Llama-3.1-8B,512,4,0,862939733,862939733,681872202,796926109,22004541,"[40988836, 13703695, 11321093]"
125,2861,meta-llama/Llama-3.1-8B,512,4,0,874228364,874228364,796926109,837914945,12104473,"[13703695, 11321093, 11288631]"
125,3005,meta-llama/Llama-3.1-8B,520,4,3000000000,3926787270,926787270,252018,892242348,11514974,"[11513918, 11514974, 11516030]"
125,3149,meta-llama/Llama-3.1-8B,520,4,3000000000,3926787270,926787270,252018,892242348,11514974,"[11513918, 11514974, 11516030]"
125,3293,meta-llama/Llama-3.1-8B,520,4,3000000000,3926787270,926787270,252018,892242348,11514974,"[11513918, 11514974, 11516030]"
125,3437,meta-llama/Llama-3.1-8B,520,4,3000000000,3926787270,926787270,252018,892242348,11514974,"[11513918, 11514974, 11516030]"
125,3581,meta-llama/Llama-3.1-8B,520,4,3000000000,3926787270,926787270,252018,892242348,11514974,"[11513918, 11514974, 11516030]"
125,3725,meta-llama/Llama-3.1-8B,520,4,3000000000,3926787270,926787270,252018,892242348,11514974,"[11513918, 11514974, 11516030]"
125,3869,meta-llama/Llama-3.1-8B,520,4,3000000000,3926787270,926787270,252018,892242348,11514974,"[11513918, 11514974, 11516030]"
125,4013,meta-llama/Llama-3.1-8B,520,4,3000000000,3926787270,926787270,252018,892242348,11514974,"[11513918, 11514974, 11516030]"
125,4157,meta-llama/Llama-3.1-8B,520,4,3000000000,4929266022,1929266022,926787270,1894721100,11514974,"[11513918, 11514974, 11516030]"
125,4301,meta-llama/Llama-3.1-8B,520,4,3000000000,4929266022,1929266022,926787270,1894721100,11514974,"[11513918, 11514974, 11516030]"
125,4445,meta-llama/Llama-3.1-8B,520,4,3000000000,4929266022,1929266022,926787270,1894721100,11514974,"[11513918, 11514974, 11516030]"
125,4589,meta-llama/Llama-3.1-8B,520,4,3000000000,4929266022,1929266022,926787270,1894721100,11514974,"[11513918, 11514974, 11516030]"
125,4733,meta-llama/Llama-3.1-8B,520,4,3000000000,4929266022,1929266022,926787270,1894721100,11514974,"[11513918, 11514974, 11516030]"
125,4877,meta-llama/Llama-3.1-8B,520,4,3000000000,4929266022,1929266022,926787270,1894721100,11514974,"[11513918, 11514974, 11516030]"
125,5021,meta-llama/Llama-3.1-8B,520,4,3000000000,4929266022,1929266022,926787270,1894721100,11514974,"[11513918, 11514974, 11516030]"
125,5165,meta-llama/Llama-3.1-8B,520,4,3000000000,4929266022,1929266022,926787270,1894721100,11514974,"[11513918, 11514974, 11516030]"
125,5309,meta-llama/Llama-3.1-8B,520,4,3000000000,5929156026,2929156026,1929266022,2895313287,11280913,"[11280401, 11280913, 11281425]"
125,5453,meta-llama/Llama-3.1-8B,520,4,3000000000,5929156026,2929156026,1929266022,2895313287,11280913,"[11280401, 11280913, 11281425]"
125,5597,meta-llama/Llama-3.1-8B,520,4,3000000000,5929156026,2929156026,1929266022,2895313287,11280913,"[11280401, 11280913, 11281425]"
125,5741,meta-llama/Llama-3.1-8B,520,4,3000000000,5929156026,2929156026,1929266022,2895313287,11280913,"[11280401, 11280913, 11281425]"
126,126,meta-llama/Llama-3.1-8B,512,4,0,341405722,341405722,1,149653926,63917265,"[159065888, 20866061, 11819847]"
126,270,meta-llama/Llama-3.1-8B,512,4,0,341405722,341405722,1,149653926,63917265,"[159065888, 20866061, 11819847]"
126,414,meta-llama/Llama-3.1-8B,512,4,0,341405722,341405722,1,149653926,63917265,"[159065888, 20866061, 11819847]"
126,558,meta-llama/Llama-3.1-8B,512,4,0,341405722,341405722,1,149653926,63917265,"[159065888, 20866061, 11819847]"
126,702,meta-llama/Llama-3.1-8B,512,4,0,490925593,490925593,149653926,308719814,60735259,"[20866061, 11819847, 149519871]"
126,846,meta-llama/Llama-3.1-8B,512,4,0,490925593,490925593,149653926,308719814,60735259,"[20866061, 11819847, 149519871]"
126,990,meta-llama/Llama-3.1-8B,512,4,0,490925593,490925593,149653926,308719814,60735259,"[20866061, 11819847, 149519871]"
126,1134,meta-llama/Llama-3.1-8B,512,4,0,617878549,617878549,308719814,329585875,96097558,"[11819847, 149519871, 126952956]"
126,1278,meta-llama/Llama-3.1-8B,512,4,0,681874374,681874374,341405722,490925593,63649593,"[126952956, 48713774, 15282051]"
126,1422,meta-llama/Llama-3.1-8B,512,4,0,681874374,681874374,341405722,490925593,63649593,"[126952956, 48713774, 15282051]"
126,1566,meta-llama/Llama-3.1-8B,512,4,0,681874374,681874374,341405722,490925593,63649593,"[126952956, 48713774, 15282051]"
126,1710,meta-llama/Llama-3.1-8B,512,4,0,797349550,797349550,490925593,617878549,59823667,"[48713774, 15282051, 115475176]"
126,1854,meta-llama/Llama-3.1-8B,512,4,0,797349550,797349550,490925593,617878549,59823667,"[48713774, 15282051, 115475176]"
126,1998,meta-llama/Llama-3.1-8B,512,4,0,797349550,797349550,490925593,617878549,59823667,"[48713774, 15282051, 115475176]"
126,2142,meta-llama/Llama-3.1-8B,512,4,0,797349550,797349550,490925593,617878549,59823667,"[48713774, 15282051, 115475176]"
126,2286,meta-llama/Llama-3.1-8B,512,4,0,838047425,838047425,617878549,666592323,57151700,"[15282051, 115475176, 40697875]"
126,2430,meta-llama/Llama-3.1-8B,512,4,0,862940879,862940879,681874374,797349550,21863776,"[40697875, 13572361, 11321093]"
126,2574,meta-llama/Llama-3.1-8B,512,4,0,862940879,862940879,681874374,797349550,21863776,"[40697875, 13572361, 11321093]"
126,2718,meta-llama/Llama-3.1-8B,512,4,0,862940879,862940879,681874374,797349550,21863776,"[40697875, 13572361, 11321093]"
126,2862,meta-llama/Llama-3.1-8B,512,4,0,874237652,874237652,797349550,838047425,12063409,"[13572361, 11321093, 11296773]"
126,3006,meta-llama/Llama-3.1-8B,520,4,3000000000,3933748928,933748928,252018,899204006,11514974,"[11513918, 11514974, 11516030]"
126,3150,meta-llama/Llama-3.1-8B,520,4,3000000000,3933748928,933748928,252018,899204006,11514974,"[11513918, 11514974, 11516030]"
126,3294,meta-llama/Llama-3.1-8B,520,4,3000000000,3933748928,933748928,252018,899204006,11514974,"[11513918, 11514974, 11516030]"
126,3438,meta-llama/Llama-3.1-8B,520,4,3000000000,3933748928,933748928,252018,899204006,11514974,"[11513918, 11514974, 11516030]"
126,3582,meta-llama/Llama-3.1-8B,520,4,3000000000,3933748928,933748928,252018,899204006,11514974,"[11513918, 11514974, 11516030]"
126,3726,meta-llama/Llama-3.1-8B,520,4,3000000000,3933748928,933748928,252018,899204006,11514974,"[11513918, 11514974, 11516030]"
126,3870,meta-llama/Llama-3.1-8B,520,4,3000000000,3933748928,933748928,252018,899204006,11514974,"[11513918, 11514974, 11516030]"
126,4014,meta-llama/Llama-3.1-8B,520,4,3000000000,3933748928,933748928,252018,899204006,11514974,"[11513918, 11514974, 11516030]"
126,4158,meta-llama/Llama-3.1-8B,520,4,3000000000,4936227680,1936227680,933748928,1901682758,11514974,"[11513918, 11514974, 11516030]"
126,4302,meta-llama/Llama-3.1-8B,520,4,3000000000,4936227680,1936227680,933748928,1901682758,11514974,"[11513918, 11514974, 11516030]"
126,4446,meta-llama/Llama-3.1-8B,520,4,3000000000,4936227680,1936227680,933748928,1901682758,11514974,"[11513918, 11514974, 11516030]"
126,4590,meta-llama/Llama-3.1-8B,520,4,3000000000,4936227680,1936227680,933748928,1901682758,11514974,"[11513918, 11514974, 11516030]"
126,4734,meta-llama/Llama-3.1-8B,520,4,3000000000,4936227680,1936227680,933748928,1901682758,11514974,"[11513918, 11514974, 11516030]"
126,4878,meta-llama/Llama-3.1-8B,520,4,3000000000,4936227680,1936227680,933748928,1901682758,11514974,"[11513918, 11514974, 11516030]"
126,5022,meta-llama/Llama-3.1-8B,520,4,3000000000,4936227680,1936227680,933748928,1901682758,11514974,"[11513918, 11514974, 11516030]"
126,5166,meta-llama/Llama-3.1-8B,520,4,3000000000,4936227680,1936227680,933748928,1901682758,11514974,"[11513918, 11514974, 11516030]"
126,5310,meta-llama/Llama-3.1-8B,520,4,3000000000,5936117684,2936117684,1936227680,2902274945,11280913,"[11280401, 11280913, 11281425]"
126,5454,meta-llama/Llama-3.1-8B,520,4,3000000000,5936117684,2936117684,1936227680,2902274945,11280913,"[11280401, 11280913, 11281425]"
126,5598,meta-llama/Llama-3.1-8B,520,4,3000000000,5936117684,2936117684,1936227680,2902274945,11280913,"[11280401, 11280913, 11281425]"
126,5742,meta-llama/Llama-3.1-8B,520,4,3000000000,5936117684,2936117684,1936227680,2902274945,11280913,"[11280401, 11280913, 11281425]"
127,127,meta-llama/Llama-3.1-8B,512,4,0,341407894,341407894,1,150179382,63742837,"[159065888, 20343546, 11819078]"
127,271,meta-llama/Llama-3.1-8B,512,4,0,341407894,341407894,1,150179382,63742837,"[159065888, 20343546, 11819078]"
127,415,meta-llama/Llama-3.1-8B,512,4,0,341407894,341407894,1,150179382,63742837,"[159065888, 20343546, 11819078]"
127,559,meta-llama/Llama-3.1-8B,512,4,0,341407894,341407894,1,150179382,63742837,"[159065888, 20343546, 11819078]"
127,703,meta-llama/Llama-3.1-8B,512,4,0,491451049,491451049,150179382,309245270,60735259,"[20343546, 11819078, 150043155]"
127,847,meta-llama/Llama-3.1-8B,512,4,0,491451049,491451049,150179382,309245270,60735259,"[20343546, 11819078, 150043155]"
127,991,meta-llama/Llama-3.1-8B,512,4,0,491451049,491451049,150179382,309245270,60735259,"[20343546, 11819078, 150043155]"
127,1135,meta-llama/Llama-3.1-8B,512,4,0,618274723,618274723,309245270,329588816,96228635,"[11819078, 150043155, 126823674]"
127,1279,meta-llama/Llama-3.1-8B,512,4,0,681876546,681876546,341407894,491451049,63475165,"[126823674, 48450849, 15150974]"
127,1423,meta-llama/Llama-3.1-8B,512,4,0,681876546,681876546,341407894,491451049,63475165,"[126823674, 48450849, 15150974]"
127,1567,meta-llama/Llama-3.1-8B,512,4,0,681876546,681876546,341407894,491451049,63475165,"[126823674, 48450849, 15150974]"
127,1711,meta-llama/Llama-3.1-8B,512,4,0,797744954,797744954,491451049,618274723,59823410,"[48450849, 15150974, 115868408]"
127,1855,meta-llama/Llama-3.1-8B,512,4,0,797744954,797744954,491451049,618274723,59823410,"[48450849, 15150974, 115868408]"
127,1999,meta-llama/Llama-3.1-8B,512,4,0,797744954,797744954,491451049,618274723,59823410,"[48450849, 15150974, 115868408]"
127,2143,meta-llama/Llama-3.1-8B,512,4,0,797744954,797744954,491451049,618274723,59823410,"[48450849, 15150974, 115868408]"
127,2287,meta-llama/Llama-3.1-8B,512,4,0,838179905,838179905,618274723,666725572,57151444,"[15150974, 115868408, 40434951]"
127,2431,meta-llama/Llama-3.1-8B,512,4,0,862942025,862942025,681876546,797744954,21732357,"[40434951, 13441027, 11321093]"
127,2575,meta-llama/Llama-3.1-8B,512,4,0,862942025,862942025,681876546,797744954,21732357,"[40434951, 13441027, 11321093]"
127,2719,meta-llama/Llama-3.1-8B,512,4,0,862942025,862942025,681876546,797744954,21732357,"[40434951, 13441027, 11321093]"
127,2863,meta-llama/Llama-3.1-8B,512,4,0,874245794,874245794,797744954,838179905,12021963,"[13441027, 11321093, 11303769]"
127,3007,meta-llama/Llama-3.1-8B,520,4,3000000000,3940710586,940710586,252018,906165664,11514974,"[11513918, 11514974, 11516030]"
127,3151,meta-llama/Llama-3.1-8B,520,4,3000000000,3940710586,940710586,252018,906165664,11514974,"[11513918, 11514974, 11516030]"
127,3295,meta-llama/Llama-3.1-8B,520,4,3000000000,3940710586,940710586,252018,906165664,11514974,"[11513918, 11514974, 11516030]"
127,3439,meta-llama/Llama-3.1-8B,520,4,3000000000,3940710586,940710586,252018,906165664,11514974,"[11513918, 11514974, 11516030]"
127,3583,meta-llama/Llama-3.1-8B,520,4,3000000000,3940710586,940710586,252018,906165664,11514974,"[11513918, 11514974, 11516030]"
127,3727,meta-llama/Llama-3.1-8B,520,4,3000000000,3940710586,940710586,252018,906165664,11514974,"[11513918, 11514974, 11516030]"
127,3871,meta-llama/Llama-3.1-8B,520,4,3000000000,3940710586,940710586,252018,906165664,11514974,"[11513918, 11514974, 11516030]"
127,4015,meta-llama/Llama-3.1-8B,520,4,3000000000,3940710586,940710586,252018,906165664,11514974,"[11513918, 11514974, 11516030]"
127,4159,meta-llama/Llama-3.1-8B,520,4,3000000000,4943189338,1943189338,940710586,1908644416,11514974,"[11513918, 11514974, 11516030]"
127,4303,meta-llama/Llama-3.1-8B,520,4,3000000000,4943189338,1943189338,940710586,1908644416,11514974,"[11513918, 11514974, 11516030]"
127,4447,meta-llama/Llama-3.1-8B,520,4,3000000000,4943189338,1943189338,940710586,1908644416,11514974,"[11513918, 11514974, 11516030]"
127,4591,meta-llama/Llama-3.1-8B,520,4,3000000000,4943189338,1943189338,940710586,1908644416,11514974,"[11513918, 11514974, 11516030]"
127,4735,meta-llama/Llama-3.1-8B,520,4,3000000000,4943189338,1943189338,940710586,1908644416,11514974,"[11513918, 11514974, 11516030]"
127,4879,meta-llama/Llama-3.1-8B,520,4,3000000000,4943189338,1943189338,940710586,1908644416,11514974,"[11513918, 11514974, 11516030]"
127,5023,meta-llama/Llama-3.1-8B,520,4,3000000000,4943189338,1943189338,940710586,1908644416,11514974,"[11513918, 11514974, 11516030]"
127,5167,meta-llama/Llama-3.1-8B,520,4,3000000000,4943189338,1943189338,940710586,1908644416,11514974,"[11513918, 11514974, 11516030]"
127,5311,meta-llama/Llama-3.1-8B,520,4,3000000000,5943079342,2943079342,1943189338,2909236603,11280913,"[11280401, 11280913, 11281425]"
127,5455,meta-llama/Llama-3.1-8B,520,4,3000000000,5943079342,2943079342,1943189338,2909236603,11280913,"[11280401, 11280913, 11281425]"
127,5599,meta-llama/Llama-3.1-8B,520,4,3000000000,5943079342,2943079342,1943189338,2909236603,11280913,"[11280401, 11280913, 11281425]"
127,5743,meta-llama/Llama-3.1-8B,520,4,3000000000,5943079342,2943079342,1943189338,2909236603,11280913,"[11280401, 11280913, 11281425]"
128,128,meta-llama/Llama-3.1-8B,512,4,0,341410066,341410066,1,150704838,63568409,"[159065888, 19821031, 11818309]"
128,272,meta-llama/Llama-3.1-8B,512,4,0,341410066,341410066,1,150704838,63568409,"[159065888, 19821031, 11818309]"
128,416,meta-llama/Llama-3.1-8B,512,4,0,341410066,341410066,1,150704838,63568409,"[159065888, 19821031, 11818309]"
128,560,meta-llama/Llama-3.1-8B,512,4,0,341410066,341410066,1,150704838,63568409,"[159065888, 19821031, 11818309]"
128,704,meta-llama/Llama-3.1-8B,512,4,0,491976505,491976505,150704838,309770726,60735259,"[19821031, 11818309, 150566439]"
128,848,meta-llama/Llama-3.1-8B,512,4,0,491976505,491976505,150704838,309770726,60735259,"[19821031, 11818309, 150566439]"
128,992,meta-llama/Llama-3.1-8B,512,4,0,491976505,491976505,150704838,309770726,60735259,"[19821031, 11818309, 150566439]"
128,1136,meta-llama/Llama-3.1-8B,512,4,0,618670897,618670897,309770726,329591757,96359713,"[11818309, 150566439, 126694392]"
128,1280,meta-llama/Llama-3.1-8B,512,4,0,681878718,681878718,341410066,491976505,63300737,"[126694392, 48187924, 15019897]"
128,1424,meta-llama/Llama-3.1-8B,512,4,0,681878718,681878718,341410066,491976505,63300737,"[126694392, 48187924, 15019897]"
128,1568,meta-llama/Llama-3.1-8B,512,4,0,681878718,681878718,341410066,491976505,63300737,"[126694392, 48187924, 15019897]"
128,1712,meta-llama/Llama-3.1-8B,512,4,0,798140358,798140358,491976505,618670897,59823153,"[48187924, 15019897, 116261640]"
128,1856,meta-llama/Llama-3.1-8B,512,4,0,798140358,798140358,491976505,618670897,59823153,"[48187924, 15019897, 116261640]"
128,2000,meta-llama/Llama-3.1-8B,512,4,0,798140358,798140358,491976505,618670897,59823153,"[48187924, 15019897, 116261640]"
128,2144,meta-llama/Llama-3.1-8B,512,4,0,798140358,798140358,491976505,618670897,59823153,"[48187924, 15019897, 116261640]"
128,2288,meta-llama/Llama-3.1-8B,512,4,0,838317089,838317089,618670897,666858821,57152756,"[15019897, 116261640, 40176731]"
128,2432,meta-llama/Llama-3.1-8B,512,4,0,862943291,862943291,681878718,798140358,21600977,"[40176731, 13305229, 11320973]"
128,2576,meta-llama/Llama-3.1-8B,512,4,0,862943291,862943291,681878718,798140358,21600977,"[40176731, 13305229, 11320973]"
128,2720,meta-llama/Llama-3.1-8B,512,4,0,862943291,862943291,681878718,798140358,21600977,"[40176731, 13305229, 11320973]"
128,2864,meta-llama/Llama-3.1-8B,512,4,0,874246170,874246170,798140358,838317089,11976360,"[13305229, 11320973, 11302879]"
128,3008,meta-llama/Llama-3.1-8B,520,4,3000000000,3947672244,947672244,252018,913127322,11514974,"[11513918, 11514974, 11516030]"
128,3152,meta-llama/Llama-3.1-8B,520,4,3000000000,3947672244,947672244,252018,913127322,11514974,"[11513918, 11514974, 11516030]"
128,3296,meta-llama/Llama-3.1-8B,520,4,3000000000,3947672244,947672244,252018,913127322,11514974,"[11513918, 11514974, 11516030]"
128,3440,meta-llama/Llama-3.1-8B,520,4,3000000000,3947672244,947672244,252018,913127322,11514974,"[11513918, 11514974, 11516030]"
128,3584,meta-llama/Llama-3.1-8B,520,4,3000000000,3947672244,947672244,252018,913127322,11514974,"[11513918, 11514974, 11516030]"
128,3728,meta-llama/Llama-3.1-8B,520,4,3000000000,3947672244,947672244,252018,913127322,11514974,"[11513918, 11514974, 11516030]"
128,3872,meta-llama/Llama-3.1-8B,520,4,3000000000,3947672244,947672244,252018,913127322,11514974,"[11513918, 11514974, 11516030]"
128,4016,meta-llama/Llama-3.1-8B,520,4,3000000000,3947672244,947672244,252018,913127322,11514974,"[11513918, 11514974, 11516030]"
128,4160,meta-llama/Llama-3.1-8B,520,4,3000000000,4950150996,1950150996,947672244,1915606074,11514974,"[11513918, 11514974, 11516030]"
128,4304,meta-llama/Llama-3.1-8B,520,4,3000000000,4950150996,1950150996,947672244,1915606074,11514974,"[11513918, 11514974, 11516030]"
128,4448,meta-llama/Llama-3.1-8B,520,4,3000000000,4950150996,1950150996,947672244,1915606074,11514974,"[11513918, 11514974, 11516030]"
128,4592,meta-llama/Llama-3.1-8B,520,4,3000000000,4950150996,1950150996,947672244,1915606074,11514974,"[11513918, 11514974, 11516030]"
128,4736,meta-llama/Llama-3.1-8B,520,4,3000000000,4950150996,1950150996,947672244,1915606074,11514974,"[11513918, 11514974, 11516030]"
128,4880,meta-llama/Llama-3.1-8B,520,4,3000000000,4950150996,1950150996,947672244,1915606074,11514974,"[11513918, 11514974, 11516030]"
128,5024,meta-llama/Llama-3.1-8B,520,4,3000000000,4950150996,1950150996,947672244,1915606074,11514974,"[11513918, 11514974, 11516030]"
128,5168,meta-llama/Llama-3.1-8B,520,4,3000000000,4950150996,1950150996,947672244,1915606074,11514974,"[11513918, 11514974, 11516030]"
128,5312,meta-llama/Llama-3.1-8B,520,4,3000000000,5950041000,2950041000,1950150996,2916198261,11280913,"[11280401, 11280913, 11281425]"
128,5456,meta-llama/Llama-3.1-8B,520,4,3000000000,5950041000,2950041000,1950150996,2916198261,11280913,"[11280401, 11280913, 11281425]"
128,5600,meta-llama/Llama-3.1-8B,520,4,3000000000,5950041000,2950041000,1950150996,2916198261,11280913,"[11280401, 11280913, 11281425]"
128,5744,meta-llama/Llama-3.1-8B,520,4,3000000000,5950041000,2950041000,1950150996,2916198261,11280913,"[11280401, 11280913, 11281425]"
129,129,meta-llama/Llama-3.1-8B,512,4,0,341412238,341412238,1,151230294,63393981,"[159065888, 19298516, 11817540]"
129,273,meta-llama/Llama-3.1-8B,512,4,0,341412238,341412238,1,151230294,63393981,"[159065888, 19298516, 11817540]"
129,417,meta-llama/Llama-3.1-8B,512,4,0,341412238,341412238,1,151230294,63393981,"[159065888, 19298516, 11817540]"
129,561,meta-llama/Llama-3.1-8B,512,4,0,341412238,341412238,1,151230294,63393981,"[159065888, 19298516, 11817540]"
129,705,meta-llama/Llama-3.1-8B,512,4,0,492501961,492501961,151230294,310296182,60735259,"[19298516, 11817540, 151089723]"
129,849,meta-llama/Llama-3.1-8B,512,4,0,492501961,492501961,151230294,310296182,60735259,"[19298516, 11817540, 151089723]"
129,993,meta-llama/Llama-3.1-8B,512,4,0,492501961,492501961,151230294,310296182,60735259,"[19298516, 11817540, 151089723]"
129,1137,meta-llama/Llama-3.1-8B,512,4,0,619067071,619067071,310296182,329594698,96490791,"[11817540, 151089723, 126565110]"
129,1281,meta-llama/Llama-3.1-8B,512,4,0,681880890,681880890,341412238,492501961,63126309,"[126565110, 47924999, 14888820]"
129,1425,meta-llama/Llama-3.1-8B,512,4,0,681880890,681880890,341412238,492501961,63126309,"[126565110, 47924999, 14888820]"
129,1569,meta-llama/Llama-3.1-8B,512,4,0,681880890,681880890,341412238,492501961,63126309,"[126565110, 47924999, 14888820]"
129,1713,meta-llama/Llama-3.1-8B,512,4,0,798563799,798563799,492501961,619067071,59832242,"[47924999, 14888820, 116682909]"
129,1857,meta-llama/Llama-3.1-8B,512,4,0,798563799,798563799,492501961,619067071,59832242,"[47924999, 14888820, 116682909]"
129,2001,meta-llama/Llama-3.1-8B,512,4,0,798563799,798563799,492501961,619067071,59832242,"[47924999, 14888820, 116682909]"
129,2145,meta-llama/Llama-3.1-8B,512,4,0,798563799,798563799,492501961,619067071,59832242,"[47924999, 14888820, 116682909]"
129,2289,meta-llama/Llama-3.1-8B,512,4,0,838449569,838449569,619067071,666992070,57152499,"[14888820, 116682909, 39885770]"
129,2433,meta-llama/Llama-3.1-8B,512,4,0,862944557,862944557,681880890,798563799,21460252,"[39885770, 13173895, 11321093]"
129,2577,meta-llama/Llama-3.1-8B,512,4,0,862944557,862944557,681880890,798563799,21460252,"[39885770, 13173895, 11321093]"
129,2721,meta-llama/Llama-3.1-8B,512,4,0,862944557,862944557,681880890,798563799,21460252,"[39885770, 13173895, 11321093]"
129,2865,meta-llama/Llama-3.1-8B,512,4,0,874246546,874246546,798563799,838449569,11932325,"[13173895, 11321093, 11301989]"
129,3009,meta-llama/Llama-3.1-8B,520,4,3000000000,3954633902,954633902,252018,920088980,11514974,"[11513918, 11514974, 11516030]"
129,3153,meta-llama/Llama-3.1-8B,520,4,3000000000,3954633902,954633902,252018,920088980,11514974,"[11513918, 11514974, 11516030]"
129,3297,meta-llama/Llama-3.1-8B,520,4,3000000000,3954633902,954633902,252018,920088980,11514974,"[11513918, 11514974, 11516030]"
129,3441,meta-llama/Llama-3.1-8B,520,4,3000000000,3954633902,954633902,252018,920088980,11514974,"[11513918, 11514974, 11516030]"
129,3585,meta-llama/Llama-3.1-8B,520,4,3000000000,3954633902,954633902,252018,920088980,11514974,"[11513918, 11514974, 11516030]"
129,3729,meta-llama/Llama-3.1-8B,520,4,3000000000,3954633902,954633902,252018,920088980,11514974,"[11513918, 11514974, 11516030]"
129,3873,meta-llama/Llama-3.1-8B,520,4,3000000000,3954633902,954633902,252018,920088980,11514974,"[11513918, 11514974, 11516030]"
129,4017,meta-llama/Llama-3.1-8B,520,4,3000000000,3954633902,954633902,252018,920088980,11514974,"[11513918, 11514974, 11516030]"
129,4161,meta-llama/Llama-3.1-8B,520,4,3000000000,4957112654,1957112654,954633902,1922567732,11514974,"[11513918, 11514974, 11516030]"
129,4305,meta-llama/Llama-3.1-8B,520,4,3000000000,4957112654,1957112654,954633902,1922567732,11514974,"[11513918, 11514974, 11516030]"
129,4449,meta-llama/Llama-3.1-8B,520,4,3000000000,4957112654,1957112654,954633902,1922567732,11514974,"[11513918, 11514974, 11516030]"
129,4593,meta-llama/Llama-3.1-8B,520,4,3000000000,4957112654,1957112654,954633902,1922567732,11514974,"[11513918, 11514974, 11516030]"
129,4737,meta-llama/Llama-3.1-8B,520,4,3000000000,4957112654,1957112654,954633902,1922567732,11514974,"[11513918, 11514974, 11516030]"
129,4881,meta-llama/Llama-3.1-8B,520,4,3000000000,4957112654,1957112654,954633902,1922567732,11514974,"[11513918, 11514974, 11516030]"
129,5025,meta-llama/Llama-3.1-8B,520,4,3000000000,4957112654,1957112654,954633902,1922567732,11514974,"[11513918, 11514974, 11516030]"
129,5169,meta-llama/Llama-3.1-8B,520,4,3000000000,4957112654,1957112654,954633902,1922567732,11514974,"[11513918, 11514974, 11516030]"
129,5313,meta-llama/Llama-3.1-8B,520,4,3000000000,5957002658,2957002658,1957112654,2923159919,11280913,"[11280401, 11280913, 11281425]"
129,5457,meta-llama/Llama-3.1-8B,520,4,3000000000,5957002658,2957002658,1957112654,2923159919,11280913,"[11280401, 11280913, 11281425]"
129,5601,meta-llama/Llama-3.1-8B,520,4,3000000000,5957002658,2957002658,1957112654,2923159919,11280913,"[11280401, 11280913, 11281425]"
129,5745,meta-llama/Llama-3.1-8B,520,4,3000000000,5957002658,2957002658,1957112654,2923159919,11280913,"[11280401, 11280913, 11281425]"
130,130,meta-llama/Llama-3.1-8B,512,4,0,341414410,341414410,1,151755750,63219553,"[159065888, 18776001, 11816771]"
130,274,meta-llama/Llama-3.1-8B,512,4,0,341414410,341414410,1,151755750,63219553,"[159065888, 18776001, 11816771]"
130,418,meta-llama/Llama-3.1-8B,512,4,0,341414410,341414410,1,151755750,63219553,"[159065888, 18776001, 11816771]"
130,562,meta-llama/Llama-3.1-8B,512,4,0,341414410,341414410,1,151755750,63219553,"[159065888, 18776001, 11816771]"
130,706,meta-llama/Llama-3.1-8B,512,4,0,493027417,493027417,151755750,310821638,60735259,"[18776001, 11816771, 151613007]"
130,850,meta-llama/Llama-3.1-8B,512,4,0,493027417,493027417,151755750,310821638,60735259,"[18776001, 11816771, 151613007]"
130,994,meta-llama/Llama-3.1-8B,512,4,0,493027417,493027417,151755750,310821638,60735259,"[18776001, 11816771, 151613007]"
130,1138,meta-llama/Llama-3.1-8B,512,4,0,619463245,619463245,310821638,329597639,96621868,"[11816771, 151613007, 126435828]"
130,1282,meta-llama/Llama-3.1-8B,512,4,0,681883062,681883062,341414410,493027417,62951881,"[126435828, 47662074, 14757743]"
130,1426,meta-llama/Llama-3.1-8B,512,4,0,681883062,681883062,341414410,493027417,62951881,"[126435828, 47662074, 14757743]"
130,1570,meta-llama/Llama-3.1-8B,512,4,0,681883062,681883062,341414410,493027417,62951881,"[126435828, 47662074, 14757743]"
130,1714,meta-llama/Llama-3.1-8B,512,4,0,798959203,798959203,493027417,619463245,59831986,"[47662074, 14757743, 117076141]"
130,1858,meta-llama/Llama-3.1-8B,512,4,0,798959203,798959203,493027417,619463245,59831986,"[47662074, 14757743, 117076141]"
130,2002,meta-llama/Llama-3.1-8B,512,4,0,798959203,798959203,493027417,619463245,59831986,"[47662074, 14757743, 117076141]"
130,2146,meta-llama/Llama-3.1-8B,512,4,0,798959203,798959203,493027417,619463245,59831986,"[47662074, 14757743, 117076141]"
130,2290,meta-llama/Llama-3.1-8B,512,4,0,838591337,838591337,619463245,667125319,57155339,"[14757743, 117076141, 39632134]"
130,2434,meta-llama/Llama-3.1-8B,512,4,0,862945703,862945703,681883062,798959203,21328833,"[39632134, 13036915, 11317451]"
130,2578,meta-llama/Llama-3.1-8B,512,4,0,862945703,862945703,681883062,798959203,21328833,"[39632134, 13036915, 11317451]"
130,2722,meta-llama/Llama-3.1-8B,512,4,0,862945703,862945703,681883062,798959203,21328833,"[39632134, 13036915, 11317451]"
130,2866,meta-llama/Llama-3.1-8B,512,4,0,874246922,874246922,798959203,838591337,11885195,"[13036915, 11317451, 11301219]"
130,3010,meta-llama/Llama-3.1-8B,520,4,3000000000,3961595560,961595560,252018,927050638,11514974,"[11513918, 11514974, 11516030]"
130,3154,meta-llama/Llama-3.1-8B,520,4,3000000000,3961595560,961595560,252018,927050638,11514974,"[11513918, 11514974, 11516030]"
130,3298,meta-llama/Llama-3.1-8B,520,4,3000000000,3961595560,961595560,252018,927050638,11514974,"[11513918, 11514974, 11516030]"
130,3442,meta-llama/Llama-3.1-8B,520,4,3000000000,3961595560,961595560,252018,927050638,11514974,"[11513918, 11514974, 11516030]"
130,3586,meta-llama/Llama-3.1-8B,520,4,3000000000,3961595560,961595560,252018,927050638,11514974,"[11513918, 11514974, 11516030]"
130,3730,meta-llama/Llama-3.1-8B,520,4,3000000000,3961595560,961595560,252018,927050638,11514974,"[11513918, 11514974, 11516030]"
130,3874,meta-llama/Llama-3.1-8B,520,4,3000000000,3961595560,961595560,252018,927050638,11514974,"[11513918, 11514974, 11516030]"
130,4018,meta-llama/Llama-3.1-8B,520,4,3000000000,3961595560,961595560,252018,927050638,11514974,"[11513918, 11514974, 11516030]"
130,4162,meta-llama/Llama-3.1-8B,520,4,3000000000,4964074312,1964074312,961595560,1929529390,11514974,"[11513918, 11514974, 11516030]"
130,4306,meta-llama/Llama-3.1-8B,520,4,3000000000,4964074312,1964074312,961595560,1929529390,11514974,"[11513918, 11514974, 11516030]"
130,4450,meta-llama/Llama-3.1-8B,520,4,3000000000,4964074312,1964074312,961595560,1929529390,11514974,"[11513918, 11514974, 11516030]"
130,4594,meta-llama/Llama-3.1-8B,520,4,3000000000,4964074312,1964074312,961595560,1929529390,11514974,"[11513918, 11514974, 11516030]"
130,4738,meta-llama/Llama-3.1-8B,520,4,3000000000,4964074312,1964074312,961595560,1929529390,11514974,"[11513918, 11514974, 11516030]"
130,4882,meta-llama/Llama-3.1-8B,520,4,3000000000,4964074312,1964074312,961595560,1929529390,11514974,"[11513918, 11514974, 11516030]"
130,5026,meta-llama/Llama-3.1-8B,520,4,3000000000,4964074312,1964074312,961595560,1929529390,11514974,"[11513918, 11514974, 11516030]"
130,5170,meta-llama/Llama-3.1-8B,520,4,3000000000,4964074312,1964074312,961595560,1929529390,11514974,"[11513918, 11514974, 11516030]"
130,5314,meta-llama/Llama-3.1-8B,520,4,3000000000,5963964316,2963964316,1964074312,2930121577,11280913,"[11280401, 11280913, 11281425]"
130,5458,meta-llama/Llama-3.1-8B,520,4,3000000000,5963964316,2963964316,1964074312,2930121577,11280913,"[11280401, 11280913, 11281425]"
130,5602,meta-llama/Llama-3.1-8B,520,4,3000000000,5963964316,2963964316,1964074312,2930121577,11280913,"[11280401, 11280913, 11281425]"
130,5746,meta-llama/Llama-3.1-8B,520,4,3000000000,5963964316,2963964316,1964074312,2930121577,11280913,"[11280401, 11280913, 11281425]"
131,131,meta-llama/Llama-3.1-8B,512,4,0,341416582,341416582,1,152281206,63045125,"[159065888, 18253486, 11816002]"
131,275,meta-llama/Llama-3.1-8B,512,4,0,341416582,341416582,1,152281206,63045125,"[159065888, 18253486, 11816002]"
131,419,meta-llama/Llama-3.1-8B,512,4,0,341416582,341416582,1,152281206,63045125,"[159065888, 18253486, 11816002]"
131,563,meta-llama/Llama-3.1-8B,512,4,0,341416582,341416582,1,152281206,63045125,"[159065888, 18253486, 11816002]"
131,707,meta-llama/Llama-3.1-8B,512,4,0,493552873,493552873,152281206,311347094,60735259,"[18253486, 11816002, 152136291]"
131,851,meta-llama/Llama-3.1-8B,512,4,0,493552873,493552873,152281206,311347094,60735259,"[18253486, 11816002, 152136291]"
131,995,meta-llama/Llama-3.1-8B,512,4,0,493552873,493552873,152281206,311347094,60735259,"[18253486, 11816002, 152136291]"
131,1139,meta-llama/Llama-3.1-8B,512,4,0,619859419,619859419,311347094,329600580,96752946,"[11816002, 152136291, 126306546]"
131,1283,meta-llama/Llama-3.1-8B,512,4,0,681885234,681885234,341416582,493552873,62777453,"[126306546, 47399149, 14626666]"
131,1427,meta-llama/Llama-3.1-8B,512,4,0,681885234,681885234,341416582,493552873,62777453,"[126306546, 47399149, 14626666]"
131,1571,meta-llama/Llama-3.1-8B,512,4,0,681885234,681885234,341416582,493552873,62777453,"[126306546, 47399149, 14626666]"
131,1715,meta-llama/Llama-3.1-8B,512,4,0,799382644,799382644,493552873,619859419,59841075,"[47399149, 14626666, 117497410]"
131,1859,meta-llama/Llama-3.1-8B,512,4,0,799382644,799382644,493552873,619859419,59841075,"[47399149, 14626666, 117497410]"
131,2003,meta-llama/Llama-3.1-8B,512,4,0,799382644,799382644,493552873,619859419,59841075,"[47399149, 14626666, 117497410]"
131,2147,meta-llama/Llama-3.1-8B,512,4,0,799382644,799382644,493552873,619859419,59841075,"[47399149, 14626666, 117497410]"
131,2291,meta-llama/Llama-3.1-8B,512,4,0,838723937,838723937,619859419,667258568,57155123,"[14626666, 117497410, 39341293]"
131,2435,meta-llama/Llama-3.1-8B,512,4,0,862946849,862946849,681885234,799382644,21188068,"[39341293, 12905837, 11317075]"
131,2579,meta-llama/Llama-3.1-8B,512,4,0,862946849,862946849,681885234,799382644,21188068,"[39341293, 12905837, 11317075]"
131,2723,meta-llama/Llama-3.1-8B,512,4,0,862946849,862946849,681885234,799382644,21188068,"[39341293, 12905837, 11317075]"
131,2867,meta-llama/Llama-3.1-8B,512,4,0,874247298,874247298,799382644,838723937,11841120,"[12905837, 11317075, 11300449]"
131,3011,meta-llama/Llama-3.1-8B,520,4,3000000000,3968557218,968557218,252018,934012296,11514974,"[11513918, 11514974, 11516030]"
131,3155,meta-llama/Llama-3.1-8B,520,4,3000000000,3968557218,968557218,252018,934012296,11514974,"[11513918, 11514974, 11516030]"
131,3299,meta-llama/Llama-3.1-8B,520,4,3000000000,3968557218,968557218,252018,934012296,11514974,"[11513918, 11514974, 11516030]"
131,3443,meta-llama/Llama-3.1-8B,520,4,3000000000,3968557218,968557218,252018,934012296,11514974,"[11513918, 11514974, 11516030]"
131,3587,meta-llama/Llama-3.1-8B,520,4,3000000000,3968557218,968557218,252018,934012296,11514974,"[11513918, 11514974, 11516030]"
131,3731,meta-llama/Llama-3.1-8B,520,4,3000000000,3968557218,968557218,252018,934012296,11514974,"[11513918, 11514974, 11516030]"
131,3875,meta-llama/Llama-3.1-8B,520,4,3000000000,3968557218,968557218,252018,934012296,11514974,"[11513918, 11514974, 11516030]"
131,4019,meta-llama/Llama-3.1-8B,520,4,3000000000,3968557218,968557218,252018,934012296,11514974,"[11513918, 11514974, 11516030]"
131,4163,meta-llama/Llama-3.1-8B,520,4,3000000000,4971035970,1971035970,968557218,1936491048,11514974,"[11513918, 11514974, 11516030]"
131,4307,meta-llama/Llama-3.1-8B,520,4,3000000000,4971035970,1971035970,968557218,1936491048,11514974,"[11513918, 11514974, 11516030]"
131,4451,meta-llama/Llama-3.1-8B,520,4,3000000000,4971035970,1971035970,968557218,1936491048,11514974,"[11513918, 11514974, 11516030]"
131,4595,meta-llama/Llama-3.1-8B,520,4,3000000000,4971035970,1971035970,968557218,1936491048,11514974,"[11513918, 11514974, 11516030]"
131,4739,meta-llama/Llama-3.1-8B,520,4,3000000000,4971035970,1971035970,968557218,1936491048,11514974,"[11513918, 11514974, 11516030]"
131,4883,meta-llama/Llama-3.1-8B,520,4,3000000000,4971035970,1971035970,968557218,1936491048,11514974,"[11513918, 11514974, 11516030]"
131,5027,meta-llama/Llama-3.1-8B,520,4,3000000000,4971035970,1971035970,968557218,1936491048,11514974,"[11513918, 11514974, 11516030]"
131,5171,meta-llama/Llama-3.1-8B,520,4,3000000000,4971035970,1971035970,968557218,1936491048,11514974,"[11513918, 11514974, 11516030]"
131,5315,meta-llama/Llama-3.1-8B,520,4,3000000000,5970925974,2970925974,1971035970,2937083235,11280913,"[11280401, 11280913, 11281425]"
131,5459,meta-llama/Llama-3.1-8B,520,4,3000000000,5970925974,2970925974,1971035970,2937083235,11280913,"[11280401, 11280913, 11281425]"
131,5603,meta-llama/Llama-3.1-8B,520,4,3000000000,5970925974,2970925974,1971035970,2937083235,11280913,"[11280401, 11280913, 11281425]"
131,5747,meta-llama/Llama-3.1-8B,520,4,3000000000,5970925974,2970925974,1971035970,2937083235,11280913,"[11280401, 11280913, 11281425]"
132,132,meta-llama/Llama-3.1-8B,512,4,0,341418882,341418882,1,152806662,62870740,"[159065888, 17730971, 11815361]"
132,276,meta-llama/Llama-3.1-8B,512,4,0,341418882,341418882,1,152806662,62870740,"[159065888, 17730971, 11815361]"
132,420,meta-llama/Llama-3.1-8B,512,4,0,341418882,341418882,1,152806662,62870740,"[159065888, 17730971, 11815361]"
132,564,meta-llama/Llama-3.1-8B,512,4,0,341418882,341418882,1,152806662,62870740,"[159065888, 17730971, 11815361]"
132,708,meta-llama/Llama-3.1-8B,512,4,0,494078329,494078329,152806662,311872550,60735259,"[17730971, 11815361, 152659447]"
132,852,meta-llama/Llama-3.1-8B,512,4,0,494078329,494078329,152806662,311872550,60735259,"[17730971, 11815361, 152659447]"
132,996,meta-llama/Llama-3.1-8B,512,4,0,494078329,494078329,152806662,311872550,60735259,"[17730971, 11815361, 152659447]"
132,1140,meta-llama/Llama-3.1-8B,512,4,0,620255593,620255593,311872550,329603521,96884024,"[11815361, 152659447, 126177264]"
132,1284,meta-llama/Llama-3.1-8B,512,4,0,681887406,681887406,341418882,494078329,62603025,"[126177264, 47136224, 14495589]"
132,1428,meta-llama/Llama-3.1-8B,512,4,0,681887406,681887406,341418882,494078329,62603025,"[126177264, 47136224, 14495589]"
132,1572,meta-llama/Llama-3.1-8B,512,4,0,681887406,681887406,341418882,494078329,62603025,"[126177264, 47136224, 14495589]"
132,1716,meta-llama/Llama-3.1-8B,512,4,0,799778048,799778048,494078329,620255593,59840818,"[47136224, 14495589, 117890642]"
132,1860,meta-llama/Llama-3.1-8B,512,4,0,799778048,799778048,494078329,620255593,59840818,"[47136224, 14495589, 117890642]"
132,2004,meta-llama/Llama-3.1-8B,512,4,0,799778048,799778048,494078329,620255593,59840818,"[47136224, 14495589, 117890642]"
132,2148,meta-llama/Llama-3.1-8B,512,4,0,799778048,799778048,494078329,620255593,59840818,"[47136224, 14495589, 117890642]"
132,2292,meta-llama/Llama-3.1-8B,512,4,0,838856417,838856417,620255593,667391817,57154866,"[14495589, 117890642, 39078369]"
132,2436,meta-llama/Llama-3.1-8B,512,4,0,862947995,862947995,681887406,799778048,21056649,"[39078369, 12774879, 11316699]"
132,2580,meta-llama/Llama-3.1-8B,512,4,0,862947995,862947995,681887406,799778048,21056649,"[39078369, 12774879, 11316699]"
132,2724,meta-llama/Llama-3.1-8B,512,4,0,862947995,862947995,681887406,799778048,21056649,"[39078369, 12774879, 11316699]"
132,2868,meta-llama/Llama-3.1-8B,512,4,0,874247674,874247674,799778048,838856417,11797085,"[12774879, 11316699, 11299679]"
132,3012,meta-llama/Llama-3.1-8B,520,4,3000000000,3975518876,975518876,252018,940973954,11514974,"[11513918, 11514974, 11516030]"
132,3156,meta-llama/Llama-3.1-8B,520,4,3000000000,3975518876,975518876,252018,940973954,11514974,"[11513918, 11514974, 11516030]"
132,3300,meta-llama/Llama-3.1-8B,520,4,3000000000,3975518876,975518876,252018,940973954,11514974,"[11513918, 11514974, 11516030]"
132,3444,meta-llama/Llama-3.1-8B,520,4,3000000000,3975518876,975518876,252018,940973954,11514974,"[11513918, 11514974, 11516030]"
132,3588,meta-llama/Llama-3.1-8B,520,4,3000000000,3975518876,975518876,252018,940973954,11514974,"[11513918, 11514974, 11516030]"
132,3732,meta-llama/Llama-3.1-8B,520,4,3000000000,3975518876,975518876,252018,940973954,11514974,"[11513918, 11514974, 11516030]"
132,3876,meta-llama/Llama-3.1-8B,520,4,3000000000,3975518876,975518876,252018,940973954,11514974,"[11513918, 11514974, 11516030]"
132,4020,meta-llama/Llama-3.1-8B,520,4,3000000000,3975518876,975518876,252018,940973954,11514974,"[11513918, 11514974, 11516030]"
132,4164,meta-llama/Llama-3.1-8B,520,4,3000000000,4977997628,1977997628,975518876,1943452706,11514974,"[11513918, 11514974, 11516030]"
132,4308,meta-llama/Llama-3.1-8B,520,4,3000000000,4977997628,1977997628,975518876,1943452706,11514974,"[11513918, 11514974, 11516030]"
132,4452,meta-llama/Llama-3.1-8B,520,4,3000000000,4977997628,1977997628,975518876,1943452706,11514974,"[11513918, 11514974, 11516030]"
132,4596,meta-llama/Llama-3.1-8B,520,4,3000000000,4977997628,1977997628,975518876,1943452706,11514974,"[11513918, 11514974, 11516030]"
132,4740,meta-llama/Llama-3.1-8B,520,4,3000000000,4977997628,1977997628,975518876,1943452706,11514974,"[11513918, 11514974, 11516030]"
132,4884,meta-llama/Llama-3.1-8B,520,4,3000000000,4977997628,1977997628,975518876,1943452706,11514974,"[11513918, 11514974, 11516030]"
132,5028,meta-llama/Llama-3.1-8B,520,4,3000000000,4977997628,1977997628,975518876,1943452706,11514974,"[11513918, 11514974, 11516030]"
132,5172,meta-llama/Llama-3.1-8B,520,4,3000000000,4977997628,1977997628,975518876,1943452706,11514974,"[11513918, 11514974, 11516030]"
132,5316,meta-llama/Llama-3.1-8B,520,4,3000000000,5977887632,2977887632,1977997628,2944044893,11280913,"[11280401, 11280913, 11281425]"
132,5460,meta-llama/Llama-3.1-8B,520,4,3000000000,5977887632,2977887632,1977997628,2944044893,11280913,"[11280401, 11280913, 11281425]"
132,5604,meta-llama/Llama-3.1-8B,520,4,3000000000,5977887632,2977887632,1977997628,2944044893,11280913,"[11280401, 11280913, 11281425]"
132,5748,meta-llama/Llama-3.1-8B,520,4,3000000000,5977887632,2977887632,1977997628,2944044893,11280913,"[11280401, 11280913, 11281425]"
133,133,meta-llama/Llama-3.1-8B,512,4,0,341421054,341421054,1,153332118,62696312,"[159065888, 17208456, 11814592]"
133,277,meta-llama/Llama-3.1-8B,512,4,0,341421054,341421054,1,153332118,62696312,"[159065888, 17208456, 11814592]"
133,421,meta-llama/Llama-3.1-8B,512,4,0,341421054,341421054,1,153332118,62696312,"[159065888, 17208456, 11814592]"
133,565,meta-llama/Llama-3.1-8B,512,4,0,341421054,341421054,1,153332118,62696312,"[159065888, 17208456, 11814592]"
133,709,meta-llama/Llama-3.1-8B,512,4,0,494603785,494603785,153332118,312398006,60735259,"[17208456, 11814592, 153182731]"
133,853,meta-llama/Llama-3.1-8B,512,4,0,494603785,494603785,153332118,312398006,60735259,"[17208456, 11814592, 153182731]"
133,997,meta-llama/Llama-3.1-8B,512,4,0,494603785,494603785,153332118,312398006,60735259,"[17208456, 11814592, 153182731]"
133,1141,meta-llama/Llama-3.1-8B,512,4,0,620651767,620651767,312398006,329606462,97015101,"[11814592, 153182731, 126047982]"
133,1285,meta-llama/Llama-3.1-8B,512,4,0,681889578,681889578,341421054,494603785,62428597,"[126047982, 46873299, 14364512]"
133,1429,meta-llama/Llama-3.1-8B,512,4,0,681889578,681889578,341421054,494603785,62428597,"[126047982, 46873299, 14364512]"
133,1573,meta-llama/Llama-3.1-8B,512,4,0,681889578,681889578,341421054,494603785,62428597,"[126047982, 46873299, 14364512]"
133,1717,meta-llama/Llama-3.1-8B,512,4,0,800173452,800173452,494603785,620651767,59840561,"[46873299, 14364512, 118283874]"
133,1861,meta-llama/Llama-3.1-8B,512,4,0,800173452,800173452,494603785,620651767,59840561,"[46873299, 14364512, 118283874]"
133,2005,meta-llama/Llama-3.1-8B,512,4,0,800173452,800173452,494603785,620651767,59840561,"[46873299, 14364512, 118283874]"
133,2149,meta-llama/Llama-3.1-8B,512,4,0,800173452,800173452,494603785,620651767,59840561,"[46873299, 14364512, 118283874]"
133,2293,meta-llama/Llama-3.1-8B,512,4,0,838990643,838990643,620651767,667525066,57155192,"[14364512, 118283874, 38817191]"
133,2437,meta-llama/Llama-3.1-8B,512,4,0,862949141,862949141,681889578,800173452,20925229,"[38817191, 12642175, 11316323]"
133,2581,meta-llama/Llama-3.1-8B,512,4,0,862949141,862949141,681889578,800173452,20925229,"[38817191, 12642175, 11316323]"
133,2725,meta-llama/Llama-3.1-8B,512,4,0,862949141,862949141,681889578,800173452,20925229,"[38817191, 12642175, 11316323]"
133,2869,meta-llama/Llama-3.1-8B,512,4,0,874248050,874248050,800173452,838990643,11752469,"[12642175, 11316323, 11298909]"
133,3013,meta-llama/Llama-3.1-8B,520,4,3000000000,3982480534,982480534,252018,947935612,11514974,"[11513918, 11514974, 11516030]"
133,3157,meta-llama/Llama-3.1-8B,520,4,3000000000,3982480534,982480534,252018,947935612,11514974,"[11513918, 11514974, 11516030]"
133,3301,meta-llama/Llama-3.1-8B,520,4,3000000000,3982480534,982480534,252018,947935612,11514974,"[11513918, 11514974, 11516030]"
133,3445,meta-llama/Llama-3.1-8B,520,4,3000000000,3982480534,982480534,252018,947935612,11514974,"[11513918, 11514974, 11516030]"
133,3589,meta-llama/Llama-3.1-8B,520,4,3000000000,3982480534,982480534,252018,947935612,11514974,"[11513918, 11514974, 11516030]"
133,3733,meta-llama/Llama-3.1-8B,520,4,3000000000,3982480534,982480534,252018,947935612,11514974,"[11513918, 11514974, 11516030]"
133,3877,meta-llama/Llama-3.1-8B,520,4,3000000000,3982480534,982480534,252018,947935612,11514974,"[11513918, 11514974, 11516030]"
133,4021,meta-llama/Llama-3.1-8B,520,4,3000000000,3982480534,982480534,252018,947935612,11514974,"[11513918, 11514974, 11516030]"
133,4165,meta-llama/Llama-3.1-8B,520,4,3000000000,4984959286,1984959286,982480534,1950414364,11514974,"[11513918, 11514974, 11516030]"
133,4309,meta-llama/Llama-3.1-8B,520,4,3000000000,4984959286,1984959286,982480534,1950414364,11514974,"[11513918, 11514974, 11516030]"
133,4453,meta-llama/Llama-3.1-8B,520,4,3000000000,4984959286,1984959286,982480534,1950414364,11514974,"[11513918, 11514974, 11516030]"
133,4597,meta-llama/Llama-3.1-8B,520,4,3000000000,4984959286,1984959286,982480534,1950414364,11514974,"[11513918, 11514974, 11516030]"
133,4741,meta-llama/Llama-3.1-8B,520,4,3000000000,4984959286,1984959286,982480534,1950414364,11514974,"[11513918, 11514974, 11516030]"
133,4885,meta-llama/Llama-3.1-8B,520,4,3000000000,4984959286,1984959286,982480534,1950414364,11514974,"[11513918, 11514974, 11516030]"
133,5029,meta-llama/Llama-3.1-8B,520,4,3000000000,4984959286,1984959286,982480534,1950414364,11514974,"[11513918, 11514974, 11516030]"
133,5173,meta-llama/Llama-3.1-8B,520,4,3000000000,4984959286,1984959286,982480534,1950414364,11514974,"[11513918, 11514974, 11516030]"
133,5317,meta-llama/Llama-3.1-8B,520,4,3000000000,5984849290,2984849290,1984959286,2951006551,11280913,"[11280401, 11280913, 11281425]"
133,5461,meta-llama/Llama-3.1-8B,520,4,3000000000,5984849290,2984849290,1984959286,2951006551,11280913,"[11280401, 11280913, 11281425]"
133,5605,meta-llama/Llama-3.1-8B,520,4,3000000000,5984849290,2984849290,1984959286,2951006551,11280913,"[11280401, 11280913, 11281425]"
133,5749,meta-llama/Llama-3.1-8B,520,4,3000000000,5984849290,2984849290,1984959286,2951006551,11280913,"[11280401, 11280913, 11281425]"
134,134,meta-llama/Llama-3.1-8B,512,4,0,341423226,341423226,1,153857574,62521884,"[159065888, 16685941, 11813823]"
134,278,meta-llama/Llama-3.1-8B,512,4,0,341423226,341423226,1,153857574,62521884,"[159065888, 16685941, 11813823]"
134,422,meta-llama/Llama-3.1-8B,512,4,0,341423226,341423226,1,153857574,62521884,"[159065888, 16685941, 11813823]"
134,566,meta-llama/Llama-3.1-8B,512,4,0,341423226,341423226,1,153857574,62521884,"[159065888, 16685941, 11813823]"
134,710,meta-llama/Llama-3.1-8B,512,4,0,495129241,495129241,153857574,312923462,60735259,"[16685941, 11813823, 153706015]"
134,854,meta-llama/Llama-3.1-8B,512,4,0,495129241,495129241,153857574,312923462,60735259,"[16685941, 11813823, 153706015]"
134,998,meta-llama/Llama-3.1-8B,512,4,0,495129241,495129241,153857574,312923462,60735259,"[16685941, 11813823, 153706015]"
134,1142,meta-llama/Llama-3.1-8B,512,4,0,621047941,621047941,312923462,329609403,97146179,"[11813823, 153706015, 125918700]"
134,1286,meta-llama/Llama-3.1-8B,512,4,0,681891750,681891750,341423226,495129241,62254169,"[125918700, 46610374, 14233435]"
134,1430,meta-llama/Llama-3.1-8B,512,4,0,681891750,681891750,341423226,495129241,62254169,"[125918700, 46610374, 14233435]"
134,1574,meta-llama/Llama-3.1-8B,512,4,0,681891750,681891750,341423226,495129241,62254169,"[125918700, 46610374, 14233435]"
134,1718,meta-llama/Llama-3.1-8B,512,4,0,800596893,800596893,495129241,621047941,59849650,"[46610374, 14233435, 118705143]"
134,1862,meta-llama/Llama-3.1-8B,512,4,0,800596893,800596893,495129241,621047941,59849650,"[46610374, 14233435, 118705143]"
134,2006,meta-llama/Llama-3.1-8B,512,4,0,800596893,800596893,495129241,621047941,59849650,"[46610374, 14233435, 118705143]"
134,2150,meta-llama/Llama-3.1-8B,512,4,0,800596893,800596893,495129241,621047941,59849650,"[46610374, 14233435, 118705143]"
134,2294,meta-llama/Llama-3.1-8B,512,4,0,839123243,839123243,621047941,667658315,57154976,"[14233435, 118705143, 38526350]"
134,2438,meta-llama/Llama-3.1-8B,512,4,0,862950287,862950287,681891750,800596893,20784464,"[38526350, 12510721, 11316323]"
134,2582,meta-llama/Llama-3.1-8B,512,4,0,862950287,862950287,681891750,800596893,20784464,"[38526350, 12510721, 11316323]"
134,2726,meta-llama/Llama-3.1-8B,512,4,0,862950287,862950287,681891750,800596893,20784464,"[38526350, 12510721, 11316323]"
134,2870,meta-llama/Llama-3.1-8B,512,4,0,874248426,874248426,800596893,839123243,11708394,"[12510721, 11316323, 11298139]"
134,3014,meta-llama/Llama-3.1-8B,520,4,3000000000,3989442192,989442192,252018,954897270,11514974,"[11513918, 11514974, 11516030]"
134,3158,meta-llama/Llama-3.1-8B,520,4,3000000000,3989442192,989442192,252018,954897270,11514974,"[11513918, 11514974, 11516030]"
134,3302,meta-llama/Llama-3.1-8B,520,4,3000000000,3989442192,989442192,252018,954897270,11514974,"[11513918, 11514974, 11516030]"
134,3446,meta-llama/Llama-3.1-8B,520,4,3000000000,3989442192,989442192,252018,954897270,11514974,"[11513918, 11514974, 11516030]"
134,3590,meta-llama/Llama-3.1-8B,520,4,3000000000,3989442192,989442192,252018,954897270,11514974,"[11513918, 11514974, 11516030]"
134,3734,meta-llama/Llama-3.1-8B,520,4,3000000000,3989442192,989442192,252018,954897270,11514974,"[11513918, 11514974, 11516030]"
134,3878,meta-llama/Llama-3.1-8B,520,4,3000000000,3989442192,989442192,252018,954897270,11514974,"[11513918, 11514974, 11516030]"
134,4022,meta-llama/Llama-3.1-8B,520,4,3000000000,3989442192,989442192,252018,954897270,11514974,"[11513918, 11514974, 11516030]"
134,4166,meta-llama/Llama-3.1-8B,520,4,3000000000,4991920944,1991920944,989442192,1957376022,11514974,"[11513918, 11514974, 11516030]"
134,4310,meta-llama/Llama-3.1-8B,520,4,3000000000,4991920944,1991920944,989442192,1957376022,11514974,"[11513918, 11514974, 11516030]"
134,4454,meta-llama/Llama-3.1-8B,520,4,3000000000,4991920944,1991920944,989442192,1957376022,11514974,"[11513918, 11514974, 11516030]"
134,4598,meta-llama/Llama-3.1-8B,520,4,3000000000,4991920944,1991920944,989442192,1957376022,11514974,"[11513918, 11514974, 11516030]"
134,4742,meta-llama/Llama-3.1-8B,520,4,3000000000,4991920944,1991920944,989442192,1957376022,11514974,"[11513918, 11514974, 11516030]"
134,4886,meta-llama/Llama-3.1-8B,520,4,3000000000,4991920944,1991920944,989442192,1957376022,11514974,"[11513918, 11514974, 11516030]"
134,5030,meta-llama/Llama-3.1-8B,520,4,3000000000,4991920944,1991920944,989442192,1957376022,11514974,"[11513918, 11514974, 11516030]"
134,5174,meta-llama/Llama-3.1-8B,520,4,3000000000,4991920944,1991920944,989442192,1957376022,11514974,"[11513918, 11514974, 11516030]"
134,5318,meta-llama/Llama-3.1-8B,520,4,3000000000,5991810948,2991810948,1991920944,2957968209,11280913,"[11280401, 11280913, 11281425]"
134,5462,meta-llama/Llama-3.1-8B,520,4,3000000000,5991810948,2991810948,1991920944,2957968209,11280913,"[11280401, 11280913, 11281425]"
134,5606,meta-llama/Llama-3.1-8B,520,4,3000000000,5991810948,2991810948,1991920944,2957968209,11280913,"[11280401, 11280913, 11281425]"
134,5750,meta-llama/Llama-3.1-8B,520,4,3000000000,5991810948,2991810948,1991920944,2957968209,11280913,"[11280401, 11280913, 11281425]"
135,135,meta-llama/Llama-3.1-8B,512,4,0,341425398,341425398,1,154383030,62347456,"[159065888, 16163426, 11813054]"
135,279,meta-llama/Llama-3.1-8B,512,4,0,341425398,341425398,1,154383030,62347456,"[159065888, 16163426, 11813054]"
135,423,meta-llama/Llama-3.1-8B,512,4,0,341425398,341425398,1,154383030,62347456,"[159065888, 16163426, 11813054]"
135,567,meta-llama/Llama-3.1-8B,512,4,0,341425398,341425398,1,154383030,62347456,"[159065888, 16163426, 11813054]"
135,711,meta-llama/Llama-3.1-8B,512,4,0,495654697,495654697,154383030,313448918,60735259,"[16163426, 11813054, 154229299]"
135,855,meta-llama/Llama-3.1-8B,512,4,0,495654697,495654697,154383030,313448918,60735259,"[16163426, 11813054, 154229299]"
135,999,meta-llama/Llama-3.1-8B,512,4,0,495654697,495654697,154383030,313448918,60735259,"[16163426, 11813054, 154229299]"
135,1143,meta-llama/Llama-3.1-8B,512,4,0,621444115,621444115,313448918,329612344,97277257,"[11813054, 154229299, 125789418]"
135,1287,meta-llama/Llama-3.1-8B,512,4,0,681893922,681893922,341425398,495654697,62079741,"[125789418, 46347449, 14102358]"
135,1431,meta-llama/Llama-3.1-8B,512,4,0,681893922,681893922,341425398,495654697,62079741,"[125789418, 46347449, 14102358]"
135,1575,meta-llama/Llama-3.1-8B,512,4,0,681893922,681893922,341425398,495654697,62079741,"[125789418, 46347449, 14102358]"
135,1719,meta-llama/Llama-3.1-8B,512,4,0,800992297,800992297,495654697,621444115,59849394,"[46347449, 14102358, 119098375]"
135,1863,meta-llama/Llama-3.1-8B,512,4,0,800992297,800992297,495654697,621444115,59849394,"[46347449, 14102358, 119098375]"
135,2007,meta-llama/Llama-3.1-8B,512,4,0,800992297,800992297,495654697,621444115,59849394,"[46347449, 14102358, 119098375]"
135,2151,meta-llama/Llama-3.1-8B,512,4,0,800992297,800992297,495654697,621444115,59849394,"[46347449, 14102358, 119098375]"
135,2295,meta-llama/Llama-3.1-8B,512,4,0,839255723,839255723,621444115,667791564,57154719,"[14102358, 119098375, 38263426]"
135,2439,meta-llama/Llama-3.1-8B,512,4,0,862951433,862951433,681893922,800992297,20653045,"[38263426, 12379387, 11316323]"
135,2583,meta-llama/Llama-3.1-8B,512,4,0,862951433,862951433,681893922,800992297,20653045,"[38263426, 12379387, 11316323]"
135,2727,meta-llama/Llama-3.1-8B,512,4,0,862951433,862951433,681893922,800992297,20653045,"[38263426, 12379387, 11316323]"
135,2871,meta-llama/Llama-3.1-8B,512,4,0,874249010,874249010,800992297,839255723,11664429,"[12379387, 11316323, 11297577]"
135,3015,meta-llama/Llama-3.1-8B,520,4,3000000000,3996403850,996403850,252018,961858928,11514974,"[11513918, 11514974, 11516030]"
135,3159,meta-llama/Llama-3.1-8B,520,4,3000000000,3996403850,996403850,252018,961858928,11514974,"[11513918, 11514974, 11516030]"
135,3303,meta-llama/Llama-3.1-8B,520,4,3000000000,3996403850,996403850,252018,961858928,11514974,"[11513918, 11514974, 11516030]"
135,3447,meta-llama/Llama-3.1-8B,520,4,3000000000,3996403850,996403850,252018,961858928,11514974,"[11513918, 11514974, 11516030]"
135,3591,meta-llama/Llama-3.1-8B,520,4,3000000000,3996403850,996403850,252018,961858928,11514974,"[11513918, 11514974, 11516030]"
135,3735,meta-llama/Llama-3.1-8B,520,4,3000000000,3996403850,996403850,252018,961858928,11514974,"[11513918, 11514974, 11516030]"
135,3879,meta-llama/Llama-3.1-8B,520,4,3000000000,3996403850,996403850,252018,961858928,11514974,"[11513918, 11514974, 11516030]"
135,4023,meta-llama/Llama-3.1-8B,520,4,3000000000,3996403850,996403850,252018,961858928,11514974,"[11513918, 11514974, 11516030]"
135,4167,meta-llama/Llama-3.1-8B,520,4,3000000000,4998882602,1998882602,996403850,1964337680,11514974,"[11513918, 11514974, 11516030]"
135,4311,meta-llama/Llama-3.1-8B,520,4,3000000000,4998882602,1998882602,996403850,1964337680,11514974,"[11513918, 11514974, 11516030]"
135,4455,meta-llama/Llama-3.1-8B,520,4,3000000000,4998882602,1998882602,996403850,1964337680,11514974,"[11513918, 11514974, 11516030]"
135,4599,meta-llama/Llama-3.1-8B,520,4,3000000000,4998882602,1998882602,996403850,1964337680,11514974,"[11513918, 11514974, 11516030]"
135,4743,meta-llama/Llama-3.1-8B,520,4,3000000000,4998882602,1998882602,996403850,1964337680,11514974,"[11513918, 11514974, 11516030]"
135,4887,meta-llama/Llama-3.1-8B,520,4,3000000000,4998882602,1998882602,996403850,1964337680,11514974,"[11513918, 11514974, 11516030]"
135,5031,meta-llama/Llama-3.1-8B,520,4,3000000000,4998882602,1998882602,996403850,1964337680,11514974,"[11513918, 11514974, 11516030]"
135,5175,meta-llama/Llama-3.1-8B,520,4,3000000000,4998882602,1998882602,996403850,1964337680,11514974,"[11513918, 11514974, 11516030]"
135,5319,meta-llama/Llama-3.1-8B,520,4,3000000000,5998772606,2998772606,1998882602,2964929867,11280913,"[11280401, 11280913, 11281425]"
135,5463,meta-llama/Llama-3.1-8B,520,4,3000000000,5998772606,2998772606,1998882602,2964929867,11280913,"[11280401, 11280913, 11281425]"
135,5607,meta-llama/Llama-3.1-8B,520,4,3000000000,5998772606,2998772606,1998882602,2964929867,11280913,"[11280401, 11280913, 11281425]"
135,5751,meta-llama/Llama-3.1-8B,520,4,3000000000,5998772606,2998772606,1998882602,2964929867,11280913,"[11280401, 11280913, 11281425]"
136,136,meta-llama/Llama-3.1-8B,512,4,0,341427570,341427570,1,154908486,62173028,"[159065888, 15640911, 11812285]"
136,280,meta-llama/Llama-3.1-8B,512,4,0,341427570,341427570,1,154908486,62173028,"[159065888, 15640911, 11812285]"
136,424,meta-llama/Llama-3.1-8B,512,4,0,341427570,341427570,1,154908486,62173028,"[159065888, 15640911, 11812285]"
136,568,meta-llama/Llama-3.1-8B,512,4,0,341427570,341427570,1,154908486,62173028,"[159065888, 15640911, 11812285]"
136,712,meta-llama/Llama-3.1-8B,512,4,0,496180153,496180153,154908486,313974374,60735259,"[15640911, 11812285, 154752583]"
136,856,meta-llama/Llama-3.1-8B,512,4,0,496180153,496180153,154908486,313974374,60735259,"[15640911, 11812285, 154752583]"
136,1000,meta-llama/Llama-3.1-8B,512,4,0,496180153,496180153,154908486,313974374,60735259,"[15640911, 11812285, 154752583]"
136,1144,meta-llama/Llama-3.1-8B,512,4,0,621840289,621840289,313974374,329615285,97408334,"[11812285, 154752583, 125660136]"
136,1288,meta-llama/Llama-3.1-8B,512,4,0,681896094,681896094,341427570,496180153,61905313,"[125660136, 46084524, 13971281]"
136,1432,meta-llama/Llama-3.1-8B,512,4,0,681896094,681896094,341427570,496180153,61905313,"[125660136, 46084524, 13971281]"
136,1576,meta-llama/Llama-3.1-8B,512,4,0,681896094,681896094,341427570,496180153,61905313,"[125660136, 46084524, 13971281]"
136,1720,meta-llama/Llama-3.1-8B,512,4,0,801387701,801387701,496180153,621840289,59849137,"[46084524, 13971281, 119491607]"
136,1864,meta-llama/Llama-3.1-8B,512,4,0,801387701,801387701,496180153,621840289,59849137,"[46084524, 13971281, 119491607]"
136,2008,meta-llama/Llama-3.1-8B,512,4,0,801387701,801387701,496180153,621840289,59849137,"[46084524, 13971281, 119491607]"
136,2152,meta-llama/Llama-3.1-8B,512,4,0,801387701,801387701,496180153,621840289,59849137,"[46084524, 13971281, 119491607]"
136,2296,meta-llama/Llama-3.1-8B,512,4,0,839388323,839388323,621840289,667924813,57154503,"[13971281, 119491607, 38000622]"
136,2440,meta-llama/Llama-3.1-8B,512,4,0,862952579,862952579,681896094,801387701,20521626,"[38000622, 12248053, 11316203]"
136,2584,meta-llama/Llama-3.1-8B,512,4,0,862952579,862952579,681896094,801387701,20521626,"[38000622, 12248053, 11316203]"
136,2728,meta-llama/Llama-3.1-8B,512,4,0,862952579,862952579,681896094,801387701,20521626,"[38000622, 12248053, 11316203]"
136,2872,meta-llama/Llama-3.1-8B,512,4,0,874249386,874249386,801387701,839388323,11620354,"[12248053, 11316203, 11296807]"
136,3016,meta-llama/Llama-3.1-8B,520,4,3000000000,4003365508,1003365508,252018,968820586,11514974,"[11513918, 11514974, 11516030]"
136,3160,meta-llama/Llama-3.1-8B,520,4,3000000000,4003365508,1003365508,252018,968820586,11514974,"[11513918, 11514974, 11516030]"
136,3304,meta-llama/Llama-3.1-8B,520,4,3000000000,4003365508,1003365508,252018,968820586,11514974,"[11513918, 11514974, 11516030]"
136,3448,meta-llama/Llama-3.1-8B,520,4,3000000000,4003365508,1003365508,252018,968820586,11514974,"[11513918, 11514974, 11516030]"
136,3592,meta-llama/Llama-3.1-8B,520,4,3000000000,4003365508,1003365508,252018,968820586,11514974,"[11513918, 11514974, 11516030]"
136,3736,meta-llama/Llama-3.1-8B,520,4,3000000000,4003365508,1003365508,252018,968820586,11514974,"[11513918, 11514974, 11516030]"
136,3880,meta-llama/Llama-3.1-8B,520,4,3000000000,4003365508,1003365508,252018,968820586,11514974,"[11513918, 11514974, 11516030]"
136,4024,meta-llama/Llama-3.1-8B,520,4,3000000000,4003365508,1003365508,252018,968820586,11514974,"[11513918, 11514974, 11516030]"
136,4168,meta-llama/Llama-3.1-8B,520,4,3000000000,5005844260,2005844260,1003365508,1971299338,11514974,"[11513918, 11514974, 11516030]"
136,4312,meta-llama/Llama-3.1-8B,520,4,3000000000,5005844260,2005844260,1003365508,1971299338,11514974,"[11513918, 11514974, 11516030]"
136,4456,meta-llama/Llama-3.1-8B,520,4,3000000000,5005844260,2005844260,1003365508,1971299338,11514974,"[11513918, 11514974, 11516030]"
136,4600,meta-llama/Llama-3.1-8B,520,4,3000000000,5005844260,2005844260,1003365508,1971299338,11514974,"[11513918, 11514974, 11516030]"
136,4744,meta-llama/Llama-3.1-8B,520,4,3000000000,5005844260,2005844260,1003365508,1971299338,11514974,"[11513918, 11514974, 11516030]"
136,4888,meta-llama/Llama-3.1-8B,520,4,3000000000,5005844260,2005844260,1003365508,1971299338,11514974,"[11513918, 11514974, 11516030]"
136,5032,meta-llama/Llama-3.1-8B,520,4,3000000000,5005844260,2005844260,1003365508,1971299338,11514974,"[11513918, 11514974, 11516030]"
136,5176,meta-llama/Llama-3.1-8B,520,4,3000000000,5005844260,2005844260,1003365508,1971299338,11514974,"[11513918, 11514974, 11516030]"
136,5320,meta-llama/Llama-3.1-8B,520,4,3000000000,6005734264,3005734264,2005844260,2971891525,11280913,"[11280401, 11280913, 11281425]"
136,5464,meta-llama/Llama-3.1-8B,520,4,3000000000,6005734264,3005734264,2005844260,2971891525,11280913,"[11280401, 11280913, 11281425]"
136,5608,meta-llama/Llama-3.1-8B,520,4,3000000000,6005734264,3005734264,2005844260,2971891525,11280913,"[11280401, 11280913, 11281425]"
136,5752,meta-llama/Llama-3.1-8B,520,4,3000000000,6005734264,3005734264,2005844260,2971891525,11280913,"[11280401, 11280913, 11281425]"
137,137,meta-llama/Llama-3.1-8B,512,4,0,341429742,341429742,1,155433942,61998600,"[159065888, 15118396, 11811516]"
137,281,meta-llama/Llama-3.1-8B,512,4,0,341429742,341429742,1,155433942,61998600,"[159065888, 15118396, 11811516]"
137,425,meta-llama/Llama-3.1-8B,512,4,0,341429742,341429742,1,155433942,61998600,"[159065888, 15118396, 11811516]"
137,569,meta-llama/Llama-3.1-8B,512,4,0,341429742,341429742,1,155433942,61998600,"[159065888, 15118396, 11811516]"
137,713,meta-llama/Llama-3.1-8B,512,4,0,496705609,496705609,155433942,314499830,60735259,"[15118396, 11811516, 155275867]"
137,857,meta-llama/Llama-3.1-8B,512,4,0,496705609,496705609,155433942,314499830,60735259,"[15118396, 11811516, 155275867]"
137,1001,meta-llama/Llama-3.1-8B,512,4,0,496705609,496705609,155433942,314499830,60735259,"[15118396, 11811516, 155275867]"
137,1145,meta-llama/Llama-3.1-8B,512,4,0,622236463,622236463,314499830,329618226,97539412,"[11811516, 155275867, 125530854]"
137,1289,meta-llama/Llama-3.1-8B,512,4,0,681898266,681898266,341429742,496705609,61730885,"[125530854, 45821599, 13840204]"
137,1433,meta-llama/Llama-3.1-8B,512,4,0,681898266,681898266,341429742,496705609,61730885,"[125530854, 45821599, 13840204]"
137,1577,meta-llama/Llama-3.1-8B,512,4,0,681898266,681898266,341429742,496705609,61730885,"[125530854, 45821599, 13840204]"
137,1721,meta-llama/Llama-3.1-8B,512,4,0,801811142,801811142,496705609,622236463,59858226,"[45821599, 13840204, 119912876]"
137,1865,meta-llama/Llama-3.1-8B,512,4,0,801811142,801811142,496705609,622236463,59858226,"[45821599, 13840204, 119912876]"
137,2009,meta-llama/Llama-3.1-8B,512,4,0,801811142,801811142,496705609,622236463,59858226,"[45821599, 13840204, 119912876]"
137,2153,meta-llama/Llama-3.1-8B,512,4,0,801811142,801811142,496705609,622236463,59858226,"[45821599, 13840204, 119912876]"
137,2297,meta-llama/Llama-3.1-8B,512,4,0,839520803,839520803,622236463,668058062,57154247,"[13840204, 119912876, 37709661]"
137,2441,meta-llama/Llama-3.1-8B,512,4,0,862953845,862953845,681898266,801811142,20380901,"[37709661, 12117967, 11315075]"
137,2585,meta-llama/Llama-3.1-8B,512,4,0,862953845,862953845,681898266,801811142,20380901,"[37709661, 12117967, 11315075]"
137,2729,meta-llama/Llama-3.1-8B,512,4,0,862953845,862953845,681898266,801811142,20380901,"[37709661, 12117967, 11315075]"
137,2873,meta-llama/Llama-3.1-8B,512,4,0,874249762,874249762,801811142,839520803,11576319,"[12117967, 11315075, 11295917]"
137,3017,meta-llama/Llama-3.1-8B,520,4,3000000000,4010327166,1010327166,252018,975782244,11514974,"[11513918, 11514974, 11516030]"
137,3161,meta-llama/Llama-3.1-8B,520,4,3000000000,4010327166,1010327166,252018,975782244,11514974,"[11513918, 11514974, 11516030]"
137,3305,meta-llama/Llama-3.1-8B,520,4,3000000000,4010327166,1010327166,252018,975782244,11514974,"[11513918, 11514974, 11516030]"
137,3449,meta-llama/Llama-3.1-8B,520,4,3000000000,4010327166,1010327166,252018,975782244,11514974,"[11513918, 11514974, 11516030]"
137,3593,meta-llama/Llama-3.1-8B,520,4,3000000000,4010327166,1010327166,252018,975782244,11514974,"[11513918, 11514974, 11516030]"
137,3737,meta-llama/Llama-3.1-8B,520,4,3000000000,4010327166,1010327166,252018,975782244,11514974,"[11513918, 11514974, 11516030]"
137,3881,meta-llama/Llama-3.1-8B,520,4,3000000000,4010327166,1010327166,252018,975782244,11514974,"[11513918, 11514974, 11516030]"
137,4025,meta-llama/Llama-3.1-8B,520,4,3000000000,4010327166,1010327166,252018,975782244,11514974,"[11513918, 11514974, 11516030]"
137,4169,meta-llama/Llama-3.1-8B,520,4,3000000000,5012805918,2012805918,1010327166,1978260996,11514974,"[11513918, 11514974, 11516030]"
137,4313,meta-llama/Llama-3.1-8B,520,4,3000000000,5012805918,2012805918,1010327166,1978260996,11514974,"[11513918, 11514974, 11516030]"
137,4457,meta-llama/Llama-3.1-8B,520,4,3000000000,5012805918,2012805918,1010327166,1978260996,11514974,"[11513918, 11514974, 11516030]"
137,4601,meta-llama/Llama-3.1-8B,520,4,3000000000,5012805918,2012805918,1010327166,1978260996,11514974,"[11513918, 11514974, 11516030]"
137,4745,meta-llama/Llama-3.1-8B,520,4,3000000000,5012805918,2012805918,1010327166,1978260996,11514974,"[11513918, 11514974, 11516030]"
137,4889,meta-llama/Llama-3.1-8B,520,4,3000000000,5012805918,2012805918,1010327166,1978260996,11514974,"[11513918, 11514974, 11516030]"
137,5033,meta-llama/Llama-3.1-8B,520,4,3000000000,5012805918,2012805918,1010327166,1978260996,11514974,"[11513918, 11514974, 11516030]"
137,5177,meta-llama/Llama-3.1-8B,520,4,3000000000,5012805918,2012805918,1010327166,1978260996,11514974,"[11513918, 11514974, 11516030]"
137,5321,meta-llama/Llama-3.1-8B,520,4,3000000000,6012695922,3012695922,2012805918,2978853183,11280913,"[11280401, 11280913, 11281425]"
137,5465,meta-llama/Llama-3.1-8B,520,4,3000000000,6012695922,3012695922,2012805918,2978853183,11280913,"[11280401, 11280913, 11281425]"
137,5609,meta-llama/Llama-3.1-8B,520,4,3000000000,6012695922,3012695922,2012805918,2978853183,11280913,"[11280401, 11280913, 11281425]"
137,5753,meta-llama/Llama-3.1-8B,520,4,3000000000,6012695922,3012695922,2012805918,2978853183,11280913,"[11280401, 11280913, 11281425]"
138,138,meta-llama/Llama-3.1-8B,512,4,0,341431914,341431914,1,155959398,61824172,"[159065888, 14595881, 11810747]"
138,282,meta-llama/Llama-3.1-8B,512,4,0,341431914,341431914,1,155959398,61824172,"[159065888, 14595881, 11810747]"
138,426,meta-llama/Llama-3.1-8B,512,4,0,341431914,341431914,1,155959398,61824172,"[159065888, 14595881, 11810747]"
138,570,meta-llama/Llama-3.1-8B,512,4,0,341431914,341431914,1,155959398,61824172,"[159065888, 14595881, 11810747]"
138,714,meta-llama/Llama-3.1-8B,512,4,0,497231065,497231065,155959398,315025286,60735259,"[14595881, 11810747, 155799151]"
138,858,meta-llama/Llama-3.1-8B,512,4,0,497231065,497231065,155959398,315025286,60735259,"[14595881, 11810747, 155799151]"
138,1002,meta-llama/Llama-3.1-8B,512,4,0,497231065,497231065,155959398,315025286,60735259,"[14595881, 11810747, 155799151]"
138,1146,meta-llama/Llama-3.1-8B,512,4,0,622632759,622632759,315025286,329621167,97670530,"[11810747, 155799151, 125401694]"
138,1290,meta-llama/Llama-3.1-8B,512,4,0,681900438,681900438,341431914,497231065,61556457,"[125401694, 45558552, 13709127]"
138,1434,meta-llama/Llama-3.1-8B,512,4,0,681900438,681900438,341431914,497231065,61556457,"[125401694, 45558552, 13709127]"
138,1578,meta-llama/Llama-3.1-8B,512,4,0,681900438,681900438,341431914,497231065,61556457,"[125401694, 45558552, 13709127]"
138,1722,meta-llama/Llama-3.1-8B,512,4,0,802206546,802206546,497231065,622632759,59857929,"[45558552, 13709127, 120306108]"
138,1866,meta-llama/Llama-3.1-8B,512,4,0,802206546,802206546,497231065,622632759,59857929,"[45558552, 13709127, 120306108]"
138,2010,meta-llama/Llama-3.1-8B,512,4,0,802206546,802206546,497231065,622632759,59857929,"[45558552, 13709127, 120306108]"
138,2154,meta-llama/Llama-3.1-8B,512,4,0,802206546,802206546,497231065,622632759,59857929,"[45558552, 13709127, 120306108]"
138,2298,meta-llama/Llama-3.1-8B,512,4,0,839653403,839653403,622632759,668191311,57154030,"[13709127, 120306108, 37446857]"
138,2442,meta-llama/Llama-3.1-8B,512,4,0,862954991,862954991,681900438,802206546,20249481,"[37446857, 11986889, 11314699]"
138,2586,meta-llama/Llama-3.1-8B,512,4,0,862954991,862954991,681900438,802206546,20249481,"[37446857, 11986889, 11314699]"
138,2730,meta-llama/Llama-3.1-8B,512,4,0,862954991,862954991,681900438,802206546,20249481,"[37446857, 11986889, 11314699]"
138,2874,meta-llama/Llama-3.1-8B,512,4,0,874250138,874250138,802206546,839653403,11532245,"[11986889, 11314699, 11295147]"
138,3018,meta-llama/Llama-3.1-8B,520,4,3000000000,4017288824,1017288824,252018,982743902,11514974,"[11513918, 11514974, 11516030]"
138,3162,meta-llama/Llama-3.1-8B,520,4,3000000000,4017288824,1017288824,252018,982743902,11514974,"[11513918, 11514974, 11516030]"
138,3306,meta-llama/Llama-3.1-8B,520,4,3000000000,4017288824,1017288824,252018,982743902,11514974,"[11513918, 11514974, 11516030]"
138,3450,meta-llama/Llama-3.1-8B,520,4,3000000000,4017288824,1017288824,252018,982743902,11514974,"[11513918, 11514974, 11516030]"
138,3594,meta-llama/Llama-3.1-8B,520,4,3000000000,4017288824,1017288824,252018,982743902,11514974,"[11513918, 11514974, 11516030]"
138,3738,meta-llama/Llama-3.1-8B,520,4,3000000000,4017288824,1017288824,252018,982743902,11514974,"[11513918, 11514974, 11516030]"
138,3882,meta-llama/Llama-3.1-8B,520,4,3000000000,4017288824,1017288824,252018,982743902,11514974,"[11513918, 11514974, 11516030]"
138,4026,meta-llama/Llama-3.1-8B,520,4,3000000000,4017288824,1017288824,252018,982743902,11514974,"[11513918, 11514974, 11516030]"
138,4170,meta-llama/Llama-3.1-8B,520,4,3000000000,5019767576,2019767576,1017288824,1985222654,11514974,"[11513918, 11514974, 11516030]"
138,4314,meta-llama/Llama-3.1-8B,520,4,3000000000,5019767576,2019767576,1017288824,1985222654,11514974,"[11513918, 11514974, 11516030]"
138,4458,meta-llama/Llama-3.1-8B,520,4,3000000000,5019767576,2019767576,1017288824,1985222654,11514974,"[11513918, 11514974, 11516030]"
138,4602,meta-llama/Llama-3.1-8B,520,4,3000000000,5019767576,2019767576,1017288824,1985222654,11514974,"[11513918, 11514974, 11516030]"
138,4746,meta-llama/Llama-3.1-8B,520,4,3000000000,5019767576,2019767576,1017288824,1985222654,11514974,"[11513918, 11514974, 11516030]"
138,4890,meta-llama/Llama-3.1-8B,520,4,3000000000,5019767576,2019767576,1017288824,1985222654,11514974,"[11513918, 11514974, 11516030]"
138,5034,meta-llama/Llama-3.1-8B,520,4,3000000000,5019767576,2019767576,1017288824,1985222654,11514974,"[11513918, 11514974, 11516030]"
138,5178,meta-llama/Llama-3.1-8B,520,4,3000000000,5019767576,2019767576,1017288824,1985222654,11514974,"[11513918, 11514974, 11516030]"
138,5322,meta-llama/Llama-3.1-8B,520,4,3000000000,6019657580,3019657580,2019767576,2985814841,11280913,"[11280401, 11280913, 11281425]"
138,5466,meta-llama/Llama-3.1-8B,520,4,3000000000,6019657580,3019657580,2019767576,2985814841,11280913,"[11280401, 11280913, 11281425]"
138,5610,meta-llama/Llama-3.1-8B,520,4,3000000000,6019657580,3019657580,2019767576,2985814841,11280913,"[11280401, 11280913, 11281425]"
138,5754,meta-llama/Llama-3.1-8B,520,4,3000000000,6019657580,3019657580,2019767576,2985814841,11280913,"[11280401, 11280913, 11281425]"
139,139,meta-llama/Llama-3.1-8B,512,4,0,341434086,341434086,1,156484854,61649744,"[159065888, 14073366, 11809978]"
139,283,meta-llama/Llama-3.1-8B,512,4,0,341434086,341434086,1,156484854,61649744,"[159065888, 14073366, 11809978]"
139,427,meta-llama/Llama-3.1-8B,512,4,0,341434086,341434086,1,156484854,61649744,"[159065888, 14073366, 11809978]"
139,571,meta-llama/Llama-3.1-8B,512,4,0,341434086,341434086,1,156484854,61649744,"[159065888, 14073366, 11809978]"
139,715,meta-llama/Llama-3.1-8B,512,4,0,497756521,497756521,156484854,315550742,60735259,"[14073366, 11809978, 156322435]"
139,859,meta-llama/Llama-3.1-8B,512,4,0,497756521,497756521,156484854,315550742,60735259,"[14073366, 11809978, 156322435]"
139,1003,meta-llama/Llama-3.1-8B,512,4,0,497756521,497756521,156484854,315550742,60735259,"[14073366, 11809978, 156322435]"
139,1147,meta-llama/Llama-3.1-8B,512,4,0,623028933,623028933,315550742,329624108,97801608,"[11809978, 156322435, 125272412]"
139,1291,meta-llama/Llama-3.1-8B,512,4,0,681902610,681902610,341434086,497756521,61382029,"[125272412, 45295627, 13578050]"
139,1435,meta-llama/Llama-3.1-8B,512,4,0,681902610,681902610,341434086,497756521,61382029,"[125272412, 45295627, 13578050]"
139,1579,meta-llama/Llama-3.1-8B,512,4,0,681902610,681902610,341434086,497756521,61382029,"[125272412, 45295627, 13578050]"
139,1723,meta-llama/Llama-3.1-8B,512,4,0,802629987,802629987,497756521,623028933,59867018,"[45295627, 13578050, 120727377]"
139,1867,meta-llama/Llama-3.1-8B,512,4,0,802629987,802629987,497756521,623028933,59867018,"[45295627, 13578050, 120727377]"
139,2011,meta-llama/Llama-3.1-8B,512,4,0,802629987,802629987,497756521,623028933,59867018,"[45295627, 13578050, 120727377]"
139,2155,meta-llama/Llama-3.1-8B,512,4,0,802629987,802629987,497756521,623028933,59867018,"[45295627, 13578050, 120727377]"
139,2299,meta-llama/Llama-3.1-8B,512,4,0,839786003,839786003,623028933,668324560,57153814,"[13578050, 120727377, 37156016]"
139,2443,meta-llama/Llama-3.1-8B,512,4,0,862956137,862956137,681902610,802629987,20108716,"[37156016, 11858187, 11311947]"
139,2587,meta-llama/Llama-3.1-8B,512,4,0,862956137,862956137,681902610,802629987,20108716,"[37156016, 11858187, 11311947]"
139,2731,meta-llama/Llama-3.1-8B,512,4,0,862956137,862956137,681902610,802629987,20108716,"[37156016, 11858187, 11311947]"
139,2875,meta-llama/Llama-3.1-8B,512,4,0,874250514,874250514,802629987,839786003,11488170,"[11858187, 11311947, 11294377]"
139,3019,meta-llama/Llama-3.1-8B,520,4,3000000000,4024250482,1024250482,252018,989705560,11514974,"[11513918, 11514974, 11516030]"
139,3163,meta-llama/Llama-3.1-8B,520,4,3000000000,4024250482,1024250482,252018,989705560,11514974,"[11513918, 11514974, 11516030]"
139,3307,meta-llama/Llama-3.1-8B,520,4,3000000000,4024250482,1024250482,252018,989705560,11514974,"[11513918, 11514974, 11516030]"
139,3451,meta-llama/Llama-3.1-8B,520,4,3000000000,4024250482,1024250482,252018,989705560,11514974,"[11513918, 11514974, 11516030]"
139,3595,meta-llama/Llama-3.1-8B,520,4,3000000000,4024250482,1024250482,252018,989705560,11514974,"[11513918, 11514974, 11516030]"
139,3739,meta-llama/Llama-3.1-8B,520,4,3000000000,4024250482,1024250482,252018,989705560,11514974,"[11513918, 11514974, 11516030]"
139,3883,meta-llama/Llama-3.1-8B,520,4,3000000000,4024250482,1024250482,252018,989705560,11514974,"[11513918, 11514974, 11516030]"
139,4027,meta-llama/Llama-3.1-8B,520,4,3000000000,4024250482,1024250482,252018,989705560,11514974,"[11513918, 11514974, 11516030]"
139,4171,meta-llama/Llama-3.1-8B,520,4,3000000000,5026729234,2026729234,1024250482,1992184312,11514974,"[11513918, 11514974, 11516030]"
139,4315,meta-llama/Llama-3.1-8B,520,4,3000000000,5026729234,2026729234,1024250482,1992184312,11514974,"[11513918, 11514974, 11516030]"
139,4459,meta-llama/Llama-3.1-8B,520,4,3000000000,5026729234,2026729234,1024250482,1992184312,11514974,"[11513918, 11514974, 11516030]"
139,4603,meta-llama/Llama-3.1-8B,520,4,3000000000,5026729234,2026729234,1024250482,1992184312,11514974,"[11513918, 11514974, 11516030]"
139,4747,meta-llama/Llama-3.1-8B,520,4,3000000000,5026729234,2026729234,1024250482,1992184312,11514974,"[11513918, 11514974, 11516030]"
139,4891,meta-llama/Llama-3.1-8B,520,4,3000000000,5026729234,2026729234,1024250482,1992184312,11514974,"[11513918, 11514974, 11516030]"
139,5035,meta-llama/Llama-3.1-8B,520,4,3000000000,5026729234,2026729234,1024250482,1992184312,11514974,"[11513918, 11514974, 11516030]"
139,5179,meta-llama/Llama-3.1-8B,520,4,3000000000,5026729234,2026729234,1024250482,1992184312,11514974,"[11513918, 11514974, 11516030]"
139,5323,meta-llama/Llama-3.1-8B,520,4,3000000000,6026619238,3026619238,2026729234,2992776499,11280913,"[11280401, 11280913, 11281425]"
139,5467,meta-llama/Llama-3.1-8B,520,4,3000000000,6026619238,3026619238,2026729234,2992776499,11280913,"[11280401, 11280913, 11281425]"
139,5611,meta-llama/Llama-3.1-8B,520,4,3000000000,6026619238,3026619238,2026729234,2992776499,11280913,"[11280401, 11280913, 11281425]"
139,5755,meta-llama/Llama-3.1-8B,520,4,3000000000,6026619238,3026619238,2026729234,2992776499,11280913,"[11280401, 11280913, 11281425]"
140,140,meta-llama/Llama-3.1-8B,512,4,0,341436258,341436258,1,157010310,61475316,"[159065888, 13550851, 11809209]"
140,284,meta-llama/Llama-3.1-8B,512,4,0,341436258,341436258,1,157010310,61475316,"[159065888, 13550851, 11809209]"
140,428,meta-llama/Llama-3.1-8B,512,4,0,341436258,341436258,1,157010310,61475316,"[159065888, 13550851, 11809209]"
140,572,meta-llama/Llama-3.1-8B,512,4,0,341436258,341436258,1,157010310,61475316,"[159065888, 13550851, 11809209]"
140,716,meta-llama/Llama-3.1-8B,512,4,0,498281977,498281977,157010310,316076198,60735259,"[13550851, 11809209, 156845719]"
140,860,meta-llama/Llama-3.1-8B,512,4,0,498281977,498281977,157010310,316076198,60735259,"[13550851, 11809209, 156845719]"
140,1004,meta-llama/Llama-3.1-8B,512,4,0,498281977,498281977,157010310,316076198,60735259,"[13550851, 11809209, 156845719]"
140,1148,meta-llama/Llama-3.1-8B,512,4,0,623425107,623425107,316076198,329627049,97932686,"[11809209, 156845719, 125143130]"
140,1292,meta-llama/Llama-3.1-8B,512,4,0,681904782,681904782,341436258,498281977,61207601,"[125143130, 45032702, 13446973]"
140,1436,meta-llama/Llama-3.1-8B,512,4,0,681904782,681904782,341436258,498281977,61207601,"[125143130, 45032702, 13446973]"
140,1580,meta-llama/Llama-3.1-8B,512,4,0,681904782,681904782,341436258,498281977,61207601,"[125143130, 45032702, 13446973]"
140,1724,meta-llama/Llama-3.1-8B,512,4,0,803025391,803025391,498281977,623425107,59866761,"[45032702, 13446973, 121120609]"
140,1868,meta-llama/Llama-3.1-8B,512,4,0,803025391,803025391,498281977,623425107,59866761,"[45032702, 13446973, 121120609]"
140,2012,meta-llama/Llama-3.1-8B,512,4,0,803025391,803025391,498281977,623425107,59866761,"[45032702, 13446973, 121120609]"
140,2156,meta-llama/Llama-3.1-8B,512,4,0,803025391,803025391,498281977,623425107,59866761,"[45032702, 13446973, 121120609]"
140,2300,meta-llama/Llama-3.1-8B,512,4,0,839919629,839919629,623425107,668457809,57153940,"[13446973, 121120609, 36894238]"
140,2444,meta-llama/Llama-3.1-8B,512,4,0,862957283,862957283,681904782,803025391,19977297,"[36894238, 11725707, 11311947]"
140,2588,meta-llama/Llama-3.1-8B,512,4,0,862957283,862957283,681904782,803025391,19977297,"[36894238, 11725707, 11311947]"
140,2732,meta-llama/Llama-3.1-8B,512,4,0,862957283,862957283,681904782,803025391,19977297,"[36894238, 11725707, 11311947]"
140,2876,meta-llama/Llama-3.1-8B,512,4,0,874250890,874250890,803025391,839919629,11443753,"[11725707, 11311947, 11293607]"
140,3020,meta-llama/Llama-3.1-8B,520,4,3000000000,4031212140,1031212140,252018,996667218,11514974,"[11513918, 11514974, 11516030]"
140,3164,meta-llama/Llama-3.1-8B,520,4,3000000000,4031212140,1031212140,252018,996667218,11514974,"[11513918, 11514974, 11516030]"
140,3308,meta-llama/Llama-3.1-8B,520,4,3000000000,4031212140,1031212140,252018,996667218,11514974,"[11513918, 11514974, 11516030]"
140,3452,meta-llama/Llama-3.1-8B,520,4,3000000000,4031212140,1031212140,252018,996667218,11514974,"[11513918, 11514974, 11516030]"
140,3596,meta-llama/Llama-3.1-8B,520,4,3000000000,4031212140,1031212140,252018,996667218,11514974,"[11513918, 11514974, 11516030]"
140,3740,meta-llama/Llama-3.1-8B,520,4,3000000000,4031212140,1031212140,252018,996667218,11514974,"[11513918, 11514974, 11516030]"
140,3884,meta-llama/Llama-3.1-8B,520,4,3000000000,4031212140,1031212140,252018,996667218,11514974,"[11513918, 11514974, 11516030]"
140,4028,meta-llama/Llama-3.1-8B,520,4,3000000000,4031212140,1031212140,252018,996667218,11514974,"[11513918, 11514974, 11516030]"
140,4172,meta-llama/Llama-3.1-8B,520,4,3000000000,5033690892,2033690892,1031212140,1999145970,11514974,"[11513918, 11514974, 11516030]"
140,4316,meta-llama/Llama-3.1-8B,520,4,3000000000,5033690892,2033690892,1031212140,1999145970,11514974,"[11513918, 11514974, 11516030]"
140,4460,meta-llama/Llama-3.1-8B,520,4,3000000000,5033690892,2033690892,1031212140,1999145970,11514974,"[11513918, 11514974, 11516030]"
140,4604,meta-llama/Llama-3.1-8B,520,4,3000000000,5033690892,2033690892,1031212140,1999145970,11514974,"[11513918, 11514974, 11516030]"
140,4748,meta-llama/Llama-3.1-8B,520,4,3000000000,5033690892,2033690892,1031212140,1999145970,11514974,"[11513918, 11514974, 11516030]"
140,4892,meta-llama/Llama-3.1-8B,520,4,3000000000,5033690892,2033690892,1031212140,1999145970,11514974,"[11513918, 11514974, 11516030]"
140,5036,meta-llama/Llama-3.1-8B,520,4,3000000000,5033690892,2033690892,1031212140,1999145970,11514974,"[11513918, 11514974, 11516030]"
140,5180,meta-llama/Llama-3.1-8B,520,4,3000000000,5033690892,2033690892,1031212140,1999145970,11514974,"[11513918, 11514974, 11516030]"
140,5324,meta-llama/Llama-3.1-8B,520,4,3000000000,6033580896,3033580896,2033690892,2999738157,11280913,"[11280401, 11280913, 11281425]"
140,5468,meta-llama/Llama-3.1-8B,520,4,3000000000,6033580896,3033580896,2033690892,2999738157,11280913,"[11280401, 11280913, 11281425]"
140,5612,meta-llama/Llama-3.1-8B,520,4,3000000000,6033580896,3033580896,2033690892,2999738157,11280913,"[11280401, 11280913, 11281425]"
140,5756,meta-llama/Llama-3.1-8B,520,4,3000000000,6033580896,3033580896,2033690892,2999738157,11280913,"[11280401, 11280913, 11281425]"
141,141,meta-llama/Llama-3.1-8B,512,4,0,341438430,341438430,1,157535766,61300888,"[159065888, 13028336, 11808440]"
141,285,meta-llama/Llama-3.1-8B,512,4,0,341438430,341438430,1,157535766,61300888,"[159065888, 13028336, 11808440]"
141,429,meta-llama/Llama-3.1-8B,512,4,0,341438430,341438430,1,157535766,61300888,"[159065888, 13028336, 11808440]"
141,573,meta-llama/Llama-3.1-8B,512,4,0,341438430,341438430,1,157535766,61300888,"[159065888, 13028336, 11808440]"
141,717,meta-llama/Llama-3.1-8B,512,4,0,498807433,498807433,157535766,316601654,60735259,"[13028336, 11808440, 157369003]"
141,861,meta-llama/Llama-3.1-8B,512,4,0,498807433,498807433,157535766,316601654,60735259,"[13028336, 11808440, 157369003]"
141,1005,meta-llama/Llama-3.1-8B,512,4,0,498807433,498807433,157535766,316601654,60735259,"[13028336, 11808440, 157369003]"
141,1149,meta-llama/Llama-3.1-8B,512,4,0,623821281,623821281,316601654,329629990,98063763,"[11808440, 157369003, 125013848]"
141,1293,meta-llama/Llama-3.1-8B,512,4,0,682062921,682062921,341438430,498807433,61085162,"[125013848, 44769777, 13471863]"
141,1437,meta-llama/Llama-3.1-8B,512,4,0,682062921,682062921,341438430,498807433,61085162,"[125013848, 44769777, 13471863]"
141,1581,meta-llama/Llama-3.1-8B,512,4,0,682062921,682062921,341438430,498807433,61085162,"[125013848, 44769777, 13471863]"
141,1725,meta-llama/Llama-3.1-8B,512,4,0,803420795,803420795,498807433,623821281,59866504,"[44769777, 13471863, 121357874]"
141,1869,meta-llama/Llama-3.1-8B,512,4,0,803420795,803420795,498807433,623821281,59866504,"[44769777, 13471863, 121357874]"
141,2013,meta-llama/Llama-3.1-8B,512,4,0,803420795,803420795,498807433,623821281,59866504,"[44769777, 13471863, 121357874]"
141,2157,meta-llama/Llama-3.1-8B,512,4,0,803420795,803420795,498807433,623821281,59866504,"[44769777, 13471863, 121357874]"
141,2301,meta-llama/Llama-3.1-8B,512,4,0,840052229,840052229,623821281,668591058,57153723,"[13471863, 121357874, 36631434]"
141,2445,meta-llama/Llama-3.1-8B,512,4,0,862958429,862958429,682062921,803420795,19845878,"[36631434, 11594253, 11311947]"
141,2589,meta-llama/Llama-3.1-8B,512,4,0,862958429,862958429,682062921,803420795,19845878,"[36631434, 11594253, 11311947]"
141,2733,meta-llama/Llama-3.1-8B,512,4,0,862958429,862958429,682062921,803420795,19845878,"[36631434, 11594253, 11311947]"
141,2877,meta-llama/Llama-3.1-8B,512,4,0,874251266,874251266,803420795,840052229,11399679,"[11594253, 11311947, 11292837]"
141,3021,meta-llama/Llama-3.1-8B,520,4,3000000000,4038173798,1038173798,252018,1003628876,11514974,"[11513918, 11514974, 11516030]"
141,3165,meta-llama/Llama-3.1-8B,520,4,3000000000,4038173798,1038173798,252018,1003628876,11514974,"[11513918, 11514974, 11516030]"
141,3309,meta-llama/Llama-3.1-8B,520,4,3000000000,4038173798,1038173798,252018,1003628876,11514974,"[11513918, 11514974, 11516030]"
141,3453,meta-llama/Llama-3.1-8B,520,4,3000000000,4038173798,1038173798,252018,1003628876,11514974,"[11513918, 11514974, 11516030]"
141,3597,meta-llama/Llama-3.1-8B,520,4,3000000000,4038173798,1038173798,252018,1003628876,11514974,"[11513918, 11514974, 11516030]"
141,3741,meta-llama/Llama-3.1-8B,520,4,3000000000,4038173798,1038173798,252018,1003628876,11514974,"[11513918, 11514974, 11516030]"
141,3885,meta-llama/Llama-3.1-8B,520,4,3000000000,4038173798,1038173798,252018,1003628876,11514974,"[11513918, 11514974, 11516030]"
141,4029,meta-llama/Llama-3.1-8B,520,4,3000000000,4038173798,1038173798,252018,1003628876,11514974,"[11513918, 11514974, 11516030]"
141,4173,meta-llama/Llama-3.1-8B,520,4,3000000000,5040652550,2040652550,1038173798,2006107628,11514974,"[11513918, 11514974, 11516030]"
141,4317,meta-llama/Llama-3.1-8B,520,4,3000000000,5040652550,2040652550,1038173798,2006107628,11514974,"[11513918, 11514974, 11516030]"
141,4461,meta-llama/Llama-3.1-8B,520,4,3000000000,5040652550,2040652550,1038173798,2006107628,11514974,"[11513918, 11514974, 11516030]"
141,4605,meta-llama/Llama-3.1-8B,520,4,3000000000,5040652550,2040652550,1038173798,2006107628,11514974,"[11513918, 11514974, 11516030]"
141,4749,meta-llama/Llama-3.1-8B,520,4,3000000000,5040652550,2040652550,1038173798,2006107628,11514974,"[11513918, 11514974, 11516030]"
141,4893,meta-llama/Llama-3.1-8B,520,4,3000000000,5040652550,2040652550,1038173798,2006107628,11514974,"[11513918, 11514974, 11516030]"
141,5037,meta-llama/Llama-3.1-8B,520,4,3000000000,5040652550,2040652550,1038173798,2006107628,11514974,"[11513918, 11514974, 11516030]"
141,5181,meta-llama/Llama-3.1-8B,520,4,3000000000,5040652550,2040652550,1038173798,2006107628,11514974,"[11513918, 11514974, 11516030]"
141,5325,meta-llama/Llama-3.1-8B,520,4,3000000000,6040542554,3040542554,2040652550,3006699815,11280913,"[11280401, 11280913, 11281425]"
141,5469,meta-llama/Llama-3.1-8B,520,4,3000000000,6040542554,3040542554,2040652550,3006699815,11280913,"[11280401, 11280913, 11281425]"
141,5613,meta-llama/Llama-3.1-8B,520,4,3000000000,6040542554,3040542554,2040652550,3006699815,11280913,"[11280401, 11280913, 11281425]"
141,5757,meta-llama/Llama-3.1-8B,520,4,3000000000,6040542554,3040542554,2040652550,3006699815,11280913,"[11280401, 11280913, 11281425]"
142,142,meta-llama/Llama-3.1-8B,512,4,0,341440602,341440602,1,158061222,61126460,"[159065888, 12505821, 11807671]"
142,286,meta-llama/Llama-3.1-8B,512,4,0,341440602,341440602,1,158061222,61126460,"[159065888, 12505821, 11807671]"
142,430,meta-llama/Llama-3.1-8B,512,4,0,341440602,341440602,1,158061222,61126460,"[159065888, 12505821, 11807671]"
142,574,meta-llama/Llama-3.1-8B,512,4,0,341440602,341440602,1,158061222,61126460,"[159065888, 12505821, 11807671]"
142,718,meta-llama/Llama-3.1-8B,512,4,0,499332889,499332889,158061222,317127110,60735259,"[12505821, 11807671, 157892287]"
142,862,meta-llama/Llama-3.1-8B,512,4,0,499332889,499332889,158061222,317127110,60735259,"[12505821, 11807671, 157892287]"
142,1006,meta-llama/Llama-3.1-8B,512,4,0,499332889,499332889,158061222,317127110,60735259,"[12505821, 11807671, 157892287]"
142,1150,meta-llama/Llama-3.1-8B,512,4,0,624217455,624217455,317127110,329632931,98194841,"[11807671, 157892287, 124884566]"
142,1294,meta-llama/Llama-3.1-8B,512,4,0,682065093,682065093,341440602,499332889,60910734,"[124884566, 44506852, 13340786]"
142,1438,meta-llama/Llama-3.1-8B,512,4,0,682065093,682065093,341440602,499332889,60910734,"[124884566, 44506852, 13340786]"
142,1582,meta-llama/Llama-3.1-8B,512,4,0,682065093,682065093,341440602,499332889,60910734,"[124884566, 44506852, 13340786]"
142,1726,meta-llama/Llama-3.1-8B,512,4,0,803844236,803844236,499332889,624217455,59875593,"[44506852, 13340786, 121779143]"
142,1870,meta-llama/Llama-3.1-8B,512,4,0,803844236,803844236,499332889,624217455,59875593,"[44506852, 13340786, 121779143]"
142,2014,meta-llama/Llama-3.1-8B,512,4,0,803844236,803844236,499332889,624217455,59875593,"[44506852, 13340786, 121779143]"
142,2158,meta-llama/Llama-3.1-8B,512,4,0,803844236,803844236,499332889,624217455,59875593,"[44506852, 13340786, 121779143]"
142,2302,meta-llama/Llama-3.1-8B,512,4,0,840184709,840184709,624217455,668724307,57153467,"[13340786, 121779143, 36340473]"
142,2446,meta-llama/Llama-3.1-8B,512,4,0,862959575,862959575,682065093,803844236,19705113,"[36340473, 11462919, 11311947]"
142,2590,meta-llama/Llama-3.1-8B,512,4,0,862959575,862959575,682065093,803844236,19705113,"[36340473, 11462919, 11311947]"
142,2734,meta-llama/Llama-3.1-8B,512,4,0,862959575,862959575,682065093,803844236,19705113,"[36340473, 11462919, 11311947]"
142,2878,meta-llama/Llama-3.1-8B,512,4,0,874251642,874251642,803844236,840184709,11355644,"[11462919, 11311947, 11292067]"
142,3022,meta-llama/Llama-3.1-8B,520,4,3000000000,4045135456,1045135456,252018,1010590534,11514974,"[11513918, 11514974, 11516030]"
142,3166,meta-llama/Llama-3.1-8B,520,4,3000000000,4045135456,1045135456,252018,1010590534,11514974,"[11513918, 11514974, 11516030]"
142,3310,meta-llama/Llama-3.1-8B,520,4,3000000000,4045135456,1045135456,252018,1010590534,11514974,"[11513918, 11514974, 11516030]"
142,3454,meta-llama/Llama-3.1-8B,520,4,3000000000,4045135456,1045135456,252018,1010590534,11514974,"[11513918, 11514974, 11516030]"
142,3598,meta-llama/Llama-3.1-8B,520,4,3000000000,4045135456,1045135456,252018,1010590534,11514974,"[11513918, 11514974, 11516030]"
142,3742,meta-llama/Llama-3.1-8B,520,4,3000000000,4045135456,1045135456,252018,1010590534,11514974,"[11513918, 11514974, 11516030]"
142,3886,meta-llama/Llama-3.1-8B,520,4,3000000000,4045135456,1045135456,252018,1010590534,11514974,"[11513918, 11514974, 11516030]"
142,4030,meta-llama/Llama-3.1-8B,520,4,3000000000,4045135456,1045135456,252018,1010590534,11514974,"[11513918, 11514974, 11516030]"
142,4174,meta-llama/Llama-3.1-8B,520,4,3000000000,5047614208,2047614208,1045135456,2013069286,11514974,"[11513918, 11514974, 11516030]"
142,4318,meta-llama/Llama-3.1-8B,520,4,3000000000,5047614208,2047614208,1045135456,2013069286,11514974,"[11513918, 11514974, 11516030]"
142,4462,meta-llama/Llama-3.1-8B,520,4,3000000000,5047614208,2047614208,1045135456,2013069286,11514974,"[11513918, 11514974, 11516030]"
142,4606,meta-llama/Llama-3.1-8B,520,4,3000000000,5047614208,2047614208,1045135456,2013069286,11514974,"[11513918, 11514974, 11516030]"
142,4750,meta-llama/Llama-3.1-8B,520,4,3000000000,5047614208,2047614208,1045135456,2013069286,11514974,"[11513918, 11514974, 11516030]"
142,4894,meta-llama/Llama-3.1-8B,520,4,3000000000,5047614208,2047614208,1045135456,2013069286,11514974,"[11513918, 11514974, 11516030]"
142,5038,meta-llama/Llama-3.1-8B,520,4,3000000000,5047614208,2047614208,1045135456,2013069286,11514974,"[11513918, 11514974, 11516030]"
142,5182,meta-llama/Llama-3.1-8B,520,4,3000000000,5047614208,2047614208,1045135456,2013069286,11514974,"[11513918, 11514974, 11516030]"
142,5326,meta-llama/Llama-3.1-8B,520,4,3000000000,6047504212,3047504212,2047614208,3013661473,11280913,"[11280401, 11280913, 11281425]"
142,5470,meta-llama/Llama-3.1-8B,520,4,3000000000,6047504212,3047504212,2047614208,3013661473,11280913,"[11280401, 11280913, 11281425]"
142,5614,meta-llama/Llama-3.1-8B,520,4,3000000000,6047504212,3047504212,2047614208,3013661473,11280913,"[11280401, 11280913, 11281425]"
142,5758,meta-llama/Llama-3.1-8B,520,4,3000000000,6047504212,3047504212,2047614208,3013661473,11280913,"[11280401, 11280913, 11281425]"
143,143,meta-llama/Llama-3.1-8B,512,4,0,341442774,341442774,1,158586678,60952032,"[159065888, 11983306, 11806902]"
143,287,meta-llama/Llama-3.1-8B,512,4,0,341442774,341442774,1,158586678,60952032,"[159065888, 11983306, 11806902]"
143,431,meta-llama/Llama-3.1-8B,512,4,0,341442774,341442774,1,158586678,60952032,"[159065888, 11983306, 11806902]"
143,575,meta-llama/Llama-3.1-8B,512,4,0,341442774,341442774,1,158586678,60952032,"[159065888, 11983306, 11806902]"
143,719,meta-llama/Llama-3.1-8B,512,4,0,499858345,499858345,158586678,317652566,60735259,"[11983306, 11806902, 158415571]"
143,863,meta-llama/Llama-3.1-8B,512,4,0,499858345,499858345,158586678,317652566,60735259,"[11983306, 11806902, 158415571]"
143,1007,meta-llama/Llama-3.1-8B,512,4,0,499858345,499858345,158586678,317652566,60735259,"[11983306, 11806902, 158415571]"
143,1151,meta-llama/Llama-3.1-8B,512,4,0,624613629,624613629,317652566,329635872,98325919,"[11806902, 158415571, 124755284]"
143,1295,meta-llama/Llama-3.1-8B,512,4,0,682067265,682067265,341442774,499858345,60736306,"[124755284, 44243927, 13209709]"
143,1439,meta-llama/Llama-3.1-8B,512,4,0,682067265,682067265,341442774,499858345,60736306,"[124755284, 44243927, 13209709]"
143,1583,meta-llama/Llama-3.1-8B,512,4,0,682067265,682067265,341442774,499858345,60736306,"[124755284, 44243927, 13209709]"
143,1727,meta-llama/Llama-3.1-8B,512,4,0,804239640,804239640,499858345,624613629,59875337,"[44243927, 13209709, 122172375]"
143,1871,meta-llama/Llama-3.1-8B,512,4,0,804239640,804239640,499858345,624613629,59875337,"[44243927, 13209709, 122172375]"
143,2015,meta-llama/Llama-3.1-8B,512,4,0,804239640,804239640,499858345,624613629,59875337,"[44243927, 13209709, 122172375]"
143,2159,meta-llama/Llama-3.1-8B,512,4,0,804239640,804239640,499858345,624613629,59875337,"[44243927, 13209709, 122172375]"
143,2303,meta-llama/Llama-3.1-8B,512,4,0,840317189,840317189,624613629,668857556,57153211,"[13209709, 122172375, 36077549]"
143,2447,meta-llama/Llama-3.1-8B,512,4,0,862960721,862960721,682067265,804239640,19573693,"[36077549, 11331585, 11311947]"
143,2591,meta-llama/Llama-3.1-8B,512,4,0,862960721,862960721,682067265,804239640,19573693,"[36077549, 11331585, 11311947]"
143,2735,meta-llama/Llama-3.1-8B,512,4,0,862960721,862960721,682067265,804239640,19573693,"[36077549, 11331585, 11311947]"
143,2879,meta-llama/Llama-3.1-8B,512,4,0,874252018,874252018,804239640,840317189,11311609,"[11331585, 11311947, 11291297]"
143,3023,meta-llama/Llama-3.1-8B,520,4,3000000000,4052097114,1052097114,252018,1017552192,11514974,"[11513918, 11514974, 11516030]"
143,3167,meta-llama/Llama-3.1-8B,520,4,3000000000,4052097114,1052097114,252018,1017552192,11514974,"[11513918, 11514974, 11516030]"
143,3311,meta-llama/Llama-3.1-8B,520,4,3000000000,4052097114,1052097114,252018,1017552192,11514974,"[11513918, 11514974, 11516030]"
143,3455,meta-llama/Llama-3.1-8B,520,4,3000000000,4052097114,1052097114,252018,1017552192,11514974,"[11513918, 11514974, 11516030]"
143,3599,meta-llama/Llama-3.1-8B,520,4,3000000000,4052097114,1052097114,252018,1017552192,11514974,"[11513918, 11514974, 11516030]"
143,3743,meta-llama/Llama-3.1-8B,520,4,3000000000,4052097114,1052097114,252018,1017552192,11514974,"[11513918, 11514974, 11516030]"
143,3887,meta-llama/Llama-3.1-8B,520,4,3000000000,4052097114,1052097114,252018,1017552192,11514974,"[11513918, 11514974, 11516030]"
143,4031,meta-llama/Llama-3.1-8B,520,4,3000000000,4052097114,1052097114,252018,1017552192,11514974,"[11513918, 11514974, 11516030]"
143,4175,meta-llama/Llama-3.1-8B,520,4,3000000000,5054575866,2054575866,1052097114,2020030944,11514974,"[11513918, 11514974, 11516030]"
143,4319,meta-llama/Llama-3.1-8B,520,4,3000000000,5054575866,2054575866,1052097114,2020030944,11514974,"[11513918, 11514974, 11516030]"
143,4463,meta-llama/Llama-3.1-8B,520,4,3000000000,5054575866,2054575866,1052097114,2020030944,11514974,"[11513918, 11514974, 11516030]"
143,4607,meta-llama/Llama-3.1-8B,520,4,3000000000,5054575866,2054575866,1052097114,2020030944,11514974,"[11513918, 11514974, 11516030]"
143,4751,meta-llama/Llama-3.1-8B,520,4,3000000000,5054575866,2054575866,1052097114,2020030944,11514974,"[11513918, 11514974, 11516030]"
143,4895,meta-llama/Llama-3.1-8B,520,4,3000000000,5054575866,2054575866,1052097114,2020030944,11514974,"[11513918, 11514974, 11516030]"
143,5039,meta-llama/Llama-3.1-8B,520,4,3000000000,5054575866,2054575866,1052097114,2020030944,11514974,"[11513918, 11514974, 11516030]"
143,5183,meta-llama/Llama-3.1-8B,520,4,3000000000,5054575866,2054575866,1052097114,2020030944,11514974,"[11513918, 11514974, 11516030]"
143,5327,meta-llama/Llama-3.1-8B,520,4,3000000000,6054465870,3054465870,2054575866,3020623131,11280913,"[11280401, 11280913, 11281425]"
143,5471,meta-llama/Llama-3.1-8B,520,4,3000000000,6054465870,3054465870,2054575866,3020623131,11280913,"[11280401, 11280913, 11281425]"
143,5615,meta-llama/Llama-3.1-8B,520,4,3000000000,6054465870,3054465870,2054575866,3020623131,11280913,"[11280401, 11280913, 11281425]"
143,5759,meta-llama/Llama-3.1-8B,520,4,3000000000,6054465870,3054465870,2054575866,3020623131,11280913,"[11280401, 11280913, 11281425]"
