instance id,request id,model,input,output,arrival,end_time,latency,queuing_delay,TTFT,TPOT,ITL
0,0,meta-llama/Llama-3.1-8B,512,4,0,265125899,265125899,1,83446470,60559809,"[121233056, 48869519, 11576854]"
0,72,meta-llama/Llama-3.1-8B,512,4,0,265125899,265125899,1,83446470,60559809,"[121233056, 48869519, 11576854]"
0,144,meta-llama/Llama-3.1-8B,512,4,0,265125899,265125899,1,83446470,60559809,"[121233056, 48869519, 11576854]"
0,216,meta-llama/Llama-3.1-8B,512,4,0,265125899,265125899,1,83446470,60559809,"[121233056, 48869519, 11576854]"
0,288,meta-llama/Llama-3.1-8B,512,4,0,349052347,349052347,83446470,204679526,48124273,"[48869519, 11576854, 83926448]"
0,360,meta-llama/Llama-3.1-8B,512,4,0,349052347,349052347,83446470,204679526,48124273,"[48869519, 11576854, 83926448]"
0,432,meta-llama/Llama-3.1-8B,512,4,0,349052347,349052347,83446470,204679526,48124273,"[48869519, 11576854, 83926448]"
0,504,meta-llama/Llama-3.1-8B,512,4,0,454858177,454858177,204679526,253549045,67103044,"[11576854, 83926448, 105805830]"
0,576,meta-llama/Llama-3.1-8B,512,4,0,529408938,529408938,265125899,349052347,60118863,"[105805830, 53583812, 20966949]"
0,648,meta-llama/Llama-3.1-8B,512,4,0,529408938,529408938,265125899,349052347,60118863,"[105805830, 53583812, 20966949]"
0,720,meta-llama/Llama-3.1-8B,512,4,0,529408938,529408938,265125899,349052347,60118863,"[105805830, 53583812, 20966949]"
0,792,meta-llama/Llama-3.1-8B,512,4,0,596703119,596703119,349052347,454858177,47281647,"[53583812, 20966949, 67294181]"
0,864,meta-llama/Llama-3.1-8B,512,4,0,596703119,596703119,349052347,454858177,47281647,"[53583812, 20966949, 67294181]"
0,936,meta-llama/Llama-3.1-8B,512,4,0,596703119,596703119,349052347,454858177,47281647,"[53583812, 20966949, 67294181]"
0,1008,meta-llama/Llama-3.1-8B,512,4,0,596703119,596703119,349052347,454858177,47281647,"[53583812, 20966949, 67294181]"
0,1080,meta-llama/Llama-3.1-8B,512,4,0,626675614,626675614,454858177,508441989,39411208,"[20966949, 67294181, 29972495]"
0,1152,meta-llama/Llama-3.1-8B,512,4,0,650012135,650012135,529408938,596703119,17769672,"[29972495, 12058558, 11277963]"
0,1224,meta-llama/Llama-3.1-8B,512,4,0,650012135,650012135,529408938,596703119,17769672,"[29972495, 12058558, 11277963]"
0,1296,meta-llama/Llama-3.1-8B,512,4,0,650012135,650012135,529408938,596703119,17769672,"[29972495, 12058558, 11277963]"
0,1368,meta-llama/Llama-3.1-8B,512,4,0,661298354,661298354,596703119,626675614,11540913,"[12058558, 11277963, 11286219]"
0,1440,meta-llama/Llama-3.1-8B,520,4,3000000000,3135309830,135309830,37406,100764908,11514974,"[11513918, 11514974, 11516030]"
0,1512,meta-llama/Llama-3.1-8B,520,4,3000000000,3135309830,135309830,37406,100764908,11514974,"[11513918, 11514974, 11516030]"
0,1584,meta-llama/Llama-3.1-8B,520,4,3000000000,3135309830,135309830,37406,100764908,11514974,"[11513918, 11514974, 11516030]"
0,1656,meta-llama/Llama-3.1-8B,520,4,3000000000,3135309830,135309830,37406,100764908,11514974,"[11513918, 11514974, 11516030]"
0,1728,meta-llama/Llama-3.1-8B,520,4,3000000000,3135309830,135309830,37406,100764908,11514974,"[11513918, 11514974, 11516030]"
0,1800,meta-llama/Llama-3.1-8B,520,4,3000000000,3135309830,135309830,37406,100764908,11514974,"[11513918, 11514974, 11516030]"
0,1872,meta-llama/Llama-3.1-8B,520,4,3000000000,3135309830,135309830,37406,100764908,11514974,"[11513918, 11514974, 11516030]"
0,1944,meta-llama/Llama-3.1-8B,520,4,3000000000,3135309830,135309830,37406,100764908,11514974,"[11513918, 11514974, 11516030]"
0,2016,meta-llama/Llama-3.1-8B,520,4,3000000000,9320547590,6320547590,135309830,6286002668,11514974,"[11513918, 11514974, 11516030]"
0,2088,meta-llama/Llama-3.1-8B,520,4,3000000000,9320547590,6320547590,135309830,6286002668,11514974,"[11513918, 11514974, 11516030]"
0,2160,meta-llama/Llama-3.1-8B,520,4,3000000000,9320547590,6320547590,135309830,6286002668,11514974,"[11513918, 11514974, 11516030]"
0,2232,meta-llama/Llama-3.1-8B,520,4,3000000000,9320547590,6320547590,135309830,6286002668,11514974,"[11513918, 11514974, 11516030]"
0,2304,meta-llama/Llama-3.1-8B,520,4,3000000000,9320547590,6320547590,135309830,6286002668,11514974,"[11513918, 11514974, 11516030]"
0,2376,meta-llama/Llama-3.1-8B,520,4,3000000000,9320547590,6320547590,135309830,6286002668,11514974,"[11513918, 11514974, 11516030]"
0,2448,meta-llama/Llama-3.1-8B,520,4,3000000000,9320547590,6320547590,135309830,6286002668,11514974,"[11513918, 11514974, 11516030]"
0,2520,meta-llama/Llama-3.1-8B,520,4,3000000000,9320547590,6320547590,135309830,6286002668,11514974,"[11513918, 11514974, 11516030]"
0,2592,meta-llama/Llama-3.1-8B,520,4,3000000000,15503196602,12503196602,6320547590,12469353863,11280913,"[11280401, 11280913, 11281425]"
0,2664,meta-llama/Llama-3.1-8B,520,4,3000000000,15503196602,12503196602,6320547590,12469353863,11280913,"[11280401, 11280913, 11281425]"
0,2736,meta-llama/Llama-3.1-8B,520,4,3000000000,15503196602,12503196602,6320547590,12469353863,11280913,"[11280401, 11280913, 11281425]"
0,2808,meta-llama/Llama-3.1-8B,520,4,3000000000,15503196602,12503196602,6320547590,12469353863,11280913,"[11280401, 11280913, 11281425]"
1,1,meta-llama/Llama-3.1-8B,512,4,0,265199544,265199544,1,83971926,60409206,"[121233056, 48347004, 11647558]"
1,73,meta-llama/Llama-3.1-8B,512,4,0,265199544,265199544,1,83971926,60409206,"[121233056, 48347004, 11647558]"
1,145,meta-llama/Llama-3.1-8B,512,4,0,265199544,265199544,1,83971926,60409206,"[121233056, 48347004, 11647558]"
1,217,meta-llama/Llama-3.1-8B,512,4,0,265199544,265199544,1,83971926,60409206,"[121233056, 48347004, 11647558]"
1,289,meta-llama/Llama-3.1-8B,512,4,0,349577803,349577803,83971926,205204982,48124273,"[48347004, 11647558, 84378259]"
1,361,meta-llama/Llama-3.1-8B,512,4,0,349577803,349577803,83971926,205204982,48124273,"[48347004, 11647558, 84378259]"
1,433,meta-llama/Llama-3.1-8B,512,4,0,349577803,349577803,83971926,205204982,48124273,"[48347004, 11647558, 84378259]"
1,505,meta-llama/Llama-3.1-8B,512,4,0,455254351,455254351,205204982,253551986,67234121,"[11647558, 84378259, 105676548]"
1,577,meta-llama/Llama-3.1-8B,512,4,0,529411110,529411110,265199544,349577803,59944435,"[105676548, 53320887, 20835872]"
1,649,meta-llama/Llama-3.1-8B,512,4,0,529411110,529411110,265199544,349577803,59944435,"[105676548, 53320887, 20835872]"
1,721,meta-llama/Llama-3.1-8B,512,4,0,529411110,529411110,265199544,349577803,59944435,"[105676548, 53320887, 20835872]"
1,793,meta-llama/Llama-3.1-8B,512,4,0,597098523,597098523,349577803,455254351,47281390,"[53320887, 20835872, 67687413]"
1,865,meta-llama/Llama-3.1-8B,512,4,0,597098523,597098523,349577803,455254351,47281390,"[53320887, 20835872, 67687413]"
1,937,meta-llama/Llama-3.1-8B,512,4,0,597098523,597098523,349577803,455254351,47281390,"[53320887, 20835872, 67687413]"
1,1009,meta-llama/Llama-3.1-8B,512,4,0,597098523,597098523,349577803,455254351,47281390,"[53320887, 20835872, 67687413]"
1,1081,meta-llama/Llama-3.1-8B,512,4,0,626864168,626864168,455254351,508575238,39429643,"[20835872, 67687413, 29765645]"
1,1153,meta-llama/Llama-3.1-8B,512,4,0,650013281,650013281,529411110,597098523,17638252,"[29765645, 11871150, 11277963]"
1,1225,meta-llama/Llama-3.1-8B,512,4,0,650013281,650013281,529411110,597098523,17638252,"[29765645, 11871150, 11277963]"
1,1297,meta-llama/Llama-3.1-8B,512,4,0,650013281,650013281,529411110,597098523,17638252,"[29765645, 11871150, 11277963]"
1,1369,meta-llama/Llama-3.1-8B,512,4,0,661298730,661298730,597098523,626864168,11478187,"[11871150, 11277963, 11285449]"
1,1441,meta-llama/Llama-3.1-8B,520,4,3000000000,3221215910,221215910,37406,186670988,11514974,"[11513918, 11514974, 11516030]"
1,1513,meta-llama/Llama-3.1-8B,520,4,3000000000,3221215910,221215910,37406,186670988,11514974,"[11513918, 11514974, 11516030]"
1,1585,meta-llama/Llama-3.1-8B,520,4,3000000000,3221215910,221215910,37406,186670988,11514974,"[11513918, 11514974, 11516030]"
1,1657,meta-llama/Llama-3.1-8B,520,4,3000000000,3221215910,221215910,37406,186670988,11514974,"[11513918, 11514974, 11516030]"
1,1729,meta-llama/Llama-3.1-8B,520,4,3000000000,3221215910,221215910,37406,186670988,11514974,"[11513918, 11514974, 11516030]"
1,1801,meta-llama/Llama-3.1-8B,520,4,3000000000,3221215910,221215910,37406,186670988,11514974,"[11513918, 11514974, 11516030]"
1,1873,meta-llama/Llama-3.1-8B,520,4,3000000000,3221215910,221215910,37406,186670988,11514974,"[11513918, 11514974, 11516030]"
1,1945,meta-llama/Llama-3.1-8B,520,4,3000000000,3221215910,221215910,37406,186670988,11514974,"[11513918, 11514974, 11516030]"
1,2017,meta-llama/Llama-3.1-8B,520,4,3000000000,9406453670,6406453670,221215910,6371908748,11514974,"[11513918, 11514974, 11516030]"
1,2089,meta-llama/Llama-3.1-8B,520,4,3000000000,9406453670,6406453670,221215910,6371908748,11514974,"[11513918, 11514974, 11516030]"
1,2161,meta-llama/Llama-3.1-8B,520,4,3000000000,9406453670,6406453670,221215910,6371908748,11514974,"[11513918, 11514974, 11516030]"
1,2233,meta-llama/Llama-3.1-8B,520,4,3000000000,9406453670,6406453670,221215910,6371908748,11514974,"[11513918, 11514974, 11516030]"
1,2305,meta-llama/Llama-3.1-8B,520,4,3000000000,9406453670,6406453670,221215910,6371908748,11514974,"[11513918, 11514974, 11516030]"
1,2377,meta-llama/Llama-3.1-8B,520,4,3000000000,9406453670,6406453670,221215910,6371908748,11514974,"[11513918, 11514974, 11516030]"
1,2449,meta-llama/Llama-3.1-8B,520,4,3000000000,9406453670,6406453670,221215910,6371908748,11514974,"[11513918, 11514974, 11516030]"
1,2521,meta-llama/Llama-3.1-8B,520,4,3000000000,9406453670,6406453670,221215910,6371908748,11514974,"[11513918, 11514974, 11516030]"
1,2593,meta-llama/Llama-3.1-8B,520,4,3000000000,15589102682,12589102682,6406453670,12555259943,11280913,"[11280401, 11280913, 11281425]"
1,2665,meta-llama/Llama-3.1-8B,520,4,3000000000,15589102682,12589102682,6406453670,12555259943,11280913,"[11280401, 11280913, 11281425]"
1,2737,meta-llama/Llama-3.1-8B,520,4,3000000000,15589102682,12589102682,6406453670,12555259943,11280913,"[11280401, 11280913, 11281425]"
1,2809,meta-llama/Llama-3.1-8B,520,4,3000000000,15589102682,12589102682,6406453670,12555259943,11280913,"[11280401, 11280913, 11281425]"
2,2,meta-llama/Llama-3.1-8B,512,4,0,265264366,265264366,1,84497382,60255661,"[121233056, 47824489, 11709439]"
2,74,meta-llama/Llama-3.1-8B,512,4,0,265264366,265264366,1,84497382,60255661,"[121233056, 47824489, 11709439]"
2,146,meta-llama/Llama-3.1-8B,512,4,0,265264366,265264366,1,84497382,60255661,"[121233056, 47824489, 11709439]"
2,218,meta-llama/Llama-3.1-8B,512,4,0,265264366,265264366,1,84497382,60255661,"[121233056, 47824489, 11709439]"
2,290,meta-llama/Llama-3.1-8B,512,4,0,350103259,350103259,84497382,205730438,48124273,"[47824489, 11709439, 84838893]"
2,362,meta-llama/Llama-3.1-8B,512,4,0,350103259,350103259,84497382,205730438,48124273,"[47824489, 11709439, 84838893]"
2,434,meta-llama/Llama-3.1-8B,512,4,0,350103259,350103259,84497382,205730438,48124273,"[47824489, 11709439, 84838893]"
2,506,meta-llama/Llama-3.1-8B,512,4,0,455650525,455650525,205730438,253554927,67365199,"[11709439, 84838893, 105547266]"
2,578,meta-llama/Llama-3.1-8B,512,4,0,529413282,529413282,265264366,350103259,59770007,"[105547266, 53057962, 20704795]"
2,650,meta-llama/Llama-3.1-8B,512,4,0,529413282,529413282,265264366,350103259,59770007,"[105547266, 53057962, 20704795]"
2,722,meta-llama/Llama-3.1-8B,512,4,0,529413282,529413282,265264366,350103259,59770007,"[105547266, 53057962, 20704795]"
2,794,meta-llama/Llama-3.1-8B,512,4,0,597493927,597493927,350103259,455650525,47281134,"[53057962, 20704795, 68080645]"
2,866,meta-llama/Llama-3.1-8B,512,4,0,597493927,597493927,350103259,455650525,47281134,"[53057962, 20704795, 68080645]"
2,938,meta-llama/Llama-3.1-8B,512,4,0,597493927,597493927,350103259,455650525,47281134,"[53057962, 20704795, 68080645]"
2,1010,meta-llama/Llama-3.1-8B,512,4,0,597493927,597493927,350103259,455650525,47281134,"[53057962, 20704795, 68080645]"
2,1082,meta-llama/Llama-3.1-8B,512,4,0,627052722,627052722,455650525,508708487,39448078,"[20704795, 68080645, 29558795]"
2,1154,meta-llama/Llama-3.1-8B,512,4,0,650423835,650423835,529413282,597493927,17643302,"[29558795, 11857768, 11513345]"
2,1226,meta-llama/Llama-3.1-8B,512,4,0,650423835,650423835,529413282,597493927,17643302,"[29558795, 11857768, 11513345]"
2,1298,meta-llama/Llama-3.1-8B,512,4,0,650423835,650423835,529413282,597493927,17643302,"[29558795, 11857768, 11513345]"
2,1370,meta-llama/Llama-3.1-8B,512,4,0,662772546,662772546,597493927,627052722,11906608,"[11857768, 11513345, 12348711]"
2,1442,meta-llama/Llama-3.1-8B,520,4,3000000000,3307121990,307121990,37406,272577068,11514974,"[11513918, 11514974, 11516030]"
2,1514,meta-llama/Llama-3.1-8B,520,4,3000000000,3307121990,307121990,37406,272577068,11514974,"[11513918, 11514974, 11516030]"
2,1586,meta-llama/Llama-3.1-8B,520,4,3000000000,3307121990,307121990,37406,272577068,11514974,"[11513918, 11514974, 11516030]"
2,1658,meta-llama/Llama-3.1-8B,520,4,3000000000,3307121990,307121990,37406,272577068,11514974,"[11513918, 11514974, 11516030]"
2,1730,meta-llama/Llama-3.1-8B,520,4,3000000000,3307121990,307121990,37406,272577068,11514974,"[11513918, 11514974, 11516030]"
2,1802,meta-llama/Llama-3.1-8B,520,4,3000000000,3307121990,307121990,37406,272577068,11514974,"[11513918, 11514974, 11516030]"
2,1874,meta-llama/Llama-3.1-8B,520,4,3000000000,3307121990,307121990,37406,272577068,11514974,"[11513918, 11514974, 11516030]"
2,1946,meta-llama/Llama-3.1-8B,520,4,3000000000,3307121990,307121990,37406,272577068,11514974,"[11513918, 11514974, 11516030]"
2,2018,meta-llama/Llama-3.1-8B,520,4,3000000000,9492359750,6492359750,307121990,6457814828,11514974,"[11513918, 11514974, 11516030]"
2,2090,meta-llama/Llama-3.1-8B,520,4,3000000000,9492359750,6492359750,307121990,6457814828,11514974,"[11513918, 11514974, 11516030]"
2,2162,meta-llama/Llama-3.1-8B,520,4,3000000000,9492359750,6492359750,307121990,6457814828,11514974,"[11513918, 11514974, 11516030]"
2,2234,meta-llama/Llama-3.1-8B,520,4,3000000000,9492359750,6492359750,307121990,6457814828,11514974,"[11513918, 11514974, 11516030]"
2,2306,meta-llama/Llama-3.1-8B,520,4,3000000000,9492359750,6492359750,307121990,6457814828,11514974,"[11513918, 11514974, 11516030]"
2,2378,meta-llama/Llama-3.1-8B,520,4,3000000000,9492359750,6492359750,307121990,6457814828,11514974,"[11513918, 11514974, 11516030]"
2,2450,meta-llama/Llama-3.1-8B,520,4,3000000000,9492359750,6492359750,307121990,6457814828,11514974,"[11513918, 11514974, 11516030]"
2,2522,meta-llama/Llama-3.1-8B,520,4,3000000000,9492359750,6492359750,307121990,6457814828,11514974,"[11513918, 11514974, 11516030]"
2,2594,meta-llama/Llama-3.1-8B,520,4,3000000000,15675008762,12675008762,6492359750,12641166023,11280913,"[11280401, 11280913, 11281425]"
2,2666,meta-llama/Llama-3.1-8B,520,4,3000000000,15675008762,12675008762,6492359750,12641166023,11280913,"[11280401, 11280913, 11281425]"
2,2738,meta-llama/Llama-3.1-8B,520,4,3000000000,15675008762,12675008762,6492359750,12641166023,11280913,"[11280401, 11280913, 11281425]"
2,2810,meta-llama/Llama-3.1-8B,520,4,3000000000,15675008762,12675008762,6492359750,12641166023,11280913,"[11280401, 11280913, 11281425]"
3,3,meta-llama/Llama-3.1-8B,512,4,0,265266538,265266538,1,85022838,60081233,"[121233056, 47301974, 11708670]"
3,75,meta-llama/Llama-3.1-8B,512,4,0,265266538,265266538,1,85022838,60081233,"[121233056, 47301974, 11708670]"
3,147,meta-llama/Llama-3.1-8B,512,4,0,265266538,265266538,1,85022838,60081233,"[121233056, 47301974, 11708670]"
3,219,meta-llama/Llama-3.1-8B,512,4,0,265266538,265266538,1,85022838,60081233,"[121233056, 47301974, 11708670]"
3,291,meta-llama/Llama-3.1-8B,512,4,0,350628715,350628715,85022838,206255894,48124273,"[47301974, 11708670, 85362177]"
3,363,meta-llama/Llama-3.1-8B,512,4,0,350628715,350628715,85022838,206255894,48124273,"[47301974, 11708670, 85362177]"
3,435,meta-llama/Llama-3.1-8B,512,4,0,350628715,350628715,85022838,206255894,48124273,"[47301974, 11708670, 85362177]"
3,507,meta-llama/Llama-3.1-8B,512,4,0,456046699,456046699,206255894,253557868,67496277,"[11708670, 85362177, 105417984]"
3,579,meta-llama/Llama-3.1-8B,512,4,0,529415454,529415454,265266538,350628715,59595579,"[105417984, 52795037, 20573718]"
3,651,meta-llama/Llama-3.1-8B,512,4,0,529415454,529415454,265266538,350628715,59595579,"[105417984, 52795037, 20573718]"
3,723,meta-llama/Llama-3.1-8B,512,4,0,529415454,529415454,265266538,350628715,59595579,"[105417984, 52795037, 20573718]"
3,795,meta-llama/Llama-3.1-8B,512,4,0,597917368,597917368,350628715,456046699,47290223,"[52795037, 20573718, 68501914]"
3,867,meta-llama/Llama-3.1-8B,512,4,0,597917368,597917368,350628715,456046699,47290223,"[52795037, 20573718, 68501914]"
3,939,meta-llama/Llama-3.1-8B,512,4,0,597917368,597917368,350628715,456046699,47290223,"[52795037, 20573718, 68501914]"
3,1011,meta-llama/Llama-3.1-8B,512,4,0,597917368,597917368,350628715,456046699,47290223,"[52795037, 20573718, 68501914]"
3,1083,meta-llama/Llama-3.1-8B,512,4,0,627269313,627269313,456046699,508841736,39475859,"[20573718, 68501914, 29351945]"
3,1155,meta-llama/Llama-3.1-8B,512,4,0,650424981,650424981,529415454,597917368,17502537,"[29351945, 11642323, 11513345]"
3,1227,meta-llama/Llama-3.1-8B,512,4,0,650424981,650424981,529415454,597917368,17502537,"[29351945, 11642323, 11513345]"
3,1299,meta-llama/Llama-3.1-8B,512,4,0,650424981,650424981,529415454,597917368,17502537,"[29351945, 11642323, 11513345]"
3,1371,meta-llama/Llama-3.1-8B,512,4,0,662772922,662772922,597917368,627269313,11834536,"[11642323, 11513345, 12347941]"
3,1443,meta-llama/Llama-3.1-8B,520,4,3000000000,3393028070,393028070,37406,358483148,11514974,"[11513918, 11514974, 11516030]"
3,1515,meta-llama/Llama-3.1-8B,520,4,3000000000,3393028070,393028070,37406,358483148,11514974,"[11513918, 11514974, 11516030]"
3,1587,meta-llama/Llama-3.1-8B,520,4,3000000000,3393028070,393028070,37406,358483148,11514974,"[11513918, 11514974, 11516030]"
3,1659,meta-llama/Llama-3.1-8B,520,4,3000000000,3393028070,393028070,37406,358483148,11514974,"[11513918, 11514974, 11516030]"
3,1731,meta-llama/Llama-3.1-8B,520,4,3000000000,3393028070,393028070,37406,358483148,11514974,"[11513918, 11514974, 11516030]"
3,1803,meta-llama/Llama-3.1-8B,520,4,3000000000,3393028070,393028070,37406,358483148,11514974,"[11513918, 11514974, 11516030]"
3,1875,meta-llama/Llama-3.1-8B,520,4,3000000000,3393028070,393028070,37406,358483148,11514974,"[11513918, 11514974, 11516030]"
3,1947,meta-llama/Llama-3.1-8B,520,4,3000000000,3393028070,393028070,37406,358483148,11514974,"[11513918, 11514974, 11516030]"
3,2019,meta-llama/Llama-3.1-8B,520,4,3000000000,9578265830,6578265830,393028070,6543720908,11514974,"[11513918, 11514974, 11516030]"
3,2091,meta-llama/Llama-3.1-8B,520,4,3000000000,9578265830,6578265830,393028070,6543720908,11514974,"[11513918, 11514974, 11516030]"
3,2163,meta-llama/Llama-3.1-8B,520,4,3000000000,9578265830,6578265830,393028070,6543720908,11514974,"[11513918, 11514974, 11516030]"
3,2235,meta-llama/Llama-3.1-8B,520,4,3000000000,9578265830,6578265830,393028070,6543720908,11514974,"[11513918, 11514974, 11516030]"
3,2307,meta-llama/Llama-3.1-8B,520,4,3000000000,9578265830,6578265830,393028070,6543720908,11514974,"[11513918, 11514974, 11516030]"
3,2379,meta-llama/Llama-3.1-8B,520,4,3000000000,9578265830,6578265830,393028070,6543720908,11514974,"[11513918, 11514974, 11516030]"
3,2451,meta-llama/Llama-3.1-8B,520,4,3000000000,9578265830,6578265830,393028070,6543720908,11514974,"[11513918, 11514974, 11516030]"
3,2523,meta-llama/Llama-3.1-8B,520,4,3000000000,9578265830,6578265830,393028070,6543720908,11514974,"[11513918, 11514974, 11516030]"
3,2595,meta-llama/Llama-3.1-8B,520,4,3000000000,15760914842,12760914842,6578265830,12727072103,11280913,"[11280401, 11280913, 11281425]"
3,2667,meta-llama/Llama-3.1-8B,520,4,3000000000,15760914842,12760914842,6578265830,12727072103,11280913,"[11280401, 11280913, 11281425]"
3,2739,meta-llama/Llama-3.1-8B,520,4,3000000000,15760914842,12760914842,6578265830,12727072103,11280913,"[11280401, 11280913, 11281425]"
3,2811,meta-llama/Llama-3.1-8B,520,4,3000000000,15760914842,12760914842,6578265830,12727072103,11280913,"[11280401, 11280913, 11281425]"
4,4,meta-llama/Llama-3.1-8B,512,4,0,265268710,265268710,1,85548294,59906805,"[121233056, 46779459, 11707901]"
4,76,meta-llama/Llama-3.1-8B,512,4,0,265268710,265268710,1,85548294,59906805,"[121233056, 46779459, 11707901]"
4,148,meta-llama/Llama-3.1-8B,512,4,0,265268710,265268710,1,85548294,59906805,"[121233056, 46779459, 11707901]"
4,220,meta-llama/Llama-3.1-8B,512,4,0,265268710,265268710,1,85548294,59906805,"[121233056, 46779459, 11707901]"
4,292,meta-llama/Llama-3.1-8B,512,4,0,351154171,351154171,85548294,206781350,48124273,"[46779459, 11707901, 85885461]"
4,364,meta-llama/Llama-3.1-8B,512,4,0,351154171,351154171,85548294,206781350,48124273,"[46779459, 11707901, 85885461]"
4,436,meta-llama/Llama-3.1-8B,512,4,0,351154171,351154171,85548294,206781350,48124273,"[46779459, 11707901, 85885461]"
4,508,meta-llama/Llama-3.1-8B,512,4,0,456442873,456442873,206781350,253560809,67627354,"[11707901, 85885461, 105288702]"
4,580,meta-llama/Llama-3.1-8B,512,4,0,529417626,529417626,265268710,351154171,59421151,"[105288702, 52532112, 20442641]"
4,652,meta-llama/Llama-3.1-8B,512,4,0,529417626,529417626,265268710,351154171,59421151,"[105288702, 52532112, 20442641]"
4,724,meta-llama/Llama-3.1-8B,512,4,0,529417626,529417626,265268710,351154171,59421151,"[105288702, 52532112, 20442641]"
4,796,meta-llama/Llama-3.1-8B,512,4,0,598312772,598312772,351154171,456442873,47289966,"[52532112, 20442641, 68895146]"
4,868,meta-llama/Llama-3.1-8B,512,4,0,598312772,598312772,351154171,456442873,47289966,"[52532112, 20442641, 68895146]"
4,940,meta-llama/Llama-3.1-8B,512,4,0,598312772,598312772,351154171,456442873,47289966,"[52532112, 20442641, 68895146]"
4,1012,meta-llama/Llama-3.1-8B,512,4,0,598312772,598312772,351154171,456442873,47289966,"[52532112, 20442641, 68895146]"
4,1084,meta-llama/Llama-3.1-8B,512,4,0,627457867,627457867,456442873,508974985,39494294,"[20442641, 68895146, 29145095]"
4,1156,meta-llama/Llama-3.1-8B,512,4,0,650426127,650426127,529417626,598312772,17371118,"[29145095, 11454915, 11513345]"
4,1228,meta-llama/Llama-3.1-8B,512,4,0,650426127,650426127,529417626,598312772,17371118,"[29145095, 11454915, 11513345]"
4,1300,meta-llama/Llama-3.1-8B,512,4,0,650426127,650426127,529417626,598312772,17371118,"[29145095, 11454915, 11513345]"
4,1372,meta-llama/Llama-3.1-8B,512,4,0,662773298,662773298,598312772,627457867,11771810,"[11454915, 11513345, 12347171]"
4,1444,meta-llama/Llama-3.1-8B,520,4,3000000000,3478934150,478934150,37406,444389228,11514974,"[11513918, 11514974, 11516030]"
4,1516,meta-llama/Llama-3.1-8B,520,4,3000000000,3478934150,478934150,37406,444389228,11514974,"[11513918, 11514974, 11516030]"
4,1588,meta-llama/Llama-3.1-8B,520,4,3000000000,3478934150,478934150,37406,444389228,11514974,"[11513918, 11514974, 11516030]"
4,1660,meta-llama/Llama-3.1-8B,520,4,3000000000,3478934150,478934150,37406,444389228,11514974,"[11513918, 11514974, 11516030]"
4,1732,meta-llama/Llama-3.1-8B,520,4,3000000000,3478934150,478934150,37406,444389228,11514974,"[11513918, 11514974, 11516030]"
4,1804,meta-llama/Llama-3.1-8B,520,4,3000000000,3478934150,478934150,37406,444389228,11514974,"[11513918, 11514974, 11516030]"
4,1876,meta-llama/Llama-3.1-8B,520,4,3000000000,3478934150,478934150,37406,444389228,11514974,"[11513918, 11514974, 11516030]"
4,1948,meta-llama/Llama-3.1-8B,520,4,3000000000,3478934150,478934150,37406,444389228,11514974,"[11513918, 11514974, 11516030]"
4,2020,meta-llama/Llama-3.1-8B,520,4,3000000000,9664171910,6664171910,478934150,6629626988,11514974,"[11513918, 11514974, 11516030]"
4,2092,meta-llama/Llama-3.1-8B,520,4,3000000000,9664171910,6664171910,478934150,6629626988,11514974,"[11513918, 11514974, 11516030]"
4,2164,meta-llama/Llama-3.1-8B,520,4,3000000000,9664171910,6664171910,478934150,6629626988,11514974,"[11513918, 11514974, 11516030]"
4,2236,meta-llama/Llama-3.1-8B,520,4,3000000000,9664171910,6664171910,478934150,6629626988,11514974,"[11513918, 11514974, 11516030]"
4,2308,meta-llama/Llama-3.1-8B,520,4,3000000000,9664171910,6664171910,478934150,6629626988,11514974,"[11513918, 11514974, 11516030]"
4,2380,meta-llama/Llama-3.1-8B,520,4,3000000000,9664171910,6664171910,478934150,6629626988,11514974,"[11513918, 11514974, 11516030]"
4,2452,meta-llama/Llama-3.1-8B,520,4,3000000000,9664171910,6664171910,478934150,6629626988,11514974,"[11513918, 11514974, 11516030]"
4,2524,meta-llama/Llama-3.1-8B,520,4,3000000000,9664171910,6664171910,478934150,6629626988,11514974,"[11513918, 11514974, 11516030]"
4,2596,meta-llama/Llama-3.1-8B,520,4,3000000000,15846820922,12846820922,6664171910,12812978183,11280913,"[11280401, 11280913, 11281425]"
4,2668,meta-llama/Llama-3.1-8B,520,4,3000000000,15846820922,12846820922,6664171910,12812978183,11280913,"[11280401, 11280913, 11281425]"
4,2740,meta-llama/Llama-3.1-8B,520,4,3000000000,15846820922,12846820922,6664171910,12812978183,11280913,"[11280401, 11280913, 11281425]"
4,2812,meta-llama/Llama-3.1-8B,520,4,3000000000,15846820922,12846820922,6664171910,12812978183,11280913,"[11280401, 11280913, 11281425]"
5,5,meta-llama/Llama-3.1-8B,512,4,0,265270882,265270882,1,86073750,59732377,"[121233056, 46256944, 11707132]"
5,77,meta-llama/Llama-3.1-8B,512,4,0,265270882,265270882,1,86073750,59732377,"[121233056, 46256944, 11707132]"
5,149,meta-llama/Llama-3.1-8B,512,4,0,265270882,265270882,1,86073750,59732377,"[121233056, 46256944, 11707132]"
5,221,meta-llama/Llama-3.1-8B,512,4,0,265270882,265270882,1,86073750,59732377,"[121233056, 46256944, 11707132]"
5,293,meta-llama/Llama-3.1-8B,512,4,0,351679627,351679627,86073750,207306806,48124273,"[46256944, 11707132, 86408745]"
5,365,meta-llama/Llama-3.1-8B,512,4,0,351679627,351679627,86073750,207306806,48124273,"[46256944, 11707132, 86408745]"
5,437,meta-llama/Llama-3.1-8B,512,4,0,351679627,351679627,86073750,207306806,48124273,"[46256944, 11707132, 86408745]"
5,509,meta-llama/Llama-3.1-8B,512,4,0,456839047,456839047,207306806,253563750,67758432,"[11707132, 86408745, 105159420]"
5,581,meta-llama/Llama-3.1-8B,512,4,0,529419798,529419798,265270882,351679627,59246723,"[105159420, 52269187, 20311564]"
5,653,meta-llama/Llama-3.1-8B,512,4,0,529419798,529419798,265270882,351679627,59246723,"[105159420, 52269187, 20311564]"
5,725,meta-llama/Llama-3.1-8B,512,4,0,529419798,529419798,265270882,351679627,59246723,"[105159420, 52269187, 20311564]"
5,797,meta-llama/Llama-3.1-8B,512,4,0,598736213,598736213,351679627,456839047,47299055,"[52269187, 20311564, 69316415]"
5,869,meta-llama/Llama-3.1-8B,512,4,0,598736213,598736213,351679627,456839047,47299055,"[52269187, 20311564, 69316415]"
5,941,meta-llama/Llama-3.1-8B,512,4,0,598736213,598736213,351679627,456839047,47299055,"[52269187, 20311564, 69316415]"
5,1013,meta-llama/Llama-3.1-8B,512,4,0,598736213,598736213,351679627,456839047,47299055,"[52269187, 20311564, 69316415]"
5,1085,meta-llama/Llama-3.1-8B,512,4,0,627590587,627590587,456839047,509108234,39494117,"[20311564, 69316415, 28854374]"
5,1157,meta-llama/Llama-3.1-8B,512,4,0,650427273,650427273,529419798,598736213,17230353,"[28854374, 11323341, 11513345]"
5,1229,meta-llama/Llama-3.1-8B,512,4,0,650427273,650427273,529419798,598736213,17230353,"[28854374, 11323341, 11513345]"
5,1301,meta-llama/Llama-3.1-8B,512,4,0,650427273,650427273,529419798,598736213,17230353,"[28854374, 11323341, 11513345]"
5,1373,meta-llama/Llama-3.1-8B,512,4,0,662773674,662773674,598736213,627590587,11727695,"[11323341, 11513345, 12346401]"
5,1445,meta-llama/Llama-3.1-8B,520,4,3000000000,3564840230,564840230,37406,530295308,11514974,"[11513918, 11514974, 11516030]"
5,1517,meta-llama/Llama-3.1-8B,520,4,3000000000,3564840230,564840230,37406,530295308,11514974,"[11513918, 11514974, 11516030]"
5,1589,meta-llama/Llama-3.1-8B,520,4,3000000000,3564840230,564840230,37406,530295308,11514974,"[11513918, 11514974, 11516030]"
5,1661,meta-llama/Llama-3.1-8B,520,4,3000000000,3564840230,564840230,37406,530295308,11514974,"[11513918, 11514974, 11516030]"
5,1733,meta-llama/Llama-3.1-8B,520,4,3000000000,3564840230,564840230,37406,530295308,11514974,"[11513918, 11514974, 11516030]"
5,1805,meta-llama/Llama-3.1-8B,520,4,3000000000,3564840230,564840230,37406,530295308,11514974,"[11513918, 11514974, 11516030]"
5,1877,meta-llama/Llama-3.1-8B,520,4,3000000000,3564840230,564840230,37406,530295308,11514974,"[11513918, 11514974, 11516030]"
5,1949,meta-llama/Llama-3.1-8B,520,4,3000000000,3564840230,564840230,37406,530295308,11514974,"[11513918, 11514974, 11516030]"
5,2021,meta-llama/Llama-3.1-8B,520,4,3000000000,9750077990,6750077990,564840230,6715533068,11514974,"[11513918, 11514974, 11516030]"
5,2093,meta-llama/Llama-3.1-8B,520,4,3000000000,9750077990,6750077990,564840230,6715533068,11514974,"[11513918, 11514974, 11516030]"
5,2165,meta-llama/Llama-3.1-8B,520,4,3000000000,9750077990,6750077990,564840230,6715533068,11514974,"[11513918, 11514974, 11516030]"
5,2237,meta-llama/Llama-3.1-8B,520,4,3000000000,9750077990,6750077990,564840230,6715533068,11514974,"[11513918, 11514974, 11516030]"
5,2309,meta-llama/Llama-3.1-8B,520,4,3000000000,9750077990,6750077990,564840230,6715533068,11514974,"[11513918, 11514974, 11516030]"
5,2381,meta-llama/Llama-3.1-8B,520,4,3000000000,9750077990,6750077990,564840230,6715533068,11514974,"[11513918, 11514974, 11516030]"
5,2453,meta-llama/Llama-3.1-8B,520,4,3000000000,9750077990,6750077990,564840230,6715533068,11514974,"[11513918, 11514974, 11516030]"
5,2525,meta-llama/Llama-3.1-8B,520,4,3000000000,9750077990,6750077990,564840230,6715533068,11514974,"[11513918, 11514974, 11516030]"
5,2597,meta-llama/Llama-3.1-8B,520,4,3000000000,15932727002,12932727002,6750077990,12898884263,11280913,"[11280401, 11280913, 11281425]"
5,2669,meta-llama/Llama-3.1-8B,520,4,3000000000,15932727002,12932727002,6750077990,12898884263,11280913,"[11280401, 11280913, 11281425]"
5,2741,meta-llama/Llama-3.1-8B,520,4,3000000000,15932727002,12932727002,6750077990,12898884263,11280913,"[11280401, 11280913, 11281425]"
5,2813,meta-llama/Llama-3.1-8B,520,4,3000000000,15932727002,12932727002,6750077990,12898884263,11280913,"[11280401, 11280913, 11281425]"
6,6,meta-llama/Llama-3.1-8B,512,4,0,265273054,265273054,1,86599206,59557949,"[121233056, 45734429, 11706363]"
6,78,meta-llama/Llama-3.1-8B,512,4,0,265273054,265273054,1,86599206,59557949,"[121233056, 45734429, 11706363]"
6,150,meta-llama/Llama-3.1-8B,512,4,0,265273054,265273054,1,86599206,59557949,"[121233056, 45734429, 11706363]"
6,222,meta-llama/Llama-3.1-8B,512,4,0,265273054,265273054,1,86599206,59557949,"[121233056, 45734429, 11706363]"
6,294,meta-llama/Llama-3.1-8B,512,4,0,352205083,352205083,86599206,207832262,48124273,"[45734429, 11706363, 86932029]"
6,366,meta-llama/Llama-3.1-8B,512,4,0,352205083,352205083,86599206,207832262,48124273,"[45734429, 11706363, 86932029]"
6,438,meta-llama/Llama-3.1-8B,512,4,0,352205083,352205083,86599206,207832262,48124273,"[45734429, 11706363, 86932029]"
6,510,meta-llama/Llama-3.1-8B,512,4,0,457235221,457235221,207832262,253566691,67889510,"[11706363, 86932029, 105030138]"
6,582,meta-llama/Llama-3.1-8B,512,4,0,529421970,529421970,265273054,352205083,59072295,"[105030138, 52006262, 20180487]"
6,654,meta-llama/Llama-3.1-8B,512,4,0,529421970,529421970,265273054,352205083,59072295,"[105030138, 52006262, 20180487]"
6,726,meta-llama/Llama-3.1-8B,512,4,0,529421970,529421970,265273054,352205083,59072295,"[105030138, 52006262, 20180487]"
6,798,meta-llama/Llama-3.1-8B,512,4,0,599131617,599131617,352205083,457235221,47298798,"[52006262, 20180487, 69709647]"
6,870,meta-llama/Llama-3.1-8B,512,4,0,599131617,599131617,352205083,457235221,47298798,"[52006262, 20180487, 69709647]"
6,942,meta-llama/Llama-3.1-8B,512,4,0,599131617,599131617,352205083,457235221,47298798,"[52006262, 20180487, 69709647]"
6,1014,meta-llama/Llama-3.1-8B,512,4,0,599131617,599131617,352205083,457235221,47298798,"[52006262, 20180487, 69709647]"
6,1086,meta-llama/Llama-3.1-8B,512,4,0,628348470,628348470,457235221,509241483,39702329,"[20180487, 69709647, 29216853]"
6,1158,meta-llama/Llama-3.1-8B,512,4,0,654272805,654272805,529421970,599131617,18380396,"[29216853, 11380865, 14543470]"
6,1230,meta-llama/Llama-3.1-8B,512,4,0,654272805,654272805,529421970,599131617,18380396,"[29216853, 11380865, 14543470]"
6,1302,meta-llama/Llama-3.1-8B,512,4,0,654272805,654272805,529421970,599131617,18380396,"[29216853, 11380865, 14543470]"
6,1374,meta-llama/Llama-3.1-8B,512,4,0,667448102,667448102,599131617,628348470,13033210,"[11380865, 14543470, 13175297]"
6,1446,meta-llama/Llama-3.1-8B,520,4,3000000000,3650746310,650746310,37406,616201388,11514974,"[11513918, 11514974, 11516030]"
6,1518,meta-llama/Llama-3.1-8B,520,4,3000000000,3650746310,650746310,37406,616201388,11514974,"[11513918, 11514974, 11516030]"
6,1590,meta-llama/Llama-3.1-8B,520,4,3000000000,3650746310,650746310,37406,616201388,11514974,"[11513918, 11514974, 11516030]"
6,1662,meta-llama/Llama-3.1-8B,520,4,3000000000,3650746310,650746310,37406,616201388,11514974,"[11513918, 11514974, 11516030]"
6,1734,meta-llama/Llama-3.1-8B,520,4,3000000000,3650746310,650746310,37406,616201388,11514974,"[11513918, 11514974, 11516030]"
6,1806,meta-llama/Llama-3.1-8B,520,4,3000000000,3650746310,650746310,37406,616201388,11514974,"[11513918, 11514974, 11516030]"
6,1878,meta-llama/Llama-3.1-8B,520,4,3000000000,3650746310,650746310,37406,616201388,11514974,"[11513918, 11514974, 11516030]"
6,1950,meta-llama/Llama-3.1-8B,520,4,3000000000,3650746310,650746310,37406,616201388,11514974,"[11513918, 11514974, 11516030]"
6,2022,meta-llama/Llama-3.1-8B,520,4,3000000000,9835984070,6835984070,650746310,6801439148,11514974,"[11513918, 11514974, 11516030]"
6,2094,meta-llama/Llama-3.1-8B,520,4,3000000000,9835984070,6835984070,650746310,6801439148,11514974,"[11513918, 11514974, 11516030]"
6,2166,meta-llama/Llama-3.1-8B,520,4,3000000000,9835984070,6835984070,650746310,6801439148,11514974,"[11513918, 11514974, 11516030]"
6,2238,meta-llama/Llama-3.1-8B,520,4,3000000000,9835984070,6835984070,650746310,6801439148,11514974,"[11513918, 11514974, 11516030]"
6,2310,meta-llama/Llama-3.1-8B,520,4,3000000000,9835984070,6835984070,650746310,6801439148,11514974,"[11513918, 11514974, 11516030]"
6,2382,meta-llama/Llama-3.1-8B,520,4,3000000000,9835984070,6835984070,650746310,6801439148,11514974,"[11513918, 11514974, 11516030]"
6,2454,meta-llama/Llama-3.1-8B,520,4,3000000000,9835984070,6835984070,650746310,6801439148,11514974,"[11513918, 11514974, 11516030]"
6,2526,meta-llama/Llama-3.1-8B,520,4,3000000000,9835984070,6835984070,650746310,6801439148,11514974,"[11513918, 11514974, 11516030]"
6,2598,meta-llama/Llama-3.1-8B,520,4,3000000000,16018633082,13018633082,6835984070,12984790343,11280913,"[11280401, 11280913, 11281425]"
6,2670,meta-llama/Llama-3.1-8B,520,4,3000000000,16018633082,13018633082,6835984070,12984790343,11280913,"[11280401, 11280913, 11281425]"
6,2742,meta-llama/Llama-3.1-8B,520,4,3000000000,16018633082,13018633082,6835984070,12984790343,11280913,"[11280401, 11280913, 11281425]"
6,2814,meta-llama/Llama-3.1-8B,520,4,3000000000,16018633082,13018633082,6835984070,12984790343,11280913,"[11280401, 11280913, 11281425]"
7,7,meta-llama/Llama-3.1-8B,512,4,0,265275226,265275226,1,87124662,59383521,"[121233056, 45211914, 11705594]"
7,79,meta-llama/Llama-3.1-8B,512,4,0,265275226,265275226,1,87124662,59383521,"[121233056, 45211914, 11705594]"
7,151,meta-llama/Llama-3.1-8B,512,4,0,265275226,265275226,1,87124662,59383521,"[121233056, 45211914, 11705594]"
7,223,meta-llama/Llama-3.1-8B,512,4,0,265275226,265275226,1,87124662,59383521,"[121233056, 45211914, 11705594]"
7,295,meta-llama/Llama-3.1-8B,512,4,0,352730539,352730539,87124662,208357718,48124273,"[45211914, 11705594, 87455313]"
7,367,meta-llama/Llama-3.1-8B,512,4,0,352730539,352730539,87124662,208357718,48124273,"[45211914, 11705594, 87455313]"
7,439,meta-llama/Llama-3.1-8B,512,4,0,352730539,352730539,87124662,208357718,48124273,"[45211914, 11705594, 87455313]"
7,511,meta-llama/Llama-3.1-8B,512,4,0,457631395,457631395,208357718,253569632,68020587,"[11705594, 87455313, 104900856]"
7,583,meta-llama/Llama-3.1-8B,512,4,0,529424142,529424142,265275226,352730539,58897867,"[104900856, 51743337, 20049410]"
7,655,meta-llama/Llama-3.1-8B,512,4,0,529424142,529424142,265275226,352730539,58897867,"[104900856, 51743337, 20049410]"
7,727,meta-llama/Llama-3.1-8B,512,4,0,529424142,529424142,265275226,352730539,58897867,"[104900856, 51743337, 20049410]"
7,799,meta-llama/Llama-3.1-8B,512,4,0,599555058,599555058,352730539,457631395,47307887,"[51743337, 20049410, 70130916]"
7,871,meta-llama/Llama-3.1-8B,512,4,0,599555058,599555058,352730539,457631395,47307887,"[51743337, 20049410, 70130916]"
7,943,meta-llama/Llama-3.1-8B,512,4,0,599555058,599555058,352730539,457631395,47307887,"[51743337, 20049410, 70130916]"
7,1015,meta-llama/Llama-3.1-8B,512,4,0,599555058,599555058,352730539,457631395,47307887,"[51743337, 20049410, 70130916]"
7,1087,meta-llama/Llama-3.1-8B,512,4,0,629562719,629562719,457631395,509374732,40062662,"[20049410, 70130916, 30007661]"
7,1159,meta-llama/Llama-3.1-8B,512,4,0,656130897,656130897,529424142,599555058,18858613,"[30007661, 11380865, 15187313]"
7,1231,meta-llama/Llama-3.1-8B,512,4,0,656130897,656130897,529424142,599555058,18858613,"[30007661, 11380865, 15187313]"
7,1303,meta-llama/Llama-3.1-8B,512,4,0,656130897,656130897,529424142,599555058,18858613,"[30007661, 11380865, 15187313]"
7,1375,meta-llama/Llama-3.1-8B,512,4,0,667448958,667448958,599555058,629562719,12628746,"[11380865, 15187313, 11318061]"
7,1447,meta-llama/Llama-3.1-8B,520,4,3000000000,3736652390,736652390,37406,702107468,11514974,"[11513918, 11514974, 11516030]"
7,1519,meta-llama/Llama-3.1-8B,520,4,3000000000,3736652390,736652390,37406,702107468,11514974,"[11513918, 11514974, 11516030]"
7,1591,meta-llama/Llama-3.1-8B,520,4,3000000000,3736652390,736652390,37406,702107468,11514974,"[11513918, 11514974, 11516030]"
7,1663,meta-llama/Llama-3.1-8B,520,4,3000000000,3736652390,736652390,37406,702107468,11514974,"[11513918, 11514974, 11516030]"
7,1735,meta-llama/Llama-3.1-8B,520,4,3000000000,3736652390,736652390,37406,702107468,11514974,"[11513918, 11514974, 11516030]"
7,1807,meta-llama/Llama-3.1-8B,520,4,3000000000,3736652390,736652390,37406,702107468,11514974,"[11513918, 11514974, 11516030]"
7,1879,meta-llama/Llama-3.1-8B,520,4,3000000000,3736652390,736652390,37406,702107468,11514974,"[11513918, 11514974, 11516030]"
7,1951,meta-llama/Llama-3.1-8B,520,4,3000000000,3736652390,736652390,37406,702107468,11514974,"[11513918, 11514974, 11516030]"
7,2023,meta-llama/Llama-3.1-8B,520,4,3000000000,9921890150,6921890150,736652390,6887345228,11514974,"[11513918, 11514974, 11516030]"
7,2095,meta-llama/Llama-3.1-8B,520,4,3000000000,9921890150,6921890150,736652390,6887345228,11514974,"[11513918, 11514974, 11516030]"
7,2167,meta-llama/Llama-3.1-8B,520,4,3000000000,9921890150,6921890150,736652390,6887345228,11514974,"[11513918, 11514974, 11516030]"
7,2239,meta-llama/Llama-3.1-8B,520,4,3000000000,9921890150,6921890150,736652390,6887345228,11514974,"[11513918, 11514974, 11516030]"
7,2311,meta-llama/Llama-3.1-8B,520,4,3000000000,9921890150,6921890150,736652390,6887345228,11514974,"[11513918, 11514974, 11516030]"
7,2383,meta-llama/Llama-3.1-8B,520,4,3000000000,9921890150,6921890150,736652390,6887345228,11514974,"[11513918, 11514974, 11516030]"
7,2455,meta-llama/Llama-3.1-8B,520,4,3000000000,9921890150,6921890150,736652390,6887345228,11514974,"[11513918, 11514974, 11516030]"
7,2527,meta-llama/Llama-3.1-8B,520,4,3000000000,9921890150,6921890150,736652390,6887345228,11514974,"[11513918, 11514974, 11516030]"
7,2599,meta-llama/Llama-3.1-8B,520,4,3000000000,16104539162,13104539162,6921890150,13070696423,11280913,"[11280401, 11280913, 11281425]"
7,2671,meta-llama/Llama-3.1-8B,520,4,3000000000,16104539162,13104539162,6921890150,13070696423,11280913,"[11280401, 11280913, 11281425]"
7,2743,meta-llama/Llama-3.1-8B,520,4,3000000000,16104539162,13104539162,6921890150,13070696423,11280913,"[11280401, 11280913, 11281425]"
7,2815,meta-llama/Llama-3.1-8B,520,4,3000000000,16104539162,13104539162,6921890150,13070696423,11280913,"[11280401, 11280913, 11281425]"
8,8,meta-llama/Llama-3.1-8B,512,4,0,265277398,265277398,1,87650118,59209093,"[121233056, 44689399, 11704825]"
8,80,meta-llama/Llama-3.1-8B,512,4,0,265277398,265277398,1,87650118,59209093,"[121233056, 44689399, 11704825]"
8,152,meta-llama/Llama-3.1-8B,512,4,0,265277398,265277398,1,87650118,59209093,"[121233056, 44689399, 11704825]"
8,224,meta-llama/Llama-3.1-8B,512,4,0,265277398,265277398,1,87650118,59209093,"[121233056, 44689399, 11704825]"
8,296,meta-llama/Llama-3.1-8B,512,4,0,353255995,353255995,87650118,208883174,48124273,"[44689399, 11704825, 87978597]"
8,368,meta-llama/Llama-3.1-8B,512,4,0,353255995,353255995,87650118,208883174,48124273,"[44689399, 11704825, 87978597]"
8,440,meta-llama/Llama-3.1-8B,512,4,0,353255995,353255995,87650118,208883174,48124273,"[44689399, 11704825, 87978597]"
8,512,meta-llama/Llama-3.1-8B,512,4,0,458027569,458027569,208883174,253572573,68151665,"[11704825, 87978597, 104771574]"
8,584,meta-llama/Llama-3.1-8B,512,4,0,529426314,529426314,265277398,353255995,58723439,"[104771574, 51480412, 19918333]"
8,656,meta-llama/Llama-3.1-8B,512,4,0,529426314,529426314,265277398,353255995,58723439,"[104771574, 51480412, 19918333]"
8,728,meta-llama/Llama-3.1-8B,512,4,0,529426314,529426314,265277398,353255995,58723439,"[104771574, 51480412, 19918333]"
8,800,meta-llama/Llama-3.1-8B,512,4,0,599950462,599950462,353255995,458027569,47307631,"[51480412, 19918333, 70524148]"
8,872,meta-llama/Llama-3.1-8B,512,4,0,599950462,599950462,353255995,458027569,47307631,"[51480412, 19918333, 70524148]"
8,944,meta-llama/Llama-3.1-8B,512,4,0,599950462,599950462,353255995,458027569,47307631,"[51480412, 19918333, 70524148]"
8,1016,meta-llama/Llama-3.1-8B,512,4,0,599950462,599950462,353255995,458027569,47307631,"[51480412, 19918333, 70524148]"
8,1088,meta-llama/Llama-3.1-8B,512,4,0,630381564,630381564,458027569,509507981,40291194,"[19918333, 70524148, 30431102]"
8,1160,meta-llama/Llama-3.1-8B,512,4,0,656132643,656132643,529426314,599950462,18727393,"[30431102, 11276305, 14474774]"
8,1232,meta-llama/Llama-3.1-8B,512,4,0,656132643,656132643,529426314,599950462,18727393,"[30431102, 11276305, 14474774]"
8,1304,meta-llama/Llama-3.1-8B,512,4,0,656132643,656132643,529426314,599950462,18727393,"[30431102, 11276305, 14474774]"
8,1376,meta-llama/Llama-3.1-8B,512,4,0,667449334,667449334,599950462,630381564,12355923,"[11276305, 14474774, 11316691]"
8,1448,meta-llama/Llama-3.1-8B,520,4,3000000000,3822558470,822558470,37406,788013548,11514974,"[11513918, 11514974, 11516030]"
8,1520,meta-llama/Llama-3.1-8B,520,4,3000000000,3822558470,822558470,37406,788013548,11514974,"[11513918, 11514974, 11516030]"
8,1592,meta-llama/Llama-3.1-8B,520,4,3000000000,3822558470,822558470,37406,788013548,11514974,"[11513918, 11514974, 11516030]"
8,1664,meta-llama/Llama-3.1-8B,520,4,3000000000,3822558470,822558470,37406,788013548,11514974,"[11513918, 11514974, 11516030]"
8,1736,meta-llama/Llama-3.1-8B,520,4,3000000000,3822558470,822558470,37406,788013548,11514974,"[11513918, 11514974, 11516030]"
8,1808,meta-llama/Llama-3.1-8B,520,4,3000000000,3822558470,822558470,37406,788013548,11514974,"[11513918, 11514974, 11516030]"
8,1880,meta-llama/Llama-3.1-8B,520,4,3000000000,3822558470,822558470,37406,788013548,11514974,"[11513918, 11514974, 11516030]"
8,1952,meta-llama/Llama-3.1-8B,520,4,3000000000,3822558470,822558470,37406,788013548,11514974,"[11513918, 11514974, 11516030]"
8,2024,meta-llama/Llama-3.1-8B,520,4,3000000000,10007796230,7007796230,822558470,6973251308,11514974,"[11513918, 11514974, 11516030]"
8,2096,meta-llama/Llama-3.1-8B,520,4,3000000000,10007796230,7007796230,822558470,6973251308,11514974,"[11513918, 11514974, 11516030]"
8,2168,meta-llama/Llama-3.1-8B,520,4,3000000000,10007796230,7007796230,822558470,6973251308,11514974,"[11513918, 11514974, 11516030]"
8,2240,meta-llama/Llama-3.1-8B,520,4,3000000000,10007796230,7007796230,822558470,6973251308,11514974,"[11513918, 11514974, 11516030]"
8,2312,meta-llama/Llama-3.1-8B,520,4,3000000000,10007796230,7007796230,822558470,6973251308,11514974,"[11513918, 11514974, 11516030]"
8,2384,meta-llama/Llama-3.1-8B,520,4,3000000000,10007796230,7007796230,822558470,6973251308,11514974,"[11513918, 11514974, 11516030]"
8,2456,meta-llama/Llama-3.1-8B,520,4,3000000000,10007796230,7007796230,822558470,6973251308,11514974,"[11513918, 11514974, 11516030]"
8,2528,meta-llama/Llama-3.1-8B,520,4,3000000000,10007796230,7007796230,822558470,6973251308,11514974,"[11513918, 11514974, 11516030]"
8,2600,meta-llama/Llama-3.1-8B,520,4,3000000000,16190445242,13190445242,7007796230,13156602503,11280913,"[11280401, 11280913, 11281425]"
8,2672,meta-llama/Llama-3.1-8B,520,4,3000000000,16190445242,13190445242,7007796230,13156602503,11280913,"[11280401, 11280913, 11281425]"
8,2744,meta-llama/Llama-3.1-8B,520,4,3000000000,16190445242,13190445242,7007796230,13156602503,11280913,"[11280401, 11280913, 11281425]"
8,2816,meta-llama/Llama-3.1-8B,520,4,3000000000,16190445242,13190445242,7007796230,13156602503,11280913,"[11280401, 11280913, 11281425]"
9,9,meta-llama/Llama-3.1-8B,512,4,0,265279570,265279570,1,88175574,59034665,"[121233056, 44166884, 11704056]"
9,81,meta-llama/Llama-3.1-8B,512,4,0,265279570,265279570,1,88175574,59034665,"[121233056, 44166884, 11704056]"
9,153,meta-llama/Llama-3.1-8B,512,4,0,265279570,265279570,1,88175574,59034665,"[121233056, 44166884, 11704056]"
9,225,meta-llama/Llama-3.1-8B,512,4,0,265279570,265279570,1,88175574,59034665,"[121233056, 44166884, 11704056]"
9,297,meta-llama/Llama-3.1-8B,512,4,0,353781451,353781451,88175574,209408630,48124273,"[44166884, 11704056, 88501881]"
9,369,meta-llama/Llama-3.1-8B,512,4,0,353781451,353781451,88175574,209408630,48124273,"[44166884, 11704056, 88501881]"
9,441,meta-llama/Llama-3.1-8B,512,4,0,353781451,353781451,88175574,209408630,48124273,"[44166884, 11704056, 88501881]"
9,513,meta-llama/Llama-3.1-8B,512,4,0,458423743,458423743,209408630,253575514,68282743,"[11704056, 88501881, 104642292]"
9,585,meta-llama/Llama-3.1-8B,512,4,0,529428486,529428486,265279570,353781451,58549011,"[104642292, 51217487, 19787256]"
9,657,meta-llama/Llama-3.1-8B,512,4,0,529428486,529428486,265279570,353781451,58549011,"[104642292, 51217487, 19787256]"
9,729,meta-llama/Llama-3.1-8B,512,4,0,529428486,529428486,265279570,353781451,58549011,"[104642292, 51217487, 19787256]"
9,801,meta-llama/Llama-3.1-8B,512,4,0,600345866,600345866,353781451,458423743,47307374,"[51217487, 19787256, 70917380]"
9,873,meta-llama/Llama-3.1-8B,512,4,0,600345866,600345866,353781451,458423743,47307374,"[51217487, 19787256, 70917380]"
9,945,meta-llama/Llama-3.1-8B,512,4,0,600345866,600345866,353781451,458423743,47307374,"[51217487, 19787256, 70917380]"
9,1017,meta-llama/Llama-3.1-8B,512,4,0,600345866,600345866,353781451,458423743,47307374,"[51217487, 19787256, 70917380]"
9,1089,meta-llama/Llama-3.1-8B,512,4,0,631595813,631595813,458423743,509641230,40651527,"[19787256, 70917380, 31249947]"
9,1161,meta-llama/Llama-3.1-8B,512,4,0,656137281,656137281,529428486,600345866,18597138,"[31249947, 11380865, 13160603]"
9,1233,meta-llama/Llama-3.1-8B,512,4,0,656137281,656137281,529428486,600345866,18597138,"[31249947, 11380865, 13160603]"
9,1305,meta-llama/Llama-3.1-8B,512,4,0,656137281,656137281,529428486,600345866,18597138,"[31249947, 11380865, 13160603]"
9,1377,meta-llama/Llama-3.1-8B,512,4,0,667449710,667449710,600345866,631595813,11951299,"[11380865, 13160603, 11312429]"
9,1449,meta-llama/Llama-3.1-8B,520,4,3000000000,3908464550,908464550,37406,873919628,11514974,"[11513918, 11514974, 11516030]"
9,1521,meta-llama/Llama-3.1-8B,520,4,3000000000,3908464550,908464550,37406,873919628,11514974,"[11513918, 11514974, 11516030]"
9,1593,meta-llama/Llama-3.1-8B,520,4,3000000000,3908464550,908464550,37406,873919628,11514974,"[11513918, 11514974, 11516030]"
9,1665,meta-llama/Llama-3.1-8B,520,4,3000000000,3908464550,908464550,37406,873919628,11514974,"[11513918, 11514974, 11516030]"
9,1737,meta-llama/Llama-3.1-8B,520,4,3000000000,3908464550,908464550,37406,873919628,11514974,"[11513918, 11514974, 11516030]"
9,1809,meta-llama/Llama-3.1-8B,520,4,3000000000,3908464550,908464550,37406,873919628,11514974,"[11513918, 11514974, 11516030]"
9,1881,meta-llama/Llama-3.1-8B,520,4,3000000000,3908464550,908464550,37406,873919628,11514974,"[11513918, 11514974, 11516030]"
9,1953,meta-llama/Llama-3.1-8B,520,4,3000000000,3908464550,908464550,37406,873919628,11514974,"[11513918, 11514974, 11516030]"
9,2025,meta-llama/Llama-3.1-8B,520,4,3000000000,10093702310,7093702310,908464550,7059157388,11514974,"[11513918, 11514974, 11516030]"
9,2097,meta-llama/Llama-3.1-8B,520,4,3000000000,10093702310,7093702310,908464550,7059157388,11514974,"[11513918, 11514974, 11516030]"
9,2169,meta-llama/Llama-3.1-8B,520,4,3000000000,10093702310,7093702310,908464550,7059157388,11514974,"[11513918, 11514974, 11516030]"
9,2241,meta-llama/Llama-3.1-8B,520,4,3000000000,10093702310,7093702310,908464550,7059157388,11514974,"[11513918, 11514974, 11516030]"
9,2313,meta-llama/Llama-3.1-8B,520,4,3000000000,10093702310,7093702310,908464550,7059157388,11514974,"[11513918, 11514974, 11516030]"
9,2385,meta-llama/Llama-3.1-8B,520,4,3000000000,10093702310,7093702310,908464550,7059157388,11514974,"[11513918, 11514974, 11516030]"
9,2457,meta-llama/Llama-3.1-8B,520,4,3000000000,10093702310,7093702310,908464550,7059157388,11514974,"[11513918, 11514974, 11516030]"
9,2529,meta-llama/Llama-3.1-8B,520,4,3000000000,10093702310,7093702310,908464550,7059157388,11514974,"[11513918, 11514974, 11516030]"
9,2601,meta-llama/Llama-3.1-8B,520,4,3000000000,16276351322,13276351322,7093702310,13242508583,11280913,"[11280401, 11280913, 11281425]"
9,2673,meta-llama/Llama-3.1-8B,520,4,3000000000,16276351322,13276351322,7093702310,13242508583,11280913,"[11280401, 11280913, 11281425]"
9,2745,meta-llama/Llama-3.1-8B,520,4,3000000000,16276351322,13276351322,7093702310,13242508583,11280913,"[11280401, 11280913, 11281425]"
9,2817,meta-llama/Llama-3.1-8B,520,4,3000000000,16276351322,13276351322,7093702310,13242508583,11280913,"[11280401, 11280913, 11281425]"
10,10,meta-llama/Llama-3.1-8B,512,4,0,265281742,265281742,1,88701030,58860237,"[121233056, 43644369, 11703287]"
10,82,meta-llama/Llama-3.1-8B,512,4,0,265281742,265281742,1,88701030,58860237,"[121233056, 43644369, 11703287]"
10,154,meta-llama/Llama-3.1-8B,512,4,0,265281742,265281742,1,88701030,58860237,"[121233056, 43644369, 11703287]"
10,226,meta-llama/Llama-3.1-8B,512,4,0,265281742,265281742,1,88701030,58860237,"[121233056, 43644369, 11703287]"
10,298,meta-llama/Llama-3.1-8B,512,4,0,354306907,354306907,88701030,209934086,48124273,"[43644369, 11703287, 89025165]"
10,370,meta-llama/Llama-3.1-8B,512,4,0,354306907,354306907,88701030,209934086,48124273,"[43644369, 11703287, 89025165]"
10,442,meta-llama/Llama-3.1-8B,512,4,0,354306907,354306907,88701030,209934086,48124273,"[43644369, 11703287, 89025165]"
10,514,meta-llama/Llama-3.1-8B,512,4,0,458819917,458819917,209934086,253578455,68413820,"[11703287, 89025165, 104513010]"
10,586,meta-llama/Llama-3.1-8B,512,4,0,529430658,529430658,265281742,354306907,58374583,"[104513010, 50954562, 19656179]"
10,658,meta-llama/Llama-3.1-8B,512,4,0,529430658,529430658,265281742,354306907,58374583,"[104513010, 50954562, 19656179]"
10,730,meta-llama/Llama-3.1-8B,512,4,0,529430658,529430658,265281742,354306907,58374583,"[104513010, 50954562, 19656179]"
10,802,meta-llama/Llama-3.1-8B,512,4,0,600769307,600769307,354306907,458819917,47316463,"[50954562, 19656179, 71338649]"
10,874,meta-llama/Llama-3.1-8B,512,4,0,600769307,600769307,354306907,458819917,47316463,"[50954562, 19656179, 71338649]"
10,946,meta-llama/Llama-3.1-8B,512,4,0,600769307,600769307,354306907,458819917,47316463,"[50954562, 19656179, 71338649]"
10,1018,meta-llama/Llama-3.1-8B,512,4,0,600769307,600769307,354306907,458819917,47316463,"[50954562, 19656179, 71338649]"
10,1090,meta-llama/Llama-3.1-8B,512,4,0,632414658,632414658,458819917,509774479,40880059,"[19656179, 71338649, 31645351]"
10,1162,meta-llama/Llama-3.1-8B,512,4,0,656139387,656139387,529430658,600769307,18456693,"[31645351, 11276305, 12448424]"
10,1234,meta-llama/Llama-3.1-8B,512,4,0,656139387,656139387,529430658,600769307,18456693,"[31645351, 11276305, 12448424]"
10,1306,meta-llama/Llama-3.1-8B,512,4,0,656139387,656139387,529430658,600769307,18456693,"[31645351, 11276305, 12448424]"
10,1378,meta-llama/Llama-3.1-8B,512,4,0,667450086,667450086,600769307,632414658,11678476,"[11276305, 12448424, 11310699]"
10,1450,meta-llama/Llama-3.1-8B,520,4,3000000000,3994370630,994370630,37406,959825708,11514974,"[11513918, 11514974, 11516030]"
10,1522,meta-llama/Llama-3.1-8B,520,4,3000000000,3994370630,994370630,37406,959825708,11514974,"[11513918, 11514974, 11516030]"
10,1594,meta-llama/Llama-3.1-8B,520,4,3000000000,3994370630,994370630,37406,959825708,11514974,"[11513918, 11514974, 11516030]"
10,1666,meta-llama/Llama-3.1-8B,520,4,3000000000,3994370630,994370630,37406,959825708,11514974,"[11513918, 11514974, 11516030]"
10,1738,meta-llama/Llama-3.1-8B,520,4,3000000000,3994370630,994370630,37406,959825708,11514974,"[11513918, 11514974, 11516030]"
10,1810,meta-llama/Llama-3.1-8B,520,4,3000000000,3994370630,994370630,37406,959825708,11514974,"[11513918, 11514974, 11516030]"
10,1882,meta-llama/Llama-3.1-8B,520,4,3000000000,3994370630,994370630,37406,959825708,11514974,"[11513918, 11514974, 11516030]"
10,1954,meta-llama/Llama-3.1-8B,520,4,3000000000,3994370630,994370630,37406,959825708,11514974,"[11513918, 11514974, 11516030]"
10,2026,meta-llama/Llama-3.1-8B,520,4,3000000000,10179608390,7179608390,994370630,7145063468,11514974,"[11513918, 11514974, 11516030]"
10,2098,meta-llama/Llama-3.1-8B,520,4,3000000000,10179608390,7179608390,994370630,7145063468,11514974,"[11513918, 11514974, 11516030]"
10,2170,meta-llama/Llama-3.1-8B,520,4,3000000000,10179608390,7179608390,994370630,7145063468,11514974,"[11513918, 11514974, 11516030]"
10,2242,meta-llama/Llama-3.1-8B,520,4,3000000000,10179608390,7179608390,994370630,7145063468,11514974,"[11513918, 11514974, 11516030]"
10,2314,meta-llama/Llama-3.1-8B,520,4,3000000000,10179608390,7179608390,994370630,7145063468,11514974,"[11513918, 11514974, 11516030]"
10,2386,meta-llama/Llama-3.1-8B,520,4,3000000000,10179608390,7179608390,994370630,7145063468,11514974,"[11513918, 11514974, 11516030]"
10,2458,meta-llama/Llama-3.1-8B,520,4,3000000000,10179608390,7179608390,994370630,7145063468,11514974,"[11513918, 11514974, 11516030]"
10,2530,meta-llama/Llama-3.1-8B,520,4,3000000000,10179608390,7179608390,994370630,7145063468,11514974,"[11513918, 11514974, 11516030]"
10,2602,meta-llama/Llama-3.1-8B,520,4,3000000000,16362257402,13362257402,7179608390,13328414663,11280913,"[11280401, 11280913, 11281425]"
10,2674,meta-llama/Llama-3.1-8B,520,4,3000000000,16362257402,13362257402,7179608390,13328414663,11280913,"[11280401, 11280913, 11281425]"
10,2746,meta-llama/Llama-3.1-8B,520,4,3000000000,16362257402,13362257402,7179608390,13328414663,11280913,"[11280401, 11280913, 11281425]"
10,2818,meta-llama/Llama-3.1-8B,520,4,3000000000,16362257402,13362257402,7179608390,13328414663,11280913,"[11280401, 11280913, 11281425]"
11,11,meta-llama/Llama-3.1-8B,512,4,0,265283914,265283914,1,89226486,58685809,"[121233056, 43121854, 11702518]"
11,83,meta-llama/Llama-3.1-8B,512,4,0,265283914,265283914,1,89226486,58685809,"[121233056, 43121854, 11702518]"
11,155,meta-llama/Llama-3.1-8B,512,4,0,265283914,265283914,1,89226486,58685809,"[121233056, 43121854, 11702518]"
11,227,meta-llama/Llama-3.1-8B,512,4,0,265283914,265283914,1,89226486,58685809,"[121233056, 43121854, 11702518]"
11,299,meta-llama/Llama-3.1-8B,512,4,0,354832363,354832363,89226486,210459542,48124273,"[43121854, 11702518, 89548449]"
11,371,meta-llama/Llama-3.1-8B,512,4,0,354832363,354832363,89226486,210459542,48124273,"[43121854, 11702518, 89548449]"
11,443,meta-llama/Llama-3.1-8B,512,4,0,354832363,354832363,89226486,210459542,48124273,"[43121854, 11702518, 89548449]"
11,515,meta-llama/Llama-3.1-8B,512,4,0,459216091,459216091,210459542,253581396,68544898,"[11702518, 89548449, 104383728]"
11,587,meta-llama/Llama-3.1-8B,512,4,0,529432830,529432830,265283914,354832363,58200155,"[104383728, 50691637, 19525102]"
11,659,meta-llama/Llama-3.1-8B,512,4,0,529432830,529432830,265283914,354832363,58200155,"[104383728, 50691637, 19525102]"
11,731,meta-llama/Llama-3.1-8B,512,4,0,529432830,529432830,265283914,354832363,58200155,"[104383728, 50691637, 19525102]"
11,803,meta-llama/Llama-3.1-8B,512,4,0,601164711,601164711,354832363,459216091,47316206,"[50691637, 19525102, 71731881]"
11,875,meta-llama/Llama-3.1-8B,512,4,0,601164711,601164711,354832363,459216091,47316206,"[50691637, 19525102, 71731881]"
11,947,meta-llama/Llama-3.1-8B,512,4,0,601164711,601164711,354832363,459216091,47316206,"[50691637, 19525102, 71731881]"
11,1019,meta-llama/Llama-3.1-8B,512,4,0,601164711,601164711,354832363,459216091,47316206,"[50691637, 19525102, 71731881]"
11,1091,meta-llama/Llama-3.1-8B,512,4,0,633628907,633628907,459216091,509907728,41240393,"[19525102, 71731881, 32464196]"
11,1163,meta-llama/Llama-3.1-8B,512,4,0,656182029,656182029,529432830,601164711,18339106,"[32464196, 11276305, 11276817]"
11,1235,meta-llama/Llama-3.1-8B,512,4,0,656182029,656182029,529432830,601164711,18339106,"[32464196, 11276305, 11276817]"
11,1307,meta-llama/Llama-3.1-8B,512,4,0,656182029,656182029,529432830,601164711,18339106,"[32464196, 11276305, 11276817]"
11,1379,meta-llama/Llama-3.1-8B,512,4,0,667467102,667467102,601164711,633628907,11279398,"[11276305, 11276817, 11285073]"
11,1451,meta-llama/Llama-3.1-8B,520,4,3000000000,4080276710,1080276710,37406,1045731788,11514974,"[11513918, 11514974, 11516030]"
11,1523,meta-llama/Llama-3.1-8B,520,4,3000000000,4080276710,1080276710,37406,1045731788,11514974,"[11513918, 11514974, 11516030]"
11,1595,meta-llama/Llama-3.1-8B,520,4,3000000000,4080276710,1080276710,37406,1045731788,11514974,"[11513918, 11514974, 11516030]"
11,1667,meta-llama/Llama-3.1-8B,520,4,3000000000,4080276710,1080276710,37406,1045731788,11514974,"[11513918, 11514974, 11516030]"
11,1739,meta-llama/Llama-3.1-8B,520,4,3000000000,4080276710,1080276710,37406,1045731788,11514974,"[11513918, 11514974, 11516030]"
11,1811,meta-llama/Llama-3.1-8B,520,4,3000000000,4080276710,1080276710,37406,1045731788,11514974,"[11513918, 11514974, 11516030]"
11,1883,meta-llama/Llama-3.1-8B,520,4,3000000000,4080276710,1080276710,37406,1045731788,11514974,"[11513918, 11514974, 11516030]"
11,1955,meta-llama/Llama-3.1-8B,520,4,3000000000,4080276710,1080276710,37406,1045731788,11514974,"[11513918, 11514974, 11516030]"
11,2027,meta-llama/Llama-3.1-8B,520,4,3000000000,10265514470,7265514470,1080276710,7230969548,11514974,"[11513918, 11514974, 11516030]"
11,2099,meta-llama/Llama-3.1-8B,520,4,3000000000,10265514470,7265514470,1080276710,7230969548,11514974,"[11513918, 11514974, 11516030]"
11,2171,meta-llama/Llama-3.1-8B,520,4,3000000000,10265514470,7265514470,1080276710,7230969548,11514974,"[11513918, 11514974, 11516030]"
11,2243,meta-llama/Llama-3.1-8B,520,4,3000000000,10265514470,7265514470,1080276710,7230969548,11514974,"[11513918, 11514974, 11516030]"
11,2315,meta-llama/Llama-3.1-8B,520,4,3000000000,10265514470,7265514470,1080276710,7230969548,11514974,"[11513918, 11514974, 11516030]"
11,2387,meta-llama/Llama-3.1-8B,520,4,3000000000,10265514470,7265514470,1080276710,7230969548,11514974,"[11513918, 11514974, 11516030]"
11,2459,meta-llama/Llama-3.1-8B,520,4,3000000000,10265514470,7265514470,1080276710,7230969548,11514974,"[11513918, 11514974, 11516030]"
11,2531,meta-llama/Llama-3.1-8B,520,4,3000000000,10265514470,7265514470,1080276710,7230969548,11514974,"[11513918, 11514974, 11516030]"
11,2603,meta-llama/Llama-3.1-8B,520,4,3000000000,16448163482,13448163482,7265514470,13414320743,11280913,"[11280401, 11280913, 11281425]"
11,2675,meta-llama/Llama-3.1-8B,520,4,3000000000,16448163482,13448163482,7265514470,13414320743,11280913,"[11280401, 11280913, 11281425]"
11,2747,meta-llama/Llama-3.1-8B,520,4,3000000000,16448163482,13448163482,7265514470,13414320743,11280913,"[11280401, 11280913, 11281425]"
11,2819,meta-llama/Llama-3.1-8B,520,4,3000000000,16448163482,13448163482,7265514470,13414320743,11280913,"[11280401, 11280913, 11281425]"
12,12,meta-llama/Llama-3.1-8B,512,4,0,265286086,265286086,1,89751942,58511381,"[121233056, 42599339, 11701749]"
12,84,meta-llama/Llama-3.1-8B,512,4,0,265286086,265286086,1,89751942,58511381,"[121233056, 42599339, 11701749]"
12,156,meta-llama/Llama-3.1-8B,512,4,0,265286086,265286086,1,89751942,58511381,"[121233056, 42599339, 11701749]"
12,228,meta-llama/Llama-3.1-8B,512,4,0,265286086,265286086,1,89751942,58511381,"[121233056, 42599339, 11701749]"
12,300,meta-llama/Llama-3.1-8B,512,4,0,355357819,355357819,89751942,210984998,48124273,"[42599339, 11701749, 90071733]"
12,372,meta-llama/Llama-3.1-8B,512,4,0,355357819,355357819,89751942,210984998,48124273,"[42599339, 11701749, 90071733]"
12,444,meta-llama/Llama-3.1-8B,512,4,0,355357819,355357819,89751942,210984998,48124273,"[42599339, 11701749, 90071733]"
12,516,meta-llama/Llama-3.1-8B,512,4,0,459612265,459612265,210984998,253584337,68675976,"[11701749, 90071733, 104254446]"
12,588,meta-llama/Llama-3.1-8B,512,4,0,529435002,529435002,265286086,355357819,58025727,"[104254446, 50428712, 19394025]"
12,660,meta-llama/Llama-3.1-8B,512,4,0,529435002,529435002,265286086,355357819,58025727,"[104254446, 50428712, 19394025]"
12,732,meta-llama/Llama-3.1-8B,512,4,0,529435002,529435002,265286086,355357819,58025727,"[104254446, 50428712, 19394025]"
12,804,meta-llama/Llama-3.1-8B,512,4,0,601560115,601560115,355357819,459612265,47315950,"[50428712, 19394025, 72125113]"
12,876,meta-llama/Llama-3.1-8B,512,4,0,601560115,601560115,355357819,459612265,47315950,"[50428712, 19394025, 72125113]"
12,948,meta-llama/Llama-3.1-8B,512,4,0,601560115,601560115,355357819,459612265,47315950,"[50428712, 19394025, 72125113]"
12,1020,meta-llama/Llama-3.1-8B,512,4,0,601560115,601560115,355357819,459612265,47315950,"[50428712, 19394025, 72125113]"
12,1092,meta-llama/Llama-3.1-8B,512,4,0,634447752,634447752,459612265,510040977,41468925,"[19394025, 72125113, 32887637]"
12,1164,meta-llama/Llama-3.1-8B,512,4,0,657000874,657000874,529435002,601560115,18480253,"[32887637, 11276305, 11276817]"
12,1236,meta-llama/Llama-3.1-8B,512,4,0,657000874,657000874,529435002,601560115,18480253,"[32887637, 11276305, 11276817]"
12,1308,meta-llama/Llama-3.1-8B,512,4,0,657000874,657000874,529435002,601560115,18480253,"[32887637, 11276305, 11276817]"
12,1380,meta-llama/Llama-3.1-8B,512,4,0,668285947,668285947,601560115,634447752,11279398,"[11276305, 11276817, 11285073]"
12,1452,meta-llama/Llama-3.1-8B,520,4,3000000000,4166182790,1166182790,37406,1131637868,11514974,"[11513918, 11514974, 11516030]"
12,1524,meta-llama/Llama-3.1-8B,520,4,3000000000,4166182790,1166182790,37406,1131637868,11514974,"[11513918, 11514974, 11516030]"
12,1596,meta-llama/Llama-3.1-8B,520,4,3000000000,4166182790,1166182790,37406,1131637868,11514974,"[11513918, 11514974, 11516030]"
12,1668,meta-llama/Llama-3.1-8B,520,4,3000000000,4166182790,1166182790,37406,1131637868,11514974,"[11513918, 11514974, 11516030]"
12,1740,meta-llama/Llama-3.1-8B,520,4,3000000000,4166182790,1166182790,37406,1131637868,11514974,"[11513918, 11514974, 11516030]"
12,1812,meta-llama/Llama-3.1-8B,520,4,3000000000,4166182790,1166182790,37406,1131637868,11514974,"[11513918, 11514974, 11516030]"
12,1884,meta-llama/Llama-3.1-8B,520,4,3000000000,4166182790,1166182790,37406,1131637868,11514974,"[11513918, 11514974, 11516030]"
12,1956,meta-llama/Llama-3.1-8B,520,4,3000000000,4166182790,1166182790,37406,1131637868,11514974,"[11513918, 11514974, 11516030]"
12,2028,meta-llama/Llama-3.1-8B,520,4,3000000000,10351420550,7351420550,1166182790,7316875628,11514974,"[11513918, 11514974, 11516030]"
12,2100,meta-llama/Llama-3.1-8B,520,4,3000000000,10351420550,7351420550,1166182790,7316875628,11514974,"[11513918, 11514974, 11516030]"
12,2172,meta-llama/Llama-3.1-8B,520,4,3000000000,10351420550,7351420550,1166182790,7316875628,11514974,"[11513918, 11514974, 11516030]"
12,2244,meta-llama/Llama-3.1-8B,520,4,3000000000,10351420550,7351420550,1166182790,7316875628,11514974,"[11513918, 11514974, 11516030]"
12,2316,meta-llama/Llama-3.1-8B,520,4,3000000000,10351420550,7351420550,1166182790,7316875628,11514974,"[11513918, 11514974, 11516030]"
12,2388,meta-llama/Llama-3.1-8B,520,4,3000000000,10351420550,7351420550,1166182790,7316875628,11514974,"[11513918, 11514974, 11516030]"
12,2460,meta-llama/Llama-3.1-8B,520,4,3000000000,10351420550,7351420550,1166182790,7316875628,11514974,"[11513918, 11514974, 11516030]"
12,2532,meta-llama/Llama-3.1-8B,520,4,3000000000,10351420550,7351420550,1166182790,7316875628,11514974,"[11513918, 11514974, 11516030]"
12,2604,meta-llama/Llama-3.1-8B,520,4,3000000000,16534069562,13534069562,7351420550,13500226823,11280913,"[11280401, 11280913, 11281425]"
12,2676,meta-llama/Llama-3.1-8B,520,4,3000000000,16534069562,13534069562,7351420550,13500226823,11280913,"[11280401, 11280913, 11281425]"
12,2748,meta-llama/Llama-3.1-8B,520,4,3000000000,16534069562,13534069562,7351420550,13500226823,11280913,"[11280401, 11280913, 11281425]"
12,2820,meta-llama/Llama-3.1-8B,520,4,3000000000,16534069562,13534069562,7351420550,13500226823,11280913,"[11280401, 11280913, 11281425]"
13,13,meta-llama/Llama-3.1-8B,512,4,0,265288258,265288258,1,90277398,58336953,"[121233056, 42076824, 11700980]"
13,85,meta-llama/Llama-3.1-8B,512,4,0,265288258,265288258,1,90277398,58336953,"[121233056, 42076824, 11700980]"
13,157,meta-llama/Llama-3.1-8B,512,4,0,265288258,265288258,1,90277398,58336953,"[121233056, 42076824, 11700980]"
13,229,meta-llama/Llama-3.1-8B,512,4,0,265288258,265288258,1,90277398,58336953,"[121233056, 42076824, 11700980]"
13,301,meta-llama/Llama-3.1-8B,512,4,0,355883275,355883275,90277398,211510454,48124273,"[42076824, 11700980, 90595017]"
13,373,meta-llama/Llama-3.1-8B,512,4,0,355883275,355883275,90277398,211510454,48124273,"[42076824, 11700980, 90595017]"
13,445,meta-llama/Llama-3.1-8B,512,4,0,355883275,355883275,90277398,211510454,48124273,"[42076824, 11700980, 90595017]"
13,517,meta-llama/Llama-3.1-8B,512,4,0,460008439,460008439,211510454,253587278,68807053,"[11700980, 90595017, 104125164]"
13,589,meta-llama/Llama-3.1-8B,512,4,0,529437174,529437174,265288258,355883275,57851299,"[104125164, 50165787, 19262948]"
13,661,meta-llama/Llama-3.1-8B,512,4,0,529437174,529437174,265288258,355883275,57851299,"[104125164, 50165787, 19262948]"
13,733,meta-llama/Llama-3.1-8B,512,4,0,529437174,529437174,265288258,355883275,57851299,"[104125164, 50165787, 19262948]"
13,805,meta-llama/Llama-3.1-8B,512,4,0,601983556,601983556,355883275,460008439,47325039,"[50165787, 19262948, 72546382]"
13,877,meta-llama/Llama-3.1-8B,512,4,0,601983556,601983556,355883275,460008439,47325039,"[50165787, 19262948, 72546382]"
13,949,meta-llama/Llama-3.1-8B,512,4,0,601983556,601983556,355883275,460008439,47325039,"[50165787, 19262948, 72546382]"
13,1021,meta-llama/Llama-3.1-8B,512,4,0,601983556,601983556,355883275,460008439,47325039,"[50165787, 19262948, 72546382]"
13,1093,meta-llama/Llama-3.1-8B,512,4,0,635662001,635662001,460008439,510174226,41829258,"[19262948, 72546382, 33678445]"
13,1165,meta-llama/Llama-3.1-8B,512,4,0,658215123,658215123,529437174,601983556,18743855,"[33678445, 11276305, 11276817]"
13,1237,meta-llama/Llama-3.1-8B,512,4,0,658215123,658215123,529437174,601983556,18743855,"[33678445, 11276305, 11276817]"
13,1309,meta-llama/Llama-3.1-8B,512,4,0,658215123,658215123,529437174,601983556,18743855,"[33678445, 11276305, 11276817]"
13,1381,meta-llama/Llama-3.1-8B,512,4,0,669500196,669500196,601983556,635662001,11279398,"[11276305, 11276817, 11285073]"
13,1453,meta-llama/Llama-3.1-8B,520,4,3000000000,4252088870,1252088870,37406,1217543948,11514974,"[11513918, 11514974, 11516030]"
13,1525,meta-llama/Llama-3.1-8B,520,4,3000000000,4252088870,1252088870,37406,1217543948,11514974,"[11513918, 11514974, 11516030]"
13,1597,meta-llama/Llama-3.1-8B,520,4,3000000000,4252088870,1252088870,37406,1217543948,11514974,"[11513918, 11514974, 11516030]"
13,1669,meta-llama/Llama-3.1-8B,520,4,3000000000,4252088870,1252088870,37406,1217543948,11514974,"[11513918, 11514974, 11516030]"
13,1741,meta-llama/Llama-3.1-8B,520,4,3000000000,4252088870,1252088870,37406,1217543948,11514974,"[11513918, 11514974, 11516030]"
13,1813,meta-llama/Llama-3.1-8B,520,4,3000000000,4252088870,1252088870,37406,1217543948,11514974,"[11513918, 11514974, 11516030]"
13,1885,meta-llama/Llama-3.1-8B,520,4,3000000000,4252088870,1252088870,37406,1217543948,11514974,"[11513918, 11514974, 11516030]"
13,1957,meta-llama/Llama-3.1-8B,520,4,3000000000,4252088870,1252088870,37406,1217543948,11514974,"[11513918, 11514974, 11516030]"
13,2029,meta-llama/Llama-3.1-8B,520,4,3000000000,10437326630,7437326630,1252088870,7402781708,11514974,"[11513918, 11514974, 11516030]"
13,2101,meta-llama/Llama-3.1-8B,520,4,3000000000,10437326630,7437326630,1252088870,7402781708,11514974,"[11513918, 11514974, 11516030]"
13,2173,meta-llama/Llama-3.1-8B,520,4,3000000000,10437326630,7437326630,1252088870,7402781708,11514974,"[11513918, 11514974, 11516030]"
13,2245,meta-llama/Llama-3.1-8B,520,4,3000000000,10437326630,7437326630,1252088870,7402781708,11514974,"[11513918, 11514974, 11516030]"
13,2317,meta-llama/Llama-3.1-8B,520,4,3000000000,10437326630,7437326630,1252088870,7402781708,11514974,"[11513918, 11514974, 11516030]"
13,2389,meta-llama/Llama-3.1-8B,520,4,3000000000,10437326630,7437326630,1252088870,7402781708,11514974,"[11513918, 11514974, 11516030]"
13,2461,meta-llama/Llama-3.1-8B,520,4,3000000000,10437326630,7437326630,1252088870,7402781708,11514974,"[11513918, 11514974, 11516030]"
13,2533,meta-llama/Llama-3.1-8B,520,4,3000000000,10437326630,7437326630,1252088870,7402781708,11514974,"[11513918, 11514974, 11516030]"
13,2605,meta-llama/Llama-3.1-8B,520,4,3000000000,16619975642,13619975642,7437326630,13586132903,11280913,"[11280401, 11280913, 11281425]"
13,2677,meta-llama/Llama-3.1-8B,520,4,3000000000,16619975642,13619975642,7437326630,13586132903,11280913,"[11280401, 11280913, 11281425]"
13,2749,meta-llama/Llama-3.1-8B,520,4,3000000000,16619975642,13619975642,7437326630,13586132903,11280913,"[11280401, 11280913, 11281425]"
13,2821,meta-llama/Llama-3.1-8B,520,4,3000000000,16619975642,13619975642,7437326630,13586132903,11280913,"[11280401, 11280913, 11281425]"
14,14,meta-llama/Llama-3.1-8B,512,4,0,265290430,265290430,1,90802854,58162525,"[121233056, 41554309, 11700211]"
14,86,meta-llama/Llama-3.1-8B,512,4,0,265290430,265290430,1,90802854,58162525,"[121233056, 41554309, 11700211]"
14,158,meta-llama/Llama-3.1-8B,512,4,0,265290430,265290430,1,90802854,58162525,"[121233056, 41554309, 11700211]"
14,230,meta-llama/Llama-3.1-8B,512,4,0,265290430,265290430,1,90802854,58162525,"[121233056, 41554309, 11700211]"
14,302,meta-llama/Llama-3.1-8B,512,4,0,356408731,356408731,90802854,212035910,48124273,"[41554309, 11700211, 91118301]"
14,374,meta-llama/Llama-3.1-8B,512,4,0,356408731,356408731,90802854,212035910,48124273,"[41554309, 11700211, 91118301]"
14,446,meta-llama/Llama-3.1-8B,512,4,0,356408731,356408731,90802854,212035910,48124273,"[41554309, 11700211, 91118301]"
14,518,meta-llama/Llama-3.1-8B,512,4,0,460404613,460404613,212035910,253590219,68938131,"[11700211, 91118301, 103995882]"
14,590,meta-llama/Llama-3.1-8B,512,4,0,529439346,529439346,265290430,356408731,57676871,"[103995882, 49902862, 19131871]"
14,662,meta-llama/Llama-3.1-8B,512,4,0,529439346,529439346,265290430,356408731,57676871,"[103995882, 49902862, 19131871]"
14,734,meta-llama/Llama-3.1-8B,512,4,0,529439346,529439346,265290430,356408731,57676871,"[103995882, 49902862, 19131871]"
14,806,meta-llama/Llama-3.1-8B,512,4,0,602378960,602378960,356408731,460404613,47324782,"[49902862, 19131871, 72939614]"
14,878,meta-llama/Llama-3.1-8B,512,4,0,602378960,602378960,356408731,460404613,47324782,"[49902862, 19131871, 72939614]"
14,950,meta-llama/Llama-3.1-8B,512,4,0,602378960,602378960,356408731,460404613,47324782,"[49902862, 19131871, 72939614]"
14,1022,meta-llama/Llama-3.1-8B,512,4,0,602378960,602378960,356408731,460404613,47324782,"[49902862, 19131871, 72939614]"
14,1094,meta-llama/Llama-3.1-8B,512,4,0,636876250,636876250,460404613,510307475,42189591,"[19131871, 72939614, 34497290]"
14,1166,meta-llama/Llama-3.1-8B,512,4,0,659534566,659534566,529439346,602378960,19051868,"[34497290, 11380865, 11277451]"
14,1238,meta-llama/Llama-3.1-8B,512,4,0,659534566,659534566,529439346,602378960,19051868,"[34497290, 11380865, 11277451]"
14,1310,meta-llama/Llama-3.1-8B,512,4,0,659534566,659534566,529439346,602378960,19051868,"[34497290, 11380865, 11277451]"
14,1382,meta-llama/Llama-3.1-8B,512,4,0,670819759,670819759,602378960,636876250,11314503,"[11380865, 11277451, 11285193]"
14,1454,meta-llama/Llama-3.1-8B,520,4,3000000000,4337994950,1337994950,37406,1303450028,11514974,"[11513918, 11514974, 11516030]"
14,1526,meta-llama/Llama-3.1-8B,520,4,3000000000,4337994950,1337994950,37406,1303450028,11514974,"[11513918, 11514974, 11516030]"
14,1598,meta-llama/Llama-3.1-8B,520,4,3000000000,4337994950,1337994950,37406,1303450028,11514974,"[11513918, 11514974, 11516030]"
14,1670,meta-llama/Llama-3.1-8B,520,4,3000000000,4337994950,1337994950,37406,1303450028,11514974,"[11513918, 11514974, 11516030]"
14,1742,meta-llama/Llama-3.1-8B,520,4,3000000000,4337994950,1337994950,37406,1303450028,11514974,"[11513918, 11514974, 11516030]"
14,1814,meta-llama/Llama-3.1-8B,520,4,3000000000,4337994950,1337994950,37406,1303450028,11514974,"[11513918, 11514974, 11516030]"
14,1886,meta-llama/Llama-3.1-8B,520,4,3000000000,4337994950,1337994950,37406,1303450028,11514974,"[11513918, 11514974, 11516030]"
14,1958,meta-llama/Llama-3.1-8B,520,4,3000000000,4337994950,1337994950,37406,1303450028,11514974,"[11513918, 11514974, 11516030]"
14,2030,meta-llama/Llama-3.1-8B,520,4,3000000000,10523232710,7523232710,1337994950,7488687788,11514974,"[11513918, 11514974, 11516030]"
14,2102,meta-llama/Llama-3.1-8B,520,4,3000000000,10523232710,7523232710,1337994950,7488687788,11514974,"[11513918, 11514974, 11516030]"
14,2174,meta-llama/Llama-3.1-8B,520,4,3000000000,10523232710,7523232710,1337994950,7488687788,11514974,"[11513918, 11514974, 11516030]"
14,2246,meta-llama/Llama-3.1-8B,520,4,3000000000,10523232710,7523232710,1337994950,7488687788,11514974,"[11513918, 11514974, 11516030]"
14,2318,meta-llama/Llama-3.1-8B,520,4,3000000000,10523232710,7523232710,1337994950,7488687788,11514974,"[11513918, 11514974, 11516030]"
14,2390,meta-llama/Llama-3.1-8B,520,4,3000000000,10523232710,7523232710,1337994950,7488687788,11514974,"[11513918, 11514974, 11516030]"
14,2462,meta-llama/Llama-3.1-8B,520,4,3000000000,10523232710,7523232710,1337994950,7488687788,11514974,"[11513918, 11514974, 11516030]"
14,2534,meta-llama/Llama-3.1-8B,520,4,3000000000,10523232710,7523232710,1337994950,7488687788,11514974,"[11513918, 11514974, 11516030]"
14,2606,meta-llama/Llama-3.1-8B,520,4,3000000000,16705881722,13705881722,7523232710,13672038983,11280913,"[11280401, 11280913, 11281425]"
14,2678,meta-llama/Llama-3.1-8B,520,4,3000000000,16705881722,13705881722,7523232710,13672038983,11280913,"[11280401, 11280913, 11281425]"
14,2750,meta-llama/Llama-3.1-8B,520,4,3000000000,16705881722,13705881722,7523232710,13672038983,11280913,"[11280401, 11280913, 11281425]"
14,2822,meta-llama/Llama-3.1-8B,520,4,3000000000,16705881722,13705881722,7523232710,13672038983,11280913,"[11280401, 11280913, 11281425]"
15,15,meta-llama/Llama-3.1-8B,512,4,0,265292602,265292602,1,91328310,57988097,"[121233056, 41031794, 11699442]"
15,87,meta-llama/Llama-3.1-8B,512,4,0,265292602,265292602,1,91328310,57988097,"[121233056, 41031794, 11699442]"
15,159,meta-llama/Llama-3.1-8B,512,4,0,265292602,265292602,1,91328310,57988097,"[121233056, 41031794, 11699442]"
15,231,meta-llama/Llama-3.1-8B,512,4,0,265292602,265292602,1,91328310,57988097,"[121233056, 41031794, 11699442]"
15,303,meta-llama/Llama-3.1-8B,512,4,0,356934187,356934187,91328310,212561366,48124273,"[41031794, 11699442, 91641585]"
15,375,meta-llama/Llama-3.1-8B,512,4,0,356934187,356934187,91328310,212561366,48124273,"[41031794, 11699442, 91641585]"
15,447,meta-llama/Llama-3.1-8B,512,4,0,356934187,356934187,91328310,212561366,48124273,"[41031794, 11699442, 91641585]"
15,519,meta-llama/Llama-3.1-8B,512,4,0,460800787,460800787,212561366,253593160,69069209,"[11699442, 91641585, 103866600]"
15,591,meta-llama/Llama-3.1-8B,512,4,0,529441518,529441518,265292602,356934187,57502443,"[103866600, 49639937, 19000794]"
15,663,meta-llama/Llama-3.1-8B,512,4,0,529441518,529441518,265292602,356934187,57502443,"[103866600, 49639937, 19000794]"
15,735,meta-llama/Llama-3.1-8B,512,4,0,529441518,529441518,265292602,356934187,57502443,"[103866600, 49639937, 19000794]"
15,807,meta-llama/Llama-3.1-8B,512,4,0,602802401,602802401,356934187,460800787,47333871,"[49639937, 19000794, 73360883]"
15,879,meta-llama/Llama-3.1-8B,512,4,0,602802401,602802401,356934187,460800787,47333871,"[49639937, 19000794, 73360883]"
15,951,meta-llama/Llama-3.1-8B,512,4,0,602802401,602802401,356934187,460800787,47333871,"[49639937, 19000794, 73360883]"
15,1023,meta-llama/Llama-3.1-8B,512,4,0,602802401,602802401,356934187,460800787,47333871,"[49639937, 19000794, 73360883]"
15,1095,meta-llama/Llama-3.1-8B,512,4,0,637695095,637695095,460800787,510440724,42418123,"[19000794, 73360883, 34892694]"
15,1167,meta-llama/Llama-3.1-8B,512,4,0,660248217,660248217,529441518,602802401,19148605,"[34892694, 11276305, 11276817]"
15,1239,meta-llama/Llama-3.1-8B,512,4,0,660248217,660248217,529441518,602802401,19148605,"[34892694, 11276305, 11276817]"
15,1311,meta-llama/Llama-3.1-8B,512,4,0,660248217,660248217,529441518,602802401,19148605,"[34892694, 11276305, 11276817]"
15,1383,meta-llama/Llama-3.1-8B,512,4,0,671533290,671533290,602802401,637695095,11279398,"[11276305, 11276817, 11285073]"
15,1455,meta-llama/Llama-3.1-8B,520,4,3000000000,4423901030,1423901030,37406,1389356108,11514974,"[11513918, 11514974, 11516030]"
15,1527,meta-llama/Llama-3.1-8B,520,4,3000000000,4423901030,1423901030,37406,1389356108,11514974,"[11513918, 11514974, 11516030]"
15,1599,meta-llama/Llama-3.1-8B,520,4,3000000000,4423901030,1423901030,37406,1389356108,11514974,"[11513918, 11514974, 11516030]"
15,1671,meta-llama/Llama-3.1-8B,520,4,3000000000,4423901030,1423901030,37406,1389356108,11514974,"[11513918, 11514974, 11516030]"
15,1743,meta-llama/Llama-3.1-8B,520,4,3000000000,4423901030,1423901030,37406,1389356108,11514974,"[11513918, 11514974, 11516030]"
15,1815,meta-llama/Llama-3.1-8B,520,4,3000000000,4423901030,1423901030,37406,1389356108,11514974,"[11513918, 11514974, 11516030]"
15,1887,meta-llama/Llama-3.1-8B,520,4,3000000000,4423901030,1423901030,37406,1389356108,11514974,"[11513918, 11514974, 11516030]"
15,1959,meta-llama/Llama-3.1-8B,520,4,3000000000,4423901030,1423901030,37406,1389356108,11514974,"[11513918, 11514974, 11516030]"
15,2031,meta-llama/Llama-3.1-8B,520,4,3000000000,10609138790,7609138790,1423901030,7574593868,11514974,"[11513918, 11514974, 11516030]"
15,2103,meta-llama/Llama-3.1-8B,520,4,3000000000,10609138790,7609138790,1423901030,7574593868,11514974,"[11513918, 11514974, 11516030]"
15,2175,meta-llama/Llama-3.1-8B,520,4,3000000000,10609138790,7609138790,1423901030,7574593868,11514974,"[11513918, 11514974, 11516030]"
15,2247,meta-llama/Llama-3.1-8B,520,4,3000000000,10609138790,7609138790,1423901030,7574593868,11514974,"[11513918, 11514974, 11516030]"
15,2319,meta-llama/Llama-3.1-8B,520,4,3000000000,10609138790,7609138790,1423901030,7574593868,11514974,"[11513918, 11514974, 11516030]"
15,2391,meta-llama/Llama-3.1-8B,520,4,3000000000,10609138790,7609138790,1423901030,7574593868,11514974,"[11513918, 11514974, 11516030]"
15,2463,meta-llama/Llama-3.1-8B,520,4,3000000000,10609138790,7609138790,1423901030,7574593868,11514974,"[11513918, 11514974, 11516030]"
15,2535,meta-llama/Llama-3.1-8B,520,4,3000000000,10609138790,7609138790,1423901030,7574593868,11514974,"[11513918, 11514974, 11516030]"
15,2607,meta-llama/Llama-3.1-8B,520,4,3000000000,16791787802,13791787802,7609138790,13757945063,11280913,"[11280401, 11280913, 11281425]"
15,2679,meta-llama/Llama-3.1-8B,520,4,3000000000,16791787802,13791787802,7609138790,13757945063,11280913,"[11280401, 11280913, 11281425]"
15,2751,meta-llama/Llama-3.1-8B,520,4,3000000000,16791787802,13791787802,7609138790,13757945063,11280913,"[11280401, 11280913, 11281425]"
15,2823,meta-llama/Llama-3.1-8B,520,4,3000000000,16791787802,13791787802,7609138790,13757945063,11280913,"[11280401, 11280913, 11281425]"
16,16,meta-llama/Llama-3.1-8B,512,4,0,265294774,265294774,1,91853766,57813669,"[121233056, 40509279, 11698673]"
16,88,meta-llama/Llama-3.1-8B,512,4,0,265294774,265294774,1,91853766,57813669,"[121233056, 40509279, 11698673]"
16,160,meta-llama/Llama-3.1-8B,512,4,0,265294774,265294774,1,91853766,57813669,"[121233056, 40509279, 11698673]"
16,232,meta-llama/Llama-3.1-8B,512,4,0,265294774,265294774,1,91853766,57813669,"[121233056, 40509279, 11698673]"
16,304,meta-llama/Llama-3.1-8B,512,4,0,357459643,357459643,91853766,213086822,48124273,"[40509279, 11698673, 92164869]"
16,376,meta-llama/Llama-3.1-8B,512,4,0,357459643,357459643,91853766,213086822,48124273,"[40509279, 11698673, 92164869]"
16,448,meta-llama/Llama-3.1-8B,512,4,0,357459643,357459643,91853766,213086822,48124273,"[40509279, 11698673, 92164869]"
16,520,meta-llama/Llama-3.1-8B,512,4,0,461196961,461196961,213086822,253596101,69200286,"[11698673, 92164869, 103737318]"
16,592,meta-llama/Llama-3.1-8B,512,4,0,529443690,529443690,265294774,357459643,57328015,"[103737318, 49377012, 18869717]"
16,664,meta-llama/Llama-3.1-8B,512,4,0,529443690,529443690,265294774,357459643,57328015,"[103737318, 49377012, 18869717]"
16,736,meta-llama/Llama-3.1-8B,512,4,0,529443690,529443690,265294774,357459643,57328015,"[103737318, 49377012, 18869717]"
16,808,meta-llama/Llama-3.1-8B,512,4,0,603197805,603197805,357459643,461196961,47333614,"[49377012, 18869717, 73754115]"
16,880,meta-llama/Llama-3.1-8B,512,4,0,603197805,603197805,357459643,461196961,47333614,"[49377012, 18869717, 73754115]"
16,952,meta-llama/Llama-3.1-8B,512,4,0,603197805,603197805,357459643,461196961,47333614,"[49377012, 18869717, 73754115]"
16,1024,meta-llama/Llama-3.1-8B,512,4,0,603197805,603197805,357459643,461196961,47333614,"[49377012, 18869717, 73754115]"
16,1096,meta-llama/Llama-3.1-8B,512,4,0,638909344,638909344,461196961,510573973,42778457,"[18869717, 73754115, 35711539]"
16,1168,meta-llama/Llama-3.1-8B,512,4,0,662764684,662764684,529443690,603197805,19855626,"[35711539, 11513345, 12341995]"
16,1240,meta-llama/Llama-3.1-8B,512,4,0,662764684,662764684,529443690,603197805,19855626,"[35711539, 11513345, 12341995]"
16,1312,meta-llama/Llama-3.1-8B,512,4,0,662764684,662764684,529443690,603197805,19855626,"[35711539, 11513345, 12341995]"
16,1384,meta-llama/Llama-3.1-8B,512,4,0,674049877,674049877,603197805,638909344,11713511,"[11513345, 12341995, 11285193]"
16,1456,meta-llama/Llama-3.1-8B,520,4,3000000000,4509807110,1509807110,37406,1475262188,11514974,"[11513918, 11514974, 11516030]"
16,1528,meta-llama/Llama-3.1-8B,520,4,3000000000,4509807110,1509807110,37406,1475262188,11514974,"[11513918, 11514974, 11516030]"
16,1600,meta-llama/Llama-3.1-8B,520,4,3000000000,4509807110,1509807110,37406,1475262188,11514974,"[11513918, 11514974, 11516030]"
16,1672,meta-llama/Llama-3.1-8B,520,4,3000000000,4509807110,1509807110,37406,1475262188,11514974,"[11513918, 11514974, 11516030]"
16,1744,meta-llama/Llama-3.1-8B,520,4,3000000000,4509807110,1509807110,37406,1475262188,11514974,"[11513918, 11514974, 11516030]"
16,1816,meta-llama/Llama-3.1-8B,520,4,3000000000,4509807110,1509807110,37406,1475262188,11514974,"[11513918, 11514974, 11516030]"
16,1888,meta-llama/Llama-3.1-8B,520,4,3000000000,4509807110,1509807110,37406,1475262188,11514974,"[11513918, 11514974, 11516030]"
16,1960,meta-llama/Llama-3.1-8B,520,4,3000000000,4509807110,1509807110,37406,1475262188,11514974,"[11513918, 11514974, 11516030]"
16,2032,meta-llama/Llama-3.1-8B,520,4,3000000000,10695044870,7695044870,1509807110,7660499948,11514974,"[11513918, 11514974, 11516030]"
16,2104,meta-llama/Llama-3.1-8B,520,4,3000000000,10695044870,7695044870,1509807110,7660499948,11514974,"[11513918, 11514974, 11516030]"
16,2176,meta-llama/Llama-3.1-8B,520,4,3000000000,10695044870,7695044870,1509807110,7660499948,11514974,"[11513918, 11514974, 11516030]"
16,2248,meta-llama/Llama-3.1-8B,520,4,3000000000,10695044870,7695044870,1509807110,7660499948,11514974,"[11513918, 11514974, 11516030]"
16,2320,meta-llama/Llama-3.1-8B,520,4,3000000000,10695044870,7695044870,1509807110,7660499948,11514974,"[11513918, 11514974, 11516030]"
16,2392,meta-llama/Llama-3.1-8B,520,4,3000000000,10695044870,7695044870,1509807110,7660499948,11514974,"[11513918, 11514974, 11516030]"
16,2464,meta-llama/Llama-3.1-8B,520,4,3000000000,10695044870,7695044870,1509807110,7660499948,11514974,"[11513918, 11514974, 11516030]"
16,2536,meta-llama/Llama-3.1-8B,520,4,3000000000,10695044870,7695044870,1509807110,7660499948,11514974,"[11513918, 11514974, 11516030]"
16,2608,meta-llama/Llama-3.1-8B,520,4,3000000000,16877693882,13877693882,7695044870,13843851143,11280913,"[11280401, 11280913, 11281425]"
16,2680,meta-llama/Llama-3.1-8B,520,4,3000000000,16877693882,13877693882,7695044870,13843851143,11280913,"[11280401, 11280913, 11281425]"
16,2752,meta-llama/Llama-3.1-8B,520,4,3000000000,16877693882,13877693882,7695044870,13843851143,11280913,"[11280401, 11280913, 11281425]"
16,2824,meta-llama/Llama-3.1-8B,520,4,3000000000,16877693882,13877693882,7695044870,13843851143,11280913,"[11280401, 11280913, 11281425]"
17,17,meta-llama/Llama-3.1-8B,512,4,0,265296946,265296946,1,92379222,57639241,"[121233056, 39986764, 11697904]"
17,89,meta-llama/Llama-3.1-8B,512,4,0,265296946,265296946,1,92379222,57639241,"[121233056, 39986764, 11697904]"
17,161,meta-llama/Llama-3.1-8B,512,4,0,265296946,265296946,1,92379222,57639241,"[121233056, 39986764, 11697904]"
17,233,meta-llama/Llama-3.1-8B,512,4,0,265296946,265296946,1,92379222,57639241,"[121233056, 39986764, 11697904]"
17,305,meta-llama/Llama-3.1-8B,512,4,0,357985099,357985099,92379222,213612278,48124273,"[39986764, 11697904, 92688153]"
17,377,meta-llama/Llama-3.1-8B,512,4,0,357985099,357985099,92379222,213612278,48124273,"[39986764, 11697904, 92688153]"
17,449,meta-llama/Llama-3.1-8B,512,4,0,357985099,357985099,92379222,213612278,48124273,"[39986764, 11697904, 92688153]"
17,521,meta-llama/Llama-3.1-8B,512,4,0,461593135,461593135,213612278,253599042,69331364,"[11697904, 92688153, 103608036]"
17,593,meta-llama/Llama-3.1-8B,512,4,0,529445862,529445862,265296946,357985099,57153587,"[103608036, 49114087, 18738640]"
17,665,meta-llama/Llama-3.1-8B,512,4,0,529445862,529445862,265296946,357985099,57153587,"[103608036, 49114087, 18738640]"
17,737,meta-llama/Llama-3.1-8B,512,4,0,529445862,529445862,265296946,357985099,57153587,"[103608036, 49114087, 18738640]"
17,809,meta-llama/Llama-3.1-8B,512,4,0,603593209,603593209,357985099,461593135,47333358,"[49114087, 18738640, 74147347]"
17,881,meta-llama/Llama-3.1-8B,512,4,0,603593209,603593209,357985099,461593135,47333358,"[49114087, 18738640, 74147347]"
17,953,meta-llama/Llama-3.1-8B,512,4,0,603593209,603593209,357985099,461593135,47333358,"[49114087, 18738640, 74147347]"
17,1025,meta-llama/Llama-3.1-8B,512,4,0,603593209,603593209,357985099,461593135,47333358,"[49114087, 18738640, 74147347]"
17,1097,meta-llama/Llama-3.1-8B,512,4,0,639728189,639728189,461593135,510707222,43006989,"[18738640, 74147347, 36134980]"
17,1169,meta-llama/Llama-3.1-8B,512,4,0,667429696,667429696,529445862,603593209,21278829,"[36134980, 14543470, 13158037]"
17,1241,meta-llama/Llama-3.1-8B,512,4,0,667429696,667429696,529445862,603593209,21278829,"[36134980, 14543470, 13158037]"
17,1313,meta-llama/Llama-3.1-8B,512,4,0,667429696,667429696,529445862,603593209,21278829,"[36134980, 14543470, 13158037]"
17,1385,meta-llama/Llama-3.1-8B,512,4,0,678747533,678747533,603593209,639728189,13006448,"[14543470, 13158037, 11317837]"
17,1457,meta-llama/Llama-3.1-8B,520,4,3000000000,4595713190,1595713190,37406,1561168268,11514974,"[11513918, 11514974, 11516030]"
17,1529,meta-llama/Llama-3.1-8B,520,4,3000000000,4595713190,1595713190,37406,1561168268,11514974,"[11513918, 11514974, 11516030]"
17,1601,meta-llama/Llama-3.1-8B,520,4,3000000000,4595713190,1595713190,37406,1561168268,11514974,"[11513918, 11514974, 11516030]"
17,1673,meta-llama/Llama-3.1-8B,520,4,3000000000,4595713190,1595713190,37406,1561168268,11514974,"[11513918, 11514974, 11516030]"
17,1745,meta-llama/Llama-3.1-8B,520,4,3000000000,4595713190,1595713190,37406,1561168268,11514974,"[11513918, 11514974, 11516030]"
17,1817,meta-llama/Llama-3.1-8B,520,4,3000000000,4595713190,1595713190,37406,1561168268,11514974,"[11513918, 11514974, 11516030]"
17,1889,meta-llama/Llama-3.1-8B,520,4,3000000000,4595713190,1595713190,37406,1561168268,11514974,"[11513918, 11514974, 11516030]"
17,1961,meta-llama/Llama-3.1-8B,520,4,3000000000,4595713190,1595713190,37406,1561168268,11514974,"[11513918, 11514974, 11516030]"
17,2033,meta-llama/Llama-3.1-8B,520,4,3000000000,10780950950,7780950950,1595713190,7746406028,11514974,"[11513918, 11514974, 11516030]"
17,2105,meta-llama/Llama-3.1-8B,520,4,3000000000,10780950950,7780950950,1595713190,7746406028,11514974,"[11513918, 11514974, 11516030]"
17,2177,meta-llama/Llama-3.1-8B,520,4,3000000000,10780950950,7780950950,1595713190,7746406028,11514974,"[11513918, 11514974, 11516030]"
17,2249,meta-llama/Llama-3.1-8B,520,4,3000000000,10780950950,7780950950,1595713190,7746406028,11514974,"[11513918, 11514974, 11516030]"
17,2321,meta-llama/Llama-3.1-8B,520,4,3000000000,10780950950,7780950950,1595713190,7746406028,11514974,"[11513918, 11514974, 11516030]"
17,2393,meta-llama/Llama-3.1-8B,520,4,3000000000,10780950950,7780950950,1595713190,7746406028,11514974,"[11513918, 11514974, 11516030]"
17,2465,meta-llama/Llama-3.1-8B,520,4,3000000000,10780950950,7780950950,1595713190,7746406028,11514974,"[11513918, 11514974, 11516030]"
17,2537,meta-llama/Llama-3.1-8B,520,4,3000000000,10780950950,7780950950,1595713190,7746406028,11514974,"[11513918, 11514974, 11516030]"
17,2609,meta-llama/Llama-3.1-8B,520,4,3000000000,16963599962,13963599962,7780950950,13929757223,11280913,"[11280401, 11280913, 11281425]"
17,2681,meta-llama/Llama-3.1-8B,520,4,3000000000,16963599962,13963599962,7780950950,13929757223,11280913,"[11280401, 11280913, 11281425]"
17,2753,meta-llama/Llama-3.1-8B,520,4,3000000000,16963599962,13963599962,7780950950,13929757223,11280913,"[11280401, 11280913, 11281425]"
17,2825,meta-llama/Llama-3.1-8B,520,4,3000000000,16963599962,13963599962,7780950950,13929757223,11280913,"[11280401, 11280913, 11281425]"
18,18,meta-llama/Llama-3.1-8B,512,4,0,265299118,265299118,1,92904678,57464813,"[121233056, 39464249, 11697135]"
18,90,meta-llama/Llama-3.1-8B,512,4,0,265299118,265299118,1,92904678,57464813,"[121233056, 39464249, 11697135]"
18,162,meta-llama/Llama-3.1-8B,512,4,0,265299118,265299118,1,92904678,57464813,"[121233056, 39464249, 11697135]"
18,234,meta-llama/Llama-3.1-8B,512,4,0,265299118,265299118,1,92904678,57464813,"[121233056, 39464249, 11697135]"
18,306,meta-llama/Llama-3.1-8B,512,4,0,358510555,358510555,92904678,214137734,48124273,"[39464249, 11697135, 93211437]"
18,378,meta-llama/Llama-3.1-8B,512,4,0,358510555,358510555,92904678,214137734,48124273,"[39464249, 11697135, 93211437]"
18,450,meta-llama/Llama-3.1-8B,512,4,0,358510555,358510555,92904678,214137734,48124273,"[39464249, 11697135, 93211437]"
18,522,meta-llama/Llama-3.1-8B,512,4,0,461989309,461989309,214137734,253601983,69462442,"[11697135, 93211437, 103478754]"
18,594,meta-llama/Llama-3.1-8B,512,4,0,529448034,529448034,265299118,358510555,56979159,"[103478754, 48851162, 18607563]"
18,666,meta-llama/Llama-3.1-8B,512,4,0,529448034,529448034,265299118,358510555,56979159,"[103478754, 48851162, 18607563]"
18,738,meta-llama/Llama-3.1-8B,512,4,0,529448034,529448034,265299118,358510555,56979159,"[103478754, 48851162, 18607563]"
18,810,meta-llama/Llama-3.1-8B,512,4,0,604016650,604016650,358510555,461989309,47342447,"[48851162, 18607563, 74568616]"
18,882,meta-llama/Llama-3.1-8B,512,4,0,604016650,604016650,358510555,461989309,47342447,"[48851162, 18607563, 74568616]"
18,954,meta-llama/Llama-3.1-8B,512,4,0,604016650,604016650,358510555,461989309,47342447,"[48851162, 18607563, 74568616]"
18,1026,meta-llama/Llama-3.1-8B,512,4,0,604016650,604016650,358510555,461989309,47342447,"[48851162, 18607563, 74568616]"
18,1098,meta-llama/Llama-3.1-8B,512,4,0,640942438,640942438,461989309,510840471,43367322,"[18607563, 74568616, 36925788]"
18,1170,meta-llama/Llama-3.1-8B,512,4,0,667443808,667443808,529448034,604016650,21142386,"[36925788, 15187313, 11314057]"
18,1242,meta-llama/Llama-3.1-8B,512,4,0,667443808,667443808,529448034,604016650,21142386,"[36925788, 15187313, 11314057]"
18,1314,meta-llama/Llama-3.1-8B,512,4,0,667443808,667443808,529448034,604016650,21142386,"[36925788, 15187313, 11314057]"
18,1386,meta-llama/Llama-3.1-8B,512,4,0,678748029,678748029,604016650,640942438,12601863,"[15187313, 11314057, 11304221]"
18,1458,meta-llama/Llama-3.1-8B,520,4,3000000000,4681619270,1681619270,37406,1647074348,11514974,"[11513918, 11514974, 11516030]"
18,1530,meta-llama/Llama-3.1-8B,520,4,3000000000,4681619270,1681619270,37406,1647074348,11514974,"[11513918, 11514974, 11516030]"
18,1602,meta-llama/Llama-3.1-8B,520,4,3000000000,4681619270,1681619270,37406,1647074348,11514974,"[11513918, 11514974, 11516030]"
18,1674,meta-llama/Llama-3.1-8B,520,4,3000000000,4681619270,1681619270,37406,1647074348,11514974,"[11513918, 11514974, 11516030]"
18,1746,meta-llama/Llama-3.1-8B,520,4,3000000000,4681619270,1681619270,37406,1647074348,11514974,"[11513918, 11514974, 11516030]"
18,1818,meta-llama/Llama-3.1-8B,520,4,3000000000,4681619270,1681619270,37406,1647074348,11514974,"[11513918, 11514974, 11516030]"
18,1890,meta-llama/Llama-3.1-8B,520,4,3000000000,4681619270,1681619270,37406,1647074348,11514974,"[11513918, 11514974, 11516030]"
18,1962,meta-llama/Llama-3.1-8B,520,4,3000000000,4681619270,1681619270,37406,1647074348,11514974,"[11513918, 11514974, 11516030]"
18,2034,meta-llama/Llama-3.1-8B,520,4,3000000000,10866857030,7866857030,1681619270,7832312108,11514974,"[11513918, 11514974, 11516030]"
18,2106,meta-llama/Llama-3.1-8B,520,4,3000000000,10866857030,7866857030,1681619270,7832312108,11514974,"[11513918, 11514974, 11516030]"
18,2178,meta-llama/Llama-3.1-8B,520,4,3000000000,10866857030,7866857030,1681619270,7832312108,11514974,"[11513918, 11514974, 11516030]"
18,2250,meta-llama/Llama-3.1-8B,520,4,3000000000,10866857030,7866857030,1681619270,7832312108,11514974,"[11513918, 11514974, 11516030]"
18,2322,meta-llama/Llama-3.1-8B,520,4,3000000000,10866857030,7866857030,1681619270,7832312108,11514974,"[11513918, 11514974, 11516030]"
18,2394,meta-llama/Llama-3.1-8B,520,4,3000000000,10866857030,7866857030,1681619270,7832312108,11514974,"[11513918, 11514974, 11516030]"
18,2466,meta-llama/Llama-3.1-8B,520,4,3000000000,10866857030,7866857030,1681619270,7832312108,11514974,"[11513918, 11514974, 11516030]"
18,2538,meta-llama/Llama-3.1-8B,520,4,3000000000,10866857030,7866857030,1681619270,7832312108,11514974,"[11513918, 11514974, 11516030]"
18,2610,meta-llama/Llama-3.1-8B,520,4,3000000000,17049506042,14049506042,7866857030,14015663303,11280913,"[11280401, 11280913, 11281425]"
18,2682,meta-llama/Llama-3.1-8B,520,4,3000000000,17049506042,14049506042,7866857030,14015663303,11280913,"[11280401, 11280913, 11281425]"
18,2754,meta-llama/Llama-3.1-8B,520,4,3000000000,17049506042,14049506042,7866857030,14015663303,11280913,"[11280401, 11280913, 11281425]"
18,2826,meta-llama/Llama-3.1-8B,520,4,3000000000,17049506042,14049506042,7866857030,14015663303,11280913,"[11280401, 11280913, 11281425]"
19,19,meta-llama/Llama-3.1-8B,512,4,0,265301290,265301290,1,93430134,57290385,"[121233056, 38941734, 11696366]"
19,91,meta-llama/Llama-3.1-8B,512,4,0,265301290,265301290,1,93430134,57290385,"[121233056, 38941734, 11696366]"
19,163,meta-llama/Llama-3.1-8B,512,4,0,265301290,265301290,1,93430134,57290385,"[121233056, 38941734, 11696366]"
19,235,meta-llama/Llama-3.1-8B,512,4,0,265301290,265301290,1,93430134,57290385,"[121233056, 38941734, 11696366]"
19,307,meta-llama/Llama-3.1-8B,512,4,0,359036011,359036011,93430134,214663190,48124273,"[38941734, 11696366, 93734721]"
19,379,meta-llama/Llama-3.1-8B,512,4,0,359036011,359036011,93430134,214663190,48124273,"[38941734, 11696366, 93734721]"
19,451,meta-llama/Llama-3.1-8B,512,4,0,359036011,359036011,93430134,214663190,48124273,"[38941734, 11696366, 93734721]"
19,523,meta-llama/Llama-3.1-8B,512,4,0,462385483,462385483,214663190,253604924,69593519,"[11696366, 93734721, 103349472]"
19,595,meta-llama/Llama-3.1-8B,512,4,0,529606173,529606173,265301290,359036011,56856720,"[103349472, 48588237, 18632453]"
19,667,meta-llama/Llama-3.1-8B,512,4,0,529606173,529606173,265301290,359036011,56856720,"[103349472, 48588237, 18632453]"
19,739,meta-llama/Llama-3.1-8B,512,4,0,529606173,529606173,265301290,359036011,56856720,"[103349472, 48588237, 18632453]"
19,811,meta-llama/Llama-3.1-8B,512,4,0,604412054,604412054,359036011,462385483,47342190,"[48588237, 18632453, 74805881]"
19,883,meta-llama/Llama-3.1-8B,512,4,0,604412054,604412054,359036011,462385483,47342190,"[48588237, 18632453, 74805881]"
19,955,meta-llama/Llama-3.1-8B,512,4,0,604412054,604412054,359036011,462385483,47342190,"[48588237, 18632453, 74805881]"
19,1027,meta-llama/Llama-3.1-8B,512,4,0,604412054,604412054,359036011,462385483,47342190,"[48588237, 18632453, 74805881]"
19,1099,meta-llama/Llama-3.1-8B,512,4,0,642156687,642156687,462385483,510973720,43727655,"[18632453, 74805881, 37744633]"
19,1171,meta-llama/Llama-3.1-8B,512,4,0,667444954,667444954,529606173,604412054,21010966,"[37744633, 13977582, 11310685]"
19,1243,meta-llama/Llama-3.1-8B,512,4,0,667444954,667444954,529606173,604412054,21010966,"[37744633, 13977582, 11310685]"
19,1315,meta-llama/Llama-3.1-8B,512,4,0,667444954,667444954,529606173,604412054,21010966,"[37744633, 13977582, 11310685]"
19,1387,meta-llama/Llama-3.1-8B,512,4,0,678748405,678748405,604412054,642156687,12197239,"[13977582, 11310685, 11303451]"
19,1459,meta-llama/Llama-3.1-8B,520,4,3000000000,4767525350,1767525350,37406,1732980428,11514974,"[11513918, 11514974, 11516030]"
19,1531,meta-llama/Llama-3.1-8B,520,4,3000000000,4767525350,1767525350,37406,1732980428,11514974,"[11513918, 11514974, 11516030]"
19,1603,meta-llama/Llama-3.1-8B,520,4,3000000000,4767525350,1767525350,37406,1732980428,11514974,"[11513918, 11514974, 11516030]"
19,1675,meta-llama/Llama-3.1-8B,520,4,3000000000,4767525350,1767525350,37406,1732980428,11514974,"[11513918, 11514974, 11516030]"
19,1747,meta-llama/Llama-3.1-8B,520,4,3000000000,4767525350,1767525350,37406,1732980428,11514974,"[11513918, 11514974, 11516030]"
19,1819,meta-llama/Llama-3.1-8B,520,4,3000000000,4767525350,1767525350,37406,1732980428,11514974,"[11513918, 11514974, 11516030]"
19,1891,meta-llama/Llama-3.1-8B,520,4,3000000000,4767525350,1767525350,37406,1732980428,11514974,"[11513918, 11514974, 11516030]"
19,1963,meta-llama/Llama-3.1-8B,520,4,3000000000,4767525350,1767525350,37406,1732980428,11514974,"[11513918, 11514974, 11516030]"
19,2035,meta-llama/Llama-3.1-8B,520,4,3000000000,10952763110,7952763110,1767525350,7918218188,11514974,"[11513918, 11514974, 11516030]"
19,2107,meta-llama/Llama-3.1-8B,520,4,3000000000,10952763110,7952763110,1767525350,7918218188,11514974,"[11513918, 11514974, 11516030]"
19,2179,meta-llama/Llama-3.1-8B,520,4,3000000000,10952763110,7952763110,1767525350,7918218188,11514974,"[11513918, 11514974, 11516030]"
19,2251,meta-llama/Llama-3.1-8B,520,4,3000000000,10952763110,7952763110,1767525350,7918218188,11514974,"[11513918, 11514974, 11516030]"
19,2323,meta-llama/Llama-3.1-8B,520,4,3000000000,10952763110,7952763110,1767525350,7918218188,11514974,"[11513918, 11514974, 11516030]"
19,2395,meta-llama/Llama-3.1-8B,520,4,3000000000,10952763110,7952763110,1767525350,7918218188,11514974,"[11513918, 11514974, 11516030]"
19,2467,meta-llama/Llama-3.1-8B,520,4,3000000000,10952763110,7952763110,1767525350,7918218188,11514974,"[11513918, 11514974, 11516030]"
19,2539,meta-llama/Llama-3.1-8B,520,4,3000000000,10952763110,7952763110,1767525350,7918218188,11514974,"[11513918, 11514974, 11516030]"
19,2611,meta-llama/Llama-3.1-8B,520,4,3000000000,17135412122,14135412122,7952763110,14101569383,11280913,"[11280401, 11280913, 11281425]"
19,2683,meta-llama/Llama-3.1-8B,520,4,3000000000,17135412122,14135412122,7952763110,14101569383,11280913,"[11280401, 11280913, 11281425]"
19,2755,meta-llama/Llama-3.1-8B,520,4,3000000000,17135412122,14135412122,7952763110,14101569383,11280913,"[11280401, 11280913, 11281425]"
19,2827,meta-llama/Llama-3.1-8B,520,4,3000000000,17135412122,14135412122,7952763110,14101569383,11280913,"[11280401, 11280913, 11281425]"
20,20,meta-llama/Llama-3.1-8B,512,4,0,265303462,265303462,1,93955590,57115957,"[121233056, 38419219, 11695597]"
20,92,meta-llama/Llama-3.1-8B,512,4,0,265303462,265303462,1,93955590,57115957,"[121233056, 38419219, 11695597]"
20,164,meta-llama/Llama-3.1-8B,512,4,0,265303462,265303462,1,93955590,57115957,"[121233056, 38419219, 11695597]"
20,236,meta-llama/Llama-3.1-8B,512,4,0,265303462,265303462,1,93955590,57115957,"[121233056, 38419219, 11695597]"
20,308,meta-llama/Llama-3.1-8B,512,4,0,359561467,359561467,93955590,215188646,48124273,"[38419219, 11695597, 94258005]"
20,380,meta-llama/Llama-3.1-8B,512,4,0,359561467,359561467,93955590,215188646,48124273,"[38419219, 11695597, 94258005]"
20,452,meta-llama/Llama-3.1-8B,512,4,0,359561467,359561467,93955590,215188646,48124273,"[38419219, 11695597, 94258005]"
20,524,meta-llama/Llama-3.1-8B,512,4,0,462781657,462781657,215188646,253607865,69724597,"[11695597, 94258005, 103220190]"
20,596,meta-llama/Llama-3.1-8B,512,4,0,529608345,529608345,265303462,359561467,56682292,"[103220190, 48325312, 18501376]"
20,668,meta-llama/Llama-3.1-8B,512,4,0,529608345,529608345,265303462,359561467,56682292,"[103220190, 48325312, 18501376]"
20,740,meta-llama/Llama-3.1-8B,512,4,0,529608345,529608345,265303462,359561467,56682292,"[103220190, 48325312, 18501376]"
20,812,meta-llama/Llama-3.1-8B,512,4,0,604807458,604807458,359561467,462781657,47341933,"[48325312, 18501376, 75199113]"
20,884,meta-llama/Llama-3.1-8B,512,4,0,604807458,604807458,359561467,462781657,47341933,"[48325312, 18501376, 75199113]"
20,956,meta-llama/Llama-3.1-8B,512,4,0,604807458,604807458,359561467,462781657,47341933,"[48325312, 18501376, 75199113]"
20,1028,meta-llama/Llama-3.1-8B,512,4,0,604807458,604807458,359561467,462781657,47341933,"[48325312, 18501376, 75199113]"
20,1100,meta-llama/Llama-3.1-8B,512,4,0,642975532,642975532,462781657,511106969,43956187,"[18501376, 75199113, 38168074]"
20,1172,meta-llama/Llama-3.1-8B,512,4,0,667446220,667446220,529608345,604807458,20879587,"[38168074, 13160603, 11310085]"
20,1244,meta-llama/Llama-3.1-8B,512,4,0,667446220,667446220,529608345,604807458,20879587,"[38168074, 13160603, 11310085]"
20,1316,meta-llama/Llama-3.1-8B,512,4,0,667446220,667446220,529608345,604807458,20879587,"[38168074, 13160603, 11310085]"
20,1388,meta-llama/Llama-3.1-8B,512,4,0,678748781,678748781,604807458,642975532,11924416,"[13160603, 11310085, 11302561]"
20,1460,meta-llama/Llama-3.1-8B,520,4,3000000000,4853431430,1853431430,37406,1818886508,11514974,"[11513918, 11514974, 11516030]"
20,1532,meta-llama/Llama-3.1-8B,520,4,3000000000,4853431430,1853431430,37406,1818886508,11514974,"[11513918, 11514974, 11516030]"
20,1604,meta-llama/Llama-3.1-8B,520,4,3000000000,4853431430,1853431430,37406,1818886508,11514974,"[11513918, 11514974, 11516030]"
20,1676,meta-llama/Llama-3.1-8B,520,4,3000000000,4853431430,1853431430,37406,1818886508,11514974,"[11513918, 11514974, 11516030]"
20,1748,meta-llama/Llama-3.1-8B,520,4,3000000000,4853431430,1853431430,37406,1818886508,11514974,"[11513918, 11514974, 11516030]"
20,1820,meta-llama/Llama-3.1-8B,520,4,3000000000,4853431430,1853431430,37406,1818886508,11514974,"[11513918, 11514974, 11516030]"
20,1892,meta-llama/Llama-3.1-8B,520,4,3000000000,4853431430,1853431430,37406,1818886508,11514974,"[11513918, 11514974, 11516030]"
20,1964,meta-llama/Llama-3.1-8B,520,4,3000000000,4853431430,1853431430,37406,1818886508,11514974,"[11513918, 11514974, 11516030]"
20,2036,meta-llama/Llama-3.1-8B,520,4,3000000000,11038669190,8038669190,1853431430,8004124268,11514974,"[11513918, 11514974, 11516030]"
20,2108,meta-llama/Llama-3.1-8B,520,4,3000000000,11038669190,8038669190,1853431430,8004124268,11514974,"[11513918, 11514974, 11516030]"
20,2180,meta-llama/Llama-3.1-8B,520,4,3000000000,11038669190,8038669190,1853431430,8004124268,11514974,"[11513918, 11514974, 11516030]"
20,2252,meta-llama/Llama-3.1-8B,520,4,3000000000,11038669190,8038669190,1853431430,8004124268,11514974,"[11513918, 11514974, 11516030]"
20,2324,meta-llama/Llama-3.1-8B,520,4,3000000000,11038669190,8038669190,1853431430,8004124268,11514974,"[11513918, 11514974, 11516030]"
20,2396,meta-llama/Llama-3.1-8B,520,4,3000000000,11038669190,8038669190,1853431430,8004124268,11514974,"[11513918, 11514974, 11516030]"
20,2468,meta-llama/Llama-3.1-8B,520,4,3000000000,11038669190,8038669190,1853431430,8004124268,11514974,"[11513918, 11514974, 11516030]"
20,2540,meta-llama/Llama-3.1-8B,520,4,3000000000,11038669190,8038669190,1853431430,8004124268,11514974,"[11513918, 11514974, 11516030]"
20,2612,meta-llama/Llama-3.1-8B,520,4,3000000000,17221318202,14221318202,8038669190,14187475463,11280913,"[11280401, 11280913, 11281425]"
20,2684,meta-llama/Llama-3.1-8B,520,4,3000000000,17221318202,14221318202,8038669190,14187475463,11280913,"[11280401, 11280913, 11281425]"
20,2756,meta-llama/Llama-3.1-8B,520,4,3000000000,17221318202,14221318202,8038669190,14187475463,11280913,"[11280401, 11280913, 11281425]"
20,2828,meta-llama/Llama-3.1-8B,520,4,3000000000,17221318202,14221318202,8038669190,14187475463,11280913,"[11280401, 11280913, 11281425]"
21,21,meta-llama/Llama-3.1-8B,512,4,0,265305762,265305762,1,94481046,56941572,"[121233056, 37896704, 11694956]"
21,93,meta-llama/Llama-3.1-8B,512,4,0,265305762,265305762,1,94481046,56941572,"[121233056, 37896704, 11694956]"
21,165,meta-llama/Llama-3.1-8B,512,4,0,265305762,265305762,1,94481046,56941572,"[121233056, 37896704, 11694956]"
21,237,meta-llama/Llama-3.1-8B,512,4,0,265305762,265305762,1,94481046,56941572,"[121233056, 37896704, 11694956]"
21,309,meta-llama/Llama-3.1-8B,512,4,0,360086923,360086923,94481046,215714102,48124273,"[37896704, 11694956, 94781161]"
21,381,meta-llama/Llama-3.1-8B,512,4,0,360086923,360086923,94481046,215714102,48124273,"[37896704, 11694956, 94781161]"
21,453,meta-llama/Llama-3.1-8B,512,4,0,360086923,360086923,94481046,215714102,48124273,"[37896704, 11694956, 94781161]"
21,525,meta-llama/Llama-3.1-8B,512,4,0,463177831,463177831,215714102,253610806,69855675,"[11694956, 94781161, 103090908]"
21,597,meta-llama/Llama-3.1-8B,512,4,0,529610517,529610517,265305762,360086923,56507864,"[103090908, 48062387, 18370299]"
21,669,meta-llama/Llama-3.1-8B,512,4,0,529610517,529610517,265305762,360086923,56507864,"[103090908, 48062387, 18370299]"
21,741,meta-llama/Llama-3.1-8B,512,4,0,529610517,529610517,265305762,360086923,56507864,"[103090908, 48062387, 18370299]"
21,813,meta-llama/Llama-3.1-8B,512,4,0,605230899,605230899,360086923,463177831,47351022,"[48062387, 18370299, 75620382]"
21,885,meta-llama/Llama-3.1-8B,512,4,0,605230899,605230899,360086923,463177831,47351022,"[48062387, 18370299, 75620382]"
21,957,meta-llama/Llama-3.1-8B,512,4,0,605230899,605230899,360086923,463177831,47351022,"[48062387, 18370299, 75620382]"
21,1029,meta-llama/Llama-3.1-8B,512,4,0,605230899,605230899,360086923,463177831,47351022,"[48062387, 18370299, 75620382]"
21,1101,meta-llama/Llama-3.1-8B,512,4,0,644189781,644189781,463177831,511240218,44316521,"[18370299, 75620382, 38958882]"
21,1173,meta-llama/Llama-3.1-8B,512,4,0,667447366,667447366,529610517,605230899,20738822,"[38958882, 11951112, 11306473]"
21,1245,meta-llama/Llama-3.1-8B,512,4,0,667447366,667447366,529610517,605230899,20738822,"[38958882, 11951112, 11306473]"
21,1317,meta-llama/Llama-3.1-8B,512,4,0,667447366,667447366,529610517,605230899,20738822,"[38958882, 11951112, 11306473]"
21,1389,meta-llama/Llama-3.1-8B,512,4,0,678749157,678749157,605230899,644189781,11519792,"[11951112, 11306473, 11301791]"
21,1461,meta-llama/Llama-3.1-8B,520,4,3000000000,4939337510,1939337510,37406,1904792588,11514974,"[11513918, 11514974, 11516030]"
21,1533,meta-llama/Llama-3.1-8B,520,4,3000000000,4939337510,1939337510,37406,1904792588,11514974,"[11513918, 11514974, 11516030]"
21,1605,meta-llama/Llama-3.1-8B,520,4,3000000000,4939337510,1939337510,37406,1904792588,11514974,"[11513918, 11514974, 11516030]"
21,1677,meta-llama/Llama-3.1-8B,520,4,3000000000,4939337510,1939337510,37406,1904792588,11514974,"[11513918, 11514974, 11516030]"
21,1749,meta-llama/Llama-3.1-8B,520,4,3000000000,4939337510,1939337510,37406,1904792588,11514974,"[11513918, 11514974, 11516030]"
21,1821,meta-llama/Llama-3.1-8B,520,4,3000000000,4939337510,1939337510,37406,1904792588,11514974,"[11513918, 11514974, 11516030]"
21,1893,meta-llama/Llama-3.1-8B,520,4,3000000000,4939337510,1939337510,37406,1904792588,11514974,"[11513918, 11514974, 11516030]"
21,1965,meta-llama/Llama-3.1-8B,520,4,3000000000,4939337510,1939337510,37406,1904792588,11514974,"[11513918, 11514974, 11516030]"
21,2037,meta-llama/Llama-3.1-8B,520,4,3000000000,11124575270,8124575270,1939337510,8090030348,11514974,"[11513918, 11514974, 11516030]"
21,2109,meta-llama/Llama-3.1-8B,520,4,3000000000,11124575270,8124575270,1939337510,8090030348,11514974,"[11513918, 11514974, 11516030]"
21,2181,meta-llama/Llama-3.1-8B,520,4,3000000000,11124575270,8124575270,1939337510,8090030348,11514974,"[11513918, 11514974, 11516030]"
21,2253,meta-llama/Llama-3.1-8B,520,4,3000000000,11124575270,8124575270,1939337510,8090030348,11514974,"[11513918, 11514974, 11516030]"
21,2325,meta-llama/Llama-3.1-8B,520,4,3000000000,11124575270,8124575270,1939337510,8090030348,11514974,"[11513918, 11514974, 11516030]"
21,2397,meta-llama/Llama-3.1-8B,520,4,3000000000,11124575270,8124575270,1939337510,8090030348,11514974,"[11513918, 11514974, 11516030]"
21,2469,meta-llama/Llama-3.1-8B,520,4,3000000000,11124575270,8124575270,1939337510,8090030348,11514974,"[11513918, 11514974, 11516030]"
21,2541,meta-llama/Llama-3.1-8B,520,4,3000000000,11124575270,8124575270,1939337510,8090030348,11514974,"[11513918, 11514974, 11516030]"
21,2613,meta-llama/Llama-3.1-8B,520,4,3000000000,17307224282,14307224282,8124575270,14273381543,11280913,"[11280401, 11280913, 11281425]"
21,2685,meta-llama/Llama-3.1-8B,520,4,3000000000,17307224282,14307224282,8124575270,14273381543,11280913,"[11280401, 11280913, 11281425]"
21,2757,meta-llama/Llama-3.1-8B,520,4,3000000000,17307224282,14307224282,8124575270,14273381543,11280913,"[11280401, 11280913, 11281425]"
21,2829,meta-llama/Llama-3.1-8B,520,4,3000000000,17307224282,14307224282,8124575270,14273381543,11280913,"[11280401, 11280913, 11281425]"
22,22,meta-llama/Llama-3.1-8B,512,4,0,265307934,265307934,1,95006502,56767144,"[121233056, 37374189, 11694187]"
22,94,meta-llama/Llama-3.1-8B,512,4,0,265307934,265307934,1,95006502,56767144,"[121233056, 37374189, 11694187]"
22,166,meta-llama/Llama-3.1-8B,512,4,0,265307934,265307934,1,95006502,56767144,"[121233056, 37374189, 11694187]"
22,238,meta-llama/Llama-3.1-8B,512,4,0,265307934,265307934,1,95006502,56767144,"[121233056, 37374189, 11694187]"
22,310,meta-llama/Llama-3.1-8B,512,4,0,360612379,360612379,95006502,216239558,48124273,"[37374189, 11694187, 95304445]"
22,382,meta-llama/Llama-3.1-8B,512,4,0,360612379,360612379,95006502,216239558,48124273,"[37374189, 11694187, 95304445]"
22,454,meta-llama/Llama-3.1-8B,512,4,0,360612379,360612379,95006502,216239558,48124273,"[37374189, 11694187, 95304445]"
22,526,meta-llama/Llama-3.1-8B,512,4,0,463574005,463574005,216239558,253613747,69986752,"[11694187, 95304445, 102961626]"
22,598,meta-llama/Llama-3.1-8B,512,4,0,529612689,529612689,265307934,360612379,56333436,"[102961626, 47799462, 18239222]"
22,670,meta-llama/Llama-3.1-8B,512,4,0,529612689,529612689,265307934,360612379,56333436,"[102961626, 47799462, 18239222]"
22,742,meta-llama/Llama-3.1-8B,512,4,0,529612689,529612689,265307934,360612379,56333436,"[102961626, 47799462, 18239222]"
22,814,meta-llama/Llama-3.1-8B,512,4,0,605626303,605626303,360612379,463574005,47350766,"[47799462, 18239222, 76013614]"
22,886,meta-llama/Llama-3.1-8B,512,4,0,605626303,605626303,360612379,463574005,47350766,"[47799462, 18239222, 76013614]"
22,958,meta-llama/Llama-3.1-8B,512,4,0,605626303,605626303,360612379,463574005,47350766,"[47799462, 18239222, 76013614]"
22,1030,meta-llama/Llama-3.1-8B,512,4,0,605626303,605626303,360612379,463574005,47350766,"[47799462, 18239222, 76013614]"
22,1102,meta-llama/Llama-3.1-8B,512,4,0,645404030,645404030,463574005,511373467,44676854,"[18239222, 76013614, 39777727]"
22,1174,meta-llama/Llama-3.1-8B,512,4,0,667957152,667957152,529612689,605626303,20776949,"[39777727, 11276305, 11276817]"
22,1246,meta-llama/Llama-3.1-8B,512,4,0,667957152,667957152,529612689,605626303,20776949,"[39777727, 11276305, 11276817]"
22,1318,meta-llama/Llama-3.1-8B,512,4,0,667957152,667957152,529612689,605626303,20776949,"[39777727, 11276305, 11276817]"
22,1390,meta-llama/Llama-3.1-8B,512,4,0,679242225,679242225,605626303,645404030,11279398,"[11276305, 11276817, 11285073]"
22,1462,meta-llama/Llama-3.1-8B,520,4,3000000000,5025243590,2025243590,37406,1990698668,11514974,"[11513918, 11514974, 11516030]"
22,1534,meta-llama/Llama-3.1-8B,520,4,3000000000,5025243590,2025243590,37406,1990698668,11514974,"[11513918, 11514974, 11516030]"
22,1606,meta-llama/Llama-3.1-8B,520,4,3000000000,5025243590,2025243590,37406,1990698668,11514974,"[11513918, 11514974, 11516030]"
22,1678,meta-llama/Llama-3.1-8B,520,4,3000000000,5025243590,2025243590,37406,1990698668,11514974,"[11513918, 11514974, 11516030]"
22,1750,meta-llama/Llama-3.1-8B,520,4,3000000000,5025243590,2025243590,37406,1990698668,11514974,"[11513918, 11514974, 11516030]"
22,1822,meta-llama/Llama-3.1-8B,520,4,3000000000,5025243590,2025243590,37406,1990698668,11514974,"[11513918, 11514974, 11516030]"
22,1894,meta-llama/Llama-3.1-8B,520,4,3000000000,5025243590,2025243590,37406,1990698668,11514974,"[11513918, 11514974, 11516030]"
22,1966,meta-llama/Llama-3.1-8B,520,4,3000000000,5025243590,2025243590,37406,1990698668,11514974,"[11513918, 11514974, 11516030]"
22,2038,meta-llama/Llama-3.1-8B,520,4,3000000000,11210481350,8210481350,2025243590,8175936428,11514974,"[11513918, 11514974, 11516030]"
22,2110,meta-llama/Llama-3.1-8B,520,4,3000000000,11210481350,8210481350,2025243590,8175936428,11514974,"[11513918, 11514974, 11516030]"
22,2182,meta-llama/Llama-3.1-8B,520,4,3000000000,11210481350,8210481350,2025243590,8175936428,11514974,"[11513918, 11514974, 11516030]"
22,2254,meta-llama/Llama-3.1-8B,520,4,3000000000,11210481350,8210481350,2025243590,8175936428,11514974,"[11513918, 11514974, 11516030]"
22,2326,meta-llama/Llama-3.1-8B,520,4,3000000000,11210481350,8210481350,2025243590,8175936428,11514974,"[11513918, 11514974, 11516030]"
22,2398,meta-llama/Llama-3.1-8B,520,4,3000000000,11210481350,8210481350,2025243590,8175936428,11514974,"[11513918, 11514974, 11516030]"
22,2470,meta-llama/Llama-3.1-8B,520,4,3000000000,11210481350,8210481350,2025243590,8175936428,11514974,"[11513918, 11514974, 11516030]"
22,2542,meta-llama/Llama-3.1-8B,520,4,3000000000,11210481350,8210481350,2025243590,8175936428,11514974,"[11513918, 11514974, 11516030]"
22,2614,meta-llama/Llama-3.1-8B,520,4,3000000000,17393130362,14393130362,8210481350,14359287623,11280913,"[11280401, 11280913, 11281425]"
22,2686,meta-llama/Llama-3.1-8B,520,4,3000000000,17393130362,14393130362,8210481350,14359287623,11280913,"[11280401, 11280913, 11281425]"
22,2758,meta-llama/Llama-3.1-8B,520,4,3000000000,17393130362,14393130362,8210481350,14359287623,11280913,"[11280401, 11280913, 11281425]"
22,2830,meta-llama/Llama-3.1-8B,520,4,3000000000,17393130362,14393130362,8210481350,14359287623,11280913,"[11280401, 11280913, 11281425]"
23,23,meta-llama/Llama-3.1-8B,512,4,0,265310106,265310106,1,95531958,56592716,"[121233056, 36851674, 11693418]"
23,95,meta-llama/Llama-3.1-8B,512,4,0,265310106,265310106,1,95531958,56592716,"[121233056, 36851674, 11693418]"
23,167,meta-llama/Llama-3.1-8B,512,4,0,265310106,265310106,1,95531958,56592716,"[121233056, 36851674, 11693418]"
23,239,meta-llama/Llama-3.1-8B,512,4,0,265310106,265310106,1,95531958,56592716,"[121233056, 36851674, 11693418]"
23,311,meta-llama/Llama-3.1-8B,512,4,0,361137835,361137835,95531958,216765014,48124273,"[36851674, 11693418, 95827729]"
23,383,meta-llama/Llama-3.1-8B,512,4,0,361137835,361137835,95531958,216765014,48124273,"[36851674, 11693418, 95827729]"
23,455,meta-llama/Llama-3.1-8B,512,4,0,361137835,361137835,95531958,216765014,48124273,"[36851674, 11693418, 95827729]"
23,527,meta-llama/Llama-3.1-8B,512,4,0,463970179,463970179,216765014,253616688,70117830,"[11693418, 95827729, 102832344]"
23,599,meta-llama/Llama-3.1-8B,512,4,0,529614861,529614861,265310106,361137835,56159008,"[102832344, 47536537, 18108145]"
23,671,meta-llama/Llama-3.1-8B,512,4,0,529614861,529614861,265310106,361137835,56159008,"[102832344, 47536537, 18108145]"
23,743,meta-llama/Llama-3.1-8B,512,4,0,529614861,529614861,265310106,361137835,56159008,"[102832344, 47536537, 18108145]"
23,815,meta-llama/Llama-3.1-8B,512,4,0,606049744,606049744,361137835,463970179,47359855,"[47536537, 18108145, 76434883]"
23,887,meta-llama/Llama-3.1-8B,512,4,0,606049744,606049744,361137835,463970179,47359855,"[47536537, 18108145, 76434883]"
23,959,meta-llama/Llama-3.1-8B,512,4,0,606049744,606049744,361137835,463970179,47359855,"[47536537, 18108145, 76434883]"
23,1031,meta-llama/Llama-3.1-8B,512,4,0,606049744,606049744,361137835,463970179,47359855,"[47536537, 18108145, 76434883]"
23,1103,meta-llama/Llama-3.1-8B,512,4,0,646222875,646222875,463970179,511506716,44905386,"[18108145, 76434883, 40173131]"
23,1175,meta-llama/Llama-3.1-8B,512,4,0,668775997,668775997,529614861,606049744,20908751,"[40173131, 11276305, 11276817]"
23,1247,meta-llama/Llama-3.1-8B,512,4,0,668775997,668775997,529614861,606049744,20908751,"[40173131, 11276305, 11276817]"
23,1319,meta-llama/Llama-3.1-8B,512,4,0,668775997,668775997,529614861,606049744,20908751,"[40173131, 11276305, 11276817]"
23,1391,meta-llama/Llama-3.1-8B,512,4,0,680061070,680061070,606049744,646222875,11279398,"[11276305, 11276817, 11285073]"
23,1463,meta-llama/Llama-3.1-8B,520,4,3000000000,5111149670,2111149670,37406,2076604748,11514974,"[11513918, 11514974, 11516030]"
23,1535,meta-llama/Llama-3.1-8B,520,4,3000000000,5111149670,2111149670,37406,2076604748,11514974,"[11513918, 11514974, 11516030]"
23,1607,meta-llama/Llama-3.1-8B,520,4,3000000000,5111149670,2111149670,37406,2076604748,11514974,"[11513918, 11514974, 11516030]"
23,1679,meta-llama/Llama-3.1-8B,520,4,3000000000,5111149670,2111149670,37406,2076604748,11514974,"[11513918, 11514974, 11516030]"
23,1751,meta-llama/Llama-3.1-8B,520,4,3000000000,5111149670,2111149670,37406,2076604748,11514974,"[11513918, 11514974, 11516030]"
23,1823,meta-llama/Llama-3.1-8B,520,4,3000000000,5111149670,2111149670,37406,2076604748,11514974,"[11513918, 11514974, 11516030]"
23,1895,meta-llama/Llama-3.1-8B,520,4,3000000000,5111149670,2111149670,37406,2076604748,11514974,"[11513918, 11514974, 11516030]"
23,1967,meta-llama/Llama-3.1-8B,520,4,3000000000,5111149670,2111149670,37406,2076604748,11514974,"[11513918, 11514974, 11516030]"
23,2039,meta-llama/Llama-3.1-8B,520,4,3000000000,11296387430,8296387430,2111149670,8261842508,11514974,"[11513918, 11514974, 11516030]"
23,2111,meta-llama/Llama-3.1-8B,520,4,3000000000,11296387430,8296387430,2111149670,8261842508,11514974,"[11513918, 11514974, 11516030]"
23,2183,meta-llama/Llama-3.1-8B,520,4,3000000000,11296387430,8296387430,2111149670,8261842508,11514974,"[11513918, 11514974, 11516030]"
23,2255,meta-llama/Llama-3.1-8B,520,4,3000000000,11296387430,8296387430,2111149670,8261842508,11514974,"[11513918, 11514974, 11516030]"
23,2327,meta-llama/Llama-3.1-8B,520,4,3000000000,11296387430,8296387430,2111149670,8261842508,11514974,"[11513918, 11514974, 11516030]"
23,2399,meta-llama/Llama-3.1-8B,520,4,3000000000,11296387430,8296387430,2111149670,8261842508,11514974,"[11513918, 11514974, 11516030]"
23,2471,meta-llama/Llama-3.1-8B,520,4,3000000000,11296387430,8296387430,2111149670,8261842508,11514974,"[11513918, 11514974, 11516030]"
23,2543,meta-llama/Llama-3.1-8B,520,4,3000000000,11296387430,8296387430,2111149670,8261842508,11514974,"[11513918, 11514974, 11516030]"
23,2615,meta-llama/Llama-3.1-8B,520,4,3000000000,17479036442,14479036442,8296387430,14445193703,11280913,"[11280401, 11280913, 11281425]"
23,2687,meta-llama/Llama-3.1-8B,520,4,3000000000,17479036442,14479036442,8296387430,14445193703,11280913,"[11280401, 11280913, 11281425]"
23,2759,meta-llama/Llama-3.1-8B,520,4,3000000000,17479036442,14479036442,8296387430,14445193703,11280913,"[11280401, 11280913, 11281425]"
23,2831,meta-llama/Llama-3.1-8B,520,4,3000000000,17479036442,14479036442,8296387430,14445193703,11280913,"[11280401, 11280913, 11281425]"
24,24,meta-llama/Llama-3.1-8B,512,4,0,265312278,265312278,1,96057414,56418288,"[121233056, 36329159, 11692649]"
24,96,meta-llama/Llama-3.1-8B,512,4,0,265312278,265312278,1,96057414,56418288,"[121233056, 36329159, 11692649]"
24,168,meta-llama/Llama-3.1-8B,512,4,0,265312278,265312278,1,96057414,56418288,"[121233056, 36329159, 11692649]"
24,240,meta-llama/Llama-3.1-8B,512,4,0,265312278,265312278,1,96057414,56418288,"[121233056, 36329159, 11692649]"
24,312,meta-llama/Llama-3.1-8B,512,4,0,361663291,361663291,96057414,217290470,48124273,"[36329159, 11692649, 96351013]"
24,384,meta-llama/Llama-3.1-8B,512,4,0,361663291,361663291,96057414,217290470,48124273,"[36329159, 11692649, 96351013]"
24,456,meta-llama/Llama-3.1-8B,512,4,0,361663291,361663291,96057414,217290470,48124273,"[36329159, 11692649, 96351013]"
24,528,meta-llama/Llama-3.1-8B,512,4,0,464366353,464366353,217290470,253619629,70248908,"[11692649, 96351013, 102703062]"
24,600,meta-llama/Llama-3.1-8B,512,4,0,529617033,529617033,265312278,361663291,55984580,"[102703062, 47273612, 17977068]"
24,672,meta-llama/Llama-3.1-8B,512,4,0,529617033,529617033,265312278,361663291,55984580,"[102703062, 47273612, 17977068]"
24,744,meta-llama/Llama-3.1-8B,512,4,0,529617033,529617033,265312278,361663291,55984580,"[102703062, 47273612, 17977068]"
24,816,meta-llama/Llama-3.1-8B,512,4,0,606445148,606445148,361663291,464366353,47359598,"[47273612, 17977068, 76828115]"
24,888,meta-llama/Llama-3.1-8B,512,4,0,606445148,606445148,361663291,464366353,47359598,"[47273612, 17977068, 76828115]"
24,960,meta-llama/Llama-3.1-8B,512,4,0,606445148,606445148,361663291,464366353,47359598,"[47273612, 17977068, 76828115]"
24,1032,meta-llama/Llama-3.1-8B,512,4,0,606445148,606445148,361663291,464366353,47359598,"[47273612, 17977068, 76828115]"
24,1104,meta-llama/Llama-3.1-8B,512,4,0,647437124,647437124,464366353,511639965,45265719,"[17977068, 76828115, 40991976]"
24,1176,meta-llama/Llama-3.1-8B,512,4,0,669990246,669990246,529617033,606445148,21181699,"[40991976, 11276305, 11276817]"
24,1248,meta-llama/Llama-3.1-8B,512,4,0,669990246,669990246,529617033,606445148,21181699,"[40991976, 11276305, 11276817]"
24,1320,meta-llama/Llama-3.1-8B,512,4,0,669990246,669990246,529617033,606445148,21181699,"[40991976, 11276305, 11276817]"
24,1392,meta-llama/Llama-3.1-8B,512,4,0,681275319,681275319,606445148,647437124,11279398,"[11276305, 11276817, 11285073]"
24,1464,meta-llama/Llama-3.1-8B,520,4,3000000000,5197055750,2197055750,37406,2162510828,11514974,"[11513918, 11514974, 11516030]"
24,1536,meta-llama/Llama-3.1-8B,520,4,3000000000,5197055750,2197055750,37406,2162510828,11514974,"[11513918, 11514974, 11516030]"
24,1608,meta-llama/Llama-3.1-8B,520,4,3000000000,5197055750,2197055750,37406,2162510828,11514974,"[11513918, 11514974, 11516030]"
24,1680,meta-llama/Llama-3.1-8B,520,4,3000000000,5197055750,2197055750,37406,2162510828,11514974,"[11513918, 11514974, 11516030]"
24,1752,meta-llama/Llama-3.1-8B,520,4,3000000000,5197055750,2197055750,37406,2162510828,11514974,"[11513918, 11514974, 11516030]"
24,1824,meta-llama/Llama-3.1-8B,520,4,3000000000,5197055750,2197055750,37406,2162510828,11514974,"[11513918, 11514974, 11516030]"
24,1896,meta-llama/Llama-3.1-8B,520,4,3000000000,5197055750,2197055750,37406,2162510828,11514974,"[11513918, 11514974, 11516030]"
24,1968,meta-llama/Llama-3.1-8B,520,4,3000000000,5197055750,2197055750,37406,2162510828,11514974,"[11513918, 11514974, 11516030]"
24,2040,meta-llama/Llama-3.1-8B,520,4,3000000000,11382293510,8382293510,2197055750,8347748588,11514974,"[11513918, 11514974, 11516030]"
24,2112,meta-llama/Llama-3.1-8B,520,4,3000000000,11382293510,8382293510,2197055750,8347748588,11514974,"[11513918, 11514974, 11516030]"
24,2184,meta-llama/Llama-3.1-8B,520,4,3000000000,11382293510,8382293510,2197055750,8347748588,11514974,"[11513918, 11514974, 11516030]"
24,2256,meta-llama/Llama-3.1-8B,520,4,3000000000,11382293510,8382293510,2197055750,8347748588,11514974,"[11513918, 11514974, 11516030]"
24,2328,meta-llama/Llama-3.1-8B,520,4,3000000000,11382293510,8382293510,2197055750,8347748588,11514974,"[11513918, 11514974, 11516030]"
24,2400,meta-llama/Llama-3.1-8B,520,4,3000000000,11382293510,8382293510,2197055750,8347748588,11514974,"[11513918, 11514974, 11516030]"
24,2472,meta-llama/Llama-3.1-8B,520,4,3000000000,11382293510,8382293510,2197055750,8347748588,11514974,"[11513918, 11514974, 11516030]"
24,2544,meta-llama/Llama-3.1-8B,520,4,3000000000,11382293510,8382293510,2197055750,8347748588,11514974,"[11513918, 11514974, 11516030]"
24,2616,meta-llama/Llama-3.1-8B,520,4,3000000000,17564942522,14564942522,8382293510,14531099783,11280913,"[11280401, 11280913, 11281425]"
24,2688,meta-llama/Llama-3.1-8B,520,4,3000000000,17564942522,14564942522,8382293510,14531099783,11280913,"[11280401, 11280913, 11281425]"
24,2760,meta-llama/Llama-3.1-8B,520,4,3000000000,17564942522,14564942522,8382293510,14531099783,11280913,"[11280401, 11280913, 11281425]"
24,2832,meta-llama/Llama-3.1-8B,520,4,3000000000,17564942522,14564942522,8382293510,14531099783,11280913,"[11280401, 11280913, 11281425]"
25,25,meta-llama/Llama-3.1-8B,512,4,0,265314450,265314450,1,96582870,56243860,"[121233056, 35806764, 11691760]"
25,97,meta-llama/Llama-3.1-8B,512,4,0,265314450,265314450,1,96582870,56243860,"[121233056, 35806764, 11691760]"
25,169,meta-llama/Llama-3.1-8B,512,4,0,265314450,265314450,1,96582870,56243860,"[121233056, 35806764, 11691760]"
25,241,meta-llama/Llama-3.1-8B,512,4,0,265314450,265314450,1,96582870,56243860,"[121233056, 35806764, 11691760]"
25,313,meta-llama/Llama-3.1-8B,512,4,0,362188747,362188747,96582870,217815926,48124273,"[35806764, 11691760, 96874297]"
25,385,meta-llama/Llama-3.1-8B,512,4,0,362188747,362188747,96582870,217815926,48124273,"[35806764, 11691760, 96874297]"
25,457,meta-llama/Llama-3.1-8B,512,4,0,362188747,362188747,96582870,217815926,48124273,"[35806764, 11691760, 96874297]"
25,529,meta-llama/Llama-3.1-8B,512,4,0,464762527,464762527,217815926,253622690,70379945,"[11691760, 96874297, 102573780]"
25,601,meta-llama/Llama-3.1-8B,512,4,0,529619205,529619205,265314450,362188747,55810152,"[102573780, 47010687, 17845991]"
25,673,meta-llama/Llama-3.1-8B,512,4,0,529619205,529619205,265314450,362188747,55810152,"[102573780, 47010687, 17845991]"
25,745,meta-llama/Llama-3.1-8B,512,4,0,529619205,529619205,265314450,362188747,55810152,"[102573780, 47010687, 17845991]"
25,817,meta-llama/Llama-3.1-8B,512,4,0,606840552,606840552,362188747,464762527,47359341,"[47010687, 17845991, 77221347]"
25,889,meta-llama/Llama-3.1-8B,512,4,0,606840552,606840552,362188747,464762527,47359341,"[47010687, 17845991, 77221347]"
25,961,meta-llama/Llama-3.1-8B,512,4,0,606840552,606840552,362188747,464762527,47359341,"[47010687, 17845991, 77221347]"
25,1033,meta-llama/Llama-3.1-8B,512,4,0,606840552,606840552,362188747,464762527,47359341,"[47010687, 17845991, 77221347]"
25,1105,meta-llama/Llama-3.1-8B,512,4,0,648255969,648255969,464762527,511773214,45494251,"[17845991, 77221347, 41415417]"
25,1177,meta-llama/Llama-3.1-8B,512,4,0,670811383,670811383,529619205,606840552,21323610,"[41415417, 11277451, 11277963]"
25,1249,meta-llama/Llama-3.1-8B,512,4,0,670811383,670811383,529619205,606840552,21323610,"[41415417, 11277451, 11277963]"
25,1321,meta-llama/Llama-3.1-8B,512,4,0,670811383,670811383,529619205,606840552,21323610,"[41415417, 11277451, 11277963]"
25,1393,meta-llama/Llama-3.1-8B,512,4,0,682096456,682096456,606840552,648255969,11280162,"[11277451, 11277963, 11285073]"
25,1465,meta-llama/Llama-3.1-8B,520,4,3000000000,5282961830,2282961830,37406,2248416908,11514974,"[11513918, 11514974, 11516030]"
25,1537,meta-llama/Llama-3.1-8B,520,4,3000000000,5282961830,2282961830,37406,2248416908,11514974,"[11513918, 11514974, 11516030]"
25,1609,meta-llama/Llama-3.1-8B,520,4,3000000000,5282961830,2282961830,37406,2248416908,11514974,"[11513918, 11514974, 11516030]"
25,1681,meta-llama/Llama-3.1-8B,520,4,3000000000,5282961830,2282961830,37406,2248416908,11514974,"[11513918, 11514974, 11516030]"
25,1753,meta-llama/Llama-3.1-8B,520,4,3000000000,5282961830,2282961830,37406,2248416908,11514974,"[11513918, 11514974, 11516030]"
25,1825,meta-llama/Llama-3.1-8B,520,4,3000000000,5282961830,2282961830,37406,2248416908,11514974,"[11513918, 11514974, 11516030]"
25,1897,meta-llama/Llama-3.1-8B,520,4,3000000000,5282961830,2282961830,37406,2248416908,11514974,"[11513918, 11514974, 11516030]"
25,1969,meta-llama/Llama-3.1-8B,520,4,3000000000,5282961830,2282961830,37406,2248416908,11514974,"[11513918, 11514974, 11516030]"
25,2041,meta-llama/Llama-3.1-8B,520,4,3000000000,11468199590,8468199590,2282961830,8433654668,11514974,"[11513918, 11514974, 11516030]"
25,2113,meta-llama/Llama-3.1-8B,520,4,3000000000,11468199590,8468199590,2282961830,8433654668,11514974,"[11513918, 11514974, 11516030]"
25,2185,meta-llama/Llama-3.1-8B,520,4,3000000000,11468199590,8468199590,2282961830,8433654668,11514974,"[11513918, 11514974, 11516030]"
25,2257,meta-llama/Llama-3.1-8B,520,4,3000000000,11468199590,8468199590,2282961830,8433654668,11514974,"[11513918, 11514974, 11516030]"
25,2329,meta-llama/Llama-3.1-8B,520,4,3000000000,11468199590,8468199590,2282961830,8433654668,11514974,"[11513918, 11514974, 11516030]"
25,2401,meta-llama/Llama-3.1-8B,520,4,3000000000,11468199590,8468199590,2282961830,8433654668,11514974,"[11513918, 11514974, 11516030]"
25,2473,meta-llama/Llama-3.1-8B,520,4,3000000000,11468199590,8468199590,2282961830,8433654668,11514974,"[11513918, 11514974, 11516030]"
25,2545,meta-llama/Llama-3.1-8B,520,4,3000000000,11468199590,8468199590,2282961830,8433654668,11514974,"[11513918, 11514974, 11516030]"
25,2617,meta-llama/Llama-3.1-8B,520,4,3000000000,17650848602,14650848602,8468199590,14617005863,11280913,"[11280401, 11280913, 11281425]"
25,2689,meta-llama/Llama-3.1-8B,520,4,3000000000,17650848602,14650848602,8468199590,14617005863,11280913,"[11280401, 11280913, 11281425]"
25,2761,meta-llama/Llama-3.1-8B,520,4,3000000000,17650848602,14650848602,8468199590,14617005863,11280913,"[11280401, 11280913, 11281425]"
25,2833,meta-llama/Llama-3.1-8B,520,4,3000000000,17650848602,14650848602,8468199590,14617005863,11280913,"[11280401, 11280913, 11281425]"
26,26,meta-llama/Llama-3.1-8B,512,4,0,265316622,265316622,1,97108326,56069432,"[121233056, 35284249, 11690991]"
26,98,meta-llama/Llama-3.1-8B,512,4,0,265316622,265316622,1,97108326,56069432,"[121233056, 35284249, 11690991]"
26,170,meta-llama/Llama-3.1-8B,512,4,0,265316622,265316622,1,97108326,56069432,"[121233056, 35284249, 11690991]"
26,242,meta-llama/Llama-3.1-8B,512,4,0,265316622,265316622,1,97108326,56069432,"[121233056, 35284249, 11690991]"
26,314,meta-llama/Llama-3.1-8B,512,4,0,362714203,362714203,97108326,218341382,48124273,"[35284249, 11690991, 97397581]"
26,386,meta-llama/Llama-3.1-8B,512,4,0,362714203,362714203,97108326,218341382,48124273,"[35284249, 11690991, 97397581]"
26,458,meta-llama/Llama-3.1-8B,512,4,0,362714203,362714203,97108326,218341382,48124273,"[35284249, 11690991, 97397581]"
26,530,meta-llama/Llama-3.1-8B,512,4,0,465158701,465158701,218341382,253625631,70511023,"[11690991, 97397581, 102444498]"
26,602,meta-llama/Llama-3.1-8B,512,4,0,529621377,529621377,265316622,362714203,55635724,"[102444498, 46747762, 17714914]"
26,674,meta-llama/Llama-3.1-8B,512,4,0,529621377,529621377,265316622,362714203,55635724,"[102444498, 46747762, 17714914]"
26,746,meta-llama/Llama-3.1-8B,512,4,0,529621377,529621377,265316622,362714203,55635724,"[102444498, 46747762, 17714914]"
26,818,meta-llama/Llama-3.1-8B,512,4,0,607263993,607263993,362714203,465158701,47368430,"[46747762, 17714914, 77642616]"
26,890,meta-llama/Llama-3.1-8B,512,4,0,607263993,607263993,362714203,465158701,47368430,"[46747762, 17714914, 77642616]"
26,962,meta-llama/Llama-3.1-8B,512,4,0,607263993,607263993,362714203,465158701,47368430,"[46747762, 17714914, 77642616]"
26,1034,meta-llama/Llama-3.1-8B,512,4,0,607263993,607263993,362714203,465158701,47368430,"[46747762, 17714914, 77642616]"
26,1106,meta-llama/Llama-3.1-8B,512,4,0,649470218,649470218,465158701,511906463,45854585,"[17714914, 77642616, 42206225]"
26,1178,meta-llama/Llama-3.1-8B,512,4,0,672023340,672023340,529621377,607263993,21586449,"[42206225, 11276305, 11276817]"
26,1250,meta-llama/Llama-3.1-8B,512,4,0,672023340,672023340,529621377,607263993,21586449,"[42206225, 11276305, 11276817]"
26,1322,meta-llama/Llama-3.1-8B,512,4,0,672023340,672023340,529621377,607263993,21586449,"[42206225, 11276305, 11276817]"
26,1394,meta-llama/Llama-3.1-8B,512,4,0,683308413,683308413,607263993,649470218,11279398,"[11276305, 11276817, 11285073]"
26,1466,meta-llama/Llama-3.1-8B,520,4,3000000000,5368867910,2368867910,37406,2334322988,11514974,"[11513918, 11514974, 11516030]"
26,1538,meta-llama/Llama-3.1-8B,520,4,3000000000,5368867910,2368867910,37406,2334322988,11514974,"[11513918, 11514974, 11516030]"
26,1610,meta-llama/Llama-3.1-8B,520,4,3000000000,5368867910,2368867910,37406,2334322988,11514974,"[11513918, 11514974, 11516030]"
26,1682,meta-llama/Llama-3.1-8B,520,4,3000000000,5368867910,2368867910,37406,2334322988,11514974,"[11513918, 11514974, 11516030]"
26,1754,meta-llama/Llama-3.1-8B,520,4,3000000000,5368867910,2368867910,37406,2334322988,11514974,"[11513918, 11514974, 11516030]"
26,1826,meta-llama/Llama-3.1-8B,520,4,3000000000,5368867910,2368867910,37406,2334322988,11514974,"[11513918, 11514974, 11516030]"
26,1898,meta-llama/Llama-3.1-8B,520,4,3000000000,5368867910,2368867910,37406,2334322988,11514974,"[11513918, 11514974, 11516030]"
26,1970,meta-llama/Llama-3.1-8B,520,4,3000000000,5368867910,2368867910,37406,2334322988,11514974,"[11513918, 11514974, 11516030]"
26,2042,meta-llama/Llama-3.1-8B,520,4,3000000000,11554105670,8554105670,2368867910,8519560748,11514974,"[11513918, 11514974, 11516030]"
26,2114,meta-llama/Llama-3.1-8B,520,4,3000000000,11554105670,8554105670,2368867910,8519560748,11514974,"[11513918, 11514974, 11516030]"
26,2186,meta-llama/Llama-3.1-8B,520,4,3000000000,11554105670,8554105670,2368867910,8519560748,11514974,"[11513918, 11514974, 11516030]"
26,2258,meta-llama/Llama-3.1-8B,520,4,3000000000,11554105670,8554105670,2368867910,8519560748,11514974,"[11513918, 11514974, 11516030]"
26,2330,meta-llama/Llama-3.1-8B,520,4,3000000000,11554105670,8554105670,2368867910,8519560748,11514974,"[11513918, 11514974, 11516030]"
26,2402,meta-llama/Llama-3.1-8B,520,4,3000000000,11554105670,8554105670,2368867910,8519560748,11514974,"[11513918, 11514974, 11516030]"
26,2474,meta-llama/Llama-3.1-8B,520,4,3000000000,11554105670,8554105670,2368867910,8519560748,11514974,"[11513918, 11514974, 11516030]"
26,2546,meta-llama/Llama-3.1-8B,520,4,3000000000,11554105670,8554105670,2368867910,8519560748,11514974,"[11513918, 11514974, 11516030]"
26,2618,meta-llama/Llama-3.1-8B,520,4,3000000000,17736754682,14736754682,8554105670,14702911943,11280913,"[11280401, 11280913, 11281425]"
26,2690,meta-llama/Llama-3.1-8B,520,4,3000000000,17736754682,14736754682,8554105670,14702911943,11280913,"[11280401, 11280913, 11281425]"
26,2762,meta-llama/Llama-3.1-8B,520,4,3000000000,17736754682,14736754682,8554105670,14702911943,11280913,"[11280401, 11280913, 11281425]"
26,2834,meta-llama/Llama-3.1-8B,520,4,3000000000,17736754682,14736754682,8554105670,14702911943,11280913,"[11280401, 11280913, 11281425]"
27,27,meta-llama/Llama-3.1-8B,512,4,0,265318794,265318794,1,97633782,55895004,"[121233056, 34761734, 11690222]"
27,99,meta-llama/Llama-3.1-8B,512,4,0,265318794,265318794,1,97633782,55895004,"[121233056, 34761734, 11690222]"
27,171,meta-llama/Llama-3.1-8B,512,4,0,265318794,265318794,1,97633782,55895004,"[121233056, 34761734, 11690222]"
27,243,meta-llama/Llama-3.1-8B,512,4,0,265318794,265318794,1,97633782,55895004,"[121233056, 34761734, 11690222]"
27,315,meta-llama/Llama-3.1-8B,512,4,0,363239659,363239659,97633782,218866838,48124273,"[34761734, 11690222, 97920865]"
27,387,meta-llama/Llama-3.1-8B,512,4,0,363239659,363239659,97633782,218866838,48124273,"[34761734, 11690222, 97920865]"
27,459,meta-llama/Llama-3.1-8B,512,4,0,363239659,363239659,97633782,218866838,48124273,"[34761734, 11690222, 97920865]"
27,531,meta-llama/Llama-3.1-8B,512,4,0,465554875,465554875,218866838,253628572,70642101,"[11690222, 97920865, 102315216]"
27,603,meta-llama/Llama-3.1-8B,512,4,0,529623549,529623549,265318794,363239659,55461296,"[102315216, 46484837, 17583837]"
27,675,meta-llama/Llama-3.1-8B,512,4,0,529623549,529623549,265318794,363239659,55461296,"[102315216, 46484837, 17583837]"
27,747,meta-llama/Llama-3.1-8B,512,4,0,529623549,529623549,265318794,363239659,55461296,"[102315216, 46484837, 17583837]"
27,819,meta-llama/Llama-3.1-8B,512,4,0,607659397,607659397,363239659,465554875,47368174,"[46484837, 17583837, 78035848]"
27,891,meta-llama/Llama-3.1-8B,512,4,0,607659397,607659397,363239659,465554875,47368174,"[46484837, 17583837, 78035848]"
27,963,meta-llama/Llama-3.1-8B,512,4,0,607659397,607659397,363239659,465554875,47368174,"[46484837, 17583837, 78035848]"
27,1035,meta-llama/Llama-3.1-8B,512,4,0,607659397,607659397,363239659,465554875,47368174,"[46484837, 17583837, 78035848]"
27,1107,meta-llama/Llama-3.1-8B,512,4,0,650289063,650289063,465554875,512039712,46083117,"[17583837, 78035848, 42629666]"
27,1179,meta-llama/Llama-3.1-8B,512,4,0,673377835,673377835,529623549,607659397,21906146,"[42629666, 11811955, 11276817]"
27,1251,meta-llama/Llama-3.1-8B,512,4,0,673377835,673377835,529623549,607659397,21906146,"[42629666, 11811955, 11276817]"
27,1323,meta-llama/Llama-3.1-8B,512,4,0,673377835,673377835,529623549,607659397,21906146,"[42629666, 11811955, 11276817]"
27,1395,meta-llama/Llama-3.1-8B,512,4,0,684662908,684662908,607659397,650289063,11457948,"[11811955, 11276817, 11285073]"
27,1467,meta-llama/Llama-3.1-8B,520,4,3000000000,5454773990,2454773990,37406,2420229068,11514974,"[11513918, 11514974, 11516030]"
27,1539,meta-llama/Llama-3.1-8B,520,4,3000000000,5454773990,2454773990,37406,2420229068,11514974,"[11513918, 11514974, 11516030]"
27,1611,meta-llama/Llama-3.1-8B,520,4,3000000000,5454773990,2454773990,37406,2420229068,11514974,"[11513918, 11514974, 11516030]"
27,1683,meta-llama/Llama-3.1-8B,520,4,3000000000,5454773990,2454773990,37406,2420229068,11514974,"[11513918, 11514974, 11516030]"
27,1755,meta-llama/Llama-3.1-8B,520,4,3000000000,5454773990,2454773990,37406,2420229068,11514974,"[11513918, 11514974, 11516030]"
27,1827,meta-llama/Llama-3.1-8B,520,4,3000000000,5454773990,2454773990,37406,2420229068,11514974,"[11513918, 11514974, 11516030]"
27,1899,meta-llama/Llama-3.1-8B,520,4,3000000000,5454773990,2454773990,37406,2420229068,11514974,"[11513918, 11514974, 11516030]"
27,1971,meta-llama/Llama-3.1-8B,520,4,3000000000,5454773990,2454773990,37406,2420229068,11514974,"[11513918, 11514974, 11516030]"
27,2043,meta-llama/Llama-3.1-8B,520,4,3000000000,11640011750,8640011750,2454773990,8605466828,11514974,"[11513918, 11514974, 11516030]"
27,2115,meta-llama/Llama-3.1-8B,520,4,3000000000,11640011750,8640011750,2454773990,8605466828,11514974,"[11513918, 11514974, 11516030]"
27,2187,meta-llama/Llama-3.1-8B,520,4,3000000000,11640011750,8640011750,2454773990,8605466828,11514974,"[11513918, 11514974, 11516030]"
27,2259,meta-llama/Llama-3.1-8B,520,4,3000000000,11640011750,8640011750,2454773990,8605466828,11514974,"[11513918, 11514974, 11516030]"
27,2331,meta-llama/Llama-3.1-8B,520,4,3000000000,11640011750,8640011750,2454773990,8605466828,11514974,"[11513918, 11514974, 11516030]"
27,2403,meta-llama/Llama-3.1-8B,520,4,3000000000,11640011750,8640011750,2454773990,8605466828,11514974,"[11513918, 11514974, 11516030]"
27,2475,meta-llama/Llama-3.1-8B,520,4,3000000000,11640011750,8640011750,2454773990,8605466828,11514974,"[11513918, 11514974, 11516030]"
27,2547,meta-llama/Llama-3.1-8B,520,4,3000000000,11640011750,8640011750,2454773990,8605466828,11514974,"[11513918, 11514974, 11516030]"
27,2619,meta-llama/Llama-3.1-8B,520,4,3000000000,17822660762,14822660762,8640011750,14788818023,11280913,"[11280401, 11280913, 11281425]"
27,2691,meta-llama/Llama-3.1-8B,520,4,3000000000,17822660762,14822660762,8640011750,14788818023,11280913,"[11280401, 11280913, 11281425]"
27,2763,meta-llama/Llama-3.1-8B,520,4,3000000000,17822660762,14822660762,8640011750,14788818023,11280913,"[11280401, 11280913, 11281425]"
27,2835,meta-llama/Llama-3.1-8B,520,4,3000000000,17822660762,14822660762,8640011750,14788818023,11280913,"[11280401, 11280913, 11281425]"
28,28,meta-llama/Llama-3.1-8B,512,4,0,265320966,265320966,1,98159238,55720576,"[121233056, 34239219, 11689453]"
28,100,meta-llama/Llama-3.1-8B,512,4,0,265320966,265320966,1,98159238,55720576,"[121233056, 34239219, 11689453]"
28,172,meta-llama/Llama-3.1-8B,512,4,0,265320966,265320966,1,98159238,55720576,"[121233056, 34239219, 11689453]"
28,244,meta-llama/Llama-3.1-8B,512,4,0,265320966,265320966,1,98159238,55720576,"[121233056, 34239219, 11689453]"
28,316,meta-llama/Llama-3.1-8B,512,4,0,363765115,363765115,98159238,219392294,48124273,"[34239219, 11689453, 98444149]"
28,388,meta-llama/Llama-3.1-8B,512,4,0,363765115,363765115,98159238,219392294,48124273,"[34239219, 11689453, 98444149]"
28,460,meta-llama/Llama-3.1-8B,512,4,0,363765115,363765115,98159238,219392294,48124273,"[34239219, 11689453, 98444149]"
28,532,meta-llama/Llama-3.1-8B,512,4,0,465951049,465951049,219392294,253631513,70773178,"[11689453, 98444149, 102185934]"
28,604,meta-llama/Llama-3.1-8B,512,4,0,529625721,529625721,265320966,363765115,55286868,"[102185934, 46221912, 17452760]"
28,676,meta-llama/Llama-3.1-8B,512,4,0,529625721,529625721,265320966,363765115,55286868,"[102185934, 46221912, 17452760]"
28,748,meta-llama/Llama-3.1-8B,512,4,0,529625721,529625721,265320966,363765115,55286868,"[102185934, 46221912, 17452760]"
28,820,meta-llama/Llama-3.1-8B,512,4,0,608082838,608082838,363765115,465951049,47377263,"[46221912, 17452760, 78457117]"
28,892,meta-llama/Llama-3.1-8B,512,4,0,608082838,608082838,363765115,465951049,47377263,"[46221912, 17452760, 78457117]"
28,964,meta-llama/Llama-3.1-8B,512,4,0,608082838,608082838,363765115,465951049,47377263,"[46221912, 17452760, 78457117]"
28,1036,meta-llama/Llama-3.1-8B,512,4,0,608082838,608082838,363765115,465951049,47377263,"[46221912, 17452760, 78457117]"
28,1108,meta-llama/Llama-3.1-8B,512,4,0,650421543,650421543,465951049,512172961,46082860,"[17452760, 78457117, 42338705]"
28,1180,meta-llama/Llama-3.1-8B,512,4,0,674041501,674041501,529625721,608082838,21986221,"[42338705, 12341995, 11277963]"
28,1252,meta-llama/Llama-3.1-8B,512,4,0,674041501,674041501,529625721,608082838,21986221,"[42338705, 12341995, 11277963]"
28,1324,meta-llama/Llama-3.1-8B,512,4,0,674041501,674041501,529625721,608082838,21986221,"[42338705, 12341995, 11277963]"
28,1396,meta-llama/Llama-3.1-8B,512,4,0,685326574,685326574,608082838,650421543,11635010,"[12341995, 11277963, 11285073]"
28,1468,meta-llama/Llama-3.1-8B,520,4,3000000000,5540680070,2540680070,37406,2506135148,11514974,"[11513918, 11514974, 11516030]"
28,1540,meta-llama/Llama-3.1-8B,520,4,3000000000,5540680070,2540680070,37406,2506135148,11514974,"[11513918, 11514974, 11516030]"
28,1612,meta-llama/Llama-3.1-8B,520,4,3000000000,5540680070,2540680070,37406,2506135148,11514974,"[11513918, 11514974, 11516030]"
28,1684,meta-llama/Llama-3.1-8B,520,4,3000000000,5540680070,2540680070,37406,2506135148,11514974,"[11513918, 11514974, 11516030]"
28,1756,meta-llama/Llama-3.1-8B,520,4,3000000000,5540680070,2540680070,37406,2506135148,11514974,"[11513918, 11514974, 11516030]"
28,1828,meta-llama/Llama-3.1-8B,520,4,3000000000,5540680070,2540680070,37406,2506135148,11514974,"[11513918, 11514974, 11516030]"
28,1900,meta-llama/Llama-3.1-8B,520,4,3000000000,5540680070,2540680070,37406,2506135148,11514974,"[11513918, 11514974, 11516030]"
28,1972,meta-llama/Llama-3.1-8B,520,4,3000000000,5540680070,2540680070,37406,2506135148,11514974,"[11513918, 11514974, 11516030]"
28,2044,meta-llama/Llama-3.1-8B,520,4,3000000000,11725917830,8725917830,2540680070,8691372908,11514974,"[11513918, 11514974, 11516030]"
28,2116,meta-llama/Llama-3.1-8B,520,4,3000000000,11725917830,8725917830,2540680070,8691372908,11514974,"[11513918, 11514974, 11516030]"
28,2188,meta-llama/Llama-3.1-8B,520,4,3000000000,11725917830,8725917830,2540680070,8691372908,11514974,"[11513918, 11514974, 11516030]"
28,2260,meta-llama/Llama-3.1-8B,520,4,3000000000,11725917830,8725917830,2540680070,8691372908,11514974,"[11513918, 11514974, 11516030]"
28,2332,meta-llama/Llama-3.1-8B,520,4,3000000000,11725917830,8725917830,2540680070,8691372908,11514974,"[11513918, 11514974, 11516030]"
28,2404,meta-llama/Llama-3.1-8B,520,4,3000000000,11725917830,8725917830,2540680070,8691372908,11514974,"[11513918, 11514974, 11516030]"
28,2476,meta-llama/Llama-3.1-8B,520,4,3000000000,11725917830,8725917830,2540680070,8691372908,11514974,"[11513918, 11514974, 11516030]"
28,2548,meta-llama/Llama-3.1-8B,520,4,3000000000,11725917830,8725917830,2540680070,8691372908,11514974,"[11513918, 11514974, 11516030]"
28,2620,meta-llama/Llama-3.1-8B,520,4,3000000000,17908566842,14908566842,8725917830,14874724103,11280913,"[11280401, 11280913, 11281425]"
28,2692,meta-llama/Llama-3.1-8B,520,4,3000000000,17908566842,14908566842,8725917830,14874724103,11280913,"[11280401, 11280913, 11281425]"
28,2764,meta-llama/Llama-3.1-8B,520,4,3000000000,17908566842,14908566842,8725917830,14874724103,11280913,"[11280401, 11280913, 11281425]"
28,2836,meta-llama/Llama-3.1-8B,520,4,3000000000,17908566842,14908566842,8725917830,14874724103,11280913,"[11280401, 11280913, 11281425]"
29,29,meta-llama/Llama-3.1-8B,512,4,0,265323138,265323138,1,98684694,55546148,"[121233056, 33716704, 11688684]"
29,101,meta-llama/Llama-3.1-8B,512,4,0,265323138,265323138,1,98684694,55546148,"[121233056, 33716704, 11688684]"
29,173,meta-llama/Llama-3.1-8B,512,4,0,265323138,265323138,1,98684694,55546148,"[121233056, 33716704, 11688684]"
29,245,meta-llama/Llama-3.1-8B,512,4,0,265323138,265323138,1,98684694,55546148,"[121233056, 33716704, 11688684]"
29,317,meta-llama/Llama-3.1-8B,512,4,0,364290571,364290571,98684694,219917750,48124273,"[33716704, 11688684, 98967433]"
29,389,meta-llama/Llama-3.1-8B,512,4,0,364290571,364290571,98684694,219917750,48124273,"[33716704, 11688684, 98967433]"
29,461,meta-llama/Llama-3.1-8B,512,4,0,364290571,364290571,98684694,219917750,48124273,"[33716704, 11688684, 98967433]"
29,533,meta-llama/Llama-3.1-8B,512,4,0,466347223,466347223,219917750,253634454,70904256,"[11688684, 98967433, 102056652]"
29,605,meta-llama/Llama-3.1-8B,512,4,0,529627893,529627893,265323138,364290571,55112440,"[102056652, 45958987, 17321683]"
29,677,meta-llama/Llama-3.1-8B,512,4,0,529627893,529627893,265323138,364290571,55112440,"[102056652, 45958987, 17321683]"
29,749,meta-llama/Llama-3.1-8B,512,4,0,529627893,529627893,265323138,364290571,55112440,"[102056652, 45958987, 17321683]"
29,821,meta-llama/Llama-3.1-8B,512,4,0,608478242,608478242,364290571,466347223,47377006,"[45958987, 17321683, 78850349]"
29,893,meta-llama/Llama-3.1-8B,512,4,0,608478242,608478242,364290571,466347223,47377006,"[45958987, 17321683, 78850349]"
29,965,meta-llama/Llama-3.1-8B,512,4,0,608478242,608478242,364290571,466347223,47377006,"[45958987, 17321683, 78850349]"
29,1037,meta-llama/Llama-3.1-8B,512,4,0,608478242,608478242,364290571,466347223,47377006,"[45958987, 17321683, 78850349]"
29,1109,meta-llama/Llama-3.1-8B,512,4,0,650559753,650559753,466347223,512306210,46084514,"[17321683, 78850349, 42081511]"
29,1181,meta-llama/Llama-3.1-8B,512,4,0,674703475,674703475,529627893,608478242,22075077,"[42081511, 12866905, 11276817]"
29,1253,meta-llama/Llama-3.1-8B,512,4,0,674703475,674703475,529627893,608478242,22075077,"[42081511, 12866905, 11276817]"
29,1325,meta-llama/Llama-3.1-8B,512,4,0,674703475,674703475,529627893,608478242,22075077,"[42081511, 12866905, 11276817]"
29,1397,meta-llama/Llama-3.1-8B,512,4,0,685988548,685988548,608478242,650559753,11809598,"[12866905, 11276817, 11285073]"
29,1469,meta-llama/Llama-3.1-8B,520,4,3000000000,5626586150,2626586150,37406,2592041228,11514974,"[11513918, 11514974, 11516030]"
29,1541,meta-llama/Llama-3.1-8B,520,4,3000000000,5626586150,2626586150,37406,2592041228,11514974,"[11513918, 11514974, 11516030]"
29,1613,meta-llama/Llama-3.1-8B,520,4,3000000000,5626586150,2626586150,37406,2592041228,11514974,"[11513918, 11514974, 11516030]"
29,1685,meta-llama/Llama-3.1-8B,520,4,3000000000,5626586150,2626586150,37406,2592041228,11514974,"[11513918, 11514974, 11516030]"
29,1757,meta-llama/Llama-3.1-8B,520,4,3000000000,5626586150,2626586150,37406,2592041228,11514974,"[11513918, 11514974, 11516030]"
29,1829,meta-llama/Llama-3.1-8B,520,4,3000000000,5626586150,2626586150,37406,2592041228,11514974,"[11513918, 11514974, 11516030]"
29,1901,meta-llama/Llama-3.1-8B,520,4,3000000000,5626586150,2626586150,37406,2592041228,11514974,"[11513918, 11514974, 11516030]"
29,1973,meta-llama/Llama-3.1-8B,520,4,3000000000,5626586150,2626586150,37406,2592041228,11514974,"[11513918, 11514974, 11516030]"
29,2045,meta-llama/Llama-3.1-8B,520,4,3000000000,11811823910,8811823910,2626586150,8777278988,11514974,"[11513918, 11514974, 11516030]"
29,2117,meta-llama/Llama-3.1-8B,520,4,3000000000,11811823910,8811823910,2626586150,8777278988,11514974,"[11513918, 11514974, 11516030]"
29,2189,meta-llama/Llama-3.1-8B,520,4,3000000000,11811823910,8811823910,2626586150,8777278988,11514974,"[11513918, 11514974, 11516030]"
29,2261,meta-llama/Llama-3.1-8B,520,4,3000000000,11811823910,8811823910,2626586150,8777278988,11514974,"[11513918, 11514974, 11516030]"
29,2333,meta-llama/Llama-3.1-8B,520,4,3000000000,11811823910,8811823910,2626586150,8777278988,11514974,"[11513918, 11514974, 11516030]"
29,2405,meta-llama/Llama-3.1-8B,520,4,3000000000,11811823910,8811823910,2626586150,8777278988,11514974,"[11513918, 11514974, 11516030]"
29,2477,meta-llama/Llama-3.1-8B,520,4,3000000000,11811823910,8811823910,2626586150,8777278988,11514974,"[11513918, 11514974, 11516030]"
29,2549,meta-llama/Llama-3.1-8B,520,4,3000000000,11811823910,8811823910,2626586150,8777278988,11514974,"[11513918, 11514974, 11516030]"
29,2621,meta-llama/Llama-3.1-8B,520,4,3000000000,17994472922,14994472922,8811823910,14960630183,11280913,"[11280401, 11280913, 11281425]"
29,2693,meta-llama/Llama-3.1-8B,520,4,3000000000,17994472922,14994472922,8811823910,14960630183,11280913,"[11280401, 11280913, 11281425]"
29,2765,meta-llama/Llama-3.1-8B,520,4,3000000000,17994472922,14994472922,8811823910,14960630183,11280913,"[11280401, 11280913, 11281425]"
29,2837,meta-llama/Llama-3.1-8B,520,4,3000000000,17994472922,14994472922,8811823910,14960630183,11280913,"[11280401, 11280913, 11281425]"
30,30,meta-llama/Llama-3.1-8B,512,4,0,265325310,265325310,1,99210150,55371720,"[121233056, 33194189, 11687915]"
30,102,meta-llama/Llama-3.1-8B,512,4,0,265325310,265325310,1,99210150,55371720,"[121233056, 33194189, 11687915]"
30,174,meta-llama/Llama-3.1-8B,512,4,0,265325310,265325310,1,99210150,55371720,"[121233056, 33194189, 11687915]"
30,246,meta-llama/Llama-3.1-8B,512,4,0,265325310,265325310,1,99210150,55371720,"[121233056, 33194189, 11687915]"
30,318,meta-llama/Llama-3.1-8B,512,4,0,364816027,364816027,99210150,220443206,48124273,"[33194189, 11687915, 99490717]"
30,390,meta-llama/Llama-3.1-8B,512,4,0,364816027,364816027,99210150,220443206,48124273,"[33194189, 11687915, 99490717]"
30,462,meta-llama/Llama-3.1-8B,512,4,0,364816027,364816027,99210150,220443206,48124273,"[33194189, 11687915, 99490717]"
30,534,meta-llama/Llama-3.1-8B,512,4,0,466743397,466743397,220443206,253637395,71035334,"[11687915, 99490717, 101927370]"
30,606,meta-llama/Llama-3.1-8B,512,4,0,529630065,529630065,265325310,364816027,54938012,"[101927370, 45696062, 17190606]"
30,678,meta-llama/Llama-3.1-8B,512,4,0,529630065,529630065,265325310,364816027,54938012,"[101927370, 45696062, 17190606]"
30,750,meta-llama/Llama-3.1-8B,512,4,0,529630065,529630065,265325310,364816027,54938012,"[101927370, 45696062, 17190606]"
30,822,meta-llama/Llama-3.1-8B,512,4,0,608873646,608873646,364816027,466743397,47376749,"[45696062, 17190606, 79243581]"
30,894,meta-llama/Llama-3.1-8B,512,4,0,608873646,608873646,364816027,466743397,47376749,"[45696062, 17190606, 79243581]"
30,966,meta-llama/Llama-3.1-8B,512,4,0,608873646,608873646,364816027,466743397,47376749,"[45696062, 17190606, 79243581]"
30,1038,meta-llama/Llama-3.1-8B,512,4,0,608873646,608873646,364816027,466743397,47376749,"[45696062, 17190606, 79243581]"
30,1110,meta-llama/Llama-3.1-8B,512,4,0,650692233,650692233,466743397,512439459,46084258,"[17190606, 79243581, 41818587]"
30,1182,meta-llama/Llama-3.1-8B,512,4,0,675365995,675365995,529630065,608873646,22164116,"[41818587, 13396945, 11276817]"
30,1254,meta-llama/Llama-3.1-8B,512,4,0,675365995,675365995,529630065,608873646,22164116,"[41818587, 13396945, 11276817]"
30,1326,meta-llama/Llama-3.1-8B,512,4,0,675365995,675365995,529630065,608873646,22164116,"[41818587, 13396945, 11276817]"
30,1398,meta-llama/Llama-3.1-8B,512,4,0,686651068,686651068,608873646,650692233,11986278,"[13396945, 11276817, 11285073]"
30,1470,meta-llama/Llama-3.1-8B,520,4,3000000000,5712492230,2712492230,37406,2677947308,11514974,"[11513918, 11514974, 11516030]"
30,1542,meta-llama/Llama-3.1-8B,520,4,3000000000,5712492230,2712492230,37406,2677947308,11514974,"[11513918, 11514974, 11516030]"
30,1614,meta-llama/Llama-3.1-8B,520,4,3000000000,5712492230,2712492230,37406,2677947308,11514974,"[11513918, 11514974, 11516030]"
30,1686,meta-llama/Llama-3.1-8B,520,4,3000000000,5712492230,2712492230,37406,2677947308,11514974,"[11513918, 11514974, 11516030]"
30,1758,meta-llama/Llama-3.1-8B,520,4,3000000000,5712492230,2712492230,37406,2677947308,11514974,"[11513918, 11514974, 11516030]"
30,1830,meta-llama/Llama-3.1-8B,520,4,3000000000,5712492230,2712492230,37406,2677947308,11514974,"[11513918, 11514974, 11516030]"
30,1902,meta-llama/Llama-3.1-8B,520,4,3000000000,5712492230,2712492230,37406,2677947308,11514974,"[11513918, 11514974, 11516030]"
30,1974,meta-llama/Llama-3.1-8B,520,4,3000000000,5712492230,2712492230,37406,2677947308,11514974,"[11513918, 11514974, 11516030]"
30,2046,meta-llama/Llama-3.1-8B,520,4,3000000000,11897729990,8897729990,2712492230,8863185068,11514974,"[11513918, 11514974, 11516030]"
30,2118,meta-llama/Llama-3.1-8B,520,4,3000000000,11897729990,8897729990,2712492230,8863185068,11514974,"[11513918, 11514974, 11516030]"
30,2190,meta-llama/Llama-3.1-8B,520,4,3000000000,11897729990,8897729990,2712492230,8863185068,11514974,"[11513918, 11514974, 11516030]"
30,2262,meta-llama/Llama-3.1-8B,520,4,3000000000,11897729990,8897729990,2712492230,8863185068,11514974,"[11513918, 11514974, 11516030]"
30,2334,meta-llama/Llama-3.1-8B,520,4,3000000000,11897729990,8897729990,2712492230,8863185068,11514974,"[11513918, 11514974, 11516030]"
30,2406,meta-llama/Llama-3.1-8B,520,4,3000000000,11897729990,8897729990,2712492230,8863185068,11514974,"[11513918, 11514974, 11516030]"
30,2478,meta-llama/Llama-3.1-8B,520,4,3000000000,11897729990,8897729990,2712492230,8863185068,11514974,"[11513918, 11514974, 11516030]"
30,2550,meta-llama/Llama-3.1-8B,520,4,3000000000,11897729990,8897729990,2712492230,8863185068,11514974,"[11513918, 11514974, 11516030]"
30,2622,meta-llama/Llama-3.1-8B,520,4,3000000000,18080379002,15080379002,8897729990,15046536263,11280913,"[11280401, 11280913, 11281425]"
30,2694,meta-llama/Llama-3.1-8B,520,4,3000000000,18080379002,15080379002,8897729990,15046536263,11280913,"[11280401, 11280913, 11281425]"
30,2766,meta-llama/Llama-3.1-8B,520,4,3000000000,18080379002,15080379002,8897729990,15046536263,11280913,"[11280401, 11280913, 11281425]"
30,2838,meta-llama/Llama-3.1-8B,520,4,3000000000,18080379002,15080379002,8897729990,15046536263,11280913,"[11280401, 11280913, 11281425]"
31,31,meta-llama/Llama-3.1-8B,512,4,0,265327482,265327482,1,99735606,55197292,"[121233056, 32671674, 11687146]"
31,103,meta-llama/Llama-3.1-8B,512,4,0,265327482,265327482,1,99735606,55197292,"[121233056, 32671674, 11687146]"
31,175,meta-llama/Llama-3.1-8B,512,4,0,265327482,265327482,1,99735606,55197292,"[121233056, 32671674, 11687146]"
31,247,meta-llama/Llama-3.1-8B,512,4,0,265327482,265327482,1,99735606,55197292,"[121233056, 32671674, 11687146]"
31,319,meta-llama/Llama-3.1-8B,512,4,0,365341483,365341483,99735606,220968662,48124273,"[32671674, 11687146, 100014001]"
31,391,meta-llama/Llama-3.1-8B,512,4,0,365341483,365341483,99735606,220968662,48124273,"[32671674, 11687146, 100014001]"
31,463,meta-llama/Llama-3.1-8B,512,4,0,365341483,365341483,99735606,220968662,48124273,"[32671674, 11687146, 100014001]"
31,535,meta-llama/Llama-3.1-8B,512,4,0,467139571,467139571,220968662,253640336,71166411,"[11687146, 100014001, 101798088]"
31,607,meta-llama/Llama-3.1-8B,512,4,0,529632237,529632237,265327482,365341483,54763584,"[101798088, 45433137, 17059529]"
31,679,meta-llama/Llama-3.1-8B,512,4,0,529632237,529632237,265327482,365341483,54763584,"[101798088, 45433137, 17059529]"
31,751,meta-llama/Llama-3.1-8B,512,4,0,529632237,529632237,265327482,365341483,54763584,"[101798088, 45433137, 17059529]"
31,823,meta-llama/Llama-3.1-8B,512,4,0,609297087,609297087,365341483,467139571,47385838,"[45433137, 17059529, 79664850]"
31,895,meta-llama/Llama-3.1-8B,512,4,0,609297087,609297087,365341483,467139571,47385838,"[45433137, 17059529, 79664850]"
31,967,meta-llama/Llama-3.1-8B,512,4,0,609297087,609297087,365341483,467139571,47385838,"[45433137, 17059529, 79664850]"
31,1039,meta-llama/Llama-3.1-8B,512,4,0,609297087,609297087,365341483,467139571,47385838,"[45433137, 17059529, 79664850]"
31,1111,meta-llama/Llama-3.1-8B,512,4,0,650824713,650824713,467139571,512572708,46084001,"[17059529, 79664850, 41527626]"
31,1183,meta-llama/Llama-3.1-8B,512,4,0,675896035,675896035,529632237,609297087,22199649,"[41527626, 13794505, 11276817]"
31,1255,meta-llama/Llama-3.1-8B,512,4,0,675896035,675896035,529632237,609297087,22199649,"[41527626, 13794505, 11276817]"
31,1327,meta-llama/Llama-3.1-8B,512,4,0,675896035,675896035,529632237,609297087,22199649,"[41527626, 13794505, 11276817]"
31,1399,meta-llama/Llama-3.1-8B,512,4,0,687181108,687181108,609297087,650824713,12118798,"[13794505, 11276817, 11285073]"
31,1471,meta-llama/Llama-3.1-8B,520,4,3000000000,5798398310,2798398310,37406,2763853388,11514974,"[11513918, 11514974, 11516030]"
31,1543,meta-llama/Llama-3.1-8B,520,4,3000000000,5798398310,2798398310,37406,2763853388,11514974,"[11513918, 11514974, 11516030]"
31,1615,meta-llama/Llama-3.1-8B,520,4,3000000000,5798398310,2798398310,37406,2763853388,11514974,"[11513918, 11514974, 11516030]"
31,1687,meta-llama/Llama-3.1-8B,520,4,3000000000,5798398310,2798398310,37406,2763853388,11514974,"[11513918, 11514974, 11516030]"
31,1759,meta-llama/Llama-3.1-8B,520,4,3000000000,5798398310,2798398310,37406,2763853388,11514974,"[11513918, 11514974, 11516030]"
31,1831,meta-llama/Llama-3.1-8B,520,4,3000000000,5798398310,2798398310,37406,2763853388,11514974,"[11513918, 11514974, 11516030]"
31,1903,meta-llama/Llama-3.1-8B,520,4,3000000000,5798398310,2798398310,37406,2763853388,11514974,"[11513918, 11514974, 11516030]"
31,1975,meta-llama/Llama-3.1-8B,520,4,3000000000,5798398310,2798398310,37406,2763853388,11514974,"[11513918, 11514974, 11516030]"
31,2047,meta-llama/Llama-3.1-8B,520,4,3000000000,11983636070,8983636070,2798398310,8949091148,11514974,"[11513918, 11514974, 11516030]"
31,2119,meta-llama/Llama-3.1-8B,520,4,3000000000,11983636070,8983636070,2798398310,8949091148,11514974,"[11513918, 11514974, 11516030]"
31,2191,meta-llama/Llama-3.1-8B,520,4,3000000000,11983636070,8983636070,2798398310,8949091148,11514974,"[11513918, 11514974, 11516030]"
31,2263,meta-llama/Llama-3.1-8B,520,4,3000000000,11983636070,8983636070,2798398310,8949091148,11514974,"[11513918, 11514974, 11516030]"
31,2335,meta-llama/Llama-3.1-8B,520,4,3000000000,11983636070,8983636070,2798398310,8949091148,11514974,"[11513918, 11514974, 11516030]"
31,2407,meta-llama/Llama-3.1-8B,520,4,3000000000,11983636070,8983636070,2798398310,8949091148,11514974,"[11513918, 11514974, 11516030]"
31,2479,meta-llama/Llama-3.1-8B,520,4,3000000000,11983636070,8983636070,2798398310,8949091148,11514974,"[11513918, 11514974, 11516030]"
31,2551,meta-llama/Llama-3.1-8B,520,4,3000000000,11983636070,8983636070,2798398310,8949091148,11514974,"[11513918, 11514974, 11516030]"
31,2623,meta-llama/Llama-3.1-8B,520,4,3000000000,18166285082,15166285082,8983636070,15132442343,11280913,"[11280401, 11280913, 11281425]"
31,2695,meta-llama/Llama-3.1-8B,520,4,3000000000,18166285082,15166285082,8983636070,15132442343,11280913,"[11280401, 11280913, 11281425]"
31,2767,meta-llama/Llama-3.1-8B,520,4,3000000000,18166285082,15166285082,8983636070,15132442343,11280913,"[11280401, 11280913, 11281425]"
31,2839,meta-llama/Llama-3.1-8B,520,4,3000000000,18166285082,15166285082,8983636070,15132442343,11280913,"[11280401, 11280913, 11281425]"
32,32,meta-llama/Llama-3.1-8B,512,4,0,265329654,265329654,1,100261062,55022864,"[121233056, 32149159, 11686377]"
32,104,meta-llama/Llama-3.1-8B,512,4,0,265329654,265329654,1,100261062,55022864,"[121233056, 32149159, 11686377]"
32,176,meta-llama/Llama-3.1-8B,512,4,0,265329654,265329654,1,100261062,55022864,"[121233056, 32149159, 11686377]"
32,248,meta-llama/Llama-3.1-8B,512,4,0,265329654,265329654,1,100261062,55022864,"[121233056, 32149159, 11686377]"
32,320,meta-llama/Llama-3.1-8B,512,4,0,365866939,365866939,100261062,221494118,48124273,"[32149159, 11686377, 100537285]"
32,392,meta-llama/Llama-3.1-8B,512,4,0,365866939,365866939,100261062,221494118,48124273,"[32149159, 11686377, 100537285]"
32,464,meta-llama/Llama-3.1-8B,512,4,0,365866939,365866939,100261062,221494118,48124273,"[32149159, 11686377, 100537285]"
32,536,meta-llama/Llama-3.1-8B,512,4,0,467535745,467535745,221494118,253643277,71297489,"[11686377, 100537285, 101668806]"
32,608,meta-llama/Llama-3.1-8B,512,4,0,529634409,529634409,265329654,365866939,54589156,"[101668806, 45170212, 16928452]"
32,680,meta-llama/Llama-3.1-8B,512,4,0,529634409,529634409,265329654,365866939,54589156,"[101668806, 45170212, 16928452]"
32,752,meta-llama/Llama-3.1-8B,512,4,0,529634409,529634409,265329654,365866939,54589156,"[101668806, 45170212, 16928452]"
32,824,meta-llama/Llama-3.1-8B,512,4,0,609692491,609692491,365866939,467535745,47385582,"[45170212, 16928452, 80058082]"
32,896,meta-llama/Llama-3.1-8B,512,4,0,609692491,609692491,365866939,467535745,47385582,"[45170212, 16928452, 80058082]"
32,968,meta-llama/Llama-3.1-8B,512,4,0,609692491,609692491,365866939,467535745,47385582,"[45170212, 16928452, 80058082]"
32,1040,meta-llama/Llama-3.1-8B,512,4,0,609692491,609692491,365866939,467535745,47385582,"[45170212, 16928452, 80058082]"
32,1112,meta-llama/Llama-3.1-8B,512,4,0,650957313,650957313,467535745,512705957,46083785,"[16928452, 80058082, 41264822]"
32,1184,meta-llama/Llama-3.1-8B,512,4,0,676558555,676558555,529634409,609692491,22288688,"[41264822, 14324425, 11276817]"
32,1256,meta-llama/Llama-3.1-8B,512,4,0,676558555,676558555,529634409,609692491,22288688,"[41264822, 14324425, 11276817]"
32,1328,meta-llama/Llama-3.1-8B,512,4,0,676558555,676558555,529634409,609692491,22288688,"[41264822, 14324425, 11276817]"
32,1400,meta-llama/Llama-3.1-8B,512,4,0,687843628,687843628,609692491,650957313,12295438,"[14324425, 11276817, 11285073]"
32,1472,meta-llama/Llama-3.1-8B,520,4,3000000000,5884304390,2884304390,37406,2849759468,11514974,"[11513918, 11514974, 11516030]"
32,1544,meta-llama/Llama-3.1-8B,520,4,3000000000,5884304390,2884304390,37406,2849759468,11514974,"[11513918, 11514974, 11516030]"
32,1616,meta-llama/Llama-3.1-8B,520,4,3000000000,5884304390,2884304390,37406,2849759468,11514974,"[11513918, 11514974, 11516030]"
32,1688,meta-llama/Llama-3.1-8B,520,4,3000000000,5884304390,2884304390,37406,2849759468,11514974,"[11513918, 11514974, 11516030]"
32,1760,meta-llama/Llama-3.1-8B,520,4,3000000000,5884304390,2884304390,37406,2849759468,11514974,"[11513918, 11514974, 11516030]"
32,1832,meta-llama/Llama-3.1-8B,520,4,3000000000,5884304390,2884304390,37406,2849759468,11514974,"[11513918, 11514974, 11516030]"
32,1904,meta-llama/Llama-3.1-8B,520,4,3000000000,5884304390,2884304390,37406,2849759468,11514974,"[11513918, 11514974, 11516030]"
32,1976,meta-llama/Llama-3.1-8B,520,4,3000000000,5884304390,2884304390,37406,2849759468,11514974,"[11513918, 11514974, 11516030]"
32,2048,meta-llama/Llama-3.1-8B,520,4,3000000000,12069542150,9069542150,2884304390,9034997228,11514974,"[11513918, 11514974, 11516030]"
32,2120,meta-llama/Llama-3.1-8B,520,4,3000000000,12069542150,9069542150,2884304390,9034997228,11514974,"[11513918, 11514974, 11516030]"
32,2192,meta-llama/Llama-3.1-8B,520,4,3000000000,12069542150,9069542150,2884304390,9034997228,11514974,"[11513918, 11514974, 11516030]"
32,2264,meta-llama/Llama-3.1-8B,520,4,3000000000,12069542150,9069542150,2884304390,9034997228,11514974,"[11513918, 11514974, 11516030]"
32,2336,meta-llama/Llama-3.1-8B,520,4,3000000000,12069542150,9069542150,2884304390,9034997228,11514974,"[11513918, 11514974, 11516030]"
32,2408,meta-llama/Llama-3.1-8B,520,4,3000000000,12069542150,9069542150,2884304390,9034997228,11514974,"[11513918, 11514974, 11516030]"
32,2480,meta-llama/Llama-3.1-8B,520,4,3000000000,12069542150,9069542150,2884304390,9034997228,11514974,"[11513918, 11514974, 11516030]"
32,2552,meta-llama/Llama-3.1-8B,520,4,3000000000,12069542150,9069542150,2884304390,9034997228,11514974,"[11513918, 11514974, 11516030]"
32,2624,meta-llama/Llama-3.1-8B,520,4,3000000000,18252191162,15252191162,9069542150,15218348423,11280913,"[11280401, 11280913, 11281425]"
32,2696,meta-llama/Llama-3.1-8B,520,4,3000000000,18252191162,15252191162,9069542150,15218348423,11280913,"[11280401, 11280913, 11281425]"
32,2768,meta-llama/Llama-3.1-8B,520,4,3000000000,18252191162,15252191162,9069542150,15218348423,11280913,"[11280401, 11280913, 11281425]"
32,2840,meta-llama/Llama-3.1-8B,520,4,3000000000,18252191162,15252191162,9069542150,15218348423,11280913,"[11280401, 11280913, 11281425]"
33,33,meta-llama/Llama-3.1-8B,512,4,0,265331826,265331826,1,100786518,54848436,"[121233056, 31626644, 11685608]"
33,105,meta-llama/Llama-3.1-8B,512,4,0,265331826,265331826,1,100786518,54848436,"[121233056, 31626644, 11685608]"
33,177,meta-llama/Llama-3.1-8B,512,4,0,265331826,265331826,1,100786518,54848436,"[121233056, 31626644, 11685608]"
33,249,meta-llama/Llama-3.1-8B,512,4,0,265331826,265331826,1,100786518,54848436,"[121233056, 31626644, 11685608]"
33,321,meta-llama/Llama-3.1-8B,512,4,0,366392395,366392395,100786518,222019574,48124273,"[31626644, 11685608, 101060569]"
33,393,meta-llama/Llama-3.1-8B,512,4,0,366392395,366392395,100786518,222019574,48124273,"[31626644, 11685608, 101060569]"
33,465,meta-llama/Llama-3.1-8B,512,4,0,366392395,366392395,100786518,222019574,48124273,"[31626644, 11685608, 101060569]"
33,537,meta-llama/Llama-3.1-8B,512,4,0,467931919,467931919,222019574,253646218,71428567,"[11685608, 101060569, 101539524]"
33,609,meta-llama/Llama-3.1-8B,512,4,0,529636581,529636581,265331826,366392395,54414728,"[101539524, 44907287, 16797375]"
33,681,meta-llama/Llama-3.1-8B,512,4,0,529636581,529636581,265331826,366392395,54414728,"[101539524, 44907287, 16797375]"
33,753,meta-llama/Llama-3.1-8B,512,4,0,529636581,529636581,265331826,366392395,54414728,"[101539524, 44907287, 16797375]"
33,825,meta-llama/Llama-3.1-8B,512,4,0,610115932,610115932,366392395,467931919,47394671,"[44907287, 16797375, 80479351]"
33,897,meta-llama/Llama-3.1-8B,512,4,0,610115932,610115932,366392395,467931919,47394671,"[44907287, 16797375, 80479351]"
33,969,meta-llama/Llama-3.1-8B,512,4,0,610115932,610115932,366392395,467931919,47394671,"[44907287, 16797375, 80479351]"
33,1041,meta-llama/Llama-3.1-8B,512,4,0,610115932,610115932,366392395,467931919,47394671,"[44907287, 16797375, 80479351]"
33,1113,meta-llama/Llama-3.1-8B,512,4,0,651089793,651089793,467931919,512839206,46083529,"[16797375, 80479351, 40973861]"
33,1185,meta-llama/Llama-3.1-8B,512,4,0,677223367,677223367,529636581,610115932,22369145,"[40973861, 14856757, 11276817]"
33,1257,meta-llama/Llama-3.1-8B,512,4,0,677223367,677223367,529636581,610115932,22369145,"[40973861, 14856757, 11276817]"
33,1329,meta-llama/Llama-3.1-8B,512,4,0,677223367,677223367,529636581,610115932,22369145,"[40973861, 14856757, 11276817]"
33,1401,meta-llama/Llama-3.1-8B,512,4,0,688508440,688508440,610115932,651089793,12472882,"[14856757, 11276817, 11285073]"
33,1473,meta-llama/Llama-3.1-8B,520,4,3000000000,5970210470,2970210470,37406,2935665548,11514974,"[11513918, 11514974, 11516030]"
33,1545,meta-llama/Llama-3.1-8B,520,4,3000000000,5970210470,2970210470,37406,2935665548,11514974,"[11513918, 11514974, 11516030]"
33,1617,meta-llama/Llama-3.1-8B,520,4,3000000000,5970210470,2970210470,37406,2935665548,11514974,"[11513918, 11514974, 11516030]"
33,1689,meta-llama/Llama-3.1-8B,520,4,3000000000,5970210470,2970210470,37406,2935665548,11514974,"[11513918, 11514974, 11516030]"
33,1761,meta-llama/Llama-3.1-8B,520,4,3000000000,5970210470,2970210470,37406,2935665548,11514974,"[11513918, 11514974, 11516030]"
33,1833,meta-llama/Llama-3.1-8B,520,4,3000000000,5970210470,2970210470,37406,2935665548,11514974,"[11513918, 11514974, 11516030]"
33,1905,meta-llama/Llama-3.1-8B,520,4,3000000000,5970210470,2970210470,37406,2935665548,11514974,"[11513918, 11514974, 11516030]"
33,1977,meta-llama/Llama-3.1-8B,520,4,3000000000,5970210470,2970210470,37406,2935665548,11514974,"[11513918, 11514974, 11516030]"
33,2049,meta-llama/Llama-3.1-8B,520,4,3000000000,12155448230,9155448230,2970210470,9120903308,11514974,"[11513918, 11514974, 11516030]"
33,2121,meta-llama/Llama-3.1-8B,520,4,3000000000,12155448230,9155448230,2970210470,9120903308,11514974,"[11513918, 11514974, 11516030]"
33,2193,meta-llama/Llama-3.1-8B,520,4,3000000000,12155448230,9155448230,2970210470,9120903308,11514974,"[11513918, 11514974, 11516030]"
33,2265,meta-llama/Llama-3.1-8B,520,4,3000000000,12155448230,9155448230,2970210470,9120903308,11514974,"[11513918, 11514974, 11516030]"
33,2337,meta-llama/Llama-3.1-8B,520,4,3000000000,12155448230,9155448230,2970210470,9120903308,11514974,"[11513918, 11514974, 11516030]"
33,2409,meta-llama/Llama-3.1-8B,520,4,3000000000,12155448230,9155448230,2970210470,9120903308,11514974,"[11513918, 11514974, 11516030]"
33,2481,meta-llama/Llama-3.1-8B,520,4,3000000000,12155448230,9155448230,2970210470,9120903308,11514974,"[11513918, 11514974, 11516030]"
33,2553,meta-llama/Llama-3.1-8B,520,4,3000000000,12155448230,9155448230,2970210470,9120903308,11514974,"[11513918, 11514974, 11516030]"
33,2625,meta-llama/Llama-3.1-8B,520,4,3000000000,18338097242,15338097242,9155448230,15304254503,11280913,"[11280401, 11280913, 11281425]"
33,2697,meta-llama/Llama-3.1-8B,520,4,3000000000,18338097242,15338097242,9155448230,15304254503,11280913,"[11280401, 11280913, 11281425]"
33,2769,meta-llama/Llama-3.1-8B,520,4,3000000000,18338097242,15338097242,9155448230,15304254503,11280913,"[11280401, 11280913, 11281425]"
33,2841,meta-llama/Llama-3.1-8B,520,4,3000000000,18338097242,15338097242,9155448230,15304254503,11280913,"[11280401, 11280913, 11281425]"
34,34,meta-llama/Llama-3.1-8B,512,4,0,265333998,265333998,1,101311974,54674008,"[121233056, 31104129, 11684839]"
34,106,meta-llama/Llama-3.1-8B,512,4,0,265333998,265333998,1,101311974,54674008,"[121233056, 31104129, 11684839]"
34,178,meta-llama/Llama-3.1-8B,512,4,0,265333998,265333998,1,101311974,54674008,"[121233056, 31104129, 11684839]"
34,250,meta-llama/Llama-3.1-8B,512,4,0,265333998,265333998,1,101311974,54674008,"[121233056, 31104129, 11684839]"
34,322,meta-llama/Llama-3.1-8B,512,4,0,366917851,366917851,101311974,222545030,48124273,"[31104129, 11684839, 101583853]"
34,394,meta-llama/Llama-3.1-8B,512,4,0,366917851,366917851,101311974,222545030,48124273,"[31104129, 11684839, 101583853]"
34,466,meta-llama/Llama-3.1-8B,512,4,0,366917851,366917851,101311974,222545030,48124273,"[31104129, 11684839, 101583853]"
34,538,meta-llama/Llama-3.1-8B,512,4,0,468328093,468328093,222545030,253649159,71559644,"[11684839, 101583853, 101410242]"
34,610,meta-llama/Llama-3.1-8B,512,4,0,529638753,529638753,265333998,366917851,54240300,"[101410242, 44644362, 16666298]"
34,682,meta-llama/Llama-3.1-8B,512,4,0,529638753,529638753,265333998,366917851,54240300,"[101410242, 44644362, 16666298]"
34,754,meta-llama/Llama-3.1-8B,512,4,0,529638753,529638753,265333998,366917851,54240300,"[101410242, 44644362, 16666298]"
34,826,meta-llama/Llama-3.1-8B,512,4,0,610511336,610511336,366917851,468328093,47394414,"[44644362, 16666298, 80872583]"
34,898,meta-llama/Llama-3.1-8B,512,4,0,610511336,610511336,366917851,468328093,47394414,"[44644362, 16666298, 80872583]"
34,970,meta-llama/Llama-3.1-8B,512,4,0,610511336,610511336,366917851,468328093,47394414,"[44644362, 16666298, 80872583]"
34,1042,meta-llama/Llama-3.1-8B,512,4,0,610511336,610511336,366917851,468328093,47394414,"[44644362, 16666298, 80872583]"
34,1114,meta-llama/Llama-3.1-8B,512,4,0,651222273,651222273,468328093,512972455,46083272,"[16666298, 80872583, 40710937]"
34,1186,meta-llama/Llama-3.1-8B,512,4,0,677488447,677488447,529638753,610511336,22325703,"[40710937, 14989357, 11276817]"
34,1258,meta-llama/Llama-3.1-8B,512,4,0,677488447,677488447,529638753,610511336,22325703,"[40710937, 14989357, 11276817]"
34,1330,meta-llama/Llama-3.1-8B,512,4,0,677488447,677488447,529638753,610511336,22325703,"[40710937, 14989357, 11276817]"
34,1402,meta-llama/Llama-3.1-8B,512,4,0,688773520,688773520,610511336,651222273,12517082,"[14989357, 11276817, 11285073]"
34,1474,meta-llama/Llama-3.1-8B,520,4,3000000000,6056116550,3056116550,37406,3021571628,11514974,"[11513918, 11514974, 11516030]"
34,1546,meta-llama/Llama-3.1-8B,520,4,3000000000,6056116550,3056116550,37406,3021571628,11514974,"[11513918, 11514974, 11516030]"
34,1618,meta-llama/Llama-3.1-8B,520,4,3000000000,6056116550,3056116550,37406,3021571628,11514974,"[11513918, 11514974, 11516030]"
34,1690,meta-llama/Llama-3.1-8B,520,4,3000000000,6056116550,3056116550,37406,3021571628,11514974,"[11513918, 11514974, 11516030]"
34,1762,meta-llama/Llama-3.1-8B,520,4,3000000000,6056116550,3056116550,37406,3021571628,11514974,"[11513918, 11514974, 11516030]"
34,1834,meta-llama/Llama-3.1-8B,520,4,3000000000,6056116550,3056116550,37406,3021571628,11514974,"[11513918, 11514974, 11516030]"
34,1906,meta-llama/Llama-3.1-8B,520,4,3000000000,6056116550,3056116550,37406,3021571628,11514974,"[11513918, 11514974, 11516030]"
34,1978,meta-llama/Llama-3.1-8B,520,4,3000000000,6056116550,3056116550,37406,3021571628,11514974,"[11513918, 11514974, 11516030]"
34,2050,meta-llama/Llama-3.1-8B,520,4,3000000000,12241354310,9241354310,3056116550,9206809388,11514974,"[11513918, 11514974, 11516030]"
34,2122,meta-llama/Llama-3.1-8B,520,4,3000000000,12241354310,9241354310,3056116550,9206809388,11514974,"[11513918, 11514974, 11516030]"
34,2194,meta-llama/Llama-3.1-8B,520,4,3000000000,12241354310,9241354310,3056116550,9206809388,11514974,"[11513918, 11514974, 11516030]"
34,2266,meta-llama/Llama-3.1-8B,520,4,3000000000,12241354310,9241354310,3056116550,9206809388,11514974,"[11513918, 11514974, 11516030]"
34,2338,meta-llama/Llama-3.1-8B,520,4,3000000000,12241354310,9241354310,3056116550,9206809388,11514974,"[11513918, 11514974, 11516030]"
34,2410,meta-llama/Llama-3.1-8B,520,4,3000000000,12241354310,9241354310,3056116550,9206809388,11514974,"[11513918, 11514974, 11516030]"
34,2482,meta-llama/Llama-3.1-8B,520,4,3000000000,12241354310,9241354310,3056116550,9206809388,11514974,"[11513918, 11514974, 11516030]"
34,2554,meta-llama/Llama-3.1-8B,520,4,3000000000,12241354310,9241354310,3056116550,9206809388,11514974,"[11513918, 11514974, 11516030]"
34,2626,meta-llama/Llama-3.1-8B,520,4,3000000000,18424003322,15424003322,9241354310,15390160583,11280913,"[11280401, 11280913, 11281425]"
34,2698,meta-llama/Llama-3.1-8B,520,4,3000000000,18424003322,15424003322,9241354310,15390160583,11280913,"[11280401, 11280913, 11281425]"
34,2770,meta-llama/Llama-3.1-8B,520,4,3000000000,18424003322,15424003322,9241354310,15390160583,11280913,"[11280401, 11280913, 11281425]"
34,2842,meta-llama/Llama-3.1-8B,520,4,3000000000,18424003322,15424003322,9241354310,15390160583,11280913,"[11280401, 11280913, 11281425]"
35,35,meta-llama/Llama-3.1-8B,512,4,0,265336170,265336170,1,101837430,54499580,"[121233056, 30581614, 11684070]"
35,107,meta-llama/Llama-3.1-8B,512,4,0,265336170,265336170,1,101837430,54499580,"[121233056, 30581614, 11684070]"
35,179,meta-llama/Llama-3.1-8B,512,4,0,265336170,265336170,1,101837430,54499580,"[121233056, 30581614, 11684070]"
35,251,meta-llama/Llama-3.1-8B,512,4,0,265336170,265336170,1,101837430,54499580,"[121233056, 30581614, 11684070]"
35,323,meta-llama/Llama-3.1-8B,512,4,0,367443307,367443307,101837430,223070486,48124273,"[30581614, 11684070, 102107137]"
35,395,meta-llama/Llama-3.1-8B,512,4,0,367443307,367443307,101837430,223070486,48124273,"[30581614, 11684070, 102107137]"
35,467,meta-llama/Llama-3.1-8B,512,4,0,367443307,367443307,101837430,223070486,48124273,"[30581614, 11684070, 102107137]"
35,539,meta-llama/Llama-3.1-8B,512,4,0,468724267,468724267,223070486,253652100,71690722,"[11684070, 102107137, 101280960]"
35,611,meta-llama/Llama-3.1-8B,512,4,0,529640925,529640925,265336170,367443307,54065872,"[101280960, 44381437, 16535221]"
35,683,meta-llama/Llama-3.1-8B,512,4,0,529640925,529640925,265336170,367443307,54065872,"[101280960, 44381437, 16535221]"
35,755,meta-llama/Llama-3.1-8B,512,4,0,529640925,529640925,265336170,367443307,54065872,"[101280960, 44381437, 16535221]"
35,827,meta-llama/Llama-3.1-8B,512,4,0,610906740,610906740,367443307,468724267,47394157,"[44381437, 16535221, 81265815]"
35,899,meta-llama/Llama-3.1-8B,512,4,0,610906740,610906740,367443307,468724267,47394157,"[44381437, 16535221, 81265815]"
35,971,meta-llama/Llama-3.1-8B,512,4,0,610906740,610906740,367443307,468724267,47394157,"[44381437, 16535221, 81265815]"
35,1043,meta-llama/Llama-3.1-8B,512,4,0,610906740,610906740,367443307,468724267,47394157,"[44381437, 16535221, 81265815]"
35,1115,meta-llama/Llama-3.1-8B,512,4,0,651354753,651354753,468724267,513105704,46083016,"[16535221, 81265815, 40448013]"
35,1187,meta-llama/Llama-3.1-8B,512,4,0,677753527,677753527,529640925,610906740,22282262,"[40448013, 15121957, 11276817]"
35,1259,meta-llama/Llama-3.1-8B,512,4,0,677753527,677753527,529640925,610906740,22282262,"[40448013, 15121957, 11276817]"
35,1331,meta-llama/Llama-3.1-8B,512,4,0,677753527,677753527,529640925,610906740,22282262,"[40448013, 15121957, 11276817]"
35,1403,meta-llama/Llama-3.1-8B,512,4,0,689038600,689038600,610906740,651354753,12561282,"[15121957, 11276817, 11285073]"
35,1475,meta-llama/Llama-3.1-8B,520,4,3000000000,6142022630,3142022630,37406,3107477708,11514974,"[11513918, 11514974, 11516030]"
35,1547,meta-llama/Llama-3.1-8B,520,4,3000000000,6142022630,3142022630,37406,3107477708,11514974,"[11513918, 11514974, 11516030]"
35,1619,meta-llama/Llama-3.1-8B,520,4,3000000000,6142022630,3142022630,37406,3107477708,11514974,"[11513918, 11514974, 11516030]"
35,1691,meta-llama/Llama-3.1-8B,520,4,3000000000,6142022630,3142022630,37406,3107477708,11514974,"[11513918, 11514974, 11516030]"
35,1763,meta-llama/Llama-3.1-8B,520,4,3000000000,6142022630,3142022630,37406,3107477708,11514974,"[11513918, 11514974, 11516030]"
35,1835,meta-llama/Llama-3.1-8B,520,4,3000000000,6142022630,3142022630,37406,3107477708,11514974,"[11513918, 11514974, 11516030]"
35,1907,meta-llama/Llama-3.1-8B,520,4,3000000000,6142022630,3142022630,37406,3107477708,11514974,"[11513918, 11514974, 11516030]"
35,1979,meta-llama/Llama-3.1-8B,520,4,3000000000,6142022630,3142022630,37406,3107477708,11514974,"[11513918, 11514974, 11516030]"
35,2051,meta-llama/Llama-3.1-8B,520,4,3000000000,12327260390,9327260390,3142022630,9292715468,11514974,"[11513918, 11514974, 11516030]"
35,2123,meta-llama/Llama-3.1-8B,520,4,3000000000,12327260390,9327260390,3142022630,9292715468,11514974,"[11513918, 11514974, 11516030]"
35,2195,meta-llama/Llama-3.1-8B,520,4,3000000000,12327260390,9327260390,3142022630,9292715468,11514974,"[11513918, 11514974, 11516030]"
35,2267,meta-llama/Llama-3.1-8B,520,4,3000000000,12327260390,9327260390,3142022630,9292715468,11514974,"[11513918, 11514974, 11516030]"
35,2339,meta-llama/Llama-3.1-8B,520,4,3000000000,12327260390,9327260390,3142022630,9292715468,11514974,"[11513918, 11514974, 11516030]"
35,2411,meta-llama/Llama-3.1-8B,520,4,3000000000,12327260390,9327260390,3142022630,9292715468,11514974,"[11513918, 11514974, 11516030]"
35,2483,meta-llama/Llama-3.1-8B,520,4,3000000000,12327260390,9327260390,3142022630,9292715468,11514974,"[11513918, 11514974, 11516030]"
35,2555,meta-llama/Llama-3.1-8B,520,4,3000000000,12327260390,9327260390,3142022630,9292715468,11514974,"[11513918, 11514974, 11516030]"
35,2627,meta-llama/Llama-3.1-8B,520,4,3000000000,18509909402,15509909402,9327260390,15476066663,11280913,"[11280401, 11280913, 11281425]"
35,2699,meta-llama/Llama-3.1-8B,520,4,3000000000,18509909402,15509909402,9327260390,15476066663,11280913,"[11280401, 11280913, 11281425]"
35,2771,meta-llama/Llama-3.1-8B,520,4,3000000000,18509909402,15509909402,9327260390,15476066663,11280913,"[11280401, 11280913, 11281425]"
35,2843,meta-llama/Llama-3.1-8B,520,4,3000000000,18509909402,15509909402,9327260390,15476066663,11280913,"[11280401, 11280913, 11281425]"
36,36,meta-llama/Llama-3.1-8B,512,4,0,265338342,265338342,1,102362886,54325152,"[121233056, 30059099, 11683301]"
36,108,meta-llama/Llama-3.1-8B,512,4,0,265338342,265338342,1,102362886,54325152,"[121233056, 30059099, 11683301]"
36,180,meta-llama/Llama-3.1-8B,512,4,0,265338342,265338342,1,102362886,54325152,"[121233056, 30059099, 11683301]"
36,252,meta-llama/Llama-3.1-8B,512,4,0,265338342,265338342,1,102362886,54325152,"[121233056, 30059099, 11683301]"
36,324,meta-llama/Llama-3.1-8B,512,4,0,367968763,367968763,102362886,223595942,48124273,"[30059099, 11683301, 102630421]"
36,396,meta-llama/Llama-3.1-8B,512,4,0,367968763,367968763,102362886,223595942,48124273,"[30059099, 11683301, 102630421]"
36,468,meta-llama/Llama-3.1-8B,512,4,0,367968763,367968763,102362886,223595942,48124273,"[30059099, 11683301, 102630421]"
36,540,meta-llama/Llama-3.1-8B,512,4,0,469120441,469120441,223595942,253655041,71821800,"[11683301, 102630421, 101151678]"
36,612,meta-llama/Llama-3.1-8B,512,4,0,529643097,529643097,265338342,367968763,53891444,"[101151678, 44118512, 16404144]"
36,684,meta-llama/Llama-3.1-8B,512,4,0,529643097,529643097,265338342,367968763,53891444,"[101151678, 44118512, 16404144]"
36,756,meta-llama/Llama-3.1-8B,512,4,0,529643097,529643097,265338342,367968763,53891444,"[101151678, 44118512, 16404144]"
36,828,meta-llama/Llama-3.1-8B,512,4,0,611330181,611330181,367968763,469120441,47403246,"[44118512, 16404144, 81687084]"
36,900,meta-llama/Llama-3.1-8B,512,4,0,611330181,611330181,367968763,469120441,47403246,"[44118512, 16404144, 81687084]"
36,972,meta-llama/Llama-3.1-8B,512,4,0,611330181,611330181,367968763,469120441,47403246,"[44118512, 16404144, 81687084]"
36,1044,meta-llama/Llama-3.1-8B,512,4,0,611330181,611330181,367968763,469120441,47403246,"[44118512, 16404144, 81687084]"
36,1116,meta-llama/Llama-3.1-8B,512,4,0,651487233,651487233,469120441,513238953,46082760,"[16404144, 81687084, 40157052]"
36,1188,meta-llama/Llama-3.1-8B,512,4,0,677886127,677886127,529643097,611330181,22185315,"[40157052, 15122077, 11276817]"
36,1260,meta-llama/Llama-3.1-8B,512,4,0,677886127,677886127,529643097,611330181,22185315,"[40157052, 15122077, 11276817]"
36,1332,meta-llama/Llama-3.1-8B,512,4,0,677886127,677886127,529643097,611330181,22185315,"[40157052, 15122077, 11276817]"
36,1404,meta-llama/Llama-3.1-8B,512,4,0,689171200,689171200,611330181,651487233,12561322,"[15122077, 11276817, 11285073]"
36,1476,meta-llama/Llama-3.1-8B,520,4,3000000000,6227928710,3227928710,37406,3193383788,11514974,"[11513918, 11514974, 11516030]"
36,1548,meta-llama/Llama-3.1-8B,520,4,3000000000,6227928710,3227928710,37406,3193383788,11514974,"[11513918, 11514974, 11516030]"
36,1620,meta-llama/Llama-3.1-8B,520,4,3000000000,6227928710,3227928710,37406,3193383788,11514974,"[11513918, 11514974, 11516030]"
36,1692,meta-llama/Llama-3.1-8B,520,4,3000000000,6227928710,3227928710,37406,3193383788,11514974,"[11513918, 11514974, 11516030]"
36,1764,meta-llama/Llama-3.1-8B,520,4,3000000000,6227928710,3227928710,37406,3193383788,11514974,"[11513918, 11514974, 11516030]"
36,1836,meta-llama/Llama-3.1-8B,520,4,3000000000,6227928710,3227928710,37406,3193383788,11514974,"[11513918, 11514974, 11516030]"
36,1908,meta-llama/Llama-3.1-8B,520,4,3000000000,6227928710,3227928710,37406,3193383788,11514974,"[11513918, 11514974, 11516030]"
36,1980,meta-llama/Llama-3.1-8B,520,4,3000000000,6227928710,3227928710,37406,3193383788,11514974,"[11513918, 11514974, 11516030]"
36,2052,meta-llama/Llama-3.1-8B,520,4,3000000000,12413166470,9413166470,3227928710,9378621548,11514974,"[11513918, 11514974, 11516030]"
36,2124,meta-llama/Llama-3.1-8B,520,4,3000000000,12413166470,9413166470,3227928710,9378621548,11514974,"[11513918, 11514974, 11516030]"
36,2196,meta-llama/Llama-3.1-8B,520,4,3000000000,12413166470,9413166470,3227928710,9378621548,11514974,"[11513918, 11514974, 11516030]"
36,2268,meta-llama/Llama-3.1-8B,520,4,3000000000,12413166470,9413166470,3227928710,9378621548,11514974,"[11513918, 11514974, 11516030]"
36,2340,meta-llama/Llama-3.1-8B,520,4,3000000000,12413166470,9413166470,3227928710,9378621548,11514974,"[11513918, 11514974, 11516030]"
36,2412,meta-llama/Llama-3.1-8B,520,4,3000000000,12413166470,9413166470,3227928710,9378621548,11514974,"[11513918, 11514974, 11516030]"
36,2484,meta-llama/Llama-3.1-8B,520,4,3000000000,12413166470,9413166470,3227928710,9378621548,11514974,"[11513918, 11514974, 11516030]"
36,2556,meta-llama/Llama-3.1-8B,520,4,3000000000,12413166470,9413166470,3227928710,9378621548,11514974,"[11513918, 11514974, 11516030]"
36,2628,meta-llama/Llama-3.1-8B,520,4,3000000000,18595815482,15595815482,9413166470,15561972743,11280913,"[11280401, 11280913, 11281425]"
36,2700,meta-llama/Llama-3.1-8B,520,4,3000000000,18595815482,15595815482,9413166470,15561972743,11280913,"[11280401, 11280913, 11281425]"
36,2772,meta-llama/Llama-3.1-8B,520,4,3000000000,18595815482,15595815482,9413166470,15561972743,11280913,"[11280401, 11280913, 11281425]"
36,2844,meta-llama/Llama-3.1-8B,520,4,3000000000,18595815482,15595815482,9413166470,15561972743,11280913,"[11280401, 11280913, 11281425]"
37,37,meta-llama/Llama-3.1-8B,512,4,0,265340514,265340514,1,102888342,54150724,"[121233056, 29536584, 11682532]"
37,109,meta-llama/Llama-3.1-8B,512,4,0,265340514,265340514,1,102888342,54150724,"[121233056, 29536584, 11682532]"
37,181,meta-llama/Llama-3.1-8B,512,4,0,265340514,265340514,1,102888342,54150724,"[121233056, 29536584, 11682532]"
37,253,meta-llama/Llama-3.1-8B,512,4,0,265340514,265340514,1,102888342,54150724,"[121233056, 29536584, 11682532]"
37,325,meta-llama/Llama-3.1-8B,512,4,0,368494219,368494219,102888342,224121398,48124273,"[29536584, 11682532, 103153705]"
37,397,meta-llama/Llama-3.1-8B,512,4,0,368494219,368494219,102888342,224121398,48124273,"[29536584, 11682532, 103153705]"
37,469,meta-llama/Llama-3.1-8B,512,4,0,368494219,368494219,102888342,224121398,48124273,"[29536584, 11682532, 103153705]"
37,541,meta-llama/Llama-3.1-8B,512,4,0,469516615,469516615,224121398,253657982,71952877,"[11682532, 103153705, 101022396]"
37,613,meta-llama/Llama-3.1-8B,512,4,0,529801236,529801236,265340514,368494219,53769005,"[101022396, 43855587, 16429034]"
37,685,meta-llama/Llama-3.1-8B,512,4,0,529801236,529801236,265340514,368494219,53769005,"[101022396, 43855587, 16429034]"
37,757,meta-llama/Llama-3.1-8B,512,4,0,529801236,529801236,265340514,368494219,53769005,"[101022396, 43855587, 16429034]"
37,829,meta-llama/Llama-3.1-8B,512,4,0,611725585,611725585,368494219,469516615,47402990,"[43855587, 16429034, 81924349]"
37,901,meta-llama/Llama-3.1-8B,512,4,0,611725585,611725585,368494219,469516615,47402990,"[43855587, 16429034, 81924349]"
37,973,meta-llama/Llama-3.1-8B,512,4,0,611725585,611725585,368494219,469516615,47402990,"[43855587, 16429034, 81924349]"
37,1045,meta-llama/Llama-3.1-8B,512,4,0,611725585,611725585,368494219,469516615,47402990,"[43855587, 16429034, 81924349]"
37,1117,meta-llama/Llama-3.1-8B,512,4,0,651620433,651620433,469516615,513372202,46082743,"[16429034, 81924349, 39894848]"
37,1189,meta-llama/Llama-3.1-8B,512,4,0,678018727,678018727,529801236,611725585,22097714,"[39894848, 15121477, 11276817]"
37,1261,meta-llama/Llama-3.1-8B,512,4,0,678018727,678018727,529801236,611725585,22097714,"[39894848, 15121477, 11276817]"
37,1333,meta-llama/Llama-3.1-8B,512,4,0,678018727,678018727,529801236,611725585,22097714,"[39894848, 15121477, 11276817]"
37,1405,meta-llama/Llama-3.1-8B,512,4,0,689303800,689303800,611725585,651620433,12561122,"[15121477, 11276817, 11285073]"
37,1477,meta-llama/Llama-3.1-8B,520,4,3000000000,6313834790,3313834790,37406,3279289868,11514974,"[11513918, 11514974, 11516030]"
37,1549,meta-llama/Llama-3.1-8B,520,4,3000000000,6313834790,3313834790,37406,3279289868,11514974,"[11513918, 11514974, 11516030]"
37,1621,meta-llama/Llama-3.1-8B,520,4,3000000000,6313834790,3313834790,37406,3279289868,11514974,"[11513918, 11514974, 11516030]"
37,1693,meta-llama/Llama-3.1-8B,520,4,3000000000,6313834790,3313834790,37406,3279289868,11514974,"[11513918, 11514974, 11516030]"
37,1765,meta-llama/Llama-3.1-8B,520,4,3000000000,6313834790,3313834790,37406,3279289868,11514974,"[11513918, 11514974, 11516030]"
37,1837,meta-llama/Llama-3.1-8B,520,4,3000000000,6313834790,3313834790,37406,3279289868,11514974,"[11513918, 11514974, 11516030]"
37,1909,meta-llama/Llama-3.1-8B,520,4,3000000000,6313834790,3313834790,37406,3279289868,11514974,"[11513918, 11514974, 11516030]"
37,1981,meta-llama/Llama-3.1-8B,520,4,3000000000,6313834790,3313834790,37406,3279289868,11514974,"[11513918, 11514974, 11516030]"
37,2053,meta-llama/Llama-3.1-8B,520,4,3000000000,12499072550,9499072550,3313834790,9464527628,11514974,"[11513918, 11514974, 11516030]"
37,2125,meta-llama/Llama-3.1-8B,520,4,3000000000,12499072550,9499072550,3313834790,9464527628,11514974,"[11513918, 11514974, 11516030]"
37,2197,meta-llama/Llama-3.1-8B,520,4,3000000000,12499072550,9499072550,3313834790,9464527628,11514974,"[11513918, 11514974, 11516030]"
37,2269,meta-llama/Llama-3.1-8B,520,4,3000000000,12499072550,9499072550,3313834790,9464527628,11514974,"[11513918, 11514974, 11516030]"
37,2341,meta-llama/Llama-3.1-8B,520,4,3000000000,12499072550,9499072550,3313834790,9464527628,11514974,"[11513918, 11514974, 11516030]"
37,2413,meta-llama/Llama-3.1-8B,520,4,3000000000,12499072550,9499072550,3313834790,9464527628,11514974,"[11513918, 11514974, 11516030]"
37,2485,meta-llama/Llama-3.1-8B,520,4,3000000000,12499072550,9499072550,3313834790,9464527628,11514974,"[11513918, 11514974, 11516030]"
37,2557,meta-llama/Llama-3.1-8B,520,4,3000000000,12499072550,9499072550,3313834790,9464527628,11514974,"[11513918, 11514974, 11516030]"
37,2629,meta-llama/Llama-3.1-8B,520,4,3000000000,18681721562,15681721562,9499072550,15647878823,11280913,"[11280401, 11280913, 11281425]"
37,2701,meta-llama/Llama-3.1-8B,520,4,3000000000,18681721562,15681721562,9499072550,15647878823,11280913,"[11280401, 11280913, 11281425]"
37,2773,meta-llama/Llama-3.1-8B,520,4,3000000000,18681721562,15681721562,9499072550,15647878823,11280913,"[11280401, 11280913, 11281425]"
37,2845,meta-llama/Llama-3.1-8B,520,4,3000000000,18681721562,15681721562,9499072550,15647878823,11280913,"[11280401, 11280913, 11281425]"
38,38,meta-llama/Llama-3.1-8B,512,4,0,265342686,265342686,1,103413798,53976296,"[121233056, 29014069, 11681763]"
38,110,meta-llama/Llama-3.1-8B,512,4,0,265342686,265342686,1,103413798,53976296,"[121233056, 29014069, 11681763]"
38,182,meta-llama/Llama-3.1-8B,512,4,0,265342686,265342686,1,103413798,53976296,"[121233056, 29014069, 11681763]"
38,254,meta-llama/Llama-3.1-8B,512,4,0,265342686,265342686,1,103413798,53976296,"[121233056, 29014069, 11681763]"
38,326,meta-llama/Llama-3.1-8B,512,4,0,369019675,369019675,103413798,224646854,48124273,"[29014069, 11681763, 103676989]"
38,398,meta-llama/Llama-3.1-8B,512,4,0,369019675,369019675,103413798,224646854,48124273,"[29014069, 11681763, 103676989]"
38,470,meta-llama/Llama-3.1-8B,512,4,0,369019675,369019675,103413798,224646854,48124273,"[29014069, 11681763, 103676989]"
38,542,meta-llama/Llama-3.1-8B,512,4,0,469912789,469912789,224646854,253660923,72083955,"[11681763, 103676989, 100893114]"
38,614,meta-llama/Llama-3.1-8B,512,4,0,529803408,529803408,265342686,369019675,53594577,"[100893114, 43592662, 16297957]"
38,686,meta-llama/Llama-3.1-8B,512,4,0,529803408,529803408,265342686,369019675,53594577,"[100893114, 43592662, 16297957]"
38,758,meta-llama/Llama-3.1-8B,512,4,0,529803408,529803408,265342686,369019675,53594577,"[100893114, 43592662, 16297957]"
38,830,meta-llama/Llama-3.1-8B,512,4,0,612120989,612120989,369019675,469912789,47402733,"[43592662, 16297957, 82317581]"
38,902,meta-llama/Llama-3.1-8B,512,4,0,612120989,612120989,369019675,469912789,47402733,"[43592662, 16297957, 82317581]"
38,974,meta-llama/Llama-3.1-8B,512,4,0,612120989,612120989,369019675,469912789,47402733,"[43592662, 16297957, 82317581]"
38,1046,meta-llama/Llama-3.1-8B,512,4,0,612120989,612120989,369019675,469912789,47402733,"[43592662, 16297957, 82317581]"
38,1118,meta-llama/Llama-3.1-8B,512,4,0,651752913,651752913,469912789,513505451,46082487,"[16297957, 82317581, 39631924]"
38,1190,meta-llama/Llama-3.1-8B,512,4,0,678417433,678417433,529803408,612120989,22098814,"[39631924, 15386557, 11277963]"
38,1262,meta-llama/Llama-3.1-8B,512,4,0,678417433,678417433,529803408,612120989,22098814,"[39631924, 15386557, 11277963]"
38,1334,meta-llama/Llama-3.1-8B,512,4,0,678417433,678417433,529803408,612120989,22098814,"[39631924, 15386557, 11277963]"
38,1406,meta-llama/Llama-3.1-8B,512,4,0,689703652,689703652,612120989,651752913,12650246,"[15386557, 11277963, 11286219]"
38,1478,meta-llama/Llama-3.1-8B,520,4,3000000000,6399740870,3399740870,37406,3365195948,11514974,"[11513918, 11514974, 11516030]"
38,1550,meta-llama/Llama-3.1-8B,520,4,3000000000,6399740870,3399740870,37406,3365195948,11514974,"[11513918, 11514974, 11516030]"
38,1622,meta-llama/Llama-3.1-8B,520,4,3000000000,6399740870,3399740870,37406,3365195948,11514974,"[11513918, 11514974, 11516030]"
38,1694,meta-llama/Llama-3.1-8B,520,4,3000000000,6399740870,3399740870,37406,3365195948,11514974,"[11513918, 11514974, 11516030]"
38,1766,meta-llama/Llama-3.1-8B,520,4,3000000000,6399740870,3399740870,37406,3365195948,11514974,"[11513918, 11514974, 11516030]"
38,1838,meta-llama/Llama-3.1-8B,520,4,3000000000,6399740870,3399740870,37406,3365195948,11514974,"[11513918, 11514974, 11516030]"
38,1910,meta-llama/Llama-3.1-8B,520,4,3000000000,6399740870,3399740870,37406,3365195948,11514974,"[11513918, 11514974, 11516030]"
38,1982,meta-llama/Llama-3.1-8B,520,4,3000000000,6399740870,3399740870,37406,3365195948,11514974,"[11513918, 11514974, 11516030]"
38,2054,meta-llama/Llama-3.1-8B,520,4,3000000000,12584978630,9584978630,3399740870,9550433708,11514974,"[11513918, 11514974, 11516030]"
38,2126,meta-llama/Llama-3.1-8B,520,4,3000000000,12584978630,9584978630,3399740870,9550433708,11514974,"[11513918, 11514974, 11516030]"
38,2198,meta-llama/Llama-3.1-8B,520,4,3000000000,12584978630,9584978630,3399740870,9550433708,11514974,"[11513918, 11514974, 11516030]"
38,2270,meta-llama/Llama-3.1-8B,520,4,3000000000,12584978630,9584978630,3399740870,9550433708,11514974,"[11513918, 11514974, 11516030]"
38,2342,meta-llama/Llama-3.1-8B,520,4,3000000000,12584978630,9584978630,3399740870,9550433708,11514974,"[11513918, 11514974, 11516030]"
38,2414,meta-llama/Llama-3.1-8B,520,4,3000000000,12584978630,9584978630,3399740870,9550433708,11514974,"[11513918, 11514974, 11516030]"
38,2486,meta-llama/Llama-3.1-8B,520,4,3000000000,12584978630,9584978630,3399740870,9550433708,11514974,"[11513918, 11514974, 11516030]"
38,2558,meta-llama/Llama-3.1-8B,520,4,3000000000,12584978630,9584978630,3399740870,9550433708,11514974,"[11513918, 11514974, 11516030]"
38,2630,meta-llama/Llama-3.1-8B,520,4,3000000000,18767627642,15767627642,9584978630,15733784903,11280913,"[11280401, 11280913, 11281425]"
38,2702,meta-llama/Llama-3.1-8B,520,4,3000000000,18767627642,15767627642,9584978630,15733784903,11280913,"[11280401, 11280913, 11281425]"
38,2774,meta-llama/Llama-3.1-8B,520,4,3000000000,18767627642,15767627642,9584978630,15733784903,11280913,"[11280401, 11280913, 11281425]"
38,2846,meta-llama/Llama-3.1-8B,520,4,3000000000,18767627642,15767627642,9584978630,15733784903,11280913,"[11280401, 11280913, 11281425]"
39,39,meta-llama/Llama-3.1-8B,512,4,0,265344986,265344986,1,103939254,53801910,"[121233056, 28491554, 11681122]"
39,111,meta-llama/Llama-3.1-8B,512,4,0,265344986,265344986,1,103939254,53801910,"[121233056, 28491554, 11681122]"
39,183,meta-llama/Llama-3.1-8B,512,4,0,265344986,265344986,1,103939254,53801910,"[121233056, 28491554, 11681122]"
39,255,meta-llama/Llama-3.1-8B,512,4,0,265344986,265344986,1,103939254,53801910,"[121233056, 28491554, 11681122]"
39,327,meta-llama/Llama-3.1-8B,512,4,0,369545131,369545131,103939254,225172310,48124273,"[28491554, 11681122, 104200145]"
39,399,meta-llama/Llama-3.1-8B,512,4,0,369545131,369545131,103939254,225172310,48124273,"[28491554, 11681122, 104200145]"
39,471,meta-llama/Llama-3.1-8B,512,4,0,369545131,369545131,103939254,225172310,48124273,"[28491554, 11681122, 104200145]"
39,543,meta-llama/Llama-3.1-8B,512,4,0,470308963,470308963,225172310,253663864,72215033,"[11681122, 104200145, 100763832]"
39,615,meta-llama/Llama-3.1-8B,512,4,0,529805580,529805580,265344986,369545131,53420149,"[100763832, 43329737, 16166880]"
39,687,meta-llama/Llama-3.1-8B,512,4,0,529805580,529805580,265344986,369545131,53420149,"[100763832, 43329737, 16166880]"
39,759,meta-llama/Llama-3.1-8B,512,4,0,529805580,529805580,265344986,369545131,53420149,"[100763832, 43329737, 16166880]"
39,831,meta-llama/Llama-3.1-8B,512,4,0,612544430,612544430,369545131,470308963,47411822,"[43329737, 16166880, 82738850]"
39,903,meta-llama/Llama-3.1-8B,512,4,0,612544430,612544430,369545131,470308963,47411822,"[43329737, 16166880, 82738850]"
39,975,meta-llama/Llama-3.1-8B,512,4,0,612544430,612544430,369545131,470308963,47411822,"[43329737, 16166880, 82738850]"
39,1047,meta-llama/Llama-3.1-8B,512,4,0,612544430,612544430,369545131,470308963,47411822,"[43329737, 16166880, 82738850]"
39,1119,meta-llama/Llama-3.1-8B,512,4,0,651885393,651885393,470308963,513638700,46082231,"[16166880, 82738850, 39340963]"
39,1191,meta-llama/Llama-3.1-8B,512,4,0,678418579,678418579,529805580,612544430,21958049,"[39340963, 15255223, 11277963]"
39,1263,meta-llama/Llama-3.1-8B,512,4,0,678418579,678418579,529805580,612544430,21958049,"[39340963, 15255223, 11277963]"
39,1335,meta-llama/Llama-3.1-8B,512,4,0,678418579,678418579,529805580,612544430,21958049,"[39340963, 15255223, 11277963]"
39,1407,meta-llama/Llama-3.1-8B,512,4,0,689704028,689704028,612544430,651885393,12606211,"[15255223, 11277963, 11285449]"
39,1479,meta-llama/Llama-3.1-8B,520,4,3000000000,6485646950,3485646950,37406,3451102028,11514974,"[11513918, 11514974, 11516030]"
39,1551,meta-llama/Llama-3.1-8B,520,4,3000000000,6485646950,3485646950,37406,3451102028,11514974,"[11513918, 11514974, 11516030]"
39,1623,meta-llama/Llama-3.1-8B,520,4,3000000000,6485646950,3485646950,37406,3451102028,11514974,"[11513918, 11514974, 11516030]"
39,1695,meta-llama/Llama-3.1-8B,520,4,3000000000,6485646950,3485646950,37406,3451102028,11514974,"[11513918, 11514974, 11516030]"
39,1767,meta-llama/Llama-3.1-8B,520,4,3000000000,6485646950,3485646950,37406,3451102028,11514974,"[11513918, 11514974, 11516030]"
39,1839,meta-llama/Llama-3.1-8B,520,4,3000000000,6485646950,3485646950,37406,3451102028,11514974,"[11513918, 11514974, 11516030]"
39,1911,meta-llama/Llama-3.1-8B,520,4,3000000000,6485646950,3485646950,37406,3451102028,11514974,"[11513918, 11514974, 11516030]"
39,1983,meta-llama/Llama-3.1-8B,520,4,3000000000,6485646950,3485646950,37406,3451102028,11514974,"[11513918, 11514974, 11516030]"
39,2055,meta-llama/Llama-3.1-8B,520,4,3000000000,12670884710,9670884710,3485646950,9636339788,11514974,"[11513918, 11514974, 11516030]"
39,2127,meta-llama/Llama-3.1-8B,520,4,3000000000,12670884710,9670884710,3485646950,9636339788,11514974,"[11513918, 11514974, 11516030]"
39,2199,meta-llama/Llama-3.1-8B,520,4,3000000000,12670884710,9670884710,3485646950,9636339788,11514974,"[11513918, 11514974, 11516030]"
39,2271,meta-llama/Llama-3.1-8B,520,4,3000000000,12670884710,9670884710,3485646950,9636339788,11514974,"[11513918, 11514974, 11516030]"
39,2343,meta-llama/Llama-3.1-8B,520,4,3000000000,12670884710,9670884710,3485646950,9636339788,11514974,"[11513918, 11514974, 11516030]"
39,2415,meta-llama/Llama-3.1-8B,520,4,3000000000,12670884710,9670884710,3485646950,9636339788,11514974,"[11513918, 11514974, 11516030]"
39,2487,meta-llama/Llama-3.1-8B,520,4,3000000000,12670884710,9670884710,3485646950,9636339788,11514974,"[11513918, 11514974, 11516030]"
39,2559,meta-llama/Llama-3.1-8B,520,4,3000000000,12670884710,9670884710,3485646950,9636339788,11514974,"[11513918, 11514974, 11516030]"
39,2631,meta-llama/Llama-3.1-8B,520,4,3000000000,18853533722,15853533722,9670884710,15819690983,11280913,"[11280401, 11280913, 11281425]"
39,2703,meta-llama/Llama-3.1-8B,520,4,3000000000,18853533722,15853533722,9670884710,15819690983,11280913,"[11280401, 11280913, 11281425]"
39,2775,meta-llama/Llama-3.1-8B,520,4,3000000000,18853533722,15853533722,9670884710,15819690983,11280913,"[11280401, 11280913, 11281425]"
39,2847,meta-llama/Llama-3.1-8B,520,4,3000000000,18853533722,15853533722,9670884710,15819690983,11280913,"[11280401, 11280913, 11281425]"
40,40,meta-llama/Llama-3.1-8B,512,4,0,265347158,265347158,1,104464710,53627482,"[121233056, 27969039, 11680353]"
40,112,meta-llama/Llama-3.1-8B,512,4,0,265347158,265347158,1,104464710,53627482,"[121233056, 27969039, 11680353]"
40,184,meta-llama/Llama-3.1-8B,512,4,0,265347158,265347158,1,104464710,53627482,"[121233056, 27969039, 11680353]"
40,256,meta-llama/Llama-3.1-8B,512,4,0,265347158,265347158,1,104464710,53627482,"[121233056, 27969039, 11680353]"
40,328,meta-llama/Llama-3.1-8B,512,4,0,370070587,370070587,104464710,225697766,48124273,"[27969039, 11680353, 104723429]"
40,400,meta-llama/Llama-3.1-8B,512,4,0,370070587,370070587,104464710,225697766,48124273,"[27969039, 11680353, 104723429]"
40,472,meta-llama/Llama-3.1-8B,512,4,0,370070587,370070587,104464710,225697766,48124273,"[27969039, 11680353, 104723429]"
40,544,meta-llama/Llama-3.1-8B,512,4,0,470705137,470705137,225697766,253666805,72346110,"[11680353, 104723429, 100634550]"
40,616,meta-llama/Llama-3.1-8B,512,4,0,529807752,529807752,265347158,370070587,53245721,"[100634550, 43066812, 16035803]"
40,688,meta-llama/Llama-3.1-8B,512,4,0,529807752,529807752,265347158,370070587,53245721,"[100634550, 43066812, 16035803]"
40,760,meta-llama/Llama-3.1-8B,512,4,0,529807752,529807752,265347158,370070587,53245721,"[100634550, 43066812, 16035803]"
40,832,meta-llama/Llama-3.1-8B,512,4,0,612939834,612939834,370070587,470705137,47411565,"[43066812, 16035803, 83132082]"
40,904,meta-llama/Llama-3.1-8B,512,4,0,612939834,612939834,370070587,470705137,47411565,"[43066812, 16035803, 83132082]"
40,976,meta-llama/Llama-3.1-8B,512,4,0,612939834,612939834,370070587,470705137,47411565,"[43066812, 16035803, 83132082]"
40,1048,meta-llama/Llama-3.1-8B,512,4,0,612939834,612939834,370070587,470705137,47411565,"[43066812, 16035803, 83132082]"
40,1120,meta-llama/Llama-3.1-8B,512,4,0,652017873,652017873,470705137,513771949,46081974,"[16035803, 83132082, 39078039]"
40,1192,meta-llama/Llama-3.1-8B,512,4,0,678682633,678682633,529807752,612939834,21914266,"[39078039, 15386797, 11277963]"
40,1264,meta-llama/Llama-3.1-8B,512,4,0,678682633,678682633,529807752,612939834,21914266,"[39078039, 15386797, 11277963]"
40,1336,meta-llama/Llama-3.1-8B,512,4,0,678682633,678682633,529807752,612939834,21914266,"[39078039, 15386797, 11277963]"
40,1408,meta-llama/Llama-3.1-8B,512,4,0,689968852,689968852,612939834,652017873,12650326,"[15386797, 11277963, 11286219]"
40,1480,meta-llama/Llama-3.1-8B,520,4,3000000000,6571553030,3571553030,37406,3537008108,11514974,"[11513918, 11514974, 11516030]"
40,1552,meta-llama/Llama-3.1-8B,520,4,3000000000,6571553030,3571553030,37406,3537008108,11514974,"[11513918, 11514974, 11516030]"
40,1624,meta-llama/Llama-3.1-8B,520,4,3000000000,6571553030,3571553030,37406,3537008108,11514974,"[11513918, 11514974, 11516030]"
40,1696,meta-llama/Llama-3.1-8B,520,4,3000000000,6571553030,3571553030,37406,3537008108,11514974,"[11513918, 11514974, 11516030]"
40,1768,meta-llama/Llama-3.1-8B,520,4,3000000000,6571553030,3571553030,37406,3537008108,11514974,"[11513918, 11514974, 11516030]"
40,1840,meta-llama/Llama-3.1-8B,520,4,3000000000,6571553030,3571553030,37406,3537008108,11514974,"[11513918, 11514974, 11516030]"
40,1912,meta-llama/Llama-3.1-8B,520,4,3000000000,6571553030,3571553030,37406,3537008108,11514974,"[11513918, 11514974, 11516030]"
40,1984,meta-llama/Llama-3.1-8B,520,4,3000000000,6571553030,3571553030,37406,3537008108,11514974,"[11513918, 11514974, 11516030]"
40,2056,meta-llama/Llama-3.1-8B,520,4,3000000000,12756790790,9756790790,3571553030,9722245868,11514974,"[11513918, 11514974, 11516030]"
40,2128,meta-llama/Llama-3.1-8B,520,4,3000000000,12756790790,9756790790,3571553030,9722245868,11514974,"[11513918, 11514974, 11516030]"
40,2200,meta-llama/Llama-3.1-8B,520,4,3000000000,12756790790,9756790790,3571553030,9722245868,11514974,"[11513918, 11514974, 11516030]"
40,2272,meta-llama/Llama-3.1-8B,520,4,3000000000,12756790790,9756790790,3571553030,9722245868,11514974,"[11513918, 11514974, 11516030]"
40,2344,meta-llama/Llama-3.1-8B,520,4,3000000000,12756790790,9756790790,3571553030,9722245868,11514974,"[11513918, 11514974, 11516030]"
40,2416,meta-llama/Llama-3.1-8B,520,4,3000000000,12756790790,9756790790,3571553030,9722245868,11514974,"[11513918, 11514974, 11516030]"
40,2488,meta-llama/Llama-3.1-8B,520,4,3000000000,12756790790,9756790790,3571553030,9722245868,11514974,"[11513918, 11514974, 11516030]"
40,2560,meta-llama/Llama-3.1-8B,520,4,3000000000,12756790790,9756790790,3571553030,9722245868,11514974,"[11513918, 11514974, 11516030]"
40,2632,meta-llama/Llama-3.1-8B,520,4,3000000000,18939439802,15939439802,9756790790,15905597063,11280913,"[11280401, 11280913, 11281425]"
40,2704,meta-llama/Llama-3.1-8B,520,4,3000000000,18939439802,15939439802,9756790790,15905597063,11280913,"[11280401, 11280913, 11281425]"
40,2776,meta-llama/Llama-3.1-8B,520,4,3000000000,18939439802,15939439802,9756790790,15905597063,11280913,"[11280401, 11280913, 11281425]"
40,2848,meta-llama/Llama-3.1-8B,520,4,3000000000,18939439802,15939439802,9756790790,15905597063,11280913,"[11280401, 11280913, 11281425]"
41,41,meta-llama/Llama-3.1-8B,512,4,0,265349330,265349330,1,104990166,53453054,"[121233056, 27446524, 11679584]"
41,113,meta-llama/Llama-3.1-8B,512,4,0,265349330,265349330,1,104990166,53453054,"[121233056, 27446524, 11679584]"
41,185,meta-llama/Llama-3.1-8B,512,4,0,265349330,265349330,1,104990166,53453054,"[121233056, 27446524, 11679584]"
41,257,meta-llama/Llama-3.1-8B,512,4,0,265349330,265349330,1,104990166,53453054,"[121233056, 27446524, 11679584]"
41,329,meta-llama/Llama-3.1-8B,512,4,0,370596043,370596043,104990166,226223222,48124273,"[27446524, 11679584, 105246713]"
41,401,meta-llama/Llama-3.1-8B,512,4,0,370596043,370596043,104990166,226223222,48124273,"[27446524, 11679584, 105246713]"
41,473,meta-llama/Llama-3.1-8B,512,4,0,370596043,370596043,104990166,226223222,48124273,"[27446524, 11679584, 105246713]"
41,545,meta-llama/Llama-3.1-8B,512,4,0,471101311,471101311,226223222,253669746,72477188,"[11679584, 105246713, 100505268]"
41,617,meta-llama/Llama-3.1-8B,512,4,0,529809924,529809924,265349330,370596043,53071293,"[100505268, 42803887, 15904726]"
41,689,meta-llama/Llama-3.1-8B,512,4,0,529809924,529809924,265349330,370596043,53071293,"[100505268, 42803887, 15904726]"
41,761,meta-llama/Llama-3.1-8B,512,4,0,529809924,529809924,265349330,370596043,53071293,"[100505268, 42803887, 15904726]"
41,833,meta-llama/Llama-3.1-8B,512,4,0,613363275,613363275,370596043,471101311,47420654,"[42803887, 15904726, 83553351]"
41,905,meta-llama/Llama-3.1-8B,512,4,0,613363275,613363275,370596043,471101311,47420654,"[42803887, 15904726, 83553351]"
41,977,meta-llama/Llama-3.1-8B,512,4,0,613363275,613363275,370596043,471101311,47420654,"[42803887, 15904726, 83553351]"
41,1049,meta-llama/Llama-3.1-8B,512,4,0,613363275,613363275,370596043,471101311,47420654,"[42803887, 15904726, 83553351]"
41,1121,meta-llama/Llama-3.1-8B,512,4,0,652150353,652150353,471101311,513905198,46081718,"[15904726, 83553351, 38787078]"
41,1193,meta-llama/Llama-3.1-8B,512,4,0,678683779,678683779,529809924,613363275,21773501,"[38787078, 15255463, 11277963]"
41,1265,meta-llama/Llama-3.1-8B,512,4,0,678683779,678683779,529809924,613363275,21773501,"[38787078, 15255463, 11277963]"
41,1337,meta-llama/Llama-3.1-8B,512,4,0,678683779,678683779,529809924,613363275,21773501,"[38787078, 15255463, 11277963]"
41,1409,meta-llama/Llama-3.1-8B,512,4,0,689969228,689969228,613363275,652150353,12606291,"[15255463, 11277963, 11285449]"
41,1481,meta-llama/Llama-3.1-8B,520,4,3000000000,6657459110,3657459110,37406,3622914188,11514974,"[11513918, 11514974, 11516030]"
41,1553,meta-llama/Llama-3.1-8B,520,4,3000000000,6657459110,3657459110,37406,3622914188,11514974,"[11513918, 11514974, 11516030]"
41,1625,meta-llama/Llama-3.1-8B,520,4,3000000000,6657459110,3657459110,37406,3622914188,11514974,"[11513918, 11514974, 11516030]"
41,1697,meta-llama/Llama-3.1-8B,520,4,3000000000,6657459110,3657459110,37406,3622914188,11514974,"[11513918, 11514974, 11516030]"
41,1769,meta-llama/Llama-3.1-8B,520,4,3000000000,6657459110,3657459110,37406,3622914188,11514974,"[11513918, 11514974, 11516030]"
41,1841,meta-llama/Llama-3.1-8B,520,4,3000000000,6657459110,3657459110,37406,3622914188,11514974,"[11513918, 11514974, 11516030]"
41,1913,meta-llama/Llama-3.1-8B,520,4,3000000000,6657459110,3657459110,37406,3622914188,11514974,"[11513918, 11514974, 11516030]"
41,1985,meta-llama/Llama-3.1-8B,520,4,3000000000,6657459110,3657459110,37406,3622914188,11514974,"[11513918, 11514974, 11516030]"
41,2057,meta-llama/Llama-3.1-8B,520,4,3000000000,12842696870,9842696870,3657459110,9808151948,11514974,"[11513918, 11514974, 11516030]"
41,2129,meta-llama/Llama-3.1-8B,520,4,3000000000,12842696870,9842696870,3657459110,9808151948,11514974,"[11513918, 11514974, 11516030]"
41,2201,meta-llama/Llama-3.1-8B,520,4,3000000000,12842696870,9842696870,3657459110,9808151948,11514974,"[11513918, 11514974, 11516030]"
41,2273,meta-llama/Llama-3.1-8B,520,4,3000000000,12842696870,9842696870,3657459110,9808151948,11514974,"[11513918, 11514974, 11516030]"
41,2345,meta-llama/Llama-3.1-8B,520,4,3000000000,12842696870,9842696870,3657459110,9808151948,11514974,"[11513918, 11514974, 11516030]"
41,2417,meta-llama/Llama-3.1-8B,520,4,3000000000,12842696870,9842696870,3657459110,9808151948,11514974,"[11513918, 11514974, 11516030]"
41,2489,meta-llama/Llama-3.1-8B,520,4,3000000000,12842696870,9842696870,3657459110,9808151948,11514974,"[11513918, 11514974, 11516030]"
41,2561,meta-llama/Llama-3.1-8B,520,4,3000000000,12842696870,9842696870,3657459110,9808151948,11514974,"[11513918, 11514974, 11516030]"
41,2633,meta-llama/Llama-3.1-8B,520,4,3000000000,19025345882,16025345882,9842696870,15991503143,11280913,"[11280401, 11280913, 11281425]"
41,2705,meta-llama/Llama-3.1-8B,520,4,3000000000,19025345882,16025345882,9842696870,15991503143,11280913,"[11280401, 11280913, 11281425]"
41,2777,meta-llama/Llama-3.1-8B,520,4,3000000000,19025345882,16025345882,9842696870,15991503143,11280913,"[11280401, 11280913, 11281425]"
41,2849,meta-llama/Llama-3.1-8B,520,4,3000000000,19025345882,16025345882,9842696870,15991503143,11280913,"[11280401, 11280913, 11281425]"
42,42,meta-llama/Llama-3.1-8B,512,4,0,265351502,265351502,1,105515622,53278626,"[121233056, 26924009, 11678815]"
42,114,meta-llama/Llama-3.1-8B,512,4,0,265351502,265351502,1,105515622,53278626,"[121233056, 26924009, 11678815]"
42,186,meta-llama/Llama-3.1-8B,512,4,0,265351502,265351502,1,105515622,53278626,"[121233056, 26924009, 11678815]"
42,258,meta-llama/Llama-3.1-8B,512,4,0,265351502,265351502,1,105515622,53278626,"[121233056, 26924009, 11678815]"
42,330,meta-llama/Llama-3.1-8B,512,4,0,371121499,371121499,105515622,226748678,48124273,"[26924009, 11678815, 105769997]"
42,402,meta-llama/Llama-3.1-8B,512,4,0,371121499,371121499,105515622,226748678,48124273,"[26924009, 11678815, 105769997]"
42,474,meta-llama/Llama-3.1-8B,512,4,0,371121499,371121499,105515622,226748678,48124273,"[26924009, 11678815, 105769997]"
42,546,meta-llama/Llama-3.1-8B,512,4,0,471497485,471497485,226748678,253672687,72608266,"[11678815, 105769997, 100375986]"
42,618,meta-llama/Llama-3.1-8B,512,4,0,529812096,529812096,265351502,371121499,52896865,"[100375986, 42540962, 15773649]"
42,690,meta-llama/Llama-3.1-8B,512,4,0,529812096,529812096,265351502,371121499,52896865,"[100375986, 42540962, 15773649]"
42,762,meta-llama/Llama-3.1-8B,512,4,0,529812096,529812096,265351502,371121499,52896865,"[100375986, 42540962, 15773649]"
42,834,meta-llama/Llama-3.1-8B,512,4,0,613758679,613758679,371121499,471497485,47420398,"[42540962, 15773649, 83946583]"
42,906,meta-llama/Llama-3.1-8B,512,4,0,613758679,613758679,371121499,471497485,47420398,"[42540962, 15773649, 83946583]"
42,978,meta-llama/Llama-3.1-8B,512,4,0,613758679,613758679,371121499,471497485,47420398,"[42540962, 15773649, 83946583]"
42,1050,meta-llama/Llama-3.1-8B,512,4,0,613758679,613758679,371121499,471497485,47420398,"[42540962, 15773649, 83946583]"
42,1122,meta-llama/Llama-3.1-8B,512,4,0,652282953,652282953,471497485,514038447,46081502,"[15773649, 83946583, 38524274]"
42,1194,meta-llama/Llama-3.1-8B,512,4,0,678688603,678688603,529812096,613758679,21643308,"[38524274, 15124249, 11281401]"
42,1266,meta-llama/Llama-3.1-8B,512,4,0,678688603,678688603,529812096,613758679,21643308,"[38524274, 15124249, 11281401]"
42,1338,meta-llama/Llama-3.1-8B,512,4,0,678688603,678688603,529812096,613758679,21643308,"[38524274, 15124249, 11281401]"
42,1410,meta-llama/Llama-3.1-8B,512,4,0,689973676,689973676,613758679,652282953,12563574,"[15124249, 11281401, 11285073]"
42,1482,meta-llama/Llama-3.1-8B,520,4,3000000000,6743365190,3743365190,37406,3708820268,11514974,"[11513918, 11514974, 11516030]"
42,1554,meta-llama/Llama-3.1-8B,520,4,3000000000,6743365190,3743365190,37406,3708820268,11514974,"[11513918, 11514974, 11516030]"
42,1626,meta-llama/Llama-3.1-8B,520,4,3000000000,6743365190,3743365190,37406,3708820268,11514974,"[11513918, 11514974, 11516030]"
42,1698,meta-llama/Llama-3.1-8B,520,4,3000000000,6743365190,3743365190,37406,3708820268,11514974,"[11513918, 11514974, 11516030]"
42,1770,meta-llama/Llama-3.1-8B,520,4,3000000000,6743365190,3743365190,37406,3708820268,11514974,"[11513918, 11514974, 11516030]"
42,1842,meta-llama/Llama-3.1-8B,520,4,3000000000,6743365190,3743365190,37406,3708820268,11514974,"[11513918, 11514974, 11516030]"
42,1914,meta-llama/Llama-3.1-8B,520,4,3000000000,6743365190,3743365190,37406,3708820268,11514974,"[11513918, 11514974, 11516030]"
42,1986,meta-llama/Llama-3.1-8B,520,4,3000000000,6743365190,3743365190,37406,3708820268,11514974,"[11513918, 11514974, 11516030]"
42,2058,meta-llama/Llama-3.1-8B,520,4,3000000000,12928602950,9928602950,3743365190,9894058028,11514974,"[11513918, 11514974, 11516030]"
42,2130,meta-llama/Llama-3.1-8B,520,4,3000000000,12928602950,9928602950,3743365190,9894058028,11514974,"[11513918, 11514974, 11516030]"
42,2202,meta-llama/Llama-3.1-8B,520,4,3000000000,12928602950,9928602950,3743365190,9894058028,11514974,"[11513918, 11514974, 11516030]"
42,2274,meta-llama/Llama-3.1-8B,520,4,3000000000,12928602950,9928602950,3743365190,9894058028,11514974,"[11513918, 11514974, 11516030]"
42,2346,meta-llama/Llama-3.1-8B,520,4,3000000000,12928602950,9928602950,3743365190,9894058028,11514974,"[11513918, 11514974, 11516030]"
42,2418,meta-llama/Llama-3.1-8B,520,4,3000000000,12928602950,9928602950,3743365190,9894058028,11514974,"[11513918, 11514974, 11516030]"
42,2490,meta-llama/Llama-3.1-8B,520,4,3000000000,12928602950,9928602950,3743365190,9894058028,11514974,"[11513918, 11514974, 11516030]"
42,2562,meta-llama/Llama-3.1-8B,520,4,3000000000,12928602950,9928602950,3743365190,9894058028,11514974,"[11513918, 11514974, 11516030]"
42,2634,meta-llama/Llama-3.1-8B,520,4,3000000000,19111251962,16111251962,9928602950,16077409223,11280913,"[11280401, 11280913, 11281425]"
42,2706,meta-llama/Llama-3.1-8B,520,4,3000000000,19111251962,16111251962,9928602950,16077409223,11280913,"[11280401, 11280913, 11281425]"
42,2778,meta-llama/Llama-3.1-8B,520,4,3000000000,19111251962,16111251962,9928602950,16077409223,11280913,"[11280401, 11280913, 11281425]"
42,2850,meta-llama/Llama-3.1-8B,520,4,3000000000,19111251962,16111251962,9928602950,16077409223,11280913,"[11280401, 11280913, 11281425]"
43,43,meta-llama/Llama-3.1-8B,512,4,0,265353674,265353674,1,106041078,53104198,"[121233056, 26401494, 11678046]"
43,115,meta-llama/Llama-3.1-8B,512,4,0,265353674,265353674,1,106041078,53104198,"[121233056, 26401494, 11678046]"
43,187,meta-llama/Llama-3.1-8B,512,4,0,265353674,265353674,1,106041078,53104198,"[121233056, 26401494, 11678046]"
43,259,meta-llama/Llama-3.1-8B,512,4,0,265353674,265353674,1,106041078,53104198,"[121233056, 26401494, 11678046]"
43,331,meta-llama/Llama-3.1-8B,512,4,0,371646955,371646955,106041078,227274134,48124273,"[26401494, 11678046, 106293281]"
43,403,meta-llama/Llama-3.1-8B,512,4,0,371646955,371646955,106041078,227274134,48124273,"[26401494, 11678046, 106293281]"
43,475,meta-llama/Llama-3.1-8B,512,4,0,371646955,371646955,106041078,227274134,48124273,"[26401494, 11678046, 106293281]"
43,547,meta-llama/Llama-3.1-8B,512,4,0,471893659,471893659,227274134,253675628,72739343,"[11678046, 106293281, 100246704]"
43,619,meta-llama/Llama-3.1-8B,512,4,0,529814268,529814268,265353674,371646955,52722437,"[100246704, 42278037, 15642572]"
43,691,meta-llama/Llama-3.1-8B,512,4,0,529814268,529814268,265353674,371646955,52722437,"[100246704, 42278037, 15642572]"
43,763,meta-llama/Llama-3.1-8B,512,4,0,529814268,529814268,265353674,371646955,52722437,"[100246704, 42278037, 15642572]"
43,835,meta-llama/Llama-3.1-8B,512,4,0,614154083,614154083,371646955,471893659,47420141,"[42278037, 15642572, 84339815]"
43,907,meta-llama/Llama-3.1-8B,512,4,0,614154083,614154083,371646955,471893659,47420141,"[42278037, 15642572, 84339815]"
43,979,meta-llama/Llama-3.1-8B,512,4,0,614154083,614154083,371646955,471893659,47420141,"[42278037, 15642572, 84339815]"
43,1051,meta-llama/Llama-3.1-8B,512,4,0,614154083,614154083,371646955,471893659,47420141,"[42278037, 15642572, 84339815]"
43,1123,meta-llama/Llama-3.1-8B,512,4,0,652415433,652415433,471893659,514171696,46081245,"[15642572, 84339815, 38261350]"
43,1195,meta-llama/Llama-3.1-8B,512,4,0,678693307,678693307,529814268,614154083,21513074,"[38261350, 14992915, 11284959]"
43,1267,meta-llama/Llama-3.1-8B,512,4,0,678693307,678693307,529814268,614154083,21513074,"[38261350, 14992915, 11284959]"
43,1339,meta-llama/Llama-3.1-8B,512,4,0,678693307,678693307,529814268,614154083,21513074,"[38261350, 14992915, 11284959]"
43,1411,meta-llama/Llama-3.1-8B,512,4,0,689978380,689978380,614154083,652415433,12520982,"[14992915, 11284959, 11285073]"
43,1483,meta-llama/Llama-3.1-8B,520,4,3000000000,6829271270,3829271270,37406,3794726348,11514974,"[11513918, 11514974, 11516030]"
43,1555,meta-llama/Llama-3.1-8B,520,4,3000000000,6829271270,3829271270,37406,3794726348,11514974,"[11513918, 11514974, 11516030]"
43,1627,meta-llama/Llama-3.1-8B,520,4,3000000000,6829271270,3829271270,37406,3794726348,11514974,"[11513918, 11514974, 11516030]"
43,1699,meta-llama/Llama-3.1-8B,520,4,3000000000,6829271270,3829271270,37406,3794726348,11514974,"[11513918, 11514974, 11516030]"
43,1771,meta-llama/Llama-3.1-8B,520,4,3000000000,6829271270,3829271270,37406,3794726348,11514974,"[11513918, 11514974, 11516030]"
43,1843,meta-llama/Llama-3.1-8B,520,4,3000000000,6829271270,3829271270,37406,3794726348,11514974,"[11513918, 11514974, 11516030]"
43,1915,meta-llama/Llama-3.1-8B,520,4,3000000000,6829271270,3829271270,37406,3794726348,11514974,"[11513918, 11514974, 11516030]"
43,1987,meta-llama/Llama-3.1-8B,520,4,3000000000,6829271270,3829271270,37406,3794726348,11514974,"[11513918, 11514974, 11516030]"
43,2059,meta-llama/Llama-3.1-8B,520,4,3000000000,13014509030,10014509030,3829271270,9979964108,11514974,"[11513918, 11514974, 11516030]"
43,2131,meta-llama/Llama-3.1-8B,520,4,3000000000,13014509030,10014509030,3829271270,9979964108,11514974,"[11513918, 11514974, 11516030]"
43,2203,meta-llama/Llama-3.1-8B,520,4,3000000000,13014509030,10014509030,3829271270,9979964108,11514974,"[11513918, 11514974, 11516030]"
43,2275,meta-llama/Llama-3.1-8B,520,4,3000000000,13014509030,10014509030,3829271270,9979964108,11514974,"[11513918, 11514974, 11516030]"
43,2347,meta-llama/Llama-3.1-8B,520,4,3000000000,13014509030,10014509030,3829271270,9979964108,11514974,"[11513918, 11514974, 11516030]"
43,2419,meta-llama/Llama-3.1-8B,520,4,3000000000,13014509030,10014509030,3829271270,9979964108,11514974,"[11513918, 11514974, 11516030]"
43,2491,meta-llama/Llama-3.1-8B,520,4,3000000000,13014509030,10014509030,3829271270,9979964108,11514974,"[11513918, 11514974, 11516030]"
43,2563,meta-llama/Llama-3.1-8B,520,4,3000000000,13014509030,10014509030,3829271270,9979964108,11514974,"[11513918, 11514974, 11516030]"
43,2635,meta-llama/Llama-3.1-8B,520,4,3000000000,19197158042,16197158042,10014509030,16163315303,11280913,"[11280401, 11280913, 11281425]"
43,2707,meta-llama/Llama-3.1-8B,520,4,3000000000,19197158042,16197158042,10014509030,16163315303,11280913,"[11280401, 11280913, 11281425]"
43,2779,meta-llama/Llama-3.1-8B,520,4,3000000000,19197158042,16197158042,10014509030,16163315303,11280913,"[11280401, 11280913, 11281425]"
43,2851,meta-llama/Llama-3.1-8B,520,4,3000000000,19197158042,16197158042,10014509030,16163315303,11280913,"[11280401, 11280913, 11281425]"
44,44,meta-llama/Llama-3.1-8B,512,4,0,265355846,265355846,1,106566534,52929770,"[121233056, 25878979, 11677277]"
44,116,meta-llama/Llama-3.1-8B,512,4,0,265355846,265355846,1,106566534,52929770,"[121233056, 25878979, 11677277]"
44,188,meta-llama/Llama-3.1-8B,512,4,0,265355846,265355846,1,106566534,52929770,"[121233056, 25878979, 11677277]"
44,260,meta-llama/Llama-3.1-8B,512,4,0,265355846,265355846,1,106566534,52929770,"[121233056, 25878979, 11677277]"
44,332,meta-llama/Llama-3.1-8B,512,4,0,372172411,372172411,106566534,227799590,48124273,"[25878979, 11677277, 106816565]"
44,404,meta-llama/Llama-3.1-8B,512,4,0,372172411,372172411,106566534,227799590,48124273,"[25878979, 11677277, 106816565]"
44,476,meta-llama/Llama-3.1-8B,512,4,0,372172411,372172411,106566534,227799590,48124273,"[25878979, 11677277, 106816565]"
44,548,meta-llama/Llama-3.1-8B,512,4,0,472289833,472289833,227799590,253678569,72870421,"[11677277, 106816565, 100117422]"
44,620,meta-llama/Llama-3.1-8B,512,4,0,529816440,529816440,265355846,372172411,52548009,"[100117422, 42015112, 15511495]"
44,692,meta-llama/Llama-3.1-8B,512,4,0,529816440,529816440,265355846,372172411,52548009,"[100117422, 42015112, 15511495]"
44,764,meta-llama/Llama-3.1-8B,512,4,0,529816440,529816440,265355846,372172411,52548009,"[100117422, 42015112, 15511495]"
44,836,meta-llama/Llama-3.1-8B,512,4,0,614577524,614577524,372172411,472289833,47429230,"[42015112, 15511495, 84761084]"
44,908,meta-llama/Llama-3.1-8B,512,4,0,614577524,614577524,372172411,472289833,47429230,"[42015112, 15511495, 84761084]"
44,980,meta-llama/Llama-3.1-8B,512,4,0,614577524,614577524,372172411,472289833,47429230,"[42015112, 15511495, 84761084]"
44,1052,meta-llama/Llama-3.1-8B,512,4,0,614577524,614577524,372172411,472289833,47429230,"[42015112, 15511495, 84761084]"
44,1124,meta-llama/Llama-3.1-8B,512,4,0,652547913,652547913,472289833,514304945,46080989,"[15511495, 84761084, 37970389]"
44,1196,meta-llama/Llama-3.1-8B,512,4,0,678694573,678694573,529816440,614577524,21372349,"[37970389, 14861581, 11285079]"
44,1268,meta-llama/Llama-3.1-8B,512,4,0,678694573,678694573,529816440,614577524,21372349,"[37970389, 14861581, 11285079]"
44,1340,meta-llama/Llama-3.1-8B,512,4,0,678694573,678694573,529816440,614577524,21372349,"[37970389, 14861581, 11285079]"
44,1412,meta-llama/Llama-3.1-8B,512,4,0,689979646,689979646,614577524,652547913,12477244,"[14861581, 11285079, 11285073]"
44,1484,meta-llama/Llama-3.1-8B,520,4,3000000000,6915177350,3915177350,37406,3880632428,11514974,"[11513918, 11514974, 11516030]"
44,1556,meta-llama/Llama-3.1-8B,520,4,3000000000,6915177350,3915177350,37406,3880632428,11514974,"[11513918, 11514974, 11516030]"
44,1628,meta-llama/Llama-3.1-8B,520,4,3000000000,6915177350,3915177350,37406,3880632428,11514974,"[11513918, 11514974, 11516030]"
44,1700,meta-llama/Llama-3.1-8B,520,4,3000000000,6915177350,3915177350,37406,3880632428,11514974,"[11513918, 11514974, 11516030]"
44,1772,meta-llama/Llama-3.1-8B,520,4,3000000000,6915177350,3915177350,37406,3880632428,11514974,"[11513918, 11514974, 11516030]"
44,1844,meta-llama/Llama-3.1-8B,520,4,3000000000,6915177350,3915177350,37406,3880632428,11514974,"[11513918, 11514974, 11516030]"
44,1916,meta-llama/Llama-3.1-8B,520,4,3000000000,6915177350,3915177350,37406,3880632428,11514974,"[11513918, 11514974, 11516030]"
44,1988,meta-llama/Llama-3.1-8B,520,4,3000000000,6915177350,3915177350,37406,3880632428,11514974,"[11513918, 11514974, 11516030]"
44,2060,meta-llama/Llama-3.1-8B,520,4,3000000000,13100415110,10100415110,3915177350,10065870188,11514974,"[11513918, 11514974, 11516030]"
44,2132,meta-llama/Llama-3.1-8B,520,4,3000000000,13100415110,10100415110,3915177350,10065870188,11514974,"[11513918, 11514974, 11516030]"
44,2204,meta-llama/Llama-3.1-8B,520,4,3000000000,13100415110,10100415110,3915177350,10065870188,11514974,"[11513918, 11514974, 11516030]"
44,2276,meta-llama/Llama-3.1-8B,520,4,3000000000,13100415110,10100415110,3915177350,10065870188,11514974,"[11513918, 11514974, 11516030]"
44,2348,meta-llama/Llama-3.1-8B,520,4,3000000000,13100415110,10100415110,3915177350,10065870188,11514974,"[11513918, 11514974, 11516030]"
44,2420,meta-llama/Llama-3.1-8B,520,4,3000000000,13100415110,10100415110,3915177350,10065870188,11514974,"[11513918, 11514974, 11516030]"
44,2492,meta-llama/Llama-3.1-8B,520,4,3000000000,13100415110,10100415110,3915177350,10065870188,11514974,"[11513918, 11514974, 11516030]"
44,2564,meta-llama/Llama-3.1-8B,520,4,3000000000,13100415110,10100415110,3915177350,10065870188,11514974,"[11513918, 11514974, 11516030]"
44,2636,meta-llama/Llama-3.1-8B,520,4,3000000000,19283064122,16283064122,10100415110,16249221383,11280913,"[11280401, 11280913, 11281425]"
44,2708,meta-llama/Llama-3.1-8B,520,4,3000000000,19283064122,16283064122,10100415110,16249221383,11280913,"[11280401, 11280913, 11281425]"
44,2780,meta-llama/Llama-3.1-8B,520,4,3000000000,19283064122,16283064122,10100415110,16249221383,11280913,"[11280401, 11280913, 11281425]"
44,2852,meta-llama/Llama-3.1-8B,520,4,3000000000,19283064122,16283064122,10100415110,16249221383,11280913,"[11280401, 11280913, 11281425]"
45,45,meta-llama/Llama-3.1-8B,512,4,0,265358018,265358018,1,107091990,52755342,"[121233056, 25356464, 11676508]"
45,117,meta-llama/Llama-3.1-8B,512,4,0,265358018,265358018,1,107091990,52755342,"[121233056, 25356464, 11676508]"
45,189,meta-llama/Llama-3.1-8B,512,4,0,265358018,265358018,1,107091990,52755342,"[121233056, 25356464, 11676508]"
45,261,meta-llama/Llama-3.1-8B,512,4,0,265358018,265358018,1,107091990,52755342,"[121233056, 25356464, 11676508]"
45,333,meta-llama/Llama-3.1-8B,512,4,0,372697867,372697867,107091990,228325046,48124273,"[25356464, 11676508, 107339849]"
45,405,meta-llama/Llama-3.1-8B,512,4,0,372697867,372697867,107091990,228325046,48124273,"[25356464, 11676508, 107339849]"
45,477,meta-llama/Llama-3.1-8B,512,4,0,372697867,372697867,107091990,228325046,48124273,"[25356464, 11676508, 107339849]"
45,549,meta-llama/Llama-3.1-8B,512,4,0,472686007,472686007,228325046,253681510,73001499,"[11676508, 107339849, 99988140]"
45,621,meta-llama/Llama-3.1-8B,512,4,0,529818612,529818612,265358018,372697867,52373581,"[99988140, 41752187, 15380418]"
45,693,meta-llama/Llama-3.1-8B,512,4,0,529818612,529818612,265358018,372697867,52373581,"[99988140, 41752187, 15380418]"
45,765,meta-llama/Llama-3.1-8B,512,4,0,529818612,529818612,265358018,372697867,52373581,"[99988140, 41752187, 15380418]"
45,837,meta-llama/Llama-3.1-8B,512,4,0,614972928,614972928,372697867,472686007,47428973,"[41752187, 15380418, 85154316]"
45,909,meta-llama/Llama-3.1-8B,512,4,0,614972928,614972928,372697867,472686007,47428973,"[41752187, 15380418, 85154316]"
45,981,meta-llama/Llama-3.1-8B,512,4,0,614972928,614972928,372697867,472686007,47428973,"[41752187, 15380418, 85154316]"
45,1053,meta-llama/Llama-3.1-8B,512,4,0,614972928,614972928,372697867,472686007,47428973,"[41752187, 15380418, 85154316]"
45,1125,meta-llama/Llama-3.1-8B,512,4,0,652680393,652680393,472686007,514438194,46080733,"[15380418, 85154316, 37707465]"
45,1197,meta-llama/Llama-3.1-8B,512,4,0,678700423,678700423,529818612,614972928,21242498,"[37707465, 14730247, 11289783]"
45,1269,meta-llama/Llama-3.1-8B,512,4,0,678700423,678700423,529818612,614972928,21242498,"[37707465, 14730247, 11289783]"
45,1341,meta-llama/Llama-3.1-8B,512,4,0,678700423,678700423,529818612,614972928,21242498,"[37707465, 14730247, 11289783]"
45,1413,meta-llama/Llama-3.1-8B,512,4,0,689986642,689986642,614972928,652680393,12435416,"[14730247, 11289783, 11286219]"
45,1485,meta-llama/Llama-3.1-8B,520,4,3000000000,7001083430,4001083430,37406,3966538508,11514974,"[11513918, 11514974, 11516030]"
45,1557,meta-llama/Llama-3.1-8B,520,4,3000000000,7001083430,4001083430,37406,3966538508,11514974,"[11513918, 11514974, 11516030]"
45,1629,meta-llama/Llama-3.1-8B,520,4,3000000000,7001083430,4001083430,37406,3966538508,11514974,"[11513918, 11514974, 11516030]"
45,1701,meta-llama/Llama-3.1-8B,520,4,3000000000,7001083430,4001083430,37406,3966538508,11514974,"[11513918, 11514974, 11516030]"
45,1773,meta-llama/Llama-3.1-8B,520,4,3000000000,7001083430,4001083430,37406,3966538508,11514974,"[11513918, 11514974, 11516030]"
45,1845,meta-llama/Llama-3.1-8B,520,4,3000000000,7001083430,4001083430,37406,3966538508,11514974,"[11513918, 11514974, 11516030]"
45,1917,meta-llama/Llama-3.1-8B,520,4,3000000000,7001083430,4001083430,37406,3966538508,11514974,"[11513918, 11514974, 11516030]"
45,1989,meta-llama/Llama-3.1-8B,520,4,3000000000,7001083430,4001083430,37406,3966538508,11514974,"[11513918, 11514974, 11516030]"
45,2061,meta-llama/Llama-3.1-8B,520,4,3000000000,13186321190,10186321190,4001083430,10151776268,11514974,"[11513918, 11514974, 11516030]"
45,2133,meta-llama/Llama-3.1-8B,520,4,3000000000,13186321190,10186321190,4001083430,10151776268,11514974,"[11513918, 11514974, 11516030]"
45,2205,meta-llama/Llama-3.1-8B,520,4,3000000000,13186321190,10186321190,4001083430,10151776268,11514974,"[11513918, 11514974, 11516030]"
45,2277,meta-llama/Llama-3.1-8B,520,4,3000000000,13186321190,10186321190,4001083430,10151776268,11514974,"[11513918, 11514974, 11516030]"
45,2349,meta-llama/Llama-3.1-8B,520,4,3000000000,13186321190,10186321190,4001083430,10151776268,11514974,"[11513918, 11514974, 11516030]"
45,2421,meta-llama/Llama-3.1-8B,520,4,3000000000,13186321190,10186321190,4001083430,10151776268,11514974,"[11513918, 11514974, 11516030]"
45,2493,meta-llama/Llama-3.1-8B,520,4,3000000000,13186321190,10186321190,4001083430,10151776268,11514974,"[11513918, 11514974, 11516030]"
45,2565,meta-llama/Llama-3.1-8B,520,4,3000000000,13186321190,10186321190,4001083430,10151776268,11514974,"[11513918, 11514974, 11516030]"
45,2637,meta-llama/Llama-3.1-8B,520,4,3000000000,19368970202,16368970202,10186321190,16335127463,11280913,"[11280401, 11280913, 11281425]"
45,2709,meta-llama/Llama-3.1-8B,520,4,3000000000,19368970202,16368970202,10186321190,16335127463,11280913,"[11280401, 11280913, 11281425]"
45,2781,meta-llama/Llama-3.1-8B,520,4,3000000000,19368970202,16368970202,10186321190,16335127463,11280913,"[11280401, 11280913, 11281425]"
45,2853,meta-llama/Llama-3.1-8B,520,4,3000000000,19368970202,16368970202,10186321190,16335127463,11280913,"[11280401, 11280913, 11281425]"
46,46,meta-llama/Llama-3.1-8B,512,4,0,265360190,265360190,1,107617446,52580914,"[121233056, 24833949, 11675739]"
46,118,meta-llama/Llama-3.1-8B,512,4,0,265360190,265360190,1,107617446,52580914,"[121233056, 24833949, 11675739]"
46,190,meta-llama/Llama-3.1-8B,512,4,0,265360190,265360190,1,107617446,52580914,"[121233056, 24833949, 11675739]"
46,262,meta-llama/Llama-3.1-8B,512,4,0,265360190,265360190,1,107617446,52580914,"[121233056, 24833949, 11675739]"
46,334,meta-llama/Llama-3.1-8B,512,4,0,373223323,373223323,107617446,228850502,48124273,"[24833949, 11675739, 107863133]"
46,406,meta-llama/Llama-3.1-8B,512,4,0,373223323,373223323,107617446,228850502,48124273,"[24833949, 11675739, 107863133]"
46,478,meta-llama/Llama-3.1-8B,512,4,0,373223323,373223323,107617446,228850502,48124273,"[24833949, 11675739, 107863133]"
46,550,meta-llama/Llama-3.1-8B,512,4,0,473082181,473082181,228850502,253684451,73132576,"[11675739, 107863133, 99858858]"
46,622,meta-llama/Llama-3.1-8B,512,4,0,529820784,529820784,265360190,373223323,52199153,"[99858858, 41489262, 15249341]"
46,694,meta-llama/Llama-3.1-8B,512,4,0,529820784,529820784,265360190,373223323,52199153,"[99858858, 41489262, 15249341]"
46,766,meta-llama/Llama-3.1-8B,512,4,0,529820784,529820784,265360190,373223323,52199153,"[99858858, 41489262, 15249341]"
46,838,meta-llama/Llama-3.1-8B,512,4,0,615396369,615396369,373223323,473082181,47438062,"[41489262, 15249341, 85575585]"
46,910,meta-llama/Llama-3.1-8B,512,4,0,615396369,615396369,373223323,473082181,47438062,"[41489262, 15249341, 85575585]"
46,982,meta-llama/Llama-3.1-8B,512,4,0,615396369,615396369,373223323,473082181,47438062,"[41489262, 15249341, 85575585]"
46,1054,meta-llama/Llama-3.1-8B,512,4,0,615396369,615396369,373223323,473082181,47438062,"[41489262, 15249341, 85575585]"
46,1126,meta-llama/Llama-3.1-8B,512,4,0,652812873,652812873,473082181,514571443,46080476,"[15249341, 85575585, 37416504]"
46,1198,meta-llama/Llama-3.1-8B,512,4,0,678701569,678701569,529820784,615396369,21101733,"[37416504, 14598913, 11289783]"
46,1270,meta-llama/Llama-3.1-8B,512,4,0,678701569,678701569,529820784,615396369,21101733,"[37416504, 14598913, 11289783]"
46,1342,meta-llama/Llama-3.1-8B,512,4,0,678701569,678701569,529820784,615396369,21101733,"[37416504, 14598913, 11289783]"
46,1414,meta-llama/Llama-3.1-8B,512,4,0,689987018,689987018,615396369,652812873,12391381,"[14598913, 11289783, 11285449]"
46,1486,meta-llama/Llama-3.1-8B,520,4,3000000000,7086989510,4086989510,37406,4052444588,11514974,"[11513918, 11514974, 11516030]"
46,1558,meta-llama/Llama-3.1-8B,520,4,3000000000,7086989510,4086989510,37406,4052444588,11514974,"[11513918, 11514974, 11516030]"
46,1630,meta-llama/Llama-3.1-8B,520,4,3000000000,7086989510,4086989510,37406,4052444588,11514974,"[11513918, 11514974, 11516030]"
46,1702,meta-llama/Llama-3.1-8B,520,4,3000000000,7086989510,4086989510,37406,4052444588,11514974,"[11513918, 11514974, 11516030]"
46,1774,meta-llama/Llama-3.1-8B,520,4,3000000000,7086989510,4086989510,37406,4052444588,11514974,"[11513918, 11514974, 11516030]"
46,1846,meta-llama/Llama-3.1-8B,520,4,3000000000,7086989510,4086989510,37406,4052444588,11514974,"[11513918, 11514974, 11516030]"
46,1918,meta-llama/Llama-3.1-8B,520,4,3000000000,7086989510,4086989510,37406,4052444588,11514974,"[11513918, 11514974, 11516030]"
46,1990,meta-llama/Llama-3.1-8B,520,4,3000000000,7086989510,4086989510,37406,4052444588,11514974,"[11513918, 11514974, 11516030]"
46,2062,meta-llama/Llama-3.1-8B,520,4,3000000000,13272227270,10272227270,4086989510,10237682348,11514974,"[11513918, 11514974, 11516030]"
46,2134,meta-llama/Llama-3.1-8B,520,4,3000000000,13272227270,10272227270,4086989510,10237682348,11514974,"[11513918, 11514974, 11516030]"
46,2206,meta-llama/Llama-3.1-8B,520,4,3000000000,13272227270,10272227270,4086989510,10237682348,11514974,"[11513918, 11514974, 11516030]"
46,2278,meta-llama/Llama-3.1-8B,520,4,3000000000,13272227270,10272227270,4086989510,10237682348,11514974,"[11513918, 11514974, 11516030]"
46,2350,meta-llama/Llama-3.1-8B,520,4,3000000000,13272227270,10272227270,4086989510,10237682348,11514974,"[11513918, 11514974, 11516030]"
46,2422,meta-llama/Llama-3.1-8B,520,4,3000000000,13272227270,10272227270,4086989510,10237682348,11514974,"[11513918, 11514974, 11516030]"
46,2494,meta-llama/Llama-3.1-8B,520,4,3000000000,13272227270,10272227270,4086989510,10237682348,11514974,"[11513918, 11514974, 11516030]"
46,2566,meta-llama/Llama-3.1-8B,520,4,3000000000,13272227270,10272227270,4086989510,10237682348,11514974,"[11513918, 11514974, 11516030]"
46,2638,meta-llama/Llama-3.1-8B,520,4,3000000000,19454876282,16454876282,10272227270,16421033543,11280913,"[11280401, 11280913, 11281425]"
46,2710,meta-llama/Llama-3.1-8B,520,4,3000000000,19454876282,16454876282,10272227270,16421033543,11280913,"[11280401, 11280913, 11281425]"
46,2782,meta-llama/Llama-3.1-8B,520,4,3000000000,19454876282,16454876282,10272227270,16421033543,11280913,"[11280401, 11280913, 11281425]"
46,2854,meta-llama/Llama-3.1-8B,520,4,3000000000,19454876282,16454876282,10272227270,16421033543,11280913,"[11280401, 11280913, 11281425]"
47,47,meta-llama/Llama-3.1-8B,512,4,0,265362362,265362362,1,108142902,52406486,"[121233056, 24311434, 11674970]"
47,119,meta-llama/Llama-3.1-8B,512,4,0,265362362,265362362,1,108142902,52406486,"[121233056, 24311434, 11674970]"
47,191,meta-llama/Llama-3.1-8B,512,4,0,265362362,265362362,1,108142902,52406486,"[121233056, 24311434, 11674970]"
47,263,meta-llama/Llama-3.1-8B,512,4,0,265362362,265362362,1,108142902,52406486,"[121233056, 24311434, 11674970]"
47,335,meta-llama/Llama-3.1-8B,512,4,0,373748779,373748779,108142902,229375958,48124273,"[24311434, 11674970, 108386417]"
47,407,meta-llama/Llama-3.1-8B,512,4,0,373748779,373748779,108142902,229375958,48124273,"[24311434, 11674970, 108386417]"
47,479,meta-llama/Llama-3.1-8B,512,4,0,373748779,373748779,108142902,229375958,48124273,"[24311434, 11674970, 108386417]"
47,551,meta-llama/Llama-3.1-8B,512,4,0,473478355,473478355,229375958,253687392,73263654,"[11674970, 108386417, 99729576]"
47,623,meta-llama/Llama-3.1-8B,512,4,0,529822956,529822956,265362362,373748779,52024725,"[99729576, 41226337, 15118264]"
47,695,meta-llama/Llama-3.1-8B,512,4,0,529822956,529822956,265362362,373748779,52024725,"[99729576, 41226337, 15118264]"
47,767,meta-llama/Llama-3.1-8B,512,4,0,529822956,529822956,265362362,373748779,52024725,"[99729576, 41226337, 15118264]"
47,839,meta-llama/Llama-3.1-8B,512,4,0,615791773,615791773,373748779,473478355,47437806,"[41226337, 15118264, 85968817]"
47,911,meta-llama/Llama-3.1-8B,512,4,0,615791773,615791773,373748779,473478355,47437806,"[41226337, 15118264, 85968817]"
47,983,meta-llama/Llama-3.1-8B,512,4,0,615791773,615791773,373748779,473478355,47437806,"[41226337, 15118264, 85968817]"
47,1055,meta-llama/Llama-3.1-8B,512,4,0,615791773,615791773,373748779,473478355,47437806,"[41226337, 15118264, 85968817]"
47,1127,meta-llama/Llama-3.1-8B,512,4,0,652945473,652945473,473478355,514704692,46080260,"[15118264, 85968817, 37153700]"
47,1199,meta-llama/Llama-3.1-8B,512,4,0,678705247,678705247,529822956,615791773,20971158,"[37153700, 14467579, 11292195]"
47,1271,meta-llama/Llama-3.1-8B,512,4,0,678705247,678705247,529822956,615791773,20971158,"[37153700, 14467579, 11292195]"
47,1343,meta-llama/Llama-3.1-8B,512,4,0,678705247,678705247,529822956,615791773,20971158,"[37153700, 14467579, 11292195]"
47,1415,meta-llama/Llama-3.1-8B,512,4,0,689990320,689990320,615791773,652945473,12348282,"[14467579, 11292195, 11285073]"
47,1487,meta-llama/Llama-3.1-8B,520,4,3000000000,7172895590,4172895590,37406,4138350668,11514974,"[11513918, 11514974, 11516030]"
47,1559,meta-llama/Llama-3.1-8B,520,4,3000000000,7172895590,4172895590,37406,4138350668,11514974,"[11513918, 11514974, 11516030]"
47,1631,meta-llama/Llama-3.1-8B,520,4,3000000000,7172895590,4172895590,37406,4138350668,11514974,"[11513918, 11514974, 11516030]"
47,1703,meta-llama/Llama-3.1-8B,520,4,3000000000,7172895590,4172895590,37406,4138350668,11514974,"[11513918, 11514974, 11516030]"
47,1775,meta-llama/Llama-3.1-8B,520,4,3000000000,7172895590,4172895590,37406,4138350668,11514974,"[11513918, 11514974, 11516030]"
47,1847,meta-llama/Llama-3.1-8B,520,4,3000000000,7172895590,4172895590,37406,4138350668,11514974,"[11513918, 11514974, 11516030]"
47,1919,meta-llama/Llama-3.1-8B,520,4,3000000000,7172895590,4172895590,37406,4138350668,11514974,"[11513918, 11514974, 11516030]"
47,1991,meta-llama/Llama-3.1-8B,520,4,3000000000,7172895590,4172895590,37406,4138350668,11514974,"[11513918, 11514974, 11516030]"
47,2063,meta-llama/Llama-3.1-8B,520,4,3000000000,13358133350,10358133350,4172895590,10323588428,11514974,"[11513918, 11514974, 11516030]"
47,2135,meta-llama/Llama-3.1-8B,520,4,3000000000,13358133350,10358133350,4172895590,10323588428,11514974,"[11513918, 11514974, 11516030]"
47,2207,meta-llama/Llama-3.1-8B,520,4,3000000000,13358133350,10358133350,4172895590,10323588428,11514974,"[11513918, 11514974, 11516030]"
47,2279,meta-llama/Llama-3.1-8B,520,4,3000000000,13358133350,10358133350,4172895590,10323588428,11514974,"[11513918, 11514974, 11516030]"
47,2351,meta-llama/Llama-3.1-8B,520,4,3000000000,13358133350,10358133350,4172895590,10323588428,11514974,"[11513918, 11514974, 11516030]"
47,2423,meta-llama/Llama-3.1-8B,520,4,3000000000,13358133350,10358133350,4172895590,10323588428,11514974,"[11513918, 11514974, 11516030]"
47,2495,meta-llama/Llama-3.1-8B,520,4,3000000000,13358133350,10358133350,4172895590,10323588428,11514974,"[11513918, 11514974, 11516030]"
47,2567,meta-llama/Llama-3.1-8B,520,4,3000000000,13358133350,10358133350,4172895590,10323588428,11514974,"[11513918, 11514974, 11516030]"
47,2639,meta-llama/Llama-3.1-8B,520,4,3000000000,19540782362,16540782362,10358133350,16506939623,11280913,"[11280401, 11280913, 11281425]"
47,2711,meta-llama/Llama-3.1-8B,520,4,3000000000,19540782362,16540782362,10358133350,16506939623,11280913,"[11280401, 11280913, 11281425]"
47,2783,meta-llama/Llama-3.1-8B,520,4,3000000000,19540782362,16540782362,10358133350,16506939623,11280913,"[11280401, 11280913, 11281425]"
47,2855,meta-llama/Llama-3.1-8B,520,4,3000000000,19540782362,16540782362,10358133350,16506939623,11280913,"[11280401, 11280913, 11281425]"
48,48,meta-llama/Llama-3.1-8B,512,4,0,265364534,265364534,1,108668358,52232058,"[121233056, 23788919, 11674201]"
48,120,meta-llama/Llama-3.1-8B,512,4,0,265364534,265364534,1,108668358,52232058,"[121233056, 23788919, 11674201]"
48,192,meta-llama/Llama-3.1-8B,512,4,0,265364534,265364534,1,108668358,52232058,"[121233056, 23788919, 11674201]"
48,264,meta-llama/Llama-3.1-8B,512,4,0,265364534,265364534,1,108668358,52232058,"[121233056, 23788919, 11674201]"
48,336,meta-llama/Llama-3.1-8B,512,4,0,374274235,374274235,108668358,229901414,48124273,"[23788919, 11674201, 108909701]"
48,408,meta-llama/Llama-3.1-8B,512,4,0,374274235,374274235,108668358,229901414,48124273,"[23788919, 11674201, 108909701]"
48,480,meta-llama/Llama-3.1-8B,512,4,0,374274235,374274235,108668358,229901414,48124273,"[23788919, 11674201, 108909701]"
48,552,meta-llama/Llama-3.1-8B,512,4,0,473874529,473874529,229901414,253690333,73394732,"[11674201, 108909701, 99600294]"
48,624,meta-llama/Llama-3.1-8B,512,4,0,529825128,529825128,265364534,374274235,51850297,"[99600294, 40963412, 14987187]"
48,696,meta-llama/Llama-3.1-8B,512,4,0,529825128,529825128,265364534,374274235,51850297,"[99600294, 40963412, 14987187]"
48,768,meta-llama/Llama-3.1-8B,512,4,0,529825128,529825128,265364534,374274235,51850297,"[99600294, 40963412, 14987187]"
48,840,meta-llama/Llama-3.1-8B,512,4,0,616187177,616187177,374274235,473874529,47437549,"[40963412, 14987187, 86362049]"
48,912,meta-llama/Llama-3.1-8B,512,4,0,616187177,616187177,374274235,473874529,47437549,"[40963412, 14987187, 86362049]"
48,984,meta-llama/Llama-3.1-8B,512,4,0,616187177,616187177,374274235,473874529,47437549,"[40963412, 14987187, 86362049]"
48,1056,meta-llama/Llama-3.1-8B,512,4,0,616187177,616187177,374274235,473874529,47437549,"[40963412, 14987187, 86362049]"
48,1128,meta-llama/Llama-3.1-8B,512,4,0,653077953,653077953,473874529,514837941,46080004,"[14987187, 86362049, 36890776]"
48,1200,meta-llama/Llama-3.1-8B,512,4,0,678708805,678708805,529825128,616187177,20840542,"[36890776, 14336245, 11294607]"
48,1272,meta-llama/Llama-3.1-8B,512,4,0,678708805,678708805,529825128,616187177,20840542,"[36890776, 14336245, 11294607]"
48,1344,meta-llama/Llama-3.1-8B,512,4,0,678708805,678708805,529825128,616187177,20840542,"[36890776, 14336245, 11294607]"
48,1416,meta-llama/Llama-3.1-8B,512,4,0,689993878,689993878,616187177,653077953,12305308,"[14336245, 11294607, 11285073]"
48,1488,meta-llama/Llama-3.1-8B,520,4,3000000000,7258801670,4258801670,37406,4224256748,11514974,"[11513918, 11514974, 11516030]"
48,1560,meta-llama/Llama-3.1-8B,520,4,3000000000,7258801670,4258801670,37406,4224256748,11514974,"[11513918, 11514974, 11516030]"
48,1632,meta-llama/Llama-3.1-8B,520,4,3000000000,7258801670,4258801670,37406,4224256748,11514974,"[11513918, 11514974, 11516030]"
48,1704,meta-llama/Llama-3.1-8B,520,4,3000000000,7258801670,4258801670,37406,4224256748,11514974,"[11513918, 11514974, 11516030]"
48,1776,meta-llama/Llama-3.1-8B,520,4,3000000000,7258801670,4258801670,37406,4224256748,11514974,"[11513918, 11514974, 11516030]"
48,1848,meta-llama/Llama-3.1-8B,520,4,3000000000,7258801670,4258801670,37406,4224256748,11514974,"[11513918, 11514974, 11516030]"
48,1920,meta-llama/Llama-3.1-8B,520,4,3000000000,7258801670,4258801670,37406,4224256748,11514974,"[11513918, 11514974, 11516030]"
48,1992,meta-llama/Llama-3.1-8B,520,4,3000000000,7258801670,4258801670,37406,4224256748,11514974,"[11513918, 11514974, 11516030]"
48,2064,meta-llama/Llama-3.1-8B,520,4,3000000000,13444039430,10444039430,4258801670,10409494508,11514974,"[11513918, 11514974, 11516030]"
48,2136,meta-llama/Llama-3.1-8B,520,4,3000000000,13444039430,10444039430,4258801670,10409494508,11514974,"[11513918, 11514974, 11516030]"
48,2208,meta-llama/Llama-3.1-8B,520,4,3000000000,13444039430,10444039430,4258801670,10409494508,11514974,"[11513918, 11514974, 11516030]"
48,2280,meta-llama/Llama-3.1-8B,520,4,3000000000,13444039430,10444039430,4258801670,10409494508,11514974,"[11513918, 11514974, 11516030]"
48,2352,meta-llama/Llama-3.1-8B,520,4,3000000000,13444039430,10444039430,4258801670,10409494508,11514974,"[11513918, 11514974, 11516030]"
48,2424,meta-llama/Llama-3.1-8B,520,4,3000000000,13444039430,10444039430,4258801670,10409494508,11514974,"[11513918, 11514974, 11516030]"
48,2496,meta-llama/Llama-3.1-8B,520,4,3000000000,13444039430,10444039430,4258801670,10409494508,11514974,"[11513918, 11514974, 11516030]"
48,2568,meta-llama/Llama-3.1-8B,520,4,3000000000,13444039430,10444039430,4258801670,10409494508,11514974,"[11513918, 11514974, 11516030]"
48,2640,meta-llama/Llama-3.1-8B,520,4,3000000000,19626688442,16626688442,10444039430,16592845703,11280913,"[11280401, 11280913, 11281425]"
48,2712,meta-llama/Llama-3.1-8B,520,4,3000000000,19626688442,16626688442,10444039430,16592845703,11280913,"[11280401, 11280913, 11281425]"
48,2784,meta-llama/Llama-3.1-8B,520,4,3000000000,19626688442,16626688442,10444039430,16592845703,11280913,"[11280401, 11280913, 11281425]"
48,2856,meta-llama/Llama-3.1-8B,520,4,3000000000,19626688442,16626688442,10444039430,16592845703,11280913,"[11280401, 11280913, 11281425]"
49,49,meta-llama/Llama-3.1-8B,512,4,0,265366706,265366706,1,109193814,52057630,"[121233056, 23266404, 11673432]"
49,121,meta-llama/Llama-3.1-8B,512,4,0,265366706,265366706,1,109193814,52057630,"[121233056, 23266404, 11673432]"
49,193,meta-llama/Llama-3.1-8B,512,4,0,265366706,265366706,1,109193814,52057630,"[121233056, 23266404, 11673432]"
49,265,meta-llama/Llama-3.1-8B,512,4,0,265366706,265366706,1,109193814,52057630,"[121233056, 23266404, 11673432]"
49,337,meta-llama/Llama-3.1-8B,512,4,0,374799691,374799691,109193814,230426870,48124273,"[23266404, 11673432, 109432985]"
49,409,meta-llama/Llama-3.1-8B,512,4,0,374799691,374799691,109193814,230426870,48124273,"[23266404, 11673432, 109432985]"
49,481,meta-llama/Llama-3.1-8B,512,4,0,374799691,374799691,109193814,230426870,48124273,"[23266404, 11673432, 109432985]"
49,553,meta-llama/Llama-3.1-8B,512,4,0,474270703,474270703,230426870,253693274,73525809,"[11673432, 109432985, 99471012]"
49,625,meta-llama/Llama-3.1-8B,512,4,0,529827300,529827300,265366706,374799691,51675869,"[99471012, 40700487, 14856110]"
49,697,meta-llama/Llama-3.1-8B,512,4,0,529827300,529827300,265366706,374799691,51675869,"[99471012, 40700487, 14856110]"
49,769,meta-llama/Llama-3.1-8B,512,4,0,529827300,529827300,265366706,374799691,51675869,"[99471012, 40700487, 14856110]"
49,841,meta-llama/Llama-3.1-8B,512,4,0,616610618,616610618,374799691,474270703,47446638,"[40700487, 14856110, 86783318]"
49,913,meta-llama/Llama-3.1-8B,512,4,0,616610618,616610618,374799691,474270703,47446638,"[40700487, 14856110, 86783318]"
49,985,meta-llama/Llama-3.1-8B,512,4,0,616610618,616610618,374799691,474270703,47446638,"[40700487, 14856110, 86783318]"
49,1057,meta-llama/Llama-3.1-8B,512,4,0,616610618,616610618,374799691,474270703,47446638,"[40700487, 14856110, 86783318]"
49,1129,meta-llama/Llama-3.1-8B,512,4,0,653210433,653210433,474270703,514971190,46079747,"[14856110, 86783318, 36599815]"
49,1201,meta-llama/Llama-3.1-8B,512,4,0,678712363,678712363,529827300,616610618,20700581,"[36599815, 14204911, 11297019]"
49,1273,meta-llama/Llama-3.1-8B,512,4,0,678712363,678712363,529827300,616610618,20700581,"[36599815, 14204911, 11297019]"
49,1345,meta-llama/Llama-3.1-8B,512,4,0,678712363,678712363,529827300,616610618,20700581,"[36599815, 14204911, 11297019]"
49,1417,meta-llama/Llama-3.1-8B,512,4,0,689997436,689997436,616610618,653210433,12262334,"[14204911, 11297019, 11285073]"
49,1489,meta-llama/Llama-3.1-8B,520,4,3000000000,7344707750,4344707750,37406,4310162828,11514974,"[11513918, 11514974, 11516030]"
49,1561,meta-llama/Llama-3.1-8B,520,4,3000000000,7344707750,4344707750,37406,4310162828,11514974,"[11513918, 11514974, 11516030]"
49,1633,meta-llama/Llama-3.1-8B,520,4,3000000000,7344707750,4344707750,37406,4310162828,11514974,"[11513918, 11514974, 11516030]"
49,1705,meta-llama/Llama-3.1-8B,520,4,3000000000,7344707750,4344707750,37406,4310162828,11514974,"[11513918, 11514974, 11516030]"
49,1777,meta-llama/Llama-3.1-8B,520,4,3000000000,7344707750,4344707750,37406,4310162828,11514974,"[11513918, 11514974, 11516030]"
49,1849,meta-llama/Llama-3.1-8B,520,4,3000000000,7344707750,4344707750,37406,4310162828,11514974,"[11513918, 11514974, 11516030]"
49,1921,meta-llama/Llama-3.1-8B,520,4,3000000000,7344707750,4344707750,37406,4310162828,11514974,"[11513918, 11514974, 11516030]"
49,1993,meta-llama/Llama-3.1-8B,520,4,3000000000,7344707750,4344707750,37406,4310162828,11514974,"[11513918, 11514974, 11516030]"
49,2065,meta-llama/Llama-3.1-8B,520,4,3000000000,13529945510,10529945510,4344707750,10495400588,11514974,"[11513918, 11514974, 11516030]"
49,2137,meta-llama/Llama-3.1-8B,520,4,3000000000,13529945510,10529945510,4344707750,10495400588,11514974,"[11513918, 11514974, 11516030]"
49,2209,meta-llama/Llama-3.1-8B,520,4,3000000000,13529945510,10529945510,4344707750,10495400588,11514974,"[11513918, 11514974, 11516030]"
49,2281,meta-llama/Llama-3.1-8B,520,4,3000000000,13529945510,10529945510,4344707750,10495400588,11514974,"[11513918, 11514974, 11516030]"
49,2353,meta-llama/Llama-3.1-8B,520,4,3000000000,13529945510,10529945510,4344707750,10495400588,11514974,"[11513918, 11514974, 11516030]"
49,2425,meta-llama/Llama-3.1-8B,520,4,3000000000,13529945510,10529945510,4344707750,10495400588,11514974,"[11513918, 11514974, 11516030]"
49,2497,meta-llama/Llama-3.1-8B,520,4,3000000000,13529945510,10529945510,4344707750,10495400588,11514974,"[11513918, 11514974, 11516030]"
49,2569,meta-llama/Llama-3.1-8B,520,4,3000000000,13529945510,10529945510,4344707750,10495400588,11514974,"[11513918, 11514974, 11516030]"
49,2641,meta-llama/Llama-3.1-8B,520,4,3000000000,19712594522,16712594522,10529945510,16678751783,11280913,"[11280401, 11280913, 11281425]"
49,2713,meta-llama/Llama-3.1-8B,520,4,3000000000,19712594522,16712594522,10529945510,16678751783,11280913,"[11280401, 11280913, 11281425]"
49,2785,meta-llama/Llama-3.1-8B,520,4,3000000000,19712594522,16712594522,10529945510,16678751783,11280913,"[11280401, 11280913, 11281425]"
49,2857,meta-llama/Llama-3.1-8B,520,4,3000000000,19712594522,16712594522,10529945510,16678751783,11280913,"[11280401, 11280913, 11281425]"
50,50,meta-llama/Llama-3.1-8B,512,4,0,265368878,265368878,1,109719270,51883202,"[121233056, 22744009, 11672543]"
50,122,meta-llama/Llama-3.1-8B,512,4,0,265368878,265368878,1,109719270,51883202,"[121233056, 22744009, 11672543]"
50,194,meta-llama/Llama-3.1-8B,512,4,0,265368878,265368878,1,109719270,51883202,"[121233056, 22744009, 11672543]"
50,266,meta-llama/Llama-3.1-8B,512,4,0,265368878,265368878,1,109719270,51883202,"[121233056, 22744009, 11672543]"
50,338,meta-llama/Llama-3.1-8B,512,4,0,375325147,375325147,109719270,230952326,48124273,"[22744009, 11672543, 109956269]"
50,410,meta-llama/Llama-3.1-8B,512,4,0,375325147,375325147,109719270,230952326,48124273,"[22744009, 11672543, 109956269]"
50,482,meta-llama/Llama-3.1-8B,512,4,0,375325147,375325147,109719270,230952326,48124273,"[22744009, 11672543, 109956269]"
50,554,meta-llama/Llama-3.1-8B,512,4,0,474666877,474666877,230952326,253696335,73656847,"[11672543, 109956269, 99341730]"
50,626,meta-llama/Llama-3.1-8B,512,4,0,529829472,529829472,265368878,375325147,51501441,"[99341730, 40437562, 14725033]"
50,698,meta-llama/Llama-3.1-8B,512,4,0,529829472,529829472,265368878,375325147,51501441,"[99341730, 40437562, 14725033]"
50,770,meta-llama/Llama-3.1-8B,512,4,0,529829472,529829472,265368878,375325147,51501441,"[99341730, 40437562, 14725033]"
50,842,meta-llama/Llama-3.1-8B,512,4,0,617006022,617006022,375325147,474666877,47446381,"[40437562, 14725033, 87176550]"
50,914,meta-llama/Llama-3.1-8B,512,4,0,617006022,617006022,375325147,474666877,47446381,"[40437562, 14725033, 87176550]"
50,986,meta-llama/Llama-3.1-8B,512,4,0,617006022,617006022,375325147,474666877,47446381,"[40437562, 14725033, 87176550]"
50,1058,meta-llama/Llama-3.1-8B,512,4,0,617006022,617006022,375325147,474666877,47446381,"[40437562, 14725033, 87176550]"
50,1130,meta-llama/Llama-3.1-8B,512,4,0,653342913,653342913,474666877,515104439,46079491,"[14725033, 87176550, 36336891]"
50,1202,meta-llama/Llama-3.1-8B,512,4,0,678717067,678717067,529829472,617006022,20570348,"[36336891, 14073577, 11300577]"
50,1274,meta-llama/Llama-3.1-8B,512,4,0,678717067,678717067,529829472,617006022,20570348,"[36336891, 14073577, 11300577]"
50,1346,meta-llama/Llama-3.1-8B,512,4,0,678717067,678717067,529829472,617006022,20570348,"[36336891, 14073577, 11300577]"
50,1418,meta-llama/Llama-3.1-8B,512,4,0,690002140,690002140,617006022,653342913,12219742,"[14073577, 11300577, 11285073]"
50,1490,meta-llama/Llama-3.1-8B,520,4,3000000000,7430613830,4430613830,37406,4396068908,11514974,"[11513918, 11514974, 11516030]"
50,1562,meta-llama/Llama-3.1-8B,520,4,3000000000,7430613830,4430613830,37406,4396068908,11514974,"[11513918, 11514974, 11516030]"
50,1634,meta-llama/Llama-3.1-8B,520,4,3000000000,7430613830,4430613830,37406,4396068908,11514974,"[11513918, 11514974, 11516030]"
50,1706,meta-llama/Llama-3.1-8B,520,4,3000000000,7430613830,4430613830,37406,4396068908,11514974,"[11513918, 11514974, 11516030]"
50,1778,meta-llama/Llama-3.1-8B,520,4,3000000000,7430613830,4430613830,37406,4396068908,11514974,"[11513918, 11514974, 11516030]"
50,1850,meta-llama/Llama-3.1-8B,520,4,3000000000,7430613830,4430613830,37406,4396068908,11514974,"[11513918, 11514974, 11516030]"
50,1922,meta-llama/Llama-3.1-8B,520,4,3000000000,7430613830,4430613830,37406,4396068908,11514974,"[11513918, 11514974, 11516030]"
50,1994,meta-llama/Llama-3.1-8B,520,4,3000000000,7430613830,4430613830,37406,4396068908,11514974,"[11513918, 11514974, 11516030]"
50,2066,meta-llama/Llama-3.1-8B,520,4,3000000000,13615851590,10615851590,4430613830,10581306668,11514974,"[11513918, 11514974, 11516030]"
50,2138,meta-llama/Llama-3.1-8B,520,4,3000000000,13615851590,10615851590,4430613830,10581306668,11514974,"[11513918, 11514974, 11516030]"
50,2210,meta-llama/Llama-3.1-8B,520,4,3000000000,13615851590,10615851590,4430613830,10581306668,11514974,"[11513918, 11514974, 11516030]"
50,2282,meta-llama/Llama-3.1-8B,520,4,3000000000,13615851590,10615851590,4430613830,10581306668,11514974,"[11513918, 11514974, 11516030]"
50,2354,meta-llama/Llama-3.1-8B,520,4,3000000000,13615851590,10615851590,4430613830,10581306668,11514974,"[11513918, 11514974, 11516030]"
50,2426,meta-llama/Llama-3.1-8B,520,4,3000000000,13615851590,10615851590,4430613830,10581306668,11514974,"[11513918, 11514974, 11516030]"
50,2498,meta-llama/Llama-3.1-8B,520,4,3000000000,13615851590,10615851590,4430613830,10581306668,11514974,"[11513918, 11514974, 11516030]"
50,2570,meta-llama/Llama-3.1-8B,520,4,3000000000,13615851590,10615851590,4430613830,10581306668,11514974,"[11513918, 11514974, 11516030]"
50,2642,meta-llama/Llama-3.1-8B,520,4,3000000000,19798500602,16798500602,10615851590,16764657863,11280913,"[11280401, 11280913, 11281425]"
50,2714,meta-llama/Llama-3.1-8B,520,4,3000000000,19798500602,16798500602,10615851590,16764657863,11280913,"[11280401, 11280913, 11281425]"
50,2786,meta-llama/Llama-3.1-8B,520,4,3000000000,19798500602,16798500602,10615851590,16764657863,11280913,"[11280401, 11280913, 11281425]"
50,2858,meta-llama/Llama-3.1-8B,520,4,3000000000,19798500602,16798500602,10615851590,16764657863,11280913,"[11280401, 11280913, 11281425]"
51,51,meta-llama/Llama-3.1-8B,512,4,0,265371050,265371050,1,110244726,51708774,"[121233056, 22221494, 11671774]"
51,123,meta-llama/Llama-3.1-8B,512,4,0,265371050,265371050,1,110244726,51708774,"[121233056, 22221494, 11671774]"
51,195,meta-llama/Llama-3.1-8B,512,4,0,265371050,265371050,1,110244726,51708774,"[121233056, 22221494, 11671774]"
51,267,meta-llama/Llama-3.1-8B,512,4,0,265371050,265371050,1,110244726,51708774,"[121233056, 22221494, 11671774]"
51,339,meta-llama/Llama-3.1-8B,512,4,0,375850603,375850603,110244726,231477782,48124273,"[22221494, 11671774, 110479553]"
51,411,meta-llama/Llama-3.1-8B,512,4,0,375850603,375850603,110244726,231477782,48124273,"[22221494, 11671774, 110479553]"
51,483,meta-llama/Llama-3.1-8B,512,4,0,375850603,375850603,110244726,231477782,48124273,"[22221494, 11671774, 110479553]"
51,555,meta-llama/Llama-3.1-8B,512,4,0,475063051,475063051,231477782,253699276,73787925,"[11671774, 110479553, 99212448]"
51,627,meta-llama/Llama-3.1-8B,512,4,0,529831644,529831644,265371050,375850603,51327013,"[99212448, 40174637, 14593956]"
51,699,meta-llama/Llama-3.1-8B,512,4,0,529831644,529831644,265371050,375850603,51327013,"[99212448, 40174637, 14593956]"
51,771,meta-llama/Llama-3.1-8B,512,4,0,529831644,529831644,265371050,375850603,51327013,"[99212448, 40174637, 14593956]"
51,843,meta-llama/Llama-3.1-8B,512,4,0,617401426,617401426,375850603,475063051,47446125,"[40174637, 14593956, 87569782]"
51,915,meta-llama/Llama-3.1-8B,512,4,0,617401426,617401426,375850603,475063051,47446125,"[40174637, 14593956, 87569782]"
51,987,meta-llama/Llama-3.1-8B,512,4,0,617401426,617401426,375850603,475063051,47446125,"[40174637, 14593956, 87569782]"
51,1059,meta-llama/Llama-3.1-8B,512,4,0,617401426,617401426,375850603,475063051,47446125,"[40174637, 14593956, 87569782]"
51,1131,meta-llama/Llama-3.1-8B,512,4,0,653475513,653475513,475063051,515237688,46079275,"[14593956, 87569782, 36074087]"
51,1203,meta-llama/Llama-3.1-8B,512,4,0,678721771,678721771,529831644,617401426,20440115,"[36074087, 13942243, 11304015]"
51,1275,meta-llama/Llama-3.1-8B,512,4,0,678721771,678721771,529831644,617401426,20440115,"[36074087, 13942243, 11304015]"
51,1347,meta-llama/Llama-3.1-8B,512,4,0,678721771,678721771,529831644,617401426,20440115,"[36074087, 13942243, 11304015]"
51,1419,meta-llama/Llama-3.1-8B,512,4,0,690006844,690006844,617401426,653475513,12177110,"[13942243, 11304015, 11285073]"
51,1491,meta-llama/Llama-3.1-8B,520,4,3000000000,7516519910,4516519910,37406,4481974988,11514974,"[11513918, 11514974, 11516030]"
51,1563,meta-llama/Llama-3.1-8B,520,4,3000000000,7516519910,4516519910,37406,4481974988,11514974,"[11513918, 11514974, 11516030]"
51,1635,meta-llama/Llama-3.1-8B,520,4,3000000000,7516519910,4516519910,37406,4481974988,11514974,"[11513918, 11514974, 11516030]"
51,1707,meta-llama/Llama-3.1-8B,520,4,3000000000,7516519910,4516519910,37406,4481974988,11514974,"[11513918, 11514974, 11516030]"
51,1779,meta-llama/Llama-3.1-8B,520,4,3000000000,7516519910,4516519910,37406,4481974988,11514974,"[11513918, 11514974, 11516030]"
51,1851,meta-llama/Llama-3.1-8B,520,4,3000000000,7516519910,4516519910,37406,4481974988,11514974,"[11513918, 11514974, 11516030]"
51,1923,meta-llama/Llama-3.1-8B,520,4,3000000000,7516519910,4516519910,37406,4481974988,11514974,"[11513918, 11514974, 11516030]"
51,1995,meta-llama/Llama-3.1-8B,520,4,3000000000,7516519910,4516519910,37406,4481974988,11514974,"[11513918, 11514974, 11516030]"
51,2067,meta-llama/Llama-3.1-8B,520,4,3000000000,13701757670,10701757670,4516519910,10667212748,11514974,"[11513918, 11514974, 11516030]"
51,2139,meta-llama/Llama-3.1-8B,520,4,3000000000,13701757670,10701757670,4516519910,10667212748,11514974,"[11513918, 11514974, 11516030]"
51,2211,meta-llama/Llama-3.1-8B,520,4,3000000000,13701757670,10701757670,4516519910,10667212748,11514974,"[11513918, 11514974, 11516030]"
51,2283,meta-llama/Llama-3.1-8B,520,4,3000000000,13701757670,10701757670,4516519910,10667212748,11514974,"[11513918, 11514974, 11516030]"
51,2355,meta-llama/Llama-3.1-8B,520,4,3000000000,13701757670,10701757670,4516519910,10667212748,11514974,"[11513918, 11514974, 11516030]"
51,2427,meta-llama/Llama-3.1-8B,520,4,3000000000,13701757670,10701757670,4516519910,10667212748,11514974,"[11513918, 11514974, 11516030]"
51,2499,meta-llama/Llama-3.1-8B,520,4,3000000000,13701757670,10701757670,4516519910,10667212748,11514974,"[11513918, 11514974, 11516030]"
51,2571,meta-llama/Llama-3.1-8B,520,4,3000000000,13701757670,10701757670,4516519910,10667212748,11514974,"[11513918, 11514974, 11516030]"
51,2643,meta-llama/Llama-3.1-8B,520,4,3000000000,19884406682,16884406682,10701757670,16850563943,11280913,"[11280401, 11280913, 11281425]"
51,2715,meta-llama/Llama-3.1-8B,520,4,3000000000,19884406682,16884406682,10701757670,16850563943,11280913,"[11280401, 11280913, 11281425]"
51,2787,meta-llama/Llama-3.1-8B,520,4,3000000000,19884406682,16884406682,10701757670,16850563943,11280913,"[11280401, 11280913, 11281425]"
51,2859,meta-llama/Llama-3.1-8B,520,4,3000000000,19884406682,16884406682,10701757670,16850563943,11280913,"[11280401, 11280913, 11281425]"
52,52,meta-llama/Llama-3.1-8B,512,4,0,265373222,265373222,1,110770182,51534346,"[121233056, 21698979, 11671005]"
52,124,meta-llama/Llama-3.1-8B,512,4,0,265373222,265373222,1,110770182,51534346,"[121233056, 21698979, 11671005]"
52,196,meta-llama/Llama-3.1-8B,512,4,0,265373222,265373222,1,110770182,51534346,"[121233056, 21698979, 11671005]"
52,268,meta-llama/Llama-3.1-8B,512,4,0,265373222,265373222,1,110770182,51534346,"[121233056, 21698979, 11671005]"
52,340,meta-llama/Llama-3.1-8B,512,4,0,376376059,376376059,110770182,232003238,48124273,"[21698979, 11671005, 111002837]"
52,412,meta-llama/Llama-3.1-8B,512,4,0,376376059,376376059,110770182,232003238,48124273,"[21698979, 11671005, 111002837]"
52,484,meta-llama/Llama-3.1-8B,512,4,0,376376059,376376059,110770182,232003238,48124273,"[21698979, 11671005, 111002837]"
52,556,meta-llama/Llama-3.1-8B,512,4,0,475459225,475459225,232003238,253702217,73919002,"[11671005, 111002837, 99083166]"
52,628,meta-llama/Llama-3.1-8B,512,4,0,529833816,529833816,265373222,376376059,51152585,"[99083166, 39911712, 14462879]"
52,700,meta-llama/Llama-3.1-8B,512,4,0,529833816,529833816,265373222,376376059,51152585,"[99083166, 39911712, 14462879]"
52,772,meta-llama/Llama-3.1-8B,512,4,0,529833816,529833816,265373222,376376059,51152585,"[99083166, 39911712, 14462879]"
52,844,meta-llama/Llama-3.1-8B,512,4,0,617824867,617824867,376376059,475459225,47455214,"[39911712, 14462879, 87991051]"
52,916,meta-llama/Llama-3.1-8B,512,4,0,617824867,617824867,376376059,475459225,47455214,"[39911712, 14462879, 87991051]"
52,988,meta-llama/Llama-3.1-8B,512,4,0,617824867,617824867,376376059,475459225,47455214,"[39911712, 14462879, 87991051]"
52,1060,meta-llama/Llama-3.1-8B,512,4,0,617824867,617824867,376376059,475459225,47455214,"[39911712, 14462879, 87991051]"
52,1132,meta-llama/Llama-3.1-8B,512,4,0,653607993,653607993,475459225,515370937,46079018,"[14462879, 87991051, 35783126]"
52,1204,meta-llama/Llama-3.1-8B,512,4,0,678724183,678724183,529833816,617824867,20299772,"[35783126, 13811029, 11305161]"
52,1276,meta-llama/Llama-3.1-8B,512,4,0,678724183,678724183,529833816,617824867,20299772,"[35783126, 13811029, 11305161]"
52,1348,meta-llama/Llama-3.1-8B,512,4,0,678724183,678724183,529833816,617824867,20299772,"[35783126, 13811029, 11305161]"
52,1420,meta-llama/Llama-3.1-8B,512,4,0,690016132,690016132,617824867,653607993,12136046,"[13811029, 11305161, 11291949]"
52,1492,meta-llama/Llama-3.1-8B,520,4,3000000000,7602425990,4602425990,37406,4567881068,11514974,"[11513918, 11514974, 11516030]"
52,1564,meta-llama/Llama-3.1-8B,520,4,3000000000,7602425990,4602425990,37406,4567881068,11514974,"[11513918, 11514974, 11516030]"
52,1636,meta-llama/Llama-3.1-8B,520,4,3000000000,7602425990,4602425990,37406,4567881068,11514974,"[11513918, 11514974, 11516030]"
52,1708,meta-llama/Llama-3.1-8B,520,4,3000000000,7602425990,4602425990,37406,4567881068,11514974,"[11513918, 11514974, 11516030]"
52,1780,meta-llama/Llama-3.1-8B,520,4,3000000000,7602425990,4602425990,37406,4567881068,11514974,"[11513918, 11514974, 11516030]"
52,1852,meta-llama/Llama-3.1-8B,520,4,3000000000,7602425990,4602425990,37406,4567881068,11514974,"[11513918, 11514974, 11516030]"
52,1924,meta-llama/Llama-3.1-8B,520,4,3000000000,7602425990,4602425990,37406,4567881068,11514974,"[11513918, 11514974, 11516030]"
52,1996,meta-llama/Llama-3.1-8B,520,4,3000000000,7602425990,4602425990,37406,4567881068,11514974,"[11513918, 11514974, 11516030]"
52,2068,meta-llama/Llama-3.1-8B,520,4,3000000000,13787663750,10787663750,4602425990,10753118828,11514974,"[11513918, 11514974, 11516030]"
52,2140,meta-llama/Llama-3.1-8B,520,4,3000000000,13787663750,10787663750,4602425990,10753118828,11514974,"[11513918, 11514974, 11516030]"
52,2212,meta-llama/Llama-3.1-8B,520,4,3000000000,13787663750,10787663750,4602425990,10753118828,11514974,"[11513918, 11514974, 11516030]"
52,2284,meta-llama/Llama-3.1-8B,520,4,3000000000,13787663750,10787663750,4602425990,10753118828,11514974,"[11513918, 11514974, 11516030]"
52,2356,meta-llama/Llama-3.1-8B,520,4,3000000000,13787663750,10787663750,4602425990,10753118828,11514974,"[11513918, 11514974, 11516030]"
52,2428,meta-llama/Llama-3.1-8B,520,4,3000000000,13787663750,10787663750,4602425990,10753118828,11514974,"[11513918, 11514974, 11516030]"
52,2500,meta-llama/Llama-3.1-8B,520,4,3000000000,13787663750,10787663750,4602425990,10753118828,11514974,"[11513918, 11514974, 11516030]"
52,2572,meta-llama/Llama-3.1-8B,520,4,3000000000,13787663750,10787663750,4602425990,10753118828,11514974,"[11513918, 11514974, 11516030]"
52,2644,meta-llama/Llama-3.1-8B,520,4,3000000000,19970312762,16970312762,10787663750,16936470023,11280913,"[11280401, 11280913, 11281425]"
52,2716,meta-llama/Llama-3.1-8B,520,4,3000000000,19970312762,16970312762,10787663750,16936470023,11280913,"[11280401, 11280913, 11281425]"
52,2788,meta-llama/Llama-3.1-8B,520,4,3000000000,19970312762,16970312762,10787663750,16936470023,11280913,"[11280401, 11280913, 11281425]"
52,2860,meta-llama/Llama-3.1-8B,520,4,3000000000,19970312762,16970312762,10787663750,16936470023,11280913,"[11280401, 11280913, 11281425]"
53,53,meta-llama/Llama-3.1-8B,512,4,0,265375394,265375394,1,111295638,51359918,"[121233056, 21176464, 11670236]"
53,125,meta-llama/Llama-3.1-8B,512,4,0,265375394,265375394,1,111295638,51359918,"[121233056, 21176464, 11670236]"
53,197,meta-llama/Llama-3.1-8B,512,4,0,265375394,265375394,1,111295638,51359918,"[121233056, 21176464, 11670236]"
53,269,meta-llama/Llama-3.1-8B,512,4,0,265375394,265375394,1,111295638,51359918,"[121233056, 21176464, 11670236]"
53,341,meta-llama/Llama-3.1-8B,512,4,0,376901515,376901515,111295638,232528694,48124273,"[21176464, 11670236, 111526121]"
53,413,meta-llama/Llama-3.1-8B,512,4,0,376901515,376901515,111295638,232528694,48124273,"[21176464, 11670236, 111526121]"
53,485,meta-llama/Llama-3.1-8B,512,4,0,376901515,376901515,111295638,232528694,48124273,"[21176464, 11670236, 111526121]"
53,557,meta-llama/Llama-3.1-8B,512,4,0,475855399,475855399,232528694,253705158,74050080,"[11670236, 111526121, 98953884]"
53,629,meta-llama/Llama-3.1-8B,512,4,0,529835988,529835988,265375394,376901515,50978157,"[98953884, 39648787, 14331802]"
53,701,meta-llama/Llama-3.1-8B,512,4,0,529835988,529835988,265375394,376901515,50978157,"[98953884, 39648787, 14331802]"
53,773,meta-llama/Llama-3.1-8B,512,4,0,529835988,529835988,265375394,376901515,50978157,"[98953884, 39648787, 14331802]"
53,845,meta-llama/Llama-3.1-8B,512,4,0,618220271,618220271,376901515,475855399,47454957,"[39648787, 14331802, 88384283]"
53,917,meta-llama/Llama-3.1-8B,512,4,0,618220271,618220271,376901515,475855399,47454957,"[39648787, 14331802, 88384283]"
53,989,meta-llama/Llama-3.1-8B,512,4,0,618220271,618220271,376901515,475855399,47454957,"[39648787, 14331802, 88384283]"
53,1061,meta-llama/Llama-3.1-8B,512,4,0,618220271,618220271,376901515,475855399,47454957,"[39648787, 14331802, 88384283]"
53,1133,meta-llama/Llama-3.1-8B,512,4,0,653740473,653740473,475855399,515504186,46078762,"[14331802, 88384283, 35520202]"
53,1205,meta-llama/Llama-3.1-8B,512,4,0,678725329,678725329,529835988,618220271,20168352,"[35520202, 13679695, 11305161]"
53,1277,meta-llama/Llama-3.1-8B,512,4,0,678725329,678725329,529835988,618220271,20168352,"[35520202, 13679695, 11305161]"
53,1349,meta-llama/Llama-3.1-8B,512,4,0,678725329,678725329,529835988,618220271,20168352,"[35520202, 13679695, 11305161]"
53,1421,meta-llama/Llama-3.1-8B,512,4,0,690016508,690016508,618220271,653740473,12092011,"[13679695, 11305161, 11291179]"
53,1493,meta-llama/Llama-3.1-8B,520,4,3000000000,7688332070,4688332070,37406,4653787148,11514974,"[11513918, 11514974, 11516030]"
53,1565,meta-llama/Llama-3.1-8B,520,4,3000000000,7688332070,4688332070,37406,4653787148,11514974,"[11513918, 11514974, 11516030]"
53,1637,meta-llama/Llama-3.1-8B,520,4,3000000000,7688332070,4688332070,37406,4653787148,11514974,"[11513918, 11514974, 11516030]"
53,1709,meta-llama/Llama-3.1-8B,520,4,3000000000,7688332070,4688332070,37406,4653787148,11514974,"[11513918, 11514974, 11516030]"
53,1781,meta-llama/Llama-3.1-8B,520,4,3000000000,7688332070,4688332070,37406,4653787148,11514974,"[11513918, 11514974, 11516030]"
53,1853,meta-llama/Llama-3.1-8B,520,4,3000000000,7688332070,4688332070,37406,4653787148,11514974,"[11513918, 11514974, 11516030]"
53,1925,meta-llama/Llama-3.1-8B,520,4,3000000000,7688332070,4688332070,37406,4653787148,11514974,"[11513918, 11514974, 11516030]"
53,1997,meta-llama/Llama-3.1-8B,520,4,3000000000,7688332070,4688332070,37406,4653787148,11514974,"[11513918, 11514974, 11516030]"
53,2069,meta-llama/Llama-3.1-8B,520,4,3000000000,13873569830,10873569830,4688332070,10839024908,11514974,"[11513918, 11514974, 11516030]"
53,2141,meta-llama/Llama-3.1-8B,520,4,3000000000,13873569830,10873569830,4688332070,10839024908,11514974,"[11513918, 11514974, 11516030]"
53,2213,meta-llama/Llama-3.1-8B,520,4,3000000000,13873569830,10873569830,4688332070,10839024908,11514974,"[11513918, 11514974, 11516030]"
53,2285,meta-llama/Llama-3.1-8B,520,4,3000000000,13873569830,10873569830,4688332070,10839024908,11514974,"[11513918, 11514974, 11516030]"
53,2357,meta-llama/Llama-3.1-8B,520,4,3000000000,13873569830,10873569830,4688332070,10839024908,11514974,"[11513918, 11514974, 11516030]"
53,2429,meta-llama/Llama-3.1-8B,520,4,3000000000,13873569830,10873569830,4688332070,10839024908,11514974,"[11513918, 11514974, 11516030]"
53,2501,meta-llama/Llama-3.1-8B,520,4,3000000000,13873569830,10873569830,4688332070,10839024908,11514974,"[11513918, 11514974, 11516030]"
53,2573,meta-llama/Llama-3.1-8B,520,4,3000000000,13873569830,10873569830,4688332070,10839024908,11514974,"[11513918, 11514974, 11516030]"
53,2645,meta-llama/Llama-3.1-8B,520,4,3000000000,20056218842,17056218842,10873569830,17022376103,11280913,"[11280401, 11280913, 11281425]"
53,2717,meta-llama/Llama-3.1-8B,520,4,3000000000,20056218842,17056218842,10873569830,17022376103,11280913,"[11280401, 11280913, 11281425]"
53,2789,meta-llama/Llama-3.1-8B,520,4,3000000000,20056218842,17056218842,10873569830,17022376103,11280913,"[11280401, 11280913, 11281425]"
53,2861,meta-llama/Llama-3.1-8B,520,4,3000000000,20056218842,17056218842,10873569830,17022376103,11280913,"[11280401, 11280913, 11281425]"
54,54,meta-llama/Llama-3.1-8B,512,4,0,265377566,265377566,1,111821094,51185490,"[121233056, 20653949, 11669467]"
54,126,meta-llama/Llama-3.1-8B,512,4,0,265377566,265377566,1,111821094,51185490,"[121233056, 20653949, 11669467]"
54,198,meta-llama/Llama-3.1-8B,512,4,0,265377566,265377566,1,111821094,51185490,"[121233056, 20653949, 11669467]"
54,270,meta-llama/Llama-3.1-8B,512,4,0,265377566,265377566,1,111821094,51185490,"[121233056, 20653949, 11669467]"
54,342,meta-llama/Llama-3.1-8B,512,4,0,377426971,377426971,111821094,233054150,48124273,"[20653949, 11669467, 112049405]"
54,414,meta-llama/Llama-3.1-8B,512,4,0,377426971,377426971,111821094,233054150,48124273,"[20653949, 11669467, 112049405]"
54,486,meta-llama/Llama-3.1-8B,512,4,0,377426971,377426971,111821094,233054150,48124273,"[20653949, 11669467, 112049405]"
54,558,meta-llama/Llama-3.1-8B,512,4,0,476251573,476251573,233054150,253708099,74181158,"[11669467, 112049405, 98824602]"
54,630,meta-llama/Llama-3.1-8B,512,4,0,529838160,529838160,265377566,377426971,50803729,"[98824602, 39385862, 14200725]"
54,702,meta-llama/Llama-3.1-8B,512,4,0,529838160,529838160,265377566,377426971,50803729,"[98824602, 39385862, 14200725]"
54,774,meta-llama/Llama-3.1-8B,512,4,0,529838160,529838160,265377566,377426971,50803729,"[98824602, 39385862, 14200725]"
54,846,meta-llama/Llama-3.1-8B,512,4,0,618643712,618643712,377426971,476251573,47464046,"[39385862, 14200725, 88805552]"
54,918,meta-llama/Llama-3.1-8B,512,4,0,618643712,618643712,377426971,476251573,47464046,"[39385862, 14200725, 88805552]"
54,990,meta-llama/Llama-3.1-8B,512,4,0,618643712,618643712,377426971,476251573,47464046,"[39385862, 14200725, 88805552]"
54,1062,meta-llama/Llama-3.1-8B,512,4,0,618643712,618643712,377426971,476251573,47464046,"[39385862, 14200725, 88805552]"
54,1134,meta-llama/Llama-3.1-8B,512,4,0,653872953,653872953,476251573,515637435,46078506,"[14200725, 88805552, 35229241]"
54,1206,meta-llama/Llama-3.1-8B,512,4,0,678726475,678726475,529838160,618643712,20027587,"[35229241, 13548361, 11305161]"
54,1278,meta-llama/Llama-3.1-8B,512,4,0,678726475,678726475,529838160,618643712,20027587,"[35229241, 13548361, 11305161]"
54,1350,meta-llama/Llama-3.1-8B,512,4,0,678726475,678726475,529838160,618643712,20027587,"[35229241, 13548361, 11305161]"
54,1422,meta-llama/Llama-3.1-8B,512,4,0,690022102,690022102,618643712,653872953,12049716,"[13548361, 11305161, 11295627]"
54,1494,meta-llama/Llama-3.1-8B,520,4,3000000000,7774238150,4774238150,37406,4739693228,11514974,"[11513918, 11514974, 11516030]"
54,1566,meta-llama/Llama-3.1-8B,520,4,3000000000,7774238150,4774238150,37406,4739693228,11514974,"[11513918, 11514974, 11516030]"
54,1638,meta-llama/Llama-3.1-8B,520,4,3000000000,7774238150,4774238150,37406,4739693228,11514974,"[11513918, 11514974, 11516030]"
54,1710,meta-llama/Llama-3.1-8B,520,4,3000000000,7774238150,4774238150,37406,4739693228,11514974,"[11513918, 11514974, 11516030]"
54,1782,meta-llama/Llama-3.1-8B,520,4,3000000000,7774238150,4774238150,37406,4739693228,11514974,"[11513918, 11514974, 11516030]"
54,1854,meta-llama/Llama-3.1-8B,520,4,3000000000,7774238150,4774238150,37406,4739693228,11514974,"[11513918, 11514974, 11516030]"
54,1926,meta-llama/Llama-3.1-8B,520,4,3000000000,7774238150,4774238150,37406,4739693228,11514974,"[11513918, 11514974, 11516030]"
54,1998,meta-llama/Llama-3.1-8B,520,4,3000000000,7774238150,4774238150,37406,4739693228,11514974,"[11513918, 11514974, 11516030]"
54,2070,meta-llama/Llama-3.1-8B,520,4,3000000000,13959475910,10959475910,4774238150,10924930988,11514974,"[11513918, 11514974, 11516030]"
54,2142,meta-llama/Llama-3.1-8B,520,4,3000000000,13959475910,10959475910,4774238150,10924930988,11514974,"[11513918, 11514974, 11516030]"
54,2214,meta-llama/Llama-3.1-8B,520,4,3000000000,13959475910,10959475910,4774238150,10924930988,11514974,"[11513918, 11514974, 11516030]"
54,2286,meta-llama/Llama-3.1-8B,520,4,3000000000,13959475910,10959475910,4774238150,10924930988,11514974,"[11513918, 11514974, 11516030]"
54,2358,meta-llama/Llama-3.1-8B,520,4,3000000000,13959475910,10959475910,4774238150,10924930988,11514974,"[11513918, 11514974, 11516030]"
54,2430,meta-llama/Llama-3.1-8B,520,4,3000000000,13959475910,10959475910,4774238150,10924930988,11514974,"[11513918, 11514974, 11516030]"
54,2502,meta-llama/Llama-3.1-8B,520,4,3000000000,13959475910,10959475910,4774238150,10924930988,11514974,"[11513918, 11514974, 11516030]"
54,2574,meta-llama/Llama-3.1-8B,520,4,3000000000,13959475910,10959475910,4774238150,10924930988,11514974,"[11513918, 11514974, 11516030]"
54,2646,meta-llama/Llama-3.1-8B,520,4,3000000000,20142124922,17142124922,10959475910,17108282183,11280913,"[11280401, 11280913, 11281425]"
54,2718,meta-llama/Llama-3.1-8B,520,4,3000000000,20142124922,17142124922,10959475910,17108282183,11280913,"[11280401, 11280913, 11281425]"
54,2790,meta-llama/Llama-3.1-8B,520,4,3000000000,20142124922,17142124922,10959475910,17108282183,11280913,"[11280401, 11280913, 11281425]"
54,2862,meta-llama/Llama-3.1-8B,520,4,3000000000,20142124922,17142124922,10959475910,17108282183,11280913,"[11280401, 11280913, 11281425]"
55,55,meta-llama/Llama-3.1-8B,512,4,0,265379738,265379738,1,112346550,51011062,"[121233056, 20131434, 11668698]"
55,127,meta-llama/Llama-3.1-8B,512,4,0,265379738,265379738,1,112346550,51011062,"[121233056, 20131434, 11668698]"
55,199,meta-llama/Llama-3.1-8B,512,4,0,265379738,265379738,1,112346550,51011062,"[121233056, 20131434, 11668698]"
55,271,meta-llama/Llama-3.1-8B,512,4,0,265379738,265379738,1,112346550,51011062,"[121233056, 20131434, 11668698]"
55,343,meta-llama/Llama-3.1-8B,512,4,0,377952427,377952427,112346550,233579606,48124273,"[20131434, 11668698, 112572689]"
55,415,meta-llama/Llama-3.1-8B,512,4,0,377952427,377952427,112346550,233579606,48124273,"[20131434, 11668698, 112572689]"
55,487,meta-llama/Llama-3.1-8B,512,4,0,377952427,377952427,112346550,233579606,48124273,"[20131434, 11668698, 112572689]"
55,559,meta-llama/Llama-3.1-8B,512,4,0,476647747,476647747,233579606,253711040,74312235,"[11668698, 112572689, 98695320]"
55,631,meta-llama/Llama-3.1-8B,512,4,0,529996299,529996299,265379738,377952427,50681290,"[98695320, 39122937, 14225615]"
55,703,meta-llama/Llama-3.1-8B,512,4,0,529996299,529996299,265379738,377952427,50681290,"[98695320, 39122937, 14225615]"
55,775,meta-llama/Llama-3.1-8B,512,4,0,529996299,529996299,265379738,377952427,50681290,"[98695320, 39122937, 14225615]"
55,847,meta-llama/Llama-3.1-8B,512,4,0,619039116,619039116,377952427,476647747,47463789,"[39122937, 14225615, 89042817]"
55,919,meta-llama/Llama-3.1-8B,512,4,0,619039116,619039116,377952427,476647747,47463789,"[39122937, 14225615, 89042817]"
55,991,meta-llama/Llama-3.1-8B,512,4,0,619039116,619039116,377952427,476647747,47463789,"[39122937, 14225615, 89042817]"
55,1063,meta-llama/Llama-3.1-8B,512,4,0,619039116,619039116,377952427,476647747,47463789,"[39122937, 14225615, 89042817]"
55,1135,meta-llama/Llama-3.1-8B,512,4,0,654005433,654005433,476647747,515770684,46078249,"[14225615, 89042817, 34966317]"
55,1207,meta-llama/Llama-3.1-8B,512,4,0,678727621,678727621,529996299,619039116,19896168,"[34966317, 13417027, 11305161]"
55,1279,meta-llama/Llama-3.1-8B,512,4,0,678727621,678727621,529996299,619039116,19896168,"[34966317, 13417027, 11305161]"
55,1351,meta-llama/Llama-3.1-8B,512,4,0,678727621,678727621,529996299,619039116,19896168,"[34966317, 13417027, 11305161]"
55,1423,meta-llama/Llama-3.1-8B,512,4,0,690031390,690031390,619039116,654005433,12008652,"[13417027, 11305161, 11303769]"
55,1495,meta-llama/Llama-3.1-8B,520,4,3000000000,7860144230,4860144230,37406,4825599308,11514974,"[11513918, 11514974, 11516030]"
55,1567,meta-llama/Llama-3.1-8B,520,4,3000000000,7860144230,4860144230,37406,4825599308,11514974,"[11513918, 11514974, 11516030]"
55,1639,meta-llama/Llama-3.1-8B,520,4,3000000000,7860144230,4860144230,37406,4825599308,11514974,"[11513918, 11514974, 11516030]"
55,1711,meta-llama/Llama-3.1-8B,520,4,3000000000,7860144230,4860144230,37406,4825599308,11514974,"[11513918, 11514974, 11516030]"
55,1783,meta-llama/Llama-3.1-8B,520,4,3000000000,7860144230,4860144230,37406,4825599308,11514974,"[11513918, 11514974, 11516030]"
55,1855,meta-llama/Llama-3.1-8B,520,4,3000000000,7860144230,4860144230,37406,4825599308,11514974,"[11513918, 11514974, 11516030]"
55,1927,meta-llama/Llama-3.1-8B,520,4,3000000000,7860144230,4860144230,37406,4825599308,11514974,"[11513918, 11514974, 11516030]"
55,1999,meta-llama/Llama-3.1-8B,520,4,3000000000,7860144230,4860144230,37406,4825599308,11514974,"[11513918, 11514974, 11516030]"
55,2071,meta-llama/Llama-3.1-8B,520,4,3000000000,14045381990,11045381990,4860144230,11010837068,11514974,"[11513918, 11514974, 11516030]"
55,2143,meta-llama/Llama-3.1-8B,520,4,3000000000,14045381990,11045381990,4860144230,11010837068,11514974,"[11513918, 11514974, 11516030]"
55,2215,meta-llama/Llama-3.1-8B,520,4,3000000000,14045381990,11045381990,4860144230,11010837068,11514974,"[11513918, 11514974, 11516030]"
55,2287,meta-llama/Llama-3.1-8B,520,4,3000000000,14045381990,11045381990,4860144230,11010837068,11514974,"[11513918, 11514974, 11516030]"
55,2359,meta-llama/Llama-3.1-8B,520,4,3000000000,14045381990,11045381990,4860144230,11010837068,11514974,"[11513918, 11514974, 11516030]"
55,2431,meta-llama/Llama-3.1-8B,520,4,3000000000,14045381990,11045381990,4860144230,11010837068,11514974,"[11513918, 11514974, 11516030]"
55,2503,meta-llama/Llama-3.1-8B,520,4,3000000000,14045381990,11045381990,4860144230,11010837068,11514974,"[11513918, 11514974, 11516030]"
55,2575,meta-llama/Llama-3.1-8B,520,4,3000000000,14045381990,11045381990,4860144230,11010837068,11514974,"[11513918, 11514974, 11516030]"
55,2647,meta-llama/Llama-3.1-8B,520,4,3000000000,20228031002,17228031002,11045381990,17194188263,11280913,"[11280401, 11280913, 11281425]"
55,2719,meta-llama/Llama-3.1-8B,520,4,3000000000,20228031002,17228031002,11045381990,17194188263,11280913,"[11280401, 11280913, 11281425]"
55,2791,meta-llama/Llama-3.1-8B,520,4,3000000000,20228031002,17228031002,11045381990,17194188263,11280913,"[11280401, 11280913, 11281425]"
55,2863,meta-llama/Llama-3.1-8B,520,4,3000000000,20228031002,17228031002,11045381990,17194188263,11280913,"[11280401, 11280913, 11281425]"
56,56,meta-llama/Llama-3.1-8B,512,4,0,265381910,265381910,1,112872006,50836634,"[121233056, 19608919, 11667929]"
56,128,meta-llama/Llama-3.1-8B,512,4,0,265381910,265381910,1,112872006,50836634,"[121233056, 19608919, 11667929]"
56,200,meta-llama/Llama-3.1-8B,512,4,0,265381910,265381910,1,112872006,50836634,"[121233056, 19608919, 11667929]"
56,272,meta-llama/Llama-3.1-8B,512,4,0,265381910,265381910,1,112872006,50836634,"[121233056, 19608919, 11667929]"
56,344,meta-llama/Llama-3.1-8B,512,4,0,378477883,378477883,112872006,234105062,48124273,"[19608919, 11667929, 113095973]"
56,416,meta-llama/Llama-3.1-8B,512,4,0,378477883,378477883,112872006,234105062,48124273,"[19608919, 11667929, 113095973]"
56,488,meta-llama/Llama-3.1-8B,512,4,0,378477883,378477883,112872006,234105062,48124273,"[19608919, 11667929, 113095973]"
56,560,meta-llama/Llama-3.1-8B,512,4,0,477043921,477043921,234105062,253713981,74443313,"[11667929, 113095973, 98566038]"
56,632,meta-llama/Llama-3.1-8B,512,4,0,529998471,529998471,265381910,378477883,50506862,"[98566038, 38860012, 14094538]"
56,704,meta-llama/Llama-3.1-8B,512,4,0,529998471,529998471,265381910,378477883,50506862,"[98566038, 38860012, 14094538]"
56,776,meta-llama/Llama-3.1-8B,512,4,0,529998471,529998471,265381910,378477883,50506862,"[98566038, 38860012, 14094538]"
56,848,meta-llama/Llama-3.1-8B,512,4,0,619434520,619434520,378477883,477043921,47463533,"[38860012, 14094538, 89436049]"
56,920,meta-llama/Llama-3.1-8B,512,4,0,619434520,619434520,378477883,477043921,47463533,"[38860012, 14094538, 89436049]"
56,992,meta-llama/Llama-3.1-8B,512,4,0,619434520,619434520,378477883,477043921,47463533,"[38860012, 14094538, 89436049]"
56,1064,meta-llama/Llama-3.1-8B,512,4,0,619434520,619434520,378477883,477043921,47463533,"[38860012, 14094538, 89436049]"
56,1136,meta-llama/Llama-3.1-8B,512,4,0,654138033,654138033,477043921,515903933,46078033,"[14094538, 89436049, 34703513]"
56,1208,meta-llama/Llama-3.1-8B,512,4,0,678728767,678728767,529998471,619434520,19764749,"[34703513, 13285573, 11305161]"
56,1280,meta-llama/Llama-3.1-8B,512,4,0,678728767,678728767,529998471,619434520,19764749,"[34703513, 13285573, 11305161]"
56,1352,meta-llama/Llama-3.1-8B,512,4,0,678728767,678728767,529998471,619434520,19764749,"[34703513, 13285573, 11305161]"
56,1424,meta-llama/Llama-3.1-8B,512,4,0,690031766,690031766,619434520,654138033,11964577,"[13285573, 11305161, 11302999]"
56,1496,meta-llama/Llama-3.1-8B,520,4,3000000000,7946050310,4946050310,37406,4911505388,11514974,"[11513918, 11514974, 11516030]"
56,1568,meta-llama/Llama-3.1-8B,520,4,3000000000,7946050310,4946050310,37406,4911505388,11514974,"[11513918, 11514974, 11516030]"
56,1640,meta-llama/Llama-3.1-8B,520,4,3000000000,7946050310,4946050310,37406,4911505388,11514974,"[11513918, 11514974, 11516030]"
56,1712,meta-llama/Llama-3.1-8B,520,4,3000000000,7946050310,4946050310,37406,4911505388,11514974,"[11513918, 11514974, 11516030]"
56,1784,meta-llama/Llama-3.1-8B,520,4,3000000000,7946050310,4946050310,37406,4911505388,11514974,"[11513918, 11514974, 11516030]"
56,1856,meta-llama/Llama-3.1-8B,520,4,3000000000,7946050310,4946050310,37406,4911505388,11514974,"[11513918, 11514974, 11516030]"
56,1928,meta-llama/Llama-3.1-8B,520,4,3000000000,7946050310,4946050310,37406,4911505388,11514974,"[11513918, 11514974, 11516030]"
56,2000,meta-llama/Llama-3.1-8B,520,4,3000000000,7946050310,4946050310,37406,4911505388,11514974,"[11513918, 11514974, 11516030]"
56,2072,meta-llama/Llama-3.1-8B,520,4,3000000000,14131288070,11131288070,4946050310,11096743148,11514974,"[11513918, 11514974, 11516030]"
56,2144,meta-llama/Llama-3.1-8B,520,4,3000000000,14131288070,11131288070,4946050310,11096743148,11514974,"[11513918, 11514974, 11516030]"
56,2216,meta-llama/Llama-3.1-8B,520,4,3000000000,14131288070,11131288070,4946050310,11096743148,11514974,"[11513918, 11514974, 11516030]"
56,2288,meta-llama/Llama-3.1-8B,520,4,3000000000,14131288070,11131288070,4946050310,11096743148,11514974,"[11513918, 11514974, 11516030]"
56,2360,meta-llama/Llama-3.1-8B,520,4,3000000000,14131288070,11131288070,4946050310,11096743148,11514974,"[11513918, 11514974, 11516030]"
56,2432,meta-llama/Llama-3.1-8B,520,4,3000000000,14131288070,11131288070,4946050310,11096743148,11514974,"[11513918, 11514974, 11516030]"
56,2504,meta-llama/Llama-3.1-8B,520,4,3000000000,14131288070,11131288070,4946050310,11096743148,11514974,"[11513918, 11514974, 11516030]"
56,2576,meta-llama/Llama-3.1-8B,520,4,3000000000,14131288070,11131288070,4946050310,11096743148,11514974,"[11513918, 11514974, 11516030]"
56,2648,meta-llama/Llama-3.1-8B,520,4,3000000000,20313937082,17313937082,11131288070,17280094343,11280913,"[11280401, 11280913, 11281425]"
56,2720,meta-llama/Llama-3.1-8B,520,4,3000000000,20313937082,17313937082,11131288070,17280094343,11280913,"[11280401, 11280913, 11281425]"
56,2792,meta-llama/Llama-3.1-8B,520,4,3000000000,20313937082,17313937082,11131288070,17280094343,11280913,"[11280401, 11280913, 11281425]"
56,2864,meta-llama/Llama-3.1-8B,520,4,3000000000,20313937082,17313937082,11131288070,17280094343,11280913,"[11280401, 11280913, 11281425]"
57,57,meta-llama/Llama-3.1-8B,512,4,0,265384210,265384210,1,113397462,50662249,"[121233056, 19086404, 11667288]"
57,129,meta-llama/Llama-3.1-8B,512,4,0,265384210,265384210,1,113397462,50662249,"[121233056, 19086404, 11667288]"
57,201,meta-llama/Llama-3.1-8B,512,4,0,265384210,265384210,1,113397462,50662249,"[121233056, 19086404, 11667288]"
57,273,meta-llama/Llama-3.1-8B,512,4,0,265384210,265384210,1,113397462,50662249,"[121233056, 19086404, 11667288]"
57,345,meta-llama/Llama-3.1-8B,512,4,0,379003339,379003339,113397462,234630518,48124273,"[19086404, 11667288, 113619129]"
57,417,meta-llama/Llama-3.1-8B,512,4,0,379003339,379003339,113397462,234630518,48124273,"[19086404, 11667288, 113619129]"
57,489,meta-llama/Llama-3.1-8B,512,4,0,379003339,379003339,113397462,234630518,48124273,"[19086404, 11667288, 113619129]"
57,561,meta-llama/Llama-3.1-8B,512,4,0,477440095,477440095,234630518,253716922,74574391,"[11667288, 113619129, 98436756]"
57,633,meta-llama/Llama-3.1-8B,512,4,0,530000643,530000643,265384210,379003339,50332434,"[98436756, 38597087, 13963461]"
57,705,meta-llama/Llama-3.1-8B,512,4,0,530000643,530000643,265384210,379003339,50332434,"[98436756, 38597087, 13963461]"
57,777,meta-llama/Llama-3.1-8B,512,4,0,530000643,530000643,265384210,379003339,50332434,"[98436756, 38597087, 13963461]"
57,849,meta-llama/Llama-3.1-8B,512,4,0,619857961,619857961,379003339,477440095,47472622,"[38597087, 13963461, 89857318]"
57,921,meta-llama/Llama-3.1-8B,512,4,0,619857961,619857961,379003339,477440095,47472622,"[38597087, 13963461, 89857318]"
57,993,meta-llama/Llama-3.1-8B,512,4,0,619857961,619857961,379003339,477440095,47472622,"[38597087, 13963461, 89857318]"
57,1065,meta-llama/Llama-3.1-8B,512,4,0,619857961,619857961,379003339,477440095,47472622,"[38597087, 13963461, 89857318]"
57,1137,meta-llama/Llama-3.1-8B,512,4,0,654270513,654270513,477440095,516037182,46077777,"[13963461, 89857318, 34412552]"
57,1209,meta-llama/Llama-3.1-8B,512,4,0,678729913,678729913,530000643,619857961,19623984,"[34412552, 13154479, 11304921]"
57,1281,meta-llama/Llama-3.1-8B,512,4,0,678729913,678729913,530000643,619857961,19623984,"[34412552, 13154479, 11304921]"
57,1353,meta-llama/Llama-3.1-8B,512,4,0,678729913,678729913,530000643,619857961,19623984,"[34412552, 13154479, 11304921]"
57,1425,meta-llama/Llama-3.1-8B,512,4,0,690032142,690032142,619857961,654270513,11920543,"[13154479, 11304921, 11302229]"
57,1497,meta-llama/Llama-3.1-8B,520,4,3000000000,8031956390,5031956390,37406,4997411468,11514974,"[11513918, 11514974, 11516030]"
57,1569,meta-llama/Llama-3.1-8B,520,4,3000000000,8031956390,5031956390,37406,4997411468,11514974,"[11513918, 11514974, 11516030]"
57,1641,meta-llama/Llama-3.1-8B,520,4,3000000000,8031956390,5031956390,37406,4997411468,11514974,"[11513918, 11514974, 11516030]"
57,1713,meta-llama/Llama-3.1-8B,520,4,3000000000,8031956390,5031956390,37406,4997411468,11514974,"[11513918, 11514974, 11516030]"
57,1785,meta-llama/Llama-3.1-8B,520,4,3000000000,8031956390,5031956390,37406,4997411468,11514974,"[11513918, 11514974, 11516030]"
57,1857,meta-llama/Llama-3.1-8B,520,4,3000000000,8031956390,5031956390,37406,4997411468,11514974,"[11513918, 11514974, 11516030]"
57,1929,meta-llama/Llama-3.1-8B,520,4,3000000000,8031956390,5031956390,37406,4997411468,11514974,"[11513918, 11514974, 11516030]"
57,2001,meta-llama/Llama-3.1-8B,520,4,3000000000,8031956390,5031956390,37406,4997411468,11514974,"[11513918, 11514974, 11516030]"
57,2073,meta-llama/Llama-3.1-8B,520,4,3000000000,14217194150,11217194150,5031956390,11182649228,11514974,"[11513918, 11514974, 11516030]"
57,2145,meta-llama/Llama-3.1-8B,520,4,3000000000,14217194150,11217194150,5031956390,11182649228,11514974,"[11513918, 11514974, 11516030]"
57,2217,meta-llama/Llama-3.1-8B,520,4,3000000000,14217194150,11217194150,5031956390,11182649228,11514974,"[11513918, 11514974, 11516030]"
57,2289,meta-llama/Llama-3.1-8B,520,4,3000000000,14217194150,11217194150,5031956390,11182649228,11514974,"[11513918, 11514974, 11516030]"
57,2361,meta-llama/Llama-3.1-8B,520,4,3000000000,14217194150,11217194150,5031956390,11182649228,11514974,"[11513918, 11514974, 11516030]"
57,2433,meta-llama/Llama-3.1-8B,520,4,3000000000,14217194150,11217194150,5031956390,11182649228,11514974,"[11513918, 11514974, 11516030]"
57,2505,meta-llama/Llama-3.1-8B,520,4,3000000000,14217194150,11217194150,5031956390,11182649228,11514974,"[11513918, 11514974, 11516030]"
57,2577,meta-llama/Llama-3.1-8B,520,4,3000000000,14217194150,11217194150,5031956390,11182649228,11514974,"[11513918, 11514974, 11516030]"
57,2649,meta-llama/Llama-3.1-8B,520,4,3000000000,20399843162,17399843162,11217194150,17366000423,11280913,"[11280401, 11280913, 11281425]"
57,2721,meta-llama/Llama-3.1-8B,520,4,3000000000,20399843162,17399843162,11217194150,17366000423,11280913,"[11280401, 11280913, 11281425]"
57,2793,meta-llama/Llama-3.1-8B,520,4,3000000000,20399843162,17399843162,11217194150,17366000423,11280913,"[11280401, 11280913, 11281425]"
57,2865,meta-llama/Llama-3.1-8B,520,4,3000000000,20399843162,17399843162,11217194150,17366000423,11280913,"[11280401, 11280913, 11281425]"
58,58,meta-llama/Llama-3.1-8B,512,4,0,265386382,265386382,1,113922918,50487821,"[121233056, 18563889, 11666519]"
58,130,meta-llama/Llama-3.1-8B,512,4,0,265386382,265386382,1,113922918,50487821,"[121233056, 18563889, 11666519]"
58,202,meta-llama/Llama-3.1-8B,512,4,0,265386382,265386382,1,113922918,50487821,"[121233056, 18563889, 11666519]"
58,274,meta-llama/Llama-3.1-8B,512,4,0,265386382,265386382,1,113922918,50487821,"[121233056, 18563889, 11666519]"
58,346,meta-llama/Llama-3.1-8B,512,4,0,379528795,379528795,113922918,235155974,48124273,"[18563889, 11666519, 114142413]"
58,418,meta-llama/Llama-3.1-8B,512,4,0,379528795,379528795,113922918,235155974,48124273,"[18563889, 11666519, 114142413]"
58,490,meta-llama/Llama-3.1-8B,512,4,0,379528795,379528795,113922918,235155974,48124273,"[18563889, 11666519, 114142413]"
58,562,meta-llama/Llama-3.1-8B,512,4,0,477836269,477836269,235155974,253719863,74705468,"[11666519, 114142413, 98307474]"
58,634,meta-llama/Llama-3.1-8B,512,4,0,530002815,530002815,265386382,379528795,50158006,"[98307474, 38334162, 13832384]"
58,706,meta-llama/Llama-3.1-8B,512,4,0,530002815,530002815,265386382,379528795,50158006,"[98307474, 38334162, 13832384]"
58,778,meta-llama/Llama-3.1-8B,512,4,0,530002815,530002815,265386382,379528795,50158006,"[98307474, 38334162, 13832384]"
58,850,meta-llama/Llama-3.1-8B,512,4,0,620253365,620253365,379528795,477836269,47472365,"[38334162, 13832384, 90250550]"
58,922,meta-llama/Llama-3.1-8B,512,4,0,620253365,620253365,379528795,477836269,47472365,"[38334162, 13832384, 90250550]"
58,994,meta-llama/Llama-3.1-8B,512,4,0,620253365,620253365,379528795,477836269,47472365,"[38334162, 13832384, 90250550]"
58,1066,meta-llama/Llama-3.1-8B,512,4,0,620253365,620253365,379528795,477836269,47472365,"[38334162, 13832384, 90250550]"
58,1138,meta-llama/Llama-3.1-8B,512,4,0,654405285,654405285,477836269,516170431,46078284,"[13832384, 90250550, 34151920]"
58,1210,meta-llama/Llama-3.1-8B,512,4,0,678731059,678731059,530002815,620253365,19492564,"[34151920, 13020853, 11304921]"
58,1282,meta-llama/Llama-3.1-8B,512,4,0,678731059,678731059,530002815,620253365,19492564,"[34151920, 13020853, 11304921]"
58,1354,meta-llama/Llama-3.1-8B,512,4,0,678731059,678731059,530002815,620253365,19492564,"[34151920, 13020853, 11304921]"
58,1426,meta-llama/Llama-3.1-8B,512,4,0,690032518,690032518,620253365,654405285,11875744,"[13020853, 11304921, 11301459]"
58,1498,meta-llama/Llama-3.1-8B,520,4,3000000000,8117862470,5117862470,37406,5083317548,11514974,"[11513918, 11514974, 11516030]"
58,1570,meta-llama/Llama-3.1-8B,520,4,3000000000,8117862470,5117862470,37406,5083317548,11514974,"[11513918, 11514974, 11516030]"
58,1642,meta-llama/Llama-3.1-8B,520,4,3000000000,8117862470,5117862470,37406,5083317548,11514974,"[11513918, 11514974, 11516030]"
58,1714,meta-llama/Llama-3.1-8B,520,4,3000000000,8117862470,5117862470,37406,5083317548,11514974,"[11513918, 11514974, 11516030]"
58,1786,meta-llama/Llama-3.1-8B,520,4,3000000000,8117862470,5117862470,37406,5083317548,11514974,"[11513918, 11514974, 11516030]"
58,1858,meta-llama/Llama-3.1-8B,520,4,3000000000,8117862470,5117862470,37406,5083317548,11514974,"[11513918, 11514974, 11516030]"
58,1930,meta-llama/Llama-3.1-8B,520,4,3000000000,8117862470,5117862470,37406,5083317548,11514974,"[11513918, 11514974, 11516030]"
58,2002,meta-llama/Llama-3.1-8B,520,4,3000000000,8117862470,5117862470,37406,5083317548,11514974,"[11513918, 11514974, 11516030]"
58,2074,meta-llama/Llama-3.1-8B,520,4,3000000000,14303100230,11303100230,5117862470,11268555308,11514974,"[11513918, 11514974, 11516030]"
58,2146,meta-llama/Llama-3.1-8B,520,4,3000000000,14303100230,11303100230,5117862470,11268555308,11514974,"[11513918, 11514974, 11516030]"
58,2218,meta-llama/Llama-3.1-8B,520,4,3000000000,14303100230,11303100230,5117862470,11268555308,11514974,"[11513918, 11514974, 11516030]"
58,2290,meta-llama/Llama-3.1-8B,520,4,3000000000,14303100230,11303100230,5117862470,11268555308,11514974,"[11513918, 11514974, 11516030]"
58,2362,meta-llama/Llama-3.1-8B,520,4,3000000000,14303100230,11303100230,5117862470,11268555308,11514974,"[11513918, 11514974, 11516030]"
58,2434,meta-llama/Llama-3.1-8B,520,4,3000000000,14303100230,11303100230,5117862470,11268555308,11514974,"[11513918, 11514974, 11516030]"
58,2506,meta-llama/Llama-3.1-8B,520,4,3000000000,14303100230,11303100230,5117862470,11268555308,11514974,"[11513918, 11514974, 11516030]"
58,2578,meta-llama/Llama-3.1-8B,520,4,3000000000,14303100230,11303100230,5117862470,11268555308,11514974,"[11513918, 11514974, 11516030]"
58,2650,meta-llama/Llama-3.1-8B,520,4,3000000000,20485749242,17485749242,11303100230,17451906503,11280913,"[11280401, 11280913, 11281425]"
58,2722,meta-llama/Llama-3.1-8B,520,4,3000000000,20485749242,17485749242,11303100230,17451906503,11280913,"[11280401, 11280913, 11281425]"
58,2794,meta-llama/Llama-3.1-8B,520,4,3000000000,20485749242,17485749242,11303100230,17451906503,11280913,"[11280401, 11280913, 11281425]"
58,2866,meta-llama/Llama-3.1-8B,520,4,3000000000,20485749242,17485749242,11303100230,17451906503,11280913,"[11280401, 11280913, 11281425]"
59,59,meta-llama/Llama-3.1-8B,512,4,0,265388554,265388554,1,114448374,50313393,"[121233056, 18041374, 11665750]"
59,131,meta-llama/Llama-3.1-8B,512,4,0,265388554,265388554,1,114448374,50313393,"[121233056, 18041374, 11665750]"
59,203,meta-llama/Llama-3.1-8B,512,4,0,265388554,265388554,1,114448374,50313393,"[121233056, 18041374, 11665750]"
59,275,meta-llama/Llama-3.1-8B,512,4,0,265388554,265388554,1,114448374,50313393,"[121233056, 18041374, 11665750]"
59,347,meta-llama/Llama-3.1-8B,512,4,0,380054251,380054251,114448374,235681430,48124273,"[18041374, 11665750, 114665697]"
59,419,meta-llama/Llama-3.1-8B,512,4,0,380054251,380054251,114448374,235681430,48124273,"[18041374, 11665750, 114665697]"
59,491,meta-llama/Llama-3.1-8B,512,4,0,380054251,380054251,114448374,235681430,48124273,"[18041374, 11665750, 114665697]"
59,563,meta-llama/Llama-3.1-8B,512,4,0,478232443,478232443,235681430,253722804,74836546,"[11665750, 114665697, 98178192]"
59,635,meta-llama/Llama-3.1-8B,512,4,0,530004987,530004987,265388554,380054251,49983578,"[98178192, 38071237, 13701307]"
59,707,meta-llama/Llama-3.1-8B,512,4,0,530004987,530004987,265388554,380054251,49983578,"[98178192, 38071237, 13701307]"
59,779,meta-llama/Llama-3.1-8B,512,4,0,530004987,530004987,265388554,380054251,49983578,"[98178192, 38071237, 13701307]"
59,851,meta-llama/Llama-3.1-8B,512,4,0,620648769,620648769,380054251,478232443,47472108,"[38071237, 13701307, 90643782]"
59,923,meta-llama/Llama-3.1-8B,512,4,0,620648769,620648769,380054251,478232443,47472108,"[38071237, 13701307, 90643782]"
59,995,meta-llama/Llama-3.1-8B,512,4,0,620648769,620648769,380054251,478232443,47472108,"[38071237, 13701307, 90643782]"
59,1067,meta-llama/Llama-3.1-8B,512,4,0,620648769,620648769,380054251,478232443,47472108,"[38071237, 13701307, 90643782]"
59,1139,meta-llama/Llama-3.1-8B,512,4,0,654537765,654537765,478232443,516303680,46078028,"[13701307, 90643782, 33888996]"
59,1211,meta-llama/Llama-3.1-8B,512,4,0,678732445,678732445,530004987,620648769,19361225,"[33888996, 12889519, 11305161]"
59,1283,meta-llama/Llama-3.1-8B,512,4,0,678732445,678732445,530004987,620648769,19361225,"[33888996, 12889519, 11305161]"
59,1355,meta-llama/Llama-3.1-8B,512,4,0,678732445,678732445,530004987,620648769,19361225,"[33888996, 12889519, 11305161]"
59,1427,meta-llama/Llama-3.1-8B,512,4,0,690032894,690032894,620648769,654537765,11831709,"[12889519, 11305161, 11300449]"
59,1499,meta-llama/Llama-3.1-8B,520,4,3000000000,8203768550,5203768550,37406,5169223628,11514974,"[11513918, 11514974, 11516030]"
59,1571,meta-llama/Llama-3.1-8B,520,4,3000000000,8203768550,5203768550,37406,5169223628,11514974,"[11513918, 11514974, 11516030]"
59,1643,meta-llama/Llama-3.1-8B,520,4,3000000000,8203768550,5203768550,37406,5169223628,11514974,"[11513918, 11514974, 11516030]"
59,1715,meta-llama/Llama-3.1-8B,520,4,3000000000,8203768550,5203768550,37406,5169223628,11514974,"[11513918, 11514974, 11516030]"
59,1787,meta-llama/Llama-3.1-8B,520,4,3000000000,8203768550,5203768550,37406,5169223628,11514974,"[11513918, 11514974, 11516030]"
59,1859,meta-llama/Llama-3.1-8B,520,4,3000000000,8203768550,5203768550,37406,5169223628,11514974,"[11513918, 11514974, 11516030]"
59,1931,meta-llama/Llama-3.1-8B,520,4,3000000000,8203768550,5203768550,37406,5169223628,11514974,"[11513918, 11514974, 11516030]"
59,2003,meta-llama/Llama-3.1-8B,520,4,3000000000,8203768550,5203768550,37406,5169223628,11514974,"[11513918, 11514974, 11516030]"
59,2075,meta-llama/Llama-3.1-8B,520,4,3000000000,14389006310,11389006310,5203768550,11354461388,11514974,"[11513918, 11514974, 11516030]"
59,2147,meta-llama/Llama-3.1-8B,520,4,3000000000,14389006310,11389006310,5203768550,11354461388,11514974,"[11513918, 11514974, 11516030]"
59,2219,meta-llama/Llama-3.1-8B,520,4,3000000000,14389006310,11389006310,5203768550,11354461388,11514974,"[11513918, 11514974, 11516030]"
59,2291,meta-llama/Llama-3.1-8B,520,4,3000000000,14389006310,11389006310,5203768550,11354461388,11514974,"[11513918, 11514974, 11516030]"
59,2363,meta-llama/Llama-3.1-8B,520,4,3000000000,14389006310,11389006310,5203768550,11354461388,11514974,"[11513918, 11514974, 11516030]"
59,2435,meta-llama/Llama-3.1-8B,520,4,3000000000,14389006310,11389006310,5203768550,11354461388,11514974,"[11513918, 11514974, 11516030]"
59,2507,meta-llama/Llama-3.1-8B,520,4,3000000000,14389006310,11389006310,5203768550,11354461388,11514974,"[11513918, 11514974, 11516030]"
59,2579,meta-llama/Llama-3.1-8B,520,4,3000000000,14389006310,11389006310,5203768550,11354461388,11514974,"[11513918, 11514974, 11516030]"
59,2651,meta-llama/Llama-3.1-8B,520,4,3000000000,20571655322,17571655322,11389006310,17537812583,11280913,"[11280401, 11280913, 11281425]"
59,2723,meta-llama/Llama-3.1-8B,520,4,3000000000,20571655322,17571655322,11389006310,17537812583,11280913,"[11280401, 11280913, 11281425]"
59,2795,meta-llama/Llama-3.1-8B,520,4,3000000000,20571655322,17571655322,11389006310,17537812583,11280913,"[11280401, 11280913, 11281425]"
59,2867,meta-llama/Llama-3.1-8B,520,4,3000000000,20571655322,17571655322,11389006310,17537812583,11280913,"[11280401, 11280913, 11281425]"
60,60,meta-llama/Llama-3.1-8B,512,4,0,265390726,265390726,1,114973830,50138965,"[121233056, 17518859, 11664981]"
60,132,meta-llama/Llama-3.1-8B,512,4,0,265390726,265390726,1,114973830,50138965,"[121233056, 17518859, 11664981]"
60,204,meta-llama/Llama-3.1-8B,512,4,0,265390726,265390726,1,114973830,50138965,"[121233056, 17518859, 11664981]"
60,276,meta-llama/Llama-3.1-8B,512,4,0,265390726,265390726,1,114973830,50138965,"[121233056, 17518859, 11664981]"
60,348,meta-llama/Llama-3.1-8B,512,4,0,380579707,380579707,114973830,236206886,48124273,"[17518859, 11664981, 115188981]"
60,420,meta-llama/Llama-3.1-8B,512,4,0,380579707,380579707,114973830,236206886,48124273,"[17518859, 11664981, 115188981]"
60,492,meta-llama/Llama-3.1-8B,512,4,0,380579707,380579707,114973830,236206886,48124273,"[17518859, 11664981, 115188981]"
60,564,meta-llama/Llama-3.1-8B,512,4,0,478628617,478628617,236206886,253725745,74967624,"[11664981, 115188981, 98048910]"
60,636,meta-llama/Llama-3.1-8B,512,4,0,530007159,530007159,265390726,380579707,49809150,"[98048910, 37808312, 13570230]"
60,708,meta-llama/Llama-3.1-8B,512,4,0,530007159,530007159,265390726,380579707,49809150,"[98048910, 37808312, 13570230]"
60,780,meta-llama/Llama-3.1-8B,512,4,0,530007159,530007159,265390726,380579707,49809150,"[98048910, 37808312, 13570230]"
60,852,meta-llama/Llama-3.1-8B,512,4,0,621072210,621072210,380579707,478628617,47481197,"[37808312, 13570230, 91065051]"
60,924,meta-llama/Llama-3.1-8B,512,4,0,621072210,621072210,380579707,478628617,47481197,"[37808312, 13570230, 91065051]"
60,996,meta-llama/Llama-3.1-8B,512,4,0,621072210,621072210,380579707,478628617,47481197,"[37808312, 13570230, 91065051]"
60,1068,meta-llama/Llama-3.1-8B,512,4,0,621072210,621072210,380579707,478628617,47481197,"[37808312, 13570230, 91065051]"
60,1140,meta-llama/Llama-3.1-8B,512,4,0,654670245,654670245,478628617,516436929,46077772,"[13570230, 91065051, 33598035]"
60,1212,meta-llama/Llama-3.1-8B,512,4,0,678733591,678733591,530007159,621072210,19220460,"[33598035, 12758185, 11305161]"
60,1284,meta-llama/Llama-3.1-8B,512,4,0,678733591,678733591,530007159,621072210,19220460,"[33598035, 12758185, 11305161]"
60,1356,meta-llama/Llama-3.1-8B,512,4,0,678733591,678733591,530007159,621072210,19220460,"[33598035, 12758185, 11305161]"
60,1428,meta-llama/Llama-3.1-8B,512,4,0,690033270,690033270,621072210,654670245,11787675,"[12758185, 11305161, 11299679]"
60,1500,meta-llama/Llama-3.1-8B,520,4,3000000000,8289674630,5289674630,37406,5255129708,11514974,"[11513918, 11514974, 11516030]"
60,1572,meta-llama/Llama-3.1-8B,520,4,3000000000,8289674630,5289674630,37406,5255129708,11514974,"[11513918, 11514974, 11516030]"
60,1644,meta-llama/Llama-3.1-8B,520,4,3000000000,8289674630,5289674630,37406,5255129708,11514974,"[11513918, 11514974, 11516030]"
60,1716,meta-llama/Llama-3.1-8B,520,4,3000000000,8289674630,5289674630,37406,5255129708,11514974,"[11513918, 11514974, 11516030]"
60,1788,meta-llama/Llama-3.1-8B,520,4,3000000000,8289674630,5289674630,37406,5255129708,11514974,"[11513918, 11514974, 11516030]"
60,1860,meta-llama/Llama-3.1-8B,520,4,3000000000,8289674630,5289674630,37406,5255129708,11514974,"[11513918, 11514974, 11516030]"
60,1932,meta-llama/Llama-3.1-8B,520,4,3000000000,8289674630,5289674630,37406,5255129708,11514974,"[11513918, 11514974, 11516030]"
60,2004,meta-llama/Llama-3.1-8B,520,4,3000000000,8289674630,5289674630,37406,5255129708,11514974,"[11513918, 11514974, 11516030]"
60,2076,meta-llama/Llama-3.1-8B,520,4,3000000000,14474912390,11474912390,5289674630,11440367468,11514974,"[11513918, 11514974, 11516030]"
60,2148,meta-llama/Llama-3.1-8B,520,4,3000000000,14474912390,11474912390,5289674630,11440367468,11514974,"[11513918, 11514974, 11516030]"
60,2220,meta-llama/Llama-3.1-8B,520,4,3000000000,14474912390,11474912390,5289674630,11440367468,11514974,"[11513918, 11514974, 11516030]"
60,2292,meta-llama/Llama-3.1-8B,520,4,3000000000,14474912390,11474912390,5289674630,11440367468,11514974,"[11513918, 11514974, 11516030]"
60,2364,meta-llama/Llama-3.1-8B,520,4,3000000000,14474912390,11474912390,5289674630,11440367468,11514974,"[11513918, 11514974, 11516030]"
60,2436,meta-llama/Llama-3.1-8B,520,4,3000000000,14474912390,11474912390,5289674630,11440367468,11514974,"[11513918, 11514974, 11516030]"
60,2508,meta-llama/Llama-3.1-8B,520,4,3000000000,14474912390,11474912390,5289674630,11440367468,11514974,"[11513918, 11514974, 11516030]"
60,2580,meta-llama/Llama-3.1-8B,520,4,3000000000,14474912390,11474912390,5289674630,11440367468,11514974,"[11513918, 11514974, 11516030]"
60,2652,meta-llama/Llama-3.1-8B,520,4,3000000000,20657561402,17657561402,11474912390,17623718663,11280913,"[11280401, 11280913, 11281425]"
60,2724,meta-llama/Llama-3.1-8B,520,4,3000000000,20657561402,17657561402,11474912390,17623718663,11280913,"[11280401, 11280913, 11281425]"
60,2796,meta-llama/Llama-3.1-8B,520,4,3000000000,20657561402,17657561402,11474912390,17623718663,11280913,"[11280401, 11280913, 11281425]"
60,2868,meta-llama/Llama-3.1-8B,520,4,3000000000,20657561402,17657561402,11474912390,17623718663,11280913,"[11280401, 11280913, 11281425]"
61,61,meta-llama/Llama-3.1-8B,512,4,0,265392898,265392898,1,115499286,49964537,"[121233056, 16996344, 11664212]"
61,133,meta-llama/Llama-3.1-8B,512,4,0,265392898,265392898,1,115499286,49964537,"[121233056, 16996344, 11664212]"
61,205,meta-llama/Llama-3.1-8B,512,4,0,265392898,265392898,1,115499286,49964537,"[121233056, 16996344, 11664212]"
61,277,meta-llama/Llama-3.1-8B,512,4,0,265392898,265392898,1,115499286,49964537,"[121233056, 16996344, 11664212]"
61,349,meta-llama/Llama-3.1-8B,512,4,0,381105163,381105163,115499286,236732342,48124273,"[16996344, 11664212, 115712265]"
61,421,meta-llama/Llama-3.1-8B,512,4,0,381105163,381105163,115499286,236732342,48124273,"[16996344, 11664212, 115712265]"
61,493,meta-llama/Llama-3.1-8B,512,4,0,381105163,381105163,115499286,236732342,48124273,"[16996344, 11664212, 115712265]"
61,565,meta-llama/Llama-3.1-8B,512,4,0,479024791,479024791,236732342,253728686,75098701,"[11664212, 115712265, 97919628]"
61,637,meta-llama/Llama-3.1-8B,512,4,0,530009331,530009331,265392898,381105163,49634722,"[97919628, 37545387, 13439153]"
61,709,meta-llama/Llama-3.1-8B,512,4,0,530009331,530009331,265392898,381105163,49634722,"[97919628, 37545387, 13439153]"
61,781,meta-llama/Llama-3.1-8B,512,4,0,530009331,530009331,265392898,381105163,49634722,"[97919628, 37545387, 13439153]"
61,853,meta-llama/Llama-3.1-8B,512,4,0,621467614,621467614,381105163,479024791,47480941,"[37545387, 13439153, 91458283]"
61,925,meta-llama/Llama-3.1-8B,512,4,0,621467614,621467614,381105163,479024791,47480941,"[37545387, 13439153, 91458283]"
61,997,meta-llama/Llama-3.1-8B,512,4,0,621467614,621467614,381105163,479024791,47480941,"[37545387, 13439153, 91458283]"
61,1069,meta-llama/Llama-3.1-8B,512,4,0,621467614,621467614,381105163,479024791,47480941,"[37545387, 13439153, 91458283]"
61,1141,meta-llama/Llama-3.1-8B,512,4,0,654802845,654802845,479024791,516570178,46077555,"[13439153, 91458283, 33335231]"
61,1213,meta-llama/Llama-3.1-8B,512,4,0,678734737,678734737,530009331,621467614,19089041,"[33335231, 12627997, 11303895]"
61,1285,meta-llama/Llama-3.1-8B,512,4,0,678734737,678734737,530009331,621467614,19089041,"[33335231, 12627997, 11303895]"
61,1357,meta-llama/Llama-3.1-8B,512,4,0,678734737,678734737,530009331,621467614,19089041,"[33335231, 12627997, 11303895]"
61,1429,meta-llama/Llama-3.1-8B,512,4,0,690033646,690033646,621467614,654802845,11743600,"[12627997, 11303895, 11298909]"
61,1501,meta-llama/Llama-3.1-8B,520,4,3000000000,8375580710,5375580710,37406,5341035788,11514974,"[11513918, 11514974, 11516030]"
61,1573,meta-llama/Llama-3.1-8B,520,4,3000000000,8375580710,5375580710,37406,5341035788,11514974,"[11513918, 11514974, 11516030]"
61,1645,meta-llama/Llama-3.1-8B,520,4,3000000000,8375580710,5375580710,37406,5341035788,11514974,"[11513918, 11514974, 11516030]"
61,1717,meta-llama/Llama-3.1-8B,520,4,3000000000,8375580710,5375580710,37406,5341035788,11514974,"[11513918, 11514974, 11516030]"
61,1789,meta-llama/Llama-3.1-8B,520,4,3000000000,8375580710,5375580710,37406,5341035788,11514974,"[11513918, 11514974, 11516030]"
61,1861,meta-llama/Llama-3.1-8B,520,4,3000000000,8375580710,5375580710,37406,5341035788,11514974,"[11513918, 11514974, 11516030]"
61,1933,meta-llama/Llama-3.1-8B,520,4,3000000000,8375580710,5375580710,37406,5341035788,11514974,"[11513918, 11514974, 11516030]"
61,2005,meta-llama/Llama-3.1-8B,520,4,3000000000,8375580710,5375580710,37406,5341035788,11514974,"[11513918, 11514974, 11516030]"
61,2077,meta-llama/Llama-3.1-8B,520,4,3000000000,14560818470,11560818470,5375580710,11526273548,11514974,"[11513918, 11514974, 11516030]"
61,2149,meta-llama/Llama-3.1-8B,520,4,3000000000,14560818470,11560818470,5375580710,11526273548,11514974,"[11513918, 11514974, 11516030]"
61,2221,meta-llama/Llama-3.1-8B,520,4,3000000000,14560818470,11560818470,5375580710,11526273548,11514974,"[11513918, 11514974, 11516030]"
61,2293,meta-llama/Llama-3.1-8B,520,4,3000000000,14560818470,11560818470,5375580710,11526273548,11514974,"[11513918, 11514974, 11516030]"
61,2365,meta-llama/Llama-3.1-8B,520,4,3000000000,14560818470,11560818470,5375580710,11526273548,11514974,"[11513918, 11514974, 11516030]"
61,2437,meta-llama/Llama-3.1-8B,520,4,3000000000,14560818470,11560818470,5375580710,11526273548,11514974,"[11513918, 11514974, 11516030]"
61,2509,meta-llama/Llama-3.1-8B,520,4,3000000000,14560818470,11560818470,5375580710,11526273548,11514974,"[11513918, 11514974, 11516030]"
61,2581,meta-llama/Llama-3.1-8B,520,4,3000000000,14560818470,11560818470,5375580710,11526273548,11514974,"[11513918, 11514974, 11516030]"
61,2653,meta-llama/Llama-3.1-8B,520,4,3000000000,20743467482,17743467482,11560818470,17709624743,11280913,"[11280401, 11280913, 11281425]"
61,2725,meta-llama/Llama-3.1-8B,520,4,3000000000,20743467482,17743467482,11560818470,17709624743,11280913,"[11280401, 11280913, 11281425]"
61,2797,meta-llama/Llama-3.1-8B,520,4,3000000000,20743467482,17743467482,11560818470,17709624743,11280913,"[11280401, 11280913, 11281425]"
61,2869,meta-llama/Llama-3.1-8B,520,4,3000000000,20743467482,17743467482,11560818470,17709624743,11280913,"[11280401, 11280913, 11281425]"
62,62,meta-llama/Llama-3.1-8B,512,4,0,265395070,265395070,1,116024742,49790109,"[121233056, 16473829, 11663443]"
62,134,meta-llama/Llama-3.1-8B,512,4,0,265395070,265395070,1,116024742,49790109,"[121233056, 16473829, 11663443]"
62,206,meta-llama/Llama-3.1-8B,512,4,0,265395070,265395070,1,116024742,49790109,"[121233056, 16473829, 11663443]"
62,278,meta-llama/Llama-3.1-8B,512,4,0,265395070,265395070,1,116024742,49790109,"[121233056, 16473829, 11663443]"
62,350,meta-llama/Llama-3.1-8B,512,4,0,381630619,381630619,116024742,237257798,48124273,"[16473829, 11663443, 116235549]"
62,422,meta-llama/Llama-3.1-8B,512,4,0,381630619,381630619,116024742,237257798,48124273,"[16473829, 11663443, 116235549]"
62,494,meta-llama/Llama-3.1-8B,512,4,0,381630619,381630619,116024742,237257798,48124273,"[16473829, 11663443, 116235549]"
62,566,meta-llama/Llama-3.1-8B,512,4,0,479420965,479420965,237257798,253731627,75229779,"[11663443, 116235549, 97790346]"
62,638,meta-llama/Llama-3.1-8B,512,4,0,530011503,530011503,265395070,381630619,49460294,"[97790346, 37282462, 13308076]"
62,710,meta-llama/Llama-3.1-8B,512,4,0,530011503,530011503,265395070,381630619,49460294,"[97790346, 37282462, 13308076]"
62,782,meta-llama/Llama-3.1-8B,512,4,0,530011503,530011503,265395070,381630619,49460294,"[97790346, 37282462, 13308076]"
62,854,meta-llama/Llama-3.1-8B,512,4,0,621891055,621891055,381630619,479420965,47490030,"[37282462, 13308076, 91879552]"
62,926,meta-llama/Llama-3.1-8B,512,4,0,621891055,621891055,381630619,479420965,47490030,"[37282462, 13308076, 91879552]"
62,998,meta-llama/Llama-3.1-8B,512,4,0,621891055,621891055,381630619,479420965,47490030,"[37282462, 13308076, 91879552]"
62,1070,meta-llama/Llama-3.1-8B,512,4,0,621891055,621891055,381630619,479420965,47490030,"[37282462, 13308076, 91879552]"
62,1142,meta-llama/Llama-3.1-8B,512,4,0,654935325,654935325,479420965,516703427,46077299,"[13308076, 91879552, 33044270]"
62,1214,meta-llama/Llama-3.1-8B,512,4,0,678735883,678735883,530011503,621891055,18948276,"[33044270, 12496663, 11303895]"
62,1286,meta-llama/Llama-3.1-8B,512,4,0,678735883,678735883,530011503,621891055,18948276,"[33044270, 12496663, 11303895]"
62,1358,meta-llama/Llama-3.1-8B,512,4,0,678735883,678735883,530011503,621891055,18948276,"[33044270, 12496663, 11303895]"
62,1430,meta-llama/Llama-3.1-8B,512,4,0,690034022,690034022,621891055,654935325,11699565,"[12496663, 11303895, 11298139]"
62,1502,meta-llama/Llama-3.1-8B,520,4,3000000000,8461486790,5461486790,37406,5426941868,11514974,"[11513918, 11514974, 11516030]"
62,1574,meta-llama/Llama-3.1-8B,520,4,3000000000,8461486790,5461486790,37406,5426941868,11514974,"[11513918, 11514974, 11516030]"
62,1646,meta-llama/Llama-3.1-8B,520,4,3000000000,8461486790,5461486790,37406,5426941868,11514974,"[11513918, 11514974, 11516030]"
62,1718,meta-llama/Llama-3.1-8B,520,4,3000000000,8461486790,5461486790,37406,5426941868,11514974,"[11513918, 11514974, 11516030]"
62,1790,meta-llama/Llama-3.1-8B,520,4,3000000000,8461486790,5461486790,37406,5426941868,11514974,"[11513918, 11514974, 11516030]"
62,1862,meta-llama/Llama-3.1-8B,520,4,3000000000,8461486790,5461486790,37406,5426941868,11514974,"[11513918, 11514974, 11516030]"
62,1934,meta-llama/Llama-3.1-8B,520,4,3000000000,8461486790,5461486790,37406,5426941868,11514974,"[11513918, 11514974, 11516030]"
62,2006,meta-llama/Llama-3.1-8B,520,4,3000000000,8461486790,5461486790,37406,5426941868,11514974,"[11513918, 11514974, 11516030]"
62,2078,meta-llama/Llama-3.1-8B,520,4,3000000000,14646724550,11646724550,5461486790,11612179628,11514974,"[11513918, 11514974, 11516030]"
62,2150,meta-llama/Llama-3.1-8B,520,4,3000000000,14646724550,11646724550,5461486790,11612179628,11514974,"[11513918, 11514974, 11516030]"
62,2222,meta-llama/Llama-3.1-8B,520,4,3000000000,14646724550,11646724550,5461486790,11612179628,11514974,"[11513918, 11514974, 11516030]"
62,2294,meta-llama/Llama-3.1-8B,520,4,3000000000,14646724550,11646724550,5461486790,11612179628,11514974,"[11513918, 11514974, 11516030]"
62,2366,meta-llama/Llama-3.1-8B,520,4,3000000000,14646724550,11646724550,5461486790,11612179628,11514974,"[11513918, 11514974, 11516030]"
62,2438,meta-llama/Llama-3.1-8B,520,4,3000000000,14646724550,11646724550,5461486790,11612179628,11514974,"[11513918, 11514974, 11516030]"
62,2510,meta-llama/Llama-3.1-8B,520,4,3000000000,14646724550,11646724550,5461486790,11612179628,11514974,"[11513918, 11514974, 11516030]"
62,2582,meta-llama/Llama-3.1-8B,520,4,3000000000,14646724550,11646724550,5461486790,11612179628,11514974,"[11513918, 11514974, 11516030]"
62,2654,meta-llama/Llama-3.1-8B,520,4,3000000000,20829373562,17829373562,11646724550,17795530823,11280913,"[11280401, 11280913, 11281425]"
62,2726,meta-llama/Llama-3.1-8B,520,4,3000000000,20829373562,17829373562,11646724550,17795530823,11280913,"[11280401, 11280913, 11281425]"
62,2798,meta-llama/Llama-3.1-8B,520,4,3000000000,20829373562,17829373562,11646724550,17795530823,11280913,"[11280401, 11280913, 11281425]"
62,2870,meta-llama/Llama-3.1-8B,520,4,3000000000,20829373562,17829373562,11646724550,17795530823,11280913,"[11280401, 11280913, 11281425]"
63,63,meta-llama/Llama-3.1-8B,512,4,0,265397242,265397242,1,116550198,49615681,"[121233056, 15951314, 11662674]"
63,135,meta-llama/Llama-3.1-8B,512,4,0,265397242,265397242,1,116550198,49615681,"[121233056, 15951314, 11662674]"
63,207,meta-llama/Llama-3.1-8B,512,4,0,265397242,265397242,1,116550198,49615681,"[121233056, 15951314, 11662674]"
63,279,meta-llama/Llama-3.1-8B,512,4,0,265397242,265397242,1,116550198,49615681,"[121233056, 15951314, 11662674]"
63,351,meta-llama/Llama-3.1-8B,512,4,0,382156075,382156075,116550198,237783254,48124273,"[15951314, 11662674, 116758833]"
63,423,meta-llama/Llama-3.1-8B,512,4,0,382156075,382156075,116550198,237783254,48124273,"[15951314, 11662674, 116758833]"
63,495,meta-llama/Llama-3.1-8B,512,4,0,382156075,382156075,116550198,237783254,48124273,"[15951314, 11662674, 116758833]"
63,567,meta-llama/Llama-3.1-8B,512,4,0,479817139,479817139,237783254,253734568,75360857,"[11662674, 116758833, 97661064]"
63,639,meta-llama/Llama-3.1-8B,512,4,0,530013675,530013675,265397242,382156075,49285866,"[97661064, 37019537, 13176999]"
63,711,meta-llama/Llama-3.1-8B,512,4,0,530013675,530013675,265397242,382156075,49285866,"[97661064, 37019537, 13176999]"
63,783,meta-llama/Llama-3.1-8B,512,4,0,530013675,530013675,265397242,382156075,49285866,"[97661064, 37019537, 13176999]"
63,855,meta-llama/Llama-3.1-8B,512,4,0,622286459,622286459,382156075,479817139,47489773,"[37019537, 13176999, 92272784]"
63,927,meta-llama/Llama-3.1-8B,512,4,0,622286459,622286459,382156075,479817139,47489773,"[37019537, 13176999, 92272784]"
63,999,meta-llama/Llama-3.1-8B,512,4,0,622286459,622286459,382156075,479817139,47489773,"[37019537, 13176999, 92272784]"
63,1071,meta-llama/Llama-3.1-8B,512,4,0,622286459,622286459,382156075,479817139,47489773,"[37019537, 13176999, 92272784]"
63,1143,meta-llama/Llama-3.1-8B,512,4,0,655067925,655067925,479817139,516836676,46077083,"[13176999, 92272784, 32781466]"
63,1215,meta-llama/Llama-3.1-8B,512,4,0,678737029,678737029,530013675,622286459,18816856,"[32781466, 12365329, 11303775]"
63,1287,meta-llama/Llama-3.1-8B,512,4,0,678737029,678737029,530013675,622286459,18816856,"[32781466, 12365329, 11303775]"
63,1359,meta-llama/Llama-3.1-8B,512,4,0,678737029,678737029,530013675,622286459,18816856,"[32781466, 12365329, 11303775]"
63,1431,meta-llama/Llama-3.1-8B,512,4,0,690034398,690034398,622286459,655067925,11655491,"[12365329, 11303775, 11297369]"
63,1503,meta-llama/Llama-3.1-8B,520,4,3000000000,8547392870,5547392870,37406,5512847948,11514974,"[11513918, 11514974, 11516030]"
63,1575,meta-llama/Llama-3.1-8B,520,4,3000000000,8547392870,5547392870,37406,5512847948,11514974,"[11513918, 11514974, 11516030]"
63,1647,meta-llama/Llama-3.1-8B,520,4,3000000000,8547392870,5547392870,37406,5512847948,11514974,"[11513918, 11514974, 11516030]"
63,1719,meta-llama/Llama-3.1-8B,520,4,3000000000,8547392870,5547392870,37406,5512847948,11514974,"[11513918, 11514974, 11516030]"
63,1791,meta-llama/Llama-3.1-8B,520,4,3000000000,8547392870,5547392870,37406,5512847948,11514974,"[11513918, 11514974, 11516030]"
63,1863,meta-llama/Llama-3.1-8B,520,4,3000000000,8547392870,5547392870,37406,5512847948,11514974,"[11513918, 11514974, 11516030]"
63,1935,meta-llama/Llama-3.1-8B,520,4,3000000000,8547392870,5547392870,37406,5512847948,11514974,"[11513918, 11514974, 11516030]"
63,2007,meta-llama/Llama-3.1-8B,520,4,3000000000,8547392870,5547392870,37406,5512847948,11514974,"[11513918, 11514974, 11516030]"
63,2079,meta-llama/Llama-3.1-8B,520,4,3000000000,14732630630,11732630630,5547392870,11698085708,11514974,"[11513918, 11514974, 11516030]"
63,2151,meta-llama/Llama-3.1-8B,520,4,3000000000,14732630630,11732630630,5547392870,11698085708,11514974,"[11513918, 11514974, 11516030]"
63,2223,meta-llama/Llama-3.1-8B,520,4,3000000000,14732630630,11732630630,5547392870,11698085708,11514974,"[11513918, 11514974, 11516030]"
63,2295,meta-llama/Llama-3.1-8B,520,4,3000000000,14732630630,11732630630,5547392870,11698085708,11514974,"[11513918, 11514974, 11516030]"
63,2367,meta-llama/Llama-3.1-8B,520,4,3000000000,14732630630,11732630630,5547392870,11698085708,11514974,"[11513918, 11514974, 11516030]"
63,2439,meta-llama/Llama-3.1-8B,520,4,3000000000,14732630630,11732630630,5547392870,11698085708,11514974,"[11513918, 11514974, 11516030]"
63,2511,meta-llama/Llama-3.1-8B,520,4,3000000000,14732630630,11732630630,5547392870,11698085708,11514974,"[11513918, 11514974, 11516030]"
63,2583,meta-llama/Llama-3.1-8B,520,4,3000000000,14732630630,11732630630,5547392870,11698085708,11514974,"[11513918, 11514974, 11516030]"
63,2655,meta-llama/Llama-3.1-8B,520,4,3000000000,20915279642,17915279642,11732630630,17881436903,11280913,"[11280401, 11280913, 11281425]"
63,2727,meta-llama/Llama-3.1-8B,520,4,3000000000,20915279642,17915279642,11732630630,17881436903,11280913,"[11280401, 11280913, 11281425]"
63,2799,meta-llama/Llama-3.1-8B,520,4,3000000000,20915279642,17915279642,11732630630,17881436903,11280913,"[11280401, 11280913, 11281425]"
63,2871,meta-llama/Llama-3.1-8B,520,4,3000000000,20915279642,17915279642,11732630630,17881436903,11280913,"[11280401, 11280913, 11281425]"
64,64,meta-llama/Llama-3.1-8B,512,4,0,265399414,265399414,1,117075654,49441253,"[121233056, 15428799, 11661905]"
64,136,meta-llama/Llama-3.1-8B,512,4,0,265399414,265399414,1,117075654,49441253,"[121233056, 15428799, 11661905]"
64,208,meta-llama/Llama-3.1-8B,512,4,0,265399414,265399414,1,117075654,49441253,"[121233056, 15428799, 11661905]"
64,280,meta-llama/Llama-3.1-8B,512,4,0,265399414,265399414,1,117075654,49441253,"[121233056, 15428799, 11661905]"
64,352,meta-llama/Llama-3.1-8B,512,4,0,382681531,382681531,117075654,238308710,48124273,"[15428799, 11661905, 117282117]"
64,424,meta-llama/Llama-3.1-8B,512,4,0,382681531,382681531,117075654,238308710,48124273,"[15428799, 11661905, 117282117]"
64,496,meta-llama/Llama-3.1-8B,512,4,0,382681531,382681531,117075654,238308710,48124273,"[15428799, 11661905, 117282117]"
64,568,meta-llama/Llama-3.1-8B,512,4,0,480213313,480213313,238308710,253737509,75491934,"[11661905, 117282117, 97531782]"
64,640,meta-llama/Llama-3.1-8B,512,4,0,530015847,530015847,265399414,382681531,49111438,"[97531782, 36756612, 13045922]"
64,712,meta-llama/Llama-3.1-8B,512,4,0,530015847,530015847,265399414,382681531,49111438,"[97531782, 36756612, 13045922]"
64,784,meta-llama/Llama-3.1-8B,512,4,0,530015847,530015847,265399414,382681531,49111438,"[97531782, 36756612, 13045922]"
64,856,meta-llama/Llama-3.1-8B,512,4,0,622681863,622681863,382681531,480213313,47489516,"[36756612, 13045922, 92666016]"
64,928,meta-llama/Llama-3.1-8B,512,4,0,622681863,622681863,382681531,480213313,47489516,"[36756612, 13045922, 92666016]"
64,1000,meta-llama/Llama-3.1-8B,512,4,0,622681863,622681863,382681531,480213313,47489516,"[36756612, 13045922, 92666016]"
64,1072,meta-llama/Llama-3.1-8B,512,4,0,622681863,622681863,382681531,480213313,47489516,"[36756612, 13045922, 92666016]"
64,1144,meta-llama/Llama-3.1-8B,512,4,0,655200405,655200405,480213313,516969925,46076826,"[13045922, 92666016, 32518542]"
64,1216,meta-llama/Llama-3.1-8B,512,4,0,678738295,678738295,530015847,622681863,18685477,"[32518542, 12233995, 11303895]"
64,1288,meta-llama/Llama-3.1-8B,512,4,0,678738295,678738295,530015847,622681863,18685477,"[32518542, 12233995, 11303895]"
64,1360,meta-llama/Llama-3.1-8B,512,4,0,678738295,678738295,530015847,622681863,18685477,"[32518542, 12233995, 11303895]"
64,1432,meta-llama/Llama-3.1-8B,512,4,0,690034774,690034774,622681863,655200405,11611456,"[12233995, 11303895, 11296479]"
64,1504,meta-llama/Llama-3.1-8B,520,4,3000000000,8633298950,5633298950,37406,5598754028,11514974,"[11513918, 11514974, 11516030]"
64,1576,meta-llama/Llama-3.1-8B,520,4,3000000000,8633298950,5633298950,37406,5598754028,11514974,"[11513918, 11514974, 11516030]"
64,1648,meta-llama/Llama-3.1-8B,520,4,3000000000,8633298950,5633298950,37406,5598754028,11514974,"[11513918, 11514974, 11516030]"
64,1720,meta-llama/Llama-3.1-8B,520,4,3000000000,8633298950,5633298950,37406,5598754028,11514974,"[11513918, 11514974, 11516030]"
64,1792,meta-llama/Llama-3.1-8B,520,4,3000000000,8633298950,5633298950,37406,5598754028,11514974,"[11513918, 11514974, 11516030]"
64,1864,meta-llama/Llama-3.1-8B,520,4,3000000000,8633298950,5633298950,37406,5598754028,11514974,"[11513918, 11514974, 11516030]"
64,1936,meta-llama/Llama-3.1-8B,520,4,3000000000,8633298950,5633298950,37406,5598754028,11514974,"[11513918, 11514974, 11516030]"
64,2008,meta-llama/Llama-3.1-8B,520,4,3000000000,8633298950,5633298950,37406,5598754028,11514974,"[11513918, 11514974, 11516030]"
64,2080,meta-llama/Llama-3.1-8B,520,4,3000000000,14818536710,11818536710,5633298950,11783991788,11514974,"[11513918, 11514974, 11516030]"
64,2152,meta-llama/Llama-3.1-8B,520,4,3000000000,14818536710,11818536710,5633298950,11783991788,11514974,"[11513918, 11514974, 11516030]"
64,2224,meta-llama/Llama-3.1-8B,520,4,3000000000,14818536710,11818536710,5633298950,11783991788,11514974,"[11513918, 11514974, 11516030]"
64,2296,meta-llama/Llama-3.1-8B,520,4,3000000000,14818536710,11818536710,5633298950,11783991788,11514974,"[11513918, 11514974, 11516030]"
64,2368,meta-llama/Llama-3.1-8B,520,4,3000000000,14818536710,11818536710,5633298950,11783991788,11514974,"[11513918, 11514974, 11516030]"
64,2440,meta-llama/Llama-3.1-8B,520,4,3000000000,14818536710,11818536710,5633298950,11783991788,11514974,"[11513918, 11514974, 11516030]"
64,2512,meta-llama/Llama-3.1-8B,520,4,3000000000,14818536710,11818536710,5633298950,11783991788,11514974,"[11513918, 11514974, 11516030]"
64,2584,meta-llama/Llama-3.1-8B,520,4,3000000000,14818536710,11818536710,5633298950,11783991788,11514974,"[11513918, 11514974, 11516030]"
64,2656,meta-llama/Llama-3.1-8B,520,4,3000000000,21001185722,18001185722,11818536710,17967342983,11280913,"[11280401, 11280913, 11281425]"
64,2728,meta-llama/Llama-3.1-8B,520,4,3000000000,21001185722,18001185722,11818536710,17967342983,11280913,"[11280401, 11280913, 11281425]"
64,2800,meta-llama/Llama-3.1-8B,520,4,3000000000,21001185722,18001185722,11818536710,17967342983,11280913,"[11280401, 11280913, 11281425]"
64,2872,meta-llama/Llama-3.1-8B,520,4,3000000000,21001185722,18001185722,11818536710,17967342983,11280913,"[11280401, 11280913, 11281425]"
65,65,meta-llama/Llama-3.1-8B,512,4,0,265401586,265401586,1,117601110,49266825,"[121233056, 14906284, 11661136]"
65,137,meta-llama/Llama-3.1-8B,512,4,0,265401586,265401586,1,117601110,49266825,"[121233056, 14906284, 11661136]"
65,209,meta-llama/Llama-3.1-8B,512,4,0,265401586,265401586,1,117601110,49266825,"[121233056, 14906284, 11661136]"
65,281,meta-llama/Llama-3.1-8B,512,4,0,265401586,265401586,1,117601110,49266825,"[121233056, 14906284, 11661136]"
65,353,meta-llama/Llama-3.1-8B,512,4,0,383206987,383206987,117601110,238834166,48124273,"[14906284, 11661136, 117805401]"
65,425,meta-llama/Llama-3.1-8B,512,4,0,383206987,383206987,117601110,238834166,48124273,"[14906284, 11661136, 117805401]"
65,497,meta-llama/Llama-3.1-8B,512,4,0,383206987,383206987,117601110,238834166,48124273,"[14906284, 11661136, 117805401]"
65,569,meta-llama/Llama-3.1-8B,512,4,0,480609487,480609487,238834166,253740450,75623012,"[11661136, 117805401, 97402500]"
65,641,meta-llama/Llama-3.1-8B,512,4,0,530018019,530018019,265401586,383206987,48937010,"[97402500, 36493687, 12914845]"
65,713,meta-llama/Llama-3.1-8B,512,4,0,530018019,530018019,265401586,383206987,48937010,"[97402500, 36493687, 12914845]"
65,785,meta-llama/Llama-3.1-8B,512,4,0,530018019,530018019,265401586,383206987,48937010,"[97402500, 36493687, 12914845]"
65,857,meta-llama/Llama-3.1-8B,512,4,0,623105304,623105304,383206987,480609487,47498605,"[36493687, 12914845, 93087285]"
65,929,meta-llama/Llama-3.1-8B,512,4,0,623105304,623105304,383206987,480609487,47498605,"[36493687, 12914845, 93087285]"
65,1001,meta-llama/Llama-3.1-8B,512,4,0,623105304,623105304,383206987,480609487,47498605,"[36493687, 12914845, 93087285]"
65,1073,meta-llama/Llama-3.1-8B,512,4,0,623105304,623105304,383206987,480609487,47498605,"[36493687, 12914845, 93087285]"
65,1145,meta-llama/Llama-3.1-8B,512,4,0,655333005,655333005,480609487,517103174,46076610,"[12914845, 93087285, 32227701]"
65,1217,meta-llama/Llama-3.1-8B,512,4,0,678739441,678739441,530018019,623105304,18544712,"[32227701, 12102541, 11303895]"
65,1289,meta-llama/Llama-3.1-8B,512,4,0,678739441,678739441,530018019,623105304,18544712,"[32227701, 12102541, 11303895]"
65,1361,meta-llama/Llama-3.1-8B,512,4,0,678739441,678739441,530018019,623105304,18544712,"[32227701, 12102541, 11303895]"
65,1433,meta-llama/Llama-3.1-8B,512,4,0,690035150,690035150,623105304,655333005,11567381,"[12102541, 11303895, 11295709]"
65,1505,meta-llama/Llama-3.1-8B,520,4,3000000000,8719205030,5719205030,37406,5684660108,11514974,"[11513918, 11514974, 11516030]"
65,1577,meta-llama/Llama-3.1-8B,520,4,3000000000,8719205030,5719205030,37406,5684660108,11514974,"[11513918, 11514974, 11516030]"
65,1649,meta-llama/Llama-3.1-8B,520,4,3000000000,8719205030,5719205030,37406,5684660108,11514974,"[11513918, 11514974, 11516030]"
65,1721,meta-llama/Llama-3.1-8B,520,4,3000000000,8719205030,5719205030,37406,5684660108,11514974,"[11513918, 11514974, 11516030]"
65,1793,meta-llama/Llama-3.1-8B,520,4,3000000000,8719205030,5719205030,37406,5684660108,11514974,"[11513918, 11514974, 11516030]"
65,1865,meta-llama/Llama-3.1-8B,520,4,3000000000,8719205030,5719205030,37406,5684660108,11514974,"[11513918, 11514974, 11516030]"
65,1937,meta-llama/Llama-3.1-8B,520,4,3000000000,8719205030,5719205030,37406,5684660108,11514974,"[11513918, 11514974, 11516030]"
65,2009,meta-llama/Llama-3.1-8B,520,4,3000000000,8719205030,5719205030,37406,5684660108,11514974,"[11513918, 11514974, 11516030]"
65,2081,meta-llama/Llama-3.1-8B,520,4,3000000000,14904442790,11904442790,5719205030,11869897868,11514974,"[11513918, 11514974, 11516030]"
65,2153,meta-llama/Llama-3.1-8B,520,4,3000000000,14904442790,11904442790,5719205030,11869897868,11514974,"[11513918, 11514974, 11516030]"
65,2225,meta-llama/Llama-3.1-8B,520,4,3000000000,14904442790,11904442790,5719205030,11869897868,11514974,"[11513918, 11514974, 11516030]"
65,2297,meta-llama/Llama-3.1-8B,520,4,3000000000,14904442790,11904442790,5719205030,11869897868,11514974,"[11513918, 11514974, 11516030]"
65,2369,meta-llama/Llama-3.1-8B,520,4,3000000000,14904442790,11904442790,5719205030,11869897868,11514974,"[11513918, 11514974, 11516030]"
65,2441,meta-llama/Llama-3.1-8B,520,4,3000000000,14904442790,11904442790,5719205030,11869897868,11514974,"[11513918, 11514974, 11516030]"
65,2513,meta-llama/Llama-3.1-8B,520,4,3000000000,14904442790,11904442790,5719205030,11869897868,11514974,"[11513918, 11514974, 11516030]"
65,2585,meta-llama/Llama-3.1-8B,520,4,3000000000,14904442790,11904442790,5719205030,11869897868,11514974,"[11513918, 11514974, 11516030]"
65,2657,meta-llama/Llama-3.1-8B,520,4,3000000000,21087091802,18087091802,11904442790,18053249063,11280913,"[11280401, 11280913, 11281425]"
65,2729,meta-llama/Llama-3.1-8B,520,4,3000000000,21087091802,18087091802,11904442790,18053249063,11280913,"[11280401, 11280913, 11281425]"
65,2801,meta-llama/Llama-3.1-8B,520,4,3000000000,21087091802,18087091802,11904442790,18053249063,11280913,"[11280401, 11280913, 11281425]"
65,2873,meta-llama/Llama-3.1-8B,520,4,3000000000,21087091802,18087091802,11904442790,18053249063,11280913,"[11280401, 11280913, 11281425]"
66,66,meta-llama/Llama-3.1-8B,512,4,0,265403758,265403758,1,118126566,49092397,"[121233056, 14383769, 11660367]"
66,138,meta-llama/Llama-3.1-8B,512,4,0,265403758,265403758,1,118126566,49092397,"[121233056, 14383769, 11660367]"
66,210,meta-llama/Llama-3.1-8B,512,4,0,265403758,265403758,1,118126566,49092397,"[121233056, 14383769, 11660367]"
66,282,meta-llama/Llama-3.1-8B,512,4,0,265403758,265403758,1,118126566,49092397,"[121233056, 14383769, 11660367]"
66,354,meta-llama/Llama-3.1-8B,512,4,0,383732443,383732443,118126566,239359622,48124273,"[14383769, 11660367, 118328685]"
66,426,meta-llama/Llama-3.1-8B,512,4,0,383732443,383732443,118126566,239359622,48124273,"[14383769, 11660367, 118328685]"
66,498,meta-llama/Llama-3.1-8B,512,4,0,383732443,383732443,118126566,239359622,48124273,"[14383769, 11660367, 118328685]"
66,570,meta-llama/Llama-3.1-8B,512,4,0,481005661,481005661,239359622,253743391,75754090,"[11660367, 118328685, 97273218]"
66,642,meta-llama/Llama-3.1-8B,512,4,0,530020191,530020191,265403758,383732443,48762582,"[97273218, 36230762, 12783768]"
66,714,meta-llama/Llama-3.1-8B,512,4,0,530020191,530020191,265403758,383732443,48762582,"[97273218, 36230762, 12783768]"
66,786,meta-llama/Llama-3.1-8B,512,4,0,530020191,530020191,265403758,383732443,48762582,"[97273218, 36230762, 12783768]"
66,858,meta-llama/Llama-3.1-8B,512,4,0,623500708,623500708,383732443,481005661,47498349,"[36230762, 12783768, 93480517]"
66,930,meta-llama/Llama-3.1-8B,512,4,0,623500708,623500708,383732443,481005661,47498349,"[36230762, 12783768, 93480517]"
66,1002,meta-llama/Llama-3.1-8B,512,4,0,623500708,623500708,383732443,481005661,47498349,"[36230762, 12783768, 93480517]"
66,1074,meta-llama/Llama-3.1-8B,512,4,0,623500708,623500708,383732443,481005661,47498349,"[36230762, 12783768, 93480517]"
66,1146,meta-llama/Llama-3.1-8B,512,4,0,655465605,655465605,481005661,517236423,46076394,"[12783768, 93480517, 31964897]"
66,1218,meta-llama/Llama-3.1-8B,512,4,0,678740587,678740587,530020191,623500708,18413293,"[31964897, 11971207, 11303775]"
66,1290,meta-llama/Llama-3.1-8B,512,4,0,678740587,678740587,530020191,623500708,18413293,"[31964897, 11971207, 11303775]"
66,1362,meta-llama/Llama-3.1-8B,512,4,0,678740587,678740587,530020191,623500708,18413293,"[31964897, 11971207, 11303775]"
66,1434,meta-llama/Llama-3.1-8B,512,4,0,690035526,690035526,623500708,655465605,11523307,"[11971207, 11303775, 11294939]"
66,1506,meta-llama/Llama-3.1-8B,520,4,3000000000,8805111110,5805111110,37406,5770566188,11514974,"[11513918, 11514974, 11516030]"
66,1578,meta-llama/Llama-3.1-8B,520,4,3000000000,8805111110,5805111110,37406,5770566188,11514974,"[11513918, 11514974, 11516030]"
66,1650,meta-llama/Llama-3.1-8B,520,4,3000000000,8805111110,5805111110,37406,5770566188,11514974,"[11513918, 11514974, 11516030]"
66,1722,meta-llama/Llama-3.1-8B,520,4,3000000000,8805111110,5805111110,37406,5770566188,11514974,"[11513918, 11514974, 11516030]"
66,1794,meta-llama/Llama-3.1-8B,520,4,3000000000,8805111110,5805111110,37406,5770566188,11514974,"[11513918, 11514974, 11516030]"
66,1866,meta-llama/Llama-3.1-8B,520,4,3000000000,8805111110,5805111110,37406,5770566188,11514974,"[11513918, 11514974, 11516030]"
66,1938,meta-llama/Llama-3.1-8B,520,4,3000000000,8805111110,5805111110,37406,5770566188,11514974,"[11513918, 11514974, 11516030]"
66,2010,meta-llama/Llama-3.1-8B,520,4,3000000000,8805111110,5805111110,37406,5770566188,11514974,"[11513918, 11514974, 11516030]"
66,2082,meta-llama/Llama-3.1-8B,520,4,3000000000,14990348870,11990348870,5805111110,11955803948,11514974,"[11513918, 11514974, 11516030]"
66,2154,meta-llama/Llama-3.1-8B,520,4,3000000000,14990348870,11990348870,5805111110,11955803948,11514974,"[11513918, 11514974, 11516030]"
66,2226,meta-llama/Llama-3.1-8B,520,4,3000000000,14990348870,11990348870,5805111110,11955803948,11514974,"[11513918, 11514974, 11516030]"
66,2298,meta-llama/Llama-3.1-8B,520,4,3000000000,14990348870,11990348870,5805111110,11955803948,11514974,"[11513918, 11514974, 11516030]"
66,2370,meta-llama/Llama-3.1-8B,520,4,3000000000,14990348870,11990348870,5805111110,11955803948,11514974,"[11513918, 11514974, 11516030]"
66,2442,meta-llama/Llama-3.1-8B,520,4,3000000000,14990348870,11990348870,5805111110,11955803948,11514974,"[11513918, 11514974, 11516030]"
66,2514,meta-llama/Llama-3.1-8B,520,4,3000000000,14990348870,11990348870,5805111110,11955803948,11514974,"[11513918, 11514974, 11516030]"
66,2586,meta-llama/Llama-3.1-8B,520,4,3000000000,14990348870,11990348870,5805111110,11955803948,11514974,"[11513918, 11514974, 11516030]"
66,2658,meta-llama/Llama-3.1-8B,520,4,3000000000,21172997882,18172997882,11990348870,18139155143,11280913,"[11280401, 11280913, 11281425]"
66,2730,meta-llama/Llama-3.1-8B,520,4,3000000000,21172997882,18172997882,11990348870,18139155143,11280913,"[11280401, 11280913, 11281425]"
66,2802,meta-llama/Llama-3.1-8B,520,4,3000000000,21172997882,18172997882,11990348870,18139155143,11280913,"[11280401, 11280913, 11281425]"
66,2874,meta-llama/Llama-3.1-8B,520,4,3000000000,21172997882,18172997882,11990348870,18139155143,11280913,"[11280401, 11280913, 11281425]"
67,67,meta-llama/Llama-3.1-8B,512,4,0,265405930,265405930,1,118652022,48917969,"[121233056, 13861254, 11659598]"
67,139,meta-llama/Llama-3.1-8B,512,4,0,265405930,265405930,1,118652022,48917969,"[121233056, 13861254, 11659598]"
67,211,meta-llama/Llama-3.1-8B,512,4,0,265405930,265405930,1,118652022,48917969,"[121233056, 13861254, 11659598]"
67,283,meta-llama/Llama-3.1-8B,512,4,0,265405930,265405930,1,118652022,48917969,"[121233056, 13861254, 11659598]"
67,355,meta-llama/Llama-3.1-8B,512,4,0,384257899,384257899,118652022,239885078,48124273,"[13861254, 11659598, 118851969]"
67,427,meta-llama/Llama-3.1-8B,512,4,0,384257899,384257899,118652022,239885078,48124273,"[13861254, 11659598, 118851969]"
67,499,meta-llama/Llama-3.1-8B,512,4,0,384257899,384257899,118652022,239885078,48124273,"[13861254, 11659598, 118851969]"
67,571,meta-llama/Llama-3.1-8B,512,4,0,481401835,481401835,239885078,253746332,75885167,"[11659598, 118851969, 97143936]"
67,643,meta-llama/Llama-3.1-8B,512,4,0,530022363,530022363,265405930,384257899,48588154,"[97143936, 35967837, 12652691]"
67,715,meta-llama/Llama-3.1-8B,512,4,0,530022363,530022363,265405930,384257899,48588154,"[97143936, 35967837, 12652691]"
67,787,meta-llama/Llama-3.1-8B,512,4,0,530022363,530022363,265405930,384257899,48588154,"[97143936, 35967837, 12652691]"
67,859,meta-llama/Llama-3.1-8B,512,4,0,623924149,623924149,384257899,481401835,47507438,"[35967837, 12652691, 93901786]"
67,931,meta-llama/Llama-3.1-8B,512,4,0,623924149,623924149,384257899,481401835,47507438,"[35967837, 12652691, 93901786]"
67,1003,meta-llama/Llama-3.1-8B,512,4,0,623924149,623924149,384257899,481401835,47507438,"[35967837, 12652691, 93901786]"
67,1075,meta-llama/Llama-3.1-8B,512,4,0,623924149,623924149,384257899,481401835,47507438,"[35967837, 12652691, 93901786]"
67,1147,meta-llama/Llama-3.1-8B,512,4,0,655598205,655598205,481401835,517369672,46076177,"[12652691, 93901786, 31674056]"
67,1219,meta-llama/Llama-3.1-8B,512,4,0,678741733,678741733,530022363,623924149,18272528,"[31674056, 11839753, 11303775]"
67,1291,meta-llama/Llama-3.1-8B,512,4,0,678741733,678741733,530022363,623924149,18272528,"[31674056, 11839753, 11303775]"
67,1363,meta-llama/Llama-3.1-8B,512,4,0,678741733,678741733,530022363,623924149,18272528,"[31674056, 11839753, 11303775]"
67,1435,meta-llama/Llama-3.1-8B,512,4,0,690035902,690035902,623924149,655598205,11479232,"[11839753, 11303775, 11294169]"
67,1507,meta-llama/Llama-3.1-8B,520,4,3000000000,8891017190,5891017190,37406,5856472268,11514974,"[11513918, 11514974, 11516030]"
67,1579,meta-llama/Llama-3.1-8B,520,4,3000000000,8891017190,5891017190,37406,5856472268,11514974,"[11513918, 11514974, 11516030]"
67,1651,meta-llama/Llama-3.1-8B,520,4,3000000000,8891017190,5891017190,37406,5856472268,11514974,"[11513918, 11514974, 11516030]"
67,1723,meta-llama/Llama-3.1-8B,520,4,3000000000,8891017190,5891017190,37406,5856472268,11514974,"[11513918, 11514974, 11516030]"
67,1795,meta-llama/Llama-3.1-8B,520,4,3000000000,8891017190,5891017190,37406,5856472268,11514974,"[11513918, 11514974, 11516030]"
67,1867,meta-llama/Llama-3.1-8B,520,4,3000000000,8891017190,5891017190,37406,5856472268,11514974,"[11513918, 11514974, 11516030]"
67,1939,meta-llama/Llama-3.1-8B,520,4,3000000000,8891017190,5891017190,37406,5856472268,11514974,"[11513918, 11514974, 11516030]"
67,2011,meta-llama/Llama-3.1-8B,520,4,3000000000,8891017190,5891017190,37406,5856472268,11514974,"[11513918, 11514974, 11516030]"
67,2083,meta-llama/Llama-3.1-8B,520,4,3000000000,15076254950,12076254950,5891017190,12041710028,11514974,"[11513918, 11514974, 11516030]"
67,2155,meta-llama/Llama-3.1-8B,520,4,3000000000,15076254950,12076254950,5891017190,12041710028,11514974,"[11513918, 11514974, 11516030]"
67,2227,meta-llama/Llama-3.1-8B,520,4,3000000000,15076254950,12076254950,5891017190,12041710028,11514974,"[11513918, 11514974, 11516030]"
67,2299,meta-llama/Llama-3.1-8B,520,4,3000000000,15076254950,12076254950,5891017190,12041710028,11514974,"[11513918, 11514974, 11516030]"
67,2371,meta-llama/Llama-3.1-8B,520,4,3000000000,15076254950,12076254950,5891017190,12041710028,11514974,"[11513918, 11514974, 11516030]"
67,2443,meta-llama/Llama-3.1-8B,520,4,3000000000,15076254950,12076254950,5891017190,12041710028,11514974,"[11513918, 11514974, 11516030]"
67,2515,meta-llama/Llama-3.1-8B,520,4,3000000000,15076254950,12076254950,5891017190,12041710028,11514974,"[11513918, 11514974, 11516030]"
67,2587,meta-llama/Llama-3.1-8B,520,4,3000000000,15076254950,12076254950,5891017190,12041710028,11514974,"[11513918, 11514974, 11516030]"
67,2659,meta-llama/Llama-3.1-8B,520,4,3000000000,21258903962,18258903962,12076254950,18225061223,11280913,"[11280401, 11280913, 11281425]"
67,2731,meta-llama/Llama-3.1-8B,520,4,3000000000,21258903962,18258903962,12076254950,18225061223,11280913,"[11280401, 11280913, 11281425]"
67,2803,meta-llama/Llama-3.1-8B,520,4,3000000000,21258903962,18258903962,12076254950,18225061223,11280913,"[11280401, 11280913, 11281425]"
67,2875,meta-llama/Llama-3.1-8B,520,4,3000000000,21258903962,18258903962,12076254950,18225061223,11280913,"[11280401, 11280913, 11281425]"
68,68,meta-llama/Llama-3.1-8B,512,4,0,265408102,265408102,1,119177478,48743541,"[121233056, 13338739, 11658829]"
68,140,meta-llama/Llama-3.1-8B,512,4,0,265408102,265408102,1,119177478,48743541,"[121233056, 13338739, 11658829]"
68,212,meta-llama/Llama-3.1-8B,512,4,0,265408102,265408102,1,119177478,48743541,"[121233056, 13338739, 11658829]"
68,284,meta-llama/Llama-3.1-8B,512,4,0,265408102,265408102,1,119177478,48743541,"[121233056, 13338739, 11658829]"
68,356,meta-llama/Llama-3.1-8B,512,4,0,384783355,384783355,119177478,240410534,48124273,"[13338739, 11658829, 119375253]"
68,428,meta-llama/Llama-3.1-8B,512,4,0,384783355,384783355,119177478,240410534,48124273,"[13338739, 11658829, 119375253]"
68,500,meta-llama/Llama-3.1-8B,512,4,0,384783355,384783355,119177478,240410534,48124273,"[13338739, 11658829, 119375253]"
68,572,meta-llama/Llama-3.1-8B,512,4,0,481798009,481798009,240410534,253749273,76016245,"[11658829, 119375253, 97014654]"
68,644,meta-llama/Llama-3.1-8B,512,4,0,530024535,530024535,265408102,384783355,48413726,"[97014654, 35704912, 12521614]"
68,716,meta-llama/Llama-3.1-8B,512,4,0,530024535,530024535,265408102,384783355,48413726,"[97014654, 35704912, 12521614]"
68,788,meta-llama/Llama-3.1-8B,512,4,0,530024535,530024535,265408102,384783355,48413726,"[97014654, 35704912, 12521614]"
68,860,meta-llama/Llama-3.1-8B,512,4,0,624319553,624319553,384783355,481798009,47507181,"[35704912, 12521614, 94295018]"
68,932,meta-llama/Llama-3.1-8B,512,4,0,624319553,624319553,384783355,481798009,47507181,"[35704912, 12521614, 94295018]"
68,1004,meta-llama/Llama-3.1-8B,512,4,0,624319553,624319553,384783355,481798009,47507181,"[35704912, 12521614, 94295018]"
68,1076,meta-llama/Llama-3.1-8B,512,4,0,624319553,624319553,384783355,481798009,47507181,"[35704912, 12521614, 94295018]"
68,1148,meta-llama/Llama-3.1-8B,512,4,0,655730685,655730685,481798009,517502921,46075921,"[12521614, 94295018, 31411132]"
68,1220,meta-llama/Llama-3.1-8B,512,4,0,678742879,678742879,530024535,624319553,18141108,"[31411132, 11708419, 11303775]"
68,1292,meta-llama/Llama-3.1-8B,512,4,0,678742879,678742879,530024535,624319553,18141108,"[31411132, 11708419, 11303775]"
68,1364,meta-llama/Llama-3.1-8B,512,4,0,678742879,678742879,530024535,624319553,18141108,"[31411132, 11708419, 11303775]"
68,1436,meta-llama/Llama-3.1-8B,512,4,0,690036278,690036278,624319553,655730685,11435197,"[11708419, 11303775, 11293399]"
68,1508,meta-llama/Llama-3.1-8B,520,4,3000000000,8976923270,5976923270,37406,5942378348,11514974,"[11513918, 11514974, 11516030]"
68,1580,meta-llama/Llama-3.1-8B,520,4,3000000000,8976923270,5976923270,37406,5942378348,11514974,"[11513918, 11514974, 11516030]"
68,1652,meta-llama/Llama-3.1-8B,520,4,3000000000,8976923270,5976923270,37406,5942378348,11514974,"[11513918, 11514974, 11516030]"
68,1724,meta-llama/Llama-3.1-8B,520,4,3000000000,8976923270,5976923270,37406,5942378348,11514974,"[11513918, 11514974, 11516030]"
68,1796,meta-llama/Llama-3.1-8B,520,4,3000000000,8976923270,5976923270,37406,5942378348,11514974,"[11513918, 11514974, 11516030]"
68,1868,meta-llama/Llama-3.1-8B,520,4,3000000000,8976923270,5976923270,37406,5942378348,11514974,"[11513918, 11514974, 11516030]"
68,1940,meta-llama/Llama-3.1-8B,520,4,3000000000,8976923270,5976923270,37406,5942378348,11514974,"[11513918, 11514974, 11516030]"
68,2012,meta-llama/Llama-3.1-8B,520,4,3000000000,8976923270,5976923270,37406,5942378348,11514974,"[11513918, 11514974, 11516030]"
68,2084,meta-llama/Llama-3.1-8B,520,4,3000000000,15162161030,12162161030,5976923270,12127616108,11514974,"[11513918, 11514974, 11516030]"
68,2156,meta-llama/Llama-3.1-8B,520,4,3000000000,15162161030,12162161030,5976923270,12127616108,11514974,"[11513918, 11514974, 11516030]"
68,2228,meta-llama/Llama-3.1-8B,520,4,3000000000,15162161030,12162161030,5976923270,12127616108,11514974,"[11513918, 11514974, 11516030]"
68,2300,meta-llama/Llama-3.1-8B,520,4,3000000000,15162161030,12162161030,5976923270,12127616108,11514974,"[11513918, 11514974, 11516030]"
68,2372,meta-llama/Llama-3.1-8B,520,4,3000000000,15162161030,12162161030,5976923270,12127616108,11514974,"[11513918, 11514974, 11516030]"
68,2444,meta-llama/Llama-3.1-8B,520,4,3000000000,15162161030,12162161030,5976923270,12127616108,11514974,"[11513918, 11514974, 11516030]"
68,2516,meta-llama/Llama-3.1-8B,520,4,3000000000,15162161030,12162161030,5976923270,12127616108,11514974,"[11513918, 11514974, 11516030]"
68,2588,meta-llama/Llama-3.1-8B,520,4,3000000000,15162161030,12162161030,5976923270,12127616108,11514974,"[11513918, 11514974, 11516030]"
68,2660,meta-llama/Llama-3.1-8B,520,4,3000000000,21344810042,18344810042,12162161030,18310967303,11280913,"[11280401, 11280913, 11281425]"
68,2732,meta-llama/Llama-3.1-8B,520,4,3000000000,21344810042,18344810042,12162161030,18310967303,11280913,"[11280401, 11280913, 11281425]"
68,2804,meta-llama/Llama-3.1-8B,520,4,3000000000,21344810042,18344810042,12162161030,18310967303,11280913,"[11280401, 11280913, 11281425]"
68,2876,meta-llama/Llama-3.1-8B,520,4,3000000000,21344810042,18344810042,12162161030,18310967303,11280913,"[11280401, 11280913, 11281425]"
69,69,meta-llama/Llama-3.1-8B,512,4,0,265410274,265410274,1,119702934,48569113,"[121233056, 12816224, 11658060]"
69,141,meta-llama/Llama-3.1-8B,512,4,0,265410274,265410274,1,119702934,48569113,"[121233056, 12816224, 11658060]"
69,213,meta-llama/Llama-3.1-8B,512,4,0,265410274,265410274,1,119702934,48569113,"[121233056, 12816224, 11658060]"
69,285,meta-llama/Llama-3.1-8B,512,4,0,265410274,265410274,1,119702934,48569113,"[121233056, 12816224, 11658060]"
69,357,meta-llama/Llama-3.1-8B,512,4,0,385308811,385308811,119702934,240935990,48124273,"[12816224, 11658060, 119898537]"
69,429,meta-llama/Llama-3.1-8B,512,4,0,385308811,385308811,119702934,240935990,48124273,"[12816224, 11658060, 119898537]"
69,501,meta-llama/Llama-3.1-8B,512,4,0,385308811,385308811,119702934,240935990,48124273,"[12816224, 11658060, 119898537]"
69,573,meta-llama/Llama-3.1-8B,512,4,0,482194183,482194183,240935990,253752214,76147323,"[11658060, 119898537, 96885372]"
69,645,meta-llama/Llama-3.1-8B,512,4,0,530026707,530026707,265410274,385308811,48239298,"[96885372, 35441987, 12390537]"
69,717,meta-llama/Llama-3.1-8B,512,4,0,530026707,530026707,265410274,385308811,48239298,"[96885372, 35441987, 12390537]"
69,789,meta-llama/Llama-3.1-8B,512,4,0,530026707,530026707,265410274,385308811,48239298,"[96885372, 35441987, 12390537]"
69,861,meta-llama/Llama-3.1-8B,512,4,0,624714957,624714957,385308811,482194183,47506924,"[35441987, 12390537, 94688250]"
69,933,meta-llama/Llama-3.1-8B,512,4,0,624714957,624714957,385308811,482194183,47506924,"[35441987, 12390537, 94688250]"
69,1005,meta-llama/Llama-3.1-8B,512,4,0,624714957,624714957,385308811,482194183,47506924,"[35441987, 12390537, 94688250]"
69,1077,meta-llama/Llama-3.1-8B,512,4,0,624714957,624714957,385308811,482194183,47506924,"[35441987, 12390537, 94688250]"
69,1149,meta-llama/Llama-3.1-8B,512,4,0,655863165,655863165,482194183,517636170,46075665,"[12390537, 94688250, 31148208]"
69,1221,meta-llama/Llama-3.1-8B,512,4,0,678744025,678744025,530026707,624714957,18009689,"[31148208, 11577085, 11303775]"
69,1293,meta-llama/Llama-3.1-8B,512,4,0,678744025,678744025,530026707,624714957,18009689,"[31148208, 11577085, 11303775]"
69,1365,meta-llama/Llama-3.1-8B,512,4,0,678744025,678744025,530026707,624714957,18009689,"[31148208, 11577085, 11303775]"
69,1437,meta-llama/Llama-3.1-8B,512,4,0,690036654,690036654,624714957,655863165,11391163,"[11577085, 11303775, 11292629]"
69,1509,meta-llama/Llama-3.1-8B,520,4,3000000000,9062829350,6062829350,37406,6028284428,11514974,"[11513918, 11514974, 11516030]"
69,1581,meta-llama/Llama-3.1-8B,520,4,3000000000,9062829350,6062829350,37406,6028284428,11514974,"[11513918, 11514974, 11516030]"
69,1653,meta-llama/Llama-3.1-8B,520,4,3000000000,9062829350,6062829350,37406,6028284428,11514974,"[11513918, 11514974, 11516030]"
69,1725,meta-llama/Llama-3.1-8B,520,4,3000000000,9062829350,6062829350,37406,6028284428,11514974,"[11513918, 11514974, 11516030]"
69,1797,meta-llama/Llama-3.1-8B,520,4,3000000000,9062829350,6062829350,37406,6028284428,11514974,"[11513918, 11514974, 11516030]"
69,1869,meta-llama/Llama-3.1-8B,520,4,3000000000,9062829350,6062829350,37406,6028284428,11514974,"[11513918, 11514974, 11516030]"
69,1941,meta-llama/Llama-3.1-8B,520,4,3000000000,9062829350,6062829350,37406,6028284428,11514974,"[11513918, 11514974, 11516030]"
69,2013,meta-llama/Llama-3.1-8B,520,4,3000000000,9062829350,6062829350,37406,6028284428,11514974,"[11513918, 11514974, 11516030]"
69,2085,meta-llama/Llama-3.1-8B,520,4,3000000000,15248067110,12248067110,6062829350,12213522188,11514974,"[11513918, 11514974, 11516030]"
69,2157,meta-llama/Llama-3.1-8B,520,4,3000000000,15248067110,12248067110,6062829350,12213522188,11514974,"[11513918, 11514974, 11516030]"
69,2229,meta-llama/Llama-3.1-8B,520,4,3000000000,15248067110,12248067110,6062829350,12213522188,11514974,"[11513918, 11514974, 11516030]"
69,2301,meta-llama/Llama-3.1-8B,520,4,3000000000,15248067110,12248067110,6062829350,12213522188,11514974,"[11513918, 11514974, 11516030]"
69,2373,meta-llama/Llama-3.1-8B,520,4,3000000000,15248067110,12248067110,6062829350,12213522188,11514974,"[11513918, 11514974, 11516030]"
69,2445,meta-llama/Llama-3.1-8B,520,4,3000000000,15248067110,12248067110,6062829350,12213522188,11514974,"[11513918, 11514974, 11516030]"
69,2517,meta-llama/Llama-3.1-8B,520,4,3000000000,15248067110,12248067110,6062829350,12213522188,11514974,"[11513918, 11514974, 11516030]"
69,2589,meta-llama/Llama-3.1-8B,520,4,3000000000,15248067110,12248067110,6062829350,12213522188,11514974,"[11513918, 11514974, 11516030]"
69,2661,meta-llama/Llama-3.1-8B,520,4,3000000000,21430716122,18430716122,12248067110,18396873383,11280913,"[11280401, 11280913, 11281425]"
69,2733,meta-llama/Llama-3.1-8B,520,4,3000000000,21430716122,18430716122,12248067110,18396873383,11280913,"[11280401, 11280913, 11281425]"
69,2805,meta-llama/Llama-3.1-8B,520,4,3000000000,21430716122,18430716122,12248067110,18396873383,11280913,"[11280401, 11280913, 11281425]"
69,2877,meta-llama/Llama-3.1-8B,520,4,3000000000,21430716122,18430716122,12248067110,18396873383,11280913,"[11280401, 11280913, 11281425]"
70,70,meta-llama/Llama-3.1-8B,512,4,0,265412446,265412446,1,120228390,48394685,"[121233056, 12293709, 11657291]"
70,142,meta-llama/Llama-3.1-8B,512,4,0,265412446,265412446,1,120228390,48394685,"[121233056, 12293709, 11657291]"
70,214,meta-llama/Llama-3.1-8B,512,4,0,265412446,265412446,1,120228390,48394685,"[121233056, 12293709, 11657291]"
70,286,meta-llama/Llama-3.1-8B,512,4,0,265412446,265412446,1,120228390,48394685,"[121233056, 12293709, 11657291]"
70,358,meta-llama/Llama-3.1-8B,512,4,0,385834267,385834267,120228390,241461446,48124273,"[12293709, 11657291, 120421821]"
70,430,meta-llama/Llama-3.1-8B,512,4,0,385834267,385834267,120228390,241461446,48124273,"[12293709, 11657291, 120421821]"
70,502,meta-llama/Llama-3.1-8B,512,4,0,385834267,385834267,120228390,241461446,48124273,"[12293709, 11657291, 120421821]"
70,574,meta-llama/Llama-3.1-8B,512,4,0,482590357,482590357,241461446,253755155,76278400,"[11657291, 120421821, 96756090]"
70,646,meta-llama/Llama-3.1-8B,512,4,0,530028879,530028879,265412446,385834267,48064870,"[96756090, 35179062, 12259460]"
70,718,meta-llama/Llama-3.1-8B,512,4,0,530028879,530028879,265412446,385834267,48064870,"[96756090, 35179062, 12259460]"
70,790,meta-llama/Llama-3.1-8B,512,4,0,530028879,530028879,265412446,385834267,48064870,"[96756090, 35179062, 12259460]"
70,862,meta-llama/Llama-3.1-8B,512,4,0,625138398,625138398,385834267,482590357,47516013,"[35179062, 12259460, 95109519]"
70,934,meta-llama/Llama-3.1-8B,512,4,0,625138398,625138398,385834267,482590357,47516013,"[35179062, 12259460, 95109519]"
70,1006,meta-llama/Llama-3.1-8B,512,4,0,625138398,625138398,385834267,482590357,47516013,"[35179062, 12259460, 95109519]"
70,1078,meta-llama/Llama-3.1-8B,512,4,0,625138398,625138398,385834267,482590357,47516013,"[35179062, 12259460, 95109519]"
70,1150,meta-llama/Llama-3.1-8B,512,4,0,655995885,655995885,482590357,517769419,46075488,"[12259460, 95109519, 30857487]"
70,1222,meta-llama/Llama-3.1-8B,512,4,0,678745171,678745171,530028879,625138398,17868924,"[30857487, 11445631, 11303655]"
70,1294,meta-llama/Llama-3.1-8B,512,4,0,678745171,678745171,530028879,625138398,17868924,"[30857487, 11445631, 11303655]"
70,1366,meta-llama/Llama-3.1-8B,512,4,0,678745171,678745171,530028879,625138398,17868924,"[30857487, 11445631, 11303655]"
70,1438,meta-llama/Llama-3.1-8B,512,4,0,690037030,690037030,625138398,655995885,11347048,"[11445631, 11303655, 11291859]"
70,1510,meta-llama/Llama-3.1-8B,520,4,3000000000,9148735430,6148735430,37406,6114190508,11514974,"[11513918, 11514974, 11516030]"
70,1582,meta-llama/Llama-3.1-8B,520,4,3000000000,9148735430,6148735430,37406,6114190508,11514974,"[11513918, 11514974, 11516030]"
70,1654,meta-llama/Llama-3.1-8B,520,4,3000000000,9148735430,6148735430,37406,6114190508,11514974,"[11513918, 11514974, 11516030]"
70,1726,meta-llama/Llama-3.1-8B,520,4,3000000000,9148735430,6148735430,37406,6114190508,11514974,"[11513918, 11514974, 11516030]"
70,1798,meta-llama/Llama-3.1-8B,520,4,3000000000,9148735430,6148735430,37406,6114190508,11514974,"[11513918, 11514974, 11516030]"
70,1870,meta-llama/Llama-3.1-8B,520,4,3000000000,9148735430,6148735430,37406,6114190508,11514974,"[11513918, 11514974, 11516030]"
70,1942,meta-llama/Llama-3.1-8B,520,4,3000000000,9148735430,6148735430,37406,6114190508,11514974,"[11513918, 11514974, 11516030]"
70,2014,meta-llama/Llama-3.1-8B,520,4,3000000000,9148735430,6148735430,37406,6114190508,11514974,"[11513918, 11514974, 11516030]"
70,2086,meta-llama/Llama-3.1-8B,520,4,3000000000,15333973190,12333973190,6148735430,12299428268,11514974,"[11513918, 11514974, 11516030]"
70,2158,meta-llama/Llama-3.1-8B,520,4,3000000000,15333973190,12333973190,6148735430,12299428268,11514974,"[11513918, 11514974, 11516030]"
70,2230,meta-llama/Llama-3.1-8B,520,4,3000000000,15333973190,12333973190,6148735430,12299428268,11514974,"[11513918, 11514974, 11516030]"
70,2302,meta-llama/Llama-3.1-8B,520,4,3000000000,15333973190,12333973190,6148735430,12299428268,11514974,"[11513918, 11514974, 11516030]"
70,2374,meta-llama/Llama-3.1-8B,520,4,3000000000,15333973190,12333973190,6148735430,12299428268,11514974,"[11513918, 11514974, 11516030]"
70,2446,meta-llama/Llama-3.1-8B,520,4,3000000000,15333973190,12333973190,6148735430,12299428268,11514974,"[11513918, 11514974, 11516030]"
70,2518,meta-llama/Llama-3.1-8B,520,4,3000000000,15333973190,12333973190,6148735430,12299428268,11514974,"[11513918, 11514974, 11516030]"
70,2590,meta-llama/Llama-3.1-8B,520,4,3000000000,15333973190,12333973190,6148735430,12299428268,11514974,"[11513918, 11514974, 11516030]"
70,2662,meta-llama/Llama-3.1-8B,520,4,3000000000,21516622202,18516622202,12333973190,18482779463,11280913,"[11280401, 11280913, 11281425]"
70,2734,meta-llama/Llama-3.1-8B,520,4,3000000000,21516622202,18516622202,12333973190,18482779463,11280913,"[11280401, 11280913, 11281425]"
70,2806,meta-llama/Llama-3.1-8B,520,4,3000000000,21516622202,18516622202,12333973190,18482779463,11280913,"[11280401, 11280913, 11281425]"
70,2878,meta-llama/Llama-3.1-8B,520,4,3000000000,21516622202,18516622202,12333973190,18482779463,11280913,"[11280401, 11280913, 11281425]"
71,71,meta-llama/Llama-3.1-8B,512,4,0,265414618,265414618,1,120753846,48220257,"[121233056, 11771194, 11656522]"
71,143,meta-llama/Llama-3.1-8B,512,4,0,265414618,265414618,1,120753846,48220257,"[121233056, 11771194, 11656522]"
71,215,meta-llama/Llama-3.1-8B,512,4,0,265414618,265414618,1,120753846,48220257,"[121233056, 11771194, 11656522]"
71,287,meta-llama/Llama-3.1-8B,512,4,0,265414618,265414618,1,120753846,48220257,"[121233056, 11771194, 11656522]"
71,359,meta-llama/Llama-3.1-8B,512,4,0,386359723,386359723,120753846,241986902,48124273,"[11771194, 11656522, 120945105]"
71,431,meta-llama/Llama-3.1-8B,512,4,0,386359723,386359723,120753846,241986902,48124273,"[11771194, 11656522, 120945105]"
71,503,meta-llama/Llama-3.1-8B,512,4,0,386359723,386359723,120753846,241986902,48124273,"[11771194, 11656522, 120945105]"
71,575,meta-llama/Llama-3.1-8B,512,4,0,482986531,482986531,241986902,253758096,76409478,"[11656522, 120945105, 96626808]"
71,647,meta-llama/Llama-3.1-8B,512,4,0,530031051,530031051,265414618,386359723,47890442,"[96626808, 34916137, 12128383]"
71,719,meta-llama/Llama-3.1-8B,512,4,0,530031051,530031051,265414618,386359723,47890442,"[96626808, 34916137, 12128383]"
71,791,meta-llama/Llama-3.1-8B,512,4,0,530031051,530031051,265414618,386359723,47890442,"[96626808, 34916137, 12128383]"
71,863,meta-llama/Llama-3.1-8B,512,4,0,625533802,625533802,386359723,482986531,47515757,"[34916137, 12128383, 95502751]"
71,935,meta-llama/Llama-3.1-8B,512,4,0,625533802,625533802,386359723,482986531,47515757,"[34916137, 12128383, 95502751]"
71,1007,meta-llama/Llama-3.1-8B,512,4,0,625533802,625533802,386359723,482986531,47515757,"[34916137, 12128383, 95502751]"
71,1079,meta-llama/Llama-3.1-8B,512,4,0,625533802,625533802,386359723,482986531,47515757,"[34916137, 12128383, 95502751]"
71,1151,meta-llama/Llama-3.1-8B,512,4,0,656128365,656128365,482986531,517902668,46075232,"[12128383, 95502751, 30594563]"
71,1223,meta-llama/Llama-3.1-8B,512,4,0,678746317,678746317,530031051,625533802,17737505,"[30594563, 11314297, 11303655]"
71,1295,meta-llama/Llama-3.1-8B,512,4,0,678746317,678746317,530031051,625533802,17737505,"[30594563, 11314297, 11303655]"
71,1367,meta-llama/Llama-3.1-8B,512,4,0,678746317,678746317,530031051,625533802,17737505,"[30594563, 11314297, 11303655]"
71,1439,meta-llama/Llama-3.1-8B,512,4,0,690037406,690037406,625533802,656128365,11303013,"[11314297, 11303655, 11291089]"
71,1511,meta-llama/Llama-3.1-8B,520,4,3000000000,9234641510,6234641510,37406,6200096588,11514974,"[11513918, 11514974, 11516030]"
71,1583,meta-llama/Llama-3.1-8B,520,4,3000000000,9234641510,6234641510,37406,6200096588,11514974,"[11513918, 11514974, 11516030]"
71,1655,meta-llama/Llama-3.1-8B,520,4,3000000000,9234641510,6234641510,37406,6200096588,11514974,"[11513918, 11514974, 11516030]"
71,1727,meta-llama/Llama-3.1-8B,520,4,3000000000,9234641510,6234641510,37406,6200096588,11514974,"[11513918, 11514974, 11516030]"
71,1799,meta-llama/Llama-3.1-8B,520,4,3000000000,9234641510,6234641510,37406,6200096588,11514974,"[11513918, 11514974, 11516030]"
71,1871,meta-llama/Llama-3.1-8B,520,4,3000000000,9234641510,6234641510,37406,6200096588,11514974,"[11513918, 11514974, 11516030]"
71,1943,meta-llama/Llama-3.1-8B,520,4,3000000000,9234641510,6234641510,37406,6200096588,11514974,"[11513918, 11514974, 11516030]"
71,2015,meta-llama/Llama-3.1-8B,520,4,3000000000,9234641510,6234641510,37406,6200096588,11514974,"[11513918, 11514974, 11516030]"
71,2087,meta-llama/Llama-3.1-8B,520,4,3000000000,15419879270,12419879270,6234641510,12385334348,11514974,"[11513918, 11514974, 11516030]"
71,2159,meta-llama/Llama-3.1-8B,520,4,3000000000,15419879270,12419879270,6234641510,12385334348,11514974,"[11513918, 11514974, 11516030]"
71,2231,meta-llama/Llama-3.1-8B,520,4,3000000000,15419879270,12419879270,6234641510,12385334348,11514974,"[11513918, 11514974, 11516030]"
71,2303,meta-llama/Llama-3.1-8B,520,4,3000000000,15419879270,12419879270,6234641510,12385334348,11514974,"[11513918, 11514974, 11516030]"
71,2375,meta-llama/Llama-3.1-8B,520,4,3000000000,15419879270,12419879270,6234641510,12385334348,11514974,"[11513918, 11514974, 11516030]"
71,2447,meta-llama/Llama-3.1-8B,520,4,3000000000,15419879270,12419879270,6234641510,12385334348,11514974,"[11513918, 11514974, 11516030]"
71,2519,meta-llama/Llama-3.1-8B,520,4,3000000000,15419879270,12419879270,6234641510,12385334348,11514974,"[11513918, 11514974, 11516030]"
71,2591,meta-llama/Llama-3.1-8B,520,4,3000000000,15419879270,12419879270,6234641510,12385334348,11514974,"[11513918, 11514974, 11516030]"
71,2663,meta-llama/Llama-3.1-8B,520,4,3000000000,21602528282,18602528282,12419879270,18568685543,11280913,"[11280401, 11280913, 11281425]"
71,2735,meta-llama/Llama-3.1-8B,520,4,3000000000,21602528282,18602528282,12419879270,18568685543,11280913,"[11280401, 11280913, 11281425]"
71,2807,meta-llama/Llama-3.1-8B,520,4,3000000000,21602528282,18602528282,12419879270,18568685543,11280913,"[11280401, 11280913, 11281425]"
71,2879,meta-llama/Llama-3.1-8B,520,4,3000000000,21602528282,18602528282,12419879270,18568685543,11280913,"[11280401, 11280913, 11281425]"
